GO,AUC,AVG_NODE_DEGREE,DEGREE_NULL_AUC,P_Value,n_genes,namespace,term_name,is_obsolete
GO:0042542,0.9859750099210225,5063.18944746922,0.014516456138979903,3.90602696542301e-26,39,biological_process,response to hydrogen peroxide,False
GO:0051259,0.9688500605421226,5122.947855480425,0.03152471950446425,1.8917622860396423e-23,38,biological_process,protein complex oligomerization,False
GO:0009538,0.9549222214174775,5598.183881103576,0.07523496999849574,9.90861417142466e-09,13,cellular_component,photosystem I reaction center,False
GO:0009522,0.9512963250517599,5648.248589400689,0.08606159420289856,1.6721967334530603e-12,20,cellular_component,photosystem I,False
GO:0010287,0.9365825586542718,5913.214021195804,0.14263914040806472,2.5047669316665365e-09,15,cellular_component,plastoglobule,False
GO:0000302,0.9304731179322356,5444.821280515308,0.0847647858510495,1.2259856301712689e-30,61,biological_process,response to reactive oxygen species,False
GO:0009521,0.9300463605560457,5845.053954347715,0.13869418281717474,2.344452281262811e-32,63,cellular_component,,False
GO:0009768,0.9224005327833634,6049.72410532161,0.175772186774942,4.721287879701753e-15,28,biological_process,"photosynthesis, light harvesting in photosystem I",False
GO:0031428,0.9220202459121927,7382.1788443586365,0.6825330726149091,1.2671115215726467e-06,12,cellular_component,box C/D methylation guide snoRNP complex,False
GO:0009651,0.9166230883268337,5343.319941239299,0.09505056455737657,2.6868249415190514e-21,43,biological_process,response to salt stress,False
GO:0009523,0.9163612834223271,5936.591333392843,0.16426433675269367,1.947678417529667e-21,43,cellular_component,photosystem II,False
GO:0015979,0.9120492999214006,6024.292587145973,0.19047131316978658,8.135263930459313e-63,137,biological_process,photosynthesis,False
GO:0010109,0.9103789880923631,6032.496136382834,0.19285852291938368,7.474845552247255e-10,18,biological_process,,False
GO:0009765,0.908981453108702,6215.444347713493,0.23136124008512285,1.024941880231008e-17,36,biological_process,,False
GO:0030388,0.9087782526803826,5869.312475310944,0.13919425528832222,1.1645750110389837e-08,16,biological_process,"fructose 1,6-bisphosphate metabolic process",False
GO:0009654,0.9037562032740397,5994.35533320887,0.1751610664567451,1.2479587934510097e-13,28,cellular_component,photosystem II oxygen evolving complex,False
GO:0019684,0.9023207467793427,6204.438582663561,0.2432284298689014,2.126411916121053e-34,77,biological_process,,False
GO:0006970,0.9016349267614348,5404.145243989384,0.10648114539221618,5.972845828540936e-21,45,biological_process,response to osmotic stress,False
GO:0005978,0.9010597721127849,6423.60742087394,0.3104963306295867,1.9539807592332403e-06,12,biological_process,glycogen biosynthetic process,False
GO:0170049,0.9003886635766706,7382.1788443586365,0.6825330726149091,8.932589316103513e-07,12,cellular_component,,False
GO:0042548,0.8981596453347866,6164.8629231106615,0.22860660996254217,1.494454541589388e-07,14,biological_process,"regulation of photosynthesis, light reaction",False
GO:0016554,0.8953440187961154,6681.735907671365,0.4240580912316737,3.3527022093583186e-06,11,biological_process,cytidine to uridine editing,False
GO:0010207,0.8932493118933796,6431.66910819835,0.3323813662796714,1.6283958470631202e-07,14,biological_process,photosystem II assembly,False
GO:0022625,0.8905665240318862,6874.753869798848,0.44986959668563437,3.286847713417594e-86,212,cellular_component,cytosolic large ribosomal subunit,False
GO:0022626,0.8888146539725589,6815.3501024563375,0.42778708129416854,1.427558039708906e-131,331,cellular_component,cytosolic ribosome,False
GO:0043467,0.8880800618088753,6164.8629231106615,0.22860660996254217,3.682496291224197e-07,14,biological_process,,False
GO:0009767,0.87777697256645,5956.483088500657,0.18843670521328323,8.904422773393495e-10,21,biological_process,photosynthetic electron transport chain,False
GO:0022627,0.877289553382471,6740.725021060538,0.3976744751757523,2.7860483479230946e-45,117,cellular_component,cytosolic small ribosomal subunit,False
GO:0005732,0.8742174280879865,7463.006942706251,0.716814116509548,1.1885988681078758e-12,30,cellular_component,sno(s)RNA-containing ribonucleoprotein complex,False
GO:0032040,0.8714178954466857,7441.589068386182,0.7055071686653402,7.547329130297789e-23,58,cellular_component,small-subunit processome,False
GO:0044391,0.870223932474791,6796.7367863818,0.42346553651266766,5.0817803925595574e-144,400,cellular_component,,False
GO:0015935,0.8689274255169676,6706.237842579085,0.39036146046602316,9.156502025147529e-53,144,cellular_component,small ribosomal subunit,False
GO:0000470,0.8687647925590904,7291.26732117038,0.6288343747190229,1.4348127943548958e-22,59,biological_process,maturation of LSU-rRNA,False
GO:0034357,0.8657955931475353,6166.708921420593,0.22799784131729123,2.700763500769858e-80,226,cellular_component,,False
GO:0015934,0.8647033229475726,6847.642442270824,0.4438653674248009,1.7573764302537613e-90,256,cellular_component,large ribosomal subunit,False
GO:0045037,0.8624238974836583,6604.579137938652,0.3620717131474103,8.940038314071008e-07,15,biological_process,protein import into chloroplast stroma,False
GO:0015986,0.8594389840024448,6165.709036159179,0.2332671257702066,4.515095746067305e-08,25,biological_process,proton motive force-driven ATP synthesis,False
GO:0042651,0.8583133513643442,6208.035120919851,0.23893343659653613,2.3510701804912708e-70,206,cellular_component,thylakoid membrane,False
GO:0009579,0.8555940583847331,6198.772025016095,0.23854162270521206,4.613206517948156e-94,280,cellular_component,thylakoid,False
GO:0055035,0.853408499687109,6225.142288412596,0.2442409996183102,4.212857594551077e-58,172,cellular_component,,False
GO:0000786,0.8525353464162365,5796.883191215514,0.1630864387639873,1.2538425745330113e-23,68,cellular_component,nucleosome,False
GO:0009535,0.852397546072345,6225.142288412596,0.2442409996183102,8.782964602132196e-58,172,cellular_component,chloroplast thylakoid membrane,False
GO:0000463,0.8512467736836937,7399.022570466199,0.6771679234338747,1.0936189244838304e-10,28,biological_process,"maturation of LSU-rRNA from tricistronic rRNA transcript (SSU-rRNA, 5.8S rRNA, LSU-rRNA)",False
GO:0015995,0.8497832439743033,6273.0952352524055,0.25699979069056017,1.2368319009410016e-07,18,biological_process,chlorophyll biosynthetic process,False
GO:0000028,0.8488969906567672,6833.041540897736,0.4393896907863388,1.4688215535267204e-13,37,biological_process,ribosomal small subunit assembly,False
GO:0031976,0.8480677654132385,6276.9745989867315,0.26066274337201234,1.6810261533144468e-70,219,cellular_component,,False
GO:0009368,0.8474228629846975,5955.554880814448,0.1727075529190159,3.6235606118233123e-07,17,cellular_component,endopeptidase Clp complex,False
GO:0009534,0.8446170897020099,6276.9745989867315,0.26066274337201234,8.674137009537982e-70,219,cellular_component,chloroplast thylakoid,False
GO:0046113,0.8428436921230432,7288.992222690411,0.6256191118217626,1.4180891407221354e-05,13,biological_process,,False
GO:0000154,0.842685610341849,7478.112720611879,0.7142017957127738,7.696924952155887e-15,43,biological_process,,False
GO:0042273,0.8425470808464105,7165.173947300843,0.574697121800719,1.5794564116393011e-41,129,biological_process,ribosomal large subunit biogenesis,False
GO:0048471,0.8424336785188404,5555.682856145905,0.13542551300535224,2.9359435131506105e-05,11,cellular_component,perinuclear region of cytoplasm,False
GO:0072598,0.8411673067169044,6507.437570498817,0.3223641307456744,1.930423615445015e-07,19,biological_process,protein localization to chloroplast,False
GO:0045165,0.8383126916298496,7034.485925117368,0.5360324473093359,4.344139974549842e-05,13,biological_process,cell fate commitment,False
GO:0006826,0.8364472445506553,5706.9951852982085,0.125069947794258,6.77608473695681e-05,11,biological_process,iron ion transport,False
GO:0030684,0.835855763748737,7429.882474584354,0.6988412181163246,4.360655306491048e-37,119,cellular_component,,False
GO:0051056,0.8357396944967567,6878.538663747696,0.43324331036195446,0.00012643314746474694,14,biological_process,,False
GO:0070534,0.8357029034995138,6471.658944059587,0.2959065416692535,2.344985915676749e-05,14,biological_process,protein K63-linked ubiquitination,False
GO:0030686,0.8355291094345767,7432.76890425844,0.6989901611385828,6.869775574618036e-16,47,cellular_component,90S preribosome,False
GO:0009408,0.8348489334721076,5728.468028026667,0.1626487661011297,1.1436031846518272e-34,112,biological_process,response to heat,False
GO:0030091,0.8328319773383871,6540.301859101341,0.3535887593249801,1.7331773797600296e-05,13,biological_process,protein repair,False
GO:0006121,0.8325548555290029,6849.1908165316745,0.4630642729708556,7.303294616424254e-05,11,biological_process,"mitochondrial electron transport, succinate to ubiquinone",False
GO:0045454,0.8315543884579416,6146.049223056527,0.2156175972927242,1.521318006422591e-10,30,biological_process,cell redox homeostasis,False
GO:0015994,0.8311146189110078,6393.673250034507,0.29941066012566914,6.46450727116345e-10,29,biological_process,chlorophyll metabolic process,False
GO:0051053,0.8277576547860522,5966.394070825738,0.2021922993335265,2.1817887197677844e-06,16,biological_process,,False
GO:0042255,0.826892503016957,6966.810743908323,0.49468522561863176,2.1620109451331445e-24,80,biological_process,,False
GO:0045910,0.8260141987829615,5966.394070825738,0.2021922993335265,2.439990698123734e-06,16,biological_process,negative regulation of DNA recombination,False
GO:0046184,0.8259618302709265,6365.128590873132,0.2820888856701429,9.51842745592855e-05,12,biological_process,,False
GO:0034715,0.8245865024749488,6770.317798083873,0.39561511529639015,8.078066217898487e-06,15,cellular_component,pICln-Sm protein complex,False
GO:0005687,0.8231982448151675,6477.400297517954,0.2860629165459287,9.328240280002368e-06,16,cellular_component,U4 snRNP,False
GO:0005854,0.8214504129191268,7154.642245824386,0.567678157589803,0.00013078818668843038,12,cellular_component,nascent polypeptide-associated complex,False
GO:0006979,0.8209574006596121,5900.839293008576,0.19618760576269045,4.929800764143423e-34,119,biological_process,response to oxidative stress,False
GO:0000027,0.8201335977876142,7078.008395158905,0.5421622858673871,2.357370864396035e-12,39,biological_process,ribosomal large subunit assembly,False
GO:0031167,0.8154002744677823,7427.89908291262,0.68933512360635,1.7491759446343843e-09,29,biological_process,rRNA methylation,False
GO:0046470,0.8151885545930319,7050.342366914239,0.5357914519861412,1.2067856144810821e-05,17,biological_process,phosphatidylcholine metabolic process,False
GO:0034599,0.8147941513252857,6175.713113744193,0.2265961457785708,1.403041665603808e-12,41,biological_process,cellular response to oxidative stress,False
GO:0008250,0.8143895797282252,7311.396045112579,0.6462972353012194,9.954744059644193e-05,15,cellular_component,oligosaccharyltransferase complex,False
GO:0016109,0.8142575107774848,6082.756247697423,0.20696757077529934,1.788019170122741e-08,27,biological_process,,False
GO:0016117,0.8142575107774848,6082.756247697423,0.20696757077529934,1.788019170122741e-08,27,biological_process,carotenoid biosynthetic process,False
GO:0005744,0.8122226937434878,6866.402346184754,0.45513935178476544,2.2164410513442833e-06,18,cellular_component,TIM23 mitochondrial import inner membrane translocase complex,False
GO:0006656,0.8116650976416347,7148.404532920889,0.5883712203503644,0.0002317071635048116,11,biological_process,phosphatidylcholine biosynthetic process,False
GO:0070475,0.8106835218268343,7323.569364182085,0.6391183242364231,2.875745056129974e-06,18,biological_process,rRNA base methylation,False
GO:0042170,0.8094300970045177,6367.169743732762,0.29379988776204574,7.883055267125628e-62,242,cellular_component,,False
GO:1901259,0.808809685468376,6396.100852607785,0.28875653537164414,1.6303787860143523e-09,29,biological_process,chloroplast rRNA processing,False
GO:0005839,0.8074966609372444,6530.482376137608,0.3025045140904108,1.2238348824407824e-10,36,cellular_component,proteasome core complex,False
GO:0009266,0.8074437068567312,5834.539173655152,0.18735879186503132,4.753878964096881e-33,127,biological_process,,False
GO:0062197,0.8072005286244345,6175.713113744193,0.2265961457785708,7.171487661801524e-12,41,biological_process,,False
GO:0006611,0.8066651144340388,7225.476760081943,0.6033949052275746,3.5940825542279344e-05,15,biological_process,protein export from nucleus,False
GO:0006754,0.8064875894379337,6165.709036159179,0.2332671257702066,4.048552377118383e-08,25,biological_process,,False
GO:0006801,0.8062842620483371,6307.985713988959,0.2644125711714254,3.2963454078682356e-06,19,biological_process,superoxide metabolic process,False
GO:1900864,0.8059014911572513,7162.975726533673,0.6074280700059573,3.6306408456354486e-06,18,biological_process,,False
GO:0080156,0.8059014911572512,7162.975726533673,0.6074280700059573,3.6306408456354486e-06,18,biological_process,mitochondrial mRNA modification,False
GO:0042430,0.8038187655393826,7036.424973266268,0.5319192358080039,0.00026020657650950113,11,biological_process,,False
GO:0042435,0.8038187655393824,7036.424973266268,0.5319192358080039,0.00026020657650950113,11,biological_process,,False
GO:0046219,0.8038187655393824,7036.424973266268,0.5319192358080039,0.00026020657650950113,11,biological_process,,False
GO:0072596,0.8031623993617175,6647.385570541856,0.3781186053616604,3.397930161166607e-09,33,biological_process,,False
GO:0000162,0.802160024460698,7036.424973266268,0.5319192358080039,0.00028450173335594476,11,biological_process,L-tryptophan biosynthetic process,False
GO:0048511,0.8020205680784068,6315.304291132062,0.3130327638963732,3.117363964935413e-06,23,biological_process,,False
GO:0019682,0.8013449593884376,6318.749994040385,0.2980036231884058,5.187369207417657e-05,20,biological_process,,False
GO:0071025,0.8005051968858939,7430.567685980332,0.7018255732803496,4.80080759125025e-06,19,biological_process,RNA surveillance,False
GO:0006414,0.7982608150415996,6625.45276250416,0.39412475646402273,7.308701110301469e-15,55,biological_process,translational elongation,False
GO:0090576,0.7954094732182382,7134.051765323388,0.564336593021852,4.1368059643165055e-05,15,cellular_component,,False
GO:0030687,0.7953938778470913,7481.165469572298,0.7113546564716122,9.600705554515776e-10,34,cellular_component,"preribosome, large subunit precursor",False
GO:0033014,0.7931076339672245,6693.607835197741,0.40498639528790853,1.7873984411498163e-12,46,biological_process,tetrapyrrole biosynthetic process,False
GO:0042254,0.7919301570740331,7101.651147525698,0.5567306992670609,1.0036882038440127e-92,411,biological_process,ribosome biogenesis,False
GO:0098542,0.7917573569747484,6812.462779933008,0.4388222048902578,2.7315112217906467e-16,66,biological_process,defense response to other organism,False
GO:0034475,0.7916213997730619,7424.5439452261735,0.6999292443632271,9.49991729310578e-05,13,biological_process,U4 snRNA 3'-end processing,False
GO:0071027,0.7912007856585123,7466.658027240657,0.7197966341502913,1.8880479086076548e-05,17,biological_process,,False
GO:0009082,0.7902723453570911,6734.063626869468,0.44280954450445975,9.807484902660894e-05,14,biological_process,branched-chain amino acid biosynthetic process,False
GO:1990204,0.7889428306438572,6255.1322402103915,0.2579889863148002,1.7981214000647496e-14,59,cellular_component,,False
GO:0050821,0.7887371694272245,6001.85847964171,0.20251038948487485,6.174934703329722e-07,24,biological_process,protein stabilization,False
GO:0018107,0.7886914249832668,7118.207778923679,0.5421557262232527,9.769929946928056e-06,18,biological_process,peptidyl-threonine phosphorylation,False
GO:0046839,0.7882188253001651,6974.532947898604,0.5224400798563478,1.6718251826159985e-07,26,biological_process,,False
GO:0046856,0.7882188253001651,6974.532947898604,0.5224400798563478,1.6718251826159985e-07,26,biological_process,phosphatidylinositol dephosphorylation,False
GO:0072593,0.7881676246711061,6208.463700167744,0.2548888888888889,7.903785001834419e-13,50,biological_process,,False
GO:0006364,0.7879674965470503,7150.229828327619,0.5812438641323765,9.410188771322171e-63,282,biological_process,rRNA processing,False
GO:0006779,0.7863964708762271,6670.465375190765,0.39898723735765185,7.137675295077224e-10,38,biological_process,porphyrin-containing compound biosynthetic process,False
GO:0016072,0.784779843687912,7166.0769547589225,0.5873419726292397,2.5779892417861622e-64,296,biological_process,,False
GO:0000018,0.7842583200502343,6125.416519018584,0.25655702072163455,5.177500511634622e-05,18,biological_process,,False
GO:0005688,0.7841398628416885,6440.862537539392,0.28759779773978555,4.092748746971122e-05,16,cellular_component,U6 snRNP,False
GO:0043414,0.7839248650892486,7378.865625343214,0.6750810623724861,2.729613328276448e-22,96,biological_process,,False
GO:0018022,0.7836620477661903,7192.242308158934,0.5925007242178447,0.0003435742505618966,12,biological_process,,False
GO:0018026,0.7836620477661902,7192.242308158934,0.5925007242178447,0.00034357425056189597,12,biological_process,peptidyl-lysine monomethylation,False
GO:0009295,0.783629162742399,7197.6527512887105,0.6039181593089311,1.94211849108641e-05,17,cellular_component,,False
GO:0000177,0.7831656800651295,7545.838577242568,0.7433669588525065,5.13825517523593e-05,16,cellular_component,cytoplasmic exosome (RNase complex),False
GO:0002181,0.7829692736288335,6911.899133356695,0.46870761080024353,4.1950766501315495e-25,113,biological_process,cytoplasmic translation,False
GO:0000813,0.7814903323919182,6290.107126242979,0.24692723454400622,0.0008520438274228034,11,cellular_component,ESCRT I complex,False
GO:0006047,0.7814337332914866,6916.783189062587,0.479556078020625,0.0008396642298538926,13,biological_process,UDP-N-acetylglucosamine metabolic process,False
GO:0009637,0.781413863330838,6124.041729750192,0.2457990803363293,2.9977224253278698e-05,17,biological_process,response to blue light,False
GO:0009532,0.780905310690414,6473.73979085446,0.34185098379888296,1.1427745956095303e-30,139,cellular_component,,False
GO:0009570,0.780782524591257,6479.184934066442,0.3446671265052111,5.527238168936379e-30,137,cellular_component,chloroplast stroma,False
GO:0016116,0.7806989871153335,6176.874896414981,0.2423296737230939,3.1734916180747427e-08,31,biological_process,carotenoid metabolic process,False
GO:0009206,0.7804991457950553,6361.526618842091,0.29949276544821585,2.531168798533097e-08,32,biological_process,,False
GO:0033013,0.7802639985975741,6673.802990097428,0.39795357754263594,5.557353681694467e-14,57,biological_process,,False
GO:0009526,0.779852997715726,6461.284750576184,0.3268308812197003,1.3795506651961274e-62,297,cellular_component,,False
GO:0006778,0.7796157757117954,6630.857452824502,0.38313061502704154,3.3318412662308746e-12,52,biological_process,,False
GO:0019319,0.7792955335355858,6297.200546105301,0.2782551972546016,1.1695048883031026e-06,23,biological_process,,False
GO:0001510,0.7790354875545714,7383.420029962766,0.6772474344993429,4.451791864647777e-15,65,biological_process,RNA methylation,False
GO:0046364,0.7784523867059753,6373.685407567742,0.3020320986828164,5.321190352152629e-07,26,biological_process,monosaccharide biosynthetic process,False
GO:0009145,0.7784433376796301,6361.526618842091,0.29949276544821585,2.3517488382890495e-08,32,biological_process,,False
GO:0006112,0.7778548480048588,6609.601396025721,0.39127403987176435,5.179737928679471e-06,21,biological_process,,False
GO:0006515,0.777752808988764,6131.6339627046145,0.22877274374773468,1.9636449739897624e-06,25,biological_process,protein quality control for misfolded or incompletely synthesized proteins,False
GO:0042274,0.7776128283092136,6987.504659473473,0.5085778644216234,1.1248227357060698e-24,118,biological_process,ribosomal small subunit biogenesis,False
GO:0009909,0.7774092313634609,6104.033826182058,0.23593810351487063,0.0005301478488223912,12,biological_process,regulation of flower development,False
GO:1902223,0.7773353273787963,7150.006772851653,0.5762472778722443,2.7216183525905253e-05,17,biological_process,,False
GO:0005682,0.7772660326665402,6599.96999284673,0.3257789054005074,1.0266516461339678e-06,25,cellular_component,U5 snRNP,False
GO:0006952,0.7766177319449662,6861.440859319229,0.45528451076858745,1.6240913625593115e-44,213,biological_process,defense response,False
GO:0016607,0.7762646760400059,7518.676017025063,0.7185922861020702,1.205391880336985e-05,22,cellular_component,nuclear speck,False
GO:0071215,0.7761142553639114,6650.369685145993,0.36422439008083973,0.0007704375836193035,13,biological_process,,False
GO:0000054,0.7758675630468644,7388.5336790183,0.6636765539142695,4.7971440120172974e-06,22,biological_process,ribosomal subunit export from nucleus,False
GO:0007623,0.7758538107164621,6315.304291132062,0.3130327638963732,1.8082570749399e-06,23,biological_process,circadian rhythm,False
GO:0009079,0.772637068153835,6674.271462719784,0.4191185073346296,0.00039150675669254105,13,biological_process,,False
GO:0006189,0.7720380372922747,7145.231693992129,0.5722822375364748,0.00020395726990246239,14,biological_process,'de novo' IMP biosynthetic process,False
GO:0042168,0.770795099649055,6945.945506794124,0.5004663503332367,0.0001503170073231205,16,biological_process,,False
GO:0071483,0.7707925931290891,6081.592399886131,0.23109793805817563,0.0005226936065484114,13,biological_process,,False
GO:0000176,0.769641922522566,7541.787626354584,0.7445915680570365,1.514599225759464e-05,21,cellular_component,nuclear exosome (RNase complex),False
GO:0005852,0.7694868820059163,7051.382714601215,0.5235548421134223,5.330649480691404e-07,29,cellular_component,eukaryotic translation initiation factor 3 complex,False
GO:0000972,0.7688479129157094,7133.026600426826,0.5429316446265599,0.002471956133441653,14,biological_process,transcription-dependent tethering of RNA polymerase II gene DNA at nuclear periphery,False
GO:0009073,0.767632468709961,7170.72689071346,0.5893957793918841,6.015320478603157e-09,38,biological_process,aromatic amino acid biosynthetic process,False
GO:0031647,0.7671103974584758,6234.7544056571705,0.27638385303359925,3.383543554535193e-07,30,biological_process,regulation of protein stability,False
GO:0009668,0.7664892314881439,6401.192460093369,0.3246820140071361,2.2710193541710313e-06,29,biological_process,plastid membrane organization,False
GO:0051707,0.7662751731855604,6807.944387375595,0.43118364052430697,8.513519022092567e-24,119,biological_process,,False
GO:0071035,0.765956881774945,7453.470894190814,0.7153617730136888,0.0004881741272850704,13,biological_process,nuclear polyadenylation-dependent rRNA catabolic process,False
GO:0071038,0.765956881774945,7453.470894190814,0.7153617730136888,0.0004881741272850704,13,biological_process,TRAMP-dependent tRNA surveillance pathway,False
GO:0033750,0.7659497517991504,7388.5336790183,0.6636765539142695,2.1880354360348675e-05,22,biological_process,,False
GO:0009607,0.7658728944070109,6807.944387375595,0.43118364052430697,6.653446100897388e-24,119,biological_process,,False
GO:0046488,0.765566293548527,7004.579886372219,0.5337345902828137,1.2046531515600583e-07,30,biological_process,,False
GO:0016272,0.7653645527939313,6438.6803999670665,0.274782185799135,0.00028758730386730443,14,cellular_component,prefoldin complex,False
GO:0007032,0.7647307311656649,6959.6162310385,0.5276071600208033,0.0032850298977349854,11,biological_process,endosome organization,False
GO:0042440,0.7635952984032862,6383.257006178772,0.3051714396466078,6.7423390424179604e-15,73,biological_process,,False
GO:0006783,0.7629523671567563,7100.6949873491085,0.5613874790379462,0.000861923307651506,13,biological_process,heme biosynthetic process,False
GO:0006094,0.7629479493471666,6297.200546105301,0.2782551972546016,2.045188215037802e-06,23,biological_process,gluconeogenesis,False
GO:0120252,0.7617688651586957,6078.924923904009,0.1967984934086629,0.0010485425444133937,14,biological_process,,False
GO:0043101,0.7614116832846461,7426.347559097859,0.6852098433904764,0.00235456485188543,13,biological_process,,False
GO:0043207,0.7596959208234807,6807.944387375595,0.43118364052430697,4.490187188344769e-23,119,biological_process,,False
GO:0044419,0.7596959208234805,6807.944387375595,0.43118364052430697,4.490187188344769e-23,119,biological_process,,False
GO:0016556,0.7592269194298916,7042.675681712878,0.5524059441826749,5.009187416198274e-06,25,biological_process,,False
GO:0031968,0.7589172291229013,6442.341611144596,0.3216960981367369,2.6604837716425677e-47,261,cellular_component,,False
GO:1901991,0.7588034223422963,7231.321569891178,0.6152033224137076,4.9146630553460066e-05,19,biological_process,,False
GO:0016482,0.7580003615878543,7298.039356765439,0.6511535113174696,6.767347237516335e-08,36,biological_process,,False
GO:0048831,0.7577624082657396,6104.033826182058,0.23593810351487063,0.0008352654823232917,12,biological_process,,False
GO:0045116,0.7577067941474721,7353.399933368383,0.6587767223360445,0.0005204271506378704,14,biological_process,protein neddylation,False
GO:0030422,0.7573777616805506,7429.953843647464,0.7041844742243148,0.0002778787631464863,15,biological_process,siRNA processing,False
GO:0006623,0.7571408442604094,6946.754655982358,0.47708333333333336,3.2845496526994496e-05,20,biological_process,protein targeting to vacuole,False
GO:0018195,0.7567775915233542,7559.781937212945,0.7503932037830342,0.003296900793449328,14,biological_process,,False
GO:0018216,0.7567775915233542,7559.781937212945,0.7503932037830342,0.003296900793449328,14,biological_process,peptidyl-arginine methylation,False
GO:0046148,0.7567648292951774,6386.0810304277475,0.3073817542815144,1.1963017218652016e-12,63,biological_process,pigment biosynthetic process,False
GO:0009902,0.7562131749251425,6683.79449464155,0.3928163937988989,0.0005018756447390218,16,biological_process,,False
GO:0009904,0.7562131749251425,6683.79449464155,0.3928163937988989,0.0005018756447390228,16,biological_process,chloroplast accumulation movement,False
GO:0009903,0.7562131749251425,6683.79449464155,0.3928163937988989,0.0005018756447390228,16,biological_process,chloroplast avoidance movement,False
GO:0051644,0.7562131749251425,6683.79449464155,0.3928163937988989,0.0005018756447390228,16,biological_process,,False
GO:0051667,0.7562131749251425,6683.79449464155,0.3928163937988989,0.0005018756447390228,16,biological_process,,False
GO:0019750,0.7562131749251425,6683.79449464155,0.3928163937988989,0.0005018756447390218,16,biological_process,,False
GO:0010015,0.7559635020638714,6968.7997084132085,0.4965602143529582,0.001961449338679991,11,biological_process,,False
GO:0008037,0.755464987415977,6991.368976757286,0.527540808407915,1.7387214917003714e-06,27,biological_process,,False
GO:0048544,0.755464987415977,6991.368976757286,0.527540808407915,1.7387214917003625e-06,27,biological_process,recognition of pollen,False
GO:0042743,0.7547958920556642,6147.466336857964,0.2497221955789912,3.025603642670142e-07,31,biological_process,,False
GO:0042744,0.7547958920556642,6147.466336857964,0.2497221955789912,3.025603642670142e-07,31,biological_process,hydrogen peroxide catabolic process,False
GO:0016180,0.7545658506951636,7401.4789290703875,0.6842683869720692,9.237254795758555e-06,24,biological_process,snRNA processing,False
GO:0050832,0.7540254943172849,6643.941510117037,0.3571996468667868,4.332743693585656e-09,43,biological_process,defense response to fungus,False
GO:0009620,0.7538006544357709,6643.941510117037,0.3571996468667868,5.53037283333752e-09,43,biological_process,,False
GO:0022900,0.7537739380569978,6330.427823361622,0.2888287583050159,9.291112276202338e-20,103,biological_process,electron transport chain,False
GO:0005905,0.7536595448822744,6995.239858609087,0.5134228928153883,2.3258026185500383e-05,23,cellular_component,clathrin-coated pit,False
GO:0030865,0.7532819866539616,7111.895884324227,0.5725136453654059,0.0003664467657693614,18,biological_process,cortical cytoskeleton organization,False
GO:0042026,0.753281150313296,6164.895835092994,0.2791264077818029,2.9255297117432242e-08,39,biological_process,protein refolding,False
GO:0030261,0.7523274827172247,5964.244731413368,0.20492701390901188,0.00028997021206858125,16,biological_process,chromosome condensation,False
GO:0140168,0.7522441517440068,7558.496853996195,0.7371248912728326,1.2052532271743404e-05,24,cellular_component,,False
GO:0019867,0.7518842784428292,6465.458632450877,0.3300591816294165,3.847301267727524e-46,269,cellular_component,outer membrane,False
GO:0010027,0.7514275092031926,6487.5989882681215,0.3470332508975299,4.993821257326315e-06,27,biological_process,thylakoid membrane organization,False
GO:0005977,0.7506952232946871,6609.601396025721,0.39127403987176435,5.017116885694977e-05,21,biological_process,glycogen metabolic process,False
GO:0043484,0.749224381559158,7426.260146265731,0.6931322347866324,5.460023458081428e-11,57,biological_process,regulation of RNA splicing,False
GO:0009152,0.749217916790073,6680.988655444009,0.4082285050026986,6.392355338652864e-11,56,biological_process,,False
GO:0043144,0.748339440108749,7507.144699915532,0.7369181600090164,0.00014479426536319993,18,biological_process,,False
GO:0009451,0.7473531573300137,7278.759974836205,0.6385978737496556,2.905661291772704e-31,182,biological_process,RNA modification,False
GO:0030688,0.7472437569434381,7531.99421187932,0.7508774895747798,0.0001745795843845442,18,cellular_component,"preribosome, small subunit precursor",False
GO:0035459,0.7470400492999364,7368.19131762878,0.6701123735022041,0.003685495068486295,14,biological_process,,False
GO:0090110,0.7470400492999364,7368.19131762878,0.6701123735022041,0.003685495068486295,14,biological_process,COPII-coated vesicle cargo loading,False
GO:0005730,0.7464178194900178,7208.748575495971,0.6084822338520676,1.6529688634997843e-44,269,cellular_component,nucleolus,False
GO:0032012,0.7460432423856773,6885.9613365524965,0.43741468931589883,0.005951688827974428,13,biological_process,regulation of ARF protein signal transduction,False
GO:0006120,0.7455436461954422,6628.265389851654,0.3362362398609502,0.0016205803663812688,12,biological_process,"mitochondrial electron transport, NADH to ubiquinone",False
GO:0032806,0.7453323186199898,7572.672866827434,0.733338375387214,1.8275348354042922e-05,23,cellular_component,,False
GO:0019773,0.7452720003865014,6701.106421325843,0.35894595536598584,6.371938964476722e-05,21,cellular_component,"proteasome core complex, alpha-subunit complex",False
GO:0006418,0.7452668864171145,7093.235695351573,0.5454992312259881,9.407159583818302e-14,74,biological_process,,False
GO:0009657,0.7451601101399841,6645.583899911645,0.3906852643063366,1.6647084725674956e-20,118,biological_process,plastid organization,False
GO:0032259,0.7449655209408661,7291.711306348854,0.6436590898275779,5.104937864157777e-20,115,biological_process,methylation,False
GO:0101031,0.7446016679260646,6794.230509431788,0.4045359031954206,0.0001070148506720554,19,cellular_component,protein folding chaperone complex,False
GO:0046540,0.7443145523824014,6599.890727064923,0.3374427140576074,3.260717441996997e-08,42,cellular_component,U4/U6 x U5 tri-snRNP complex,False
GO:0006896,0.7441599671664133,7210.077000946402,0.5996345220651732,0.001287328972051474,13,biological_process,Golgi to vacuole transport,False
GO:0006301,0.7438035891119,6709.692013523725,0.39788497401027384,0.00305928118570759,19,biological_process,DNA damage tolerance,False
GO:0007018,0.7428603690798813,7354.463143056856,0.6641903574068209,1.2396815507562462e-08,44,biological_process,microtubule-based movement,False
GO:0009658,0.7426041219523261,6744.5637359388365,0.4242162550248746,3.086802661249051e-15,86,biological_process,chloroplast organization,False
GO:0006081,0.741961395607002,6515.493058818319,0.3444052287581699,7.768903280847712e-09,50,biological_process,aldehyde metabolic process,False
GO:0097526,0.740179926470249,6558.894880788459,0.32121320629385147,1.4270338194197045e-10,56,cellular_component,spliceosomal tri-snRNP complex,False
GO:0006448,0.7398108204104293,6150.715765867021,0.23553150448653382,0.0042044038726148595,11,biological_process,,False
GO:0043039,0.7397144407041073,7072.0766077667495,0.5357709287268303,1.2115331753369429e-13,78,biological_process,,False
GO:0009640,0.7396649566867731,6837.6496875780485,0.4583290003182796,3.994015419212635e-05,23,biological_process,photomorphogenesis,False
GO:0048026,0.7395537525354969,7555.328199041886,0.7589512097942626,0.0003980222902997672,16,biological_process,"positive regulation of mRNA splicing, via spliceosome",False
GO:0050685,0.7395537525354969,7555.328199041886,0.7589512097942626,0.0003980222902997672,16,biological_process,,False
GO:0032993,0.738961530250898,6118.439049153272,0.25697418467265515,3.107564389431416e-15,90,cellular_component,protein-DNA complex,False
GO:0045930,0.7386825385321544,7216.513609769963,0.6067282478356547,0.00013641094363540837,22,biological_process,,False
GO:0006835,0.7384145262005922,6749.6922255346435,0.4205050212437234,0.005666702487343163,12,biological_process,,False
GO:0042401,0.7383069319681894,6961.497651780405,0.5014669660967835,0.000474986522525462,16,biological_process,,False
GO:0046036,0.7379900540749325,7439.982879693368,0.7067400540749323,0.002898155758176962,12,biological_process,,False
GO:0016074,0.7378613175454213,7507.144699915532,0.7369181600090164,0.0001929134394385268,18,biological_process,,False
GO:0000491,0.7377205687112269,7246.205106338063,0.6136840927195044,0.0015488962561507052,11,biological_process,,False
GO:0019908,0.7376292460006311,7572.672866827434,0.733338375387214,3.985611074872838e-05,23,cellular_component,,False
GO:0071108,0.7367266962791296,7253.168788226157,0.6154403244495944,0.003529429558745404,12,biological_process,protein K48-linked deubiquitination,False
GO:0090158,0.7364476694235407,7123.523274619503,0.5562716660501337,0.00017592442326765453,19,biological_process,endoplasmic reticulum membrane organization,False
GO:0051445,0.735940065681445,7205.010699646297,0.5821048246884961,0.0003413832330865122,16,biological_process,regulation of meiotic cell cycle,False
GO:0006360,0.7359241685179819,7100.634347885954,0.5668737322515213,0.0010813408249427297,16,biological_process,transcription by RNA polymerase I,False
GO:0015918,0.7357256662804171,7059.27609290847,0.5370135670142913,0.0027722144993135027,12,biological_process,sterol transport,False
GO:0042147,0.7356874795403844,7297.321980165937,0.6527119310901135,1.2446809111273605e-06,33,biological_process,"retrograde transport, endosome to Golgi",False
GO:0016125,0.7354829266831008,7246.170852955273,0.6170985168329649,1.4861510300949903e-08,47,biological_process,sterol metabolic process,False
GO:0036452,0.7350545411839478,6513.080283727341,0.31745974176701003,2.193995497115107e-06,34,cellular_component,,False
GO:0016471,0.7350492977584611,7228.405585419591,0.6276421586381746,0.0007522536246576361,15,cellular_component,vacuolar proton-transporting V-type ATPase complex,False
GO:0009072,0.7349464608538451,7150.89836012523,0.5836518326741051,4.457514098592941e-09,49,biological_process,,False
GO:0080120,0.7347889251076501,6430.640845346578,0.33992997706145117,0.0007192772953169376,15,biological_process,,False
GO:0071586,0.7347889251076501,6430.640845346578,0.33992997706145117,0.0007192772953169362,15,biological_process,CAAX-box protein processing,False
GO:0097305,0.7344201188653691,6752.635498616742,0.43184191443074693,7.320691400736619e-06,30,biological_process,,False
GO:0009148,0.733969081705737,7457.329000478736,0.715952331871793,0.0019305543141539309,13,biological_process,,False
GO:0009147,0.7339690817057369,7457.329000478736,0.715952331871793,0.0019305543141539309,13,biological_process,,False
GO:0016119,0.7337835554268057,6123.279448793968,0.2100231749710313,0.0025166496629744108,12,biological_process,carotene metabolic process,False
GO:0006048,0.7337002438023511,6949.5927440566675,0.48532906734079884,0.018452430883832163,11,biological_process,UDP-N-acetylglucosamine biosynthetic process,False
GO:0046349,0.7337002438023511,6949.5927440566675,0.48532906734079884,0.018452430883832163,11,biological_process,,False
GO:0043038,0.7332772220222061,7079.65413741058,0.53950157479372,3.846351360657697e-13,79,biological_process,,False
GO:0104004,0.7329801815298551,6411.448445567968,0.3280831520425429,9.517358500621029e-06,30,biological_process,,False
GO:0030490,0.7326980656485268,7032.304660476992,0.5312833381825235,7.284201853692103e-12,72,biological_process,maturation of SSU-rRNA,False
GO:0010411,0.7319146032282763,7485.324491977772,0.7098417734794199,0.00021507419622294465,19,biological_process,xyloglucan metabolic process,False
GO:0033962,0.731769494504079,6705.668770816964,0.385078884443919,0.0002148309258758138,19,biological_process,P-body assembly,False
GO:0005736,0.7313191105319828,6849.905458885067,0.48180921498372364,0.000139078701850245,23,cellular_component,RNA polymerase I complex,False
GO:0071482,0.7312861513369128,6411.448445567968,0.3280831520425429,5.508975077830028e-06,30,biological_process,cellular response to light stimulus,False
GO:0071478,0.7312861513369127,6411.448445567968,0.3280831520425429,5.508975077830028e-06,30,biological_process,,False
GO:0071214,0.7312861513369127,6411.448445567968,0.3280831520425429,5.508975077830028e-06,30,biological_process,,False
GO:0009742,0.7312227922823661,7366.819503346114,0.6657947792170144,0.0016893502687863695,22,biological_process,brassinosteroid mediated signaling pathway,False
GO:0009741,0.7312227922823661,7366.819503346114,0.6657947792170144,0.0016893502687863695,22,biological_process,,False
GO:0006399,0.7311622225484582,7177.402279974622,0.5901931583185959,2.502339345607321e-32,218,biological_process,tRNA metabolic process,False
GO:0019856,0.7301406102775966,7621.165125957047,0.7753922560354961,8.253763336555259e-05,23,biological_process,pyrimidine nucleobase biosynthetic process,False
GO:0097306,0.7300911890793834,6650.369685145993,0.36422439008083973,0.004624364930507179,13,biological_process,,False
GO:0006006,0.7291162349713548,6485.2665237386755,0.3631416122004357,9.991294088296631e-09,50,biological_process,glucose metabolic process,False
GO:0009773,0.7288362183433524,5891.61258500498,0.1875080087580993,2.3187352395123824e-05,13,biological_process,photosynthetic electron transport in photosystem I,False
GO:0034472,0.7286897603350547,7374.605274858429,0.6749427873735888,0.0005222664255383608,17,biological_process,snRNA 3'-end processing,False
GO:0005761,0.728231375774774,6843.352645568874,0.4550750333519966,1.5232160661244337e-07,42,cellular_component,mitochondrial ribosome,False
GO:0030118,0.728062978023042,7281.163620830693,0.6197644375060509,6.124170408376105e-08,48,cellular_component,,False
GO:0000178,0.7273915086958723,7478.108991855696,0.7237907122837537,6.812172662958226e-05,24,cellular_component,exosome (RNase complex),False
GO:0180046,0.7266006946047575,7359.808514078812,0.6603002915852078,8.878913715751117e-07,37,biological_process,,False
GO:0017004,0.726371583116005,6700.165334297508,0.4408731164879745,0.0014743227316624892,16,biological_process,cytochrome complex assembly,False
GO:0030488,0.7261636068077771,7204.001216345361,0.5990931290126184,4.979129029704243e-06,33,biological_process,tRNA methylation,False
GO:0090630,0.7258898230017232,7241.558495231687,0.6206301308490032,0.00028528408090685507,22,biological_process,activation of GTPase activity,False
GO:0006457,0.7258062789340718,6256.31083450849,0.3013159813058334,3.7399678866978105e-34,243,biological_process,protein folding,False
GO:0009628,0.7248679912477695,6250.7141997506005,0.2919376450728002,1.605222850511864e-38,280,biological_process,,False
GO:0006075,0.7245079886436212,7104.793318374236,0.5468450627123284,0.0001907019561441575,18,biological_process,(1->3)-beta-D-glucan biosynthetic process,False
GO:0000148,0.7245079886436212,7104.793318374236,0.5468450627123284,0.0001907019561441575,18,cellular_component,"1,3-beta-D-glucan synthase complex",False
GO:0006074,0.7245079886436212,7104.793318374236,0.5468450627123284,0.0001907019561441575,18,biological_process,,False
GO:0000266,0.7235681578587352,7392.9059830747765,0.684947991821317,0.004874192608023811,13,biological_process,mitochondrial fission,False
GO:0009738,0.7234333631088901,6650.369685145993,0.36422439008083973,0.0022785150746896152,13,biological_process,abscisic acid-activated signaling pathway,False
GO:0016114,0.7233439608039284,6302.040807210345,0.2911023401725131,3.9025816777310994e-09,54,biological_process,terpenoid biosynthetic process,False
GO:0008652,0.7232667742855773,7089.52052745308,0.5601290166121013,2.71528007421517e-11,75,biological_process,amino acid biosynthetic process,False
GO:0031126,0.7228535092197799,7544.1202732091915,0.7546861416980586,0.0009828440800715773,16,biological_process,,False
GO:0005832,0.7218680832226649,6922.315437968246,0.454955933840396,0.001007986615786678,15,cellular_component,chaperonin-containing T-complex,False
GO:0000815,0.7211379168779734,6544.044704140571,0.32881598629453956,0.00074371840298375,17,cellular_component,ESCRT III complex,False
GO:0000077,0.7210899463235235,7245.136001051784,0.6234351583087732,0.003212073208501923,13,biological_process,DNA damage checkpoint signaling,False
GO:0071011,0.7209950541939789,6642.670909293183,0.36771261468842115,5.258124539851246e-09,56,cellular_component,precatalytic spliceosome,False
GO:0046040,0.720661609573046,7113.356755291834,0.5549124379027264,0.0001688214264220523,22,biological_process,IMP metabolic process,False
GO:0006109,0.7199746468670772,6393.446021207585,0.2924495955571653,0.002647019212318821,15,biological_process,,False
GO:0005675,0.7198639784297155,7461.127372913663,0.6937583001328022,0.0019613600353840413,15,cellular_component,transcription factor TFIIH holo complex,False
GO:0000272,0.71982451959606,6701.872768476128,0.4248350014505367,5.5258634318799884e-05,32,biological_process,polysaccharide catabolic process,False
GO:0030981,0.7192361865668638,7243.996773063407,0.6342629482071713,0.004561991047733886,15,cellular_component,,False
GO:0030119,0.7188023768231728,7272.630842701299,0.6158126481830938,1.6384906206593621e-06,42,cellular_component,AP-type membrane coat adaptor complex,False
GO:0032543,0.718564036669361,6788.597499027359,0.45481349365511475,4.33864750426592e-06,34,biological_process,mitochondrial translation,False
GO:0007029,0.7181183022566834,6974.460614010436,0.5002697091673919,8.9650734965176e-06,32,biological_process,endoplasmic reticulum organization,False
GO:0000462,0.7180792211348751,7045.803508106697,0.5384385109791502,6.53323605329163e-08,49,biological_process,"maturation of SSU-rRNA from tricistronic rRNA transcript (SSU-rRNA, 5.8S rRNA, LSU-rRNA)",False
GO:1901988,0.717341847054724,7284.238833433863,0.6384627734504474,5.574205372616168e-05,28,biological_process,,False
GO:0000313,0.7172960343957585,6843.352645568874,0.4550750333519966,5.423071431217038e-07,42,cellular_component,,False
GO:0170038,0.7166372969352722,7096.915153000848,0.5599556557138703,9.75378312296019e-10,64,biological_process,,False
GO:0016553,0.7164338436524035,6816.54748403365,0.4677674949290061,0.006174536630472396,16,biological_process,,False
GO:0009309,0.7164031129693257,6961.497651780405,0.5014669660967835,0.0013670997245684307,16,biological_process,,False
GO:1903530,0.7155960085183498,7117.411793880034,0.5572071501014199,0.003233756269749691,16,biological_process,,False
GO:0042214,0.7150974143550372,6137.387718068006,0.20957039628727903,0.003709420163280681,13,biological_process,,False
GO:0140013,0.7148185727400107,7196.921519915908,0.6106912727799813,0.0007926417312392131,22,biological_process,,False
GO:0002098,0.7145317103801382,7319.343045872216,0.6540155211000016,0.002121624769828725,18,biological_process,tRNA wobble uridine modification,False
GO:0022618,0.714163816683329,6948.11176570214,0.4842159622711751,2.5744242229809402e-23,178,biological_process,protein-RNA complex assembly,False
GO:0006091,0.7139621613929914,6510.652938768382,0.3422894172864393,1.960774240810001e-45,365,biological_process,,False
GO:0009617,0.7135136813346028,7016.833337473559,0.5082041437264561,0.0024941936170530476,16,biological_process,,False
GO:0007064,0.7127143719806764,6933.567235628381,0.4678623188405797,0.0003425917307242553,20,biological_process,mitotic sister chromatid cohesion,False
GO:2000031,0.7126743748727663,6791.291597022182,0.4287179800090764,0.0009395786301417024,19,biological_process,regulation of salicylic acid mediated signaling pathway,False
GO:0071826,0.7124925956504556,6940.7511592961055,0.48077539314091855,1.4929244093734883e-23,184,biological_process,,False
GO:0000387,0.7123677458081028,6677.97041220356,0.37628982120080345,1.8139418850193633e-06,38,biological_process,spliceosomal snRNP assembly,False
GO:0051258,0.7122261890389381,7382.9090608047445,0.6618809610044669,0.0015833993203471022,15,biological_process,,False
GO:0009150,0.7120771262807004,6636.640453695845,0.3919154438634958,6.367803813658133e-19,147,biological_process,purine ribonucleotide metabolic process,False
GO:0009110,0.7120210639763712,6924.306413366897,0.4946242041214108,3.6835960661921673e-06,37,biological_process,,False
GO:0006505,0.7120048770400449,7330.338583518152,0.649679076059099,4.035023775233057e-05,29,biological_process,,False
GO:0006506,0.7120048770400449,7330.338583518152,0.649679076059099,4.0350237752330686e-05,29,biological_process,GPI anchor biosynthetic process,False
GO:0007062,0.711782143921635,6931.572064670316,0.4724242839228701,7.479598134761216e-05,27,biological_process,sister chromatid cohesion,False
GO:0030131,0.7116823111874591,7334.274442317633,0.6399569108385813,4.43567119474438e-05,28,cellular_component,clathrin adaptor complex,False
GO:0009737,0.7113633311602854,6752.635498616742,0.43184191443074693,3.054857189124692e-05,30,biological_process,response to abscisic acid,False
GO:0010020,0.711006790884265,6835.999283562608,0.4629240274857617,7.493739732552902e-05,27,biological_process,chloroplast fission,False
GO:0006721,0.7108166011572364,6386.822461830992,0.31981880753147296,3.6917458890724872e-09,66,biological_process,,False
GO:2000022,0.7107830350457697,6773.800239955317,0.42006109397106994,4.879664702842589e-07,19,biological_process,regulation of jasmonic acid mediated signaling pathway,False
GO:0009735,0.7106843185420312,7518.914895133976,0.7289471036988342,5.4480394038203786e-05,31,biological_process,,False
GO:0071368,0.7106843185420312,7518.914895133976,0.7289471036988342,5.4480394038203786e-05,31,biological_process,,False
GO:0009736,0.7106843185420312,7518.914895133976,0.7289471036988342,5.4480394038203786e-05,31,biological_process,cytokinin-activated signaling pathway,False
GO:0031119,0.7105480725130954,7188.696214613961,0.6133022600543783,0.021616165718379394,11,biological_process,tRNA pseudouridine synthesis,False
GO:0009941,0.7105259930735999,6668.222323214348,0.39967275067636926,3.9316771175718827e-19,149,cellular_component,chloroplast envelope,False
GO:0009083,0.7104875023202798,7143.576476748676,0.569639750652363,0.00017264343103072548,24,biological_process,branched-chain amino acid catabolic process,False
GO:0046490,0.7097464616473959,6692.492112238923,0.4389100652407192,0.008772112480151093,11,biological_process,,False
GO:0016126,0.7096285434995112,7180.194846944781,0.5854555998550199,0.00013765479311672517,25,biological_process,sterol biosynthetic process,False
GO:0016073,0.7089247811252454,7419.7803174524415,0.6944920401798665,1.8180315807681217e-05,32,biological_process,,False
GO:0006122,0.7088921552728523,6231.669939129061,0.26182694617857594,0.0008141058357034998,19,biological_process,"mitochondrial electron transport, ubiquinol to cytochrome c",False
GO:0048024,0.7088550329536698,7370.8203526139605,0.6693221860222976,4.6449481764260705e-07,47,biological_process,"regulation of mRNA splicing, via spliceosome",False
GO:0000775,0.7085988798764001,7412.546401685207,0.6774031962147548,0.006161915667155523,12,cellular_component,"chromosome, centromeric region",False
GO:0000776,0.7085988798764001,7412.546401685207,0.6774031962147548,0.006161915667155523,12,cellular_component,kinetochore,False
GO:0000779,0.7085988798764001,7412.546401685207,0.6774031962147548,0.006161915667155523,12,cellular_component,,False
GO:0022622,0.7084971919802404,6926.242944609923,0.4703437409446537,0.0021001645100176417,16,biological_process,,False
GO:0018230,0.7084231968649529,7210.081163035262,0.5965526296725587,0.0029320986721591796,16,biological_process,peptidyl-L-cysteine S-palmitoylation,False
GO:0000502,0.7083234095210281,6707.8873679962735,0.38352120601374007,5.798700662489121e-12,91,cellular_component,proteasome complex,False
GO:0035267,0.7083177931434292,6878.189910392858,0.4433730475200786,0.0001302016795920213,27,cellular_component,NuA4 histone acetyltransferase complex,False
GO:0043189,0.7083177931434292,6878.189910392858,0.4433730475200786,0.0001302016795920213,27,cellular_component,,False
GO:0009605,0.7082606758249533,6780.605410688625,0.42687194143040985,3.037341211992539e-19,153,biological_process,,False
GO:0051046,0.7080516114491774,7117.411793880034,0.5572071501014199,0.0045602618443846684,16,biological_process,,False
GO:0035970,0.7078228697153319,7066.959323470309,0.5483301804423748,1.7263204231793145e-10,76,biological_process,peptidyl-threonine dephosphorylation,False
GO:0046618,0.7077819633600567,6997.638122931667,0.5305844320486816,0.0010426891189221576,16,biological_process,,False
GO:1990961,0.7077819633600567,6997.638122931667,0.5305844320486816,0.0010426891189221576,16,biological_process,xenobiotic detoxification by transmembrane export across the plasma membrane,False
GO:0042908,0.7077819633600567,6997.638122931667,0.5305844320486816,0.0010426891189221576,16,biological_process,,False
GO:1905348,0.7072458868604913,7436.828553108055,0.6994077803535207,0.0017444867269241382,16,cellular_component,,False
GO:0016602,0.7070922630310991,6850.673476150074,0.4534386549749982,0.0005644451017581981,21,cellular_component,CCAAT-binding factor complex,False
GO:0030150,0.7070670823063168,6812.851876449804,0.4415966808311306,7.869923554903694e-05,26,biological_process,protein import into mitochondrial matrix,False
GO:0043087,0.7070040570131249,7301.153621054945,0.6473682574226645,2.4924762686352124e-05,35,biological_process,regulation of GTPase activity,False
GO:0098687,0.7067275185936444,7365.465145398827,0.6582919805853376,0.0029993352070499337,16,cellular_component,,False
GO:0043547,0.7065694011392294,7273.754033768981,0.6348593160456969,0.00014057012188188915,29,biological_process,positive regulation of GTPase activity,False
GO:0051345,0.7065694011392294,7273.754033768981,0.6348593160456969,0.00014057012188188915,29,biological_process,,False
GO:0006892,0.7063601123295037,7191.281389111482,0.5794940776445092,1.8509957938931095e-05,33,biological_process,,False
GO:0051261,0.7061789000797044,7245.272658255025,0.6144787372387203,0.011162782611007439,19,biological_process,,False
GO:0006400,0.7051171458836762,7192.092612893917,0.599564619244153,8.207601708599302e-12,90,biological_process,tRNA modification,False
GO:0043572,0.7047799339976532,6835.999283562608,0.4629240274857617,0.00010975859046982408,27,biological_process,,False
GO:0009205,0.7047084734031013,6561.121087497532,0.3638203968485556,5.93121319779267e-14,112,biological_process,,False
GO:0009156,0.704705331654349,7229.763856216754,0.6070664087082035,3.5631112314292955e-05,31,biological_process,ribonucleoside monophosphate biosynthetic process,False
GO:0000184,0.7045016812703099,7420.291110834,0.6902000579878226,0.0003341317983106983,24,biological_process,"nuclear-transcribed mRNA catabolic process, nonsense-mediated decay",False
GO:0000467,0.7042179728620406,7475.624783469439,0.7261180439146541,0.0059767965524627304,14,biological_process,"exonucleolytic trimming to generate mature 3'-end of 5.8S rRNA from tricistronic rRNA transcript (SSU-rRNA, 5.8S rRNA, LSU-rRNA)",False
GO:0034204,0.7040299378100987,7201.812817263927,0.5959026615157559,0.0004834774307466011,19,biological_process,,False
GO:7770058,0.7036909052064689,6823.197594534276,0.43967532021171785,1.4739291039446341e-05,38,biological_process,,False
GO:0170036,0.7034539769311343,6760.771570459781,0.42350012086052696,0.00028251420000521507,30,biological_process,,False
GO:0008033,0.7032962755867485,7224.613312868543,0.6127456025288617,1.2887904087230471e-14,117,biological_process,tRNA processing,False
GO:0140527,0.7030400756942313,7136.917896250888,0.5853504132042301,0.002892061091239357,19,biological_process,,False
GO:0002097,0.7025304695063374,7238.494020207558,0.6194237677678506,0.003387825396558477,21,biological_process,,False
GO:0008299,0.7022412388154505,6367.649396210773,0.3121713317875645,1.5855549249040168e-10,82,biological_process,isoprenoid biosynthetic process,False
GO:0016226,0.7022117076433142,6467.151367616364,0.340100435622253,4.887651356227819e-06,41,biological_process,iron-sulfur cluster assembly,False
GO:0007093,0.7020950479395519,7234.5070636981245,0.6139753412224134,0.0011181198777224768,19,biological_process,mitotic cell cycle checkpoint signaling,False
GO:0006574,0.7020400280051181,7492.117854908865,0.7181864271746216,0.0060766165654972835,13,biological_process,L-valine catabolic process,False
GO:0006119,0.7020352577741727,6549.130676613628,0.35051541225463423,4.64433429796845e-08,58,biological_process,,False
GO:0000145,0.7014699661590523,6910.196395326623,0.4672903069857385,7.302281648614322e-05,30,cellular_component,exocyst,False
GO:0051783,0.7012169657309905,7234.8735389475,0.609612675723456,0.0004164978317985544,23,biological_process,,False
GO:0006766,0.7003680676865035,6924.306413366897,0.4946242041214108,1.1839363676877075e-05,37,biological_process,,False
GO:0006879,0.7003249264452224,6535.574138204817,0.39222981504679466,7.57291213880748e-05,29,biological_process,intracellular iron ion homeostasis,False
GO:0006720,0.7003128998154872,6411.1065620437685,0.3260216773080267,5.270772691658795e-12,99,biological_process,,False
GO:0080008,0.7001800593771291,7157.911796725907,0.5938840057937759,3.6481537592946517e-05,33,cellular_component,Cul4-RING E3 ubiquitin ligase complex,False
GO:0031969,0.700157611102577,6657.030251229328,0.3967129428819017,1.1755031180195952e-09,77,cellular_component,chloroplast membrane,False
GO:0005689,0.6997733165837238,6712.8448292323,0.4033061445005205,0.000609121969198763,22,cellular_component,U12-type spliceosomal complex,False
GO:0045036,0.6997566777761678,6683.057597711194,0.3917588433238339,0.006883370183311663,18,biological_process,protein targeting to chloroplast,False
GO:0008541,0.699751520277073,6861.445774444409,0.4443175063428778,0.0002968018839858648,25,cellular_component,"proteasome regulatory particle, lid subcomplex",False
GO:0009733,0.6996624577904473,6901.143836728807,0.5071123614753127,0.0005205899238002006,22,biological_process,response to auxin,False
GO:0072666,0.6993676828207636,6943.886248340896,0.484165547076764,6.256374007981527e-06,41,biological_process,,False
GO:0072665,0.6993676828207636,6943.886248340896,0.484165547076764,6.256374007981492e-06,41,biological_process,,False
GO:0046365,0.6991041893033926,6485.703766244139,0.3823107569721116,0.003723670960020057,15,biological_process,,False
GO:0033120,0.6989749348015067,7555.328199041886,0.7589512097942626,0.0020993043528031684,16,biological_process,,False
GO:0009201,0.6986152573059409,6571.6086885261675,0.38190736964308897,7.73005658445814e-06,38,biological_process,,False
GO:0006188,0.6986076221148685,7145.573237102411,0.5718695652173913,0.0013428561971642295,20,biological_process,IMP biosynthetic process,False
GO:0022904,0.6980979807655586,6545.650514431325,0.3545607845692036,8.50591327150051e-08,58,biological_process,respiratory electron transport chain,False
GO:0008213,0.6976213395926191,7337.453984915918,0.6547382687844503,3.490662747982675e-05,32,biological_process,,False
GO:0010960,0.6975034685223692,7367.470607709081,0.7039019348382807,0.030186614779758727,11,biological_process,magnesium ion homeostasis,False
GO:0045927,0.697185598377282,7208.824242623035,0.6055989206027238,0.002710284993360858,16,biological_process,positive regulation of growth,False
GO:0009126,0.6971715316887831,7106.938037579901,0.5535511500918141,0.00034715929960187926,24,biological_process,,False
GO:0009167,0.6971715316887831,7106.938037579901,0.5535511500918141,0.00034715929960187926,24,biological_process,,False
GO:0009168,0.6971715316887831,7106.938037579901,0.5535511500918141,0.00034715929960187926,24,biological_process,,False
GO:0009127,0.6971715316887831,7106.938037579901,0.5535511500918141,0.00034715929960187926,24,biological_process,,False
GO:0006887,0.6969244160742782,6941.9640849526895,0.4807861342709142,3.622666750444937e-05,34,biological_process,exocytosis,False
GO:0051336,0.6969035929929785,7276.0536571404555,0.6347478582115453,2.3853178977509473e-05,37,biological_process,,False
GO:0006517,0.6965116840478949,7455.549232249864,0.6947904596369254,0.005910361985881488,12,biological_process,protein deglycosylation,False
GO:0042742,0.6961206896551725,7016.833337473559,0.5082041437264561,0.0038394822732093973,16,biological_process,defense response to bacterium,False
GO:0010073,0.6961180711452274,7047.527612160886,0.5327158177473189,0.02185397523531157,11,biological_process,meristem maintenance,False
GO:0009527,0.6960903778353295,6607.392681931848,0.38994133692037514,6.961777147834283e-05,33,cellular_component,,False
GO:1902562,0.6958634288703914,6836.011257846952,0.4246060886277923,7.835406034730489e-05,32,cellular_component,,False
GO:0051129,0.6957621185786018,7247.348899658517,0.6102923426033217,0.009419028002027392,12,biological_process,,False
GO:0015914,0.6957397342995169,7185.182477221936,0.586945652173913,0.0008085969929602392,20,biological_process,phospholipid transport,False
GO:0046034,0.6956098755588366,6527.804151435774,0.35236984184851483,1.057451213466134e-12,105,biological_process,ATP metabolic process,False
GO:0006479,0.6954235567159849,7337.453984915918,0.6547382687844503,4.698566572507608e-05,32,biological_process,protein methylation,False
GO:0033178,0.6952201857754595,7012.780760813225,0.49654538539553755,0.0022098190497351015,16,cellular_component,"proton-transporting two-sector ATPase complex, catalytic domain",False
GO:0045332,0.6946142947990372,7143.066835686203,0.5671358741279602,0.0018139141945876212,17,biological_process,phospholipid translocation,False
GO:0140546,0.6941792901838565,6865.089946197528,0.4557512502717982,0.0007886201430534023,23,biological_process,,False
GO:0016604,0.6936172428993833,7451.862824924137,0.6919580235985987,0.0002671060673154136,29,cellular_component,nuclear body,False
GO:0009144,0.6935838874039219,6593.328082998095,0.37690147994226164,3.214766910410977e-13,115,biological_process,,False
GO:0018105,0.6932190578393026,7159.848993559273,0.5733827362616057,7.977712841742272e-14,122,biological_process,peptidyl-serine phosphorylation,False
GO:0031163,0.6930883147462725,6467.151367616364,0.340100435622253,8.945564575828498e-06,41,biological_process,,False
GO:0030136,0.6929609161466926,7135.63785030556,0.5718976777939042,1.300681339628335e-05,40,cellular_component,clathrin-coated vesicle,False
GO:0040008,0.692847841887349,7017.415180842076,0.5428952519028634,0.00038467550955288606,25,biological_process,regulation of growth,False
GO:0006898,0.6928381975677339,7042.054417879697,0.5335147389228087,2.9970638055805568e-06,43,biological_process,receptor-mediated endocytosis,False
GO:0051273,0.6927424884049204,7257.1972413302165,0.6321242185924582,2.015599928242432e-06,45,biological_process,,False
GO:0098876,0.6923893128764812,7211.148870669291,0.5867796477844325,0.00035803001005794147,26,biological_process,,False
GO:0099518,0.6923048428918844,7003.99490276658,0.5341386762244857,0.0008477306783199833,22,biological_process,,False
GO:0051650,0.6923048428918844,7003.99490276658,0.5341386762244857,0.0008477306783199852,22,biological_process,,False
GO:0030050,0.6923048428918844,7003.99490276658,0.5341386762244857,0.0008477306783199833,22,biological_process,vesicle transport along actin filament,False
GO:0030048,0.6923048428918844,7003.99490276658,0.5341386762244857,0.0008477306783199852,22,biological_process,,False
GO:0051648,0.6923048428918844,7003.99490276658,0.5341386762244857,0.0008477306783199852,22,biological_process,,False
GO:0099515,0.6923048428918844,7003.99490276658,0.5341386762244857,0.0008477306783199852,22,biological_process,,False
GO:0009142,0.6922653355609385,6571.6086885261675,0.38190736964308897,1.253746951397198e-05,38,biological_process,,False
GO:0005657,0.6921579523855547,7196.93086871384,0.6046649995167682,0.0011029345018602138,24,cellular_component,replication fork,False
GO:0007166,0.6919187402284231,7141.182624195115,0.5740423456012802,2.1135707211472218e-05,43,biological_process,cell surface receptor signaling pathway,False
GO:0070918,0.6919070396675847,7198.40967325023,0.597807323854577,0.0011217786709991047,22,biological_process,,False
GO:0042773,0.6915838518088137,6552.613888025074,0.35529371891105194,1.0561299559680357e-06,51,biological_process,ATP synthesis coupled electron transport,False
GO:0009611,0.6915360779105799,6773.005964101443,0.4246625618737172,4.42045084314404e-06,15,biological_process,response to wounding,False
GO:0019646,0.6905912737455578,6526.390323039112,0.34264699998073445,2.2036102971551632e-06,49,biological_process,aerobic electron transport chain,False
GO:0012510,0.6898820303202773,6962.111939527335,0.4852637933116021,0.006774285589650874,15,cellular_component,,False
GO:0098791,0.6897486662430764,7201.50830124093,0.6008288619220924,1.1264242789460243e-13,127,cellular_component,,False
GO:0005802,0.6892684532792334,7175.143498365509,0.5901730564852561,1.8169252963591762e-12,115,cellular_component,trans-Golgi network,False
GO:0009154,0.6891851601438087,6604.020897481725,0.3777780656501892,1.8909116036206722e-08,73,biological_process,,False
GO:0009135,0.6891851601438087,6604.020897481725,0.3777780656501892,1.8909116036206722e-08,73,biological_process,,False
GO:0009134,0.6891851601438087,6604.020897481725,0.3777780656501892,1.8909116036206722e-08,73,biological_process,,False
GO:0006096,0.6891851601438087,6604.020897481725,0.3777780656501892,1.8909116036206722e-08,73,biological_process,glycolytic process,False
GO:0009137,0.6891851601438087,6604.020897481725,0.3777780656501892,1.8909116036206722e-08,73,biological_process,,False
GO:0009261,0.6891851601438087,6604.020897481725,0.3777780656501892,1.8909116036206722e-08,73,biological_process,,False
GO:0009179,0.6891851601438087,6604.020897481725,0.3777780656501892,1.8909116036206722e-08,73,biological_process,,False
GO:0009191,0.6891851601438087,6604.020897481725,0.3777780656501892,1.8909116036206722e-08,73,biological_process,,False
GO:0009181,0.6891851601438087,6604.020897481725,0.3777780656501892,1.8909116036206722e-08,73,biological_process,,False
GO:1903293,0.6885641094143705,7039.779102132701,0.5303169536338428,5.40084064132028e-05,36,cellular_component,,False
GO:1905354,0.6882745145435502,7438.9292073342085,0.7031085327532028,0.0001641314669019614,30,cellular_component,,False
GO:0033176,0.6882392712303459,6931.620570711149,0.4887851910564341,1.9556023968236335e-05,39,cellular_component,proton-transporting V-type ATPase complex,False
GO:0042775,0.6877854307566768,6519.542210094797,0.3411828952463936,3.6966513603793122e-06,48,biological_process,,False
GO:0071369,0.6871039795228435,6602.517682510081,0.3629609171254709,0.020685465229635495,16,biological_process,,False
GO:1902495,0.6865652225960232,6909.167509395986,0.47786683239973954,7.561011346066528e-07,54,cellular_component,,False
GO:0048585,0.6863407540626861,6773.000282927766,0.42853840295909484,0.00022706271188017342,32,biological_process,,False
GO:0072329,0.6863226610522241,7002.19973148719,0.5308236690424933,1.621270372743525e-05,46,biological_process,,False
GO:0007034,0.6857623851885638,6931.400029401882,0.4865618982466809,3.6375547218028744e-10,92,biological_process,vacuolar transport,False
GO:1901990,0.685739887424201,7123.991450453168,0.5662765317843348,0.00026985999962820726,31,biological_process,,False
GO:0051168,0.6856650437952959,7243.929768283227,0.6045451895043732,4.625340501789402e-11,100,biological_process,,False
GO:0006002,0.6856066096535729,6552.263471625814,0.38877834732306393,0.0006427459050234617,22,biological_process,fructose 6-phosphate metabolic process,False
GO:0009141,0.6855994306705443,6632.798612204216,0.3928564476885645,1.622140522939743e-12,120,biological_process,,False
GO:0031109,0.6853786902844874,7362.916883743121,0.6529710144927536,0.0017741143987905401,20,biological_process,,False
GO:0005776,0.6851489769152163,7319.593275454996,0.6463242022659794,0.014795315340756723,11,cellular_component,autophagosome,False
GO:0030705,0.6850982544054004,7003.99490276658,0.5341386762244857,0.0011301739794532589,22,biological_process,,False
GO:0071806,0.6849618938609549,6777.505262074482,0.4281155531519539,2.757862879484249e-09,84,biological_process,,False
GO:0010565,0.6847908316834871,6898.076846077974,0.4795223608782931,0.007627692400325806,14,biological_process,,False
GO:0071554,0.6841723639396159,7271.395986585752,0.6324680201808093,1.1165312286341666e-08,74,biological_process,,False
GO:0032045,0.6838589839567888,7490.047873695639,0.7095558936463088,0.001383846240257516,17,cellular_component,guanyl-nucleotide exchange factor complex,False
GO:0030132,0.6836483909128219,7080.724528278759,0.5231794351805941,0.010030983446259627,13,cellular_component,clathrin coat of coated pit,False
GO:0000139,0.6835048482085733,7172.539757195697,0.5851857139882626,1.5721026056843305e-10,98,cellular_component,Golgi membrane,False
GO:0000315,0.6828670464648418,6906.118301303046,0.4736220315866551,0.00018513753503370184,31,cellular_component,,False
GO:0005762,0.6828670464648418,6906.118301303046,0.4736220315866551,0.00018513753503370184,31,cellular_component,mitochondrial large ribosomal subunit,False
GO:0005819,0.6828432270409192,7387.372919351987,0.6683287930201314,3.0029805081557217e-05,41,cellular_component,spindle,False
GO:1902531,0.6828052810357547,7000.908495245905,0.5038541708093642,0.0002370232822533261,31,biological_process,,False
GO:0051052,0.6827622608872609,6576.119689813602,0.3838229859571323,1.0268638394359866e-05,44,biological_process,,False
GO:0034975,0.6826709706156203,7056.157951520345,0.526637431760359,0.010933140399270446,17,biological_process,protein folding in endoplasmic reticulum,False
GO:0006207,0.682490241055978,7554.625191025578,0.7431655197392248,0.00999798874733294,15,biological_process,'de novo' pyrimidine nucleobase biosynthetic process,False
GO:0019364,0.6824700747570921,6605.046160043622,0.37900909421607853,2.150866714413514e-08,75,biological_process,,False
GO:0016197,0.6822880400429936,7055.538898437085,0.538331244014408,2.4811415885760165e-10,101,biological_process,endosomal transport,False
GO:0051274,0.6820893556157784,7252.079033708176,0.6297397978038222,6.590369793475862e-06,44,biological_process,,False
GO:0106354,0.6820610318437508,7453.470894190814,0.7153617730136888,0.012243293076724346,13,biological_process,,False
GO:0005982,0.6818801747652498,6697.697284285887,0.40635553887780695,0.04138056510494219,11,biological_process,starch metabolic process,False
GO:0005838,0.6818555969843892,6824.006999031034,0.4372327708615395,2.131648994415679e-06,55,cellular_component,proteasome regulatory particle,False
GO:0051321,0.6817294884138058,7216.375761679895,0.6138431144980842,0.00019884745493214858,34,biological_process,meiotic cell cycle,False
GO:0005795,0.681589577700528,7454.1709954637,0.7005057454615682,0.015042177623354617,12,cellular_component,Golgi stack,False
GO:0048284,0.6815805652736109,7103.539196848238,0.5483391407059253,7.254512347653466e-07,59,biological_process,organelle fusion,False
GO:0006595,0.6813997762161206,7368.527286028353,0.6641096777767833,0.014417618419739596,17,biological_process,polyamine metabolic process,False
GO:0006206,0.68110373754956,7476.035787781236,0.7099674535828256,0.00023557174145078414,32,biological_process,,False
GO:0006488,0.6809108761086161,7316.482128054568,0.6541048405455185,0.008363124818058352,14,biological_process,dolichol-linked oligosaccharide biosynthetic process,False
GO:0034314,0.6807768443414446,7231.822308147598,0.6111855446118193,0.02110628585676471,12,biological_process,Arp2/3 complex-mediated actin nucleation,False
GO:0072526,0.680498248128496,6590.161305751497,0.3727782077487382,2.302969430220426e-08,77,biological_process,,False
GO:0006641,0.6800678628939498,7170.391939149538,0.6035217391304348,0.002340558720620325,20,biological_process,triglyceride metabolic process,False
GO:0006606,0.6798054337551648,7255.788964107404,0.6276383660118661,2.1763984527403597e-07,67,biological_process,protein import into nucleus,False
GO:0016485,0.6797690625638525,6609.307809940417,0.38783125257771195,3.176693156716894e-05,41,biological_process,protein processing,False
GO:0006749,0.6794107414392486,6339.6971549885175,0.30804268610098906,0.0001362698688609858,34,biological_process,glutathione metabolic process,False
GO:0008287,0.6791882915159903,7039.779102132701,0.5303169536338428,9.427577210591759e-05,36,cellular_component,,False
GO:0006694,0.6791638109444712,7157.632132048634,0.5802721335268505,3.1831645537196764e-05,40,biological_process,steroid biosynthetic process,False
GO:0009705,0.6788139721297325,7124.823162395662,0.5752721335268505,4.370234460052972e-05,40,cellular_component,plant-type vacuole membrane,False
GO:0055037,0.6787549502559646,7408.242347790423,0.6909908359895682,0.0061645996359158475,16,cellular_component,recycling endosome,False
GO:0016925,0.6783636319741193,7091.597318002652,0.5642455610587718,0.0166344091140236,13,biological_process,protein sumoylation,False
GO:0031204,0.6782641755376928,7056.570474766428,0.5281864923403051,0.02604056389746103,11,biological_process,"post-translational protein targeting to membrane, translocation",False
GO:0009706,0.6778930232183297,6704.377337407141,0.40212013512949174,0.00014873330016070522,33,cellular_component,chloroplast inner membrane,False
GO:0044036,0.6778407084125719,7134.5710167402185,0.5720178614758722,0.0011018117811189326,23,biological_process,,False
GO:0000460,0.6774518289795326,7193.410746331453,0.6065932647711233,1.669493108778535e-05,45,biological_process,maturation of 5.8S rRNA,False
GO:0070588,0.677377233971279,6994.656645802368,0.5182687000726217,2.8432004584985998e-05,50,biological_process,calcium ion transmembrane transport,False
GO:0006816,0.6768280656338189,6947.519498752354,0.5081978680700169,7.353740539219624e-06,54,biological_process,calcium ion transport,False
GO:0018345,0.6766908212560386,7264.463429993775,0.6195434782608696,0.002917995255150984,20,biological_process,protein palmitoylation,False
GO:1905392,0.6761788231758529,6740.066232033194,0.40529126234279844,0.007099359870900715,17,biological_process,,False
GO:0009707,0.675998697876191,6607.392681931848,0.38994133692037514,0.00023755336779645477,33,cellular_component,chloroplast outer membrane,False
GO:0008219,0.675951458485705,6731.030406878013,0.3989682697246723,0.004566582458208711,23,biological_process,,False
GO:0031125,0.6759369264947358,7282.803394160794,0.6505541871921182,0.00747676108309463,16,biological_process,,False
GO:0017196,0.6759165379168276,7325.610008261326,0.6546989667825416,0.02577405542859327,12,biological_process,N-terminal peptidyl-methionine acetylation,False
GO:0017157,0.6758348166852949,7117.411793880034,0.5572071501014199,0.011905430337146184,16,biological_process,regulation of exocytosis,False
GO:0009395,0.6755722564288301,6703.739969296792,0.38062054811058793,0.020219133012624645,15,biological_process,phospholipid catabolic process,False
GO:0032784,0.6751630190820824,7259.179321362579,0.623040574238799,2.4680669669423902e-05,46,biological_process,regulation of DNA-templated transcription elongation,False
GO:0034605,0.6750056878691065,6082.155580966847,0.24102647884596765,9.246168788355771e-07,48,biological_process,cellular response to heat,False
GO:0009416,0.6749578530163992,6593.948574344393,0.37999025824040367,6.474809301669605e-12,122,biological_process,response to light stimulus,False
GO:0090174,0.6749314240088612,7107.332209331262,0.5486248997799194,3.2495332510608703e-06,54,biological_process,,False
GO:0048475,0.6748659247539471,7191.458882676929,0.5851354308572194,1.0484825458989507e-10,111,cellular_component,,False
GO:0030312,0.6744396489191934,7444.44565785345,0.7007023322893643,0.0002493697770281144,34,cellular_component,,False
GO:0032434,0.6743459116964011,7289.781731521221,0.6396201522290684,0.002490963211960285,25,biological_process,regulation of proteasomal ubiquitin-dependent protein catabolic process,False
GO:0016469,0.674251057729863,6919.385262720788,0.48011093649510217,3.618687252041342e-05,43,cellular_component,,False
GO:0022624,0.6740676756453663,6824.006999031034,0.4372327708615395,4.5420169931867775e-06,55,cellular_component,,False
GO:0045786,0.6737929450448489,7255.040229624778,0.6227737592066307,0.0012445448235640544,33,biological_process,,False
GO:0005815,0.6734475082792949,7271.3346280757705,0.6202353331123632,0.0016229457297741907,28,cellular_component,microtubule organizing center,False
GO:0007015,0.6728473472518783,7140.870047004357,0.5803130063345745,4.669802362695923e-07,67,biological_process,actin filament organization,False
GO:0009528,0.6728088163860994,6704.377337407141,0.40212013512949174,0.00035748928147477036,33,cellular_component,,False
GO:0016050,0.6726713862347892,7018.198102412189,0.5243637694849995,8.872516693960108e-11,114,biological_process,vesicle organization,False
GO:1990351,0.6726626009225224,6899.645370221853,0.47467162800294493,1.3261689577836152e-06,62,cellular_component,,False
GO:0006897,0.6725918628298136,7152.315373540539,0.5771856927637653,3.087971510566447e-10,102,biological_process,endocytosis,False
GO:0009123,0.6724609079803018,7204.092351097811,0.5939169749280724,0.0002703407775799312,33,biological_process,,False
GO:0009124,0.6724609079803018,7204.092351097811,0.5939169749280724,0.0002703407775799319,33,biological_process,,False
GO:0008202,0.672374786894562,7199.747715082388,0.5991121608527131,1.7888685449891714e-06,60,biological_process,steroid metabolic process,False
GO:0140352,0.6722393145802666,7003.703229170841,0.5200227959478605,3.893989028923594e-08,82,biological_process,,False
GO:0009208,0.6720822067722416,7439.982879693368,0.7067400540749323,0.020487538535685815,12,biological_process,,False
GO:0009209,0.6720822067722415,7439.982879693368,0.7067400540749323,0.020487538535685815,12,biological_process,,False
GO:0006913,0.6720513673619557,7202.857394554777,0.5995195717368921,9.376565169475898e-14,153,biological_process,nucleocytoplasmic transport,False
GO:0098657,0.6718797309344354,7159.909826403005,0.5833545520854054,9.386753190904099e-11,110,biological_process,,False
GO:0042364,0.6717544919829184,6860.372456605123,0.47208846990572884,0.0006508473230744373,30,biological_process,,False
GO:0099023,0.6717037476477764,7141.254318701163,0.5735146362877149,2.2779308048328233e-08,85,cellular_component,,False
GO:0046903,0.6715708116398273,6989.235203334368,0.5085216127860516,4.109175113444521e-06,55,biological_process,,False
GO:1901987,0.6714408337993244,7185.1828118066,0.5936012336719885,0.00010808683940232962,40,biological_process,,False
GO:0051169,0.6709632910362654,7202.857394554777,0.5995195717368921,9.17853277192045e-14,153,biological_process,,False
GO:0046394,0.670451538658052,7016.254331290979,0.5265746864230603,8.165934502826025e-15,168,biological_process,,False
GO:0006084,0.6703694606151739,7010.670666088714,0.5163713731204845,0.0007791757974909046,33,biological_process,acetyl-CoA metabolic process,False
GO:0051170,0.6703619512571365,7262.524344258395,0.6308932604455395,5.599139273749685e-07,68,biological_process,,False
GO:0071367,0.6702678326971703,7366.819503346114,0.6657947792170144,0.005481645987967741,22,biological_process,,False
GO:0043401,0.6702678326971703,7366.819503346114,0.6657947792170144,0.005481645987967741,22,biological_process,,False
GO:0048545,0.6702678326971702,7366.819503346114,0.6657947792170144,0.005481645987967737,22,biological_process,,False
GO:0071383,0.6702678326971702,7366.819503346114,0.6657947792170144,0.005481645987967737,22,biological_process,,False
GO:0005885,0.6701885112226943,7231.822308147598,0.6111855446118193,0.006962284467252617,12,cellular_component,Arp2/3 protein complex,False
GO:0034620,0.6700836943625753,6748.767422759262,0.41198658567117763,0.0029985993114985737,22,biological_process,,False
GO:0006086,0.6700035879018708,6747.690170643964,0.40723883554725954,0.00894356817822205,17,biological_process,pyruvate decarboxylation to acetyl-CoA,False
GO:0009260,0.6699833693663728,6889.988391226927,0.4880837954169475,1.897394463473509e-07,76,biological_process,,False
GO:0016579,0.6699782853178498,7120.307926246226,0.5616365042196241,1.501120421550249e-09,106,biological_process,protein deubiquitination,False
GO:0009259,0.6697718184168049,6737.065267794438,0.43028511204354636,2.682521465049927e-14,167,biological_process,,False
GO:0006906,0.6693186402881391,7089.944236160878,0.5419593318809005,2.7298314453627432e-05,50,biological_process,vesicle fusion,False
GO:0098533,0.6693161292143439,6946.743780961695,0.49474191018853364,7.501567563384957e-05,41,cellular_component,,False
GO:0045892,0.6692550445215312,6850.472023060251,0.4556374624778876,3.342657725799481e-06,58,biological_process,negative regulation of DNA-templated transcription,False
GO:0005985,0.6691908627759598,6533.256040878416,0.3641846670532522,0.0016451811272468803,24,biological_process,sucrose metabolic process,False
GO:0009314,0.6687315621164919,6602.553203349916,0.38296264979650285,2.4294371313513886e-11,124,biological_process,response to radiation,False
GO:0010256,0.6686495664767413,7119.674153486368,0.5685083309044981,5.796888085549746e-09,96,biological_process,,False
GO:0006195,0.668564357732173,6650.841407029858,0.3976905910758334,2.279097583352694e-07,78,biological_process,,False
GO:0006164,0.668195362181748,6776.8481814974775,0.444075691411936,6.376159390965563e-08,80,biological_process,purine nucleotide biosynthetic process,False
GO:0045239,0.6678008722801595,6661.379365921355,0.39446938972576284,0.023679648809513475,12,cellular_component,tricarboxylic acid cycle heteromeric enzyme complex,False
GO:0006302,0.6675246403325508,7101.61724142526,0.5627277574347518,1.5636355726597957e-06,66,biological_process,double-strand break repair,False
GO:1902555,0.6673824871442022,7478.012741146457,0.718063858355015,0.015363663189226868,13,cellular_component,,False
GO:0043543,0.6671589718694649,7199.12780070461,0.5901504410210661,0.00014749719794676587,41,biological_process,,False
GO:0006384,0.667002623277971,7228.280681620465,0.5984393105446119,0.025400205665744816,12,biological_process,transcription initiation at RNA polymerase III promoter,False
GO:0009081,0.6668776917325538,6967.365255710916,0.511132075471698,0.0001585702700545567,40,biological_process,branched-chain amino acid metabolic process,False
GO:0090533,0.6663863702766903,6931.620570711149,0.4887851910564341,0.00013854878920153914,39,cellular_component,,False
GO:0006085,0.6663627926984216,6905.345018214279,0.4721971728887278,0.004234121296784556,25,biological_process,acetyl-CoA biosynthetic process,False
GO:0000966,0.666118558354313,7254.203798166485,0.6316430778153266,0.0008683118188839819,26,biological_process,,False
GO:0008180,0.6660545647140821,7209.528259213524,0.5894042765779749,0.00664183658232975,19,cellular_component,COP9 signalosome,False
GO:0046486,0.6659165138526947,7127.834179089098,0.5739075076343775,2.331517684573909e-12,151,biological_process,,False
GO:0010948,0.6658760604888795,7284.238833433863,0.6384627734504474,0.0008255734402194675,28,biological_process,,False
GO:1905369,0.6658472886488837,6801.647316546586,0.4230898107097271,4.828925759320498e-10,113,cellular_component,,False
GO:0060627,0.6655192405246756,7086.440813975525,0.5430034612584073,0.005205687949974396,21,biological_process,,False
GO:0009166,0.6654290399773938,6650.841407029858,0.3976905910758334,2.1810636873291306e-07,78,biological_process,,False
GO:0005618,0.6653330539301815,7444.44565785345,0.7007023322893643,0.0005192737031723137,34,cellular_component,cell wall,False
GO:0000041,0.6653052985854263,6515.169235819586,0.35810859833206204,0.00033069426877608096,37,biological_process,,False
GO:0140694,0.665205038395431,6996.30285194218,0.5084228486290342,3.6242659576908046e-12,143,biological_process,,False
GO:0046031,0.6649780143248237,6604.020897481725,0.3777780656501892,1.3858387019460936e-07,73,biological_process,,False
GO:0046032,0.6649780143248236,6604.020897481725,0.3777780656501892,1.3858387019460868e-07,73,biological_process,,False
GO:0032940,0.6647026788297103,7041.9428746697695,0.525168882109392,1.8080970259822616e-05,53,biological_process,,False
GO:0016078,0.6642926695798428,7453.470894190814,0.7153617730136888,0.02717643432168107,13,biological_process,,False
GO:0006650,0.6642681143695666,7125.736401022178,0.5715586372307049,1.0785797109225178e-10,129,biological_process,,False
GO:0006413,0.6640052381203329,6784.308026755836,0.44540822577539824,1.3871204440127903e-07,79,biological_process,translational initiation,False
GO:0050684,0.6638672420172815,7320.945749553325,0.6441581085097249,1.6051269291135546e-05,55,biological_process,regulation of mRNA processing,False
GO:0046460,0.663736184128824,7132.125904900979,0.5902274702984642,0.012985111653085435,16,biological_process,,False
GO:0046463,0.663736184128824,7132.125904900979,0.5902274702984642,0.012985111653085423,16,biological_process,,False
GO:0019693,0.6637129873417724,6772.997425508965,0.44267876296360914,3.022933141846123e-14,179,biological_process,ribose phosphate metabolic process,False
GO:0044038,0.6632728447080937,7172.742625868017,0.5867643963158131,0.0040306982389509485,21,biological_process,cell wall macromolecule biosynthetic process,False
GO:0061025,0.6630770384903141,7112.069282659251,0.5507030854577072,6.771328084797315e-06,58,biological_process,membrane fusion,False
GO:0018206,0.6626903635017225,7196.332768925534,0.6149621486525645,0.012524006461828833,16,biological_process,peptidyl-methionine modification,False
GO:0022604,0.6622430996009617,7389.464806685757,0.6860511111977758,0.026616264093906446,13,biological_process,,False
GO:0110156,0.6620839974882867,7162.156874892509,0.5804996055322095,0.00755007527599037,18,biological_process,,False
GO:0016052,0.6618163255469712,6635.245937174041,0.3953249388328951,1.9866810603124393e-10,128,biological_process,,False
GO:0018205,0.6617707980721182,7177.348497455272,0.5968693730212236,0.0005802275462306811,34,biological_process,,False
GO:0046854,0.6616836878575457,7074.0656369045955,0.5450084602368866,0.0011447628177323568,30,biological_process,phosphatidylinositol phosphate biosynthetic process,False
GO:0003333,0.6613652052226278,6966.908644474628,0.5001485522588132,0.0009235573618309889,31,biological_process,amino acid transmembrane transport,False
GO:0019511,0.6608548184627269,7213.753171322023,0.6085602549246814,0.026809092073941738,12,biological_process,,False
GO:0018401,0.6608548184627269,7213.753171322023,0.6085602549246814,0.02680909207394176,12,biological_process,peptidyl-proline hydroxylation to 4-hydroxy-L-proline,False
GO:0030665,0.6601674397903549,7219.48053772791,0.5955547498187093,0.0012059997503351227,30,cellular_component,,False
GO:0000793,0.6601093556231982,7178.018408196198,0.5764010594420799,0.003843237461828546,22,cellular_component,condensed chromosome,False
GO:0019320,0.6598430520342871,6485.703766244139,0.3823107569721116,0.014045568486920791,15,biological_process,,False
GO:0006839,0.6597599300692993,6807.7551154191815,0.43793033227525885,3.921508487634342e-05,51,biological_process,,False
GO:0009112,0.6593486099132141,7441.5321579461925,0.6958184458968772,9.53710328402945e-05,50,biological_process,,False
GO:0030029,0.6582302912578223,7134.2874305351215,0.5776230056719562,3.0486497042683316e-07,83,biological_process,,False
GO:0042176,0.6576155755389683,7256.662368008043,0.6183214357733414,0.0001262032784910221,45,biological_process,regulation of protein catabolic process,False
GO:0034504,0.6572629133465617,7250.799266033125,0.6247482396537168,4.118901362187636e-06,69,biological_process,,False
GO:0005759,0.6572478298443585,6729.537047043863,0.42837511042895515,1.39408457257842e-08,98,cellular_component,mitochondrial matrix,False
GO:0006520,0.6572157959733901,7025.273724854865,0.5324402125775022,1.9961490495365044e-19,272,biological_process,amino acid metabolic process,False
GO:0008360,0.6571673426033218,7383.919006252928,0.6830038142139822,0.03378922859288353,12,biological_process,regulation of cell shape,False
GO:0051604,0.6571570299949919,6490.154650236312,0.3709274436070564,1.4308762520867094e-24,355,biological_process,protein maturation,False
GO:1902554,0.6570212569133468,7235.7809524274,0.6061910885132187,2.3766394668754395e-06,74,cellular_component,,False
GO:0072583,0.6569828287626374,7105.949251225938,0.563173139686684,0.000499929155456122,32,biological_process,clathrin-dependent endocytosis,False
GO:0051225,0.6567707289889214,7283.007102829558,0.6310323345934922,0.000998260346920347,34,biological_process,spindle assembly,False
GO:0051231,0.6564948182179821,7333.332234137363,0.6555276173920243,0.02032925859535545,14,biological_process,spindle elongation,False
GO:0140053,0.6559804938364652,6856.202789056607,0.47488867965643844,5.204798275112051e-05,53,biological_process,mitochondrial gene expression,False
GO:0015980,0.655949765676186,6613.429971478797,0.37508796490387497,4.3372863981635913e-17,236,biological_process,,False
GO:0030054,0.6558752795153405,6877.7279460840655,0.4975014916998828,6.296019983918355e-05,51,cellular_component,,False
GO:0006900,0.6553433333871115,6968.03194056091,0.5180333457490799,0.00010041435917606655,46,biological_process,vesicle budding from membrane,False
GO:0019395,0.6552665217881032,7099.411970005236,0.5705062438468315,0.0007305112477526755,35,biological_process,,False
GO:0032786,0.6552135057285957,7231.147868268826,0.6125177339266138,0.0008674864630808229,36,biological_process,"positive regulation of DNA-templated transcription, elongation",False
GO:0000075,0.6549939591639483,7306.040885258934,0.6477622326930047,0.003681513315259378,25,biological_process,,False
GO:0009060,0.6547978624615984,6617.429737765992,0.37539542847942786,4.273015348155734e-15,209,biological_process,aerobic respiration,False
GO:0045333,0.6547208912200473,6613.803925360258,0.3738700717075631,1.9385138391930838e-15,215,biological_process,cellular respiration,False
GO:0031347,0.6543598432146972,6896.943197270467,0.47817062331671195,0.004912460442931809,27,biological_process,regulation of defense response,False
GO:0043647,0.6542753920551009,7503.489164490713,0.7108407560286769,0.05790566955040233,11,biological_process,,False
GO:0030125,0.6537744193201046,7219.48053772791,0.5955547498187093,0.0015549898007577415,30,cellular_component,clathrin vesicle coat,False
GO:0006914,0.6536868765436703,7125.504128187704,0.5586527928002885,5.288607505188901e-07,84,biological_process,autophagy,False
GO:0055044,0.6536480382327299,6896.542870753692,0.5080878332016853,8.966637092135365e-05,49,cellular_component,,False
GO:0000325,0.6534434443111135,7040.479149451321,0.5329813973336335,1.7859917898060514e-05,62,cellular_component,plant-type vacuole,False
GO:0046390,0.6534104446187249,6922.862063282155,0.4991753335061375,2.937078604734026e-07,82,biological_process,,False
GO:0045010,0.6532572799234636,7157.6539863518265,0.5842599971022892,0.015333249248722133,16,biological_process,actin nucleation,False
GO:0010646,0.6532304161997632,6776.261204327185,0.42650613191649367,4.397002618375005e-08,101,biological_process,,False
GO:0009116,0.6531868703945215,7202.477845749772,0.611151362926468,0.014693414408791244,18,biological_process,nucleoside metabolic process,False
GO:0000407,0.6530920841815954,7223.480167257287,0.5993121751819834,0.000795373008007211,34,cellular_component,phagophore assembly site,False
GO:0042180,0.6529133516374346,7063.340257857076,0.5355617269492868,0.002982169039027708,26,biological_process,,False
GO:0042181,0.6529133516374346,7063.340257857076,0.5355617269492868,0.002982169039027708,26,biological_process,,False
GO:0000307,0.6524832732462813,7254.485368240896,0.6178942479345706,4.147588498918202e-05,56,cellular_component,cyclin-dependent protein kinase holoenzyme complex,False
GO:0016311,0.652461579031315,7015.791022602233,0.5331884926580761,1.0018931954255441e-13,188,biological_process,dephosphorylation,False
GO:0034440,0.6523981335559882,6976.404840012198,0.5347491309691136,0.00011373972599474489,51,biological_process,lipid oxidation,False
GO:0019321,0.6515559604031455,7204.514128248995,0.5979124319747996,0.008772538756963193,19,biological_process,pentose metabolic process,False
GO:0005771,0.6515401138716356,6772.484269368093,0.4205253623188406,0.007551689873266117,20,cellular_component,multivesicular body,False
GO:0043067,0.651017143547024,7220.923702522929,0.6115996619582277,0.05696343091644,15,biological_process,regulation of programmed cell death,False
GO:0061136,0.6509617375769102,7268.022151944317,0.6262646866840731,0.0014688746062906865,32,biological_process,regulation of proteasomal protein catabolic process,False
GO:0006415,0.6508878263949258,7016.841042650412,0.5172549623297595,0.030362070686916178,16,biological_process,translational termination,False
GO:0015718,0.6508126252746987,6479.236888156214,0.33899280207627497,0.013852216155979273,17,biological_process,,False
GO:0008643,0.6507390804345118,7328.478686344045,0.6505897993715253,0.0022538394044556644,30,biological_process,carbohydrate transport,False
GO:0012506,0.6506413169242466,7015.19352652861,0.5162241172100148,2.0040482251911306e-11,166,cellular_component,,False
GO:0005768,0.6503380693684024,7091.691652619376,0.5542949152921337,7.509083425224831e-15,217,cellular_component,endosome,False
GO:0070161,0.6497195192796457,6896.542870753692,0.5080878332016853,0.00012963281111077617,49,cellular_component,,False
GO:0006639,0.6487202251534039,7140.1347868451185,0.5861916746827603,0.007296792722320597,22,biological_process,,False
GO:0006638,0.6487202251534039,7140.1347868451185,0.5861916746827603,0.007296792722320597,22,biological_process,,False
GO:0006635,0.6483649335818202,7090.756446900805,0.5669562471731765,0.0011851735530997599,34,biological_process,fatty acid beta-oxidation,False
GO:0009185,0.6483314341731655,6670.748406147533,0.3999339556650771,4.150863250638565e-06,82,biological_process,,False
GO:0016042,0.6481891176450193,6929.090922067157,0.49704772741896697,1.1774341821488568e-06,86,biological_process,lipid catabolic process,False
GO:0042546,0.6480996325949241,7282.333280421852,0.6393942059246059,3.6466253606886874e-05,57,biological_process,cell wall biogenesis,False
GO:0030008,0.647347806431798,7240.770082315128,0.6229643970059942,0.013060904292829792,21,cellular_component,TRAPP complex,False
GO:0010008,0.6472280351995976,6785.532487570543,0.42554011835675354,2.59015420514924e-05,66,cellular_component,endosome membrane,False
GO:0009966,0.6470295021457473,6783.523808623123,0.4303416056932564,2.0254083210339388e-07,99,biological_process,regulation of signal transduction,False
GO:0097708,0.6468760695101851,7099.009686060847,0.5544094122921202,4.329128317445203e-23,377,cellular_component,,False
GO:0009062,0.646610474562002,7040.694634536647,0.5505331569477857,0.0008506107292712478,39,biological_process,fatty acid catabolic process,False
GO:0065003,0.6464625375324156,6697.068663970624,0.4216203918854668,9.571299192835909e-27,446,biological_process,,False
GO:0016459,0.6463593742104581,6897.851653764262,0.48313825316652836,0.0042585749402729075,27,cellular_component,myosin complex,False
GO:0006470,0.6463254313550647,6985.16695167592,0.5191518523460212,2.595418473763147e-10,153,biological_process,protein dephosphorylation,False
GO:0030014,0.6463114650768792,7102.181941566104,0.5478085184458231,0.0013196912479042108,34,cellular_component,CCR4-NOT complex,False
GO:0071013,0.6461211245802442,6687.744198238537,0.387678783905199,5.129362745528754e-07,93,cellular_component,catalytic step 2 spliceosome,False
GO:0006893,0.6459190246146768,7179.0642414187805,0.5662463768115942,0.011122666736818538,20,biological_process,Golgi to plasma membrane transport,False
GO:0044087,0.6456967295627875,6986.0467091464825,0.5068051970970374,0.01049406704938323,23,biological_process,,False
GO:0031410,0.6456473149482248,7099.009686060847,0.5544094122921202,8.500861731410465e-23,377,cellular_component,cytoplasmic vesicle,False
GO:0030117,0.645580721105672,7191.458882676929,0.5851354308572194,3.302552889236445e-08,111,cellular_component,membrane coat,False
GO:0005686,0.6454692780793935,6653.999765940883,0.37894053313834175,0.0005875915433678044,39,cellular_component,U2 snRNP,False
GO:0031982,0.6451078001972607,7097.523573263257,0.5552608761532003,1.3369443649970315e-24,413,cellular_component,vesicle,False
GO:0015937,0.6450190579672651,7272.858947764651,0.6097887238923095,0.036753259877732175,15,biological_process,coenzyme A biosynthetic process,False
GO:0007030,0.644450895485078,7309.715636131504,0.6457033414227022,0.0006779581903529505,41,biological_process,Golgi organization,False
GO:0044283,0.6443128638209122,6917.564542261019,0.4945560572130692,1.5553405635884827e-17,286,biological_process,,False
GO:0009132,0.6440901408207397,6682.733153662662,0.40508397424596837,7.64466644365436e-06,83,biological_process,,False
GO:0000422,0.6440690527401177,7238.351800785196,0.6070255712103027,0.0027189117881269388,27,biological_process,autophagy of mitochondrion,False
GO:0009653,0.6440461286662876,6815.935094845947,0.45334542815674894,0.00107739814204426,40,biological_process,anatomical structure morphogenesis,False
GO:0009084,0.6439488007284618,7425.699225107274,0.6915057635396618,0.01908116775616133,14,biological_process,,False
GO:0046785,0.6438956879973609,7483.025236191457,0.7003732743467699,0.05547302896088128,11,biological_process,microtubule polymerization,False
GO:0006020,0.6438554565862843,6455.70633341682,0.36560477685830717,0.07587981243081651,11,biological_process,inositol metabolic process,False
GO:0072528,0.6437175168223078,7320.176018587904,0.6516084272574277,0.0005544310873037377,43,biological_process,,False
GO:0071616,0.6436251920122887,6905.345018214279,0.4721971728887278,0.006963842696970471,25,biological_process,,False
GO:0006633,0.642604839376495,6953.481831586118,0.49383099572135486,2.7238117675429096e-05,66,biological_process,fatty acid biosynthetic process,False
GO:0006163,0.6425477850884892,6732.090856162903,0.4301582553223943,1.4704181429687117e-13,211,biological_process,purine nucleotide metabolic process,False
GO:0045944,0.6425225410912826,6970.837048920566,0.5025316113584101,1.0064435291669811e-08,127,biological_process,positive regulation of transcription by RNA polymerase II,False
GO:0000959,0.6424794552207119,7090.626804826712,0.5687376364289042,0.0014872582127516108,38,biological_process,,False
GO:0030662,0.6424228131331956,7168.9744128153,0.5768842872207842,6.882475676239436e-07,95,cellular_component,,False
GO:0001522,0.6423612037810557,7350.028529474598,0.6642112922220638,0.0040849625271149595,29,biological_process,pseudouridine synthesis,False
GO:0070592,0.6422696963633059,7126.097140112171,0.5648698256291359,0.02021288539917575,18,biological_process,,False
GO:0006740,0.6422615594961884,6806.317407344764,0.4731107059993371,0.005540573535523692,28,biological_process,NADPH regeneration,False
GO:0030863,0.6422356146479081,7259.959005681701,0.628578935923456,0.016553541161575328,24,cellular_component,,False
GO:0009968,0.6420422421219869,6756.694828970833,0.4246327834844581,0.005032371211202782,26,biological_process,,False
GO:0032781,0.6418916091232476,6598.416159159423,0.42387885184495355,0.030278461964971002,14,biological_process,positive regulation of ATP-dependent activity,False
GO:0032436,0.6413843055079645,7278.554797029316,0.6339337489127284,0.013902758548572779,24,biological_process,positive regulation of proteasomal ubiquitin-dependent protein catabolic process,False
GO:0071051,0.6412544958601878,7592.4232758837015,0.7767595573374414,0.007110593656447259,11,biological_process,poly(A)-dependent snoRNA 3'-end processing,False
GO:1902911,0.6411768684395235,7255.692402320446,0.6148386281477851,6.546679086319547e-06,76,cellular_component,,False
GO:0002183,0.6410318443516472,7122.461060535275,0.5686159031603363,0.0075673689405934726,24,biological_process,cytoplasmic translational initiation,False
GO:0009639,0.6409322990338315,6913.524370234844,0.47823827039712685,0.00036933751782785527,51,biological_process,response to red or far red light,False
GO:0090114,0.6408532690237886,7264.9966360060625,0.6244862464153716,0.015627751877455045,21,biological_process,COPII-coated vesicle budding,False
GO:0010648,0.6407402037386088,6756.694828970833,0.4246327834844581,0.005967847594919012,26,biological_process,,False
GO:0070897,0.6403526787152476,7049.484348193546,0.5303288392770852,0.008091300748620802,24,biological_process,transcription preinitiation complex assembly,False
GO:1901292,0.6402453956831352,6684.661570169773,0.41067148624608973,2.3028831841004467e-06,82,biological_process,,False
GO:0007059,0.6401139025587201,7195.408594647482,0.5945952242921616,0.00014773645700438562,53,biological_process,chromosome segregation,False
GO:0000127,0.6400801409708644,7068.645058819649,0.533881065708135,0.05720062387831071,11,cellular_component,transcription factor TFIIIC complex,False
GO:0006241,0.6400758014677482,7439.982879693368,0.7067400540749323,0.046419796614627584,12,biological_process,CTP biosynthetic process,False
GO:0030243,0.6398401228749956,7358.799856634203,0.6886692390933673,0.006831038726660834,27,biological_process,,False
GO:0006098,0.6395049885951068,6798.254784518539,0.4722980792726316,0.006761264143750793,27,biological_process,pentose-phosphate shunt,False
GO:0006090,0.6392900501517139,6667.77596003681,0.40355722525127236,9.713757547416272e-07,98,biological_process,pyruvate metabolic process,False
GO:0000159,0.6392397394790607,6968.975117349182,0.49729681677073123,0.001960014579956964,31,cellular_component,protein phosphatase type 2A complex,False
GO:0048507,0.6390819996620561,7047.527612160886,0.5327158177473189,0.05260453819950772,11,biological_process,,False
GO:0000045,0.6390433330141606,7212.798697457232,0.595723827501089,0.0004067224398704268,46,biological_process,autophagosome assembly,False
GO:0018126,0.6386736196615244,7243.343484001029,0.6229671682702753,0.04196792335349889,13,biological_process,protein hydroxylation,False
GO:0030659,0.6384330061937309,7015.19352652861,0.5162241172100148,3.288979499123271e-10,166,cellular_component,,False
GO:0055028,0.63842408145197,7243.996773063407,0.6342629482071713,0.026784618735663714,15,cellular_component,cortical microtubule,False
GO:0032509,0.6382372117039553,6886.159472084873,0.46382148822058783,0.0002570318484849341,49,biological_process,endosome transport via multivesicular body sorting pathway,False
GO:0030258,0.6381493283338128,6984.362052232709,0.533699848646617,1.0872391671226307e-05,79,biological_process,lipid modification,False
GO:1901700,0.6380840931435032,6410.570789486159,0.3534202055564597,2.0572925560974183e-10,177,biological_process,,False
GO:0043562,0.6378107933748012,6688.867259158205,0.39810612356222647,0.024267701103860312,17,biological_process,,False
GO:0045017,0.6377354890834478,7174.98038220797,0.5925097376122658,1.937868083583799e-07,113,biological_process,,False
GO:0007186,0.6377321071483508,6994.280397355378,0.5096519216823786,0.004353539564785872,30,biological_process,G protein-coupled receptor signaling pathway,False
GO:0033043,0.637505349644703,7259.889353891756,0.6202870639534883,9.753312343666766e-05,60,biological_process,,False
GO:0099081,0.6374992894628493,7222.7756009532495,0.6187529154518951,4.7275208293149963e-07,100,cellular_component,,False
GO:0099513,0.6374992894628493,7222.7756009532495,0.6187529154518951,4.7275208293149693e-07,100,cellular_component,,False
GO:0099512,0.6374992894628493,7222.7756009532495,0.6187529154518951,4.7275208293149693e-07,100,cellular_component,,False
GO:0009691,0.6372754924681344,6459.990612700523,0.32868023368095795,0.06824637806461611,12,biological_process,cytokinin biosynthetic process,False
GO:0042446,0.6372754924681344,6459.990612700523,0.32868023368095795,0.06824637806461611,12,biological_process,,False
GO:0006012,0.637152400499014,6546.799315653319,0.3937945188941205,0.025282893189512493,15,biological_process,galactose metabolic process,False
GO:0005996,0.6366145067027184,6706.68624938748,0.4350784336069408,1.0228970993244182e-06,103,biological_process,,False
GO:0006813,0.6365469570032259,7200.34668882535,0.6043180717054263,0.000143202277600547,60,biological_process,potassium ion transport,False
GO:0009165,0.6364661487135422,6942.895420482612,0.5085756912671573,2.885773304870841e-07,110,biological_process,,False
GO:0072319,0.6364086008153805,7204.478303708585,0.6028227892634673,0.01231989845008029,14,biological_process,,False
GO:0072318,0.6364086008153805,7204.478303708585,0.6028227892634673,0.01231989845008029,14,biological_process,clathrin coat disassembly,False
GO:0031507,0.6356193756891099,6506.881824439755,0.36927033840143597,0.002046132413333167,44,biological_process,heterochromatin formation,False
GO:0097435,0.6356143186775317,7161.542834596475,0.5858453347703403,1.6420990177184549e-06,99,biological_process,,False
GO:2000241,0.6353789930051897,6715.80859864492,0.42244388236147373,0.0033133882638173547,32,biological_process,,False
GO:0006334,0.635374545352645,6436.962381571761,0.3622408791037616,0.0017506368035369844,41,biological_process,nucleosome assembly,False
GO:0030036,0.6353739405883981,7114.850414740836,0.5700726824336744,2.0551347975353803e-05,76,biological_process,actin cytoskeleton organization,False
GO:0035966,0.6350748536073362,6654.09607235188,0.37602543917799136,0.006439698875306762,28,biological_process,,False
GO:0035967,0.6350748536073362,6654.09607235188,0.37602543917799136,0.006439698875306778,28,biological_process,,False
GO:0005669,0.6350312109862671,7104.922683751176,0.5552504530627039,0.008423812349257147,25,cellular_component,transcription factor TFIID complex,False
GO:0061919,0.634888194154403,7125.504128187704,0.5586527928002885,8.001391043201165e-06,84,biological_process,,False
GO:0009117,0.6348366523847329,6810.451503655062,0.4601387879518277,4.489444153486997e-13,242,biological_process,,False
GO:0010383,0.6347579025814064,7126.097140112171,0.5648698256291359,0.029050020525615745,18,biological_process,,False
GO:0032879,0.6347173892030351,6972.839828920362,0.5046452749802032,0.010157847454772714,26,biological_process,,False
GO:0031464,0.6346941567481873,7164.038424438869,0.6053562574168064,0.0055405436241780315,13,cellular_component,Cul4A-RING E3 ubiquitin ligase complex,False
GO:0046112,0.6346330393327783,7468.112077290909,0.7053846642007543,0.0038853492874525424,32,biological_process,,False
GO:0070646,0.6345023263290926,7117.506557994049,0.5613258140320324,1.1687834944058419e-07,123,biological_process,protein modification by small protein removal,False
GO:0140115,0.6343477661728695,6933.816980500384,0.5104803482531086,0.005071440038872135,29,biological_process,,False
GO:0022402,0.6343350801416836,7156.147469811921,0.5822600066878724,5.754517332317351e-10,178,biological_process,,False
GO:0034728,0.6342478385104194,6495.767033245381,0.3723811796158446,0.0004959385920079758,49,biological_process,nucleosome organization,False
GO:0170039,0.6342115711002936,7038.112902638453,0.5427393733567046,7.061091555840779e-08,128,biological_process,,False
GO:0010639,0.6341918716457061,7286.719889458502,0.6299514809182417,0.07746553907668602,11,biological_process,,False
GO:0006220,0.6339969151789312,7360.3630305577335,0.6624268793811942,0.008466915776684817,30,biological_process,,False
GO:0006221,0.6339969151789311,7360.3630305577335,0.6624268793811942,0.008466915776684817,30,biological_process,pyrimidine nucleotide biosynthetic process,False
GO:0071396,0.6339407783386443,7015.1135188238,0.5154814697497624,0.0013223563623549562,44,biological_process,,False
GO:0030130,0.6335200611694636,6962.111939527335,0.4852637933116021,0.03866631903154274,15,cellular_component,clathrin coat of trans-Golgi network vesicle,False
GO:0030140,0.6335200611694635,6962.111939527335,0.4852637933116021,0.03866631903154274,15,cellular_component,,False
GO:0141188,0.6331634699328226,7256.807999192364,0.6193937838436299,3.4154627363575335e-07,116,biological_process,,False
GO:1903046,0.6327758271679101,7203.247153046184,0.6095013305192382,0.008821491155440411,27,biological_process,,False
GO:0140719,0.6319992597420362,6982.025915564821,0.5121100204741309,0.05507495956236318,11,biological_process,,False
GO:0045492,0.6317654016994978,6996.950038894375,0.5061618868288914,0.06779420897453692,12,biological_process,xylan biosynthetic process,False
GO:0019748,0.6315514993481095,7253.119488932082,0.6214741002876597,0.06923379528171723,14,biological_process,secondary metabolic process,False
GO:0019318,0.6314699648093622,6598.695794426854,0.3998466240497968,1.899306820419866e-05,78,biological_process,,False
GO:0071805,0.6313580680553906,7098.1552984255,0.5704389401889574,0.0033189779694368727,38,biological_process,potassium ion transmembrane transport,False
GO:0005813,0.6306439274987721,7279.797854455169,0.6253248164980899,0.024395507356316636,21,cellular_component,centrosome,False
GO:0000280,0.6302510615809106,7233.622951685718,0.6213177066835603,0.001537280941731875,44,biological_process,,False
GO:0071985,0.6302290014110357,6886.159472084873,0.46382148822058783,0.0007785350169179873,49,biological_process,,False
GO:0065002,0.6301674449812035,6831.917729554274,0.44651424763769315,0.00012200101117588785,67,biological_process,intracellular protein transmembrane transport,False
GO:0019432,0.6298338300837577,7132.125904900979,0.5902274702984642,0.03883586409615474,16,biological_process,triglyceride biosynthetic process,False
GO:0006401,0.6297190705455046,7263.126292017358,0.6226073354991155,7.781165506768077e-07,114,biological_process,RNA catabolic process,False
GO:0006310,0.6291911431530569,7060.16333020094,0.5444408217037842,1.1283412486290767e-05,88,biological_process,DNA recombination,False
GO:0006071,0.6290281700340358,6629.698350611881,0.37086485098651073,0.004265526697150728,11,biological_process,glycerol metabolic process,False
GO:0071577,0.6289829128812179,6910.23094102669,0.4698578257900292,0.110870454235307,14,biological_process,zinc ion transmembrane transport,False
GO:0045934,0.6288493766217328,6683.225218410451,0.4067576419213974,2.618300604938683e-05,80,biological_process,,False
GO:0072524,0.6287349619758428,6686.525447093168,0.41417875806635024,1.478485757152624e-07,133,biological_process,,False
GO:0006637,0.6281535819092973,7017.886344869938,0.5167761475132714,0.0024349632251457224,41,biological_process,acyl-CoA metabolic process,False
GO:0051656,0.6280341569767441,7059.605678558869,0.5440588662790697,0.0002985829586827108,60,biological_process,,False
GO:0009832,0.6278999385255591,7175.333057357528,0.5997079100145138,0.0029460765567125295,40,biological_process,plant-type cell wall biogenesis,False
GO:0030015,0.6277974163362904,6916.018632904783,0.4581628333568506,0.019469570324579574,19,cellular_component,CCR4-NOT core complex,False
GO:0048193,0.6277325098099698,7189.242940965007,0.5889189766286202,7.192427367758969e-11,212,biological_process,Golgi vesicle transport,False
GO:0051236,0.6276763415048131,7200.767813184295,0.5817887040858728,7.782848166092923e-05,73,biological_process,,False
GO:0031122,0.6275937061454703,7138.279071272481,0.5865604663947735,0.05909078216957235,17,biological_process,cytoplasmic microtubule organization,False
GO:1902679,0.6272752277983625,6850.472023060251,0.4556374624778876,0.0004137739814739793,58,biological_process,,False
GO:0007389,0.6271252242901167,7315.187609346234,0.6324070599543117,0.07587179039255255,11,biological_process,pattern specification process,False
GO:0006402,0.6267901437000329,7229.1732050740775,0.6094503389462476,7.002977422019061e-06,98,biological_process,mRNA catabolic process,False
GO:0007346,0.6267075811124908,7068.340673172859,0.5513821334946563,0.0011136164115281052,45,biological_process,regulation of mitotic cell cycle,False
GO:0032968,0.6266978696378522,7027.666716546923,0.5383716294578138,0.017889858815694226,24,biological_process,positive regulation of transcription elongation by RNA polymerase II,False
GO:0005665,0.6264172253364971,6701.846955983918,0.4078391809587864,0.0039509182718724615,33,cellular_component,"RNA polymerase II, core complex",False
GO:0006405,0.6263668593147101,7173.126272493888,0.5720948719445921,0.0001221711389349351,71,biological_process,RNA export from nucleus,False
GO:0045324,0.626297694846082,6865.446687401738,0.4531957072279653,0.0005675165757042778,56,biological_process,late endosome to vacuole transport,False
GO:0009959,0.626268295234187,7049.806643959389,0.5216953370331602,0.06700285037407461,11,biological_process,negative gravitropism,False
GO:0046474,0.6262562243435595,7182.049161969947,0.5926726971274803,6.132739177845448e-06,97,biological_process,glycerophospholipid biosynthetic process,False
GO:0005794,0.6261181718353043,7142.524132573889,0.5783730875184636,5.08893397206969e-22,486,cellular_component,Golgi apparatus,False
GO:0009636,0.6259046545289472,6795.696639716165,0.4481207371934407,0.0030498494765332047,38,biological_process,,False
GO:0044770,0.62587851232447,7276.594974967546,0.6209024558099102,0.03341589676096417,16,biological_process,,False
GO:0044772,0.62587851232447,7276.594974967546,0.6209024558099102,0.03341589676096417,16,biological_process,mitotic cell cycle phase transition,False
GO:0006040,0.6257266505636071,6860.64047604208,0.4545760869565217,0.031091797835289165,20,biological_process,,False
GO:0033499,0.625700329140613,6551.9467237904955,0.41297335242435557,0.052972219025572295,13,biological_process,"beta-D-galactose catabolic process via UDP-galactose, Leloir pathway",False
GO:0019388,0.625700329140613,6551.9467237904955,0.41297335242435557,0.052972219025572295,13,biological_process,,False
GO:0006760,0.6256900685404748,7176.037583429437,0.5943021699877474,0.0038784110985231714,36,biological_process,folic acid-containing compound metabolic process,False
GO:0110154,0.6256338854382332,7128.049951589317,0.566231884057971,0.02577440847914547,20,biological_process,,False
GO:0051640,0.6253143690842139,7047.299461885542,0.5362456761387515,0.00012167994195321653,72,biological_process,,False
GO:0097525,0.6249103384383349,6753.162787291174,0.4060382876819885,5.417941296666898e-06,104,cellular_component,,False
GO:0048316,0.6247726064647635,7050.1576379035905,0.5346175219870494,0.013033506032947596,24,biological_process,seed development,False
GO:0030135,0.6246852803043564,7095.883998797113,0.5494129783815367,3.019119612675399e-07,128,cellular_component,,False
GO:0009100,0.6246671436515103,7208.230593017088,0.6021009014248327,0.00029310237167296454,64,biological_process,,False
GO:0046434,0.6242779996437289,6690.252241150419,0.4060943227184755,1.1920644574918217e-05,99,biological_process,,False
GO:0007033,0.623963938550789,7127.943534673507,0.5594965397945929,0.0006735016296168054,57,biological_process,vacuole organization,False
GO:0046496,0.6235758400988297,6705.02588573691,0.42118489975881823,9.489622251414097e-07,124,biological_process,,False
GO:1905370,0.6235111143303235,7031.092870229556,0.5233335402826929,0.059084495960982746,14,cellular_component,,False
GO:1905286,0.6235111143303235,7031.092870229556,0.5233335402826929,0.059084495960982746,14,cellular_component,,False
GO:0001676,0.6233895315816219,6961.018470342077,0.5213106102936611,0.07809819263792951,14,biological_process,long-chain fatty acid metabolic process,False
GO:0071692,0.6233859290159559,7220.8522878477015,0.6043803080631075,0.0437879003303327,19,biological_process,,False
GO:0005765,0.6232881675240924,7338.26617065326,0.6453765745426533,0.030382492256448946,19,cellular_component,lysosomal membrane,False
GO:0006865,0.6230708713748184,7025.806839525747,0.5232091438871449,0.0072551321603211705,38,biological_process,amino acid transport,False
GO:0045732,0.6230138008205893,7294.942900034852,0.6381228241949521,0.01002944743489162,32,biological_process,positive regulation of protein catabolic process,False
GO:0051276,0.6229543986505529,6968.433994990048,0.5130496036277485,6.0433137550114665e-06,106,biological_process,chromosome organization,False
GO:0034050,0.6225347383913121,6795.1616830528055,0.43562477363274177,0.05571391420177512,15,biological_process,,False
GO:0009626,0.6225347383913121,6795.1616830528055,0.43562477363274177,0.05571391420177512,15,biological_process,plant-type hypersensitive response,False
GO:0030658,0.6224811228769497,7084.574652409301,0.5418443590296118,0.000601649272699337,58,cellular_component,,False
GO:0030867,0.6223670972674956,6852.909409707304,0.44312447180973075,0.07652477381943792,15,cellular_component,,False
GO:0010494,0.6223043002446247,6639.782719350359,0.34350255890305137,0.09363126617167139,12,cellular_component,cytoplasmic stress granule,False
GO:0006403,0.6222609617060528,7211.26103141096,0.5876219670976043,0.00011151241100648022,76,biological_process,,False
GO:0046777,0.6221604470641954,7107.344361491818,0.5597930488966375,0.0005525292986450718,54,biological_process,protein autophosphorylation,False
GO:0051156,0.6218371883224986,6886.099008455319,0.4974558267267734,0.006656887908451836,35,biological_process,glucose 6-phosphate metabolic process,False
GO:0030532,0.6213819058759981,6753.162787291174,0.4060382876819885,1.0613287401133858e-05,104,cellular_component,,False
GO:0000413,0.6212694724783594,6768.056032791573,0.43564884116472097,0.0013384690872537057,47,biological_process,protein peptidyl-prolyl isomerization,False
GO:0071669,0.6210116700136298,7155.471210940589,0.5881626100798263,0.003173119256068375,43,biological_process,,False
GO:0009240,0.6210028656259375,6692.492112238923,0.4389100652407192,0.07518457666583615,11,biological_process,isopentenyl diphosphate biosynthetic process,False
GO:0005773,0.6207315745308047,7018.813928273978,0.5308581785597914,2.500702250329712e-08,180,cellular_component,vacuole,False
GO:0005798,0.620579839443738,7089.998546660183,0.5401626724763979,0.0019457172471859692,50,cellular_component,,False
GO:1903047,0.6205726805492852,7211.737056343722,0.6047238309403342,3.382627152867498e-05,98,biological_process,,False
GO:0097035,0.6205409482643663,7106.294255401166,0.5602698759339617,0.007019534850904706,23,biological_process,regulation of membrane lipid distribution,False
GO:0070925,0.6204900552205067,7039.15671890085,0.5272214527688093,4.88173008529526e-09,192,biological_process,,False
GO:0048364,0.6199370552818828,6926.242944609923,0.4703437409446537,0.04290113508730086,16,biological_process,root development,False
GO:0031047,0.6198209024498526,7208.96952603519,0.6018690354324208,0.0009138331985600456,55,biological_process,regulatory ncRNA-mediated gene silencing,False
GO:0015850,0.6196064227936737,7040.339332987119,0.5234431969093324,0.04750932700635246,15,biological_process,,False
GO:2000058,0.6191798749984655,7248.938663207489,0.61869976383825,0.013434297775862837,28,biological_process,regulation of ubiquitin-dependent protein catabolic process,False
GO:0006576,0.6186560563373208,7238.058520300391,0.6122726425256878,0.01752072333748263,28,biological_process,,False
GO:0009873,0.6181696816657697,6602.517682510081,0.3629609171254709,0.023425016443818118,16,biological_process,ethylene-activated signaling pathway,False
GO:0023051,0.6181121925074861,6776.261204327185,0.42650613191649367,1.1707032279803627e-05,101,biological_process,,False
GO:0051785,0.6179890538854682,7213.650431515165,0.597102499094531,0.05987253878625579,15,biological_process,,False
GO:0006357,0.61767229084945,7046.970495337749,0.5346510494158718,7.34056189997343e-18,443,biological_process,regulation of transcription by RNA polymerase II,False
GO:0051248,0.6172861695818104,6689.013095091469,0.38793021972829034,0.014740655806546666,33,biological_process,,False
GO:0005774,0.6168118925020883,7115.593499608741,0.5674071643113359,1.61771227942815e-05,108,cellular_component,vacuolar membrane,False
GO:0016559,0.6166984586904906,7012.499361865284,0.571527224435591,0.06623829730181469,15,biological_process,peroxisome fission,False
GO:0030244,0.616310902754284,7354.046067400903,0.6868231449571162,0.020829604294876073,26,biological_process,cellulose biosynthetic process,False
GO:0098798,0.6159518554506332,6961.160831130896,0.49594947872163175,1.2342009012131561e-05,109,cellular_component,,False
GO:0000723,0.6158733607886151,7141.613831194359,0.56764657188386,0.07748415516793081,14,biological_process,telomere maintenance,False
GO:0044743,0.6152189053871299,6795.0891504653855,0.437287878998534,0.0025180240728373765,47,biological_process,,False
GO:0010564,0.6149431877817207,7129.025448205202,0.5770332466515672,0.0011175667881130338,65,biological_process,,False
GO:0030120,0.6148775801093682,7155.059332918257,0.5708776930170174,0.00017377988252979825,79,cellular_component,,False
GO:0070828,0.6147745095915828,6506.881824439755,0.36927033840143597,0.0037640957121175436,44,biological_process,,False
GO:0006281,0.6146340219992656,7118.818783904085,0.5662280754890001,5.037471986875998e-10,237,biological_process,DNA repair,False
GO:0034497,0.6142291481274532,7319.2151634765805,0.6388009354111048,0.08785082456685517,14,biological_process,protein localization to phagophore assembly site,False
GO:0051028,0.6138048225631622,7177.366705184664,0.5792913157130409,0.003154794618891975,48,biological_process,,False
GO:0009506,0.613733469690735,6896.542870753692,0.5080878332016853,0.002653162054043781,49,cellular_component,plasmodesma,False
GO:0006891,0.61351109982179,7224.946037082123,0.6053379214393059,0.0049980159362630495,41,biological_process,intra-Golgi vesicle-mediated transport,False
GO:0009306,0.6134261241499847,7220.8522878477015,0.6043803080631075,0.06724455711509214,19,biological_process,protein secretion,False
GO:0070847,0.6131772933214231,7156.0647898803445,0.575583176872378,0.07844449082231797,13,cellular_component,core mediator complex,False
GO:0070971,0.6130410505591769,7162.470404601807,0.5806186816373882,0.01836147677008776,28,cellular_component,endoplasmic reticulum exit site,False
GO:0000785,0.613031522280265,6691.875142509205,0.41690342616627024,8.86582869308502e-11,267,cellular_component,chromatin,False
GO:0051338,0.6129611558970421,7283.100956152632,0.6295578582825645,0.011077659559582871,32,biological_process,,False
GO:0006886,0.6128775760775853,7046.053743489528,0.5346870786801213,2.4582474319140993e-15,405,biological_process,intracellular protein transport,False
GO:0031401,0.6128191419028073,7528.746344298322,0.7438174574429555,0.07853288419326108,15,biological_process,,False
GO:2000032,0.6125917342603322,6754.314719964827,0.41557430475086904,0.08837074181650062,12,biological_process,regulation of secondary shoot formation,False
GO:0060688,0.6125917342603322,6754.314719964827,0.41557430475086904,0.08837074181650062,12,biological_process,,False
GO:1905428,0.6125917342603322,6754.314719964827,0.41557430475086904,0.08837074181650062,12,biological_process,,False
GO:0006995,0.6125455818783356,6688.867259158205,0.39810612356222647,0.034715857900483545,17,biological_process,cellular response to nitrogen starvation,False
GO:0006497,0.6122991111018973,7269.623102291098,0.6216422641278861,0.007939290938173691,38,biological_process,protein lipidation,False
GO:1905037,0.6122154270419882,7212.798697457232,0.595723827501089,0.0032966375256064566,46,biological_process,,False
GO:0050658,0.6121264562912646,7200.767813184295,0.5817887040858728,0.000328289930498496,73,biological_process,,False
GO:0050657,0.6121264562912646,7200.767813184295,0.5817887040858728,0.000328289930498496,73,biological_process,,False
GO:0006644,0.6120354945579901,7060.02370177051,0.5534686549217587,9.883365325763452e-08,179,biological_process,phospholipid metabolic process,False
GO:0016567,0.6115153270426711,6843.338786494447,0.4563467229872683,1.3072350842202289e-13,363,biological_process,protein ubiquitination,False
GO:1905368,0.611193078838333,6851.723831058626,0.44429524949080357,2.162822215569622e-06,142,cellular_component,,False
GO:0035592,0.6111399603356708,7220.8522878477015,0.6043803080631075,0.04763462339244305,19,biological_process,,False
GO:0046513,0.6107056915672735,7052.082800399179,0.524678711119389,0.09328808522820448,14,biological_process,ceramide biosynthetic process,False
GO:0015630,0.6106309207669454,7159.231902551232,0.5903449402024841,2.0347391290775147e-06,146,cellular_component,microtubule cytoskeleton,False
GO:0072523,0.6103974347251474,6761.857176372484,0.44166165719420963,0.00014702294367585652,96,biological_process,,False
GO:0006620,0.6102387910698902,6836.553592295876,0.43589900045381913,0.049443357461185854,19,biological_process,post-translational protein targeting to endoplasmic reticulum membrane,False
GO:0051726,0.6096022892875123,7129.727517485735,0.5767906587000874,9.598998371970321e-05,96,biological_process,regulation of cell cycle,False
GO:0000076,0.6093284572863109,7268.507981888172,0.6380489667476416,0.15037889788976866,11,biological_process,DNA replication checkpoint signaling,False
GO:0005911,0.6090016801743635,6896.542870753692,0.5080878332016853,0.005168861708076545,49,cellular_component,,False
GO:0006888,0.6089702654898116,7147.652956364406,0.5739284662832196,1.9614222868342127e-05,122,biological_process,endoplasmic reticulum to Golgi vesicle-mediated transport,False
GO:0048584,0.6089085388933181,7047.726193267788,0.5416930586674482,0.017899556821877723,23,biological_process,,False
GO:0072527,0.6085813155072445,7272.86810825739,0.6277288731187924,0.003150187498662613,53,biological_process,,False
GO:0033044,0.6085737045725449,7345.097872912571,0.6525411955156084,0.07557931523797602,24,biological_process,,False
GO:0010817,0.6084946531321976,6992.296906171551,0.5274895387369083,0.01297954924745647,39,biological_process,,False
GO:0045229,0.6084250065097351,7327.071601839093,0.6487547702556636,0.04216682387209607,23,biological_process,,False
GO:0045814,0.6076044206507398,6527.3575966338985,0.3736845095674901,0.0020328880581059225,46,biological_process,,False
GO:0006487,0.6076021654821858,7125.971501688112,0.5717632248628989,0.0031420420633288355,51,biological_process,protein N-linked glycosylation,False
GO:0031570,0.6074407349146554,7273.814302793489,0.6353457331208345,0.05876446061191341,16,biological_process,,False
GO:0010638,0.6074330362534116,7079.634514369901,0.5511423657324602,0.05712796583105616,19,biological_process,,False
GO:0007275,0.6073231520101958,6912.581072765655,0.4803436739659367,3.8516081126512966e-05,120,biological_process,multicellular organism development,False
GO:0005635,0.6073211161521811,7169.113700303913,0.5860418974910568,0.0005285389982096924,81,cellular_component,nuclear envelope,False
GO:1902099,0.6071057814014286,7129.609334438448,0.5716888311948789,0.06896730384427707,13,biological_process,,False
GO:1990748,0.6064868974862453,6672.662476547057,0.39893850140969495,0.05468170731722932,21,biological_process,,False
GO:0048583,0.6063965829210795,6880.526095320146,0.4674773084050376,3.40161329242927e-06,155,biological_process,,False
GO:0019898,0.6063371455636356,6718.584583790438,0.42565395446842497,0.004829118907007583,47,cellular_component,extrinsic component of membrane,False
GO:1902749,0.605988628458748,7123.40989411157,0.5625449716286369,0.026162899944882672,15,biological_process,,False
GO:0072521,0.6056563054141254,6845.605549604566,0.4683172278380442,1.0349542024364023e-10,297,biological_process,,False
GO:0040029,0.6052890113142565,6584.6960139147795,0.3825618333718588,0.0026961631314668757,55,biological_process,epigenetic regulation of gene expression,False
GO:0009396,0.6051798838189177,7130.841802484466,0.5765611401218451,0.027668057313308476,32,biological_process,folic acid-containing compound biosynthetic process,False
GO:0045491,0.6050670400952887,7115.3228074128565,0.560925891434366,0.10262340477073839,14,biological_process,,False
GO:0120114,0.6050663488330844,6770.340290056495,0.41193164054358244,5.312053422473647e-05,112,cellular_component,,False
GO:0005787,0.604940014966085,7013.284552175213,0.5176005108657726,0.11490974692768768,11,cellular_component,signal peptidase complex,False
GO:0030968,0.6048547408527115,6748.767422759262,0.41198658567117763,0.03886033300392634,22,biological_process,endoplasmic reticulum unfolded protein response,False
GO:1901419,0.6044362366422042,6910.406865585811,0.473922122441097,0.13058753126500633,12,biological_process,,False
GO:0072330,0.6040885448841927,6943.638973561201,0.4918087539976639,0.0005403178647283914,78,biological_process,,False
GO:0000479,0.603851261620186,6980.590255028413,0.5374622721236267,0.07699584690951487,15,biological_process,"endonucleolytic cleavage of tricistronic rRNA transcript (SSU-rRNA, 5.8S rRNA, LSU-rRNA)",False
GO:0061982,0.60375,7136.966786313557,0.5838985507246377,0.0750506999092934,20,biological_process,,False
GO:0046942,0.6035627362330053,6629.834398158796,0.38554105646293935,0.020846036945806435,33,biological_process,,False
GO:0030660,0.6033842040810514,7089.998546660183,0.5401626724763979,0.005716967824246636,50,cellular_component,Golgi-associated vesicle membrane,False
GO:0072522,0.6033828628053866,6904.491164477815,0.48511676227471884,1.2071984644197818e-05,131,biological_process,,False
GO:0009411,0.6033427495291902,7410.569323141508,0.6872426067341322,0.10718968176308608,14,biological_process,response to UV,False
GO:0032446,0.6033379073227959,6878.080236036322,0.47026492676101245,4.231949378514132e-13,404,biological_process,protein modification by small protein conjugation,False
GO:0030154,0.6028064622973747,7115.06704117105,0.5713490796231397,0.01381028152346352,42,biological_process,cell differentiation,False
GO:0010876,0.6027441689908595,6987.041531168555,0.522976337598139,0.0019118745639449834,64,biological_process,,False
GO:1904949,0.6026665188603207,6962.431642887077,0.4936915309023559,0.0010837963498576478,74,cellular_component,,False
GO:0006259,0.6023676461245199,7106.350460795723,0.5629976325861527,6.17101150545525e-11,324,biological_process,,False
GO:0065004,0.6021602848207365,6711.512050537945,0.43949214232225847,3.964643677745751e-05,71,biological_process,,False
GO:0098656,0.602025525851868,7198.846255270626,0.5921943652488163,0.07209758474297032,17,biological_process,monoatomic anion transmembrane transport,False
GO:0044804,0.6018012275623178,7214.763660462344,0.5946198173383589,0.043096838930493916,24,biological_process,nucleophagy,False
GO:0007010,0.6016457505305453,7148.696907828804,0.579970252470922,1.8699235671899527e-07,211,biological_process,cytoskeleton organization,False
GO:0006672,0.6015809141715464,7107.915493588694,0.5495810200530328,0.03071202822945256,28,biological_process,ceramide metabolic process,False
GO:0033180,0.6014902793871507,7083.677344479381,0.5301274623406721,0.001054443847647436,12,cellular_component,"proton-transporting V-type ATPase, V1 domain",False
GO:0005856,0.6012411545152843,7138.354524490571,0.5803193822762998,8.272219655103542e-08,224,cellular_component,cytoskeleton,False
GO:1901800,0.6011334331253119,7294.89138766769,0.6383973555967284,0.01068808481598171,29,biological_process,,False
GO:0046653,0.6011212992493798,7020.406465814522,0.5311654344254373,0.06151625903586012,24,biological_process,,False
GO:0046654,0.6011212992493798,7020.406465814522,0.5311654344254373,0.06151625903586015,24,biological_process,tetrahydrofolate biosynthetic process,False
GO:0071555,0.6010153173395182,7327.071601839093,0.6487547702556636,0.04641621632381971,23,biological_process,cell wall organization,False
GO:0008023,0.6007032144642829,6976.810158860375,0.5126132758227402,0.01159998585874524,42,cellular_component,transcription elongation factor complex,False
GO:0000209,0.6005898328806492,6768.81753356857,0.4305583090379009,0.00014534824085037017,100,biological_process,protein polyubiquitination,False
GO:0042158,0.6005897412124738,7269.623102291098,0.6216422641278861,0.01687224005086774,38,biological_process,,False
GO:0007049,0.6005177330783815,7125.283917683494,0.5696945523249711,2.4073258300112805e-07,210,biological_process,cell cycle,False
GO:0016236,0.6005000620878924,7145.838561533643,0.5672019149313892,0.002118425402309057,61,biological_process,macroautophagy,False
GO:0030137,0.6002002820744669,7181.568288126667,0.5799358273267535,0.0542070577386007,22,cellular_component,,False
GO:0030663,0.6002002820744667,7181.568288126667,0.5799358273267535,0.054207057738600704,22,cellular_component,,False
GO:0030126,0.6002002820744667,7181.568288126667,0.5799358273267535,0.054207057738600704,22,cellular_component,COPI vesicle coat,False
GO:0035825,0.6000821196531653,7136.917896250888,0.5853504132042301,0.09317382659757045,19,biological_process,,False
GO:0030133,0.6000756015826872,7062.314240384932,0.5317199612403101,0.003858317076790585,60,cellular_component,,False
GO:0005874,0.5999584604992129,7196.29926208813,0.6085523398702746,0.0004607503918261702,92,cellular_component,microtubule,False
GO:0007127,0.599922020833549,7136.917896250888,0.5853504132042301,0.06856854108222228,19,biological_process,,False
GO:0007131,0.599922020833549,7136.917896250888,0.5853504132042301,0.06856854108222224,19,biological_process,reciprocal meiotic recombination,False
GO:0043085,0.5998836933135879,7260.762380207397,0.6394320245682397,0.005114843932347721,55,biological_process,positive regulation of catalytic activity,False
GO:0042770,0.5996249889347594,7245.136001051784,0.6234351583087732,0.12329225153875767,13,biological_process,,False
GO:0006551,0.5994532155272306,6879.1308566135895,0.46078360370799537,0.14162217231944713,12,biological_process,,False
GO:0000725,0.5992759941427908,7005.486991831508,0.5195134350036311,0.007796124413522821,50,biological_process,recombinational repair,False
GO:0015931,0.5992020584215831,7153.315030677726,0.5705583066610302,7.693859137397113e-05,116,biological_process,,False
GO:0006821,0.5988030561735741,7343.292098237708,0.6532850416515755,0.0002883593584094994,15,biological_process,chloride transport,False
GO:0000278,0.5985397587670315,7181.294852592622,0.5948945311828328,3.346910016190014e-05,136,biological_process,mitotic cell cycle,False
GO:0009649,0.5985307488674857,6321.415238954407,0.3254333471583091,0.0008676132448218215,11,biological_process,entrainment of circadian clock,False
GO:0050790,0.59827626582907,7244.29950420038,0.6252893097030023,0.000627732649282739,90,biological_process,regulation of catalytic activity,False
GO:0002376,0.5980019563799726,6883.681771837567,0.46689599151853983,0.023003703145144216,19,biological_process,,False
GO:0006955,0.5980019563799724,6883.681771837567,0.46689599151853983,0.023003703145144216,19,biological_process,,False
GO:0000466,0.5977582174751234,7173.752890995117,0.6042287059033471,0.01133836678278431,26,biological_process,"maturation of 5.8S rRNA from tricistronic rRNA transcript (SSU-rRNA, 5.8S rRNA, LSU-rRNA)",False
GO:0035556,0.5977160170188767,7070.544576011715,0.5510689874460353,8.957694297105934e-10,322,biological_process,intracellular signal transduction,False
GO:0006260,0.5976508282455724,7026.26840782639,0.5330919660296569,0.0018371637240354227,83,biological_process,DNA replication,False
GO:1903311,0.597411552694051,7166.527612219219,0.584232788798133,0.00023501310631550776,108,biological_process,,False
GO:0033993,0.5970543441161545,6870.060134645197,0.4777795562022554,0.0026825072741744533,75,biological_process,,False
GO:1901136,0.5966360110871444,6751.113242079125,0.4333352615182127,9.898390560920985e-05,97,biological_process,,False
GO:0005694,0.5966208146590984,6798.642297352497,0.4541980711766575,4.304741211834662e-10,343,cellular_component,chromosome,False
GO:1902680,0.5963359729169557,7010.3201176148605,0.524043315128672,7.531893622706216e-07,215,biological_process,,False
GO:0006974,0.5962105060769088,7082.664724326612,0.5531708794451033,4.286667165315438e-08,269,biological_process,DNA damage response,False
GO:0034243,0.5959009956019525,7048.087974452967,0.545875575779882,0.046816433756231866,26,biological_process,regulation of transcription elongation by RNA polymerase II,False
GO:0006289,0.5951483309408988,7199.395082981476,0.5952968500508057,0.018360660486297403,42,biological_process,nucleotide-excision repair,False
GO:0015629,0.595060556311866,7091.318274495405,0.554762184380505,0.0036059621997119487,65,cellular_component,actin cytoskeleton,False
GO:0019953,0.5950403800654108,7128.545334670328,0.587676554157001,0.02381739008754517,37,biological_process,sexual reproduction,False
GO:0017148,0.5947805590455634,6673.563485398906,0.384830748042911,0.054557582311495385,24,biological_process,negative regulation of translation,False
GO:0005770,0.5947630353597694,7050.00782904553,0.5389920116194626,0.009900218277097882,50,cellular_component,late endosome,False
GO:0046395,0.594575885171775,6946.819332413432,0.5058740263350373,0.0003099841983499831,111,biological_process,,False
GO:0034063,0.5943221143786115,6729.900230451502,0.3824941536805943,0.11717892339522451,14,biological_process,cytoplasmic stress granule assembly,False
GO:0005881,0.5939546487451981,7198.434271736001,0.6110174070023323,0.03600209474538052,22,cellular_component,cytoplasmic microtubule,False
GO:1901663,0.5939538323178376,6994.37061012275,0.5082153955143377,0.09580479974781131,18,biological_process,,False
GO:1901661,0.5939538323178376,6994.37061012275,0.5082153955143377,0.09580479974781131,18,biological_process,,False
GO:0071495,0.5936414688393599,7145.685628245681,0.5736278314078765,0.0008165063778075821,99,biological_process,,False
GO:0033619,0.5935418628800503,7118.780098881283,0.5531022667706509,0.06054506650806619,17,biological_process,membrane protein proteolysis,False
GO:0009739,0.593280549813632,6529.905781168438,0.3569720373111923,0.07718465098814638,21,biological_process,response to gibberellin,False
GO:0045893,0.5930957122380187,7010.3201176148605,0.524043315128672,1.0721985544948505e-06,215,biological_process,positive regulation of DNA-templated transcription,False
GO:0009793,0.5919962812711291,6994.98616871348,0.5027890466531441,0.10457234149588607,16,biological_process,embryo development ending in seed dormancy,False
GO:0044272,0.5919948026616949,6919.9362452001305,0.4879392170687981,0.003924473300683746,69,biological_process,,False
GO:0043094,0.5919939220171172,7114.397890667572,0.5876250362423892,0.053434943362912456,24,biological_process,,False
GO:0030003,0.5917554016642961,6940.408677673973,0.522936832723011,0.0002828793982364804,117,biological_process,intracellular monoatomic cation homeostasis,False
GO:1990542,0.5914626102275765,6796.106437994119,0.43871253435145746,0.02616403863426539,39,biological_process,mitochondrial transmembrane transport,False
GO:0006665,0.5914303425629112,7132.4272295476285,0.5701116154569731,0.014485232786609275,46,biological_process,sphingolipid metabolic process,False
GO:0140014,0.5913882263715573,7270.324383455529,0.631557274440301,0.09338910070753953,22,biological_process,,False
GO:0009063,0.5913797580100743,6992.864566755451,0.5213958560523446,0.005777093762342372,65,biological_process,amino acid catabolic process,False
GO:0033108,0.5911884171907756,6851.139495751357,0.4688642960812772,0.02235970759536139,40,biological_process,,False
GO:0099080,0.591122272585244,7120.844385296672,0.567675178918517,2.24733616906339e-06,205,cellular_component,,False
GO:0031984,0.5906943552885088,7085.381619495935,0.5523191925221473,9.459381976743974e-11,418,cellular_component,,False
GO:0003006,0.5904828656675166,6927.530093002019,0.49968434542711215,0.01834760529592369,46,biological_process,developmental process involved in reproduction,False
GO:0006753,0.5902929728596165,6870.608909190216,0.47673855213899585,4.328710889030277e-09,341,biological_process,nucleoside phosphate metabolic process,False
GO:0010604,0.590285060534263,7046.475744960798,0.5433918923866258,1.549603117179367e-09,355,biological_process,,False
GO:0017119,0.5900214276517869,7400.966276357339,0.6886949594438007,0.17392666196899187,12,cellular_component,COG complex,False
GO:0009893,0.5897986569941515,7047.466769521344,0.5437342433073653,3.1457204769535577e-09,357,biological_process,,False
GO:0005811,0.5891697651584658,7028.339236959792,0.5348244034684713,0.011917067334372979,14,cellular_component,lipid droplet,False
GO:0009896,0.5890842764933567,7148.144108309774,0.577704716274588,0.0023397772709898386,79,biological_process,,False
GO:0030001,0.5890722840306309,7010.964828854656,0.5346079715855343,1.7570154155919745e-05,182,biological_process,metal ion transport,False
GO:0051983,0.5889635326632646,7265.168402250519,0.6282534827758477,0.08690982187339219,19,biological_process,,False
GO:0006743,0.5889374715403403,7159.681491664138,0.5618434873949579,0.10099588109920493,16,biological_process,,False
GO:0006744,0.5889374715403403,7159.681491664138,0.5618434873949579,0.10099588109920493,16,biological_process,ubiquinone biosynthetic process,False
GO:0033177,0.588428006205945,6831.911651557762,0.46160840174465334,0.07051111486217719,22,cellular_component,,False
GO:0033179,0.5884280062059449,6831.911651557762,0.46160840174465334,0.07051111486217719,22,cellular_component,"proton-transporting V-type ATPase, V0 domain",False
GO:0007051,0.5884114626324258,7204.284400551779,0.5903548408759804,0.015419084644603025,53,biological_process,,False
GO:0009914,0.5884101004248745,6725.947167034632,0.43325125531093084,0.016242799778099958,12,biological_process,,False
GO:2000060,0.5879875961499739,7276.313304553889,0.6325712214570496,0.03736414898449984,25,biological_process,positive regulation of ubiquitin-dependent protein catabolic process,False
GO:0048015,0.587147547315566,7043.396326546784,0.546881035148706,0.02993906722768236,12,biological_process,phosphatidylinositol-mediated signaling,False
GO:0000910,0.5871140724337768,7247.617017194183,0.6465520125807207,0.013150565823190515,26,biological_process,,False
GO:0009719,0.5867633166194318,7136.34689539674,0.5790614261837284,9.930696707952943e-06,198,biological_process,,False
GO:1903313,0.5867529226364728,7176.991475238526,0.5930002734538606,0.00851333335226642,63,biological_process,,False
GO:0008654,0.5866312169533979,7110.031857695678,0.5738980374477217,0.0003186622122214982,127,biological_process,phospholipid biosynthetic process,False
GO:0051253,0.5865445255529583,6862.43300530663,0.45829433519918583,0.005754305687416984,64,biological_process,,False
GO:0007264,0.5865190903947787,7190.460524469589,0.5933153433787308,0.10492126998675638,16,biological_process,small GTPase-mediated signal transduction,False
GO:0019752,0.5864393469048875,6889.959025258869,0.48547963981193726,5.476986082488807e-11,470,biological_process,carboxylic acid metabolic process,False
GO:0055086,0.5862949059602195,6920.443146593001,0.49585082576522843,2.205690272782385e-09,385,biological_process,,False
GO:0005667,0.5859513790010356,7072.144769861083,0.5420829047211188,0.00011949920132393811,153,cellular_component,transcription regulator complex,False
GO:0006275,0.5859294662901007,6559.206358437034,0.3698312694619451,0.14389701502947416,11,biological_process,regulation of DNA replication,False
GO:0000151,0.5857439300072927,7016.352640495151,0.5294277355686843,1.5924164331306282e-05,196,cellular_component,ubiquitin ligase complex,False
GO:0090307,0.5857201497042134,7356.212451235872,0.666038874803815,0.05361806748449401,15,biological_process,mitotic spindle assembly,False
GO:0031399,0.5854047293424743,7291.477986098388,0.6352297810263579,0.03511448471811968,38,biological_process,,False
GO:0031201,0.5850127760294791,7066.4976672281555,0.5353856209150327,0.015223813840250013,50,cellular_component,SNARE complex,False
GO:0016593,0.5847032128804885,6828.945038791761,0.44594105293649067,0.21726575722204716,11,cellular_component,Cdc73/Paf1 complex,False
GO:0009725,0.5846334707529492,7136.34689539674,0.5790614261837284,1.7860465084447786e-05,198,biological_process,response to hormone,False
GO:0043436,0.5840822652257774,6890.127351066405,0.4854372545380197,1.3437711675064314e-10,471,biological_process,,False
GO:0009891,0.5840139958371159,7020.460507930592,0.5329382323332734,1.6646518341265767e-06,257,biological_process,,False
GO:0080135,0.5839355582197191,7068.6375753489965,0.5340833635375136,0.07115386104727,25,biological_process,,False
GO:0009247,0.5833136836113458,7099.750462871265,0.5658045088099192,0.030707828586646224,46,biological_process,glycolipid biosynthetic process,False
GO:0061695,0.5830900757865397,7098.214588890442,0.5564035954562696,5.117857704411014e-06,236,cellular_component,,False
GO:0006284,0.5830433521821082,7223.959633541672,0.6197789451377969,0.02054093370289064,26,biological_process,base-excision repair,False
GO:0034045,0.5830327611597982,7408.526236569874,0.6818113443013856,0.025145880444523414,13,cellular_component,phagophore assembly site membrane,False
GO:0010557,0.5829982319692334,7020.460507930592,0.5329382323332734,2.4881962111420873e-06,257,biological_process,,False
GO:0036464,0.5828531768662438,6846.011470998782,0.43979199404733677,0.00850746570121083,69,cellular_component,,False
GO:0048608,0.5825864931966208,6983.232798598485,0.5125326465467208,0.03981480211287012,36,biological_process,,False
GO:0098554,0.582470344459623,7132.261334544206,0.5603493552593451,0.047791993899751556,16,cellular_component,cytoplasmic side of endoplasmic reticulum membrane,False
GO:0098553,0.5824703444596229,7132.261334544206,0.5603493552593451,0.047791993899751556,16,cellular_component,lumenal side of endoplasmic reticulum membrane,False
GO:0098576,0.5824703444596229,7132.261334544206,0.5603493552593451,0.047791993899751556,16,cellular_component,,False
GO:0051254,0.5824659227891414,7040.238774783916,0.5372058978687486,7.731369350244871e-07,280,biological_process,,False
GO:0070585,0.5824325196163117,6907.772316721744,0.47606550747190485,0.06103415806662323,33,biological_process,,False
GO:0042278,0.5821587232604182,7130.991974654166,0.5892779536847333,0.1426252118583709,14,biological_process,,False
GO:0008380,0.5821534284288717,6892.8359873378695,0.4613102004687585,8.965252263075438e-07,283,biological_process,RNA splicing,False
GO:0048522,0.5821232871596195,7043.882881939844,0.542189190067809,8.551488411224336e-09,387,biological_process,,False
GO:0009218,0.5819123273327694,7387.14099450528,0.6739688292859731,0.10298828623052902,25,biological_process,,False
GO:0009220,0.5819123273327694,7387.14099450528,0.6739688292859731,0.10298828623052902,25,biological_process,pyrimidine ribonucleotide biosynthetic process,False
GO:0043162,0.5818966443241386,6851.5730185864,0.4469568279748094,0.06572962908614648,28,biological_process,ubiquitin-dependent protein catabolic process via the multivesicular body sorting pathway,False
GO:0015748,0.5817119704629319,7123.18614182729,0.569342616670861,0.011240168448730393,65,biological_process,,False
GO:0009723,0.5816938898971566,6725.315342889529,0.4263698326275459,0.029540124213905214,45,biological_process,response to ethylene,False
GO:0042157,0.5816482830786412,7241.802350930204,0.6101079338144862,0.04309843691517651,39,biological_process,,False
GO:0098852,0.5814936920835044,7338.26617065326,0.6453765745426533,0.08571182535008609,19,cellular_component,,False
GO:0062012,0.5813578240275827,6791.1672140349065,0.4318808471283288,0.029576086944656223,21,biological_process,,False
GO:0006998,0.5813551548507013,7206.619410052462,0.5990757016175222,0.16547589223553993,11,biological_process,,False
GO:0000956,0.5812996628953907,7183.937361950293,0.5918681871402133,0.006768777536444795,79,biological_process,nuclear-transcribed mRNA catabolic process,False
GO:0000160,0.5811358485035234,7187.440775238261,0.5918333399429808,0.01003541564903248,66,biological_process,phosphorelay signal transduction system,False
GO:0006790,0.5809046706133737,6815.065672438769,0.4561950743721043,0.0004983409785753473,150,biological_process,sulfur compound metabolic process,False
GO:0072686,0.580777343058172,7339.064902460228,0.6571108857009452,0.1439134085732835,18,cellular_component,mitotic spindle,False
GO:0097237,0.5805380422091778,6672.662476547057,0.39893850140969495,0.0463714345220127,21,biological_process,,False
GO:0016592,0.5803874282668439,7131.800075659658,0.5583695585911306,0.01468283950893251,62,cellular_component,mediator complex,False
GO:0002831,0.5801680415310195,7051.864738731748,0.545088595983005,0.18822734095829063,12,biological_process,,False
GO:0000281,0.5801077717847049,7265.29855994057,0.653018334661932,0.09982050573021517,21,biological_process,,False
GO:0009833,0.5801077717847049,7265.29855994057,0.653018334661932,0.09982050573021517,21,biological_process,plant-type primary cell wall biogenesis,False
GO:0042398,0.5799380614709982,7199.421772770801,0.6072963016702135,0.04504568453126901,36,biological_process,modified amino acid biosynthetic process,False
GO:0071900,0.5798365989385776,7239.917244611885,0.612669420888599,0.09773591917040636,23,biological_process,,False
GO:0045240,0.5797358636341688,6600.891182929074,0.35229506839676333,0.1474721810973761,14,cellular_component,,False
GO:0030071,0.5795635064339345,7129.609334438448,0.5716888311948789,0.02102570295794405,13,biological_process,,False
GO:0009755,0.5792991207866217,7145.685628245681,0.5736278314078765,0.003758088116482829,99,biological_process,,False
GO:0051247,0.5792719215838082,7094.966392682388,0.5773318793166121,0.013567965214078053,65,biological_process,,False
GO:0061640,0.5791982376608074,7265.29855994057,0.653018334661932,0.09622558852074647,21,biological_process,,False
GO:0034719,0.5789799794000258,6803.881345479014,0.41465696214754727,0.020161608200479963,12,cellular_component,SMN-Sm protein complex,False
GO:0009894,0.5789553102298398,7131.118538077879,0.5725354295740342,0.00014547843993486463,117,biological_process,,False
GO:0045039,0.5789291894471177,6839.748569645461,0.42798502957865503,0.15251010564238288,15,biological_process,protein insertion into mitochondrial inner membrane,False
GO:0006812,0.5784567893736351,6998.2894962260425,0.5261975546631876,6.230736125919019e-06,261,biological_process,monoatomic cation transport,False
GO:0035770,0.5783783810251287,7001.000995339156,0.5074558527466206,0.004113810373245203,95,cellular_component,ribonucleoprotein granule,False
GO:0009101,0.5782570137094755,7152.169447570742,0.580580980515602,0.0220094052598742,54,biological_process,,False
GO:0005984,0.57808537099356,6835.611748344753,0.47122180269145125,0.003944338724994682,48,biological_process,,False
GO:0023057,0.5779498869610512,6756.694828970833,0.4246327834844581,0.014705873229000882,26,biological_process,,False
GO:0015908,0.5777952522357536,6496.771444042854,0.34913728264926935,0.14687494247050892,13,biological_process,fatty acid transport,False
GO:0042579,0.577522043435163,6876.961931805831,0.4861179863687523,0.002590492868734455,112,cellular_component,,False
GO:0098813,0.5773146613633853,7247.485072335138,0.6188836178322837,0.07355322123477685,28,biological_process,,False
GO:0031123,0.577282400490796,7169.780419965051,0.5828548934108527,0.016943743555094277,60,biological_process,RNA 3'-end processing,False
GO:0048580,0.5767846350956076,6597.553252225195,0.3859270713682482,0.07574098380917499,31,biological_process,,False
GO:0032787,0.5765839768880151,6838.684024279396,0.4649926180181192,1.211436285127608e-05,252,biological_process,,False
GO:1901135,0.5764317613960889,6893.05586976706,0.4908992826738806,4.2624797359272695e-08,413,biological_process,,False
GO:1901293,0.5762242707188419,6958.7913161936995,0.5065014606525985,0.0002865240833589788,173,biological_process,,False
GO:0030163,0.5757431156193569,6806.929995619683,0.4390582959641256,1.723092120861991e-08,440,biological_process,protein catabolic process,False
GO:0010965,0.5757260809734194,7129.609334438448,0.5716888311948789,0.14080456352166965,13,biological_process,,False
GO:0098655,0.5756707492746606,6992.745210730776,0.517403225345586,0.0002572344659755667,177,biological_process,,False
GO:0000070,0.5748981333848707,7270.324383455529,0.631557274440301,0.1125590148966984,22,biological_process,,False
GO:0006325,0.5746375667006305,6762.509162008793,0.4426996664543433,0.00021237750128956577,189,biological_process,chromatin organization,False
GO:1903509,0.5743493013977886,7116.7418763686655,0.5734673008035628,0.03407528497171466,48,biological_process,,False
GO:0000124,0.5743245492520644,7062.899824047752,0.5324580796366096,0.07843620321027947,24,cellular_component,SAGA complex,False
GO:0098827,0.5739894786466607,7028.966983011948,0.5271315517403428,5.731696227757924e-06,295,cellular_component,,False
GO:0010389,0.5738663527707352,7123.40989411157,0.5625449716286369,0.15006133204434702,15,biological_process,regulation of G2/M transition of mitotic cell cycle,False
GO:0048518,0.5737239249956351,7047.730268962429,0.5433836878703798,9.20586639353621e-08,407,biological_process,,False
GO:0006869,0.5732967602583391,6987.041531168555,0.522976337598139,0.018921147685361458,64,biological_process,lipid transport,False
GO:0007017,0.5731810815265077,7115.708373080783,0.5657408797199661,0.0007409137088678307,158,biological_process,microtubule-based process,False
GO:0000375,0.5730284008589389,6893.0331159820435,0.46143884500982424,2.0748991255843062e-05,266,biological_process,"RNA splicing, via transesterification reactions",False
GO:0006664,0.5728597351500706,7116.7418763686655,0.5734673008035628,0.03750814858114208,48,biological_process,,False
GO:0000724,0.5723140211270884,7000.445803863429,0.5186965113934261,0.0462577186895324,45,biological_process,double-strand break repair via homologous recombination,False
GO:0006099,0.5721003859040951,6757.111962445299,0.4276997310264612,0.019806716999076383,64,biological_process,tricarboxylic acid cycle,False
GO:0012507,0.5720311569499689,7127.29420341464,0.5615307615827525,0.04893672292547879,43,cellular_component,ER to Golgi transport vesicle membrane,False
GO:0032790,0.5716280765179635,6807.874169833007,0.45400336858881485,0.08441937635242808,16,biological_process,ribosome disassembly,False
GO:0031248,0.5713883095954837,7000.774292498588,0.5027787074087547,0.015555220416539669,75,cellular_component,,False
GO:0061024,0.5711995580734749,6930.743581537002,0.49339001836374047,0.00010130637506446752,221,biological_process,membrane organization,False
GO:0034655,0.5711826826194389,7014.4789775245545,0.5314282413449319,0.00019459663277566244,206,biological_process,,False
GO:0006338,0.5711406427676414,6726.279565554227,0.43143925524006077,0.0006933121693993999,165,biological_process,chromatin remodeling,False
GO:0090575,0.5710494628594308,7106.793602071321,0.5562988803070047,0.008129808909615824,96,cellular_component,RNA polymerase II transcription regulator complex,False
GO:0006811,0.570570881264162,7024.096749766528,0.5341627272160869,1.1274975867399952e-05,304,biological_process,monoatomic ion transport,False
GO:0009250,0.5704782476115519,7082.156151665818,0.5651433300976793,0.027093833403650413,62,biological_process,,False
GO:0032984,0.5704030925388311,7075.604428028571,0.5405572922012375,0.015743336359117566,73,biological_process,protein-containing complex disassembly,False
GO:0006376,0.5701886896570753,7509.057973816111,0.6828197514081487,0.23297801787356637,13,biological_process,mRNA splice site recognition,False
GO:0010154,0.5700233578994,7094.165992418814,0.5521333816600218,0.06564481836230646,25,biological_process,fruit development,False
GO:0099402,0.5695124756926585,6781.380229533362,0.41792824775347537,0.07111095640050634,34,biological_process,plant organ development,False
GO:0019725,0.5693698976597613,6803.196146897382,0.4669344627684065,0.0008849535711655315,168,biological_process,,False
GO:0042537,0.5692583472151806,6825.6939333089,0.49039227593584084,0.19206769324246104,13,biological_process,,False
GO:0009892,0.5688001502782442,6884.739743817682,0.48449818786035304,1.866824284843658e-05,309,biological_process,,False
GO:0000377,0.5687531862452752,6897.397742015548,0.46361927821580823,7.35862437126925e-05,258,biological_process,,False
GO:0044282,0.5682897918035623,6886.284914725388,0.4868999985728091,0.001325536668869477,159,biological_process,,False
GO:0000289,0.5681403432543993,7013.2301506029435,0.5058361147867991,0.052208145718922204,11,biological_process,nuclear-transcribed mRNA poly(A) tail shortening,False
GO:0005938,0.5679166253713822,7064.223176450667,0.5378929320778412,0.02881172462461278,61,cellular_component,cell cortex,False
GO:0019941,0.567627638288668,6857.779944150511,0.4571019850290708,1.6914867613382264e-06,389,biological_process,modification-dependent protein catabolic process,False
GO:0006511,0.5674694960785759,6879.38202025319,0.46474289159047527,3.87002050298973e-06,370,biological_process,ubiquitin-dependent protein catabolic process,False
GO:0033365,0.5672111342831064,6989.3516923081415,0.5104405843399554,0.0004076607021530778,212,biological_process,,False
GO:0060918,0.5671973574095531,6725.947167034632,0.43325125531093084,0.16422655905176842,12,biological_process,,False
GO:0043648,0.5671089984815475,6882.881414666779,0.4988090050835149,0.04627491000672426,50,biological_process,,False
GO:0006986,0.567024609041568,6748.767422759262,0.41198658567117763,0.08146379671707105,22,biological_process,,False
GO:0006885,0.5668441206149691,7075.60427239378,0.5763113367174281,0.0788806500605258,30,biological_process,regulation of pH,False
GO:0031145,0.5660188318849481,7361.960761859133,0.6606066029976433,0.12108274416255199,17,biological_process,anaphase-promoting complex-dependent catabolic process,False
GO:0042175,0.5659645561178167,7028.320492056634,0.5272332865306927,4.893663898985586e-05,288,cellular_component,,False
GO:0016071,0.5658289182308044,7044.748431791751,0.5278010710910428,1.0300093383457223e-06,445,biological_process,,False
GO:0042221,0.5657133116255485,6748.974109701516,0.4565133372623156,4.312065842216472e-06,383,biological_process,,False
GO:1902493,0.5655008425325843,6995.044502577185,0.4993342304947289,0.02139578363379666,82,cellular_component,,False
GO:0006829,0.5653086688079081,7010.077580899885,0.5137587310516469,0.18340595445356117,17,biological_process,zinc ion transport,False
GO:1903008,0.5651503924916508,6786.148832998978,0.4321693486034599,0.10553329339768863,24,biological_process,,False
GO:0055088,0.5650925983461867,6885.020433898966,0.4617671005230814,0.13597234706483458,26,biological_process,lipid homeostasis,False
GO:0005789,0.5650251495021564,7028.320492056634,0.5272332865306927,6.261774622770025e-05,288,cellular_component,endoplasmic reticulum membrane,False
GO:0071824,0.5650225405982755,6726.28846746679,0.43781239831569124,0.0006568811090332087,83,biological_process,,False
GO:0051239,0.5646646200225407,6640.812676705243,0.3948286311323792,0.06324959258837755,46,biological_process,,False
GO:0051049,0.5645283937599994,6959.912905623047,0.4992504530627039,0.13376393752032684,25,biological_process,,False
GO:0008154,0.5644969176042623,7224.677053146729,0.6103040086090934,0.19217737522323974,14,biological_process,,False
GO:0006261,0.5643705774614931,7126.6078773970185,0.5733136330561561,0.05836953106074046,49,biological_process,DNA-templated DNA replication,False
GO:1905818,0.5640351512517805,7129.609334438448,0.5716888311948789,0.18853279077471286,13,biological_process,,False
GO:0043632,0.5638777628796149,6857.779944150511,0.4571019850290708,6.022148486886663e-06,389,biological_process,,False
GO:0006526,0.5637323198881715,7448.721134596582,0.7010790845886443,0.1737411570409832,12,biological_process,L-arginine biosynthetic process,False
GO:0005741,0.5636885290111097,7012.191578536104,0.5252431290737742,0.04364010058617864,56,cellular_component,mitochondrial outer membrane,False
GO:0005643,0.5630034621970106,7128.6300177532585,0.5660210902146385,0.02428009588988323,56,cellular_component,nuclear pore,False
GO:0022414,0.5629340265083647,7036.745350187194,0.5450086816343488,0.014254169214918927,82,biological_process,,False
GO:0005654,0.562867639477984,7102.850150691073,0.5580679098371188,0.00021339585450089028,267,cellular_component,nucleoplasm,False
GO:0000323,0.5625780134695919,7052.231965635821,0.5446517780891194,0.09705061587291497,39,cellular_component,lytic vacuole,False
GO:1902600,0.5623109093335273,7040.12575463934,0.5382056486940394,0.028935553168133014,81,biological_process,proton transmembrane transport,False
GO:0042727,0.5622324417406978,7165.963133036548,0.5831764194669756,0.13049692442075111,12,biological_process,,False
GO:0042726,0.5622324417406978,7165.963133036548,0.5831764194669756,0.13049692442075111,12,biological_process,,False
GO:0048188,0.5619045319943351,7117.6629009235985,0.5483174005407494,0.22718813517618996,12,cellular_component,Set1C/COMPASS complex,False
GO:1901679,0.5618084224588172,6656.93939073138,0.3706871096600944,0.02227850593623761,13,biological_process,,False
GO:0042558,0.5618017582778958,7060.7668768209205,0.5557329462989841,0.10330998794412272,40,biological_process,,False
GO:0042594,0.5617834369231017,6893.445840606474,0.4836569138245116,0.059201957434683414,37,biological_process,response to starvation,False
GO:0045859,0.5614537049504061,7197.604711225377,0.5942654755095849,0.10664960665160395,27,biological_process,,False
GO:0098797,0.5612846832514683,7028.55889381251,0.5148002498485235,0.12808617874935846,31,cellular_component,,False
GO:0048869,0.5611503019327087,7115.06704117105,0.5713490796231397,0.07238721128826421,42,biological_process,,False
GO:1902850,0.5607920347886725,7192.588779458158,0.582974202302421,0.009821462287294363,34,biological_process,,False
GO:0009890,0.5606995748593979,6938.579494641166,0.5032108776769556,0.00029385268635937807,279,biological_process,,False
GO:0044774,0.5606307480628576,7175.221218979987,0.5905568831921211,0.28036704879977925,11,biological_process,,False
GO:0061458,0.5604990380728608,6960.924364431923,0.5031541009194641,0.09167953800902318,37,biological_process,reproductive system development,False
GO:0016973,0.5604139931834803,7213.037977285012,0.5822587655751956,0.15626007871891912,16,biological_process,poly(A)+ mRNA export from nucleus,False
GO:0009312,0.5603957908427182,6744.40581828408,0.43460118320453517,0.007538734315841369,37,biological_process,oligosaccharide biosynthetic process,False
GO:0031365,0.5598842827462918,7150.300871669037,0.5686957266534016,0.07692881409980679,22,biological_process,,False
GO:0065009,0.5591868297902737,7154.155750150498,0.5980429660934615,0.021306152468985623,96,biological_process,,False
GO:0007005,0.5589179836822438,7027.966994127219,0.5330443019527834,0.025030694706473188,96,biological_process,mitochondrion organization,False
GO:0048367,0.5586425570187803,6644.937410660575,0.3785632475534614,0.1035158079470837,25,biological_process,shoot system development,False
GO:0000290,0.5586393375341011,7256.062175932913,0.6185212629045467,0.24453132422622048,13,biological_process,deadenylation-dependent decapping of nuclear-transcribed mRNA,False
GO:0032870,0.5585526420900742,7145.685628245681,0.5736278314078765,0.020915169894932317,99,biological_process,,False
GO:0072350,0.5584385267062946,6902.617293895209,0.47805890450072663,0.08440748142686888,17,biological_process,,False
GO:0000428,0.5579667383626586,7053.2083757335595,0.5404438363420596,0.007064124845112403,143,cellular_component,,False
GO:0030522,0.5577394316892398,6081.592399886131,0.23109793805817563,0.0003073612568177179,13,biological_process,,False
GO:0009785,0.5577394316892398,6081.592399886131,0.23109793805817563,0.0003073612568177179,13,biological_process,blue light signaling pathway,False
GO:0043549,0.5572147439253943,7197.604711225377,0.5942654755095849,0.11094399819108619,27,biological_process,,False
GO:0035999,0.5571396657489253,7041.513465527225,0.5509628234233364,0.21004874142253604,18,biological_process,tetrahydrofolate interconversion,False
GO:0006282,0.5569305194857451,6899.491702755725,0.4579561092199609,0.2753333303614772,13,biological_process,regulation of DNA repair,False
GO:0000226,0.5568631404760925,7113.004698456903,0.5603518800283463,0.018234967844391294,112,biological_process,microtubule cytoskeleton organization,False
GO:0048519,0.5566449506385193,6913.044756187039,0.4938202929197995,5.9788769195626604e-05,380,biological_process,,False
GO:0170040,0.5566020936831727,6982.4758264723305,0.5210765115741506,0.07033040835339634,55,biological_process,,False
GO:0006417,0.556524676590466,6904.661639206143,0.4900384377726083,0.051616176947386946,64,biological_process,regulation of translation,False
GO:0000271,0.5565076383922164,7083.289265899779,0.5614492721172971,0.03909664965338548,78,biological_process,,False
GO:0005576,0.5564351967224841,7214.172192604495,0.6142561043662573,0.0621306625291459,62,cellular_component,extracellular region,False
GO:0044042,0.5562761137832192,7081.33631646902,0.5641424912772279,0.020055118869854404,98,biological_process,,False
GO:0034976,0.5558966366021184,6904.987962542735,0.47476396249713904,0.08469062982855274,53,biological_process,response to endoplasmic reticulum stress,False
GO:0006730,0.5556646616904607,7042.782468368088,0.5458849675097229,0.10896380197863975,21,biological_process,one-carbon metabolic process,False
GO:0015693,0.5555710891339742,7154.944372366028,0.5716013048205871,0.11806286927838489,25,biological_process,magnesium ion transport,False
GO:0051246,0.5554762096818583,7070.554182038684,0.5516678988821901,0.009784183101924603,146,biological_process,,False
GO:0030880,0.5552379225290661,7062.288050175062,0.54436765612892,0.009627936771552431,148,cellular_component,RNA polymerase complex,False
GO:0055029,0.5551608356467579,6973.808797197108,0.506740106743966,0.0039930628486912695,102,cellular_component,,False
GO:0032501,0.5549516130387945,6917.199023764188,0.48766780900766876,0.01468812202799029,132,biological_process,,False
GO:0010558,0.5548322031137883,6963.759649328349,0.5111190378570453,0.0009053940695630065,270,biological_process,,False
GO:0031667,0.5548304262994553,6731.7339724121075,0.42914939557988613,0.08353058285499093,49,biological_process,,False
GO:0033045,0.5546688013175949,7265.168402250519,0.6282534827758477,0.19641936105026636,19,biological_process,regulation of sister chromatid segregation,False
GO:0051493,0.554116580752806,7075.817187868236,0.549492485764076,0.18490274557712105,23,biological_process,,False
GO:0006406,0.554008296227062,7177.366705184664,0.5792913157130409,0.07781965777971514,48,biological_process,mRNA export from nucleus,False
GO:0005876,0.5539313948059057,7282.891953257424,0.6303072018548036,0.20666177440653333,18,cellular_component,spindle microtubule,False
GO:0034220,0.5537730550634142,7005.491104815274,0.5216913248459055,0.004999693083662486,192,biological_process,,False
GO:0032200,0.5530791765255043,7141.613831194359,0.56764657188386,0.259537479614247,14,biological_process,,False
GO:0050801,0.5529033610461735,6940.186442812016,0.5196311278092062,0.016380893326200182,136,biological_process,monoatomic ion homeostasis,False
GO:0006383,0.5527333298260326,7135.148938616038,0.5740222391001953,0.11513681505960188,34,biological_process,transcription by RNA polymerase III,False
GO:0071004,0.552668793966205,7397.424355330852,0.6564840136714866,0.14683390621017778,31,cellular_component,U2-type prespliceosome,False
GO:0071010,0.5526687939662049,7397.424355330852,0.6564840136714866,0.14683390621017778,31,cellular_component,,False
GO:0000974,0.552623188405797,6868.531146750439,0.43428985507246376,0.2096744380149131,20,cellular_component,Prp19 complex,False
GO:0043254,0.5522812862108922,7375.179457698124,0.6645422943221321,0.04445186478675527,12,biological_process,,False
GO:0032970,0.5522474503488995,7031.214218006382,0.5298840579710145,0.20428731856109905,20,biological_process,,False
GO:0032956,0.5522474503488995,7031.214218006382,0.5298840579710145,0.204287318561099,20,biological_process,regulation of actin cytoskeleton organization,False
GO:0032511,0.5521526215643114,6952.212983421677,0.49259013245661526,0.11171295227491673,39,biological_process,late endosome to vacuole transport via multivesicular body sorting pathway,False
GO:0006518,0.5521270025291473,7186.138972737735,0.6227123129902867,0.07204396620023208,19,biological_process,peptide metabolic process,False
GO:0007035,0.5519663938581879,6974.95375302862,0.5388459588503045,0.04947910003270195,13,biological_process,vacuolar acidification,False
GO:0048856,0.5517259650825069,6879.742165392035,0.47597692465165325,0.016143464555434427,149,biological_process,anatomical structure development,False
GO:0044786,0.5515593694933256,7279.0750456411415,0.6318869775311226,0.2726366685458885,11,biological_process,,False
GO:0030134,0.5515348262323688,7043.229325682142,0.5250120075261853,0.06039684391448183,66,cellular_component,COPII-coated ER to Golgi transport vesicle,False
GO:1901137,0.5514677157973923,7007.909749073862,0.5275512694244349,0.004130444504075524,227,biological_process,,False
GO:0032535,0.5512505733806524,7039.9186743004875,0.5462558011265188,0.22272900597344075,13,biological_process,,False
GO:0015849,0.5511818141738059,6629.834398158796,0.38554105646293935,0.03296976713200207,33,biological_process,,False
GO:0044093,0.5510211497928629,7117.277500783939,0.5952133864093726,0.06183134551674946,61,biological_process,,False
GO:0006890,0.5502955138632618,7154.283971259343,0.568399420114384,0.12813881874592403,41,biological_process,"retrograde vesicle-mediated transport, Golgi to endoplasmic reticulum",False
GO:0031461,0.5501328428163171,7002.657732563546,0.5269606379319932,0.022112883324862578,142,cellular_component,cullin-RING ubiquitin ligase complex,False
GO:0000932,0.5500679333953543,6875.894664811833,0.4531218331376651,0.09574504601601319,57,cellular_component,P-body,False
GO:0170041,0.5490754428929786,7210.467769646742,0.5997557660500774,0.16563918021913104,31,biological_process,,False
GO:0046165,0.5487805763228569,6735.346735350012,0.44338474471270795,0.06750036984384962,43,biological_process,,False
GO:0000118,0.5485970714579467,7000.311385135115,0.5276923703267078,0.13364466660737356,41,cellular_component,histone deacetylase complex,False
GO:0005991,0.5475448423915482,7120.854860586105,0.5703476811279075,0.21549583317936866,23,biological_process,,False
GO:0006874,0.5472148753001979,6980.11571029694,0.5269397671632309,0.09625532260816333,37,biological_process,intracellular calcium ion homeostasis,False
GO:0001101,0.5467532572044775,6689.651685090502,0.4716002473661632,0.2549474132445134,13,biological_process,,False
GO:0006631,0.5466027668788608,6943.3604105093655,0.5042621220640052,0.03013566039820504,129,biological_process,fatty acid metabolic process,False
GO:0006873,0.5464666521523686,6939.00702618507,0.5213236597463596,0.033312793751451374,119,biological_process,intracellular monoatomic ion homeostasis,False
GO:0031966,0.5462863592626301,6973.660593400712,0.5029997063568219,0.01645038449448753,179,cellular_component,mitochondrial membrane,False
GO:0019866,0.5460150825229609,6923.094429198991,0.4824714287614917,0.023989942496914385,154,cellular_component,,False
GO:0010608,0.5460083522712053,7004.15687208071,0.5252753081909092,0.033439607942693225,135,biological_process,post-transcriptional regulation of gene expression,False
GO:0051123,0.5459804110934056,6913.551864986194,0.4781513213716604,0.2883594893676452,14,biological_process,RNA polymerase II preinitiation complex assembly,False
GO:0045185,0.5458698697973282,7153.326027560096,0.5658243005876893,0.24916974684090953,21,biological_process,,False
GO:0090333,0.5457567930737602,6596.025276941809,0.417468186097341,0.00751535298328346,11,biological_process,regulation of stomatal closure,False
GO:0009311,0.5448587495551442,6818.714169094196,0.46223715074521526,0.010489500416765035,56,biological_process,oligosaccharide metabolic process,False
GO:0006525,0.5447006586448818,7295.485681855286,0.6452686224797778,0.10743926438398188,15,biological_process,arginine metabolic process,False
GO:0007052,0.5445322455241939,7192.588779458158,0.582974202302421,0.17746460538482267,34,biological_process,mitotic spindle organization,False
GO:0032502,0.5444744216030153,6940.042410210321,0.5006994391263562,0.018843057445541402,183,biological_process,developmental process,False
GO:0050779,0.5443360892653089,7027.970469503338,0.5267658802177858,0.1419752813111223,45,biological_process,,False
GO:0009308,0.5438013566713261,7096.05405517128,0.5645813347421953,0.040907930787946904,47,biological_process,amine metabolic process,False
GO:0002182,0.5436388949244747,7058.489663090261,0.5351410377121972,0.23443170930069301,13,biological_process,cytoplasmic translational elongation,False
GO:0030148,0.5434193012691925,7078.867000382894,0.5387140439932319,0.09145310089078651,30,biological_process,sphingolipid biosynthetic process,False
GO:0015698,0.5431392939772828,7111.0846745822155,0.5705677381655035,0.18923008868523405,37,biological_process,,False
GO:0055080,0.5428142288938685,6941.905012975108,0.5218063871420693,0.06676100080724653,131,biological_process,,False
GO:0046185,0.5427345164795364,6708.459490992466,0.38922612579983096,0.2983106275452855,15,biological_process,,False
GO:0042592,0.542507458583087,6790.494014719623,0.45726734082407294,0.015517905528979286,214,biological_process,,False
GO:0072594,0.5422265913361471,6956.298666535204,0.49703870499535174,0.00999095612214228,253,biological_process,,False
GO:0006352,0.5420338988774976,7063.771674743862,0.544355889841045,0.0738389221430321,97,biological_process,DNA-templated transcription initiation,False
GO:0045087,0.5418166155431571,6883.681771837567,0.46689599151853983,0.22671854551050108,19,biological_process,innate immune response,False
GO:0072657,0.5417307779668145,6978.356274214965,0.4975849327109344,0.1996022669475072,34,biological_process,protein localization to membrane,False
GO:0000288,0.5416155555708985,7148.471071744972,0.568307290795329,0.22645182058559676,26,biological_process,"nuclear-transcribed mRNA catabolic process, deadenylation-dependent decay",False
GO:0071705,0.5415087222623146,7043.523338495396,0.5349089502630395,0.03334753779659615,163,biological_process,nitrogen compound transport,False
GO:0043328,0.5412832250550595,6944.246541295043,0.48923994189032904,0.21089858098158365,23,biological_process,protein transport to vacuole involved in ubiquitin-dependent protein catabolic process via the multivesicular body sorting pathway,False
GO:0033554,0.541205599337795,6843.370514334002,0.4687353813072509,0.0009669046274529835,463,biological_process,cellular response to stress,False
GO:0006508,0.5410683562913591,6929.069265680607,0.5001092139513135,0.009060307830514848,281,biological_process,proteolysis,False
GO:0110053,0.540324449594438,7016.788747673631,0.5346900347624566,0.21270701394608427,12,biological_process,,False
GO:1902903,0.540324449594438,7016.788747673631,0.5346900347624566,0.21270701394608427,12,biological_process,,False
GO:0000398,0.540074201442907,6896.506540669265,0.4631428150331614,0.01485319042912085,250,biological_process,"mRNA splicing, via spliceosome",False
GO:0065008,0.5398623227205702,6904.183675105333,0.4962924702868,0.02556862835858608,213,biological_process,,False
GO:0031146,0.5395838951457542,6838.972922605513,0.4610599080701388,0.1252620740809679,71,biological_process,SCF-dependent proteasomal ubiquitin-dependent protein catabolic process,False
GO:0010119,0.5393858907803131,6857.703723702682,0.5112688639381866,0.09738817439379471,15,biological_process,regulation of stomatal movement,False
GO:0006368,0.5384224672195224,6662.677195132143,0.40555112303861124,0.2455201663315178,33,biological_process,transcription elongation by RNA polymerase II,False
GO:0005764,0.5377970001773135,7079.9154719157805,0.5619106339764979,0.24699011771875767,34,cellular_component,lysosome,False
GO:0006351,0.5374424049737341,7017.47088366791,0.5339393050062026,0.01821926272055112,267,biological_process,DNA-templated transcription,False
GO:0005976,0.5374282222195792,7003.847700507368,0.5324782695395609,0.06070093035560873,133,biological_process,,False
GO:0042445,0.5366589394719604,7110.674568010181,0.5693709369486938,0.2537415804961727,27,biological_process,,False
GO:0006575,0.5366222896844787,6853.467722552613,0.4830521939464555,0.12657902868796522,88,biological_process,,False
GO:0022603,0.5364666112618269,7084.592765059711,0.556268213120696,0.1726048883038221,25,biological_process,,False
GO:0048523,0.5362281253383433,6915.312538134231,0.4946578377565837,0.007957461024705414,372,biological_process,,False
GO:0000819,0.535783622571563,7270.324383455529,0.631557274440301,0.18505692491466336,22,biological_process,,False
GO:0032101,0.5357673088064889,7051.864738731748,0.545088595983005,0.19739852486384213,12,biological_process,,False
GO:0098771,0.5346599577540828,6848.477499774195,0.4886714876515641,0.024582991428775874,103,biological_process,,False
GO:0006144,0.5340040435823656,7380.192371572782,0.6697821571752887,0.2868016787297161,18,biological_process,purine nucleobase metabolic process,False
GO:0051128,0.533805276590749,7071.806416384763,0.5567817705161137,0.0071706243942279225,88,biological_process,,False
GO:0005777,0.5331381037219081,6876.961931805831,0.4861179863687523,0.12083617066906338,112,cellular_component,peroxisome,False
GO:0045047,0.5329291971605972,6879.905960246815,0.45822043689380265,0.20519874205495803,53,biological_process,protein targeting to ER,False
GO:0019751,0.5322320650595411,6817.757612181899,0.4611666787685158,0.18973220997218443,48,biological_process,,False
GO:0160109,0.5321001285870831,6856.254530894733,0.46324393374575773,0.17148574909442588,71,biological_process,,False
GO:0015833,0.5320487309255425,7194.798169302992,0.6010434782608696,0.20118783647625865,20,biological_process,,False
GO:0098552,0.532039614037148,6906.6974056355975,0.4756676799180607,0.27737283126247764,33,cellular_component,,False
GO:0005975,0.5317200805594524,6910.6028036089365,0.49856563212755367,0.007423386186208466,499,biological_process,carbohydrate metabolic process,False
GO:0009226,0.5316606094492592,6888.082251156337,0.46618830180474014,0.04570027998318784,23,biological_process,nucleotide-sugar biosynthetic process,False
GO:0012501,0.5313361197683877,6731.030406878013,0.3989682697246723,0.1405676236446211,23,biological_process,,False
GO:0045787,0.5303680092726746,7087.418572303931,0.5609062590553463,0.33626252290649983,16,biological_process,,False
GO:0097354,0.5292779433132851,7292.960886605061,0.6251689841637699,0.37651209686851017,12,biological_process,,False
GO:0009251,0.5291271278522275,6852.994199998011,0.48509960159362553,0.10119717515254517,15,biological_process,glucan catabolic process,False
GO:0010498,0.5287291109435608,6867.779697173969,0.459109560478587,0.07014178434798331,238,biological_process,proteasomal protein catabolic process,False
GO:0009606,0.5281033441989618,6847.333091410451,0.4603452855245684,0.13838107874352357,15,biological_process,,False
GO:0090066,0.5279278626783515,7039.9186743004875,0.5462558011265188,0.3412912331767039,13,biological_process,,False
GO:0009414,0.5273010355565211,6510.615733664672,0.4064542887049948,0.26458019563226687,11,biological_process,response to water deprivation,False
GO:0009415,0.5273010355565211,6510.615733664672,0.4064542887049948,0.26458019563226687,11,biological_process,,False
GO:0019005,0.5258857818509992,6828.455491602016,0.4599927272727272,0.2307544757312131,70,cellular_component,SCF ubiquitin ligase complex,False
GO:0072599,0.5258130292624544,6879.905960246815,0.45822043689380265,0.20911551611669815,53,biological_process,,False
GO:0031048,0.5257456892043032,6852.0814640736,0.45455203786726706,0.2771147115515522,11,biological_process,regulatory ncRNA-mediated heterochromatin formation,False
GO:1901701,0.5248863532707281,6946.491979587594,0.48605872663624744,0.21579506266282966,73,biological_process,,False
GO:1905957,0.524715945667568,6910.406865585811,0.473922122441097,0.08308218766503933,12,biological_process,,False
GO:0005793,0.5247105019321604,7120.73804338693,0.5604462646177636,0.08204537006225948,24,cellular_component,endoplasmic reticulum-Golgi intermediate compartment,False
GO:0048285,0.5241293000127182,7074.671396463017,0.5630489402796199,0.1020194113483171,91,biological_process,,False
GO:0051452,0.5239877172954598,6974.95375302862,0.5388459588503045,0.3673971748163273,13,biological_process,,False
GO:0042559,0.523850627632186,7007.784993024445,0.53567945121558,0.1869337534798654,36,biological_process,,False
GO:0090150,0.523037284802205,6881.33998335137,0.4616976090257082,0.06680291068795263,97,biological_process,,False
GO:0006366,0.5220338616617347,6966.430136679452,0.5108563996002728,0.21587507520369298,115,biological_process,transcription by RNA polymerase II,False
GO:0006997,0.5219754392703074,6906.041363337431,0.47881028317386687,0.18719671866100507,24,biological_process,nucleus organization,False
GO:0051241,0.5218834492081885,6548.057944868429,0.33605518539976825,0.3610359044561181,12,biological_process,,False
GO:0051093,0.5218834492081884,6548.057944868429,0.33605518539976825,0.3610359044561181,12,biological_process,,False
GO:0019674,0.5215395403062963,6892.5545604685,0.49911333656218654,0.05787339926037894,19,biological_process,NAD+ metabolic process,False
GO:0043462,0.5214701337582693,6598.416159159423,0.42387885184495355,0.29687440833464906,14,biological_process,,False
GO:0050793,0.5212424406511363,6864.045271272201,0.4763075324675325,0.27087107599758264,70,biological_process,regulation of developmental process,False
GO:0055074,0.5209386361620999,6980.11571029694,0.5269397671632309,0.1520231755174441,37,biological_process,,False
GO:0005681,0.5208002570714875,6898.38112948361,0.4693733288770054,0.14238345884549752,220,cellular_component,spliceosomal complex,False
GO:0016591,0.5202932891857831,6973.808797197108,0.506740106743966,0.21572752934506922,102,cellular_component,,False
GO:0080134,0.5199795509276076,6937.779892028822,0.4897110590100056,0.1544555171446429,55,biological_process,,False
GO:0009791,0.5199406187359198,6898.087223518274,0.47875121124031006,0.14774136196048276,60,biological_process,,False
GO:0018342,0.5197289011201236,7292.960886605061,0.6251689841637699,0.22826446796307598,12,biological_process,protein prenylation,False
GO:0031118,0.5193221320973348,7549.112712976217,0.7480627172653534,0.08893488294731255,12,biological_process,rRNA pseudouridine synthesis,False
GO:0048878,0.5191252900177057,6887.80134579496,0.4948427826653633,0.12100870234573918,180,biological_process,,False
GO:0000123,0.5190673672606939,6959.446925098008,0.48272458480397984,0.12400934266058689,66,cellular_component,histone acetyltransferase complex,False
GO:0045292,0.5183114957161091,7159.213015172019,0.5581472252327596,0.03137170521925084,34,biological_process,"mRNA cis splicing, via spliceosome",False
GO:0006605,0.5182135094374433,6909.9445057787825,0.4721981459149834,0.18324198462608154,124,biological_process,protein targeting,False
GO:0006739,0.5177880241686138,6842.342973754787,0.48999094484651173,0.15242501548571047,42,biological_process,NADP+ metabolic process,False
GO:0005743,0.5177604738856658,6965.04506480472,0.4970369436388854,0.1868288592968989,121,cellular_component,mitochondrial inner membrane,False
GO:0040007,0.5173105557567709,6869.820135399662,0.49881926838102136,0.42855550713707036,15,biological_process,,False
GO:0061014,0.5173084577977581,7048.19599479483,0.5361631066641332,0.09196038765091685,47,biological_process,,False
GO:0010605,0.5172610573045239,6905.500303321351,0.49112652460102324,0.035211835057443436,299,biological_process,,False
GO:0006354,0.5172535109790296,6671.357448481542,0.40718418514946964,0.10601542955138082,34,biological_process,DNA-templated transcription elongation,False
GO:0098800,0.5166640429044113,6945.024824433836,0.4825687990124891,0.08971629971924372,48,cellular_component,,False
GO:0005992,0.5159995582520586,7107.763070996207,0.5645086903240258,0.3991692538622487,22,biological_process,trehalose biosynthetic process,False
GO:0009629,0.5154258400926999,6899.299812679489,0.48010814986481265,0.16394171828406962,12,biological_process,,False
GO:0009630,0.5154258400926999,6899.299812679489,0.48010814986481265,0.16394171828406962,12,biological_process,gravitropism,False
GO:0010629,0.5153002527572961,6996.227283206496,0.5266090613061204,0.01570602011131945,215,biological_process,,False
GO:0005685,0.5152976172693556,7126.050840628368,0.5424896709812911,0.04004869251907562,37,cellular_component,U1 snRNP,False
GO:0071897,0.5142759388448419,7063.4656064866995,0.5340490106103786,0.12599919892795097,18,biological_process,DNA biosynthetic process,False
GO:0061013,0.5136978059298024,7006.282375363071,0.5213821402286847,0.08332177964671283,53,biological_process,,False
GO:0043161,0.5127687790540544,6901.81846440626,0.47650225283970693,0.21684471796239946,199,biological_process,proteasome-mediated ubiquitin-dependent protein catabolic process,False
GO:0022411,0.5126456379653311,7027.473145656335,0.5249918375463051,0.14246549085988375,89,biological_process,,False
GO:1905039,0.5122969507746448,6681.201733926515,0.39868795867130163,0.2372163866300826,12,biological_process,,False
GO:0005801,0.5118161950770647,7240.766196431869,0.6185434782608695,0.26186638572929705,20,cellular_component,cis-Golgi network,False
GO:0016051,0.5117884422876188,6919.4217527473875,0.49834660917860274,0.07011875604409877,136,biological_process,,False
GO:0006367,0.5117486295019207,7034.605446005579,0.5239737902092918,0.32341021595944974,53,biological_process,transcription initiation at RNA polymerase II promoter,False
GO:0008610,0.5110547048893103,6883.919594796744,0.48480324330675956,0.22949729834548904,363,biological_process,lipid biosynthetic process,False
GO:0061157,0.5099617774844636,7027.970469503338,0.5267658802177858,0.1754664471436994,45,biological_process,mRNA destabilization,False
GO:2000028,0.5094032877109131,7322.592029715882,0.6335393913060652,0.05380995698542865,11,biological_process,"regulation of photoperiodism, flowering",False
GO:0007088,0.5086157987494266,7129.609334438448,0.5716888311948789,0.26533634847867554,13,biological_process,,False
GO:0006066,0.5079337926988597,6823.02558566087,0.46775265046384884,0.30050068999477897,77,biological_process,,False
GO:0009074,0.5072199290317908,7082.399799911341,0.5633875140718504,0.029255434533856248,11,biological_process,,False
GO:0006563,0.5068732296897128,6868.507271025951,0.48724169563538045,0.2699612231902029,12,biological_process,,False
GO:0001932,0.5053659647171651,7222.795759937567,0.6071815566266862,0.26809418626745385,33,biological_process,,False
GO:0006397,0.5048095911151363,6973.467072279115,0.49417163051842566,0.1624674038097877,325,biological_process,mRNA processing,False
GO:0015936,0.5047534308712655,7174.774427422569,0.5691751300128719,0.3111917284854706,21,biological_process,coenzyme A metabolic process,False
GO:0098754,0.5039647415278034,6795.696639716165,0.4481207371934407,0.021080583678173857,38,biological_process,,False
GO:0140534,0.5038268396051764,7014.584461040232,0.5161524673635455,0.1734058389742032,115,cellular_component,,False
GO:0005740,0.5031127099458965,6958.587962040459,0.49934915343122566,0.4379732637840851,188,cellular_component,mitochondrial envelope,False
GO:0006108,0.5028857998026899,6812.9943950499965,0.4766092464695541,0.23755138830215894,19,biological_process,malate metabolic process,False
GO:0000122,0.5025093243754883,7154.061955246648,0.568312966050949,0.3742192746345295,27,biological_process,negative regulation of transcription by RNA polymerase II,False
GO:0048731,0.5018981636686094,6851.836202805051,0.4577994016161955,0.09805657258019368,65,biological_process,system development,False
GO:0032365,0.5014495377410867,6939.2282347787195,0.49345288645744867,0.4846374581695231,11,biological_process,,False
GO:0005791,0.5012736931063624,6852.909409707304,0.44312447180973075,0.25851429545028487,15,cellular_component,,False
GO:0008540,0.5010127585098583,6814.728442281331,0.44346878107391446,0.32667166460395847,28,cellular_component,"proteasome regulatory particle, base subcomplex",False
GO:0097346,0.4998803005904455,6913.431622823793,0.45744927536231883,0.1734231215252509,20,cellular_component,,False
GO:0006612,0.4996521225187,6960.24208848536,0.4911885196228153,0.4244239824681265,69,biological_process,protein targeting to membrane,False
GO:0034098,0.49904228435301884,6805.9040365218625,0.42537406096728125,0.3476144572525378,14,cellular_component,VCP-NPL4-UFD1 AAA ATPase complex,False
GO:0055082,0.4968550442516062,6928.28393376847,0.516063063422064,0.08423683782967611,132,biological_process,,False
GO:0005849,0.4967238944989343,7204.912979507252,0.5958702842309163,0.030206026540868253,22,cellular_component,mRNA cleavage factor complex,False
GO:0048500,0.49662738658681865,6839.484007883344,0.4383512025499855,0.059124033330939,16,cellular_component,signal recognition particle,False
GO:0090068,0.4966153127917834,7087.418572303931,0.5609062590553463,0.4141273303791395,16,biological_process,,False
GO:1901264,0.49494643375191677,7018.567779541916,0.5309009646069045,0.09948855772312831,32,biological_process,,False
GO:0042325,0.49473690642908014,7222.795759937567,0.6071815566266862,0.3384775918607976,33,biological_process,,False
GO:0072525,0.4946185978971973,6752.2413382234745,0.4427454523148303,0.18988830085639802,26,biological_process,,False
GO:0019359,0.49391954130054544,6921.976480105637,0.5078435634197169,0.05749559710535531,17,biological_process,,False
GO:0010257,0.4929203852870326,6848.025648678353,0.4537284718470398,0.4499848559522192,22,biological_process,NADH dehydrogenase complex assembly,False
GO:0070887,0.49220599409623517,6877.315462697029,0.48063678689553757,0.3192257202012766,177,biological_process,,False
GO:0005786,0.491807104801455,6729.375027838462,0.38649862378675937,0.17167789257298283,14,cellular_component,"signal recognition particle, endoplasmic reticulum targeting",False
GO:0006474,0.4917330773503344,7240.436897692021,0.6098503735334604,0.2245550118550244,17,biological_process,N-terminal protein amino acid acetylation,False
GO:0006473,0.4917330773503344,7240.436897692021,0.6098503735334604,0.2245550118550244,17,biological_process,,False
GO:0031669,0.49105109173088285,6928.475779279964,0.5068622965002163,0.29312307415791966,29,biological_process,,False
GO:0072530,0.4910364889647758,6780.213537632592,0.4256573705179283,0.010592793244300864,15,biological_process,,False
GO:0043244,0.4908121051148939,6726.627940222275,0.44788603163105156,0.2543283496222374,15,biological_process,,False
GO:0046512,0.4898995019351309,7185.523219121461,0.5828280633842224,0.28575997402486,11,biological_process,sphingosine biosynthetic process,False
GO:0090407,0.48964954165998725,7003.4680655683505,0.5280423209111126,0.25757240132087666,330,biological_process,,False
GO:0072546,0.48957621738740414,7151.227360081782,0.5736648472846125,0.3112027727216806,18,cellular_component,EMC complex,False
GO:0007031,0.4889476698619401,6984.728141712422,0.5277665545040751,0.3949447520005829,46,biological_process,peroxisome organization,False
GO:2000026,0.4866065313160824,6597.553252225195,0.3859270713682482,0.40887591690529274,31,biological_process,,False
GO:0009937,0.48632132023398583,6459.924267443034,0.2923324050849578,0.16945957361855363,11,biological_process,regulation of gibberellic acid mediated signaling pathway,False
GO:0010628,0.48531105681091163,7072.369648832553,0.5768720320179167,0.0560134961490318,42,biological_process,positive regulation of gene expression,False
GO:0051453,0.4853082621554814,7033.27597487385,0.5620057058701452,0.22119263653653276,29,biological_process,regulation of intracellular pH,False
GO:0005666,0.4851463391377453,6948.46421994025,0.5188123305393032,0.15003852750847385,31,cellular_component,RNA polymerase III complex,False
GO:0045727,0.4848169352046445,6775.889031244776,0.4708174160308373,0.007535572808763306,21,biological_process,positive regulation of translation,False
GO:0000902,0.48411352852013617,7022.102748394777,0.5498357725933439,0.2431656257302473,18,biological_process,cell morphogenesis,False
GO:0110095,0.4834938566635287,6855.516018875192,0.45583578562070853,0.3588623645092862,11,biological_process,,False
GO:0110096,0.4834938566635287,6855.516018875192,0.45583578562070853,0.3588623645092862,11,biological_process,,False
GO:0046292,0.4834938566635287,6855.516018875192,0.45583578562070853,0.3588623645092862,11,biological_process,,False
GO:0046294,0.48349385666352857,6855.516018875192,0.45583578562070853,0.3588623645092862,11,biological_process,formaldehyde catabolic process,False
GO:0043488,0.4828957093507041,6986.792652285018,0.5125082061294268,0.21525329352533157,51,biological_process,regulation of mRNA stability,False
GO:0010038,0.4827938793368565,6826.27156944043,0.4739619707731028,0.3617471427121294,22,biological_process,response to metal ion,False
GO:0019363,0.48245684405201833,6866.149164681291,0.49042212806852287,0.08683360018361286,19,biological_process,,False
GO:0000245,0.48240141975186573,7251.246306694165,0.5859118515573625,0.37304153183271893,29,biological_process,spliceosomal complex assembly,False
GO:0043487,0.48136722279604816,6984.239865908803,0.5099342014195828,0.1952197006880929,53,biological_process,,False
GO:0043574,0.4809909300339923,6912.788166087913,0.48335396660755514,0.25208915164827583,26,biological_process,,False
GO:0018208,0.4806822651546872,6858.706298255393,0.47084797493284264,0.1743743797398642,59,biological_process,,False
GO:0005680,0.4800451378464278,7271.194184606493,0.6231541968189551,0.21132672836909222,21,cellular_component,anaphase-promoting complex,False
GO:0071014,0.47946697396052557,6617.378882078558,0.33185609170973607,0.24550272917638372,18,cellular_component,post-mRNA release spliceosomal complex,False
GO:0000079,0.4791711953240103,7317.405266330982,0.6356747604101916,0.3608736437313982,19,biological_process,regulation of cyclin-dependent protein serine/threonine kinase activity,False
GO:0098562,0.47913753759115335,6906.6974056355975,0.4756676799180607,0.21505578837048983,33,cellular_component,,False
GO:0034708,0.4788852363765319,7115.147824367813,0.5467609936764493,0.05609041376489072,34,cellular_component,,False
GO:0141124,0.4780701436239663,7017.367603978726,0.5267214821515434,0.3242853680696568,34,biological_process,,False
GO:0006820,0.47741358945667045,7183.032375579476,0.5825718015665796,0.05110716406738055,32,biological_process,monoatomic anion transport,False
GO:0009787,0.4773034150894811,6910.406865585811,0.473922122441097,0.10001870616123842,12,biological_process,regulation of abscisic acid-activated signaling pathway,False
GO:0072595,0.47611430442179614,7152.0059129309275,0.5647208939123154,0.16110708521422418,18,biological_process,,False
GO:0006298,0.4741176707312165,7065.120311490684,0.5303585657370519,0.20413229823358053,15,biological_process,mismatch repair,False
GO:0035097,0.473121771714265,7165.820962927409,0.5664234857123244,0.12017243864744515,19,cellular_component,histone methyltransferase complex,False
GO:0045936,0.472369871500873,6749.592460519867,0.399673467238099,0.35075947161266197,11,biological_process,,False
GO:0034311,0.4719338467164869,6853.75870152519,0.4658463346696936,0.3364082398830047,18,biological_process,,False
GO:0034312,0.47193384671648686,6853.75870152519,0.4658463346696936,0.3364082398830047,18,biological_process,,False
GO:0000103,0.47139183791726164,7018.8153168566,0.55118892407028,0.36141840697895733,14,biological_process,sulfate assimilation,False
GO:0007006,0.4713210680302591,7043.847463207651,0.5173661447762636,0.31014742030732456,24,biological_process,,False
GO:0005684,0.4712570292805895,7053.090448216958,0.5202858193888376,0.04569231009267083,68,cellular_component,U2-type spliceosomal complex,False
GO:0006857,0.470074016563147,7194.798169302992,0.6010434782608696,0.29838338161326244,20,biological_process,oligopeptide transport,False
GO:0009898,0.47002074159938395,6694.401943133377,0.39601791596882174,0.13555861338977265,17,cellular_component,cytoplasmic side of plasma membrane,False
GO:0070603,0.46905426093674185,6996.763980454539,0.49919270428519613,0.11921120747479647,35,cellular_component,,False
GO:0009409,0.4657544904556856,6626.537061014521,0.37563684655318125,0.3226576845417536,15,biological_process,response to cold,False
GO:0032507,0.46545769937320053,7153.326027560096,0.5658243005876893,0.1706417374930309,21,biological_process,,False
GO:0019722,0.4651183377191923,6812.181946025947,0.44817846020134716,0.1639982340553316,13,biological_process,calcium-mediated signaling,False
GO:0043086,0.4643798543200934,6979.377484071806,0.5015236025594592,0.07376567824587679,15,biological_process,negative regulation of catalytic activity,False
GO:0051130,0.463980071519236,6899.677253410278,0.5000521286626052,0.009740065954208493,32,biological_process,,False
GO:0046173,0.46223909020340964,6843.324104152588,0.48396454396795946,0.16705357773802454,31,biological_process,,False
GO:0051651,0.4604579409365988,7153.326027560096,0.5658243005876893,0.2590829037559016,21,biological_process,,False
GO:0051235,0.4604579409365988,7153.326027560096,0.5658243005876893,0.2590829037559016,21,biological_process,,False
GO:0046351,0.4575270473450182,6812.545152152364,0.4669874771615523,0.203722269852746,31,biological_process,,False
GO:0010506,0.45724288991221257,7283.116374967957,0.6558203549438609,0.1683290478236394,15,biological_process,regulation of autophagy,False
GO:0070461,0.4563922113487173,7056.277161762994,0.5285306270387822,0.22338694436987494,25,cellular_component,SAGA-type complex,False
GO:0051668,0.45611846254644123,6969.728467093839,0.49496781494474035,0.03528741655007161,139,biological_process,,False
GO:0006670,0.45586815361962,7185.523219121461,0.5828280633842224,0.14842559798502286,11,biological_process,,False
GO:0005956,0.4555430829148963,7182.5964993444895,0.566169370413287,0.13669512905918896,12,cellular_component,protein kinase CK2 complex,False
GO:0009505,0.45489140060216715,7420.917719759519,0.699443719911768,0.18781742847537763,18,cellular_component,plant-type cell wall,False
GO:0015868,0.45274735890588663,6807.92444158027,0.4519353072823584,0.06533744223084711,18,biological_process,,False
GO:0015867,0.45274735890588663,6807.92444158027,0.4519353072823584,0.06533744223084711,18,biological_process,ATP transport,False
GO:0015866,0.45274735890588663,6807.92444158027,0.4519353072823584,0.06533744223084711,18,biological_process,ADP transport,False
GO:0006000,0.452086603082619,6514.544464483865,0.3626367258239768,0.2730276214967648,15,biological_process,fructose metabolic process,False
GO:0031903,0.4499425828163129,6875.032370886416,0.4777322206095791,0.10678941899601979,40,cellular_component,,False
GO:0009267,0.4482180695254439,6928.475779279964,0.5068622965002163,0.16831343925802056,29,biological_process,cellular response to starvation,False
GO:0016281,0.447257429806137,6754.113792394646,0.39258792919979274,0.258912059689413,13,cellular_component,eukaryotic translation initiation factor 4F complex,False
GO:0005778,0.4470327012903974,6875.032370886416,0.4777322206095791,0.12338852622059199,40,cellular_component,peroxisomal membrane,False
GO:0005875,0.44645680941090987,6886.984073617031,0.4734421999354902,0.17990469199650566,29,cellular_component,microtubule associated complex,False
GO:0072663,0.4461011243194484,6762.932002674769,0.41654283850391416,0.16812871412623837,24,biological_process,,False
GO:0007007,0.4457589519369358,6978.808244117985,0.4904944802763485,0.1973909736961758,21,biological_process,,False
GO:0042752,0.44425041663647563,6972.312048409898,0.5260412098284258,0.2200711938553977,19,biological_process,regulation of circadian rhythm,False
GO:0000243,0.4427692084872185,7329.544005837147,0.6117946793593112,0.19653475358972528,11,cellular_component,commitment complex,False
GO:0032981,0.44256629473989273,6979.399571741131,0.5074506110225571,0.21178221440734085,18,biological_process,mitochondrial respiratory chain complex I assembly,False
GO:0000228,0.43932273386295756,7047.107362082685,0.5227133604609839,0.10761898206677017,39,cellular_component,nuclear chromosome,False
GO:0001731,0.4364829301269979,6877.20654913986,0.4744469278367583,0.08191538224899597,14,biological_process,formation of translation preinitiation complex,False
GO:0044092,0.4328366188923958,6979.377484071806,0.5015236025594592,0.12404858026869386,15,biological_process,,False
GO:0034518,0.43237379957658156,6955.547286274655,0.4665013147184542,0.16384787771521142,17,cellular_component,,False
GO:0006621,0.4265657987332864,7160.5511044791965,0.5694001738626485,0.08690766931776112,16,biological_process,protein retention in ER lumen,False
GO:0070972,0.4265657987332864,7160.5511044791965,0.5694001738626485,0.08690766931776112,16,biological_process,,False
GO:0035437,0.4265657987332864,7160.5511044791965,0.5694001738626485,0.08690766931776112,16,biological_process,,False
GO:0046520,0.4249885340478432,7185.523219121461,0.5828280633842224,0.18520966273488387,11,biological_process,,False
GO:0051301,0.42395873661117567,7100.131067908996,0.5812892645971914,0.006801707548565031,44,biological_process,cell division,False
GO:0070071,0.42256674299692837,7039.193436570077,0.5198073580533025,0.0232230394767688,12,biological_process,,False
GO:0006616,0.42039894087916685,7009.412205156937,0.50663272697171,0.14510853209511376,14,biological_process,"SRP-dependent cotranslational protein targeting to membrane, translocation",False
GO:0048366,0.4195599169563538,6848.353456385338,0.4409641753572808,0.15342743502189055,12,biological_process,leaf development,False
GO:0048827,0.4195599169563538,6848.353456385338,0.4409641753572808,0.15342743502189055,12,biological_process,,False
GO:0030127,0.4188654780295467,7061.880327034014,0.5352956813842771,0.11057742441789076,27,cellular_component,COPII vesicle coat,False
GO:0006613,0.41821836477515334,6923.901420742353,0.4762315963156368,0.052413045004415196,32,biological_process,,False
GO:0006614,0.41821836477515334,6923.901420742353,0.4762315963156368,0.052413045004415196,32,biological_process,SRP-dependent cotranslational protein targeting to membrane,False
GO:0046519,0.417830327611598,7062.126571472869,0.5500052927444831,0.16034635228271849,13,biological_process,,False
GO:0031124,0.4165776908149544,7021.561499724303,0.509008589304263,0.0782791402652027,21,biological_process,mRNA 3'-end processing,False
GO:0015919,0.415030823922371,6912.788166087913,0.48335396660755514,0.06594965464429173,26,biological_process,peroxisomal membrane transport,False
GO:0045488,0.41475366306997846,7087.142687657784,0.5475151251818643,0.24463907874854451,11,biological_process,pectin metabolic process,False
GO:0072662,0.41231517044981786,6842.970396303794,0.447347806431798,0.08434821566592399,21,biological_process,,False
GO:0009225,0.4112159075170389,6896.00988819436,0.47945677400638237,0.04942622584031143,32,biological_process,nucleotide-sugar metabolic process,False
GO:0043596,0.4073945333558629,7153.434053411824,0.5770874067637048,0.13514661961147817,11,cellular_component,nuclear replication fork,False
GO:0036503,0.40070812807881767,7018.200696517123,0.5042062083454071,0.10161281056416432,16,biological_process,,False
GO:0006817,0.3925852146967685,6769.200072876434,0.44289750090546903,0.09044451836901451,15,biological_process,phosphate ion transport,False
GO:0071763,0.3893451130904965,7206.619410052462,0.5990757016175222,0.10701528967142449,11,biological_process,nuclear membrane organization,False
GO:0016049,0.3866613553511504,6726.427870111784,0.44094132853457835,0.03812934074954415,13,biological_process,,False
GO:0031011,0.38353253652058433,6942.777337618948,0.4658022455632017,0.06127793581427328,15,cellular_component,Ino80 complex,False
GO:0006353,0.3796655661467659,7145.59490401558,0.5879412403953105,0.03779422172519515,17,biological_process,DNA-templated transcription termination,False
GO:0000152,0.37497056504377463,7060.979413427093,0.5537504832318547,0.01777452308005137,24,cellular_component,,False
GO:0048046,0.37281977496454705,6976.8194908258965,0.5358116688722022,0.031324159749737984,19,cellular_component,apoplast,False
GO:0035145,0.37024496430956927,6869.567210957874,0.44904758455855726,0.05221557089914487,13,cellular_component,exon-exon junction complex,False
GO:0051205,0.3552961602363993,6624.955404119546,0.36660147289629363,0.020138530596294467,15,biological_process,protein insertion into membrane,False
GO:0016558,0.3494041437966671,6872.683487962,0.4652057736809133,0.01887677800585131,17,biological_process,protein import into peroxisome matrix,False
GO:0009690,0.3483853906164663,6808.714143899589,0.45719183870578295,0.017681125127334198,15,biological_process,cytokinin metabolic process,False
GO:0015865,0.34604524486382865,6908.298325669463,0.48975675241309546,0.004634937029575111,23,biological_process,,False
GO:0006862,0.32987770533996336,6976.423466746007,0.5152260719759764,0.0006998668473546784,29,biological_process,nucleotide transport,False
GO:0051503,0.2924428957044743,6908.298325669463,0.48975675241309546,0.0005325418677091248,23,biological_process,,False
GO:0042995,0.2845125159919859,6981.3935360803525,0.5007406237039085,0.01510775421576415,11,cellular_component,cell projection,False
GO:0000963,0.27653554300244626,6722.100638529392,0.4036910969486288,0.033243730205640705,12,biological_process,mitochondrial RNA processing,False
GO:0000445,0.2655816255099331,7065.932906102463,0.5357507291028907,0.00398281531906706,11,cellular_component,THO complex part of transcription export complex,False
GO:0000347,0.2567007073706574,7177.259301436376,0.5874723523742138,0.0011665908342741447,13,cellular_component,THO complex,False
GO:0000346,0.25670070737065737,7177.259301436376,0.5874723523742138,0.0011665908342741447,13,cellular_component,transcription export complex,False
GO:0031902,0.2408888976685587,6964.451963732127,0.5052151238591917,0.011701979461350575,14,cellular_component,late endosome membrane,False
