,conservation_score
Glyma.07G185500.Wm82.a4.v1,1.0002308912401872
Glyma.14G099900.Wm82.a4.v1,1.000200774991467
Glyma.15G221300.Wm82.a4.v1,1.0000351356235067
Glyma.19G211700.Wm82.a4.v1,0.999859457505973
Glyma.18G103500.Wm82.a4.v1,0.9997791475093862
Glyma.02G104600.Wm82.a4.v1,0.9997440118858795
Glyma.18G106300.Wm82.a4.v1,0.9994930431465456
Glyma.09G155500.Wm82.a4.v1,0.9993826169012388
Glyma.10G177200.Wm82.a4.v1,0.9993801072138454
Glyma.15G186400.Wm82.a4.v1,0.9993725781516655
Glyma.07G019700.Wm82.a4.v1,0.9993575200273054
Glyma.06G324300.Wm82.a4.v1,0.9993424619029454
Glyma.08G180000.Wm82.a4.v1,0.9991768225349851
Glyma.09G135700.Wm82.a4.v1,0.999146706286265
Glyma.16G044900.Wm82.a4.v1,0.9990689059770715
Glyma.15G264600.Wm82.a4.v1,0.9990312606661714
Glyma.16G033700.Wm82.a4.v1,0.9990262412913847
Glyma.02G270200.Wm82.a4.v1,0.9990011444174514
Glyma.07G200500.Wm82.a4.v1,0.9989810669183047
Glyma.16G012000.Wm82.a4.v1,0.9989509506695846
Glyma.07G258700.Wm82.a4.v1,0.9989208344208645
Glyma.13G175700.Wm82.a4.v1,0.9989032666091112
Glyma.10G178400.Wm82.a4.v1,0.9988756600477845
Glyma.08G215300.Wm82.a4.v1,0.9988606019234244
Glyma.07G112000.Wm82.a4.v1,0.9988380147368844
Glyma.10G176400.Wm82.a4.v1,0.9987878209890176
Glyma.14G100000.Wm82.a4.v1,0.9987150400546108
Glyma.20G015900.Wm82.a4.v1,0.9987150400546108
Glyma.01G180800.Wm82.a4.v1,0.998657317244564
Glyma.06G150300.Wm82.a4.v1,0.998657317244564
Glyma.07G061500.Wm82.a4.v1,0.9985744975605838
Glyma.15G052400.Wm82.a4.v1,0.9984038388178369
Glyma.07G001300.Wm82.a4.v1,0.9983988194430502
Glyma.01G214300.Wm82.a4.v1,0.9983887806934768
Glyma.18G143700.Wm82.a4.v1,0.9983837613186901
Glyma.15G253700.Wm82.a4.v1,0.9983561547573634
Glyma.10G032200.Wm82.a4.v1,0.9982683156985965
Glyma.13G204800.Wm82.a4.v1,0.9982206316381231
Glyma.08G212000.Wm82.a4.v1,0.9981930250767964
Glyma.19G011400.Wm82.a4.v1,0.9981880057020097
Glyma.08G063700.Wm82.a4.v1,0.9981779669524364
Glyma.03G114600.Wm82.a4.v1,0.9981428313289297
Glyma.15G107900.Wm82.a4.v1,0.9981252635171763
Glyma.13G347700.Wm82.a4.v1,0.9981076957054229
Glyma.20G231600.Wm82.a4.v1,0.9980775794567028
Glyma.04G161600.Wm82.a4.v1,0.9979922500853293
Glyma.02G309500.Wm82.a4.v1,0.997982211335756
Glyma.06G020400.Wm82.a4.v1,0.9979169594635292
Glyma.11G111400.Wm82.a4.v1,0.9979169594635292
Glyma.16G211700.Wm82.a4.v1,0.9978968819643825
Glyma.10G157100.Wm82.a4.v1,0.9978441785291224
Glyma.12G199400.Wm82.a4.v1,0.9978140622804024
Glyma.02G061100.Wm82.a4.v1,0.9976961069729154
Glyma.09G154700.Wm82.a4.v1,0.997686068223342
Glyma.08G126800.Wm82.a4.v1,0.9976735197863754
Glyma.14G003400.Wm82.a4.v1,0.997640893850262
Glyma.05G172300.Wm82.a4.v1,0.997625835725902
Glyma.20G008600.Wm82.a4.v1,0.9975630935410685
Glyma.13G286000.Wm82.a4.v1,0.9975154094805951
Glyma.03G172500.Wm82.a4.v1,0.997500351356235
Glyma.13G176500.Wm82.a4.v1,0.9974953319814484
Glyma.10G163300.Wm82.a4.v1,0.9974802738570884
Glyma.08G068800.Wm82.a4.v1,0.997432589796615
Glyma.14G008000.Wm82.a4.v1,0.9974100026100748
Glyma.15G275700.Wm82.a4.v1,0.9973372216756681
Glyma.08G069000.Wm82.a4.v1,0.9971891501194611
Glyma.04G054400.Wm82.a4.v1,0.997128917622021
Glyma.07G200200.Wm82.a4.v1,0.9970937819985143
Glyma.12G092000.Wm82.a4.v1,0.9970686851245809
Glyma.12G215500.Wm82.a4.v1,0.9970636657497942
Glyma.18G241700.Wm82.a4.v1,0.9970159816893208
Glyma.15G090300.Wm82.a4.v1,0.9969933945027807
Glyma.10G249000.Wm82.a4.v1,0.9969331620053407
Glyma.03G262300.Wm82.a4.v1,0.9969231232557673
Glyma.16G206200.Wm82.a4.v1,0.9968779488826872
Glyma.02G282500.Wm82.a4.v1,0.9968377938843938
Glyma.17G100700.Wm82.a4.v1,0.9968327745096071
Glyma.05G128000.Wm82.a4.v1,0.9967574838878069
Glyma.19G173400.Wm82.a4.v1,0.9967574838878069
Glyma.08G238100.Wm82.a4.v1,0.9966721545164334
Glyma.09G250800.Wm82.a4.v1,0.9966269801433534
Glyma.14G031800.Wm82.a4.v1,0.9965893348324533
Glyma.13G220900.Wm82.a4.v1,0.9965617282711265
Glyma.10G042000.Wm82.a4.v1,0.9965516895215532
Glyma.04G174400.Wm82.a4.v1,0.9965366313971932
Glyma.15G174200.Wm82.a4.v1,0.9965265926476198
Glyma.02G249600.Wm82.a4.v1,0.9964839279619331
Glyma.11G221000.Wm82.a4.v1,0.9963910695283795
Glyma.05G022900.Wm82.a4.v1,0.9963910695283795
Glyma.18G193600.Wm82.a4.v1,0.9963509145300862
Glyma.15G043200.Wm82.a4.v1,0.9963358564057261
Glyma.14G222500.Wm82.a4.v1,0.9962078623486659
Glyma.16G158100.Wm82.a4.v1,0.9962053526612725
Glyma.04G062200.Wm82.a4.v1,0.9961953139116991
Glyma.06G054700.Wm82.a4.v1,0.9961601782881925
Glyma.08G350800.Wm82.a4.v1,0.9960949264159656
Glyma.16G116300.Wm82.a4.v1,0.9960597907924589
Glyma.12G037400.Wm82.a4.v1,0.9960296745437388
Glyma.16G202500.Wm82.a4.v1,0.9960196357941655
Glyma.07G163600.Wm82.a4.v1,0.9960121067319855
Glyma.19G106800.Wm82.a4.v1,0.9959468548597586
Glyma.08G068700.Wm82.a4.v1,0.9959217579858253
Glyma.15G040200.Wm82.a4.v1,0.9959092095488586
Glyma.04G035900.Wm82.a4.v1,0.9958489770514185
Glyma.15G008800.Wm82.a4.v1,0.9957586283052583
Glyma.20G144700.Wm82.a4.v1,0.995756118617865
Glyma.13G176000.Wm82.a4.v1,0.9957435701808983
Glyma.10G026600.Wm82.a4.v1,0.9956030276868714
Glyma.17G133200.Wm82.a4.v1,0.9955176983154979
Glyma.04G112800.Wm82.a4.v1,0.9955126789407112
Glyma.19G123800.Wm82.a4.v1,0.9954574658180577
Glyma.19G216300.Wm82.a4.v1,0.9953972333206176
Glyma.19G260600.Wm82.a4.v1,0.9953821751962576
Glyma.09G089600.Wm82.a4.v1,0.9953344911357841
Glyma.01G022100.Wm82.a4.v1,0.9953018651996707
Glyma.01G215500.Wm82.a4.v1,0.9953018651996707
Glyma.10G089300.Wm82.a4.v1,0.995266729576164
Glyma.08G074000.Wm82.a4.v1,0.9952566908265906
Glyma.02G064700.Wm82.a4.v1,0.9952014777039372
Glyma.11G061300.Wm82.a4.v1,0.9951864195795772
Glyma.04G020300.Wm82.a4.v1,0.9950910514586303
Glyma.05G051300.Wm82.a4.v1,0.9950408577107636
Glyma.03G086200.Wm82.a4.v1,0.9949756058385367
Glyma.07G142700.Wm82.a4.v1,0.99497058646375
Glyma.08G173700.Wm82.a4.v1,0.9948902764671632
Glyma.03G219400.Wm82.a4.v1,0.9948451020940832
Glyma.08G304200.Wm82.a4.v1,0.9948350633445098
Glyma.13G230500.Wm82.a4.v1,0.9948300439697231
Glyma.11G181100.Wm82.a4.v1,0.9948250245949365
Glyma.11G095600.Wm82.a4.v1,0.9947296564739896
Glyma.14G185700.Wm82.a4.v1,0.9947095789748429
Glyma.10G089500.Wm82.a4.v1,0.9946418174152227
Glyma.12G219300.Wm82.a4.v1,0.9946418174152227
Glyma.15G243300.Wm82.a4.v1,0.9946292689782561
Glyma.09G210900.Wm82.a4.v1,0.9945966430421427
Glyma.06G202200.Wm82.a4.v1,0.9945840946051759
Glyma.04G167900.Wm82.a4.v1,0.9945439396068826
Glyma.07G047600.Wm82.a4.v1,0.9944987652338024
Glyma.12G117900.Wm82.a4.v1,0.994428493986789
Glyma.15G077700.Wm82.a4.v1,0.9944084164876423
Glyma.01G231900.Wm82.a4.v1,0.9943532033649889
Glyma.08G204800.Wm82.a4.v1,0.9942377577448953
Glyma.09G196000.Wm82.a4.v1,0.9942327383701086
Glyma.15G148500.Wm82.a4.v1,0.9942176802457486
Glyma.11G245400.Wm82.a4.v1,0.9941599574357018
Glyma.06G194900.Wm82.a4.v1,0.9940118858794948
Glyma.14G134900.Wm82.a4.v1,0.9939215371333346
Glyma.08G082900.Wm82.a4.v1,0.9938663240106812
Glyma.08G186200.Wm82.a4.v1,0.9938613046358945
Glyma.18G030400.Wm82.a4.v1,0.9938537755737146
Glyma.05G007100.Wm82.a4.v1,0.9938412271367478
Glyma.18G114900.Wm82.a4.v1,0.9938035818258478
Glyma.09G067700.Wm82.a4.v1,0.9937910333888811
Glyma.04G075800.Wm82.a4.v1,0.9937809946393077
Glyma.06G015900.Wm82.a4.v1,0.9937659365149477
Glyma.13G299200.Wm82.a4.v1,0.9937558977653743
Glyma.07G200000.Wm82.a4.v1,0.9936705683940008
Glyma.02G184800.Wm82.a4.v1,0.9935199871504006
Glyma.20G225900.Wm82.a4.v1,0.9934999096512538
Glyma.15G091600.Wm82.a4.v1,0.9934396771538138
Glyma.11G226900.Wm82.a4.v1,0.993427128716847
Glyma.06G204200.Wm82.a4.v1,0.993359367157227
Glyma.11G043400.Wm82.a4.v1,0.9933493284076536
Glyma.03G159100.Wm82.a4.v1,0.9932890959102134
Glyma.16G143600.Wm82.a4.v1,0.9932564699741
Glyma.16G205200.Wm82.a4.v1,0.99321129560102
Glyma.06G119500.Wm82.a4.v1,0.9932087859136266
Glyma.01G115900.Wm82.a4.v1,0.9931234565422531
Glyma.02G047600.Wm82.a4.v1,0.9930331077960929
Glyma.04G066000.Wm82.a4.v1,0.9930080109221595
Glyma.01G010200.Wm82.a4.v1,0.9930029915473728
Glyma.07G019500.Wm82.a4.v1,0.9930029915473728
Glyma.02G141700.Wm82.a4.v1,0.9929653462364728
Glyma.05G022200.Wm82.a4.v1,0.9928599393659526
Glyma.08G181000.Wm82.a4.v1,0.9928473909289859
Glyma.04G055300.Wm82.a4.v1,0.9928398618668058
Glyma.09G087700.Wm82.a4.v1,0.9928373521794125
Glyma.01G106800.Wm82.a4.v1,0.9928222940550525
Glyma.12G202500.Wm82.a4.v1,0.9927971971811191
Glyma.02G218300.Wm82.a4.v1,0.9926767321862389
Glyma.18G285100.Wm82.a4.v1,0.9926666934366656
Glyma.19G161400.Wm82.a4.v1,0.9925161121930652
Glyma.09G131500.Wm82.a4.v1,0.9924859959443452
Glyma.16G028500.Wm82.a4.v1,0.9924408215712651
Glyma.13G302900.Wm82.a4.v1,0.9922074206436846
Glyma.02G019200.Wm82.a4.v1,0.9921998915815046
Glyma.14G138200.Wm82.a4.v1,0.9921848334571446
Glyma.06G321900.Wm82.a4.v1,0.9921647559579979
Glyma.04G215800.Wm82.a4.v1,0.9921195815849178
Glyma.09G102400.Wm82.a4.v1,0.9920493103379043
Glyma.10G042100.Wm82.a4.v1,0.9919413937799908
Glyma.12G052500.Wm82.a4.v1,0.9919388840925975
Glyma.03G146100.Wm82.a4.v1,0.9918083803481438
Glyma.01G198500.Wm82.a4.v1,0.9917180316019837
Glyma.12G122700.Wm82.a4.v1,0.9914821209870098
Glyma.13G129500.Wm82.a4.v1,0.9914494950508964
Glyma.02G209000.Wm82.a4.v1,0.9914294175517497
Glyma.11G248900.Wm82.a4.v1,0.9912662878711828
Glyma.16G016100.Wm82.a4.v1,0.9912637781837894
Glyma.16G029300.Wm82.a4.v1,0.9912512297468228
Glyma.13G132100.Wm82.a4.v1,0.9911006485032224
Glyma.16G017600.Wm82.a4.v1,0.9908296022647419
Glyma.06G055500.Wm82.a4.v1,0.9907869375790551
Glyma.19G172500.Wm82.a4.v1,0.9907141566446483
Glyma.13G129400.Wm82.a4.v1,0.9906338466480615
Glyma.15G194300.Wm82.a4.v1,0.9906062400867348
Glyma.06G242900.Wm82.a4.v1,0.9905585560262614
Glyma.03G120300.Wm82.a4.v1,0.9904631879053145
Glyma.17G214400.Wm82.a4.v1,0.9904531491557411
Glyma.15G015100.Wm82.a4.v1,0.9900415604232337
Glyma.13G357300.Wm82.a4.v1,0.9898608629309134
Glyma.20G083800.Wm82.a4.v1,0.9898257273074066
Glyma.05G048000.Wm82.a4.v1,0.9898156885578332
Glyma.08G311600.Wm82.a4.v1,0.9896349910655129
Glyma.19G227700.Wm82.a4.v1,0.9896073845041862
Glyma.14G063700.Wm82.a4.v1,0.9894593129479792
Glyma.12G065100.Wm82.a4.v1,0.9894241773244724
Glyma.14G063800.Wm82.a4.v1,0.9893915513883591
Glyma.11G142100.Wm82.a4.v1,0.9892986929548055
Glyma.07G059600.Wm82.a4.v1,0.9892685767060855
Glyma.15G071600.Wm82.a4.v1,0.989183247334712
Glyma.11G111100.Wm82.a4.v1,0.9891330535868452
Glyma.03G119500.Wm82.a4.v1,0.989020117654145
Glyma.04G015900.Wm82.a4.v1,0.9889473367197382
Glyma.17G037700.Wm82.a4.v1,0.988849458911398
Glyma.16G145800.Wm82.a4.v1,0.988686329230831
Glyma.08G332900.Wm82.a4.v1,0.9886009998594575
Glyma.17G201600.Wm82.a4.v1,0.9883550504949103
Glyma.13G254900.Wm82.a4.v1,0.9882797598731102
Glyma.04G014500.Wm82.a4.v1,0.9882446242496035
Glyma.04G221700.Wm82.a4.v1,0.9881643142530167
Glyma.11G053400.Wm82.a4.v1,0.9879785973859097
Glyma.03G230000.Wm82.a4.v1,0.9879710683237296
Glyma.01G044000.Wm82.a4.v1,0.9878531130162427
Glyma.03G259400.Wm82.a4.v1,0.9876975123978557
Glyma.13G294300.Wm82.a4.v1,0.9876523380247756
Glyma.06G176900.Wm82.a4.v1,0.9873561949123617
Glyma.10G174700.Wm82.a4.v1,0.9871102455478146
Glyma.18G138300.Wm82.a4.v1,0.987017387114261
Glyma.19G181300.Wm82.a4.v1,0.9867137149396671
Glyma.03G171100.Wm82.a4.v1,0.9866585018170136
Glyma.15G250800.Wm82.a4.v1,0.986653482442227
Glyma.08G354700.Wm82.a4.v1,0.9865179593229867
Glyma.01G211200.Wm82.a4.v1,0.9864778043246933
Glyma.11G141600.Wm82.a4.v1,0.9862142871483928
Glyma.08G106700.Wm82.a4.v1,0.9862067580862128
Glyma.13G277900.Wm82.a4.v1,0.9860888027787259
Glyma.12G215900.Wm82.a4.v1,0.9860561768426125
Glyma.04G065600.Wm82.a4.v1,0.9860310799686791
Glyma.15G016300.Wm82.a4.v1,0.9859507699720923
Glyma.10G263000.Wm82.a4.v1,0.9859081052864055
Glyma.05G001100.Wm82.a4.v1,0.985830304977212
Glyma.02G280800.Wm82.a4.v1,0.9857650531049852
Glyma.01G082700.Wm82.a4.v1,0.9855341618647981
Glyma.01G229800.Wm82.a4.v1,0.9847385909611099
Glyma.03G068100.Wm82.a4.v1,0.9847009456502098
Glyma.16G175000.Wm82.a4.v1,0.9846557712771297
Glyma.17G174500.Wm82.a4.v1,0.9845855000301162
Glyma.18G049600.Wm82.a4.v1,0.9845453450318228
Glyma.11G027000.Wm82.a4.v1,0.9844349187865159
Glyma.18G184000.Wm82.a4.v1,0.9844198606621559
Glyma.02G305400.Wm82.a4.v1,0.9843546087899291
Glyma.07G200300.Wm82.a4.v1,0.984309434416849
Glyma.09G073900.Wm82.a4.v1,0.9842341437950489
Glyma.05G003200.Wm82.a4.v1,0.9841538337984621
Glyma.03G063200.Wm82.a4.v1,0.9840559559901219
Glyma.13G334300.Wm82.a4.v1,0.9838827875599815
Glyma.10G216700.Wm82.a4.v1,0.9838376131869014
Glyma.08G154300.Wm82.a4.v1,0.9838175356877548
Glyma.10G097800.Wm82.a4.v1,0.9838175356877548
Glyma.14G029700.Wm82.a4.v1,0.9837874194390347
Glyma.07G089500.Wm82.a4.v1,0.9837020900676612
Glyma.17G071200.Wm82.a4.v1,0.9833758307065272
Glyma.08G062300.Wm82.a4.v1,0.9833657919569538
Glyma.08G175800.Wm82.a4.v1,0.9832829722729737
Glyma.15G209000.Wm82.a4.v1,0.9831800750898468
Glyma.13G282000.Wm82.a4.v1,0.9831599975907
Glyma.18G281500.Wm82.a4.v1,0.9830144357218865
Glyma.13G176200.Wm82.a4.v1,0.9828111510430261
Glyma.19G145800.Wm82.a4.v1,0.9827935832312727
Glyma.02G034300.Wm82.a4.v1,0.9825978276145924
Glyma.17G046500.Wm82.a4.v1,0.9825200273053989
Glyma.03G110100.Wm82.a4.v1,0.9825150079306122
Glyma.11G127800.Wm82.a4.v1,0.9824974401188588
Glyma.16G178800.Wm82.a4.v1,0.9824572851205654
Glyma.11G048300.Wm82.a4.v1,0.9824372076214187
Glyma.10G104700.Wm82.a4.v1,0.9823318007508984
Glyma.19G124900.Wm82.a4.v1,0.9821109482602847
Glyma.10G040600.Wm82.a4.v1,0.9820958901359247
Glyma.01G040200.Wm82.a4.v1,0.9820532254502379
Glyma.15G275600.Wm82.a4.v1,0.9820431867006646
Glyma.10G169600.Wm82.a4.v1,0.9818148051478708
Glyma.09G138400.Wm82.a4.v1,0.9817545726504306
Glyma.17G214900.Wm82.a4.v1,0.9815537976589636
Glyma.19G100000.Wm82.a4.v1,0.9809213564358423
Glyma.13G347800.Wm82.a4.v1,0.9809062983114823
Glyma.11G037500.Wm82.a4.v1,0.9808686530005822
Glyma.03G171400.Wm82.a4.v1,0.9808310076896821
Glyma.17G247300.Wm82.a4.v1,0.9807808139418154
Glyma.01G031400.Wm82.a4.v1,0.980718071756982
Glyma.09G077600.Wm82.a4.v1,0.9806553295721485
Glyma.10G162200.Wm82.a4.v1,0.980615174573855
Glyma.13G100200.Wm82.a4.v1,0.9806051358242818
Glyma.16G172600.Wm82.a4.v1,0.9805449033268416
Glyma.05G051600.Wm82.a4.v1,0.9804244383319614
Glyma.05G178200.Wm82.a4.v1,0.9804093802076014
Glyma.07G114900.Wm82.a4.v1,0.9803943220832413
Glyma.05G178000.Wm82.a4.v1,0.9803792639588813
Glyma.11G192300.Wm82.a4.v1,0.9803290702110146
Glyma.12G218900.Wm82.a4.v1,0.9802186439657077
Glyma.03G142800.Wm82.a4.v1,0.9801132370951874
Glyma.12G074500.Wm82.a4.v1,0.9799977914750939
Glyma.05G139800.Wm82.a4.v1,0.9799701849137672
Glyma.11G067100.Wm82.a4.v1,0.9799576364768005
Glyma.15G082000.Wm82.a4.v1,0.9795761639930131
Glyma.17G214600.Wm82.a4.v1,0.979561105868653
Glyma.02G001500.Wm82.a4.v1,0.979546047744293
Glyma.15G185000.Wm82.a4.v1,0.9793302146284659
Glyma.05G197000.Wm82.a4.v1,0.979064187764772
Glyma.11G042200.Wm82.a4.v1,0.9790240327664786
Glyma.04G253300.Wm82.a4.v1,0.9789989358925453
Glyma.20G116100.Wm82.a4.v1,0.978878470897665
Glyma.03G137000.Wm82.a4.v1,0.9786300118457245
Glyma.17G075900.Wm82.a4.v1,0.9784166884172908
Glyma.12G236500.Wm82.a4.v1,0.9784066496677174
Glyma.06G138100.Wm82.a4.v1,0.9783715140442106
Glyma.13G333900.Wm82.a4.v1,0.9782912040476238
Glyma.11G178100.Wm82.a4.v1,0.9781707390527435
Glyma.01G238600.Wm82.a4.v1,0.9780452546830767
Glyma.17G154900.Wm82.a4.v1,0.97804023530829
Glyma.13G153400.Wm82.a4.v1,0.9779549059369165
Glyma.13G286300.Wm82.a4.v1,0.9777792278193829
Glyma.13G230600.Wm82.a4.v1,0.9777591503202361
Glyma.09G249400.Wm82.a4.v1,0.977498142831329
Glyma.17G023100.Wm82.a4.v1,0.9774529684582488
Glyma.03G245100.Wm82.a4.v1,0.9774479490834621
Glyma.03G246300.Wm82.a4.v1,0.9774077940851688
Glyma.15G040400.Wm82.a4.v1,0.9773124259642219
Glyma.20G104000.Wm82.a4.v1,0.9771518059710482
Glyma.18G284900.Wm82.a4.v1,0.9769660891039412
Glyma.20G218902.Wm82.a4.v1,0.9766799847411006
Glyma.20G175300.Wm82.a4.v1,0.9766649266167406
Glyma.08G245100.Wm82.a4.v1,0.9766046941193005
Glyma.16G136600.Wm82.a4.v1,0.9765846166201538
Glyma.01G198100.Wm82.a4.v1,0.9765545003714338
Glyma.04G188700.Wm82.a4.v1,0.976526893810107
Glyma.13G111500.Wm82.a4.v1,0.9764440741261269
Glyma.09G187300.Wm82.a4.v1,0.9763888610034734
Glyma.15G234700.Wm82.a4.v1,0.9763888610034734
Glyma.15G152900.Wm82.a4.v1,0.9763537253799667
Glyma.10G237800.Wm82.a4.v1,0.976208163511153
Glyma.17G133600.Wm82.a4.v1,0.9761027566406328
Glyma.07G032500.Wm82.a4.v1,0.9760073885196859
Glyma.06G089700.Wm82.a4.v1,0.9759722528961793
Glyma.11G106900.Wm82.a4.v1,0.9759220591483125
Glyma.17G214100.Wm82.a4.v1,0.9758919428995925
Glyma.19G026800.Wm82.a4.v1,0.9758166522777922
Glyma.11G030400.Wm82.a4.v1,0.9756635613467987
Glyma.18G237400.Wm82.a4.v1,0.975658541972012
Glyma.17G063200.Wm82.a4.v1,0.9754602766679382
Glyma.05G112100.Wm82.a4.v1,0.9754577669805449
Glyma.17G181000.Wm82.a4.v1,0.9754452185435782
Glyma.01G186000.Wm82.a4.v1,0.9754401991687915
Glyma.08G165500.Wm82.a4.v1,0.9754251410444315
Glyma.07G198500.Wm82.a4.v1,0.975369927921778
Glyma.19G139300.Wm82.a4.v1,0.9753498504226313
Glyma.07G043600.Wm82.a4.v1,0.9753347922982714
Glyma.20G066100.Wm82.a4.v1,0.9752645210512578
Glyma.09G227200.Wm82.a4.v1,0.9752494629268978
Glyma.11G246700.Wm82.a4.v1,0.9751239785572309
Glyma.07G049000.Wm82.a4.v1,0.9751039010580842
Glyma.12G206600.Wm82.a4.v1,0.9749633585640572
Glyma.07G035600.Wm82.a4.v1,0.9749181841909772
Glyma.11G063900.Wm82.a4.v1,0.9748654807557171
Glyma.11G151300.Wm82.a4.v1,0.9748378741943904
Glyma.01G050900.Wm82.a4.v1,0.9747726223221636
Glyma.08G089700.Wm82.a4.v1,0.9747450157608368
Glyma.17G243700.Wm82.a4.v1,0.9745116148332563
Glyma.06G097000.Wm82.a4.v1,0.974501576083683
Glyma.08G364600.Wm82.a4.v1,0.9743886401509828
Glyma.13G176300.Wm82.a4.v1,0.9742656654687092
Glyma.07G075100.Wm82.a4.v1,0.9742405685947758
Glyma.15G167400.Wm82.a4.v1,0.9742204910956291
Glyma.19G231600.Wm82.a4.v1,0.9742104523460557
Glyma.19G012900.Wm82.a4.v1,0.974160258598189
Glyma.18G116900.Wm82.a4.v1,0.9741100648503223
Glyma.01G193600.Wm82.a4.v1,0.9738942317344952
Glyma.11G099300.Wm82.a4.v1,0.9738540767362017
Glyma.10G281400.Wm82.a4.v1,0.973849057361415
Glyma.12G162300.Wm82.a4.v1,0.9737235729917482
Glyma.14G011600.Wm82.a4.v1,0.9736583211195213
Glyma.17G252600.Wm82.a4.v1,0.9735127592507077
Glyma.15G250500.Wm82.a4.v1,0.9734977011263477
Glyma.13G285600.Wm82.a4.v1,0.973492681751561
Glyma.18G243200.Wm82.a4.v1,0.973447507378481
Glyma.13G147000.Wm82.a4.v1,0.9734324492541209
Glyma.13G359500.Wm82.a4.v1,0.9734023330054008
Glyma.18G174600.Wm82.a4.v1,0.9733872748810408
Glyma.02G288600.Wm82.a4.v1,0.9732969261348806
Glyma.15G040300.Wm82.a4.v1,0.9731965386391471
Glyma.09G247900.Wm82.a4.v1,0.973181480514787
Glyma.13G177900.Wm82.a4.v1,0.973143835203887
Glyma.01G205400.Wm82.a4.v1,0.9730961511434135
Glyma.04G008300.Wm82.a4.v1,0.9729882345855
Glyma.06G236200.Wm82.a4.v1,0.97297317646114
Glyma.11G150400.Wm82.a4.v1,0.9729681570863533
Glyma.18G281600.Wm82.a4.v1,0.97296564739896
Glyma.02G205600.Wm82.a4.v1,0.9728752986527998
Glyma.16G026200.Wm82.a4.v1,0.9728351436545064
Glyma.10G056600.Wm82.a4.v1,0.9727698917822796
Glyma.01G183300.Wm82.a4.v1,0.9727548336579196
Glyma.06G055900.Wm82.a4.v1,0.9727196980344128
Glyma.11G140500.Wm82.a4.v1,0.9727096592848394
Glyma.08G045200.Wm82.a4.v1,0.9726644849117594
Glyma.11G228800.Wm82.a4.v1,0.9725440199168791
Glyma.05G079700.Wm82.a4.v1,0.9724988455437991
Glyma.12G065200.Wm82.a4.v1,0.9724285742967856
Glyma.06G190300.Wm82.a4.v1,0.9724135161724256
Glyma.15G014400.Wm82.a4.v1,0.9723256771136587
Glyma.12G169500.Wm82.a4.v1,0.9720621599373582
Glyma.18G049200.Wm82.a4.v1,0.9720069468147048
Glyma.12G169400.Wm82.a4.v1,0.971755978075371
Glyma.09G072100.Wm82.a4.v1,0.9717384102636175
Glyma.13G107500.Wm82.a4.v1,0.9716907262031441
Glyma.06G275400.Wm82.a4.v1,0.9716555905796374
Glyma.11G040400.Wm82.a4.v1,0.9716455518300641
Glyma.03G158200.Wm82.a4.v1,0.9716455518300641
Glyma.19G027400.Wm82.a4.v1,0.9715978677695907
Glyma.06G109300.Wm82.a4.v1,0.9715802999578372
Glyma.10G029400.Wm82.a4.v1,0.9714999899612504
Glyma.05G156300.Wm82.a4.v1,0.9713443893428635
Glyma.18G289100.Wm82.a4.v1,0.9713393699680768
Glyma.17G015600.Wm82.a4.v1,0.9712791374706367
Glyma.04G139200.Wm82.a4.v1,0.9712314534101633
Glyma.01G209400.Wm82.a4.v1,0.9711787499749032
Glyma.10G002600.Wm82.a4.v1,0.9710783624791696
Glyma.08G030900.Wm82.a4.v1,0.9710432268556629
Glyma.03G236200.Wm82.a4.v1,0.9709528781095027
Glyma.10G048100.Wm82.a4.v1,0.970932800610356
Glyma.13G003200.Wm82.a4.v1,0.970822374365049
Glyma.08G343800.Wm82.a4.v1,0.9707420643684622
Glyma.02G171100.Wm82.a4.v1,0.9707119481197422
Glyma.12G015800.Wm82.a4.v1,0.9706667737466621
Glyma.04G241000.Wm82.a4.v1,0.9706567349970887
Glyma.11G049900.Wm82.a4.v1,0.9705613668761419
Glyma.09G045700.Wm82.a4.v1,0.9705412893769952
Glyma.06G309000.Wm82.a4.v1,0.9705262312526352
Glyma.09G263100.Wm82.a4.v1,0.9702451462645812
Glyma.14G078100.Wm82.a4.v1,0.970235107515008
Glyma.08G151700.Wm82.a4.v1,0.9701547975184212
Glyma.08G135000.Wm82.a4.v1,0.9700995843957677
Glyma.05G200500.Wm82.a4.v1,0.970064448772261
Glyma.17G092700.Wm82.a4.v1,0.9699590419017408
Glyma.16G127300.Wm82.a4.v1,0.9698586544060072
Glyma.02G263200.Wm82.a4.v1,0.9698184994077138
Glyma.04G002300.Wm82.a4.v1,0.9697683056598471
Glyma.01G201000.Wm82.a4.v1,0.9697331700363403
Glyma.12G221000.Wm82.a4.v1,0.9697331700363403
Glyma.13G357200.Wm82.a4.v1,0.9697281506615536
Glyma.17G030700.Wm82.a4.v1,0.9696478406649668
Glyma.16G094300.Wm82.a4.v1,0.9696026662918866
Glyma.15G095400.Wm82.a4.v1,0.9695424337944466
Glyma.11G141800.Wm82.a4.v1,0.9695072981709398
Glyma.03G239000.Wm82.a4.v1,0.9694571044230731
Glyma.12G163008.Wm82.a4.v1,0.9693717750516996
Glyma.18G065900.Wm82.a4.v1,0.9692362519324593
Glyma.10G171300.Wm82.a4.v1,0.969211155058526
Glyma.06G014500.Wm82.a4.v1,0.9692011163089526
Glyma.16G203100.Wm82.a4.v1,0.9692011163089526
Glyma.09G160000.Wm82.a4.v1,0.9691308450619391
Glyma.06G019400.Wm82.a4.v1,0.9691308450619391
Glyma.13G069100.Wm82.a4.v1,0.9689702250687654
Glyma.14G215200.Wm82.a4.v1,0.9689652056939787
Glyma.02G168000.Wm82.a4.v1,0.9688949344469653
Glyma.07G034800.Wm82.a4.v1,0.9688899150721786
Glyma.12G169600.Wm82.a4.v1,0.9684933844640312
Glyma.19G242700.Wm82.a4.v1,0.9684833457144578
Glyma.16G141200.Wm82.a4.v1,0.9684281325918044
Glyma.10G243800.Wm82.a4.v1,0.968403035717871
Glyma.18G040100.Wm82.a4.v1,0.9683628807195775
Glyma.02G198400.Wm82.a4.v1,0.9683578613447908
Glyma.09G255500.Wm82.a4.v1,0.9682524544742707
Glyma.08G332000.Wm82.a4.v1,0.9681771638524705
Glyma.17G114800.Wm82.a4.v1,0.9681671251028972
Glyma.13G321600.Wm82.a4.v1,0.9681420282289638
Glyma.11G192500.Wm82.a4.v1,0.9680265826088702
Glyma.07G258500.Wm82.a4.v1,0.9677655751199631
Glyma.20G085900.Wm82.a4.v1,0.9676451101250828
Glyma.06G170300.Wm82.a4.v1,0.967394141385749
Glyma.02G300200.Wm82.a4.v1,0.9672786957656554
Glyma.19G090000.Wm82.a4.v1,0.9671431726464151
Glyma.15G016400.Wm82.a4.v1,0.9671230951472685
Glyma.20G170000.Wm82.a4.v1,0.9671080370229084
Glyma.11G201200.Wm82.a4.v1,0.9670478045254683
Glyma.08G327500.Wm82.a4.v1,0.9666311964181742
Glyma.01G030500.Wm82.a4.v1,0.9666311964181742
Glyma.12G025400.Wm82.a4.v1,0.9665960607946674
Glyma.15G271200.Wm82.a4.v1,0.9664755957997871
Glyma.03G123100.Wm82.a4.v1,0.9664705764250004
Glyma.04G055400.Wm82.a4.v1,0.9663902664284136
Glyma.01G140600.Wm82.a4.v1,0.9663902664284136
Glyma.10G078400.Wm82.a4.v1,0.9663726986166603
Glyma.18G004100.Wm82.a4.v1,0.9663049370570401
Glyma.02G133800.Wm82.a4.v1,0.9661192201899331
Glyma.05G000300.Wm82.a4.v1,0.9660991426907864
Glyma.09G147500.Wm82.a4.v1,0.9660188326941996
Glyma.16G109900.Wm82.a4.v1,0.9660138133194129
Glyma.06G126000.Wm82.a4.v1,0.965888328949746
Glyma.05G043200.Wm82.a4.v1,0.9658682514505993
Glyma.01G182600.Wm82.a4.v1,0.9657854317666191
Glyma.08G142700.Wm82.a4.v1,0.9657427670809324
Glyma.10G002200.Wm82.a4.v1,0.9655821470877588
Glyma.20G131500.Wm82.a4.v1,0.9654416045937319
Glyma.15G273300.Wm82.a4.v1,0.9653838817836851
Glyma.13G113200.Wm82.a4.v1,0.9653562752223583
Glyma.09G192400.Wm82.a4.v1,0.9653487461601783
Glyma.09G230500.Wm82.a4.v1,0.9652609071014114
Glyma.13G136200.Wm82.a4.v1,0.9649948802377176
Glyma.02G098600.Wm82.a4.v1,0.9649647639889976
Glyma.13G151600.Wm82.a4.v1,0.9648894733671974
Glyma.10G122200.Wm82.a4.v1,0.964864376493264
Glyma.18G119400.Wm82.a4.v1,0.9648593571184774
Glyma.13G094600.Wm82.a4.v1,0.964849318368904
Glyma.14G150500.Wm82.a4.v1,0.9648292408697573
Glyma.02G296600.Wm82.a4.v1,0.9648091633706105
Glyma.03G121600.Wm82.a4.v1,0.9646234465035035
Glyma.18G186800.Wm82.a4.v1,0.9646209368161102
Glyma.12G082100.Wm82.a4.v1,0.9646134077539301
Glyma.07G095000.Wm82.a4.v1,0.9645732527556368
Glyma.08G312800.Wm82.a4.v1,0.96452305900777
Glyma.15G143232.Wm82.a4.v1,0.9644578071355432
Glyma.02G293300.Wm82.a4.v1,0.9644126327624631
Glyma.17G059100.Wm82.a4.v1,0.9643875358885298
Glyma.03G075300.Wm82.a4.v1,0.964211857770996
Glyma.17G084300.Wm82.a4.v1,0.963870540285502
Glyma.13G333800.Wm82.a4.v1,0.9637726624771619
Glyma.01G114800.Wm82.a4.v1,0.963669765294035
Glyma.07G057200.Wm82.a4.v1,0.9636220812335615
Glyma.10G139500.Wm82.a4.v1,0.963559339048728
Glyma.11G192700.Wm82.a4.v1,0.9635417712369747
Glyma.11G150300.Wm82.a4.v1,0.963514164675648
Glyma.07G198600.Wm82.a4.v1,0.9634790290521412
Glyma.12G064000.Wm82.a4.v1,0.9634639709277812
Glyma.04G200000.Wm82.a4.v1,0.9634589515529945
Glyma.20G082800.Wm82.a4.v1,0.9634589515529945
Glyma.11G060100.Wm82.a4.v1,0.9633686028068343
Glyma.12G012800.Wm82.a4.v1,0.9633033509346076
Glyma.17G052700.Wm82.a4.v1,0.9633033509346076
Glyma.13G106600.Wm82.a4.v1,0.9632380990623808
Glyma.19G007700.Wm82.a4.v1,0.9632180215632341
Glyma.06G164800.Wm82.a4.v1,0.9630373240709137
Glyma.02G147000.Wm82.a4.v1,0.9629770915734736
Glyma.05G019600.Wm82.a4.v1,0.9628867428273135
Glyma.10G221500.Wm82.a4.v1,0.9628817234525268
Glyma.06G130900.Wm82.a4.v1,0.9628164715802999
Glyma.18G291900.Wm82.a4.v1,0.9628114522055132
Glyma.05G234800.Wm82.a4.v1,0.9626508322123396
Glyma.13G280200.Wm82.a4.v1,0.9625604834661795
Glyma.18G207200.Wm82.a4.v1,0.9625554640913928
Glyma.17G080200.Wm82.a4.v1,0.9625253478426727
Glyma.08G167900.Wm82.a4.v1,0.9625002509687394
Glyma.11G148362.Wm82.a4.v1,0.9624701347200193
Glyma.10G169300.Wm82.a4.v1,0.9624149215973659
Glyma.07G019400.Wm82.a4.v1,0.9623597084747124
Glyma.06G274200.Wm82.a4.v1,0.9621739916076053
Glyma.20G018500.Wm82.a4.v1,0.9619581584917782
Glyma.05G166800.Wm82.a4.v1,0.9619129841186982
Glyma.16G137000.Wm82.a4.v1,0.9618627903708314
Glyma.20G150100.Wm82.a4.v1,0.961800048185998
Glyma.12G050700.Wm82.a4.v1,0.9617824803742446
Glyma.13G232500.Wm82.a4.v1,0.9616871122532977
Glyma.08G286800.Wm82.a4.v1,0.9616494669423976
Glyma.16G150400.Wm82.a4.v1,0.9616218603810709
Glyma.05G066100.Wm82.a4.v1,0.9614210853896039
Glyma.04G034500.Wm82.a4.v1,0.9614060272652438
Glyma.12G014400.Wm82.a4.v1,0.9613909691408838
Glyma.06G124800.Wm82.a4.v1,0.9613859497660971
Glyma.08G107200.Wm82.a4.v1,0.9613809303913105
Glyma.04G002000.Wm82.a4.v1,0.9613508141425904
Glyma.04G249700.Wm82.a4.v1,0.9613156785190836
Glyma.11G124800.Wm82.a4.v1,0.9613006203947236
Glyma.06G049400.Wm82.a4.v1,0.9612956010199369
Glyma.06G185200.Wm82.a4.v1,0.9612504266468569
Glyma.14G061100.Wm82.a4.v1,0.9611650972754834
Glyma.09G209700.Wm82.a4.v1,0.9610697291545365
Glyma.09G254302.Wm82.a4.v1,0.9608990704117895
Glyma.18G079900.Wm82.a4.v1,0.9608162507278093
Glyma.15G090500.Wm82.a4.v1,0.9607786054169093
Glyma.03G216900.Wm82.a4.v1,0.9607183729194692
Glyma.14G024600.Wm82.a4.v1,0.9606481016724557
Glyma.17G125700.Wm82.a4.v1,0.9605979079245889
Glyma.13G357900.Wm82.a4.v1,0.9605728110506555
Glyma.02G301200.Wm82.a4.v1,0.9604322685566286
Glyma.06G191300.Wm82.a4.v1,0.9603369004356818
Glyma.14G095500.Wm82.a4.v1,0.9603318810608951
Glyma.04G233500.Wm82.a4.v1,0.9603318810608951
Glyma.15G112500.Wm82.a4.v1,0.9602992551247816
Glyma.15G046600.Wm82.a4.v1,0.9602766679382416
Glyma.05G236300.Wm82.a4.v1,0.9602264741903749
Glyma.14G010900.Wm82.a4.v1,0.9600708735719878
Glyma.09G095400.Wm82.a4.v1,0.9600507960728412
Glyma.06G221100.Wm82.a4.v1,0.9600156604493344
Glyma.20G083300.Wm82.a4.v1,0.9599855442006143
Glyma.15G017000.Wm82.a4.v1,0.9598249242074407
Glyma.12G078100.Wm82.a4.v1,0.9597797498343607
Glyma.16G095000.Wm82.a4.v1,0.9597697110847873
Glyma.11G175800.Wm82.a4.v1,0.959634187965547
Glyma.15G202300.Wm82.a4.v1,0.9595940329672537
Glyma.01G217400.Wm82.a4.v1,0.9595789748428936
Glyma.10G072000.Wm82.a4.v1,0.9595739554681069
Glyma.13G221700.Wm82.a4.v1,0.9595036842210934
Glyma.14G015900.Wm82.a4.v1,0.9594986648463067
Glyma.20G168100.Wm82.a4.v1,0.9593330254783464
Glyma.20G027200.Wm82.a4.v1,0.9593330254783464
Glyma.08G135200.Wm82.a4.v1,0.9592828317304797
Glyma.13G127200.Wm82.a4.v1,0.959277812355693
Glyma.19G168300.Wm82.a4.v1,0.9592125604834661
Glyma.03G107000.Wm82.a4.v1,0.9591824442347461
Glyma.01G203500.Wm82.a4.v1,0.9590971148633726
Glyma.14G177200.Wm82.a4.v1,0.9590870761137993
Glyma.08G024900.Wm82.a4.v1,0.9590519404902925
Glyma.15G179600.Wm82.a4.v1,0.9589063786214789
Glyma.07G127300.Wm82.a4.v1,0.9589038689340855
Glyma.17G205000.Wm82.a4.v1,0.9588712429979722
Glyma.13G302100.Wm82.a4.v1,0.9588461461240388
Glyma.06G113200.Wm82.a4.v1,0.9588411267492521
Glyma.11G056000.Wm82.a4.v1,0.9588361073744655
Glyma.04G019100.Wm82.a4.v1,0.9586604292569317
Glyma.16G135200.Wm82.a4.v1,0.9585600417611982
Glyma.01G199700.Wm82.a4.v1,0.9585550223864115
Glyma.08G239000.Wm82.a4.v1,0.9585048286385448
Glyma.13G249900.Wm82.a4.v1,0.9584194992671713
Glyma.20G213200.Wm82.a4.v1,0.9583793442688778
Glyma.07G039900.Wm82.a4.v1,0.9583391892705845
Glyma.08G302600.Wm82.a4.v1,0.9583140923966511
Glyma.10G044400.Wm82.a4.v1,0.958253859899211
Glyma.19G180000.Wm82.a4.v1,0.9582086855261308
Glyma.19G232100.Wm82.a4.v1,0.9580530849077439
Glyma.08G205500.Wm82.a4.v1,0.9580380267833839
Glyma.12G046000.Wm82.a4.v1,0.9579627361615837
Glyma.19G045800.Wm82.a4.v1,0.957927600538077
Glyma.04G165151.Wm82.a4.v1,0.9578723874154236
Glyma.08G038200.Wm82.a4.v1,0.9578221936675567
Glyma.09G075500.Wm82.a4.v1,0.957616399301303
Glyma.15G127500.Wm82.a4.v1,0.957586283052583
Glyma.15G029500.Wm82.a4.v1,0.9575411086795029
Glyma.11G103700.Wm82.a4.v1,0.9574858955568495
Glyma.10G221600.Wm82.a4.v1,0.957415624309836
Glyma.08G114100.Wm82.a4.v1,0.9573001786897424
Glyma.11G195900.Wm82.a4.v1,0.957267552753629
Glyma.11G237200.Wm82.a4.v1,0.9572098299435823
Glyma.14G004000.Wm82.a4.v1,0.9571245005722088
Glyma.10G256000.Wm82.a4.v1,0.9569990162025418
Glyma.08G356300.Wm82.a4.v1,0.956948822454675
Glyma.05G041700.Wm82.a4.v1,0.9568685124580882
Glyma.16G189100.Wm82.a4.v1,0.9568032605858614
Glyma.04G238900.Wm82.a4.v1,0.9567932218362881
Glyma.06G260100.Wm82.a4.v1,0.9567430280884213
Glyma.10G192400.Wm82.a4.v1,0.956607504969181
Glyma.11G201700.Wm82.a4.v1,0.9565949565322144
Glyma.06G175400.Wm82.a4.v1,0.9565824080952476
Glyma.04G060000.Wm82.a4.v1,0.9564167687272873
Glyma.10G224500.Wm82.a4.v1,0.9562661874836871
Glyma.03G030400.Wm82.a4.v1,0.9561557612383802
Glyma.13G169000.Wm82.a4.v1,0.9560051799947799
Glyma.16G178000.Wm82.a4.v1,0.9559901218704199
Glyma.11G176000.Wm82.a4.v1,0.9559825928082398
Glyma.12G222200.Wm82.a4.v1,0.955939928122553
Glyma.04G050700.Wm82.a4.v1,0.9558696568755396
Glyma.19G203300.Wm82.a4.v1,0.9557441725058726
Glyma.09G071400.Wm82.a4.v1,0.9557441725058726
Glyma.06G263900.Wm82.a4.v1,0.9557190756319393
Glyma.07G139700.Wm82.a4.v1,0.9556688818840725
Glyma.16G039800.Wm82.a4.v1,0.9556387656353524
Glyma.07G147700.Wm82.a4.v1,0.9554982231413255
Glyma.13G138600.Wm82.a4.v1,0.9554932037665388
Glyma.13G318000.Wm82.a4.v1,0.9554329712690988
Glyma.03G178300.Wm82.a4.v1,0.9553576806472985
Glyma.11G173700.Wm82.a4.v1,0.9553325837733652
Glyma.03G214400.Wm82.a4.v1,0.9552773706507117
Glyma.20G243500.Wm82.a4.v1,0.9552673319011384
Glyma.05G126500.Wm82.a4.v1,0.9551619250306181
Glyma.07G118600.Wm82.a4.v1,0.9549962856626578
Glyma.04G132400.Wm82.a4.v1,0.9549260144156444
Glyma.04G133900.Wm82.a4.v1,0.9549059369164977
Glyma.01G227400.Wm82.a4.v1,0.9548306462946975
Glyma.05G199700.Wm82.a4.v1,0.9548055494207641
Glyma.12G073900.Wm82.a4.v1,0.9547704137972575
Glyma.02G206700.Wm82.a4.v1,0.9547051619250306
Glyma.12G225500.Wm82.a4.v1,0.9546549681771639
Glyma.10G291500.Wm82.a4.v1,0.9546348906780171
Glyma.14G031200.Wm82.a4.v1,0.9545947356797237
Glyma.02G253500.Wm82.a4.v1,0.9545043869335635
Glyma.19G257900.Wm82.a4.v1,0.9544090188126167
Glyma.16G094900.Wm82.a4.v1,0.9543688638143233
Glyma.14G195200.Wm82.a4.v1,0.9543136506916698
Glyma.07G201300.Wm82.a4.v1,0.954062681952336
Glyma.12G028500.Wm82.a4.v1,0.9540526432027626
Glyma.12G184900.Wm82.a4.v1,0.9540426044531893
Glyma.10G117200.Wm82.a4.v1,0.9539472363322424
Glyma.15G240600.Wm82.a4.v1,0.9538619069608689
Glyma.09G088300.Wm82.a4.v1,0.9538368100869355
Glyma.14G074700.Wm82.a4.v1,0.9538267713373623
Glyma.11G180500.Wm82.a4.v1,0.9537765775894954
Glyma.13G335600.Wm82.a4.v1,0.953706306342482
Glyma.20G166400.Wm82.a4.v1,0.9536661513441885
Glyma.17G243100.Wm82.a4.v1,0.953565763848455
Glyma.20G237400.Wm82.a4.v1,0.9535005119762282
Glyma.09G024000.Wm82.a4.v1,0.9534754151022948
Glyma.17G154151.Wm82.a4.v1,0.9534101632300681
Glyma.15G243100.Wm82.a4.v1,0.9534001244804947
Glyma.02G087800.Wm82.a4.v1,0.953349930732628
Glyma.01G174000.Wm82.a4.v1,0.9532896982351878
Glyma.06G122400.Wm82.a4.v1,0.953224446362961
Glyma.18G074100.Wm82.a4.v1,0.953209388238601
Glyma.05G245600.Wm82.a4.v1,0.9531943301142409
Glyma.16G002500.Wm82.a4.v1,0.953179271989881
Glyma.02G113800.Wm82.a4.v1,0.9530035938723472
Glyma.18G170900.Wm82.a4.v1,0.9529784969984139
Glyma.11G201500.Wm82.a4.v1,0.9529333226253338
Glyma.01G006000.Wm82.a4.v1,0.952898187001827
Glyma.11G253900.Wm82.a4.v1,0.952898187001827
Glyma.08G223900.Wm82.a4.v1,0.952875599815287
Glyma.12G184800.Wm82.a4.v1,0.9528580320035337
Glyma.17G069600.Wm82.a4.v1,0.9528379545043869
Glyma.11G043000.Wm82.a4.v1,0.9527927801313069
Glyma.11G061100.Wm82.a4.v1,0.9527576445078001
Glyma.11G054000.Wm82.a4.v1,0.9527375670086534
Glyma.20G206400.Wm82.a4.v1,0.9527225088842933
Glyma.03G166700.Wm82.a4.v1,0.9527074507599333
Glyma.10G000600.Wm82.a4.v1,0.9526622763868533
Glyma.02G107100.Wm82.a4.v1,0.9526120826389864
Glyma.12G079500.Wm82.a4.v1,0.9525217338928263
Glyma.13G280600.Wm82.a4.v1,0.9524665207701729
Glyma.13G167200.Wm82.a4.v1,0.9524313851466661
Glyma.13G361400.Wm82.a4.v1,0.9521703776577589
Glyma.18G035300.Wm82.a4.v1,0.9521703776577589
Glyma.18G150000.Wm82.a4.v1,0.9520549320376653
Glyma.18G115500.Wm82.a4.v1,0.952029835163732
Glyma.06G064200.Wm82.a4.v1,0.9518993314192784
Glyma.04G247700.Wm82.a4.v1,0.9518993314192784
Glyma.04G085000.Wm82.a4.v1,0.9518039632983316
Glyma.03G146600.Wm82.a4.v1,0.9517286726765314
Glyma.10G033100.Wm82.a4.v1,0.9517186339269581
Glyma.18G036400.Wm82.a4.v1,0.9515680526833578
Glyma.11G050900.Wm82.a4.v1,0.9513421808179573
Glyma.05G187300.Wm82.a4.v1,0.9512869676953039
Glyma.10G051100.Wm82.a4.v1,0.951206657698717
Glyma.17G061600.Wm82.a4.v1,0.9510962314534102
Glyma.03G107900.Wm82.a4.v1,0.9510711345794768
Glyma.15G088500.Wm82.a4.v1,0.9510259602063967
Glyma.10G193200.Wm82.a4.v1,0.9510008633324633
Glyma.17G032200.Wm82.a4.v1,0.9509958439576767
Glyma.15G008700.Wm82.a4.v1,0.9506896620956894
Glyma.15G041600.Wm82.a4.v1,0.9506846427209027
Glyma.20G123100.Wm82.a4.v1,0.9505491196016624
Glyma.05G230700.Wm82.a4.v1,0.9504637902302889
Glyma.13G078400.Wm82.a4.v1,0.9502830927379685
Glyma.08G053500.Wm82.a4.v1,0.9502780733631819
Glyma.05G053600.Wm82.a4.v1,0.9502228602405285
Glyma.13G071400.Wm82.a4.v1,0.9502078021161684
Glyma.20G105800.Wm82.a4.v1,0.9501927439918084
Glyma.08G063800.Wm82.a4.v1,0.950182705242235
Glyma.18G025900.Wm82.a4.v1,0.9501224727447949
Glyma.05G188300.Wm82.a4.v1,0.9500772983717148
Glyma.18G195200.Wm82.a4.v1,0.9499467946272613
Glyma.18G291500.Wm82.a4.v1,0.9499116590037545
Glyma.14G014100.Wm82.a4.v1,0.9497761358845143
Glyma.11G230100.Wm82.a4.v1,0.9497259421366474
Glyma.19G160500.Wm82.a4.v1,0.949685787138354
Glyma.18G064100.Wm82.a4.v1,0.949640612765274
Glyma.13G066500.Wm82.a4.v1,0.9496104965165539
Glyma.19G184600.Wm82.a4.v1,0.94929929527978
Glyma.05G114900.Wm82.a4.v1,0.949158752785753
Glyma.02G005200.Wm82.a4.v1,0.9491236171622462
Glyma.11G025700.Wm82.a4.v1,0.9490483265404461
Glyma.08G177200.Wm82.a4.v1,0.9490257393539061
Glyma.08G103700.Wm82.a4.v1,0.9489780552934326
Glyma.06G236676.Wm82.a4.v1,0.9489780552934326
Glyma.13G101100.Wm82.a4.v1,0.9489529584194992
Glyma.11G101500.Wm82.a4.v1,0.9488626096733391
Glyma.15G137900.Wm82.a4.v1,0.9488575902985524
Glyma.09G071600.Wm82.a4.v1,0.948847551548979
Glyma.13G098100.Wm82.a4.v1,0.9487722609271789
Glyma.15G102000.Wm82.a4.v1,0.9486292087457586
Glyma.11G077700.Wm82.a4.v1,0.9483907884433915
Glyma.06G025400.Wm82.a4.v1,0.9483807496938181
Glyma.06G055600.Wm82.a4.v1,0.948305459072018
Glyma.06G289000.Wm82.a4.v1,0.9482653040737246
Glyma.04G257200.Wm82.a4.v1,0.9482100909510711
Glyma.03G263200.Wm82.a4.v1,0.9480745678318309
Glyma.06G110500.Wm82.a4.v1,0.948009315959604
Glyma.19G242800.Wm82.a4.v1,0.947949083462164
Glyma.12G057800.Wm82.a4.v1,0.9479340253378039
Glyma.13G262200.Wm82.a4.v1,0.9478988897142971
Glyma.07G027400.Wm82.a4.v1,0.9478788122151505
Glyma.20G180100.Wm82.a4.v1,0.9478336378420704
Glyma.07G020000.Wm82.a4.v1,0.9478035215933504
Glyma.08G024100.Wm82.a4.v1,0.9478035215933504
Glyma.13G237800.Wm82.a4.v1,0.9477734053446303
Glyma.11G235500.Wm82.a4.v1,0.9477483084706969
Glyma.20G207100.Wm82.a4.v1,0.9475952175397032
Glyma.19G036100.Wm82.a4.v1,0.9475224366052964
Glyma.13G210800.Wm82.a4.v1,0.947422049109563
Glyma.20G136100.Wm82.a4.v1,0.9473116228642561
Glyma.20G081500.Wm82.a4.v1,0.9473066034894694
Glyma.10G157000.Wm82.a4.v1,0.9472915453651093
Glyma.06G265500.Wm82.a4.v1,0.9472513903668159
Glyma.19G189600.Wm82.a4.v1,0.9470405766257755
Glyma.15G091400.Wm82.a4.v1,0.9469954022526954
Glyma.18G075300.Wm82.a4.v1,0.9469954022526954
Glyma.02G126500.Wm82.a4.v1,0.9468648985082418
Glyma.03G215100.Wm82.a4.v1,0.946814704760375
Glyma.09G109200.Wm82.a4.v1,0.9467494528881483
Glyma.05G174300.Wm82.a4.v1,0.9466239685184813
Glyma.13G046700.Wm82.a4.v1,0.9465436585218945
Glyma.03G193100.Wm82.a4.v1,0.9464984841488144
Glyma.19G186900.Wm82.a4.v1,0.9463679804043609
Glyma.19G005900.Wm82.a4.v1,0.9463253157186741
Glyma.11G216300.Wm82.a4.v1,0.946317786656494
Glyma.19G052400.Wm82.a4.v1,0.9462374766599072
Glyma.13G316500.Wm82.a4.v1,0.9460467404180135
Glyma.12G166200.Wm82.a4.v1,0.9460266629188668
Glyma.19G220100.Wm82.a4.v1,0.94594635292228
Glyma.16G177900.Wm82.a4.v1,0.9459262754231333
Glyma.19G154700.Wm82.a4.v1,0.9458961591744133
Glyma.11G190900.Wm82.a4.v1,0.9457255004316663
Glyma.13G280300.Wm82.a4.v1,0.9456451904350794
Glyma.15G275900.Wm82.a4.v1,0.9456200935611461
Glyma.02G035200.Wm82.a4.v1,0.9456150741863594
Glyma.12G041300.Wm82.a4.v1,0.9455648804384926
Glyma.14G072400.Wm82.a4.v1,0.9455222157528058
Glyma.01G208000.Wm82.a4.v1,0.9455197060654125
Glyma.15G206100.Wm82.a4.v1,0.9453791635713855
Glyma.06G116300.Wm82.a4.v1,0.9453691248218122
Glyma.01G087900.Wm82.a4.v1,0.945248659826932
Glyma.05G129100.Wm82.a4.v1,0.9451231754572651
Glyma.11G034700.Wm82.a4.v1,0.945093059208545
Glyma.19G262000.Wm82.a4.v1,0.9448370710944245
Glyma.14G187800.Wm82.a4.v1,0.944796916096131
Glyma.02G038100.Wm82.a4.v1,0.9447642901600176
Glyma.04G226700.Wm82.a4.v1,0.9447266448491176
Glyma.05G038600.Wm82.a4.v1,0.9446864898508242
Glyma.13G311600.Wm82.a4.v1,0.9446864898508242
Glyma.06G036300.Wm82.a4.v1,0.9445710442307306
Glyma.02G245700.Wm82.a4.v1,0.9445409279820106
Glyma.15G000300.Wm82.a4.v1,0.944395366113197
Glyma.04G242000.Wm82.a4.v1,0.9443803079888369
Glyma.08G304000.Wm82.a4.v1,0.9443200754913967
Glyma.09G084600.Wm82.a4.v1,0.9442046298713033
Glyma.12G164400.Wm82.a4.v1,0.9441544361234364
Glyma.08G236000.Wm82.a4.v1,0.9441193004999298
Glyma.13G175100.Wm82.a4.v1,0.9440640873772763
Glyma.11G150452.Wm82.a4.v1,0.9439737386311161
Glyma.09G181400.Wm82.a4.v1,0.9439536611319694
Glyma.05G218800.Wm82.a4.v1,0.943772963639649
Glyma.07G006900.Wm82.a4.v1,0.9437177505169956
Glyma.03G207500.Wm82.a4.v1,0.9436575180195554
Glyma.18G143900.Wm82.a4.v1,0.9436424598951955
Glyma.05G186700.Wm82.a4.v1,0.9435320336498886
Glyma.03G216600.Wm82.a4.v1,0.9434768205272351
Glyma.06G101600.Wm82.a4.v1,0.9433814524062882
Glyma.06G259800.Wm82.a4.v1,0.9430200574216475
Glyma.20G161100.Wm82.a4.v1,0.9429899411729274
Glyma.18G101600.Wm82.a4.v1,0.9429372377376674
Glyma.03G245300.Wm82.a4.v1,0.9428995924267674
Glyma.14G199200.Wm82.a4.v1,0.9428995924267674
Glyma.02G305600.Wm82.a4.v1,0.9426937980605136
Glyma.14G017100.Wm82.a4.v1,0.9425934105647801
Glyma.18G019700.Wm82.a4.v1,0.9425582749412733
Glyma.04G015400.Wm82.a4.v1,0.9425532555664866
Glyma.10G006200.Wm82.a4.v1,0.9424980424438332
Glyma.13G344200.Wm82.a4.v1,0.9424528680707531
Glyma.13G046200.Wm82.a4.v1,0.9424428293211797
Glyma.13G300200.Wm82.a4.v1,0.9424277711968198
Glyma.15G105600.Wm82.a4.v1,0.9424177324472464
Glyma.12G223400.Wm82.a4.v1,0.9424026743228864
Glyma.07G241700.Wm82.a4.v1,0.9423574999498062
Glyma.09G224200.Wm82.a4.v1,0.9423424418254462
Glyma.02G232600.Wm82.a4.v1,0.9422922480775795
Glyma.02G303000.Wm82.a4.v1,0.9422621318288594
Glyma.11G149600.Wm82.a4.v1,0.9421667637079125
Glyma.16G024600.Wm82.a4.v1,0.9421517055835525
Glyma.13G349100.Wm82.a4.v1,0.9421215893348325
Glyma.10G293500.Wm82.a4.v1,0.9417350974762584
Glyma.12G040200.Wm82.a4.v1,0.9416949424779649
Glyma.16G018500.Wm82.a4.v1,0.9416522777922782
Glyma.12G218100.Wm82.a4.v1,0.9415945549822314
Glyma.01G238000.Wm82.a4.v1,0.9415594193587247
Glyma.05G041900.Wm82.a4.v1,0.9415042062360712
Glyma.13G003000.Wm82.a4.v1,0.9414540124882045
Glyma.17G098600.Wm82.a4.v1,0.941368683116831
Glyma.06G159400.Wm82.a4.v1,0.9413335474933242
Glyma.10G157300.Wm82.a4.v1,0.9412783343706708
Glyma.15G054100.Wm82.a4.v1,0.941243198747164
Glyma.09G130400.Wm82.a4.v1,0.9412231212480173
Glyma.07G214900.Wm82.a4.v1,0.9411177143774971
Glyma.18G096500.Wm82.a4.v1,0.9411026562531372
Glyma.16G040400.Wm82.a4.v1,0.9410775593792037
Glyma.09G068000.Wm82.a4.v1,0.9410524625052703
Glyma.15G166800.Wm82.a4.v1,0.9409972493826169
Glyma.12G117700.Wm82.a4.v1,0.9408617262633766
Glyma.14G056900.Wm82.a4.v1,0.9406358543979761
Glyma.05G135200.Wm82.a4.v1,0.9404802537795892
Glyma.10G283900.Wm82.a4.v1,0.9404501375308691
Glyma.09G098700.Wm82.a4.v1,0.9404049631577891
Glyma.01G176400.Wm82.a4.v1,0.9403497500351357
Glyma.07G185400.Wm82.a4.v1,0.9403497500351357
Glyma.07G249600.Wm82.a4.v1,0.9403196337864156
Glyma.10G255200.Wm82.a4.v1,0.9402694400385488
Glyma.18G028400.Wm82.a4.v1,0.9402292850402554
Glyma.06G100200.Wm82.a4.v1,0.9401690525428152
Glyma.04G054300.Wm82.a4.v1,0.9399783163009215
Glyma.11G096700.Wm82.a4.v1,0.9398026381833878
Glyma.08G353900.Wm82.a4.v1,0.9397976188086012
Glyma.05G046400.Wm82.a4.v1,0.9397173088120144
Glyma.08G007200.Wm82.a4.v1,0.9396420181902142
Glyma.12G009600.Wm82.a4.v1,0.9396369988154275
Glyma.07G043800.Wm82.a4.v1,0.9394563013231072
Glyma.13G338500.Wm82.a4.v1,0.9391701969602666
Glyma.04G171400.Wm82.a4.v1,0.9391300419619732
Glyma.06G191600.Wm82.a4.v1,0.9391250225871866
Glyma.20G149400.Wm82.a4.v1,0.9390898869636798
Glyma.05G191700.Wm82.a4.v1,0.939054751340173
Glyma.03G186500.Wm82.a4.v1,0.9390246350914531
Glyma.04G028400.Wm82.a4.v1,0.9390196157166664
Glyma.09G152100.Wm82.a4.v1,0.9389543638444395
Glyma.06G240500.Wm82.a4.v1,0.9389493444696528
Glyma.03G187000.Wm82.a4.v1,0.9389142088461461
Glyma.20G018000.Wm82.a4.v1,0.9386632401068123
Glyma.02G211200.Wm82.a4.v1,0.9385779107354388
Glyma.04G164400.Wm82.a4.v1,0.9385779107354388
Glyma.17G112200.Wm82.a4.v1,0.938512658863212
Glyma.07G220200.Wm82.a4.v1,0.9385076394884253
Glyma.18G007500.Wm82.a4.v1,0.9384775232397052
Glyma.14G016300.Wm82.a4.v1,0.9384072519926918
Glyma.08G175900.Wm82.a4.v1,0.9383896841809384
Glyma.01G191300.Wm82.a4.v1,0.9382867869978115
Glyma.20G135200.Wm82.a4.v1,0.938156283253358
Glyma.06G135100.Wm82.a4.v1,0.9381161282550645
Glyma.05G034600.Wm82.a4.v1,0.9380358182584777
Glyma.18G102100.Wm82.a4.v1,0.9380358182584777
Glyma.02G205700.Wm82.a4.v1,0.938015740759331
Glyma.09G138100.Wm82.a4.v1,0.9379454695123175
Glyma.19G102000.Wm82.a4.v1,0.9377898688939306
Glyma.16G101000.Wm82.a4.v1,0.9376493263999036
Glyma.10G075000.Wm82.a4.v1,0.9376141907763968
Glyma.08G230900.Wm82.a4.v1,0.9375539582789568
Glyma.01G141900.Wm82.a4.v1,0.9373080089144096
Glyma.13G336300.Wm82.a4.v1,0.9372929507900496
Glyma.02G133900.Wm82.a4.v1,0.9372929507900496
Glyma.07G190100.Wm82.a4.v1,0.9372879314152629
Glyma.10G074900.Wm82.a4.v1,0.9372578151665428
Glyma.06G030100.Wm82.a4.v1,0.936961672054129
Glyma.08G320900.Wm82.a4.v1,0.9369415945549823
Glyma.11G077600.Wm82.a4.v1,0.9369265364306222
Glyma.18G111900.Wm82.a4.v1,0.9369114783062622
Glyma.06G153400.Wm82.a4.v1,0.9368562651836088
Glyma.15G078600.Wm82.a4.v1,0.936806071435742
Glyma.10G154300.Wm82.a4.v1,0.9368010520609553
Glyma.14G033700.Wm82.a4.v1,0.9367358001887285
Glyma.16G089000.Wm82.a4.v1,0.936509928323328
Glyma.11G017800.Wm82.a4.v1,0.936509928323328
Glyma.13G010500.Wm82.a4.v1,0.936494870198968
Glyma.01G209800.Wm82.a4.v1,0.9364597345754613
Glyma.14G070400.Wm82.a4.v1,0.9363919730158411
Glyma.11G090800.Wm82.a4.v1,0.9363141727066476
Glyma.09G052100.Wm82.a4.v1,0.9362639789587809
Glyma.05G042700.Wm82.a4.v1,0.9362087658361274
Glyma.05G180600.Wm82.a4.v1,0.9361937077117675
Glyma.05G038800.Wm82.a4.v1,0.9361786495874074
Glyma.13G243100.Wm82.a4.v1,0.9361259461521473
Glyma.10G063800.Wm82.a4.v1,0.9361108880277873
Glyma.19G259800.Wm82.a4.v1,0.9360732427168872
Glyma.06G121400.Wm82.a4.v1,0.9360657136547071
Glyma.01G223500.Wm82.a4.v1,0.9360481458429538
Glyma.12G049400.Wm82.a4.v1,0.9357369446061798
Glyma.09G240900.Wm82.a4.v1,0.9357218864818199
Glyma.08G042300.Wm82.a4.v1,0.9356666733591664
Glyma.03G174300.Wm82.a4.v1,0.9355662858634328
Glyma.10G182500.Wm82.a4.v1,0.9355562471138595
Glyma.15G129800.Wm82.a4.v1,0.9355462083642861
Glyma.10G207400.Wm82.a4.v1,0.9355311502399262
Glyma.19G258300.Wm82.a4.v1,0.9355311502399262
Glyma.17G101700.Wm82.a4.v1,0.9355010339912061
Glyma.10G094900.Wm82.a4.v1,0.9354759371172727
Glyma.08G205400.Wm82.a4.v1,0.935440801493766
Glyma.19G259100.Wm82.a4.v1,0.9354056658702592
Glyma.18G025100.Wm82.a4.v1,0.9352350071275122
Glyma.02G035700.Wm82.a4.v1,0.9352048908787921
Glyma.17G128400.Wm82.a4.v1,0.9351546971309254
Glyma.16G172700.Wm82.a4.v1,0.935144658381352
Glyma.08G263000.Wm82.a4.v1,0.9350794065091252
Glyma.18G137500.Wm82.a4.v1,0.9349940771377517
Glyma.13G253800.Wm82.a4.v1,0.9349790190133916
Glyma.19G173200.Wm82.a4.v1,0.9348434958941514
Glyma.10G274400.Wm82.a4.v1,0.9348234183950047
Glyma.11G154214.Wm82.a4.v1,0.9347682052723513
Glyma.08G266500.Wm82.a4.v1,0.9346678177766178
Glyma.09G214400.Wm82.a4.v1,0.9345724496556709
Glyma.18G026100.Wm82.a4.v1,0.9345373140321641
Glyma.13G057500.Wm82.a4.v1,0.9345046880960508
Glyma.05G152900.Wm82.a4.v1,0.9344770815347241
Glyma.04G191700.Wm82.a4.v1,0.9343792037263838
Glyma.13G134200.Wm82.a4.v1,0.9341859577970968
Glyma.07G222900.Wm82.a4.v1,0.93410564780051
Glyma.03G092500.Wm82.a4.v1,0.93410564780051
Glyma.11G100800.Wm82.a4.v1,0.933980163430843
Glyma.09G104000.Wm82.a4.v1,0.9339550665569096
Glyma.03G234600.Wm82.a4.v1,0.9339400084325497
Glyma.15G161100.Wm82.a4.v1,0.933934989057763
Glyma.08G274400.Wm82.a4.v1,0.9338245628124561
Glyma.16G042000.Wm82.a4.v1,0.9335836328226956
Glyma.05G132000.Wm82.a4.v1,0.9335735940731222
Glyma.16G027200.Wm82.a4.v1,0.9335685746983355
Glyma.08G242100.Wm82.a4.v1,0.9335484971991889
Glyma.09G037900.Wm82.a4.v1,0.9335133615756821
Glyma.03G167000.Wm82.a4.v1,0.9335033228261088
Glyma.08G139100.Wm82.a4.v1,0.9334732065773887
Glyma.02G002800.Wm82.a4.v1,0.9334481097034554
Glyma.12G032800.Wm82.a4.v1,0.9334481097034554
Glyma.12G138800.Wm82.a4.v1,0.933297528459855
Glyma.20G007100.Wm82.a4.v1,0.9331820828397615
Glyma.16G041700.Wm82.a4.v1,0.9331770634649748
Glyma.09G066400.Wm82.a4.v1,0.9331720440901882
Glyma.18G151800.Wm82.a4.v1,0.9331017728431746
Glyma.01G044500.Wm82.a4.v1,0.9330365209709479
Glyma.17G147900.Wm82.a4.v1,0.9330214628465878
Glyma.02G242000.Wm82.a4.v1,0.9329612303491477
Glyma.17G105900.Wm82.a4.v1,0.9329260947256409
Glyma.05G211100.Wm82.a4.v1,0.9327403778585339
Glyma.08G181300.Wm82.a4.v1,0.9325044672435602
Glyma.12G122900.Wm82.a4.v1,0.9325044672435602
Glyma.11G114300.Wm82.a4.v1,0.9324944284939868
Glyma.03G158100.Wm82.a4.v1,0.9324643122452667
Glyma.15G026500.Wm82.a4.v1,0.93245929287048
Glyma.06G158200.Wm82.a4.v1,0.93245929287048
Glyma.15G195500.Wm82.a4.v1,0.9324542734956934
Glyma.20G084000.Wm82.a4.v1,0.9324492541209067
Glyma.10G014400.Wm82.a4.v1,0.9323890216234666
Glyma.15G261900.Wm82.a4.v1,0.9323513763125665
Glyma.10G223450.Wm82.a4.v1,0.9322836147529464
Glyma.14G130700.Wm82.a4.v1,0.9321982853815729
Glyma.09G185300.Wm82.a4.v1,0.9321982853815729
Glyma.15G051000.Wm82.a4.v1,0.9321229947597727
Glyma.03G087500.Wm82.a4.v1,0.9321129560101994
Glyma.06G175100.Wm82.a4.v1,0.9320978978858393
Glyma.08G297200.Wm82.a4.v1,0.9320677816371192
Glyma.06G118300.Wm82.a4.v1,0.9320276266388259
Glyma.06G047400.Wm82.a4.v1,0.9316009797819583
Glyma.01G188700.Wm82.a4.v1,0.9314905535366514
Glyma.11G048600.Wm82.a4.v1,0.9314654566627181
Glyma.18G054600.Wm82.a4.v1,0.9314002047904913
Glyma.14G135900.Wm82.a4.v1,0.9313500110426245
Glyma.06G163800.Wm82.a4.v1,0.9313148754191178
Glyma.08G114400.Wm82.a4.v1,0.9312144879233842
Glyma.14G080800.Wm82.a4.v1,0.9311492360511575
Glyma.03G157700.Wm82.a4.v1,0.9311341779267974
Glyma.17G158500.Wm82.a4.v1,0.9311191198024374
Glyma.08G204600.Wm82.a4.v1,0.9311191198024374
Glyma.07G060700.Wm82.a4.v1,0.9309760676210171
Glyma.15G148900.Wm82.a4.v1,0.9309283835605437
Glyma.07G023900.Wm82.a4.v1,0.9308631316883169
Glyma.06G318400.Wm82.a4.v1,0.9307727829421567
Glyma.09G240200.Wm82.a4.v1,0.9306974923203566
Glyma.20G003100.Wm82.a4.v1,0.9306824341959965
Glyma.18G243000.Wm82.a4.v1,0.9306723954464232
Glyma.03G261500.Wm82.a4.v1,0.9306322404481298
Glyma.04G229000.Wm82.a4.v1,0.9305770273254763
Glyma.12G053700.Wm82.a4.v1,0.9305418917019695
Glyma.20G141100.Wm82.a4.v1,0.9305017367036762
Glyma.03G005900.Wm82.a4.v1,0.9304565623305961
Glyma.06G118000.Wm82.a4.v1,0.930373742646616
Glyma.06G098300.Wm82.a4.v1,0.9302457485895557
Glyma.05G052300.Wm82.a4.v1,0.9301905354669022
Glyma.20G122600.Wm82.a4.v1,0.9301704579677555
Glyma.06G260700.Wm82.a4.v1,0.9300248960989419
Glyma.08G319900.Wm82.a4.v1,0.9298542373561949
Glyma.10G256400.Wm82.a4.v1,0.9298191017326882
Glyma.20G126000.Wm82.a4.v1,0.9298090629831148
Glyma.05G132800.Wm82.a4.v1,0.929728752986528
Glyma.11G104100.Wm82.a4.v1,0.9297036561125946
Glyma.01G041400.Wm82.a4.v1,0.9296785592386613
Glyma.11G120800.Wm82.a4.v1,0.9296384042403678
Glyma.06G074900.Wm82.a4.v1,0.929573152368141
Glyma.12G001000.Wm82.a4.v1,0.9295279779950609
Glyma.12G227800.Wm82.a4.v1,0.9295179392454875
Glyma.15G047000.Wm82.a4.v1,0.9294326098741141
Glyma.07G063100.Wm82.a4.v1,0.9294125323749673
Glyma.10G040000.Wm82.a4.v1,0.9293171642540206
Glyma.11G237500.Wm82.a4.v1,0.929231834882647
Glyma.02G019600.Wm82.a4.v1,0.9292067380087137
Glyma.17G007100.Wm82.a4.v1,0.9291414861364868
Glyma.19G076300.Wm82.a4.v1,0.9290410986407533
Glyma.18G050600.Wm82.a4.v1,0.9289407111450197
Glyma.08G312300.Wm82.a4.v1,0.9289256530206598
Glyma.08G145600.Wm82.a4.v1,0.9288553817736462
Glyma.03G017200.Wm82.a4.v1,0.928704800530046
Glyma.04G230000.Wm82.a4.v1,0.9286546067821793
Glyma.14G023900.Wm82.a4.v1,0.9286345292830325
Glyma.10G002400.Wm82.a4.v1,0.9285441805368724
Glyma.01G063700.Wm82.a4.v1,0.9284889674142189
Glyma.10G258502.Wm82.a4.v1,0.9284287349167788
Glyma.12G200200.Wm82.a4.v1,0.9284237155419921
Glyma.14G178800.Wm82.a4.v1,0.9284186961672054
Glyma.03G248600.Wm82.a4.v1,0.9284136767924187
Glyma.08G152600.Wm82.a4.v1,0.9283534442949786
Glyma.08G252500.Wm82.a4.v1,0.928348424920192
Glyma.01G040700.Wm82.a4.v1,0.9282932117975385
Glyma.02G283400.Wm82.a4.v1,0.9282881924227518
Glyma.10G158400.Wm82.a4.v1,0.9281627080530849
Glyma.02G103600.Wm82.a4.v1,0.9281426305539382
Glyma.02G285100.Wm82.a4.v1,0.9280874174312848
Glyma.06G135800.Wm82.a4.v1,0.928037223683418
Glyma.05G177000.Wm82.a4.v1,0.9279267974381111
Glyma.17G063100.Wm82.a4.v1,0.9279267974381111
Glyma.01G242300.Wm82.a4.v1,0.9278188808801976
Glyma.07G263300.Wm82.a4.v1,0.9277109643222841
Glyma.11G027400.Wm82.a4.v1,0.9276858674483507
Glyma.18G244900.Wm82.a4.v1,0.9276833577609573
Glyma.06G269500.Wm82.a4.v1,0.927673319011384
Glyma.08G177100.Wm82.a4.v1,0.9276206155761239
Glyma.01G026700.Wm82.a4.v1,0.927577950890437
Glyma.05G052400.Wm82.a4.v1,0.9275352862047503
Glyma.07G058200.Wm82.a4.v1,0.9274650149577368
Glyma.17G149600.Wm82.a4.v1,0.9271738912201096
Glyma.02G251000.Wm82.a4.v1,0.9271638524705362
Glyma.20G106600.Wm82.a4.v1,0.9270986005983095
Glyma.19G167800.Wm82.a4.v1,0.9270634649748027
Glyma.09G263400.Wm82.a4.v1,0.9270233099765093
Glyma.17G088200.Wm82.a4.v1,0.9269329612303492
Glyma.02G015600.Wm82.a4.v1,0.9269128837312024
Glyma.02G255000.Wm82.a4.v1,0.9269028449816291
Glyma.07G069700.Wm82.a4.v1,0.9268175156102556
Glyma.18G021500.Wm82.a4.v1,0.9267773606119621
Glyma.15G063700.Wm82.a4.v1,0.9267572831128155
Glyma.07G028800.Wm82.a4.v1,0.9267472443632421
Glyma.05G013000.Wm82.a4.v1,0.9267271668640954
Glyma.02G085800.Wm82.a4.v1,0.9266819924910153
Glyma.19G254600.Wm82.a4.v1,0.9265012949986949
Glyma.03G241300.Wm82.a4.v1,0.9263858493786014
Glyma.03G215300.Wm82.a4.v1,0.9262754231332945
Glyma.20G218800.Wm82.a4.v1,0.9262553456341478
Glyma.19G045600.Wm82.a4.v1,0.9260646093922541
Glyma.12G212100.Wm82.a4.v1,0.9259491637721605
Glyma.06G170900.Wm82.a4.v1,0.9258839118999338
Glyma.10G226700.Wm82.a4.v1,0.9258337181520669
Glyma.07G089200.Wm82.a4.v1,0.9258236794024937
Glyma.04G110900.Wm82.a4.v1,0.9257985825285603
Glyma.12G049500.Wm82.a4.v1,0.9256530206597466
Glyma.14G125200.Wm82.a4.v1,0.9256480012849599
Glyma.11G143400.Wm82.a4.v1,0.9255626719135864
Glyma.15G259600.Wm82.a4.v1,0.9255225169152931
Glyma.09G205500.Wm82.a4.v1,0.925507458790933
Glyma.12G081500.Wm82.a4.v1,0.9254622844178529
Glyma.09G027900.Wm82.a4.v1,0.9254221294195595
Glyma.06G238200.Wm82.a4.v1,0.9254020519204128
Glyma.06G114000.Wm82.a4.v1,0.9253819744212661
Glyma.04G017500.Wm82.a4.v1,0.925329270986006
Glyma.15G166700.Wm82.a4.v1,0.9252464513020259
Glyma.01G153300.Wm82.a4.v1,0.9252364125524525
Glyma.16G121300.Wm82.a4.v1,0.9252062963037324
Glyma.03G235000.Wm82.a4.v1,0.9250757925592789
Glyma.04G147800.Wm82.a4.v1,0.9249503081896119
Glyma.05G067400.Wm82.a4.v1,0.9249352500652519
Glyma.12G181400.Wm82.a4.v1,0.9249201919408918
Glyma.11G020100.Wm82.a4.v1,0.9248850563173852
Glyma.18G243800.Wm82.a4.v1,0.9248298431947317
Glyma.17G130100.Wm82.a4.v1,0.9248298431947317
Glyma.12G134200.Wm82.a4.v1,0.9247997269460116
Glyma.16G136400.Wm82.a4.v1,0.9247746300720783
Glyma.19G213200.Wm82.a4.v1,0.9247043588250647
Glyma.04G007800.Wm82.a4.v1,0.9246943200754913
Glyma.17G110300.Wm82.a4.v1,0.9246893007007048
Glyma.18G057900.Wm82.a4.v1,0.9246893007007048
Glyma.18G074400.Wm82.a4.v1,0.924608990704118
Glyma.05G026200.Wm82.a4.v1,0.924528680707531
Glyma.06G165200.Wm82.a4.v1,0.9245086032083843
Glyma.17G205900.Wm82.a4.v1,0.9245035838335977
Glyma.07G262100.Wm82.a4.v1,0.9244784869596643
Glyma.06G089600.Wm82.a4.v1,0.9242676732186239
Glyma.18G075000.Wm82.a4.v1,0.9241321500993837
Glyma.02G156800.Wm82.a4.v1,0.9241221113498103
Glyma.17G072400.Wm82.a4.v1,0.9241020338506636
Glyma.16G098900.Wm82.a4.v1,0.9240618788523701
Glyma.07G228300.Wm82.a4.v1,0.92394141385749
Glyma.11G134700.Wm82.a4.v1,0.9238309876121831
Glyma.U031221.Wm82.a4.v1,0.9236804063685827
Glyma.15G018000.Wm82.a4.v1,0.9236804063685827
Glyma.12G201100.Wm82.a4.v1,0.923675386993796
Glyma.05G185000.Wm82.a4.v1,0.923630212620716
Glyma.20G080900.Wm82.a4.v1,0.9236201738711426
Glyma.17G097600.Wm82.a4.v1,0.9235699801232758
Glyma.20G169900.Wm82.a4.v1,0.9235549219989159
Glyma.14G215100.Wm82.a4.v1,0.9235348444997691
Glyma.12G232000.Wm82.a4.v1,0.9235147670006224
Glyma.12G236300.Wm82.a4.v1,0.923444495753609
Glyma.19G001100.Wm82.a4.v1,0.9234394763788223
Glyma.14G193000.Wm82.a4.v1,0.9234244182544622
Glyma.05G223800.Wm82.a4.v1,0.9234043407553155
Glyma.19G123400.Wm82.a4.v1,0.9233993213805288
Glyma.15G097700.Wm82.a4.v1,0.9233943020057421
Glyma.15G018100.Wm82.a4.v1,0.923303953259582
Glyma.18G023100.Wm82.a4.v1,0.9232487401369286
Glyma.01G124300.Wm82.a4.v1,0.9232387013873552
Glyma.18G157300.Wm82.a4.v1,0.9232035657638484
Glyma.13G042500.Wm82.a4.v1,0.9231885076394885
Glyma.14G009900.Wm82.a4.v1,0.923133294516835
Glyma.20G133500.Wm82.a4.v1,0.922962635774088
Glyma.07G043900.Wm82.a4.v1,0.9228471901539944
Glyma.01G010800.Wm82.a4.v1,0.922837151404421
Glyma.16G147700.Wm82.a4.v1,0.9227969964061277
Glyma.20G118600.Wm82.a4.v1,0.9227869576565543
Glyma.13G235300.Wm82.a4.v1,0.9227718995321943
Glyma.05G184700.Wm82.a4.v1,0.9227292348465075
Glyma.10G186300.Wm82.a4.v1,0.9227267251591141
Glyma.14G179200.Wm82.a4.v1,0.9226865701608208
Glyma.06G138400.Wm82.a4.v1,0.9226815507860341
Glyma.14G200200.Wm82.a4.v1,0.9225108920432871
Glyma.09G143200.Wm82.a4.v1,0.9224556789206336
Glyma.13G332700.Wm82.a4.v1,0.9223703495492601
Glyma.10G017900.Wm82.a4.v1,0.9223502720501134
Glyma.05G133302.Wm82.a4.v1,0.92224988455438
Glyma.15G193000.Wm82.a4.v1,0.9222147489308732
Glyma.08G354000.Wm82.a4.v1,0.9221595358082197
Glyma.02G292800.Wm82.a4.v1,0.9220591483124861
Glyma.05G029400.Wm82.a4.v1,0.9220290320637662
Glyma.05G061400.Wm82.a4.v1,0.9220089545646194
Glyma.08G259000.Wm82.a4.v1,0.9219035476940992
Glyma.04G190100.Wm82.a4.v1,0.9218684120705924
Glyma.11G249700.Wm82.a4.v1,0.9218282570722991
Glyma.13G295100.Wm82.a4.v1,0.9217379083261389
Glyma.20G118500.Wm82.a4.v1,0.9216174433312586
Glyma.08G164500.Wm82.a4.v1,0.9215873270825387
Glyma.15G180900.Wm82.a4.v1,0.9215772883329653
Glyma.11G003700.Wm82.a4.v1,0.9215672495833919
Glyma.05G024200.Wm82.a4.v1,0.9215521914590319
Glyma.15G087200.Wm82.a4.v1,0.9215421527094585
Glyma.17G228800.Wm82.a4.v1,0.9214267070893649
Glyma.06G249300.Wm82.a4.v1,0.9214166683397916
Glyma.10G291200.Wm82.a4.v1,0.9213965908406448
Glyma.07G255400.Wm82.a4.v1,0.9213313389684181
Glyma.07G260802.Wm82.a4.v1,0.9212761258457647
Glyma.18G000100.Wm82.a4.v1,0.921271106470978
Glyma.05G015200.Wm82.a4.v1,0.9212510289718313
Glyma.13G344700.Wm82.a4.v1,0.9212359708474712
Glyma.06G171150.Wm82.a4.v1,0.9212209127231112
Glyma.10G177000.Wm82.a4.v1,0.9211907964743912
Glyma.19G125800.Wm82.a4.v1,0.921145622101311
Glyma.15G064300.Wm82.a4.v1,0.9211104864778044
Glyma.15G158500.Wm82.a4.v1,0.9210803702290843
Glyma.10G293300.Wm82.a4.v1,0.9210301764812175
Glyma.14G046100.Wm82.a4.v1,0.9209498664846306
Glyma.09G157700.Wm82.a4.v1,0.9208745758628305
Glyma.14G196700.Wm82.a4.v1,0.9207942658662437
Glyma.12G167700.Wm82.a4.v1,0.9207541108679503
Glyma.19G107500.Wm82.a4.v1,0.9207290139940169
Glyma.20G133300.Wm82.a4.v1,0.9206888589957235
Glyma.17G012000.Wm82.a4.v1,0.9206687814965768
Glyma.12G073000.Wm82.a4.v1,0.9206637621217901
Glyma.05G156100.Wm82.a4.v1,0.9204830646294697
Glyma.16G044400.Wm82.a4.v1,0.9204830646294697
Glyma.10G000200.Wm82.a4.v1,0.9204278515068163
Glyma.07G136200.Wm82.a4.v1,0.9203826771337362
Glyma.18G276200.Wm82.a4.v1,0.9202270765153493
Glyma.02G055500.Wm82.a4.v1,0.9202019796414158
Glyma.09G125800.Wm82.a4.v1,0.9201568052683358
Glyma.06G265000.Wm82.a4.v1,0.9201166502700424
Glyma.12G147300.Wm82.a4.v1,0.9199309334029353
Glyma.04G233300.Wm82.a4.v1,0.9198506234063485
Glyma.09G045000.Wm82.a4.v1,0.9198405846567752
Glyma.13G051800.Wm82.a4.v1,0.9198205071576284
Glyma.06G270500.Wm82.a4.v1,0.9198054490332684
Glyma.02G167900.Wm82.a4.v1,0.9197050615375348
Glyma.13G217100.Wm82.a4.v1,0.9196849840383882
Glyma.13G100900.Wm82.a4.v1,0.9196649065392415
Glyma.09G279000.Wm82.a4.v1,0.9196347902905214
Glyma.10G244900.Wm82.a4.v1,0.9195594996687213
Glyma.06G222000.Wm82.a4.v1,0.9194440540486277
Glyma.15G102550.Wm82.a4.v1,0.9194264862368743
Glyma.19G151400.Wm82.a4.v1,0.919408918425121
Glyma.13G147700.Wm82.a4.v1,0.9194038990503343
Glyma.10G121542.Wm82.a4.v1,0.9193637440520409
Glyma.01G202500.Wm82.a4.v1,0.919223201558014
Glyma.10G245200.Wm82.a4.v1,0.9191077559379204
Glyma.06G131300.Wm82.a4.v1,0.9190625815648403
Glyma.07G181900.Wm82.a4.v1,0.9190174071917602
Glyma.13G153700.Wm82.a4.v1,0.9190174071917602
Glyma.10G153100.Wm82.a4.v1,0.9190123878169735
Glyma.03G155200.Wm82.a4.v1,0.9189521553195334
Glyma.12G178800.Wm82.a4.v1,0.9189220390708134
Glyma.09G276600.Wm82.a4.v1,0.9187814965767864
Glyma.14G118100.Wm82.a4.v1,0.9187463609532797
Glyma.08G316500.Wm82.a4.v1,0.9186861284558395
Glyma.04G020000.Wm82.a4.v1,0.9186560122071195
Glyma.18G008700.Wm82.a4.v1,0.9186359347079728
Glyma.17G079100.Wm82.a4.v1,0.9186309153331861
Glyma.06G064100.Wm82.a4.v1,0.9186058184592527
Glyma.04G002900.Wm82.a4.v1,0.9185757022105326
Glyma.08G200100.Wm82.a4.v1,0.9185606440861727
Glyma.16G148500.Wm82.a4.v1,0.9184502178408658
Glyma.18G223100.Wm82.a4.v1,0.9184351597165057
Glyma.10G165000.Wm82.a4.v1,0.918430140341719
Glyma.12G201900.Wm82.a4.v1,0.918430140341719
Glyma.06G001800.Wm82.a4.v1,0.9184251209669324
Glyma.19G249900.Wm82.a4.v1,0.9182394040998253
Glyma.08G184100.Wm82.a4.v1,0.9181490553536652
Glyma.12G115400.Wm82.a4.v1,0.9181239584797317
Glyma.17G058600.Wm82.a4.v1,0.9180486678579316
Glyma.06G133700.Wm82.a4.v1,0.9180009837974582
Glyma.08G253800.Wm82.a4.v1,0.9179583191117714
Glyma.08G214000.Wm82.a4.v1,0.9179432609874114
Glyma.08G290000.Wm82.a4.v1,0.9178278153673178
Glyma.11G097200.Wm82.a4.v1,0.9177525247455177
Glyma.18G013800.Wm82.a4.v1,0.9177123697472243
Glyma.11G067300.Wm82.a4.v1,0.9176220210010642
Glyma.15G120400.Wm82.a4.v1,0.9175216335053306
Glyma.12G181900.Wm82.a4.v1,0.9175015560061839
Glyma.16G128900.Wm82.a4.v1,0.9174212460095971
Glyma.12G066700.Wm82.a4.v1,0.9173810910113036
Glyma.14G038200.Wm82.a4.v1,0.9173710522617303
Glyma.05G191900.Wm82.a4.v1,0.9172756841407834
Glyma.02G212100.Wm82.a4.v1,0.9172606260164234
Glyma.02G069000.Wm82.a4.v1,0.9172154516433433
Glyma.08G205900.Wm82.a4.v1,0.9170548316501697
Glyma.16G014000.Wm82.a4.v1,0.9170297347762363
Glyma.05G097800.Wm82.a4.v1,0.9168841729074226
Glyma.10G280500.Wm82.a4.v1,0.9168841729074226
Glyma.12G042600.Wm82.a4.v1,0.9168540566587026
Glyma.03G202900.Wm82.a4.v1,0.9168339791595559
Glyma.18G107900.Wm82.a4.v1,0.9168339791595559
Glyma.15G179400.Wm82.a4.v1,0.9168189210351959
Glyma.20G131600.Wm82.a4.v1,0.9166884172907422
Glyma.08G124900.Wm82.a4.v1,0.9166833979159555
Glyma.08G162800.Wm82.a4.v1,0.9166281847933021
Glyma.20G076400.Wm82.a4.v1,0.9166281847933021
Glyma.06G289300.Wm82.a4.v1,0.9166030879193687
Glyma.20G091300.Wm82.a4.v1,0.9165328166723553
Glyma.12G052600.Wm82.a4.v1,0.9165127391732086
Glyma.01G201200.Wm82.a4.v1,0.9164826229244886
Glyma.04G012700.Wm82.a4.v1,0.9164725841749152
Glyma.20G192200.Wm82.a4.v1,0.9164324291766217
Glyma.06G292200.Wm82.a4.v1,0.9164223904270484
Glyma.03G066700.Wm82.a4.v1,0.916367177304395
Glyma.12G026900.Wm82.a4.v1,0.9163571385548216
Glyma.18G266400.Wm82.a4.v1,0.9163470998052483
Glyma.12G085600.Wm82.a4.v1,0.9162918866825949
Glyma.13G073200.Wm82.a4.v1,0.9162768285582348
Glyma.06G054600.Wm82.a4.v1,0.9159907241953942
Glyma.06G218000.Wm82.a4.v1,0.9159706466962475
Glyma.09G273300.Wm82.a4.v1,0.9159104141988074
Glyma.19G013800.Wm82.a4.v1,0.9159104141988074
Glyma.05G201500.Wm82.a4.v1,0.9158802979500873
Glyma.06G059600.Wm82.a4.v1,0.9158602204509406
Glyma.13G100100.Wm82.a4.v1,0.9158552010761539
Glyma.20G114300.Wm82.a4.v1,0.9158451623265806
Glyma.06G265200.Wm82.a4.v1,0.9158426526391873
Glyma.05G199300.Wm82.a4.v1,0.915840142951794
Glyma.18G294100.Wm82.a4.v1,0.9157397554560603
Glyma.11G012700.Wm82.a4.v1,0.9157397554560603
Glyma.07G060400.Wm82.a4.v1,0.9157046198325537
Glyma.01G029200.Wm82.a4.v1,0.9156594454594735
Glyma.03G177200.Wm82.a4.v1,0.9155791354628867
Glyma.04G190400.Wm82.a4.v1,0.9154486317184332
Glyma.18G105900.Wm82.a4.v1,0.9154235348444998
Glyma.15G067000.Wm82.a4.v1,0.9153833798462063
Glyma.14G208600.Wm82.a4.v1,0.9153080892244062
Glyma.12G207500.Wm82.a4.v1,0.9153080892244062
Glyma.18G258900.Wm82.a4.v1,0.9152378179773928
Glyma.17G143200.Wm82.a4.v1,0.9152227598530327
Glyma.10G168200.Wm82.a4.v1,0.9151625273555926
Glyma.05G246600.Wm82.a4.v1,0.9151374304816592
Glyma.15G143000.Wm82.a4.v1,0.9150671592346458
Glyma.17G010500.Wm82.a4.v1,0.9150521011102857
Glyma.01G001000.Wm82.a4.v1,0.915047081735499
Glyma.19G186000.Wm82.a4.v1,0.914986849238059
Glyma.11G006800.Wm82.a4.v1,0.9149818298632723
Glyma.11G163900.Wm82.a4.v1,0.9149366554901921
Glyma.19G159900.Wm82.a4.v1,0.9149115586162587
Glyma.10G155600.Wm82.a4.v1,0.9148061517457385
Glyma.16G072400.Wm82.a4.v1,0.9147659967474452
Glyma.08G062800.Wm82.a4.v1,0.9147609773726585
Glyma.06G080600.Wm82.a4.v1,0.9147358804987251
Glyma.20G023100.Wm82.a4.v1,0.9147007448752184
Glyma.09G227100.Wm82.a4.v1,0.9146706286264983
Glyma.05G059600.Wm82.a4.v1,0.9145200473828979
Glyma.17G134800.Wm82.a4.v1,0.914504989258538
Glyma.13G329300.Wm82.a4.v1,0.9144798923846046
Glyma.17G240700.Wm82.a4.v1,0.914319272391431
Glyma.13G241800.Wm82.a4.v1,0.9143142530166443
Glyma.19G105700.Wm82.a4.v1,0.9142740980183508
Glyma.06G144400.Wm82.a4.v1,0.9142740980183508
Glyma.16G217900.Wm82.a4.v1,0.9142339430200574
Glyma.03G242600.Wm82.a4.v1,0.9141235167747506
Glyma.18G119100.Wm82.a4.v1,0.9140984199008172
Glyma.01G014700.Wm82.a4.v1,0.9140883811512438
Glyma.02G012500.Wm82.a4.v1,0.9139227417832835
Glyma.19G211800.Wm82.a4.v1,0.9137671411648965
Glyma.02G140900.Wm82.a4.v1,0.9137671411648965
Glyma.07G002700.Wm82.a4.v1,0.9137571024153232
Glyma.03G190900.Wm82.a4.v1,0.9137219667918164
Glyma.01G010600.Wm82.a4.v1,0.9137219667918164
Glyma.19G209800.Wm82.a4.v1,0.9136717730439496
Glyma.19G126700.Wm82.a4.v1,0.9135964824221495
Glyma.04G063000.Wm82.a4.v1,0.9135964824221495
Glyma.19G177600.Wm82.a4.v1,0.913526211175136
Glyma.19G153300.Wm82.a4.v1,0.9134860561768426
Glyma.16G129700.Wm82.a4.v1,0.9134559399281226
Glyma.07G060000.Wm82.a4.v1,0.9134308430541892
Glyma.17G057800.Wm82.a4.v1,0.9133982171180758
Glyma.15G192000.Wm82.a4.v1,0.9133706105567491
Glyma.19G243400.Wm82.a4.v1,0.9133003393097355
Glyma.13G145200.Wm82.a4.v1,0.9132877908727689
Glyma.11G117600.Wm82.a4.v1,0.9132652036862289
Glyma.07G062900.Wm82.a4.v1,0.9132049711887887
Glyma.08G295600.Wm82.a4.v1,0.9131296805669886
Glyma.12G098200.Wm82.a4.v1,0.9130393318208284
Glyma.16G199500.Wm82.a4.v1,0.9129866283855683
Glyma.19G232500.Wm82.a4.v1,0.9128837312024414
Glyma.13G027300.Wm82.a4.v1,0.9128335374545746
Glyma.14G002500.Wm82.a4.v1,0.912813459955428
Glyma.02G013700.Wm82.a4.v1,0.9127883630814946
Glyma.20G053500.Wm82.a4.v1,0.9126829562109744
Glyma.16G177300.Wm82.a4.v1,0.9126428012126809
Glyma.10G255700.Wm82.a4.v1,0.9126076655891742
Glyma.06G192500.Wm82.a4.v1,0.9125926074648142
Glyma.02G073000.Wm82.a4.v1,0.9125574718413074
Glyma.05G246900.Wm82.a4.v1,0.9124018712229205
Glyma.06G296102.Wm82.a4.v1,0.9123065031019736
Glyma.15G163800.Wm82.a4.v1,0.9123065031019736
Glyma.04G118700.Wm82.a4.v1,0.9122864256028269
Glyma.04G156200.Wm82.a4.v1,0.9122312124801735
Glyma.02G002000.Wm82.a4.v1,0.9122111349810268
Glyma.10G295800.Wm82.a4.v1,0.9121559218583734
Glyma.02G067400.Wm82.a4.v1,0.9121509024835867
Glyma.03G212900.Wm82.a4.v1,0.9121408637340133
Glyma.16G116400.Wm82.a4.v1,0.9120956893609332
Glyma.14G094700.Wm82.a4.v1,0.9120555343626398
Glyma.06G087100.Wm82.a4.v1,0.9120304374887064
Glyma.09G282200.Wm82.a4.v1,0.9118748368703194
Glyma.12G058000.Wm82.a4.v1,0.9118296624972393
Glyma.16G022300.Wm82.a4.v1,0.9118095849980926
Glyma.17G084500.Wm82.a4.v1,0.9117292750015058
Glyma.11G250900.Wm82.a4.v1,0.9117192362519324
Glyma.15G121400.Wm82.a4.v1,0.9117142168771458
Glyma.12G032300.Wm82.a4.v1,0.9116138293814122
Glyma.10G124200.Wm82.a4.v1,0.9115837131326922
Glyma.11G073400.Wm82.a4.v1,0.9114883450117454
Glyma.04G243000.Wm82.a4.v1,0.9114431706386652
Glyma.02G211600.Wm82.a4.v1,0.9113879575160118
Glyma.13G137100.Wm82.a4.v1,0.9112775312707049
Glyma.01G242902.Wm82.a4.v1,0.9112223181480514
Glyma.17G188300.Wm82.a4.v1,0.9112172987732648
Glyma.04G122700.Wm82.a4.v1,0.9112072600236915
Glyma.03G017500.Wm82.a4.v1,0.9111972212741181
Glyma.07G269600.Wm82.a4.v1,0.9111871825245448
Glyma.03G144900.Wm82.a4.v1,0.9111319694018913
Glyma.13G223900.Wm82.a4.v1,0.9111118919027446
Glyma.09G025600.Wm82.a4.v1,0.9109864075330777
Glyma.16G046500.Wm82.a4.v1,0.9109864075330777
Glyma.03G056300.Wm82.a4.v1,0.9109864075330777
Glyma.08G049300.Wm82.a4.v1,0.9108759812877708
Glyma.08G149300.Wm82.a4.v1,0.9107153612945972
Glyma.13G243700.Wm82.a4.v1,0.9107103419198105
Glyma.06G197300.Wm82.a4.v1,0.9107003031702371
Glyma.03G213600.Wm82.a4.v1,0.910640070672797
Glyma.04G057900.Wm82.a4.v1,0.9105999156745036
Glyma.16G030300.Wm82.a4.v1,0.9105798381753569
Glyma.12G154300.Wm82.a4.v1,0.9105798381753569
Glyma.04G155100.Wm82.a4.v1,0.9104945088039834
Glyma.08G024600.Wm82.a4.v1,0.91045435380569
Glyma.03G193500.Wm82.a4.v1,0.9104141988073966
Glyma.19G218400.Wm82.a4.v1,0.9103690244343164
Glyma.17G170002.Wm82.a4.v1,0.9103589856847432
Glyma.18G223300.Wm82.a4.v1,0.9103288694360231
Glyma.20G229800.Wm82.a4.v1,0.9102585981890096
Glyma.19G176700.Wm82.a4.v1,0.9102485594394363
Glyma.13G367900.Wm82.a4.v1,0.9100477844479692
Glyma.06G078400.Wm82.a4.v1,0.9100176681992491
Glyma.11G154700.Wm82.a4.v1,0.9099624550765957
Glyma.10G271200.Wm82.a4.v1,0.9099273194530889
Glyma.15G258500.Wm82.a4.v1,0.9098871644547956
Glyma.16G059000.Wm82.a4.v1,0.9098871644547956
Glyma.08G276400.Wm82.a4.v1,0.9098470094565021
Glyma.03G190100.Wm82.a4.v1,0.9098219125825687
Glyma.15G015500.Wm82.a4.v1,0.9096964282129018
Glyma.08G086600.Wm82.a4.v1,0.9096487441524284
Glyma.05G149900.Wm82.a4.v1,0.909631176340675
Glyma.08G028300.Wm82.a4.v1,0.9096110988415284
Glyma.05G016000.Wm82.a4.v1,0.9095458469693015
Glyma.06G277600.Wm82.a4.v1,0.9095358082197281
Glyma.08G235000.Wm82.a4.v1,0.9095307888449414
Glyma.13G007200.Wm82.a4.v1,0.9095207500953681
Glyma.06G067800.Wm82.a4.v1,0.9095157307205815
Glyma.10G049200.Wm82.a4.v1,0.9095107113457948
Glyma.14G223900.Wm82.a4.v1,0.9095006725962214
Glyma.17G262400.Wm82.a4.v1,0.9094554982231413
Glyma.09G198300.Wm82.a4.v1,0.9094454594735679
Glyma.01G118350.Wm82.a4.v1,0.9093300138534745
Glyma.06G195800.Wm82.a4.v1,0.9092848394803943
Glyma.18G046700.Wm82.a4.v1,0.9092647619812476
Glyma.12G013100.Wm82.a4.v1,0.9092547232316742
Glyma.02G137800.Wm82.a4.v1,0.9092195876081676
Glyma.13G136300.Wm82.a4.v1,0.9092195876081676
Glyma.13G336100.Wm82.a4.v1,0.9092195876081676
Glyma.10G012900.Wm82.a4.v1,0.9091794326098741
Glyma.10G174200.Wm82.a4.v1,0.9091693938603007
Glyma.03G211200.Wm82.a4.v1,0.909104141988074
Glyma.18G281700.Wm82.a4.v1,0.909104141988074
Glyma.18G272000.Wm82.a4.v1,0.9090941032385006
Glyma.04G208600.Wm82.a4.v1,0.9090288513662739
Glyma.08G118400.Wm82.a4.v1,0.9089736382436204
Glyma.19G007800.Wm82.a4.v1,0.9089686188688337
Glyma.13G370200.Wm82.a4.v1,0.9089585801192603
Glyma.13G192600.Wm82.a4.v1,0.908933483245327
Glyma.05G160032.Wm82.a4.v1,0.9089184251209669
Glyma.12G010800.Wm82.a4.v1,0.9088682313731001
Glyma.04G232400.Wm82.a4.v1,0.9088381151243801
Glyma.08G131500.Wm82.a4.v1,0.9088280763748068
Glyma.01G026100.Wm82.a4.v1,0.9087377276286466
Glyma.11G178300.Wm82.a4.v1,0.9086925532555665
Glyma.06G018400.Wm82.a4.v1,0.9086825145059931
Glyma.18G192800.Wm82.a4.v1,0.9086273013833397
Glyma.09G179400.Wm82.a4.v1,0.9086172626337663
Glyma.03G205800.Wm82.a4.v1,0.9085871463850462
Glyma.13G353200.Wm82.a4.v1,0.9085168751380328
Glyma.04G001500.Wm82.a4.v1,0.9084867588893127
Glyma.19G244700.Wm82.a4.v1,0.9084867588893127
Glyma.20G129600.Wm82.a4.v1,0.9084466038910194
Glyma.03G217300.Wm82.a4.v1,0.9084466038910194
Glyma.04G002600.Wm82.a4.v1,0.9083713132692192
Glyma.05G028000.Wm82.a4.v1,0.9083612745196459
Glyma.20G170200.Wm82.a4.v1,0.9082558676491256
Glyma.03G138000.Wm82.a4.v1,0.9081855964021122
Glyma.06G256700.Wm82.a4.v1,0.9081755576525388
Glyma.20G172300.Wm82.a4.v1,0.9081655189029655
Glyma.12G021500.Wm82.a4.v1,0.9079647439114984
Glyma.04G248100.Wm82.a4.v1,0.907909530788845
Glyma.12G081300.Wm82.a4.v1,0.9078593370409782
Glyma.13G312000.Wm82.a4.v1,0.9078292207922581
Glyma.01G159900.Wm82.a4.v1,0.9077940851687514
Glyma.13G234500.Wm82.a4.v1,0.9077940851687514
Glyma.18G290200.Wm82.a4.v1,0.907723813921738
Glyma.02G226700.Wm82.a4.v1,0.9076083683016444
Glyma.10G076400.Wm82.a4.v1,0.907583271427711
Glyma.08G168700.Wm82.a4.v1,0.9075130001806975
Glyma.17G038800.Wm82.a4.v1,0.9074477483084707
Glyma.18G158100.Wm82.a4.v1,0.9073824964362439
Glyma.20G081600.Wm82.a4.v1,0.9073523801875238
Glyma.20G109900.Wm82.a4.v1,0.9071917601943502
Glyma.01G243300.Wm82.a4.v1,0.9071465858212701
Glyma.08G359600.Wm82.a4.v1,0.90711646957255
Glyma.02G290800.Wm82.a4.v1,0.90710141144819
Glyma.10G183800.Wm82.a4.v1,0.9070261208263899
Glyma.18G240400.Wm82.a4.v1,0.9068353845844962
Glyma.02G049300.Wm82.a4.v1,0.9068102877105628
Glyma.13G349500.Wm82.a4.v1,0.9067249583391893
Glyma.02G069100.Wm82.a4.v1,0.9066697452165359
Glyma.02G143700.Wm82.a4.v1,0.9064313249141687
Glyma.03G216400.Wm82.a4.v1,0.9063284277310418
Glyma.13G035100.Wm82.a4.v1,0.9062330596100949
Glyma.17G106200.Wm82.a4.v1,0.9062230208605216
Glyma.02G057900.Wm82.a4.v1,0.9062129821109483
Glyma.13G316400.Wm82.a4.v1,0.9061778464874415
Glyma.07G120400.Wm82.a4.v1,0.9061627883630815
Glyma.16G001900.Wm82.a4.v1,0.9061627883630815
Glyma.07G149032.Wm82.a4.v1,0.906077458991708
Glyma.17G113600.Wm82.a4.v1,0.9060222458690546
Glyma.15G147700.Wm82.a4.v1,0.9058716646254542
Glyma.13G100700.Wm82.a4.v1,0.9058064127532275
Glyma.10G245700.Wm82.a4.v1,0.9057963740036541
Glyma.08G220900.Wm82.a4.v1,0.9057737868171141
Glyma.08G352600.Wm82.a4.v1,0.9056206958861204
Glyma.08G257100.Wm82.a4.v1,0.905550424639107
Glyma.06G201600.Wm82.a4.v1,0.9055253277651736
Glyma.08G051100.Wm82.a4.v1,0.9055203083903869
Glyma.13G245300.Wm82.a4.v1,0.9054701146425201
Glyma.15G075600.Wm82.a4.v1,0.9054149015198667
Glyma.09G183300.Wm82.a4.v1,0.9053998433955066
Glyma.18G049400.Wm82.a4.v1,0.90539482402072
Glyma.07G076000.Wm82.a4.v1,0.9053546690224266
Glyma.11G157976.Wm82.a4.v1,0.9053396108980666
Glyma.16G106300.Wm82.a4.v1,0.9052994558997731
Glyma.06G174200.Wm82.a4.v1,0.9052291846527597
Glyma.11G053500.Wm82.a4.v1,0.9052191459031863
Glyma.14G217200.Wm82.a4.v1,0.9051890296544662
Glyma.17G219600.Wm82.a4.v1,0.9051639327805329
Glyma.05G241200.Wm82.a4.v1,0.9051187584074528
Glyma.06G234500.Wm82.a4.v1,0.9050183709117192
Glyma.13G323400.Wm82.a4.v1,0.9050183709117192
Glyma.04G202500.Wm82.a4.v1,0.9048928865420524
Glyma.14G222000.Wm82.a4.v1,0.9048627702933323
Glyma.20G036400.Wm82.a4.v1,0.9048527315437589
Glyma.13G165200.Wm82.a4.v1,0.9048175959202521
Glyma.15G115600.Wm82.a4.v1,0.9048075571706788
Glyma.02G127800.Wm82.a4.v1,0.9047874796715322
Glyma.14G067000.Wm82.a4.v1,0.9047699118597787
Glyma.05G183500.Wm82.a4.v1,0.9047623827975987
Glyma.02G162500.Wm82.a4.v1,0.9046519565522918
Glyma.13G272000.Wm82.a4.v1,0.9046419178027185
Glyma.12G159000.Wm82.a4.v1,0.9044762784347582
Glyma.01G159600.Wm82.a4.v1,0.9044662396851848
Glyma.02G144500.Wm82.a4.v1,0.9044110265625314
Glyma.04G192300.Wm82.a4.v1,0.9043909490633847
Glyma.08G141700.Wm82.a4.v1,0.904385929688598
Glyma.04G078900.Wm82.a4.v1,0.9043758909390246
Glyma.14G003200.Wm82.a4.v1,0.9042403678197843
Glyma.03G025600.Wm82.a4.v1,0.9042253096954244
Glyma.08G083700.Wm82.a4.v1,0.9041901740719176
Glyma.06G325100.Wm82.a4.v1,0.9041675868853776
Glyma.01G078200.Wm82.a4.v1,0.9041449996988375
Glyma.13G169500.Wm82.a4.v1,0.9041249221996908
Glyma.12G164800.Wm82.a4.v1,0.9039893990804505
Glyma.03G152200.Wm82.a4.v1,0.9039793603308772
Glyma.02G005500.Wm82.a4.v1,0.9038940309595037
Glyma.12G151400.Wm82.a4.v1,0.9038739534603569
Glyma.10G229000.Wm82.a4.v1,0.903858895335997
Glyma.05G013400.Wm82.a4.v1,0.9038538759612103
Glyma.12G204400.Wm82.a4.v1,0.9038488565864236
Glyma.06G157800.Wm82.a4.v1,0.903843837211637
Glyma.12G226600.Wm82.a4.v1,0.9038337984620636
Glyma.04G164100.Wm82.a4.v1,0.9038137209629169
Glyma.02G245100.Wm82.a4.v1,0.9038036822133435
Glyma.19G194936.Wm82.a4.v1,0.9037836047141968
Glyma.02G007000.Wm82.a4.v1,0.9037735659646234
Glyma.12G022500.Wm82.a4.v1,0.9036480815949566
Glyma.12G071300.Wm82.a4.v1,0.9036229847210232
Glyma.06G175900.Wm82.a4.v1,0.9035627522235831
Glyma.13G310400.Wm82.a4.v1,0.9035527134740097
Glyma.06G267300.Wm82.a4.v1,0.9034975003513562
Glyma.10G198500.Wm82.a4.v1,0.9034724034774229
Glyma.06G297000.Wm82.a4.v1,0.9033720159816894
Glyma.01G010400.Wm82.a4.v1,0.9033519384825426
Glyma.15G263700.Wm82.a4.v1,0.9033067641094625
Glyma.06G028500.Wm82.a4.v1,0.9032917059851024
Glyma.02G038700.Wm82.a4.v1,0.9032866866103159
Glyma.20G249600.Wm82.a4.v1,0.9032766478607425
Glyma.08G154100.Wm82.a4.v1,0.9032766478607425
Glyma.16G021000.Wm82.a4.v1,0.9032716284859558
Glyma.16G012200.Wm82.a4.v1,0.9032565703615958
Glyma.18G288600.Wm82.a4.v1,0.903206376613729
Glyma.08G102600.Wm82.a4.v1,0.9031712409902223
Glyma.02G120500.Wm82.a4.v1,0.903050775995342
Glyma.04G169200.Wm82.a4.v1,0.9029754853735419
Glyma.10G063400.Wm82.a4.v1,0.9029554078743952
Glyma.12G183100.Wm82.a4.v1,0.9029252916256751
Glyma.02G222300.Wm82.a4.v1,0.9029252916256751
Glyma.06G265100.Wm82.a4.v1,0.9029202722508884
Glyma.17G160300.Wm82.a4.v1,0.902880117252595
Glyma.18G159800.Wm82.a4.v1,0.9028750978778083
Glyma.06G139100.Wm82.a4.v1,0.9028299235047282
Glyma.15G078800.Wm82.a4.v1,0.9027696910072881
Glyma.09G044800.Wm82.a4.v1,0.9026893810107013
Glyma.12G027400.Wm82.a4.v1,0.9025990322645411
Glyma.09G094800.Wm82.a4.v1,0.9025638966410344
Glyma.05G139500.Wm82.a4.v1,0.9023129279017006
Glyma.05G218500.Wm82.a4.v1,0.9022627341538338
Glyma.08G056600.Wm82.a4.v1,0.9022577147790471
Glyma.09G044200.Wm82.a4.v1,0.9021673660328869
Glyma.13G283600.Wm82.a4.v1,0.9020619591623668
Glyma.16G212700.Wm82.a4.v1,0.9020368622884334
Glyma.06G143700.Wm82.a4.v1,0.9019565522918466
Glyma.02G207800.Wm82.a4.v1,0.9019515329170599
Glyma.15G080200.Wm82.a4.v1,0.9019314554179132
Glyma.02G161100.Wm82.a4.v1,0.9019163972935531
Glyma.15G227500.Wm82.a4.v1,0.9019013391691931
Glyma.09G213800.Wm82.a4.v1,0.9018712229204731
Glyma.10G166900.Wm82.a4.v1,0.9018511454213263
Glyma.06G153200.Wm82.a4.v1,0.9018511454213263
Glyma.10G171900.Wm82.a4.v1,0.9018059710482462
Glyma.18G015100.Wm82.a4.v1,0.9017106029272993
Glyma.19G215800.Wm82.a4.v1,0.901670447929006
Glyma.09G227400.Wm82.a4.v1,0.9016302929307125
Glyma.11G030700.Wm82.a4.v1,0.9015901379324192
Glyma.11G246600.Wm82.a4.v1,0.9015675507458791
Glyma.10G066500.Wm82.a4.v1,0.901544963559339
Glyma.02G047800.Wm82.a4.v1,0.9014144598148854
Glyma.06G161100.Wm82.a4.v1,0.9012287429477784
Glyma.01G069500.Wm82.a4.v1,0.9012136848234183
Glyma.05G184100.Wm82.a4.v1,0.9012136848234183
Glyma.20G066800.Wm82.a4.v1,0.9012086654486318
Glyma.06G223500.Wm82.a4.v1,0.9011986266990584
Glyma.13G038900.Wm82.a4.v1,0.901173529825125
Glyma.01G040400.Wm82.a4.v1,0.9011534523259783
Glyma.15G022700.Wm82.a4.v1,0.9010982392033249
Glyma.10G233300.Wm82.a4.v1,0.9010380067058847
Glyma.12G242500.Wm82.a4.v1,0.9009376192101511
Glyma.10G001200.Wm82.a4.v1,0.9008974642118578
Glyma.04G243600.Wm82.a4.v1,0.9008573092135643
Glyma.20G123800.Wm82.a4.v1,0.9008372317144177
Glyma.16G168000.Wm82.a4.v1,0.9008271929648443
Glyma.15G076500.Wm82.a4.v1,0.9007769992169775
Glyma.09G002300.Wm82.a4.v1,0.9007217860943241
Glyma.11G231000.Wm82.a4.v1,0.900691669845604
Glyma.18G070500.Wm82.a4.v1,0.9006866504708173
Glyma.15G196400.Wm82.a4.v1,0.9006314373481639
Glyma.08G155000.Wm82.a4.v1,0.9005912823498705
Glyma.13G221500.Wm82.a4.v1,0.9005762242255104
Glyma.08G134300.Wm82.a4.v1,0.9005762242255104
Glyma.04G059800.Wm82.a4.v1,0.9005260304776437
Glyma.08G104900.Wm82.a4.v1,0.9005159917280704
Glyma.18G203200.Wm82.a4.v1,0.9005109723532837
Glyma.05G099500.Wm82.a4.v1,0.9004858754793503
Glyma.19G045500.Wm82.a4.v1,0.9004507398558436
Glyma.09G156900.Wm82.a4.v1,0.9004457204810569
Glyma.19G126000.Wm82.a4.v1,0.9003955267331901
Glyma.09G096500.Wm82.a4.v1,0.9003553717348967
Glyma.13G264900.Wm82.a4.v1,0.9003453329853234
Glyma.08G100000.Wm82.a4.v1,0.9003403136105367
Glyma.03G054100.Wm82.a4.v1,0.9002449454895898
Glyma.13G215400.Wm82.a4.v1,0.9001294998694963
Glyma.16G120900.Wm82.a4.v1,0.9001144417451362
Glyma.20G107800.Wm82.a4.v1,0.9000993836207762
Glyma.18G065700.Wm82.a4.v1,0.9000441704981228
Glyma.05G243800.Wm82.a4.v1,0.8999136667536691
Glyma.02G252800.Wm82.a4.v1,0.8998785311301625
Glyma.10G029600.Wm82.a4.v1,0.8998684923805891
Glyma.20G024400.Wm82.a4.v1,0.8997781436344289
Glyma.11G098700.Wm82.a4.v1,0.8996727367639087
Glyma.13G337200.Wm82.a4.v1,0.899652659264762
Glyma.15G021000.Wm82.a4.v1,0.8996476398899753
Glyma.01G004100.Wm82.a4.v1,0.8995522717690284
Glyma.10G268000.Wm82.a4.v1,0.8995472523942418
Glyma.05G238000.Wm82.a4.v1,0.8995472523942418
Glyma.03G081300.Wm82.a4.v1,0.8995372136446684
Glyma.11G255300.Wm82.a4.v1,0.8995221555203083
Glyma.10G005700.Wm82.a4.v1,0.8994368261489349
Glyma.06G245200.Wm82.a4.v1,0.8994117292750015
Glyma.08G315600.Wm82.a4.v1,0.8993966711506415
Glyma.06G183900.Wm82.a4.v1,0.899356516152348
Glyma.02G026700.Wm82.a4.v1,0.8992762061557612
Glyma.10G058500.Wm82.a4.v1,0.8991507217860943
Glyma.02G080900.Wm82.a4.v1,0.8991055474130142
Glyma.08G211200.Wm82.a4.v1,0.8989700242937739
Glyma.04G229600.Wm82.a4.v1,0.8989700242937739
Glyma.09G207200.Wm82.a4.v1,0.898954966169414
Glyma.14G017600.Wm82.a4.v1,0.8988897142971871
Glyma.11G085400.Wm82.a4.v1,0.8988746561728271
Glyma.07G133200.Wm82.a4.v1,0.8988646174232537
Glyma.08G172200.Wm82.a4.v1,0.8988545786736805
Glyma.06G001600.Wm82.a4.v1,0.8988194430501737
Glyma.01G074000.Wm82.a4.v1,0.8987843074266669
Glyma.02G000900.Wm82.a4.v1,0.8987541911779469
Glyma.12G211000.Wm82.a4.v1,0.8987441524283736
Glyma.03G088800.Wm82.a4.v1,0.8986236874334933
Glyma.01G188500.Wm82.a4.v1,0.8986036099343466
Glyma.01G167600.Wm82.a4.v1,0.8985584355612665
Glyma.10G147200.Wm82.a4.v1,0.8985433774369065
Glyma.13G034600.Wm82.a4.v1,0.8985132611881864
Glyma.20G132651.Wm82.a4.v1,0.898488164314253
Glyma.11G133800.Wm82.a4.v1,0.8984178930672395
Glyma.11G174701.Wm82.a4.v1,0.8984078543176662
Glyma.02G085300.Wm82.a4.v1,0.8982622924488526
Glyma.08G233702.Wm82.a4.v1,0.8982221374505591
Glyma.05G055500.Wm82.a4.v1,0.8981945308892324
Glyma.09G060600.Wm82.a4.v1,0.8981769630774791
Glyma.18G222200.Wm82.a4.v1,0.8981719437026924
Glyma.18G005000.Wm82.a4.v1,0.898146846828759
Glyma.13G209200.Wm82.a4.v1,0.8980916337061056
Glyma.16G153900.Wm82.a4.v1,0.8980314012086654
Glyma.16G016700.Wm82.a4.v1,0.8979812074607987
Glyma.17G242000.Wm82.a4.v1,0.8979561105868653
Glyma.01G148800.Wm82.a4.v1,0.8978808199650652
Glyma.03G145900.Wm82.a4.v1,0.8978306262171983
Glyma.03G142200.Wm82.a4.v1,0.897790471218905
Glyma.08G172600.Wm82.a4.v1,0.8977603549701849
Glyma.15G042000.Wm82.a4.v1,0.8976850643483848
Glyma.14G021200.Wm82.a4.v1,0.8976599674744514
Glyma.05G038100.Wm82.a4.v1,0.8976449093500913
Glyma.11G060900.Wm82.a4.v1,0.897634870600518
Glyma.01G002200.Wm82.a4.v1,0.897634870600518
Glyma.07G244300.Wm82.a4.v1,0.897619812476158
Glyma.10G018200.Wm82.a4.v1,0.8975846768526512
Glyma.09G103400.Wm82.a4.v1,0.8975395024795711
Glyma.06G086600.Wm82.a4.v1,0.8975344831047845
Glyma.19G185800.Wm82.a4.v1,0.8975294637299978
Glyma.04G167400.Wm82.a4.v1,0.897479269982131
Glyma.01G118800.Wm82.a4.v1,0.8973889212359708
Glyma.07G059900.Wm82.a4.v1,0.8973788824863975
Glyma.02G116900.Wm82.a4.v1,0.8973688437368241
Glyma.11G000500.Wm82.a4.v1,0.8973688437368241
Glyma.20G223600.Wm82.a4.v1,0.8973588049872507
Glyma.07G065600.Wm82.a4.v1,0.8973236693637441
Glyma.14G119400.Wm82.a4.v1,0.8973035918645973
Glyma.08G206000.Wm82.a4.v1,0.8972483787419439
Glyma.07G222500.Wm82.a4.v1,0.8971730881201437
Glyma.18G099500.Wm82.a4.v1,0.8970927781235569
Glyma.04G231500.Wm82.a4.v1,0.8969773325034633
Glyma.08G162200.Wm82.a4.v1,0.8969120806312366
Glyma.03G211000.Wm82.a4.v1,0.8968970225068765
Glyma.17G062200.Wm82.a4.v1,0.8968669062581565
Glyma.08G035200.Wm82.a4.v1,0.896796635011143
Glyma.03G120700.Wm82.a4.v1,0.896641034392756
Glyma.08G171100.Wm82.a4.v1,0.896641034392756
Glyma.06G069600.Wm82.a4.v1,0.896641034392756
Glyma.10G289700.Wm82.a4.v1,0.8966360150179694
Glyma.08G366200.Wm82.a4.v1,0.896595860019676
Glyma.08G059800.Wm82.a4.v1,0.8965757825205293
Glyma.07G056500.Wm82.a4.v1,0.8965707631457426
Glyma.14G029901.Wm82.a4.v1,0.8965657437709559
Glyma.16G035800.Wm82.a4.v1,0.8963649687794888
Glyma.11G107200.Wm82.a4.v1,0.8963499106551288
Glyma.05G221800.Wm82.a4.v1,0.8962645812837553
Glyma.06G317400.Wm82.a4.v1,0.8962394844098219
Glyma.09G129400.Wm82.a4.v1,0.8961742325375951
Glyma.17G186500.Wm82.a4.v1,0.8961390969140883
Glyma.11G069000.Wm82.a4.v1,0.896114000040155
Glyma.11G082800.Wm82.a4.v1,0.896098941915795
Glyma.19G006400.Wm82.a4.v1,0.8960939225410083
Glyma.07G077700.Wm82.a4.v1,0.8960587869175015
Glyma.11G093900.Wm82.a4.v1,0.8960437287931415
Glyma.13G069200.Wm82.a4.v1,0.8960286706687814
Glyma.19G074200.Wm82.a4.v1,0.8959985544200615
Glyma.14G066400.Wm82.a4.v1,0.8959985544200615
Glyma.17G044500.Wm82.a4.v1,0.8959483606721946
Glyma.07G047700.Wm82.a4.v1,0.8959383219226214
Glyma.07G136500.Wm82.a4.v1,0.8959182444234746
Glyma.09G023700.Wm82.a4.v1,0.8958529925512478
Glyma.08G331900.Wm82.a4.v1,0.8958178569277411
Glyma.17G092900.Wm82.a4.v1,0.895787740679021
Glyma.09G116600.Wm82.a4.v1,0.8957124500572209
Glyma.03G073714.Wm82.a4.v1,0.8957074306824342
Glyma.01G015100.Wm82.a4.v1,0.8957024113076475
Glyma.01G093100.Wm82.a4.v1,0.8956572369345674
Glyma.20G055800.Wm82.a4.v1,0.895647198184994
Glyma.06G225800.Wm82.a4.v1,0.8956371594354208
Glyma.03G131900.Wm82.a4.v1,0.8956120625614873
Glyma.10G207500.Wm82.a4.v1,0.8956070431867007
Glyma.04G083900.Wm82.a4.v1,0.8955970044371273
Glyma.02G127600.Wm82.a4.v1,0.8955468106892606
Glyma.06G193600.Wm82.a4.v1,0.8955166944405405
Glyma.03G050300.Wm82.a4.v1,0.8954865781918204
Glyma.05G052600.Wm82.a4.v1,0.8953159194490734
Glyma.17G137600.Wm82.a4.v1,0.89529082257514
Glyma.02G036000.Wm82.a4.v1,0.8952707450759934
Glyma.03G232400.Wm82.a4.v1,0.8951151444576063
Glyma.15G124700.Wm82.a4.v1,0.895105105708033
Glyma.19G172200.Wm82.a4.v1,0.895074989459313
Glyma.14G074402.Wm82.a4.v1,0.8950599313349529
Glyma.06G072500.Wm82.a4.v1,0.8950197763366595
Glyma.20G198100.Wm82.a4.v1,0.8949896600879395
Glyma.20G175900.Wm82.a4.v1,0.8949896600879395
Glyma.05G195400.Wm82.a4.v1,0.8948942919669925
Glyma.12G016500.Wm82.a4.v1,0.8948842532174193
Glyma.20G013200.Wm82.a4.v1,0.8948591563434859
Glyma.17G034600.Wm82.a4.v1,0.8948491175939125
Glyma.06G135900.Wm82.a4.v1,0.8948139819704057
Glyma.18G072700.Wm82.a4.v1,0.894808962595619
Glyma.02G239700.Wm82.a4.v1,0.8946734394763788
Glyma.08G332600.Wm82.a4.v1,0.8946383038528721
Glyma.09G164200.Wm82.a4.v1,0.8946383038528721
Glyma.15G068500.Wm82.a4.v1,0.8945579938562853
Glyma.03G066800.Wm82.a4.v1,0.8944274901118316
Glyma.01G055400.Wm82.a4.v1,0.8944124319874717
Glyma.11G120900.Wm82.a4.v1,0.8943823157387516
Glyma.20G097700.Wm82.a4.v1,0.8943772963639649
Glyma.14G152700.Wm82.a4.v1,0.8942417732447246
Glyma.16G198600.Wm82.a4.v1,0.8941865601220712
Glyma.10G039900.Wm82.a4.v1,0.8941263276246311
Glyma.17G024800.Wm82.a4.v1,0.8941062501254844
Glyma.09G251500.Wm82.a4.v1,0.894096211375911
Glyma.06G042300.Wm82.a4.v1,0.894051037002831
Glyma.14G059200.Wm82.a4.v1,0.8940159013793242
Glyma.01G118900.Wm82.a4.v1,0.8938552813861506
Glyma.11G119300.Wm82.a4.v1,0.8938201457626438
Glyma.04G033500.Wm82.a4.v1,0.8938201457626438
Glyma.12G002100.Wm82.a4.v1,0.8937448551408437
Glyma.08G002100.Wm82.a4.v1,0.8936344288955368
Glyma.19G047300.Wm82.a4.v1,0.8935591382737367
Glyma.11G241400.Wm82.a4.v1,0.8933533439074829
Glyma.11G068600.Wm82.a4.v1,0.8933282470335495
Glyma.01G204200.Wm82.a4.v1,0.8933232276587628
Glyma.13G069800.Wm82.a4.v1,0.8932931114100428
Glyma.17G226300.Wm82.a4.v1,0.8932730339108961
Glyma.12G112000.Wm82.a4.v1,0.8932629951613227
Glyma.04G226900.Wm82.a4.v1,0.8932529564117494
Glyma.20G229100.Wm82.a4.v1,0.893102375168149
Glyma.08G311400.Wm82.a4.v1,0.8930672395446423
Glyma.09G019800.Wm82.a4.v1,0.8928363483044552
Glyma.12G142900.Wm82.a4.v1,0.8928263095548818
Glyma.10G290700.Wm82.a4.v1,0.8927811351818018
Glyma.13G158200.Wm82.a4.v1,0.8927660770574417
Glyma.14G001500.Wm82.a4.v1,0.8927359608087216
Glyma.20G232900.Wm82.a4.v1,0.8927309414339349
Glyma.11G124900.Wm82.a4.v1,0.8927209026843617
Glyma.06G224200.Wm82.a4.v1,0.8927058445600016
Glyma.08G274300.Wm82.a4.v1,0.8926958058104283
Glyma.19G079000.Wm82.a4.v1,0.8926958058104283
Glyma.18G099900.Wm82.a4.v1,0.8926932961230349
Glyma.04G228400.Wm82.a4.v1,0.8926456120625614
Glyma.11G014300.Wm82.a4.v1,0.8925502439416146
Glyma.10G159500.Wm82.a4.v1,0.8925000501937479
Glyma.02G074000.Wm82.a4.v1,0.8924749533198145
Glyma.02G251700.Wm82.a4.v1,0.8924598951954544
Glyma.10G028800.Wm82.a4.v1,0.8924197401971611
Glyma.02G002300.Wm82.a4.v1,0.8924147208223744
Glyma.07G248600.Wm82.a4.v1,0.8924147208223744
Glyma.10G160300.Wm82.a4.v1,0.892404682072801
Glyma.08G227400.Wm82.a4.v1,0.8923846045736543
Glyma.11G226800.Wm82.a4.v1,0.8923243720762142
Glyma.18G129200.Wm82.a4.v1,0.8921587327082539
Glyma.19G074500.Wm82.a4.v1,0.8921436745838939
Glyma.07G213200.Wm82.a4.v1,0.892078422711667
Glyma.19G037200.Wm82.a4.v1,0.8920533258377337
Glyma.20G167300.Wm82.a4.v1,0.8919228220932801
Glyma.12G182500.Wm82.a4.v1,0.8918977252193466
Glyma.15G172200.Wm82.a4.v1,0.8917772602244665
Glyma.18G144100.Wm82.a4.v1,0.8917772602244665
Glyma.08G249700.Wm82.a4.v1,0.8917772602244665
Glyma.05G190100.Wm82.a4.v1,0.8917722408496798
Glyma.13G259400.Wm82.a4.v1,0.8917622021001064
Glyma.07G189400.Wm82.a4.v1,0.8917571827253198
Glyma.13G223400.Wm82.a4.v1,0.891737105226173
Glyma.08G045100.Wm82.a4.v1,0.8917019696026663
Glyma.08G037900.Wm82.a4.v1,0.8917019696026663
Glyma.08G293900.Wm82.a4.v1,0.8916467564800129
Glyma.10G012200.Wm82.a4.v1,0.8916216596060794
Glyma.16G012100.Wm82.a4.v1,0.891566446483426
Glyma.16G031100.Wm82.a4.v1,0.891551388359066
Glyma.19G219100.Wm82.a4.v1,0.891425903989399
Glyma.05G243200.Wm82.a4.v1,0.8914008071154657
Glyma.14G149800.Wm82.a4.v1,0.8913907683658924
Glyma.06G114400.Wm82.a4.v1,0.8913706908667456
Glyma.13G062900.Wm82.a4.v1,0.8913255164936655
Glyma.02G302500.Wm82.a4.v1,0.8913104583693056
Glyma.19G149100.Wm82.a4.v1,0.8913004196197322
Glyma.10G241000.Wm82.a4.v1,0.8912903808701588
Glyma.18G091900.Wm82.a4.v1,0.8912903808701588
Glyma.09G103500.Wm82.a4.v1,0.8912502258718654
Glyma.20G052800.Wm82.a4.v1,0.8912150902483587
Glyma.12G009700.Wm82.a4.v1,0.8911473286887386
Glyma.05G002000.Wm82.a4.v1,0.8911297608769851
Glyma.07G029900.Wm82.a4.v1,0.8911197221274119
Glyma.08G133800.Wm82.a4.v1,0.8910996446282651
Glyma.04G086000.Wm82.a4.v1,0.8909189471359448
Glyma.02G255500.Wm82.a4.v1,0.890883811512438
Glyma.14G112200.Wm82.a4.v1,0.890868753388078
Glyma.06G092100.Wm82.a4.v1,0.8907834240167045
Glyma.09G267100.Wm82.a4.v1,0.8907733852671311
Glyma.12G049700.Wm82.a4.v1,0.8907583271427711
Glyma.12G013300.Wm82.a4.v1,0.8907332302688377
Glyma.02G004100.Wm82.a4.v1,0.8904069709077037
Glyma.13G162400.Wm82.a4.v1,0.8903818740337703
Glyma.11G229100.Wm82.a4.v1,0.8903818740337703
Glyma.02G049800.Wm82.a4.v1,0.890341719035477
Glyma.01G188100.Wm82.a4.v1,0.8903015640371835
Glyma.20G207500.Wm82.a4.v1,0.8902814865380368
Glyma.11G082400.Wm82.a4.v1,0.8902714477884635
Glyma.06G261400.Wm82.a4.v1,0.8901986668540567
Glyma.12G130000.Wm82.a4.v1,0.8901459634187966
Glyma.04G082900.Wm82.a4.v1,0.8901208665448632
Glyma.15G078300.Wm82.a4.v1,0.8900957696709297
Glyma.02G147300.Wm82.a4.v1,0.8900957696709297
Glyma.13G148300.Wm82.a4.v1,0.8900656534222098
Glyma.10G057600.Wm82.a4.v1,0.8900606340474231
Glyma.17G230100.Wm82.a4.v1,0.8900581243600297
Glyma.20G244900.Wm82.a4.v1,0.8900355371734897
Glyma.01G047000.Wm82.a4.v1,0.8899652659264762
Glyma.11G146300.Wm82.a4.v1,0.889874917180316
Glyma.08G293300.Wm82.a4.v1,0.889844800931596
Glyma.08G143000.Wm82.a4.v1,0.8898397815568093
Glyma.08G320400.Wm82.a4.v1,0.8897996265585159
Glyma.03G189300.Wm82.a4.v1,0.8897946071837292
Glyma.11G021400.Wm82.a4.v1,0.8897343746862891
Glyma.08G318900.Wm82.a4.v1,0.8896540646897022
Glyma.17G085800.Wm82.a4.v1,0.8896440259401289
Glyma.10G049400.Wm82.a4.v1,0.8895536771939687
Glyma.01G149300.Wm82.a4.v1,0.889548657819182
Glyma.19G120100.Wm82.a4.v1,0.889518541570462
Glyma.06G066300.Wm82.a4.v1,0.8894884253217419
Glyma.15G227600.Wm82.a4.v1,0.8894783865721686
Glyma.09G286000.Wm82.a4.v1,0.8894733671973819
Glyma.11G215400.Wm82.a4.v1,0.8894633284478085
Glyma.02G198100.Wm82.a4.v1,0.8893052181420282
Glyma.07G046800.Wm82.a4.v1,0.8892675728311281
Glyma.07G001400.Wm82.a4.v1,0.8892474953319814
Glyma.11G152600.Wm82.a4.v1,0.8892073403336881
Glyma.18G074000.Wm82.a4.v1,0.8892023209589014
Glyma.18G238700.Wm82.a4.v1,0.8891822434597546
Glyma.03G086400.Wm82.a4.v1,0.8891621659606079
Glyma.18G094600.Wm82.a4.v1,0.8891395787740679
Glyma.08G038100.Wm82.a4.v1,0.8891270303371012
Glyma.04G193500.Wm82.a4.v1,0.8890667978396611
Glyma.20G203900.Wm82.a4.v1,0.8889915072178609
Glyma.14G124300.Wm82.a4.v1,0.8889312747204208
Glyma.03G153902.Wm82.a4.v1,0.8889111972212741
Glyma.13G059000.Wm82.a4.v1,0.8888760615977673
Glyma.06G322000.Wm82.a4.v1,0.8888308872246873
Glyma.12G062600.Wm82.a4.v1,0.8888057903507539
Glyma.09G207400.Wm82.a4.v1,0.8888007709759672
Glyma.06G173200.Wm82.a4.v1,0.8887204609793804
Glyma.09G061900.Wm82.a4.v1,0.8887003834802337
Glyma.15G262600.Wm82.a4.v1,0.8886928544180537
Glyma.10G238800.Wm82.a4.v1,0.8886301122332202
Glyma.20G054600.Wm82.a4.v1,0.8885548216114201
Glyma.04G178500.Wm82.a4.v1,0.8885247053627
Glyma.08G348200.Wm82.a4.v1,0.8884745116148333
Glyma.18G204000.Wm82.a4.v1,0.8883992209930331
Glyma.20G237200.Wm82.a4.v1,0.8883088722468729
Glyma.12G195700.Wm82.a4.v1,0.8883088722468729
Glyma.15G095300.Wm82.a4.v1,0.8882034653763528
Glyma.09G014700.Wm82.a4.v1,0.8881633103780593
Glyma.08G087200.Wm82.a4.v1,0.8881231553797659
Glyma.11G222100.Wm82.a4.v1,0.8880905294436525
Glyma.07G127500.Wm82.a4.v1,0.8880679422571125
Glyma.14G096800.Wm82.a4.v1,0.8879625353865922
Glyma.06G306700.Wm82.a4.v1,0.8879524966370189
Glyma.15G059900.Wm82.a4.v1,0.8879424578874455
Glyma.05G025300.Wm82.a4.v1,0.8879324191378722
Glyma.10G214200.Wm82.a4.v1,0.8879273997630855
Glyma.06G045400.Wm82.a4.v1,0.8879273997630855
Glyma.13G199300.Wm82.a4.v1,0.8879073222639388
Glyma.07G115900.Wm82.a4.v1,0.8878972835143655
Glyma.02G295200.Wm82.a4.v1,0.8878721866404321
Glyma.20G107100.Wm82.a4.v1,0.887811954142992
Glyma.12G015700.Wm82.a4.v1,0.8877717991446985
Glyma.16G043400.Wm82.a4.v1,0.8877567410203385
Glyma.07G165200.Wm82.a4.v1,0.8877115666472584
Glyma.01G092100.Wm82.a4.v1,0.8877015278976851
Glyma.15G070700.Wm82.a4.v1,0.8875409079045115
Glyma.07G184300.Wm82.a4.v1,0.8875409079045115
Glyma.17G167200.Wm82.a4.v1,0.8874831850944647
Glyma.03G243700.Wm82.a4.v1,0.8874254622844179
Glyma.04G086800.Wm82.a4.v1,0.8873652297869777
Glyma.03G197600.Wm82.a4.v1,0.8872497841668842
Glyma.03G157300.Wm82.a4.v1,0.8872297066677375
Glyma.03G232900.Wm82.a4.v1,0.8871945710442307
Glyma.10G200700.Wm82.a4.v1,0.8870590479249905
Glyma.02G294900.Wm82.a4.v1,0.8870289316762704
Glyma.12G136800.Wm82.a4.v1,0.8869486216796836
Glyma.17G224300.Wm82.a4.v1,0.8868984279318168
Glyma.12G129100.Wm82.a4.v1,0.8868030598108699
Glyma.18G061700.Wm82.a4.v1,0.8867177304394964
Glyma.12G057600.Wm82.a4.v1,0.8866324010681229
Glyma.19G249000.Wm82.a4.v1,0.8866273816933363
Glyma.U008800.Wm82.a4.v1,0.8866223623185496
Glyma.17G052600.Wm82.a4.v1,0.8866173429437629
Glyma.20G240700.Wm82.a4.v1,0.8866073041941895
Glyma.06G082200.Wm82.a4.v1,0.8865520910715361
Glyma.20G094500.Wm82.a4.v1,0.8864366454514425
Glyma.13G193200.Wm82.a4.v1,0.8864316260766559
Glyma.05G072300.Wm82.a4.v1,0.8863161804565624
Glyma.15G041500.Wm82.a4.v1,0.8862810448330556
Glyma.15G100200.Wm82.a4.v1,0.8861354829642419
Glyma.17G134200.Wm82.a4.v1,0.8861154054650953
Glyma.10G244800.Wm82.a4.v1,0.8859246692232016
Glyma.04G234000.Wm82.a4.v1,0.8858744754753348
Glyma.05G232800.Wm82.a4.v1,0.8858042042283213
Glyma.02G119500.Wm82.a4.v1,0.885794165478748
Glyma.16G104300.Wm82.a4.v1,0.885794165478748
Glyma.17G099600.Wm82.a4.v1,0.885794165478748
Glyma.15G272000.Wm82.a4.v1,0.8857088361073745
Glyma.13G177800.Wm82.a4.v1,0.8857088361073745
Glyma.01G011300.Wm82.a4.v1,0.8856887586082277
Glyma.08G287600.Wm82.a4.v1,0.8855431967394142
Glyma.11G113901.Wm82.a4.v1,0.8855431967394142
Glyma.08G031400.Wm82.a4.v1,0.8853624992470938
Glyma.05G166900.Wm82.a4.v1,0.8853022667496536
Glyma.20G242100.Wm82.a4.v1,0.8852796795631136
Glyma.02G145200.Wm82.a4.v1,0.8852771698757202
Glyma.08G174200.Wm82.a4.v1,0.8852269761278535
Glyma.16G127500.Wm82.a4.v1,0.8852169373782801
Glyma.01G022600.Wm82.a4.v1,0.8852169373782801
Glyma.02G150200.Wm82.a4.v1,0.8852119180034935
Glyma.09G249200.Wm82.a4.v1,0.8852043889413135
Glyma.17G022300.Wm82.a4.v1,0.8851567048808401
Glyma.04G208000.Wm82.a4.v1,0.8851165498825466
Glyma.04G095200.Wm82.a4.v1,0.8851065111329732
Glyma.16G028800.Wm82.a4.v1,0.8850613367598932
Glyma.12G160300.Wm82.a4.v1,0.885001104262453
Glyma.10G136100.Wm82.a4.v1,0.884970988013733
Glyma.20G021100.Wm82.a4.v1,0.8848806392675729
Glyma.15G003700.Wm82.a4.v1,0.8848505230188528
Glyma.14G093600.Wm82.a4.v1,0.8848404842692794
Glyma.10G056800.Wm82.a4.v1,0.8848354648944927
Glyma.20G239700.Wm82.a4.v1,0.8846999417752525
Glyma.08G267700.Wm82.a4.v1,0.8846648061517457
Glyma.05G121000.Wm82.a4.v1,0.8846246511534523
Glyma.04G229800.Wm82.a4.v1,0.8846095930290923
Glyma.08G157600.Wm82.a4.v1,0.8845694380307989
Glyma.15G245600.Wm82.a4.v1,0.8845543799064388
Glyma.11G022300.Wm82.a4.v1,0.8845142249081455
Glyma.20G233800.Wm82.a4.v1,0.8844841086594254
Glyma.06G173500.Wm82.a4.v1,0.8843837211636919
Glyma.07G135300.Wm82.a4.v1,0.8843536049149718
Glyma.01G161900.Wm82.a4.v1,0.8843285080410385
Glyma.02G157002.Wm82.a4.v1,0.8842933724175317
Glyma.19G201600.Wm82.a4.v1,0.8842582367940249
Glyma.03G113800.Wm82.a4.v1,0.8841327524243581
Glyma.01G096200.Wm82.a4.v1,0.8840925974260646
Glyma.08G333900.Wm82.a4.v1,0.8840373843034112
Glyma.11G187500.Wm82.a4.v1,0.8840323649286245
Glyma.18G295600.Wm82.a4.v1,0.8839972293051177
Glyma.03G226600.Wm82.a4.v1,0.8839721324311843
Glyma.06G266000.Wm82.a4.v1,0.8838868030598108
Glyma.14G186700.Wm82.a4.v1,0.8838366093119441
Glyma.20G168400.Wm82.a4.v1,0.8838014736884374
Glyma.09G173500.Wm82.a4.v1,0.8837813961892906
Glyma.20G017700.Wm82.a4.v1,0.8837713574397174
Glyma.08G146400.Wm82.a4.v1,0.883635834320477
Glyma.12G179100.Wm82.a4.v1,0.883620776196117
Glyma.01G157000.Wm82.a4.v1,0.883605718071757
Glyma.14G087900.Wm82.a4.v1,0.8834651755777301
Glyma.19G053500.Wm82.a4.v1,0.8834400787037967
Glyma.17G035700.Wm82.a4.v1,0.8833447105828498
Glyma.11G183300.Wm82.a4.v1,0.8833296524584898
Glyma.20G058100.Wm82.a4.v1,0.8832744393358364
Glyma.12G077300.Wm82.a4.v1,0.8832192262131829
Glyma.05G192600.Wm82.a4.v1,0.8832142068383962
Glyma.20G160500.Wm82.a4.v1,0.8832091874636095
Glyma.06G132500.Wm82.a4.v1,0.8831891099644629
Glyma.04G202300.Wm82.a4.v1,0.8831037805930894
Glyma.11G100400.Wm82.a4.v1,0.8830335093460758
Glyma.11G155300.Wm82.a4.v1,0.8830234705965025
Glyma.11G102600.Wm82.a4.v1,0.8830084124721425
Glyma.01G234300.Wm82.a4.v1,0.8829782962234224
Glyma.15G156900.Wm82.a4.v1,0.8829582187242757
Glyma.16G012300.Wm82.a4.v1,0.8829130443511957
Glyma.06G175800.Wm82.a4.v1,0.8828477924789688
Glyma.19G000900.Wm82.a4.v1,0.8827925793563154
Glyma.18G005800.Wm82.a4.v1,0.8827273274840886
Glyma.17G001900.Wm82.a4.v1,0.8827072499849419
Glyma.01G061500.Wm82.a4.v1,0.8826921918605819
Glyma.04G245200.Wm82.a4.v1,0.8826470174875017
Glyma.05G082200.Wm82.a4.v1,0.8826269399883551
Glyma.10G294900.Wm82.a4.v1,0.8826068624892084
Glyma.13G258500.Wm82.a4.v1,0.8826068624892084
Glyma.03G014000.Wm82.a4.v1,0.8825667074909149
Glyma.19G208200.Wm82.a4.v1,0.8825039653060814
Glyma.16G071100.Wm82.a4.v1,0.882471339369968
Glyma.06G136500.Wm82.a4.v1,0.8824663199951814
Glyma.10G257800.Wm82.a4.v1,0.8824161262473146
Glyma.09G207700.Wm82.a4.v1,0.8823960487481679
Glyma.02G020400.Wm82.a4.v1,0.8823408356255145
Glyma.17G085400.Wm82.a4.v1,0.882285622502861
Glyma.11G102300.Wm82.a4.v1,0.8822655450037143
Glyma.17G149900.Wm82.a4.v1,0.8820798281366073
Glyma.13G097400.Wm82.a4.v1,0.8820748087618207
Glyma.16G113000.Wm82.a4.v1,0.8820647700122473
Glyma.16G195700.Wm82.a4.v1,0.882054731262674
Glyma.16G094600.Wm82.a4.v1,0.8820346537635272
Glyma.05G195000.Wm82.a4.v1,0.8820145762643805
Glyma.15G108000.Wm82.a4.v1,0.8819342662677937
Glyma.07G080800.Wm82.a4.v1,0.881914188768647
Glyma.01G089300.Wm82.a4.v1,0.8819041500190736
Glyma.02G048800.Wm82.a4.v1,0.8818991306442869
Glyma.06G283400.Wm82.a4.v1,0.8818890918947135
Glyma.14G210600.Wm82.a4.v1,0.8818338787720601
Glyma.20G142000.Wm82.a4.v1,0.8818238400224868
Glyma.06G065900.Wm82.a4.v1,0.8818138012729134
Glyma.13G275800.Wm82.a4.v1,0.8817987431485534
Glyma.17G037900.Wm82.a4.v1,0.88178870439898
Glyma.03G116600.Wm82.a4.v1,0.8817435300259
Glyma.20G216200.Wm82.a4.v1,0.8816933362780333
Glyma.17G088400.Wm82.a4.v1,0.8816531812797398
Glyma.06G193200.Wm82.a4.v1,0.8816481619049531
Glyma.01G017400.Wm82.a4.v1,0.881587929407513
Glyma.19G022700.Wm82.a4.v1,0.881572871283153
Glyma.02G164700.Wm82.a4.v1,0.8815176581604995
Glyma.11G172401.Wm82.a4.v1,0.8814975806613529
Glyma.07G131700.Wm82.a4.v1,0.8814825225369928
Glyma.08G334100.Wm82.a4.v1,0.8814122512899794
Glyma.20G246700.Wm82.a4.v1,0.8813068444194591
Glyma.06G324700.Wm82.a4.v1,0.881246611922019
Glyma.15G098300.Wm82.a4.v1,0.881246611922019
Glyma.03G234200.Wm82.a4.v1,0.8811110888027788
Glyma.02G290200.Wm82.a4.v1,0.8810357981809785
Glyma.13G136400.Wm82.a4.v1,0.8809956431826852
Glyma.13G165800.Wm82.a4.v1,0.8809404300600318
Glyma.08G003500.Wm82.a4.v1,0.8809002750617383
Glyma.19G141100.Wm82.a4.v1,0.8808199650651515
Glyma.08G185000.Wm82.a4.v1,0.8808149456903648
Glyma.14G151100.Wm82.a4.v1,0.8807998875660048
Glyma.09G239000.Wm82.a4.v1,0.8807998875660048
Glyma.12G180600.Wm82.a4.v1,0.8807798100668581
Glyma.18G050100.Wm82.a4.v1,0.8806995000702712
Glyma.01G167300.Wm82.a4.v1,0.880563976951031
Glyma.09G156500.Wm82.a4.v1,0.8805388800770976
Glyma.08G210900.Wm82.a4.v1,0.8805037444535908
Glyma.15G023700.Wm82.a4.v1,0.8804937057040175
Glyma.13G125000.Wm82.a4.v1,0.8804435119561508
Glyma.04G088300.Wm82.a4.v1,0.880423434457004
Glyma.05G243300.Wm82.a4.v1,0.8803832794587106
Glyma.04G048100.Wm82.a4.v1,0.8803581825847773
Glyma.10G057300.Wm82.a4.v1,0.8803230469612705
Glyma.10G295100.Wm82.a4.v1,0.8803130082116971
Glyma.03G130200.Wm82.a4.v1,0.8803130082116971
Glyma.02G133400.Wm82.a4.v1,0.8803029694621238
Glyma.09G018600.Wm82.a4.v1,0.8802527757142571
Glyma.03G002600.Wm82.a4.v1,0.8802477563394704
Glyma.07G221900.Wm82.a4.v1,0.8802326982151103
Glyma.11G001000.Wm82.a4.v1,0.8801523882185235
Glyma.08G335500.Wm82.a4.v1,0.8801298010319835
Glyma.13G175600.Wm82.a4.v1,0.8801272913445901
Glyma.16G076800.Wm82.a4.v1,0.8801172525950167
Glyma.11G231200.Wm82.a4.v1,0.8800570200975767
Glyma.18G229100.Wm82.a4.v1,0.8800168650992832
Glyma.06G127200.Wm82.a4.v1,0.8800068263497098
Glyma.16G047100.Wm82.a4.v1,0.8799817294757765
Glyma.09G112200.Wm82.a4.v1,0.8799566326018431
Glyma.05G208400.Wm82.a4.v1,0.8799516132270564
Glyma.10G113802.Wm82.a4.v1,0.8799415744774831
Glyma.02G037000.Wm82.a4.v1,0.879896400104403
Glyma.01G038600.Wm82.a4.v1,0.8798462063565362
Glyma.15G154400.Wm82.a4.v1,0.8798411869817495
Glyma.U031320.Wm82.a4.v1,0.879740799486016
Glyma.05G006000.Wm82.a4.v1,0.8797207219868693
Glyma.20G199900.Wm82.a4.v1,0.8796805669885759
Glyma.11G009300.Wm82.a4.v1,0.8796203344911357
Glyma.06G163000.Wm82.a4.v1,0.8795952376172024
Glyma.07G155200.Wm82.a4.v1,0.8795601019936957
Glyma.20G229900.Wm82.a4.v1,0.8795450438693356
Glyma.12G038800.Wm82.a4.v1,0.8795350051197622
Glyma.10G292400.Wm82.a4.v1,0.8794797919971088
Glyma.06G138700.Wm82.a4.v1,0.8794747726223222
Glyma.04G204500.Wm82.a4.v1,0.8794747726223222
Glyma.12G052700.Wm82.a4.v1,0.8794697532475355
Glyma.10G066200.Wm82.a4.v1,0.8794597144979621
Glyma.08G284100.Wm82.a4.v1,0.8793944626257353
Glyma.18G136900.Wm82.a4.v1,0.8793693657518019
Glyma.15G069200.Wm82.a4.v1,0.8793643463770153
Glyma.10G298900.Wm82.a4.v1,0.8793342301282953
Glyma.19G176300.Wm82.a4.v1,0.8792990945047885
Glyma.10G167800.Wm82.a4.v1,0.8792739976308551
Glyma.10G048600.Wm82.a4.v1,0.8792539201317084
Glyma.13G217200.Wm82.a4.v1,0.8792388620073484
Glyma.02G188300.Wm82.a4.v1,0.8792087457586283
Glyma.14G095900.Wm82.a4.v1,0.879198707009055
Glyma.10G093900.Wm82.a4.v1,0.8791936876342683
Glyma.11G029600.Wm82.a4.v1,0.8789828738932278
Glyma.19G115400.Wm82.a4.v1,0.8789778545184412
Glyma.04G101000.Wm82.a4.v1,0.8789427188949345
Glyma.09G064500.Wm82.a4.v1,0.8789427188949345
Glyma.12G070100.Wm82.a4.v1,0.878857389523561
Glyma.12G073200.Wm82.a4.v1,0.8788272732748409
Glyma.11G154400.Wm82.a4.v1,0.8788272732748409
Glyma.18G270600.Wm82.a4.v1,0.8787921376513341
Glyma.04G193400.Wm82.a4.v1,0.8787670407774008
Glyma.13G329600.Wm82.a4.v1,0.8787570020278274
Glyma.16G211400.Wm82.a4.v1,0.8787268857791074
Glyma.11G235400.Wm82.a4.v1,0.8786917501556006
Glyma.18G104000.Wm82.a4.v1,0.8786064207842271
Glyma.13G112900.Wm82.a4.v1,0.8785813239102938
Glyma.12G135100.Wm82.a4.v1,0.8785612464111471
Glyma.07G069600.Wm82.a4.v1,0.8785512076615737
Glyma.16G127800.Wm82.a4.v1,0.8785361495372136
Glyma.13G112700.Wm82.a4.v1,0.8785110526632802
Glyma.19G263900.Wm82.a4.v1,0.8785010139137069
Glyma.05G216500.Wm82.a4.v1,0.8784959945389202
Glyma.08G051000.Wm82.a4.v1,0.8784257232919067
Glyma.18G231300.Wm82.a4.v1,0.8784257232919067
Glyma.15G088100.Wm82.a4.v1,0.8784207039171201
Glyma.20G174800.Wm82.a4.v1,0.8783905876684001
Glyma.08G014400.Wm82.a4.v1,0.8783504326701066
Glyma.11G243400.Wm82.a4.v1,0.8783454132953199
Glyma.16G155100.Wm82.a4.v1,0.8782249483004397
Glyma.17G071600.Wm82.a4.v1,0.8780743670568394
Glyma.19G195500.Wm82.a4.v1,0.878049270182906
Glyma.03G001200.Wm82.a4.v1,0.8780392314333326
Glyma.16G030600.Wm82.a4.v1,0.8779940570602526
Glyma.11G163201.Wm82.a4.v1,0.8779438633123858
Glyma.05G016600.Wm82.a4.v1,0.8779187664384525
Glyma.12G054700.Wm82.a4.v1,0.877878611440159
Glyma.15G019700.Wm82.a4.v1,0.8778585339410123
Glyma.10G107400.Wm82.a4.v1,0.8778585339410123
Glyma.04G184400.Wm82.a4.v1,0.877833437067079
Glyma.20G045500.Wm82.a4.v1,0.8778133595679323
Glyma.04G238800.Wm82.a4.v1,0.8777280301965588
Glyma.U031117.Wm82.a4.v1,0.877692894573052
Glyma.10G224900.Wm82.a4.v1,0.8776778364486919
Glyma.09G073050.Wm82.a4.v1,0.8776577589495452
Glyma.05G196100.Wm82.a4.v1,0.8776577589495452
Glyma.13G135600.Wm82.a4.v1,0.8776577589495452
Glyma.09G223600.Wm82.a4.v1,0.8776527395747585
Glyma.19G148100.Wm82.a4.v1,0.8776376814503986
Glyma.01G109500.Wm82.a4.v1,0.877567410203385
Glyma.09G192800.Wm82.a4.v1,0.8775623908285984
Glyma.08G051600.Wm82.a4.v1,0.8775423133294517
Glyma.10G037400.Wm82.a4.v1,0.877537293954665
Glyma.07G092900.Wm82.a4.v1,0.8774971389563716
Glyma.14G110000.Wm82.a4.v1,0.8774820808320115
Glyma.03G150700.Wm82.a4.v1,0.8774017708354247
Glyma.02G245400.Wm82.a4.v1,0.877381693336278
Glyma.12G093100.Wm82.a4.v1,0.8773766739614913
Glyma.15G018200.Wm82.a4.v1,0.877351577087558
Glyma.11G134900.Wm82.a4.v1,0.8773164414640512
Glyma.10G095200.Wm82.a4.v1,0.8772963639649045
Glyma.08G240100.Wm82.a4.v1,0.8772762864657578
Glyma.09G187800.Wm82.a4.v1,0.8772411508422511
Glyma.07G151100.Wm82.a4.v1,0.877195976469171
Glyma.01G236400.Wm82.a4.v1,0.8771809183448109
Glyma.17G240800.Wm82.a4.v1,0.8771708795952377
Glyma.03G167900.Wm82.a4.v1,0.877165860220451
Glyma.08G239400.Wm82.a4.v1,0.8771407633465176
Glyma.07G063300.Wm82.a4.v1,0.877070492099504
Glyma.10G129800.Wm82.a4.v1,0.8769199108559038
Glyma.08G087000.Wm82.a4.v1,0.8767793683618769
Glyma.20G111800.Wm82.a4.v1,0.8766036902443431
Glyma.20G005900.Wm82.a4.v1,0.8765936514947699
Glyma.14G223400.Wm82.a4.v1,0.8765635352460498
Glyma.19G252100.Wm82.a4.v1,0.8765183608729696
Glyma.07G237600.Wm82.a4.v1,0.8764832252494629
Glyma.18G259000.Wm82.a4.v1,0.8764531090007429
Glyma.04G200400.Wm82.a4.v1,0.8764104443150561
Glyma.19G241300.Wm82.a4.v1,0.8763928765033028
Glyma.08G012400.Wm82.a4.v1,0.876357740879796
Glyma.07G183000.Wm82.a4.v1,0.8763326440058626
Glyma.20G070800.Wm82.a4.v1,0.8763075471319293
Glyma.18G061500.Wm82.a4.v1,0.8762824502579959
Glyma.18G057500.Wm82.a4.v1,0.8762322565101291
Glyma.20G218600.Wm82.a4.v1,0.8762322565101291
Glyma.03G228100.Wm82.a4.v1,0.8762171983857691
Glyma.16G004700.Wm82.a4.v1,0.8761218302648223
Glyma.06G083000.Wm82.a4.v1,0.8760365008934488
Glyma.12G064100.Wm82.a4.v1,0.8759762683960086
Glyma.19G055000.Wm82.a4.v1,0.8758558034011283
Glyma.10G207800.Wm82.a4.v1,0.8757654546549681
Glyma.06G001100.Wm82.a4.v1,0.8757102415323147
Glyma.05G087100.Wm82.a4.v1,0.875690164033168
Glyma.05G014300.Wm82.a4.v1,0.8756700865340213
Glyma.10G284100.Wm82.a4.v1,0.8756550284096613
Glyma.06G172600.Wm82.a4.v1,0.8756500090348747
Glyma.15G017500.Wm82.a4.v1,0.8755897765374345
Glyma.02G228200.Wm82.a4.v1,0.8755646796635012
Glyma.01G191600.Wm82.a4.v1,0.8755596602887145
Glyma.16G087700.Wm82.a4.v1,0.8755395827895678
Glyma.06G015300.Wm82.a4.v1,0.8755345634147811
Glyma.10G253200.Wm82.a4.v1,0.8755295440399944
Glyma.11G076000.Wm82.a4.v1,0.8754843696669143
Glyma.14G050000.Wm82.a4.v1,0.8754391952938342
Glyma.20G150600.Wm82.a4.v1,0.8753237496737406
Glyma.14G077900.Wm82.a4.v1,0.8752735559258739
Glyma.09G231100.Wm82.a4.v1,0.8752635171763005
Glyma.20G135800.Wm82.a4.v1,0.875193245929287
Glyma.05G120700.Wm82.a4.v1,0.8751581103057803
Glyma.02G301700.Wm82.a4.v1,0.8751430521814203
Glyma.03G210100.Wm82.a4.v1,0.8751279940570602
Glyma.09G018200.Wm82.a4.v1,0.8750978778083401
Glyma.14G223600.Wm82.a4.v1,0.8750878390587669
Glyma.17G188500.Wm82.a4.v1,0.87502258718654
Glyma.11G003600.Wm82.a4.v1,0.8750175678117533
Glyma.06G088500.Wm82.a4.v1,0.87499247093782
Glyma.10G182300.Wm82.a4.v1,0.8749071415664464
Glyma.11G019500.Wm82.a4.v1,0.8747565603228462
Glyma.15G181800.Wm82.a4.v1,0.8747415021984861
Glyma.16G066300.Wm82.a4.v1,0.8747415021984861
Glyma.19G112500.Wm82.a4.v1,0.8747314634489128
Glyma.U031414.Wm82.a4.v1,0.8747013472001928
Glyma.17G180100.Wm82.a4.v1,0.8746461340775393
Glyma.02G014800.Wm82.a4.v1,0.8746260565783925
Glyma.08G055400.Wm82.a4.v1,0.8745959403296726
Glyma.19G240100.Wm82.a4.v1,0.8745608047061658
Glyma.19G244600.Wm82.a4.v1,0.8745055915835124
Glyma.07G253700.Wm82.a4.v1,0.8744704559600056
Glyma.20G208000.Wm82.a4.v1,0.8744654365852189
Glyma.19G001900.Wm82.a4.v1,0.8743499909651253
Glyma.01G048700.Wm82.a4.v1,0.8743148553416187
Glyma.08G354800.Wm82.a4.v1,0.8742997972172586
Glyma.13G103300.Wm82.a4.v1,0.8741441965988717
Glyma.02G270400.Wm82.a4.v1,0.8740940028510049
Glyma.08G072300.Wm82.a4.v1,0.8740488284779248
Glyma.13G237000.Wm82.a4.v1,0.8740061637922381
Glyma.18G249400.Wm82.a4.v1,0.8739885959804846
Glyma.01G229700.Wm82.a4.v1,0.8739484409821913
Glyma.03G156400.Wm82.a4.v1,0.8739384022326179
Glyma.19G143200.Wm82.a4.v1,0.8739032666091112
Glyma.03G015700.Wm82.a4.v1,0.8738831891099644
Glyma.11G140100.Wm82.a4.v1,0.8738831891099644
Glyma.17G187600.Wm82.a4.v1,0.8736773947437108
Glyma.20G110900.Wm82.a4.v1,0.8736171622462706
Glyma.11G158500.Wm82.a4.v1,0.8735067360009637
Glyma.05G233500.Wm82.a4.v1,0.873501716626177
Glyma.20G230900.Wm82.a4.v1,0.8734916778766036
Glyma.16G209400.Wm82.a4.v1,0.8734866585018171
Glyma.15G168200.Wm82.a4.v1,0.8734364647539502
Glyma.04G240500.Wm82.a4.v1,0.8733210191338567
Glyma.12G082400.Wm82.a4.v1,0.8732658060112033
Glyma.05G089000.Wm82.a4.v1,0.8732432188246632
Glyma.04G068800.Wm82.a4.v1,0.8732256510129098
Glyma.20G158300.Wm82.a4.v1,0.8732105928885499
Glyma.13G116300.Wm82.a4.v1,0.8731553797658964
Glyma.14G179800.Wm82.a4.v1,0.8731403216415363
Glyma.16G074600.Wm82.a4.v1,0.873115224767603
Glyma.07G149600.Wm82.a4.v1,0.873115224767603
Glyma.02G009100.Wm82.a4.v1,0.8731051860180296
Glyma.08G036900.Wm82.a4.v1,0.8730650310197362
Glyma.16G210800.Wm82.a4.v1,0.8730600116449495
Glyma.10G158100.Wm82.a4.v1,0.872974682273576
Glyma.08G251900.Wm82.a4.v1,0.8728692754030558
Glyma.15G253000.Wm82.a4.v1,0.8728642560282691
Glyma.12G173500.Wm82.a4.v1,0.8728542172786957
Glyma.17G259400.Wm82.a4.v1,0.8728491979039091
Glyma.18G084800.Wm82.a4.v1,0.8728441785291224
Glyma.14G058300.Wm82.a4.v1,0.8727990041560423
Glyma.12G099700.Wm82.a4.v1,0.8727588491577489
Glyma.06G147100.Wm82.a4.v1,0.8725831710402152
Glyma.12G133700.Wm82.a4.v1,0.8725731322906419
Glyma.19G030200.Wm82.a4.v1,0.8725179191679885
Glyma.01G015000.Wm82.a4.v1,0.8725128997932018
Glyma.11G175700.Wm82.a4.v1,0.8725028610436284
Glyma.19G020100.Wm82.a4.v1,0.8724225510470416
Glyma.02G184600.Wm82.a4.v1,0.8723723572991748
Glyma.19G020800.Wm82.a4.v1,0.8723121248017347
Glyma.16G099600.Wm82.a4.v1,0.8722970666773747
Glyma.16G016400.Wm82.a4.v1,0.8722970666773747
Glyma.16G101500.Wm82.a4.v1,0.872292047302588
Glyma.18G006400.Wm82.a4.v1,0.8722769891782279
Glyma.13G144000.Wm82.a4.v1,0.8722468729295079
Glyma.08G325900.Wm82.a4.v1,0.8722167566807878
Glyma.10G134100.Wm82.a4.v1,0.8721966791816411
Glyma.07G208600.Wm82.a4.v1,0.8721966791816411
Glyma.13G126400.Wm82.a4.v1,0.8720661754371876
Glyma.06G316100.Wm82.a4.v1,0.8720260204388941
Glyma.05G040200.Wm82.a4.v1,0.8720159816893208
Glyma.19G190800.Wm82.a4.v1,0.8719557491918807
Glyma.03G178500.Wm82.a4.v1,0.8719406910675206
Glyma.05G221500.Wm82.a4.v1,0.8718904973196538
Glyma.10G168100.Wm82.a4.v1,0.8718854779448671
Glyma.10G275400.Wm82.a4.v1,0.8717599935752003
Glyma.13G365000.Wm82.a4.v1,0.8717248579516935
Glyma.15G000400.Wm82.a4.v1,0.8716997610777601
Glyma.18G171900.Wm82.a4.v1,0.8716997610777601
Glyma.05G046000.Wm82.a4.v1,0.87159435420724
Glyma.19G000200.Wm82.a4.v1,0.8715742767080933
Glyma.06G023400.Wm82.a4.v1,0.8715541992089465
Glyma.15G024800.Wm82.a4.v1,0.8715441604593732
Glyma.10G133100.Wm82.a4.v1,0.8715441604593732
Glyma.03G105000.Wm82.a4.v1,0.8715240829602264
Glyma.07G108900.Wm82.a4.v1,0.8714839279619331
Glyma.13G095600.Wm82.a4.v1,0.871453811713213
Glyma.02G291700.Wm82.a4.v1,0.8713985985905596
Glyma.17G094300.Wm82.a4.v1,0.8713760114040195
Glyma.01G233000.Wm82.a4.v1,0.8713584435922661
Glyma.15G090800.Wm82.a4.v1,0.8712530367217459
Glyma.19G178800.Wm82.a4.v1,0.8711877848495192
Glyma.06G002000.Wm82.a4.v1,0.8711626879755857
Glyma.19G229700.Wm82.a4.v1,0.8711576686007991
Glyma.13G126200.Wm82.a4.v1,0.871142610476439
Glyma.13G159100.Wm82.a4.v1,0.8711325717268658
Glyma.07G266500.Wm82.a4.v1,0.8710121067319855
Glyma.13G345400.Wm82.a4.v1,0.8709217579858253
Glyma.16G003300.Wm82.a4.v1,0.8708816029875319
Glyma.01G234000.Wm82.a4.v1,0.8707962736161584
Glyma.02G129300.Wm82.a4.v1,0.8707761961170116
Glyma.02G243800.Wm82.a4.v1,0.870771176742225
Glyma.02G271400.Wm82.a4.v1,0.8707611379926516
Glyma.03G258100.Wm82.a4.v1,0.8707510992430783
Glyma.04G252400.Wm82.a4.v1,0.8707109442447849
Glyma.01G147700.Wm82.a4.v1,0.8706908667456381
Glyma.18G003000.Wm82.a4.v1,0.8706858473708515
Glyma.06G214900.Wm82.a4.v1,0.8706456923725581
Glyma.16G173500.Wm82.a4.v1,0.8705553436263979
Glyma.08G272600.Wm82.a4.v1,0.8705503242516113
Glyma.13G123400.Wm82.a4.v1,0.8705352661272512
Glyma.01G012700.Wm82.a4.v1,0.8705302467524645
Glyma.11G241000.Wm82.a4.v1,0.8705302467524645
Glyma.16G138000.Wm82.a4.v1,0.8704800530045977
Glyma.15G042300.Wm82.a4.v1,0.8703997430080109
Glyma.13G352000.Wm82.a4.v1,0.8703997430080109
Glyma.10G109200.Wm82.a4.v1,0.8703495492601442
Glyma.01G082400.Wm82.a4.v1,0.8703093942618507
Glyma.15G156500.Wm82.a4.v1,0.8702792780131307
Glyma.19G213500.Wm82.a4.v1,0.8701337161443171
Glyma.09G285700.Wm82.a4.v1,0.8700985805208103
Glyma.08G298500.Wm82.a4.v1,0.8700232898990102
Glyma.13G068400.Wm82.a4.v1,0.8700207802116169
Glyma.18G013300.Wm82.a4.v1,0.8699931736502902
Glyma.10G210600.Wm82.a4.v1,0.8699178830284899
Glyma.19G212900.Wm82.a4.v1,0.8699178830284899
Glyma.11G050500.Wm82.a4.v1,0.8699078442789167
Glyma.09G083800.Wm82.a4.v1,0.86990282490413
Glyma.05G200300.Wm82.a4.v1,0.8698777280301966
Glyma.02G017500.Wm82.a4.v1,0.8698325536571164
Glyma.08G346500.Wm82.a4.v1,0.8698275342823298
Glyma.08G142000.Wm82.a4.v1,0.8697873792840364
Glyma.08G238600.Wm82.a4.v1,0.8697873792840364
Glyma.07G130600.Wm82.a4.v1,0.8697723211596764
Glyma.08G222100.Wm82.a4.v1,0.8697472242857429
Glyma.03G178000.Wm82.a4.v1,0.8696719336639428
Glyma.06G285900.Wm82.a4.v1,0.8696618949143695
Glyma.08G217700.Wm82.a4.v1,0.8696167205412894
Glyma.11G110000.Wm82.a4.v1,0.8694611199229024
Glyma.01G243900.Wm82.a4.v1,0.8693958680506756
Glyma.20G122800.Wm82.a4.v1,0.8693808099263156
Glyma.09G267500.Wm82.a4.v1,0.8693506936775955
Glyma.14G022300.Wm82.a4.v1,0.8693406549280221
Glyma.02G100000.Wm82.a4.v1,0.8693055193045154
Glyma.13G026700.Wm82.a4.v1,0.869280422430582
Glyma.13G279900.Wm82.a4.v1,0.8692503061818619
Glyma.09G153300.Wm82.a4.v1,0.8691499186861285
Glyma.04G106500.Wm82.a4.v1,0.8691398799365551
Glyma.15G051700.Wm82.a4.v1,0.8690696086895416
Glyma.09G152700.Wm82.a4.v1,0.8690595699399682
Glyma.08G349700.Wm82.a4.v1,0.8690093761921015
Glyma.08G027900.Wm82.a4.v1,0.8690093761921015
Glyma.09G210700.Wm82.a4.v1,0.8689993374425281
Glyma.14G089015.Wm82.a4.v1,0.8689039693215813
Glyma.03G232700.Wm82.a4.v1,0.8688086012006344
Glyma.01G213700.Wm82.a4.v1,0.8687634268275544
Glyma.13G319500.Wm82.a4.v1,0.868738329953621
Glyma.06G119700.Wm82.a4.v1,0.8686178649587407
Glyma.13G275500.Wm82.a4.v1,0.868612845583954
Glyma.08G237400.Wm82.a4.v1,0.8686078262091674
Glyma.02G183500.Wm82.a4.v1,0.868582729335234
Glyma.09G217900.Wm82.a4.v1,0.8685726905856607
Glyma.18G015200.Wm82.a4.v1,0.868567671210874
Glyma.19G125500.Wm82.a4.v1,0.868567671210874
Glyma.03G103600.Wm82.a4.v1,0.868552613086514
Glyma.10G004300.Wm82.a4.v1,0.8684973999638606
Glyma.02G138600.Wm82.a4.v1,0.8684923805890739
Glyma.01G203600.Wm82.a4.v1,0.8684672837151405
Glyma.18G006100.Wm82.a4.v1,0.8684672837151405
Glyma.09G061200.Wm82.a4.v1,0.8684421868412071
Glyma.U031222.Wm82.a4.v1,0.8683468187202602
Glyma.17G095800.Wm82.a4.v1,0.8682916055976068
Glyma.10G197700.Wm82.a4.v1,0.8682916055976068
Glyma.19G225400.Wm82.a4.v1,0.8682514505993133
Glyma.07G030500.Wm82.a4.v1,0.8682363924749533
Glyma.19G161600.Wm82.a4.v1,0.8681460437287931
Glyma.13G246900.Wm82.a4.v1,0.8681109081052865
Glyma.20G027900.Wm82.a4.v1,0.8681058887304998
Glyma.17G089100.Wm82.a4.v1,0.868025578733913
Glyma.10G054900.Wm82.a4.v1,0.8680004818599795
Glyma.16G020600.Wm82.a4.v1,0.8679703656112595
Glyma.15G063000.Wm82.a4.v1,0.8679603268616861
Glyma.11G174073.Wm82.a4.v1,0.867945268737326
Glyma.08G326000.Wm82.a4.v1,0.8678900556146726
Glyma.01G169000.Wm82.a4.v1,0.8677946874937258
Glyma.11G147944.Wm82.a4.v1,0.8677746099945791
Glyma.02G079400.Wm82.a4.v1,0.8677495131206457
Glyma.14G021000.Wm82.a4.v1,0.867729435621499
Glyma.08G184700.Wm82.a4.v1,0.8676390868753389
Glyma.07G066700.Wm82.a4.v1,0.8675537575039654
Glyma.02G250700.Wm82.a4.v1,0.8675336800048186
Glyma.14G061500.Wm82.a4.v1,0.8675236412552453
Glyma.02G124500.Wm82.a4.v1,0.8674282731342984
Glyma.01G103200.Wm82.a4.v1,0.8673379243881382
Glyma.19G232700.Wm82.a4.v1,0.8673128275142048
Glyma.08G151900.Wm82.a4.v1,0.8672877306402714
Glyma.05G201300.Wm82.a4.v1,0.8672425562671914
Glyma.06G072700.Wm82.a4.v1,0.8672224787680447
Glyma.02G273400.Wm82.a4.v1,0.8670367619009376
Glyma.17G090200.Wm82.a4.v1,0.8670166844017909
Glyma.14G206700.Wm82.a4.v1,0.8670066456522175
Glyma.06G152800.Wm82.a4.v1,0.8669915875278575
Glyma.14G062900.Wm82.a4.v1,0.8668962194069106
Glyma.08G048200.Wm82.a4.v1,0.866891200032124
Glyma.17G232235.Wm82.a4.v1,0.8667255606641636
Glyma.15G067800.Wm82.a4.v1,0.8667004637902302
Glyma.12G114900.Wm82.a4.v1,0.866690425040657
Glyma.01G015600.Wm82.a4.v1,0.8666753669162969
Glyma.03G223000.Wm82.a4.v1,0.8666502700423635
Glyma.09G233300.Wm82.a4.v1,0.8665699600457767
Glyma.12G029100.Wm82.a4.v1,0.8665097275483366
Glyma.14G162100.Wm82.a4.v1,0.8664796112996165
Glyma.13G336200.Wm82.a4.v1,0.8664645531752565
Glyma.06G040400.Wm82.a4.v1,0.8664595338004698
Glyma.20G160400.Wm82.a4.v1,0.8664545144256831
Glyma.04G218900.Wm82.a4.v1,0.8664394563013231
Glyma.19G006000.Wm82.a4.v1,0.8664093400526031
Glyma.17G022700.Wm82.a4.v1,0.8663591463047363
Glyma.10G157700.Wm82.a4.v1,0.8663491075551629
Glyma.18G015300.Wm82.a4.v1,0.8663240106812296
Glyma.13G045800.Wm82.a4.v1,0.8661784488124159
Glyma.11G222600.Wm82.a4.v1,0.8661784488124159
Glyma.07G078100.Wm82.a4.v1,0.8661332744393359
Glyma.19G095400.Wm82.a4.v1,0.8661081775654025
Glyma.02G267500.Wm82.a4.v1,0.8661081775654025
Glyma.08G360600.Wm82.a4.v1,0.866052964442749
Glyma.18G113100.Wm82.a4.v1,0.8658220732025619
Glyma.04G098600.Wm82.a4.v1,0.8657267050816151
Glyma.05G156500.Wm82.a4.v1,0.8656363563354549
Glyma.02G084300.Wm82.a4.v1,0.8656313369606682
Glyma.02G105600.Wm82.a4.v1,0.8656012207119481
Glyma.01G094900.Wm82.a4.v1,0.8656012207119481
Glyma.07G161500.Wm82.a4.v1,0.8655861625875881
Glyma.05G053100.Wm82.a4.v1,0.865571104463228
Glyma.18G045900.Wm82.a4.v1,0.865540988214508
Glyma.06G108100.Wm82.a4.v1,0.8654506394683478
Glyma.02G026400.Wm82.a4.v1,0.8654255425944144
Glyma.20G124000.Wm82.a4.v1,0.865400445720481
Glyma.11G114001.Wm82.a4.v1,0.8653954263456943
Glyma.13G240800.Wm82.a4.v1,0.8653904069709077
Glyma.05G014800.Wm82.a4.v1,0.8653301744734676
Glyma.02G304500.Wm82.a4.v1,0.8652950388499608
Glyma.06G021200.Wm82.a4.v1,0.8652799807256009
Glyma.13G354600.Wm82.a4.v1,0.8652498644768808
Glyma.11G104500.Wm82.a4.v1,0.8651243801072138
Glyma.03G090200.Wm82.a4.v1,0.8650691669845604
Glyma.03G241900.Wm82.a4.v1,0.8650340313610536
Glyma.07G012800.Wm82.a4.v1,0.8650089344871202
Glyma.16G139500.Wm82.a4.v1,0.864998895737547
Glyma.20G025700.Wm82.a4.v1,0.8648432951191599
Glyma.01G084700.Wm82.a4.v1,0.8648232176200132
Glyma.03G247200.Wm82.a4.v1,0.8647830626217199
Glyma.17G223900.Wm82.a4.v1,0.8647629851225731
Glyma.13G140100.Wm82.a4.v1,0.8647579657477864
Glyma.15G234200.Wm82.a4.v1,0.8647429076234264
Glyma.18G111000.Wm82.a4.v1,0.8646475395024795
Glyma.20G094800.Wm82.a4.v1,0.8646375007529062
Glyma.11G136000.Wm82.a4.v1,0.8645571907563194
Glyma.13G309300.Wm82.a4.v1,0.8645270745075994
Glyma.07G187100.Wm82.a4.v1,0.8643915513883591
Glyma.11G254300.Wm82.a4.v1,0.8643815126387857
Glyma.20G174900.Wm82.a4.v1,0.864361435139639
Glyma.08G189600.Wm82.a4.v1,0.864361435139639
Glyma.20G228100.Wm82.a4.v1,0.864361435139639
Glyma.20G227200.Wm82.a4.v1,0.8642761057682655
Glyma.08G081300.Wm82.a4.v1,0.8642108538960387
Glyma.04G229300.Wm82.a4.v1,0.8641506213985986
Glyma.11G031200.Wm82.a4.v1,0.8640853695263718
Glyma.19G205000.Wm82.a4.v1,0.8640401951532917
Glyma.10G264900.Wm82.a4.v1,0.8639900014054249
Glyma.13G345600.Wm82.a4.v1,0.8639849820306382
Glyma.14G094200.Wm82.a4.v1,0.8639699239062782
Glyma.02G144200.Wm82.a4.v1,0.8639649045314916
Glyma.14G198700.Wm82.a4.v1,0.8639548657819182
Glyma.19G110700.Wm82.a4.v1,0.8639448270323449
Glyma.12G083300.Wm82.a4.v1,0.8639347882827715
Glyma.08G335400.Wm82.a4.v1,0.8638745557853313
Glyma.13G029900.Wm82.a4.v1,0.8637992651635312
Glyma.09G028800.Wm82.a4.v1,0.8637741682895979
Glyma.09G056800.Wm82.a4.v1,0.8637591101652378
Glyma.10G182000.Wm82.a4.v1,0.8637038970425843
Glyma.11G062000.Wm82.a4.v1,0.8636537032947176
Glyma.11G039200.Wm82.a4.v1,0.8636486839199309
Glyma.10G210800.Wm82.a4.v1,0.8636486839199309
Glyma.02G193700.Wm82.a4.v1,0.8636436645451443
Glyma.06G017900.Wm82.a4.v1,0.8635984901720641
Glyma.08G041100.Wm82.a4.v1,0.8635181801754773
Glyma.05G229500.Wm82.a4.v1,0.8634378701788905
Glyma.18G265100.Wm82.a4.v1,0.8634278314293171
Glyma.07G013500.Wm82.a4.v1,0.8634077539301704
Glyma.18G174200.Wm82.a4.v1,0.8632822695605036
Glyma.03G220202.Wm82.a4.v1,0.8632421145622101
Glyma.19G238600.Wm82.a4.v1,0.8632170176882767
Glyma.15G232700.Wm82.a4.v1,0.86318188206477
Glyma.19G179500.Wm82.a4.v1,0.8631467464412633
Glyma.15G019600.Wm82.a4.v1,0.8631316883169032
Glyma.11G074900.Wm82.a4.v1,0.8630463589455297
Glyma.07G267500.Wm82.a4.v1,0.8629007970767161
Glyma.07G055900.Wm82.a4.v1,0.8628907583271428
Glyma.10G000900.Wm82.a4.v1,0.8628455839540626
Glyma.16G082200.Wm82.a4.v1,0.8628455839540626
Glyma.11G116800.Wm82.a4.v1,0.8628204870801293
Glyma.12G095700.Wm82.a4.v1,0.8628154677053427
Glyma.15G192300.Wm82.a4.v1,0.8628054289557693
Glyma.04G122100.Wm82.a4.v1,0.8627401770835424
Glyma.10G138600.Wm82.a4.v1,0.8627301383339692
Glyma.19G028700.Wm82.a4.v1,0.8625996345895155
Glyma.01G231400.Wm82.a4.v1,0.8625695183407954
Glyma.06G081500.Wm82.a4.v1,0.8625644989660088
Glyma.14G044400.Wm82.a4.v1,0.8625544602164354
Glyma.13G274100.Wm82.a4.v1,0.8625544602164354
Glyma.08G035400.Wm82.a4.v1,0.8625343827172888
Glyma.04G206400.Wm82.a4.v1,0.8623336077258217
Glyma.03G120900.Wm82.a4.v1,0.8623085108518883
Glyma.03G008500.Wm82.a4.v1,0.8623034914771016
Glyma.02G112000.Wm82.a4.v1,0.8622532977292349
Glyma.06G075800.Wm82.a4.v1,0.8622532977292349
Glyma.17G102000.Wm82.a4.v1,0.8622231814805148
Glyma.06G144200.Wm82.a4.v1,0.8621830264822213
Glyma.14G094800.Wm82.a4.v1,0.8620424839881944
Glyma.03G128900.Wm82.a4.v1,0.862039974300801
Glyma.19G140800.Wm82.a4.v1,0.8620274258638344
Glyma.08G330200.Wm82.a4.v1,0.8619822514907544
Glyma.20G180000.Wm82.a4.v1,0.8619471158672476
Glyma.11G121700.Wm82.a4.v1,0.8619069608689541
Glyma.13G202200.Wm82.a4.v1,0.8619019414941674
Glyma.07G191000.Wm82.a4.v1,0.8618718252454475
Glyma.20G128600.Wm82.a4.v1,0.8618517477463007
Glyma.08G226700.Wm82.a4.v1,0.8617814764992873
Glyma.07G255500.Wm82.a4.v1,0.8617513602505672
Glyma.11G122300.Wm82.a4.v1,0.8617212440018471
Glyma.20G234000.Wm82.a4.v1,0.8616861083783404
Glyma.10G271000.Wm82.a4.v1,0.8616660308791937
Glyma.11G179300.Wm82.a4.v1,0.8616660308791937
Glyma.17G048100.Wm82.a4.v1,0.8616007790069669
Glyma.02G308900.Wm82.a4.v1,0.8615957596321803
Glyma.08G014100.Wm82.a4.v1,0.8615254883851667
Glyma.11G030500.Wm82.a4.v1,0.86149035276166
Glyma.08G356700.Wm82.a4.v1,0.8613598490172064
Glyma.02G091200.Wm82.a4.v1,0.8613247133936996
Glyma.18G239200.Wm82.a4.v1,0.8612243258979662
Glyma.03G262900.Wm82.a4.v1,0.8612193065231795
Glyma.19G110300.Wm82.a4.v1,0.8611891902744594
Glyma.08G046000.Wm82.a4.v1,0.8611038609030859
Glyma.04G227400.Wm82.a4.v1,0.8610888027787259
Glyma.09G183900.Wm82.a4.v1,0.8609984540325657
Glyma.01G212200.Wm82.a4.v1,0.860993434657779
Glyma.04G132900.Wm82.a4.v1,0.8609582990342723
Glyma.02G257800.Wm82.a4.v1,0.8608880277872588
Glyma.15G230600.Wm82.a4.v1,0.8608629309133254
Glyma.19G130800.Wm82.a4.v1,0.8608328146646054
Glyma.11G056200.Wm82.a4.v1,0.8607374465436585
Glyma.13G027800.Wm82.a4.v1,0.8607223884192985
Glyma.13G233400.Wm82.a4.v1,0.8607173690445118
Glyma.06G106000.Wm82.a4.v1,0.8606420784227117
Glyma.09G094300.Wm82.a4.v1,0.8606320396731383
Glyma.09G262200.Wm82.a4.v1,0.8606270202983516
Glyma.13G369700.Wm82.a4.v1,0.8606019234244182
Glyma.07G005500.Wm82.a4.v1,0.8605667878009116
Glyma.03G030267.Wm82.a4.v1,0.8604362840564579
Glyma.18G233100.Wm82.a4.v1,0.8603860903085911
Glyma.17G128200.Wm82.a4.v1,0.8603810709338044
Glyma.01G187300.Wm82.a4.v1,0.8603760515590179
Glyma.20G092200.Wm82.a4.v1,0.8602656253137109
Glyma.10G283100.Wm82.a4.v1,0.8602154315658441
Glyma.08G134400.Wm82.a4.v1,0.8602003734414841
Glyma.01G010500.Wm82.a4.v1,0.8601501796936174
Glyma.13G272800.Wm82.a4.v1,0.8601451603188307
Glyma.07G184500.Wm82.a4.v1,0.8601100246953239
Glyma.16G210600.Wm82.a4.v1,0.8601100246953239
Glyma.05G129900.Wm82.a4.v1,0.860094966570964
Glyma.04G196100.Wm82.a4.v1,0.8600548115726705
Glyma.08G126700.Wm82.a4.v1,0.8600246953239504
Glyma.04G041900.Wm82.a4.v1,0.8600196759491637
Glyma.15G123400.Wm82.a4.v1,0.8599845403256571
Glyma.15G140800.Wm82.a4.v1,0.8599293272030036
Glyma.07G055200.Wm82.a4.v1,0.8599042303290703
Glyma.13G349900.Wm82.a4.v1,0.8598992109542836
Glyma.06G242800.Wm82.a4.v1,0.8597887847089767
Glyma.06G169700.Wm82.a4.v1,0.85978376533419
Glyma.19G187000.Wm82.a4.v1,0.8597360812737166
Glyma.03G098800.Wm82.a4.v1,0.8597034553376032
Glyma.10G197000.Wm82.a4.v1,0.8596883972132431
Glyma.02G101100.Wm82.a4.v1,0.8596633003393097
Glyma.12G015900.Wm82.a4.v1,0.8595227578452828
Glyma.16G094000.Wm82.a4.v1,0.8595127190957095
Glyma.08G077300.Wm82.a4.v1,0.8594775834722027
Glyma.07G224000.Wm82.a4.v1,0.8594524865982693
Glyma.18G024600.Wm82.a4.v1,0.8594449575360893
Glyma.13G072800.Wm82.a4.v1,0.8594223703495493
Glyma.17G032400.Wm82.a4.v1,0.8593972734756159
Glyma.20G012000.Wm82.a4.v1,0.8593771959764692
Glyma.08G002000.Wm82.a4.v1,0.8593520991025357
Glyma.08G283700.Wm82.a4.v1,0.8593520991025357
Glyma.11G135100.Wm82.a4.v1,0.8593270022286024
Glyma.03G012600.Wm82.a4.v1,0.8593069247294557
Glyma.10G224200.Wm82.a4.v1,0.8592165759832955
Glyma.12G009200.Wm82.a4.v1,0.8592115566085089
Glyma.02G102300.Wm82.a4.v1,0.8591964984841488
Glyma.10G127000.Wm82.a4.v1,0.8591463047362821
Glyma.12G002200.Wm82.a4.v1,0.8590559559901219
Glyma.13G067700.Wm82.a4.v1,0.8590459172405485
Glyma.07G219000.Wm82.a4.v1,0.8590007428674684
Glyma.13G304500.Wm82.a4.v1,0.8589154134960949
Glyma.07G034300.Wm82.a4.v1,0.8588852972473748
Glyma.07G156500.Wm82.a4.v1,0.8588702391230149
Glyma.18G204800.Wm82.a4.v1,0.8588451422490815
Glyma.09G129300.Wm82.a4.v1,0.8587798903768546
Glyma.09G070600.Wm82.a4.v1,0.8587547935029213
Glyma.17G232300.Wm82.a4.v1,0.8587347160037746
Glyma.08G141300.Wm82.a4.v1,0.8586895416306944
Glyma.03G105200.Wm82.a4.v1,0.8586594253819744
Glyma.09G059000.Wm82.a4.v1,0.8585439797618809
Glyma.02G310000.Wm82.a4.v1,0.8585289216375208
Glyma.12G181600.Wm82.a4.v1,0.8585239022627341
Glyma.11G084200.Wm82.a4.v1,0.8584837472644408
Glyma.08G017500.Wm82.a4.v1,0.8584837472644408
Glyma.16G071500.Wm82.a4.v1,0.858463669765294
Glyma.06G075300.Wm82.a4.v1,0.858448611640934
Glyma.12G002000.Wm82.a4.v1,0.8583984178930673
Glyma.12G177300.Wm82.a4.v1,0.8583130885216937
Glyma.08G225400.Wm82.a4.v1,0.8582930110225471
Glyma.13G274500.Wm82.a4.v1,0.8581825847772402
Glyma.16G024900.Wm82.a4.v1,0.8581424297789467
Glyma.02G245300.Wm82.a4.v1,0.8581123135302267
Glyma.02G143300.Wm82.a4.v1,0.8580821972815066
Glyma.12G131800.Wm82.a4.v1,0.8580671391571466
Glyma.04G226600.Wm82.a4.v1,0.8580018872849198
Glyma.08G309900.Wm82.a4.v1,0.8579617322866264
Glyma.15G173500.Wm82.a4.v1,0.8579416547874796
Glyma.08G176900.Wm82.a4.v1,0.857906519163973
Glyma.08G075100.Wm82.a4.v1,0.8578663641656795
Glyma.06G170000.Wm82.a4.v1,0.8578462866665328
Glyma.09G018700.Wm82.a4.v1,0.8578211897925995
Glyma.11G216200.Wm82.a4.v1,0.8577760154195193
Glyma.17G237900.Wm82.a4.v1,0.8577760154195193
Glyma.15G249000.Wm82.a4.v1,0.8577509185455859
Glyma.14G132300.Wm82.a4.v1,0.8577308410464393
Glyma.10G233900.Wm82.a4.v1,0.8577258216716526
Glyma.13G089200.Wm82.a4.v1,0.8576806472985725
Glyma.08G074400.Wm82.a4.v1,0.8576605697994257
Glyma.14G041700.Wm82.a4.v1,0.8575802598028389
Glyma.02G240200.Wm82.a4.v1,0.8575702210532656
Glyma.06G204100.Wm82.a4.v1,0.8575401048045456
Glyma.10G109400.Wm82.a4.v1,0.8575099885558255
Glyma.06G073600.Wm82.a4.v1,0.8574848916818921
Glyma.13G093000.Wm82.a4.v1,0.8574798723071054
Glyma.04G011100.Wm82.a4.v1,0.8574346979340254
Glyma.06G276200.Wm82.a4.v1,0.8573920332483386
Glyma.13G103900.Wm82.a4.v1,0.8573594073122252
Glyma.12G059700.Wm82.a4.v1,0.8573092135643584
Glyma.01G014900.Wm82.a4.v1,0.8572991748147851
Glyma.06G081000.Wm82.a4.v1,0.8572690585660651
Glyma.13G001900.Wm82.a4.v1,0.8572339229425583
Glyma.18G203800.Wm82.a4.v1,0.8572088260686249
Glyma.08G059300.Wm82.a4.v1,0.857113457947678
Glyma.07G270100.Wm82.a4.v1,0.8571084385728913
Glyma.02G271800.Wm82.a4.v1,0.8571034191981047
Glyma.17G047700.Wm82.a4.v1,0.8570532254502379
Glyma.15G048700.Wm82.a4.v1,0.8570507157628445
Glyma.02G292900.Wm82.a4.v1,0.8569980123275844
Glyma.12G074100.Wm82.a4.v1,0.8569327604553577
Glyma.19G120051.Wm82.a4.v1,0.8568624892083442
Glyma.06G195200.Wm82.a4.v1,0.8568323729596241
Glyma.06G267400.Wm82.a4.v1,0.8567972373361175
Glyma.11G244500.Wm82.a4.v1,0.856711907964744
Glyma.06G130800.Wm82.a4.v1,0.856586423595077
Glyma.10G030600.Wm82.a4.v1,0.8565563073463569
Glyma.13G058600.Wm82.a4.v1,0.8565161523480636
Glyma.11G125100.Wm82.a4.v1,0.8564860360993435
Glyma.05G195600.Wm82.a4.v1,0.8564709779749834
Glyma.08G220200.Wm82.a4.v1,0.8564408617262633
Glyma.20G058400.Wm82.a4.v1,0.8563705904792499
Glyma.11G251100.Wm82.a4.v1,0.8563655711044632
Glyma.02G174100.Wm82.a4.v1,0.8563404742305298
Glyma.13G234100.Wm82.a4.v1,0.8563354548557431
Glyma.02G111500.Wm82.a4.v1,0.8563354548557431
Glyma.10G244300.Wm82.a4.v1,0.8563254161061699
Glyma.13G182600.Wm82.a4.v1,0.8562852611078764
Glyma.16G055700.Wm82.a4.v1,0.856245106109583
Glyma.03G251900.Wm82.a4.v1,0.8562099704860763
Glyma.08G211400.Wm82.a4.v1,0.8561647961129961
Glyma.09G227900.Wm82.a4.v1,0.8561547573634228
Glyma.10G050000.Wm82.a4.v1,0.8561346798642762
Glyma.20G017000.Wm82.a4.v1,0.8561346798642762
Glyma.04G206300.Wm82.a4.v1,0.8561296604894895
Glyma.01G097200.Wm82.a4.v1,0.8561045636155561
Glyma.05G194700.Wm82.a4.v1,0.8560995442407694
Glyma.07G015000.Wm82.a4.v1,0.8560041761198225
Glyma.13G124000.Wm82.a4.v1,0.8559339048728091
Glyma.01G185800.Wm82.a4.v1,0.8558586142510088
Glyma.11G087900.Wm82.a4.v1,0.8558335173770755
Glyma.03G192300.Wm82.a4.v1,0.8558184592527155
Glyma.10G238200.Wm82.a4.v1,0.8557381492561287
Glyma.02G161200.Wm82.a4.v1,0.855733129881342
Glyma.16G137200.Wm82.a4.v1,0.8557281105065553
Glyma.17G231300.Wm82.a4.v1,0.855718071756982
Glyma.10G232800.Wm82.a4.v1,0.855718071756982
Glyma.20G249800.Wm82.a4.v1,0.8557130523821953
Glyma.06G172400.Wm82.a4.v1,0.8556829361334752
Glyma.02G245000.Wm82.a4.v1,0.8556528198847552
Glyma.06G039900.Wm82.a4.v1,0.8556026261368884
Glyma.08G002700.Wm82.a4.v1,0.8554972192663682
Glyma.10G089700.Wm82.a4.v1,0.8554570642680748
Glyma.04G080500.Wm82.a4.v1,0.8554520448932881
Glyma.07G200800.Wm82.a4.v1,0.8554369867689281
Glyma.16G127900.Wm82.a4.v1,0.8554319673941414
Glyma.20G249400.Wm82.a4.v1,0.8553918123958479
Glyma.11G202000.Wm82.a4.v1,0.8553616961471279
Glyma.06G292500.Wm82.a4.v1,0.8553265605236212
Glyma.04G238000.Wm82.a4.v1,0.8553014636496878
Glyma.08G300800.Wm82.a4.v1,0.8552211536531009
Glyma.16G144200.Wm82.a4.v1,0.855073082096894
Glyma.04G224000.Wm82.a4.v1,0.8550705724095007
Glyma.18G213900.Wm82.a4.v1,0.8550354367859939
Glyma.13G348300.Wm82.a4.v1,0.8550203786616339
Glyma.06G135500.Wm82.a4.v1,0.8550153592868472
Glyma.13G212500.Wm82.a4.v1,0.8549902624129139
Glyma.07G032200.Wm82.a4.v1,0.8549501074146204
Glyma.08G333000.Wm82.a4.v1,0.8548246230449535
Glyma.19G208400.Wm82.a4.v1,0.8548045455458068
Glyma.15G039500.Wm82.a4.v1,0.8547844680466601
Glyma.20G177100.Wm82.a4.v1,0.8547694099223001
Glyma.06G039700.Wm82.a4.v1,0.8547694099223001
Glyma.13G219700.Wm82.a4.v1,0.8547342742987933
Glyma.03G200700.Wm82.a4.v1,0.85472423554922
Glyma.16G037900.Wm82.a4.v1,0.8547192161744334
Glyma.09G118100.Wm82.a4.v1,0.8546539643022065
Glyma.13G161100.Wm82.a4.v1,0.8546489449274198
Glyma.19G215300.Wm82.a4.v1,0.8545636155560463
Glyma.20G130300.Wm82.a4.v1,0.8545560864938663
Glyma.08G364500.Wm82.a4.v1,0.8545134218081796
Glyma.05G119500.Wm82.a4.v1,0.8544531893107394
Glyma.07G223700.Wm82.a4.v1,0.8544481699359527
Glyma.13G070100.Wm82.a4.v1,0.8544381311863795
Glyma.05G161000.Wm82.a4.v1,0.8543678599393659
Glyma.12G052967.Wm82.a4.v1,0.8543327243158593
Glyma.17G182700.Wm82.a4.v1,0.8543226855662859
Glyma.20G243900.Wm82.a4.v1,0.8542925693175658
Glyma.07G062400.Wm82.a4.v1,0.8542524143192723
Glyma.14G064900.Wm82.a4.v1,0.8541821430722589
Glyma.09G252200.Wm82.a4.v1,0.8541168912000321
Glyma.06G170700.Wm82.a4.v1,0.8540064649547252
Glyma.01G192100.Wm82.a4.v1,0.8539562712068585
Glyma.07G000400.Wm82.a4.v1,0.8538207480876182
Glyma.10G009800.Wm82.a4.v1,0.8537956512136848
Glyma.12G114000.Wm82.a4.v1,0.8537705543397515
Glyma.07G071100.Wm82.a4.v1,0.8537504768406048
Glyma.11G154005.Wm82.a4.v1,0.853715341217098
Glyma.08G205200.Wm82.a4.v1,0.8536300118457245
Glyma.15G089500.Wm82.a4.v1,0.8536199730961511
Glyma.06G001500.Wm82.a4.v1,0.853589856847431
Glyma.15G269800.Wm82.a4.v1,0.853567269660891
Glyma.13G067800.Wm82.a4.v1,0.8535647599734977
Glyma.06G306800.Wm82.a4.v1,0.8535145662256309
Glyma.19G020400.Wm82.a4.v1,0.8535045274760575
Glyma.08G203300.Wm82.a4.v1,0.8534593531029775
Glyma.08G311700.Wm82.a4.v1,0.8534442949786175
Glyma.13G225000.Wm82.a4.v1,0.853419198104684
Glyma.01G184600.Wm82.a4.v1,0.8533137912341638
Glyma.05G214851.Wm82.a4.v1,0.8532535587367237
Glyma.06G309800.Wm82.a4.v1,0.8532535587367237
Glyma.02G260300.Wm82.a4.v1,0.853203364988857
Glyma.07G211100.Wm82.a4.v1,0.8531933262392837
Glyma.09G275000.Wm82.a4.v1,0.8531832874897103
Glyma.20G187100.Wm82.a4.v1,0.8530728612444034
Glyma.06G051200.Wm82.a4.v1,0.85306282249483
Glyma.13G119800.Wm82.a4.v1,0.8530327062461099
Glyma.08G179400.Wm82.a4.v1,0.8529373381251631
Glyma.13G234200.Wm82.a4.v1,0.8529072218764431
Glyma.03G210800.Wm82.a4.v1,0.8528871443772964
Glyma.08G200500.Wm82.a4.v1,0.8528821250025097
Glyma.10G137800.Wm82.a4.v1,0.8528520087537896
Glyma.20G162400.Wm82.a4.v1,0.8528520087537896
Glyma.20G118900.Wm82.a4.v1,0.8528469893790029
Glyma.06G096400.Wm82.a4.v1,0.8528369506294295
Glyma.07G121300.Wm82.a4.v1,0.8528218925050696
Glyma.12G198200.Wm82.a4.v1,0.8528168731302829
Glyma.04G022660.Wm82.a4.v1,0.8528018150059229
Glyma.20G025400.Wm82.a4.v1,0.852691388760616
Glyma.13G105600.Wm82.a4.v1,0.8526160981388158
Glyma.17G043000.Wm82.a4.v1,0.8526010400144558
Glyma.18G264600.Wm82.a4.v1,0.8525859818900958
Glyma.17G256900.Wm82.a4.v1,0.8525809625153091
Glyma.03G074600.Wm82.a4.v1,0.8525608850161623
Glyma.10G103000.Wm82.a4.v1,0.8525006525187223
Glyma.01G154900.Wm82.a4.v1,0.8524705362700022
Glyma.15G173000.Wm82.a4.v1,0.8524203425221354
Glyma.13G291300.Wm82.a4.v1,0.8522697612785352
Glyma.11G243800.Wm82.a4.v1,0.8522346256550284
Glyma.15G137000.Wm82.a4.v1,0.8522145481558817
Glyma.04G225700.Wm82.a4.v1,0.8521693737828017
Glyma.18G006700.Wm82.a4.v1,0.8520890637862147
Glyma.03G039300.Wm82.a4.v1,0.8520740056618548
Glyma.05G104100.Wm82.a4.v1,0.8520438894131347
Glyma.08G201900.Wm82.a4.v1,0.8520338506635613
Glyma.12G043100.Wm82.a4.v1,0.852023811913988
Glyma.04G218400.Wm82.a4.v1,0.8519184050434678
Glyma.09G253700.Wm82.a4.v1,0.8519133856686811
Glyma.01G045100.Wm82.a4.v1,0.8519083662938944
Glyma.03G241100.Wm82.a4.v1,0.8517929206738009
Glyma.07G116000.Wm82.a4.v1,0.8517377075511474
Glyma.15G244700.Wm82.a4.v1,0.8516875138032807
Glyma.07G040500.Wm82.a4.v1,0.8516724556789206
Glyma.12G132000.Wm82.a4.v1,0.8516724556789206
Glyma.08G109600.Wm82.a4.v1,0.8516523781797739
Glyma.04G234400.Wm82.a4.v1,0.8516473588049872
Glyma.12G084900.Wm82.a4.v1,0.8516323006806272
Glyma.09G114700.Wm82.a4.v1,0.8515871263075472
Glyma.04G208300.Wm82.a4.v1,0.8515168550605337
Glyma.18G054100.Wm82.a4.v1,0.851496777561387
Glyma.16G109200.Wm82.a4.v1,0.8514616419378802
Glyma.19G255300.Wm82.a4.v1,0.85137129319172
Glyma.09G278100.Wm82.a4.v1,0.8513512156925733
Glyma.13G110500.Wm82.a4.v1,0.8513461963177866
Glyma.18G021400.Wm82.a4.v1,0.85132611881864
Glyma.06G015800.Wm82.a4.v1,0.85132611881864
Glyma.04G117800.Wm82.a4.v1,0.8513060413194933
Glyma.06G138600.Wm82.a4.v1,0.8512960025699199
Glyma.12G002300.Wm82.a4.v1,0.8512859638203465
Glyma.12G135700.Wm82.a4.v1,0.8512809444455599
Glyma.11G063700.Wm82.a4.v1,0.8512759250707732
Glyma.12G158600.Wm82.a4.v1,0.8512357700724797
Glyma.03G243500.Wm82.a4.v1,0.851230750697693
Glyma.04G207700.Wm82.a4.v1,0.8511905956993997
Glyma.04G096100.Wm82.a4.v1,0.851185576324613
Glyma.13G290400.Wm82.a4.v1,0.8511454213263195
Glyma.11G013700.Wm82.a4.v1,0.8511303632019596
Glyma.11G086300.Wm82.a4.v1,0.8511253438271729
Glyma.09G273000.Wm82.a4.v1,0.8510299757062261
Glyma.16G074300.Wm82.a4.v1,0.851014917581866
Glyma.14G089078.Wm82.a4.v1,0.8509797819583592
Glyma.14G024400.Wm82.a4.v1,0.8509647238339992
Glyma.13G034200.Wm82.a4.v1,0.8509597044592125
Glyma.04G067000.Wm82.a4.v1,0.8509396269600659
Glyma.01G166100.Wm82.a4.v1,0.8509245688357058
Glyma.10G298400.Wm82.a4.v1,0.8508693557130523
Glyma.08G132300.Wm82.a4.v1,0.850844258839119
Glyma.01G221400.Wm82.a4.v1,0.8508241813399723
Glyma.04G185700.Wm82.a4.v1,0.8508091232156123
Glyma.17G254200.Wm82.a4.v1,0.8507890457164655
Glyma.08G196500.Wm82.a4.v1,0.8507288132190255
Glyma.19G263400.Wm82.a4.v1,0.8507237938442388
Glyma.17G120900.Wm82.a4.v1,0.8506986969703054
Glyma.08G185500.Wm82.a4.v1,0.8506936775955187
Glyma.15G177700.Wm82.a4.v1,0.850643483847652
Glyma.15G037300.Wm82.a4.v1,0.8506284257232919
Glyma.16G138300.Wm82.a4.v1,0.8505732126006385
Glyma.18G029300.Wm82.a4.v1,0.8505631738510651
Glyma.06G146900.Wm82.a4.v1,0.850502941353625
Glyma.08G065200.Wm82.a4.v1,0.8504276507318248
Glyma.12G162963.Wm82.a4.v1,0.8503975344831047
Glyma.07G185000.Wm82.a4.v1,0.8503272632360913
Glyma.08G093400.Wm82.a4.v1,0.8503071857369446
Glyma.07G203700.Wm82.a4.v1,0.8502494629268978
Glyma.02G304700.Wm82.a4.v1,0.8502419338647178
Glyma.10G051200.Wm82.a4.v1,0.8502419338647178
Glyma.15G136800.Wm82.a4.v1,0.8501967594916378
Glyma.11G248500.Wm82.a4.v1,0.8501440560563777
Glyma.10G197100.Wm82.a4.v1,0.8500511976228241
Glyma.13G167800.Wm82.a4.v1,0.8500411588732507
Glyma.03G244800.Wm82.a4.v1,0.8500160619993173
Glyma.20G143800.Wm82.a4.v1,0.8500110426245306
Glyma.08G138200.Wm82.a4.v1,0.849975907001024
Glyma.10G219600.Wm82.a4.v1,0.8499608488766639
Glyma.19G009200.Wm82.a4.v1,0.8499357520027305
Glyma.18G063000.Wm82.a4.v1,0.8498705001305037
Glyma.07G048000.Wm82.a4.v1,0.8498454032565703
Glyma.01G225300.Wm82.a4.v1,0.8498102676330637
Glyma.14G026700.Wm82.a4.v1,0.8497801513843436
Glyma.11G048100.Wm82.a4.v1,0.8497048607625434
Glyma.01G158500.Wm82.a4.v1,0.84966470576425
Glyma.08G174700.Wm82.a4.v1,0.8495994538920232
Glyma.03G156800.Wm82.a4.v1,0.8495944345172365
Glyma.16G080900.Wm82.a4.v1,0.8495442407693697
Glyma.08G203200.Wm82.a4.v1,0.8494890276467163
Glyma.07G005600.Wm82.a4.v1,0.8494739695223563
Glyma.04G003000.Wm82.a4.v1,0.8494639307727829
Glyma.12G010900.Wm82.a4.v1,0.8493685626518361
Glyma.09G234100.Wm82.a4.v1,0.8493635432770494
Glyma.04G086200.Wm82.a4.v1,0.8493284076535427
Glyma.08G185800.Wm82.a4.v1,0.8493133495291827
Glyma.10G244600.Wm82.a4.v1,0.8492982914048226
Glyma.07G049900.Wm82.a4.v1,0.8492782139056759
Glyma.06G007300.Wm82.a4.v1,0.8492681751561025
Glyma.13G195200.Wm82.a4.v1,0.8492029232838758
Glyma.12G026600.Wm82.a4.v1,0.849182845784729
Glyma.12G167800.Wm82.a4.v1,0.8491728070351557
Glyma.19G173300.Wm82.a4.v1,0.849152729536009
Glyma.08G122000.Wm82.a4.v1,0.849137671411649
Glyma.08G177400.Wm82.a4.v1,0.8490724195394221
Glyma.11G195100.Wm82.a4.v1,0.8489720320436887
Glyma.06G140900.Wm82.a4.v1,0.8489469351697553
Glyma.09G099100.Wm82.a4.v1,0.8489419157949686
Glyma.12G079000.Wm82.a4.v1,0.8489067801714618
Glyma.03G052800.Wm82.a4.v1,0.8488716445479552
Glyma.02G260800.Wm82.a4.v1,0.8488565864235951
Glyma.02G220000.Wm82.a4.v1,0.848826470174875
Glyma.08G285900.Wm82.a4.v1,0.8487210633043548
Glyma.10G294100.Wm82.a4.v1,0.8486307145581946
Glyma.06G146800.Wm82.a4.v1,0.8486131467464413
Glyma.06G213600.Wm82.a4.v1,0.8486106370590479
Glyma.07G106300.Wm82.a4.v1,0.8485453851868211
Glyma.06G062500.Wm82.a4.v1,0.8484801333145944
Glyma.11G041000.Wm82.a4.v1,0.8484449976910876
Glyma.03G253000.Wm82.a4.v1,0.8484249201919409
Glyma.08G067000.Wm82.a4.v1,0.8483094745718474
Glyma.09G146500.Wm82.a4.v1,0.8482893970727007
Glyma.01G005000.Wm82.a4.v1,0.8482542614491939
Glyma.11G000800.Wm82.a4.v1,0.8481990483265405
Glyma.14G206800.Wm82.a4.v1,0.8481839902021804
Glyma.05G146800.Wm82.a4.v1,0.8481839902021804
Glyma.17G175500.Wm82.a4.v1,0.8481789708273937
Glyma.12G182800.Wm82.a4.v1,0.8481337964543136
Glyma.11G006600.Wm82.a4.v1,0.8480886220812336
Glyma.14G025900.Wm82.a4.v1,0.8480685445820868
Glyma.12G050000.Wm82.a4.v1,0.8480484670829401
Glyma.02G167600.Wm82.a4.v1,0.8480434477081534
Glyma.19G054500.Wm82.a4.v1,0.8479882345855
Glyma.15G028700.Wm82.a4.v1,0.8479832152107134
Glyma.12G014300.Wm82.a4.v1,0.8479781958359267
Glyma.01G016400.Wm82.a4.v1,0.8479631377115666
Glyma.05G090500.Wm82.a4.v1,0.8479129439636999
Glyma.08G028000.Wm82.a4.v1,0.8478878470897665
Glyma.06G165500.Wm82.a4.v1,0.8478175758427531
Glyma.14G035900.Wm82.a4.v1,0.847616800851286
Glyma.17G013900.Wm82.a4.v1,0.8476017427269259
Glyma.07G103000.Wm82.a4.v1,0.8475967233521392
Glyma.16G093800.Wm82.a4.v1,0.8475816652277792
Glyma.02G049600.Wm82.a4.v1,0.8475615877286325
Glyma.03G185900.Wm82.a4.v1,0.8475465296042725
Glyma.04G008567.Wm82.a4.v1,0.8474963358564057
Glyma.09G232600.Wm82.a4.v1,0.8474411227337523
Glyma.20G164100.Wm82.a4.v1,0.8474110064850322
Glyma.13G321700.Wm82.a4.v1,0.8473557933623788
Glyma.06G199800.Wm82.a4.v1,0.8473507739875921
Glyma.15G065600.Wm82.a4.v1,0.8473407352380188
Glyma.15G025900.Wm82.a4.v1,0.8472353283674986
Glyma.08G312000.Wm82.a4.v1,0.8472102314935651
Glyma.12G021100.Wm82.a4.v1,0.8472052121187785
Glyma.10G158700.Wm82.a4.v1,0.8471048246230449
Glyma.19G167900.Wm82.a4.v1,0.8470496115003915
Glyma.03G108000.Wm82.a4.v1,0.8470370630634249
Glyma.16G219500.Wm82.a4.v1,0.8470295340012448
Glyma.07G030600.Wm82.a4.v1,0.8470144758768847
Glyma.09G038100.Wm82.a4.v1,0.8469994177525247
Glyma.10G136300.Wm82.a4.v1,0.846971811191198
Glyma.16G010000.Wm82.a4.v1,0.8469241271307246
Glyma.11G218000.Wm82.a4.v1,0.8468990302567913
Glyma.03G128300.Wm82.a4.v1,0.8468839721324312
Glyma.13G159500.Wm82.a4.v1,0.8468337783845644
Glyma.17G239900.Wm82.a4.v1,0.8468187202602044
Glyma.17G134100.Wm82.a4.v1,0.846793623386271
Glyma.06G012600.Wm82.a4.v1,0.8467835846366977
Glyma.18G110000.Wm82.a4.v1,0.8467484490131909
Glyma.15G123600.Wm82.a4.v1,0.8467434296384042
Glyma.04G236500.Wm82.a4.v1,0.8466480615174574
Glyma.17G051900.Wm82.a4.v1,0.846638022767884
Glyma.07G263100.Wm82.a4.v1,0.846622964643524
Glyma.13G352200.Wm82.a4.v1,0.8465878290200173
Glyma.13G348200.Wm82.a4.v1,0.8465275965225771
Glyma.17G158400.Wm82.a4.v1,0.8465024996486438
Glyma.17G020500.Wm82.a4.v1,0.846467364025137
Glyma.03G163000.Wm82.a4.v1,0.8464497962133837
Glyma.08G200200.Wm82.a4.v1,0.8463619571546168
Glyma.09G115600.Wm82.a4.v1,0.8463368602806834
Glyma.10G121554.Wm82.a4.v1,0.84632682153111
Glyma.05G018800.Wm82.a4.v1,0.8463117634067501
Glyma.15G013100.Wm82.a4.v1,0.8462314534101633
Glyma.09G139200.Wm82.a4.v1,0.8462264340353766
Glyma.11G038800.Wm82.a4.v1,0.8462013371614432
Glyma.16G011500.Wm82.a4.v1,0.8460306784186962
Glyma.08G023800.Wm82.a4.v1,0.8459804846708294
Glyma.09G197000.Wm82.a4.v1,0.8459102134238159
Glyma.12G093300.Wm82.a4.v1,0.8458951552994559
Glyma.12G021700.Wm82.a4.v1,0.8458499809263758
Glyma.20G155900.Wm82.a4.v1,0.8458349228020158
Glyma.14G051300.Wm82.a4.v1,0.845784729054149
Glyma.10G011900.Wm82.a4.v1,0.8457646515550024
Glyma.06G137100.Wm82.a4.v1,0.845754612805429
Glyma.05G246300.Wm82.a4.v1,0.8457194771819222
Glyma.20G098500.Wm82.a4.v1,0.8457194771819222
Glyma.08G220500.Wm82.a4.v1,0.8456441865601221
Glyma.18G035900.Wm82.a4.v1,0.8455187021904551
Glyma.02G016000.Wm82.a4.v1,0.845428353444295
Glyma.11G112300.Wm82.a4.v1,0.8454132953199349
Glyma.13G250900.Wm82.a4.v1,0.8453078884494147
Glyma.11G096300.Wm82.a4.v1,0.845272752825908
Glyma.06G143500.Wm82.a4.v1,0.845257694701548
Glyma.08G130900.Wm82.a4.v1,0.8451974622041079
Glyma.09G144300.Wm82.a4.v1,0.8451924428293212
Glyma.13G360800.Wm82.a4.v1,0.8451422490814544
Glyma.14G080100.Wm82.a4.v1,0.845087035958801
Glyma.04G252800.Wm82.a4.v1,0.8450769972092276
Glyma.18G095400.Wm82.a4.v1,0.8450669584596543
Glyma.08G367400.Wm82.a4.v1,0.8450669584596543
Glyma.10G277900.Wm82.a4.v1,0.8450619390848676
Glyma.18G236000.Wm82.a4.v1,0.8450569197100809
Glyma.18G133400.Wm82.a4.v1,0.8450418615857209
Glyma.09G181960.Wm82.a4.v1,0.8449766097134941
Glyma.16G127400.Wm82.a4.v1,0.844946493464774
Glyma.03G185800.Wm82.a4.v1,0.844901319091694
Glyma.02G265100.Wm82.a4.v1,0.8448611640934005
Glyma.16G095100.Wm82.a4.v1,0.8448461059690405
Glyma.04G161300.Wm82.a4.v1,0.84460517597928
Glyma.18G010400.Wm82.a4.v1,0.8445098078583332
Glyma.02G025200.Wm82.a4.v1,0.8444796916096131
Glyma.09G216700.Wm82.a4.v1,0.8443692653643062
Glyma.15G037500.Wm82.a4.v1,0.8443391491155862
Glyma.18G083900.Wm82.a4.v1,0.8443240909912262
Glyma.09G215000.Wm82.a4.v1,0.8442588391189993
Glyma.15G161000.Wm82.a4.v1,0.8442387616198527
Glyma.07G041400.Wm82.a4.v1,0.8442387616198527
Glyma.07G152900.Wm82.a4.v1,0.8441584516232659
Glyma.09G236800.Wm82.a4.v1,0.8441534322484792
Glyma.04G038900.Wm82.a4.v1,0.8441132772501857
Glyma.19G145100.Wm82.a4.v1,0.8440982191258257
Glyma.19G205100.Wm82.a4.v1,0.844093199751039
Glyma.04G098000.Wm82.a4.v1,0.844093199751039
Glyma.10G159100.Wm82.a4.v1,0.8440781416266789
Glyma.05G186500.Wm82.a4.v1,0.8440681028771057
Glyma.02G155000.Wm82.a4.v1,0.8439099925713253
Glyma.11G245300.Wm82.a4.v1,0.8438974441343586
Glyma.06G046300.Wm82.a4.v1,0.8438572891360652
Glyma.08G268900.Wm82.a4.v1,0.8438547794486718
Glyma.04G199900.Wm82.a4.v1,0.8438522697612786
Glyma.11G107300.Wm82.a4.v1,0.8436866303933183
Glyma.17G173200.Wm82.a4.v1,0.8436364366454514
Glyma.17G148200.Wm82.a4.v1,0.8435711847732247
Glyma.13G189500.Wm82.a4.v1,0.8435511072740779
Glyma.04G135300.Wm82.a4.v1,0.8435410685245046
Glyma.08G294800.Wm82.a4.v1,0.8435310297749312
Glyma.20G021600.Wm82.a4.v1,0.8435059329009978
Glyma.08G005000.Wm82.a4.v1,0.8434507197783444
Glyma.10G089600.Wm82.a4.v1,0.8434457004035577
Glyma.08G364400.Wm82.a4.v1,0.8434005260304777
Glyma.09G175966.Wm82.a4.v1,0.8433603710321842
Glyma.15G245800.Wm82.a4.v1,0.8433151966591041
Glyma.07G173100.Wm82.a4.v1,0.8432926094725641
Glyma.10G231500.Wm82.a4.v1,0.8432900997851708
Glyma.03G097300.Wm82.a4.v1,0.8432348866625173
Glyma.20G218400.Wm82.a4.v1,0.8432298672877306
Glyma.19G066800.Wm82.a4.v1,0.8432047704137973
Glyma.01G226700.Wm82.a4.v1,0.8431846929146506
Glyma.19G192800.Wm82.a4.v1,0.8431294797919971
Glyma.06G002600.Wm82.a4.v1,0.8431194410424238
Glyma.06G259400.Wm82.a4.v1,0.8431194410424238
Glyma.19G152600.Wm82.a4.v1,0.8431144216676371
Glyma.20G172100.Wm82.a4.v1,0.8430541891701969
Glyma.08G278600.Wm82.a4.v1,0.8430090147971169
Glyma.08G022600.Wm82.a4.v1,0.8429839179231835
Glyma.08G209900.Wm82.a4.v1,0.8429788985483968
Glyma.10G167500.Wm82.a4.v1,0.8429538016744634
Glyma.04G231800.Wm82.a4.v1,0.8429337241753168
Glyma.12G106600.Wm82.a4.v1,0.8429337241753168
Glyma.14G145900.Wm82.a4.v1,0.8429236854257434
Glyma.18G297900.Wm82.a4.v1,0.84288353042745
Glyma.01G030300.Wm82.a4.v1,0.8427881623065031
Glyma.05G027100.Wm82.a4.v1,0.8427881623065031
Glyma.07G027751.Wm82.a4.v1,0.8427831429317164
Glyma.03G060100.Wm82.a4.v1,0.8427831429317164
Glyma.04G087000.Wm82.a4.v1,0.842712871684703
Glyma.14G093100.Wm82.a4.v1,0.8426676973116228
Glyma.06G140400.Wm82.a4.v1,0.8426175035637561
Glyma.10G002500.Wm82.a4.v1,0.8426124841889694
Glyma.13G346200.Wm82.a4.v1,0.8426074648141827
Glyma.03G172400.Wm82.a4.v1,0.842557271066316
Glyma.02G001000.Wm82.a4.v1,0.842557271066316
Glyma.06G284000.Wm82.a4.v1,0.8425522516915293
Glyma.14G023600.Wm82.a4.v1,0.8425472323167427
Glyma.18G259700.Wm82.a4.v1,0.8425070773184492
Glyma.03G094300.Wm82.a4.v1,0.8424819804445158
Glyma.06G125700.Wm82.a4.v1,0.8424217479470757
Glyma.07G016500.Wm82.a4.v1,0.8423313992009155
Glyma.08G266700.Wm82.a4.v1,0.8422661473286888
Glyma.03G006700.Wm82.a4.v1,0.842246069829542
Glyma.13G283500.Wm82.a4.v1,0.8422008954564619
Glyma.07G142000.Wm82.a4.v1,0.842185837332102
Glyma.17G083700.Wm82.a4.v1,0.8421757985825286
Glyma.13G184600.Wm82.a4.v1,0.8421256048346618
Glyma.14G071700.Wm82.a4.v1,0.8421256048346618
Glyma.08G134600.Wm82.a4.v1,0.8421105467103017
Glyma.04G240300.Wm82.a4.v1,0.8420754110867951
Glyma.01G034700.Wm82.a4.v1,0.842060352962435
Glyma.15G231700.Wm82.a4.v1,0.8420553335876483
Glyma.04G105000.Wm82.a4.v1,0.8420051398397815
Glyma.02G037100.Wm82.a4.v1,0.8419951010902083
Glyma.03G134200.Wm82.a4.v1,0.8419951010902083
Glyma.12G063700.Wm82.a4.v1,0.8419449073423414
Glyma.05G228700.Wm82.a4.v1,0.8418947135944747
Glyma.05G218400.Wm82.a4.v1,0.8418796554701147
Glyma.17G004300.Wm82.a4.v1,0.8418043648483144
Glyma.11G004500.Wm82.a4.v1,0.8417792679743811
Glyma.12G227200.Wm82.a4.v1,0.8417541711004477
Glyma.08G093900.Wm82.a4.v1,0.8416788804786476
Glyma.15G092700.Wm82.a4.v1,0.8415784929829141
Glyma.13G086300.Wm82.a4.v1,0.8415734736081274
Glyma.07G054500.Wm82.a4.v1,0.8415032023611139
Glyma.10G009100.Wm82.a4.v1,0.8414730861123938
Glyma.11G013900.Wm82.a4.v1,0.8414705764250004
Glyma.01G148100.Wm82.a4.v1,0.8414479892384604
Glyma.15G219700.Wm82.a4.v1,0.8414379504888871
Glyma.04G243900.Wm82.a4.v1,0.8414329311141004
Glyma.01G232500.Wm82.a4.v1,0.8414279117393137
Glyma.02G202900.Wm82.a4.v1,0.8413476017427269
Glyma.09G098900.Wm82.a4.v1,0.8413425823679402
Glyma.04G112500.Wm82.a4.v1,0.8413174854940069
Glyma.13G101700.Wm82.a4.v1,0.8412823498705001
Glyma.04G189600.Wm82.a4.v1,0.84125223362178
Glyma.14G027900.Wm82.a4.v1,0.8412447045596001
Glyma.10G203200.Wm82.a4.v1,0.8412120786234867
Glyma.17G044000.Wm82.a4.v1,0.84119200112434
Glyma.01G212800.Wm82.a4.v1,0.8411769429999799
Glyma.11G213600.Wm82.a4.v1,0.8411769429999799
Glyma.06G105700.Wm82.a4.v1,0.8411418073764731
Glyma.20G099600.Wm82.a4.v1,0.8411367880016866
Glyma.20G193600.Wm82.a4.v1,0.8411267492521132
Glyma.15G215100.Wm82.a4.v1,0.8411116911277531
Glyma.06G202500.Wm82.a4.v1,0.8411016523781798
Glyma.12G171900.Wm82.a4.v1,0.8410966330033931
Glyma.17G041000.Wm82.a4.v1,0.8410865942538197
Glyma.12G004200.Wm82.a4.v1,0.8410815748790331
Glyma.04G082700.Wm82.a4.v1,0.8410715361294597
Glyma.08G178200.Wm82.a4.v1,0.8410564780050996
Glyma.09G152600.Wm82.a4.v1,0.8410464392555264
Glyma.15G152200.Wm82.a4.v1,0.8410414198807397
Glyma.05G045700.Wm82.a4.v1,0.8410062842572329
Glyma.13G364200.Wm82.a4.v1,0.8409912261328729
Glyma.04G041300.Wm82.a4.v1,0.8409661292589395
Glyma.12G029500.Wm82.a4.v1,0.8409510711345795
Glyma.09G037300.Wm82.a4.v1,0.840895858011926
Glyma.18G112900.Wm82.a4.v1,0.8408908386371393
Glyma.03G021000.Wm82.a4.v1,0.8408858192623527
Glyma.03G108100.Wm82.a4.v1,0.8408155480153392
Glyma.19G129400.Wm82.a4.v1,0.8407703736422592
Glyma.02G107700.Wm82.a4.v1,0.8407653542674725
Glyma.13G141700.Wm82.a4.v1,0.8407452767683258
Glyma.01G163000.Wm82.a4.v1,0.8407201798943924
Glyma.16G182400.Wm82.a4.v1,0.8407151605196057
Glyma.06G152600.Wm82.a4.v1,0.840710141144819
Glyma.11G019300.Wm82.a4.v1,0.8406499086473789
Glyma.17G039100.Wm82.a4.v1,0.8406398698978055
Glyma.14G195700.Wm82.a4.v1,0.8406248117734455
Glyma.09G235200.Wm82.a4.v1,0.8405495211516454
Glyma.19G210000.Wm82.a4.v1,0.8404742305298452
Glyma.16G003700.Wm82.a4.v1,0.8404390949063385
Glyma.16G143800.Wm82.a4.v1,0.8403964302206517
Glyma.19G005600.Wm82.a4.v1,0.8403336880358182
Glyma.10G196200.Wm82.a4.v1,0.8402935330375249
Glyma.05G103500.Wm82.a4.v1,0.8402383199148714
Glyma.10G282400.Wm82.a4.v1,0.8401027967956312
Glyma.12G205100.Wm82.a4.v1,0.8400927580460578
Glyma.04G117400.Wm82.a4.v1,0.8400776999216978
Glyma.13G207000.Wm82.a4.v1,0.840042564298191
Glyma.01G161700.Wm82.a4.v1,0.840012448049471
Glyma.02G293200.Wm82.a4.v1,0.8399471961772441
Glyma.12G139200.Wm82.a4.v1,0.8399271186780974
Glyma.15G050300.Wm82.a4.v1,0.8399120605537375
Glyma.06G293400.Wm82.a4.v1,0.8398869636798041
Glyma.16G099100.Wm82.a4.v1,0.8398668861806573
Glyma.04G009400.Wm82.a4.v1,0.8398417893067239
Glyma.17G045900.Wm82.a4.v1,0.8397514405605637
Glyma.20G161200.Wm82.a4.v1,0.8397464211857771
Glyma.06G086000.Wm82.a4.v1,0.8396962274379103
Glyma.08G150000.Wm82.a4.v1,0.8396661111891903
Glyma.17G101300.Wm82.a4.v1,0.8396510530648302
Glyma.08G084300.Wm82.a4.v1,0.8396410143152568
Glyma.16G025700.Wm82.a4.v1,0.8396159174413235
Glyma.10G067800.Wm82.a4.v1,0.8395958399421768
Glyma.04G067900.Wm82.a4.v1,0.8395054911960166
Glyma.09G014600.Wm82.a4.v1,0.8394954524464433
Glyma.15G268800.Wm82.a4.v1,0.8394803943220832
Glyma.01G006100.Wm82.a4.v1,0.8394603168229365
Glyma.07G056400.Wm82.a4.v1,0.8394402393237899
Glyma.02G269600.Wm82.a4.v1,0.8394352199490032
Glyma.16G077500.Wm82.a4.v1,0.8394151424498565
Glyma.01G114000.Wm82.a4.v1,0.8393800068263497
Glyma.10G142500.Wm82.a4.v1,0.8392846387054028
Glyma.16G146300.Wm82.a4.v1,0.8392846387054028
Glyma.14G102600.Wm82.a4.v1,0.8392444837071095
Glyma.11G197900.Wm82.a4.v1,0.8392143674583894
Glyma.04G056000.Wm82.a4.v1,0.839189270584456
Glyma.10G009200.Wm82.a4.v1,0.8391641737105227
Glyma.14G220700.Wm82.a4.v1,0.8391541349609493
Glyma.17G027200.Wm82.a4.v1,0.8391390768365893
Glyma.15G021400.Wm82.a4.v1,0.8391240187122292
Glyma.14G212700.Wm82.a4.v1,0.8391139799626558
Glyma.03G173400.Wm82.a4.v1,0.8390738249643624
Glyma.03G173800.Wm82.a4.v1,0.8390386893408557
Glyma.10G265900.Wm82.a4.v1,0.8390286505912824
Glyma.12G198700.Wm82.a4.v1,0.8389935149677756
Glyma.20G162800.Wm82.a4.v1,0.8389633987190556
Glyma.13G068000.Wm82.a4.v1,0.8389633987190556
Glyma.13G155200.Wm82.a4.v1,0.8389533599694822
Glyma.19G109200.Wm82.a4.v1,0.8388981468468287
Glyma.08G140400.Wm82.a4.v1,0.8388881080972554
Glyma.08G297100.Wm82.a4.v1,0.8388579918485354
Glyma.08G042900.Wm82.a4.v1,0.8388529724737487
Glyma.19G220200.Wm82.a4.v1,0.8388429337241753
Glyma.11G232200.Wm82.a4.v1,0.8388429337241753
Glyma.14G217900.Wm82.a4.v1,0.8387023912301483
Glyma.01G152900.Wm82.a4.v1,0.8386823137310017
Glyma.14G020000.Wm82.a4.v1,0.8386823137310017
Glyma.15G261300.Wm82.a4.v1,0.8386672556066417
Glyma.05G124300.Wm82.a4.v1,0.8386120424839882
Glyma.11G065000.Wm82.a4.v1,0.8386070231092015
Glyma.13G163700.Wm82.a4.v1,0.8386070231092015
Glyma.18G132900.Wm82.a4.v1,0.8385919649848415
Glyma.13G062700.Wm82.a4.v1,0.8385718874856948
Glyma.08G305500.Wm82.a4.v1,0.838521693737828
Glyma.02G106100.Wm82.a4.v1,0.8384965968638947
Glyma.15G259200.Wm82.a4.v1,0.8384464031160279
Glyma.10G236000.Wm82.a4.v1,0.838366093119441
Glyma.09G174000.Wm82.a4.v1,0.838335976870721
Glyma.14G090700.Wm82.a4.v1,0.8382406087497741
Glyma.03G048351.Wm82.a4.v1,0.8382079828136607
Glyma.15G044500.Wm82.a4.v1,0.8382004537514807
Glyma.15G237900.Wm82.a4.v1,0.8381954343766941
Glyma.18G260400.Wm82.a4.v1,0.8381151243801073
Glyma.05G249100.Wm82.a4.v1,0.8381101050053206
Glyma.15G248300.Wm82.a4.v1,0.8380799887566005
Glyma.20G214000.Wm82.a4.v1,0.8380498725078804
Glyma.06G002800.Wm82.a4.v1,0.837994659385227
Glyma.16G049400.Wm82.a4.v1,0.8379846206356536
Glyma.10G261000.Wm82.a4.v1,0.8379394462625736
Glyma.13G165300.Wm82.a4.v1,0.8379243881382135
Glyma.08G255300.Wm82.a4.v1,0.8379193687634269
Glyma.14G155900.Wm82.a4.v1,0.8378541168912
Glyma.08G001700.Wm82.a4.v1,0.8378290200172667
Glyma.08G040500.Wm82.a4.v1,0.8378039231433333
Glyma.03G081900.Wm82.a4.v1,0.8377989037685466
Glyma.02G279000.Wm82.a4.v1,0.8377888650189732
Glyma.08G094800.Wm82.a4.v1,0.8377888650189732
Glyma.10G041500.Wm82.a4.v1,0.8377135743971731
Glyma.08G043900.Wm82.a4.v1,0.8377035356475997
Glyma.05G138700.Wm82.a4.v1,0.8376633806493063
Glyma.17G042100.Wm82.a4.v1,0.8376182062762262
Glyma.18G152800.Wm82.a4.v1,0.8375529544039995
Glyma.06G070400.Wm82.a4.v1,0.8375479350292128
Glyma.04G083100.Wm82.a4.v1,0.8375378962796394
Glyma.13G062200.Wm82.a4.v1,0.8375378962796394
Glyma.10G244200.Wm82.a4.v1,0.8374776637821993
Glyma.19G186800.Wm82.a4.v1,0.8374224506595458
Glyma.15G158900.Wm82.a4.v1,0.8374224506595458
Glyma.12G236000.Wm82.a4.v1,0.8373321019133857
Glyma.10G204500.Wm82.a4.v1,0.8372718694159456
Glyma.20G236800.Wm82.a4.v1,0.8372668500411589
Glyma.13G201700.Wm82.a4.v1,0.8372417531672255
Glyma.10G034400.Wm82.a4.v1,0.8372066175437187
Glyma.13G333300.Wm82.a4.v1,0.837186540044572
Glyma.14G004300.Wm82.a4.v1,0.8371212881723452
Glyma.10G012300.Wm82.a4.v1,0.8370710944244785
Glyma.10G266400.Wm82.a4.v1,0.8370610556749052
Glyma.09G133600.Wm82.a4.v1,0.8369907844278917
Glyma.11G072100.Wm82.a4.v1,0.8369104744313048
Glyma.04G195100.Wm82.a4.v1,0.8368803581825848
Glyma.03G076600.Wm82.a4.v1,0.8368502419338647
Glyma.18G059300.Wm82.a4.v1,0.8368477322464714
Glyma.17G018600.Wm82.a4.v1,0.8368100869355714
Glyma.20G249300.Wm82.a4.v1,0.836800048185998
Glyma.09G235900.Wm82.a4.v1,0.8367548738129179
Glyma.19G145000.Wm82.a4.v1,0.8367498544381312
Glyma.10G018000.Wm82.a4.v1,0.8367297769389844
Glyma.08G329000.Wm82.a4.v1,0.8366996606902645
Glyma.15G086200.Wm82.a4.v1,0.836674563816331
Glyma.10G238500.Wm82.a4.v1,0.8366695444415444
Glyma.10G286700.Wm82.a4.v1,0.8366494669423976
Glyma.04G065100.Wm82.a4.v1,0.8365591181962375
Glyma.02G278800.Wm82.a4.v1,0.8364938663240107
Glyma.06G126400.Wm82.a4.v1,0.8363382657056238
Glyma.10G175900.Wm82.a4.v1,0.8363382657056238
Glyma.02G003100.Wm82.a4.v1,0.8362981107073303
Glyma.16G199200.Wm82.a4.v1,0.8362930913325436
Glyma.18G169600.Wm82.a4.v1,0.8362880719577569
Glyma.20G164300.Wm82.a4.v1,0.8362228200855302
Glyma.11G133500.Wm82.a4.v1,0.8362027425863834
Glyma.20G224400.Wm82.a4.v1,0.8361525488385166
Glyma.06G143100.Wm82.a4.v1,0.83613247133937
Glyma.14G018700.Wm82.a4.v1,0.8361274519645833
Glyma.04G211000.Wm82.a4.v1,0.8361123938402233
Glyma.11G108900.Wm82.a4.v1,0.8361023550906499
Glyma.15G028900.Wm82.a4.v1,0.8360973357158632
Glyma.14G039100.Wm82.a4.v1,0.8360521613427832
Glyma.08G314700.Wm82.a4.v1,0.8360170257192764
Glyma.19G190400.Wm82.a4.v1,0.835946754472263
Glyma.01G008900.Wm82.a4.v1,0.8359417350974763
Glyma.18G158800.Wm82.a4.v1,0.8359065994739695
Glyma.12G117500.Wm82.a4.v1,0.8358915413496095
Glyma.10G267100.Wm82.a4.v1,0.8358764832252494
Glyma.19G025900.Wm82.a4.v1,0.8357861344790893
Glyma.15G041100.Wm82.a4.v1,0.8357560182303693
Glyma.02G138000.Wm82.a4.v1,0.8357208826068625
Glyma.18G278400.Wm82.a4.v1,0.8357008051077158
Glyma.19G126500.Wm82.a4.v1,0.8356857469833557
Glyma.04G216000.Wm82.a4.v1,0.8355703013632622
Glyma.17G255800.Wm82.a4.v1,0.8355452044893288
Glyma.09G069700.Wm82.a4.v1,0.8355201076153954
Glyma.19G170100.Wm82.a4.v1,0.8355150882406087
Glyma.01G145400.Wm82.a4.v1,0.8353695263717952
Glyma.02G100300.Wm82.a4.v1,0.8353695263717952
Glyma.08G065100.Wm82.a4.v1,0.8353544682474351
Glyma.04G196800.Wm82.a4.v1,0.8353544682474351
Glyma.07G149300.Wm82.a4.v1,0.8353494488726484
Glyma.12G234200.Wm82.a4.v1,0.835309293874355
Glyma.19G222600.Wm82.a4.v1,0.8352841970004217
Glyma.02G004200.Wm82.a4.v1,0.8352741582508483
Glyma.06G131500.Wm82.a4.v1,0.8352490613769149
Glyma.11G002400.Wm82.a4.v1,0.8352340032525548
Glyma.08G055300.Wm82.a4.v1,0.8351888288794748
Glyma.17G258000.Wm82.a4.v1,0.8351587126307547
Glyma.09G066200.Wm82.a4.v1,0.8351135382576746
Glyma.04G088000.Wm82.a4.v1,0.835093460758528
Glyma.17G035400.Wm82.a4.v1,0.8350884413837413
Glyma.20G076300.Wm82.a4.v1,0.8350081313871545
Glyma.16G016200.Wm82.a4.v1,0.8349579376392876
Glyma.12G239100.Wm82.a4.v1,0.8349177826409943
Glyma.04G194600.Wm82.a4.v1,0.8348776276427008
Glyma.01G156200.Wm82.a4.v1,0.8348776276427008
Glyma.19G016000.Wm82.a4.v1,0.8348726082679141
Glyma.08G215500.Wm82.a4.v1,0.8348625695183408
Glyma.13G214800.Wm82.a4.v1,0.8348500210813741
Glyma.19G149900.Wm82.a4.v1,0.8348023370209007
Glyma.02G225300.Wm82.a4.v1,0.8346668139016604
Glyma.09G215500.Wm82.a4.v1,0.834656775152087
Glyma.06G037100.Wm82.a4.v1,0.8346517557773003
Glyma.01G163300.Wm82.a4.v1,0.8346166201537937
Glyma.13G190400.Wm82.a4.v1,0.8345865039050736
Glyma.11G128900.Wm82.a4.v1,0.8345764651555002
Glyma.15G013000.Wm82.a4.v1,0.8345664264059269
Glyma.08G082100.Wm82.a4.v1,0.8345513682815668
Glyma.14G089075.Wm82.a4.v1,0.8345312907824202
Glyma.07G166300.Wm82.a4.v1,0.8343706707892465
Glyma.11G176500.Wm82.a4.v1,0.8343204770413797
Glyma.09G246300.Wm82.a4.v1,0.834300399542233
Glyma.20G227900.Wm82.a4.v1,0.8342803220430863
Glyma.13G113900.Wm82.a4.v1,0.834255225169153
Glyma.10G207900.Wm82.a4.v1,0.8342502057943663
Glyma.15G056100.Wm82.a4.v1,0.8342502057943663
Glyma.09G234400.Wm82.a4.v1,0.8342251089204329
Glyma.17G104500.Wm82.a4.v1,0.8342251089204329
Glyma.12G183800.Wm82.a4.v1,0.8341949926717128
Glyma.17G259300.Wm82.a4.v1,0.8341799345473527
Glyma.13G296900.Wm82.a4.v1,0.8341548376734194
Glyma.05G060500.Wm82.a4.v1,0.8341397795490594
Glyma.20G132400.Wm82.a4.v1,0.8341096633003393
Glyma.07G263400.Wm82.a4.v1,0.8340895858011926
Glyma.17G168900.Wm82.a4.v1,0.8340795470516192
Glyma.18G039500.Wm82.a4.v1,0.8339992370550324
Glyma.02G043500.Wm82.a4.v1,0.8339942176802457
Glyma.09G168300.Wm82.a4.v1,0.8339791595558858
Glyma.12G093400.Wm82.a4.v1,0.8338938301845122
Glyma.07G084600.Wm82.a4.v1,0.8338486558114321
Glyma.13G028000.Wm82.a4.v1,0.8338085008131387
Glyma.03G082100.Wm82.a4.v1,0.833773365189632
Glyma.14G122700.Wm82.a4.v1,0.8337633264400586
Glyma.15G030400.Wm82.a4.v1,0.833758307065272
Glyma.19G085600.Wm82.a4.v1,0.8337281908165519
Glyma.02G254400.Wm82.a4.v1,0.8337181520669785
Glyma.14G085200.Wm82.a4.v1,0.8337081133174051
Glyma.02G213700.Wm82.a4.v1,0.8336980745678318
Glyma.10G200500.Wm82.a4.v1,0.8336980745678318
Glyma.06G214700.Wm82.a4.v1,0.8336830164434718
Glyma.06G057400.Wm82.a4.v1,0.8336679583191118
Glyma.12G008700.Wm82.a4.v1,0.8336529001947517
Glyma.13G287300.Wm82.a4.v1,0.8336529001947517
Glyma.06G026000.Wm82.a4.v1,0.8336478808199651
Glyma.01G080200.Wm82.a4.v1,0.833632822695605
Glyma.11G012300.Wm82.a4.v1,0.8335826289477383
Glyma.15G199800.Wm82.a4.v1,0.8335374545746582
Glyma.03G065500.Wm82.a4.v1,0.8335374545746582
Glyma.15G010300.Wm82.a4.v1,0.8335073383259382
Glyma.11G183600.Wm82.a4.v1,0.8334822414520048
Glyma.19G034200.Wm82.a4.v1,0.833447105828498
Glyma.03G176200.Wm82.a4.v1,0.8333818539562712
Glyma.14G208900.Wm82.a4.v1,0.8333667958319112
Glyma.10G093400.Wm82.a4.v1,0.8333416989579778
Glyma.18G071700.Wm82.a4.v1,0.833321621458831
Glyma.19G133100.Wm82.a4.v1,0.8332965245848977
Glyma.04G010500.Wm82.a4.v1,0.8332864858353244
Glyma.17G134500.Wm82.a4.v1,0.8332513502118176
Glyma.06G083200.Wm82.a4.v1,0.8332262533378842
Glyma.05G017800.Wm82.a4.v1,0.8332137049009175
Glyma.02G145300.Wm82.a4.v1,0.8331710402152308
Glyma.19G113400.Wm82.a4.v1,0.8331660208404441
Glyma.06G110100.Wm82.a4.v1,0.8331208464673641
Glyma.10G121600.Wm82.a4.v1,0.833090730218644
Glyma.14G159800.Wm82.a4.v1,0.8330405364707772
Glyma.05G010500.Wm82.a4.v1,0.832950187724617
Glyma.14G174200.Wm82.a4.v1,0.8328949746019636
Glyma.08G243600.Wm82.a4.v1,0.8328849358523902
Glyma.13G278200.Wm82.a4.v1,0.8328799164776035
Glyma.17G190500.Wm82.a4.v1,0.8328548196036701
Glyma.06G223800.Wm82.a4.v1,0.8328498002288834
Glyma.03G130800.Wm82.a4.v1,0.8328498002288834
Glyma.05G075600.Wm82.a4.v1,0.8328297227297368
Glyma.17G105800.Wm82.a4.v1,0.8328096452305901
Glyma.12G113302.Wm82.a4.v1,0.83277952898187
Glyma.09G021000.Wm82.a4.v1,0.83277952898187
Glyma.06G202000.Wm82.a4.v1,0.8327694902322966
Glyma.15G109800.Wm82.a4.v1,0.8326138896139097
Glyma.02G207900.Wm82.a4.v1,0.832608870239123
Glyma.07G211600.Wm82.a4.v1,0.8325988314895496
Glyma.07G059700.Wm82.a4.v1,0.832593812114763
Glyma.16G010300.Wm82.a4.v1,0.8325436183668962
Glyma.18G197100.Wm82.a4.v1,0.8325084827433895
Glyma.08G179000.Wm82.a4.v1,0.8325084827433895
Glyma.20G237000.Wm82.a4.v1,0.8324934246190294
Glyma.02G266200.Wm82.a4.v1,0.8324783664946694
Glyma.17G203800.Wm82.a4.v1,0.8324783664946694
Glyma.20G169500.Wm82.a4.v1,0.832468327745096
Glyma.18G213700.Wm82.a4.v1,0.832468327745096
Glyma.03G175600.Wm82.a4.v1,0.8324633083703094
Glyma.18G139000.Wm82.a4.v1,0.8324030758728693
Glyma.13G181700.Wm82.a4.v1,0.8323729596241493
Glyma.18G206500.Wm82.a4.v1,0.8323679402493626
Glyma.08G149400.Wm82.a4.v1,0.8323378240006425
Glyma.07G018300.Wm82.a4.v1,0.832297669002349
Glyma.14G014000.Wm82.a4.v1,0.8322023008814022
Glyma.09G156302.Wm82.a4.v1,0.8321420683839621
Glyma.13G342900.Wm82.a4.v1,0.8321420683839621
Glyma.05G147800.Wm82.a4.v1,0.8321219908848154
Glyma.04G218500.Wm82.a4.v1,0.8320065452647218
Glyma.10G158500.Wm82.a4.v1,0.8319563515168551
Glyma.10G042400.Wm82.a4.v1,0.8318559640211215
Glyma.20G098451.Wm82.a4.v1,0.831755576525388
Glyma.13G357800.Wm82.a4.v1,0.8317405184010279
Glyma.20G125100.Wm82.a4.v1,0.8317053827775213
Glyma.05G193600.Wm82.a4.v1,0.8316953440279479
Glyma.06G084300.Wm82.a4.v1,0.8314995884112675
Glyma.01G214600.Wm82.a4.v1,0.8314845302869075
Glyma.18G013700.Wm82.a4.v1,0.8314343365390408
Glyma.20G030100.Wm82.a4.v1,0.8313791234163872
Glyma.07G004900.Wm82.a4.v1,0.8313690846668139
Glyma.07G064900.Wm82.a4.v1,0.8313289296685205
Glyma.10G037300.Wm82.a4.v1,0.8313038327945871
Glyma.14G065900.Wm82.a4.v1,0.8312988134198004
Glyma.10G143900.Wm82.a4.v1,0.8312887746702271
Glyma.19G013200.Wm82.a4.v1,0.8312887746702271
Glyma.05G035600.Wm82.a4.v1,0.8312787359206537
Glyma.05G224400.Wm82.a4.v1,0.831258658421507
Glyma.02G174400.Wm82.a4.v1,0.831228542172787
Glyma.13G130000.Wm82.a4.v1,0.8312084646736403
Glyma.13G077100.Wm82.a4.v1,0.8311733290501335
Glyma.02G098700.Wm82.a4.v1,0.8311532515509868
Glyma.07G262000.Wm82.a4.v1,0.8311532515509868
Glyma.11G255600.Wm82.a4.v1,0.8311130965526934
Glyma.17G102800.Wm82.a4.v1,0.8310679221796133
Glyma.02G255600.Wm82.a4.v1,0.8310528640552532
Glyma.19G223600.Wm82.a4.v1,0.83104282530568
Glyma.20G238951.Wm82.a4.v1,0.8310076896821732
Glyma.20G179800.Wm82.a4.v1,0.8309976509325998
Glyma.05G135700.Wm82.a4.v1,0.8309273796855864
Glyma.11G166128.Wm82.a4.v1,0.8308018953159194
Glyma.09G047900.Wm82.a4.v1,0.8307868371915594
Glyma.08G040800.Wm82.a4.v1,0.8306462946975325
Glyma.08G197500.Wm82.a4.v1,0.830591081574879
Glyma.03G155900.Wm82.a4.v1,0.8305157909530789
Glyma.11G164037.Wm82.a4.v1,0.8304555584556388
Glyma.02G203300.Wm82.a4.v1,0.8304304615817054
Glyma.17G021700.Wm82.a4.v1,0.8304003453329853
Glyma.04G248300.Wm82.a4.v1,0.8303852872086253
Glyma.14G212900.Wm82.a4.v1,0.8303652097094786
Glyma.11G189400.Wm82.a4.v1,0.8303401128355452
Glyma.17G065500.Wm82.a4.v1,0.8303300740859718
Glyma.18G238500.Wm82.a4.v1,0.8302547834641717
Glyma.10G266000.Wm82.a4.v1,0.8302196478406649
Glyma.11G042400.Wm82.a4.v1,0.8301945509667316
Glyma.11G155050.Wm82.a4.v1,0.8301895315919449
Glyma.15G150900.Wm82.a4.v1,0.830109221595358
Glyma.13G202400.Wm82.a4.v1,0.8300991828457848
Glyma.02G112600.Wm82.a4.v1,0.8300740859718514
Glyma.09G193300.Wm82.a4.v1,0.8300339309735579
Glyma.07G253400.Wm82.a4.v1,0.8300238922239845
Glyma.02G118500.Wm82.a4.v1,0.8299887566004779
Glyma.16G013500.Wm82.a4.v1,0.8299335434778244
Glyma.19G102100.Wm82.a4.v1,0.8298331559820908
Glyma.08G318600.Wm82.a4.v1,0.8298180978577309
Glyma.15G271800.Wm82.a4.v1,0.8297930009837975
Glyma.13G109600.Wm82.a4.v1,0.8297478266107173
Glyma.08G303700.Wm82.a4.v1,0.8297428072359307
Glyma.02G152400.Wm82.a4.v1,0.829722729736784
Glyma.15G221700.Wm82.a4.v1,0.829707671612424
Glyma.02G103300.Wm82.a4.v1,0.8296976328628506
Glyma.13G064900.Wm82.a4.v1,0.8296323809906239
Glyma.17G097500.Wm82.a4.v1,0.8296123034914771
Glyma.09G283300.Wm82.a4.v1,0.8295972453671171
Glyma.13G368300.Wm82.a4.v1,0.829582187242757
Glyma.07G053200.Wm82.a4.v1,0.8295771678679703
Glyma.17G120833.Wm82.a4.v1,0.8295520709940369
Glyma.12G008400.Wm82.a4.v1,0.8295470516192504
Glyma.13G197400.Wm82.a4.v1,0.8294968578713835
Glyma.19G093900.Wm82.a4.v1,0.8294817997470235
Glyma.03G007200.Wm82.a4.v1,0.8294215672495834
Glyma.02G086100.Wm82.a4.v1,0.8294215672495834
Glyma.06G276300.Wm82.a4.v1,0.8294014897504367
Glyma.09G120200.Wm82.a4.v1,0.8293412572529966
Glyma.10G159700.Wm82.a4.v1,0.8293211797538499
Glyma.17G104100.Wm82.a4.v1,0.8293211797538499
Glyma.03G255000.Wm82.a4.v1,0.8293211797538499
Glyma.02G208000.Wm82.a4.v1,0.8292960828799165
Glyma.01G231800.Wm82.a4.v1,0.8292709860059831
Glyma.13G004800.Wm82.a4.v1,0.8292559278816231
Glyma.06G215400.Wm82.a4.v1,0.8292509085068364
Glyma.18G096400.Wm82.a4.v1,0.8292358503824764
Glyma.13G304400.Wm82.a4.v1,0.8292157728833297
Glyma.05G206600.Wm82.a4.v1,0.8291605597606763
Glyma.06G177900.Wm82.a4.v1,0.8291304435119562
Glyma.13G362200.Wm82.a4.v1,0.8291103660128094
Glyma.02G061400.Wm82.a4.v1,0.8290601722649427
Glyma.07G252100.Wm82.a4.v1,0.8290200172666493
Glyma.06G272500.Wm82.a4.v1,0.8290149978918626
Glyma.03G026900.Wm82.a4.v1,0.8289999397675025
Glyma.10G152900.Wm82.a4.v1,0.8289296685204891
Glyma.17G256102.Wm82.a4.v1,0.828899552271769
Glyma.13G320200.Wm82.a4.v1,0.828899552271769
Glyma.13G199600.Wm82.a4.v1,0.8288644166482623
Glyma.04G180100.Wm82.a4.v1,0.8288343003995422
Glyma.02G262500.Wm82.a4.v1,0.8287991647760355
Glyma.10G280600.Wm82.a4.v1,0.8287489710281687
Glyma.13G271500.Wm82.a4.v1,0.8286937579055152
Glyma.04G246200.Wm82.a4.v1,0.8285632541610617
Glyma.15G006600.Wm82.a4.v1,0.828558234786275
Glyma.04G149200.Wm82.a4.v1,0.828513060413195
Glyma.04G204300.Wm82.a4.v1,0.828513060413195
Glyma.12G028700.Wm82.a4.v1,0.8284478085409681
Glyma.13G083300.Wm82.a4.v1,0.8284427891661814
Glyma.07G132000.Wm82.a4.v1,0.8284227116670347
Glyma.15G266300.Wm82.a4.v1,0.8283976147931014
Glyma.17G029600.Wm82.a4.v1,0.828327343546088
Glyma.04G077500.Wm82.a4.v1,0.8283072660469412
Glyma.13G156500.Wm82.a4.v1,0.8282922079225812
Glyma.08G012200.Wm82.a4.v1,0.8282269560503543
Glyma.18G099000.Wm82.a4.v1,0.828201859176421
Glyma.02G138400.Wm82.a4.v1,0.8281767623024876
Glyma.16G209800.Wm82.a4.v1,0.8281466460537675
Glyma.06G077200.Wm82.a4.v1,0.8281014716806875
Glyma.10G249700.Wm82.a4.v1,0.828061316682394
Glyma.17G112800.Wm82.a4.v1,0.828031200433674
Glyma.17G096700.Wm82.a4.v1,0.8279609291866605
Glyma.13G150200.Wm82.a4.v1,0.8279559098118738
Glyma.07G058400.Wm82.a4.v1,0.8279157548135804
Glyma.11G204200.Wm82.a4.v1,0.827890657939647
Glyma.06G204500.Wm82.a4.v1,0.827845483566567
Glyma.02G303500.Wm82.a4.v1,0.8278103479430602
Glyma.01G086600.Wm82.a4.v1,0.8276497279498866
Glyma.09G281700.Wm82.a4.v1,0.8276396892003132
Glyma.19G173500.Wm82.a4.v1,0.8275593792037264
Glyma.16G088000.Wm82.a4.v1,0.8274740498323528
Glyma.10G003800.Wm82.a4.v1,0.8274640110827796
Glyma.02G250200.Wm82.a4.v1,0.8274539723332062
Glyma.04G020600.Wm82.a4.v1,0.8274439335836328
Glyma.18G067200.Wm82.a4.v1,0.8273987592105527
Glyma.01G191100.Wm82.a4.v1,0.827393739835766
Glyma.09G018900.Wm82.a4.v1,0.8273887204609793
Glyma.17G229100.Wm82.a4.v1,0.8273736623366194
Glyma.13G138700.Wm82.a4.v1,0.827348565462686
Glyma.18G259100.Wm82.a4.v1,0.8273284879635393
Glyma.11G243700.Wm82.a4.v1,0.8273234685887526
Glyma.07G214800.Wm82.a4.v1,0.8272933523400325
Glyma.14G129100.Wm82.a4.v1,0.8272833135904591
Glyma.19G211000.Wm82.a4.v1,0.8272632360913125
Glyma.10G236300.Wm82.a4.v1,0.8272582167165258
Glyma.07G090700.Wm82.a4.v1,0.8272582167165258
Glyma.11G024000.Wm82.a4.v1,0.8271829260947257
Glyma.20G181300.Wm82.a4.v1,0.827177906719939
Glyma.06G315300.Wm82.a4.v1,0.8271427710964322
Glyma.12G135600.Wm82.a4.v1,0.8271126548477121
Glyma.09G073700.Wm82.a4.v1,0.8271026160981388
Glyma.13G244300.Wm82.a4.v1,0.8270975967233521
Glyma.14G164400.Wm82.a4.v1,0.8270925773485654
Glyma.19G228100.Wm82.a4.v1,0.8270775192242055
Glyma.09G132200.Wm82.a4.v1,0.8270574417250587
Glyma.07G212300.Wm82.a4.v1,0.8270423836006987
Glyma.07G128800.Wm82.a4.v1,0.8270022286024052
Glyma.04G237500.Wm82.a4.v1,0.826851647358805
Glyma.10G125100.Wm82.a4.v1,0.8268416086092316
Glyma.19G117600.Wm82.a4.v1,0.8268416086092316
Glyma.07G273000.Wm82.a4.v1,0.8267412211134981
Glyma.03G014600.Wm82.a4.v1,0.826680988616058
Glyma.16G107300.Wm82.a4.v1,0.8266508723673379
Glyma.12G159300.Wm82.a4.v1,0.8266257754934045
Glyma.07G224400.Wm82.a4.v1,0.8265755817455378
Glyma.15G038100.Wm82.a4.v1,0.8265504848716044
Glyma.09G035700.Wm82.a4.v1,0.8265304073724576
Glyma.06G045600.Wm82.a4.v1,0.8264802136245909
Glyma.08G075600.Wm82.a4.v1,0.8264802136245909
Glyma.02G185000.Wm82.a4.v1,0.8264601361254442
Glyma.07G049500.Wm82.a4.v1,0.8264049230027908
Glyma.10G053100.Wm82.a4.v1,0.8264049230027908
Glyma.13G308300.Wm82.a4.v1,0.8263948842532174
Glyma.05G177500.Wm82.a4.v1,0.8263748067540707
Glyma.09G212600.Wm82.a4.v1,0.8263748067540707
Glyma.03G178900.Wm82.a4.v1,0.8263597486297107
Glyma.05G010000.Wm82.a4.v1,0.826339671130564
Glyma.12G063400.Wm82.a4.v1,0.8263095548818439
Glyma.07G156100.Wm82.a4.v1,0.8262995161322706
Glyma.13G148400.Wm82.a4.v1,0.826199128636537
Glyma.14G068600.Wm82.a4.v1,0.8261740317626036
Glyma.02G259000.Wm82.a4.v1,0.8261439155138836
Glyma.04G114900.Wm82.a4.v1,0.8261238380147369
Glyma.18G002400.Wm82.a4.v1,0.8261037605155902
Glyma.06G176100.Wm82.a4.v1,0.8260485473929368
Glyma.02G008500.Wm82.a4.v1,0.8260485473929368
Glyma.06G053800.Wm82.a4.v1,0.82601341176943
Glyma.13G063400.Wm82.a4.v1,0.8260083923946433
Glyma.14G214800.Wm82.a4.v1,0.8259581986467766
Glyma.10G127800.Wm82.a4.v1,0.8259481598972032
Glyma.16G195000.Wm82.a4.v1,0.8259481598972032
Glyma.12G058200.Wm82.a4.v1,0.8258929467745497
Glyma.08G153200.Wm82.a4.v1,0.8258879273997631
Glyma.10G215800.Wm82.a4.v1,0.8257775011544563
Glyma.08G070800.Wm82.a4.v1,0.8257775011544563
Glyma.11G165900.Wm82.a4.v1,0.8257775011544563
Glyma.17G008700.Wm82.a4.v1,0.8257524042805228
Glyma.05G102100.Wm82.a4.v1,0.8257524042805228
Glyma.17G244600.Wm82.a4.v1,0.8257323267813761
Glyma.10G147700.Wm82.a4.v1,0.8257222880318028
Glyma.13G144600.Wm82.a4.v1,0.8256971911578693
Glyma.13G266600.Wm82.a4.v1,0.8256168811612825
Glyma.13G083100.Wm82.a4.v1,0.8256018230369225
Glyma.02G108500.Wm82.a4.v1,0.8255817455377759
Glyma.19G136400.Wm82.a4.v1,0.8255415905394824
Glyma.08G184300.Wm82.a4.v1,0.8254662999176823
Glyma.13G127500.Wm82.a4.v1,0.8254512417933222
Glyma.04G003500.Wm82.a4.v1,0.8254462224185356
Glyma.05G187000.Wm82.a4.v1,0.8254361836689622
Glyma.01G161500.Wm82.a4.v1,0.8254261449193888
Glyma.10G160500.Wm82.a4.v1,0.8254110867950288
Glyma.01G230400.Wm82.a4.v1,0.8254110867950288
Glyma.20G127500.Wm82.a4.v1,0.8253759511715221
Glyma.18G057700.Wm82.a4.v1,0.8253659124219487
Glyma.11G122700.Wm82.a4.v1,0.8253357961732286
Glyma.13G045400.Wm82.a4.v1,0.8252805830505752
Glyma.16G009300.Wm82.a4.v1,0.8252755636757886
Glyma.03G089700.Wm82.a4.v1,0.8252554861766418
Glyma.08G095100.Wm82.a4.v1,0.8252454474270685
Glyma.18G189800.Wm82.a4.v1,0.8252429377396752
Glyma.02G157900.Wm82.a4.v1,0.8252203505531351
Glyma.04G074200.Wm82.a4.v1,0.8251651374304817
Glyma.03G150600.Wm82.a4.v1,0.8251199630574015
Glyma.06G299100.Wm82.a4.v1,0.8250647499347481
Glyma.17G121600.Wm82.a4.v1,0.8250597305599614
Glyma.13G115500.Wm82.a4.v1,0.8250296143112414
Glyma.13G080100.Wm82.a4.v1,0.8250145561868814
Glyma.18G237200.Wm82.a4.v1,0.8249342461902945
Glyma.13G190800.Wm82.a4.v1,0.8249141686911479
Glyma.01G021700.Wm82.a4.v1,0.8248991105667878
Glyma.04G044400.Wm82.a4.v1,0.8248790330676411
Glyma.05G117000.Wm82.a4.v1,0.8248790330676411
Glyma.08G056500.Wm82.a4.v1,0.8248137811954143
Glyma.08G023300.Wm82.a4.v1,0.8247886843214809
Glyma.17G010600.Wm82.a4.v1,0.8247736261971209
Glyma.17G084600.Wm82.a4.v1,0.8247284518240408
Glyma.08G105000.Wm82.a4.v1,0.8245778705804405
Glyma.03G260900.Wm82.a4.v1,0.8245728512056538
Glyma.17G103100.Wm82.a4.v1,0.8245628124560804
Glyma.02G291100.Wm82.a4.v1,0.8245226574577871
Glyma.03G223500.Wm82.a4.v1,0.8244975605838537
Glyma.06G085600.Wm82.a4.v1,0.8244624249603469
Glyma.19G149200.Wm82.a4.v1,0.8244423474612003
Glyma.08G351100.Wm82.a4.v1,0.8243921537133335
Glyma.15G163100.Wm82.a4.v1,0.8243670568394
Glyma.14G022500.Wm82.a4.v1,0.8243469793402534
Glyma.06G285700.Wm82.a4.v1,0.8243018049671733
Glyma.12G084700.Wm82.a4.v1,0.8242817274680266
Glyma.10G003200.Wm82.a4.v1,0.8242616499688799
Glyma.06G097300.Wm82.a4.v1,0.8242616499688799
Glyma.18G142500.Wm82.a4.v1,0.8242265143453732
Glyma.07G068750.Wm82.a4.v1,0.824151223723573
Glyma.15G246100.Wm82.a4.v1,0.824151223723573
Glyma.18G200200.Wm82.a4.v1,0.8240759331017729
Glyma.03G198100.Wm82.a4.v1,0.8240157006043327
Glyma.15G201100.Wm82.a4.v1,0.824010681229546
Glyma.11G160300.Wm82.a4.v1,0.8239906037303993
Glyma.11G152200.Wm82.a4.v1,0.8239855843556126
Glyma.13G331900.Wm82.a4.v1,0.823965506856466
Glyma.05G154100.Wm82.a4.v1,0.8239353906077459
Glyma.09G099000.Wm82.a4.v1,0.8239153131085992
Glyma.06G076400.Wm82.a4.v1,0.8239052743590258
Glyma.10G054400.Wm82.a4.v1,0.8238701387355191
Glyma.19G242300.Wm82.a4.v1,0.8238626096733391
Glyma.10G012600.Wm82.a4.v1,0.8238450418615857
Glyma.10G178700.Wm82.a4.v1,0.8238350031120124
Glyma.06G125951.Wm82.a4.v1,0.823824964362439
Glyma.03G009200.Wm82.a4.v1,0.8237597124902122
Glyma.12G232900.Wm82.a4.v1,0.8237044993675587
Glyma.05G213100.Wm82.a4.v1,0.8236743831188387
Glyma.10G189300.Wm82.a4.v1,0.8236693637440521
Glyma.10G021600.Wm82.a4.v1,0.8236568153070853
Glyma.18G241900.Wm82.a4.v1,0.823609131246612
Glyma.09G041400.Wm82.a4.v1,0.8236041118718253
Glyma.18G289500.Wm82.a4.v1,0.8235940731222519
Glyma.09G097402.Wm82.a4.v1,0.8235890537474652
Glyma.17G186600.Wm82.a4.v1,0.8235488987491718
Glyma.17G226700.Wm82.a4.v1,0.8235288212500251
Glyma.05G118500.Wm82.a4.v1,0.8235238018752384
Glyma.09G248600.Wm82.a4.v1,0.8234234143795048
Glyma.13G000600.Wm82.a4.v1,0.8234133756299316
Glyma.06G289700.Wm82.a4.v1,0.8233983175055715
Glyma.15G012500.Wm82.a4.v1,0.8233782400064248
Glyma.13G242800.Wm82.a4.v1,0.8233531431324914
Glyma.06G260000.Wm82.a4.v1,0.8233531431324914
Glyma.08G235900.Wm82.a4.v1,0.8233180075089847
Glyma.08G115600.Wm82.a4.v1,0.8232929106350513
Glyma.18G286500.Wm82.a4.v1,0.8232778525106913
Glyma.11G150100.Wm82.a4.v1,0.8232728331359046
Glyma.20G176400.Wm82.a4.v1,0.8231071937679443
Glyma.02G311333.Wm82.a4.v1,0.8230770775192242
Glyma.17G048900.Wm82.a4.v1,0.8230017868974241
Glyma.18G020000.Wm82.a4.v1,0.822941554399984
Glyma.13G341100.Wm82.a4.v1,0.8228712831529704
Glyma.08G308600.Wm82.a4.v1,0.8228662637781838
Glyma.19G032000.Wm82.a4.v1,0.8228311281546771
Glyma.20G218200.Wm82.a4.v1,0.822801011905957
Glyma.11G082200.Wm82.a4.v1,0.822755837532877
Glyma.04G231700.Wm82.a4.v1,0.8227307406589435
Glyma.12G037100.Wm82.a4.v1,0.8227156825345835
Glyma.07G073500.Wm82.a4.v1,0.8226956050354368
Glyma.13G106700.Wm82.a4.v1,0.8226956050354368
Glyma.15G047800.Wm82.a4.v1,0.8226905856606501
Glyma.20G221500.Wm82.a4.v1,0.82267552753629
Glyma.10G261200.Wm82.a4.v1,0.82263035316321
Glyma.10G293900.Wm82.a4.v1,0.8226253337884233
Glyma.08G222600.Wm82.a4.v1,0.8226203144136366
Glyma.12G020400.Wm82.a4.v1,0.8225851787901299
Glyma.15G000800.Wm82.a4.v1,0.8225550625414099
Glyma.09G084300.Wm82.a4.v1,0.8225550625414099
Glyma.13G087000.Wm82.a4.v1,0.8225500431666232
Glyma.05G216700.Wm82.a4.v1,0.8224948300439697
Glyma.02G075900.Wm82.a4.v1,0.8224948300439697
Glyma.03G233500.Wm82.a4.v1,0.822489810669183
Glyma.16G204000.Wm82.a4.v1,0.822459694420463
Glyma.20G110300.Wm82.a4.v1,0.8224396169213163
Glyma.04G084300.Wm82.a4.v1,0.8224345975465296
Glyma.12G122100.Wm82.a4.v1,0.8224095006725962
Glyma.06G058600.Wm82.a4.v1,0.8223643262995162
Glyma.05G110000.Wm82.a4.v1,0.8223091131768627
Glyma.17G211900.Wm82.a4.v1,0.822304093802076
Glyma.09G262800.Wm82.a4.v1,0.822273977553356
Glyma.12G241900.Wm82.a4.v1,0.8222639388037826
Glyma.03G232600.Wm82.a4.v1,0.8222488806794226
Glyma.03G170000.Wm82.a4.v1,0.8222187644307025
Glyma.12G152700.Wm82.a4.v1,0.8221836288071958
Glyma.10G023700.Wm82.a4.v1,0.8221735900576225
Glyma.06G164600.Wm82.a4.v1,0.8221535125584757
Glyma.17G233000.Wm82.a4.v1,0.8221535125584757
Glyma.04G193800.Wm82.a4.v1,0.8220330475635955
Glyma.16G037100.Wm82.a4.v1,0.8219928925653021
Glyma.04G146000.Wm82.a4.v1,0.8219426988174353
Glyma.08G168800.Wm82.a4.v1,0.8218925050695686
Glyma.10G261800.Wm82.a4.v1,0.8218824663199952
Glyma.09G213100.Wm82.a4.v1,0.8217971369486217
Glyma.15G004800.Wm82.a4.v1,0.8217720400746883
Glyma.06G200100.Wm82.a4.v1,0.8217670206999016
Glyma.17G050600.Wm82.a4.v1,0.8217218463268215
Glyma.02G011800.Wm82.a4.v1,0.8217118075772482
Glyma.08G010300.Wm82.a4.v1,0.8216264782058746
Glyma.02G200300.Wm82.a4.v1,0.8216013813319413
Glyma.18G041900.Wm82.a4.v1,0.8215110325857811
Glyma.15G047200.Wm82.a4.v1,0.8214959744614211
Glyma.05G145200.Wm82.a4.v1,0.8214859357118477
Glyma.08G222900.Wm82.a4.v1,0.821435741963981
Glyma.08G237150.Wm82.a4.v1,0.821420683839621
Glyma.01G157800.Wm82.a4.v1,0.8213554319673941
Glyma.13G088100.Wm82.a4.v1,0.8213253157186741
Glyma.06G223700.Wm82.a4.v1,0.8213102575943141
Glyma.14G114467.Wm82.a4.v1,0.8211847732246471
Glyma.08G135900.Wm82.a4.v1,0.821154656975927
Glyma.19G009500.Wm82.a4.v1,0.8211496376011403
Glyma.20G231400.Wm82.a4.v1,0.8211345794767804
Glyma.02G030100.Wm82.a4.v1,0.8211195213524204
Glyma.14G101000.Wm82.a4.v1,0.8211195213524204
Glyma.10G169000.Wm82.a4.v1,0.8210894051037003
Glyma.17G053800.Wm82.a4.v1,0.8210843857289136
Glyma.04G054100.Wm82.a4.v1,0.8210492501054069
Glyma.02G217200.Wm82.a4.v1,0.8210241532314735
Glyma.11G075300.Wm82.a4.v1,0.82098399823318
Glyma.03G109200.Wm82.a4.v1,0.8209538819844601
Glyma.12G188800.Wm82.a4.v1,0.8209538819844601
Glyma.12G059100.Wm82.a4.v1,0.8208183588652197
Glyma.20G200300.Wm82.a4.v1,0.8208183588652197
Glyma.20G222700.Wm82.a4.v1,0.820798281366073
Glyma.03G196100.Wm82.a4.v1,0.820768165117353
Glyma.15G127800.Wm82.a4.v1,0.820768165117353
Glyma.06G157400.Wm82.a4.v1,0.8207480876182063
Glyma.08G172900.Wm82.a4.v1,0.8207430682434196
Glyma.19G212800.Wm82.a4.v1,0.8207380488686329
Glyma.01G071300.Wm82.a4.v1,0.8207380488686329
Glyma.08G194700.Wm82.a4.v1,0.8206025257493926
Glyma.08G027700.Wm82.a4.v1,0.8205623707510993
Glyma.06G012900.Wm82.a4.v1,0.8205623707510993
Glyma.07G004700.Wm82.a4.v1,0.8205573513763126
Glyma.16G129000.Wm82.a4.v1,0.8205071576284458
Glyma.09G129600.Wm82.a4.v1,0.8204971188788724
Glyma.12G050500.Wm82.a4.v1,0.8204820607545125
Glyma.04G111500.Wm82.a4.v1,0.8204519445057924
Glyma.11G191900.Wm82.a4.v1,0.8204469251310057
Glyma.11G136900.Wm82.a4.v1,0.8203816732587789
Glyma.20G173200.Wm82.a4.v1,0.8203515570100588
Glyma.05G202000.Wm82.a4.v1,0.8202762663882587
Glyma.02G178800.Wm82.a4.v1,0.8202361113899652
Glyma.10G151000.Wm82.a4.v1,0.8201558013933784
Glyma.18G045600.Wm82.a4.v1,0.8201256851446583
Glyma.08G064300.Wm82.a4.v1,0.8200905495211517
Glyma.12G221500.Wm82.a4.v1,0.8200152588993515
Glyma.15G038600.Wm82.a4.v1,0.8200102395245649
Glyma.05G226700.Wm82.a4.v1,0.8200052201497782
Glyma.13G264500.Wm82.a4.v1,0.8199299295279779
Glyma.07G196200.Wm82.a4.v1,0.8198847551548979
Glyma.09G224600.Wm82.a4.v1,0.8198822454675045
Glyma.10G201200.Wm82.a4.v1,0.8198747164053245
Glyma.12G223000.Wm82.a4.v1,0.8198345614070311
Glyma.15G260300.Wm82.a4.v1,0.8198094645330978
Glyma.02G025900.Wm82.a4.v1,0.8197693095348043
Glyma.01G023600.Wm82.a4.v1,0.8197693095348043
Glyma.05G065900.Wm82.a4.v1,0.8197090770373642
Glyma.08G330400.Wm82.a4.v1,0.8196488445399241
Glyma.19G226200.Wm82.a4.v1,0.8196388057903508
Glyma.14G070200.Wm82.a4.v1,0.8195610054811573
Glyma.07G022700.Wm82.a4.v1,0.8195333989198306
Glyma.11G244000.Wm82.a4.v1,0.8195083020458972
Glyma.01G219400.Wm82.a4.v1,0.8194982632963238
Glyma.19G155700.Wm82.a4.v1,0.8194480695484571
Glyma.19G018600.Wm82.a4.v1,0.8193075270544301
Glyma.13G084100.Wm82.a4.v1,0.8193025076796434
Glyma.08G009000.Wm82.a4.v1,0.81927741080571
Glyma.01G178600.Wm82.a4.v1,0.8192071395586966
Glyma.08G266100.Wm82.a4.v1,0.8192021201839099
Glyma.10G120400.Wm82.a4.v1,0.8191870620595498
Glyma.07G084100.Wm82.a4.v1,0.8191720039351899
Glyma.03G131000.Wm82.a4.v1,0.8191569458108298
Glyma.10G261400.Wm82.a4.v1,0.8191418876864698
Glyma.08G199000.Wm82.a4.v1,0.8191167908125364
Glyma.12G220000.Wm82.a4.v1,0.8191017326881763
Glyma.13G135500.Wm82.a4.v1,0.8190967133133897
Glyma.13G345300.Wm82.a4.v1,0.819091693938603
Glyma.05G241800.Wm82.a4.v1,0.8190640873772763
Glyma.10G055200.Wm82.a4.v1,0.8190415001907363
Glyma.07G126800.Wm82.a4.v1,0.8190364808159496
Glyma.20G071200.Wm82.a4.v1,0.8189762483185095
Glyma.14G098100.Wm82.a4.v1,0.8189712289437228
Glyma.13G316200.Wm82.a4.v1,0.8189662095689361
Glyma.10G119200.Wm82.a4.v1,0.8189611901941494
Glyma.18G264200.Wm82.a4.v1,0.8189511514445761
Glyma.13G343900.Wm82.a4.v1,0.8189461320697894
Glyma.06G324000.Wm82.a4.v1,0.8188858995723493
Glyma.18G031300.Wm82.a4.v1,0.8188156283253358
Glyma.07G187500.Wm82.a4.v1,0.8187302989539623
Glyma.06G026400.Wm82.a4.v1,0.8187001827052423
Glyma.17G118200.Wm82.a4.v1,0.8186600277069488
Glyma.19G191600.Wm82.a4.v1,0.8186198727086554
Glyma.19G252700.Wm82.a4.v1,0.8186048145842953
Glyma.13G082200.Wm82.a4.v1,0.8185847370851487
Glyma.04G084200.Wm82.a4.v1,0.8185295239624952
Glyma.03G073762.Wm82.a4.v1,0.8184893689642018
Glyma.07G070700.Wm82.a4.v1,0.8184692914650551
Glyma.09G020800.Wm82.a4.v1,0.8184542333406951
Glyma.06G283600.Wm82.a4.v1,0.8184140783424017
Glyma.10G286500.Wm82.a4.v1,0.8183438070953882
Glyma.13G205600.Wm82.a4.v1,0.8182785552231614
Glyma.15G158400.Wm82.a4.v1,0.818253458349228
Glyma.18G259300.Wm82.a4.v1,0.8181882064770012
Glyma.06G116500.Wm82.a4.v1,0.8180978577308411
Glyma.18G117100.Wm82.a4.v1,0.8180928383560544
Glyma.17G189300.Wm82.a4.v1,0.8180928383560544
Glyma.02G144700.Wm82.a4.v1,0.8180627221073343
Glyma.01G054950.Wm82.a4.v1,0.8180275864838276
Glyma.15G101800.Wm82.a4.v1,0.8179974702351075
Glyma.01G239000.Wm82.a4.v1,0.8179171602385207
Glyma.08G070500.Wm82.a4.v1,0.8178820246150139
Glyma.07G058700.Wm82.a4.v1,0.8178820246150139
Glyma.07G190700.Wm82.a4.v1,0.8178619471158672
Glyma.17G227100.Wm82.a4.v1,0.8178368502419339
Glyma.08G146300.Wm82.a4.v1,0.8177063464974803
Glyma.19G150400.Wm82.a4.v1,0.8176912883731202
Glyma.13G264600.Wm82.a4.v1,0.8176712108739735
Glyma.04G087200.Wm82.a4.v1,0.8176611721244001
Glyma.02G155400.Wm82.a4.v1,0.8175808621278133
Glyma.20G181500.Wm82.a4.v1,0.8175206296303732
Glyma.11G028200.Wm82.a4.v1,0.8174553777581465
Glyma.10G217200.Wm82.a4.v1,0.8173248740136928
Glyma.08G268300.Wm82.a4.v1,0.8173148352641195
Glyma.08G090400.Wm82.a4.v1,0.8173148352641195
Glyma.13G229400.Wm82.a4.v1,0.8173047965145461
Glyma.14G106500.Wm82.a4.v1,0.8172495833918927
Glyma.10G181500.Wm82.a4.v1,0.8172194671431726
Glyma.13G318200.Wm82.a4.v1,0.8171642540205192
Glyma.14G033600.Wm82.a4.v1,0.8171592346457325
Glyma.03G062800.Wm82.a4.v1,0.8171190796474391
Glyma.06G156800.Wm82.a4.v1,0.8170990021482925
Glyma.08G007500.Wm82.a4.v1,0.8170739052743591
Glyma.14G152900.Wm82.a4.v1,0.8170688858995724
Glyma.18G227500.Wm82.a4.v1,0.8170638665247857
Glyma.18G261100.Wm82.a4.v1,0.8170488084004256
Glyma.03G218500.Wm82.a4.v1,0.8170387696508523
Glyma.01G003800.Wm82.a4.v1,0.8169986146525589
Glyma.16G004800.Wm82.a4.v1,0.8169785371534122
Glyma.13G311000.Wm82.a4.v1,0.8169434015299054
Glyma.08G033400.Wm82.a4.v1,0.8169233240307587
Glyma.16G042200.Wm82.a4.v1,0.8168932077820387
Glyma.12G129200.Wm82.a4.v1,0.8168681109081053
Glyma.19G135200.Wm82.a4.v1,0.8168229365350252
Glyma.17G197200.Wm82.a4.v1,0.8167928202863052
Glyma.05G120400.Wm82.a4.v1,0.8166623165418515
Glyma.05G076800.Wm82.a4.v1,0.8166472584174915
Glyma.05G056100.Wm82.a4.v1,0.8166472584174915
Glyma.11G015433.Wm82.a4.v1,0.8166322002931314
Glyma.10G267000.Wm82.a4.v1,0.8166221615435582
Glyma.14G171500.Wm82.a4.v1,0.8165870259200514
Glyma.16G154300.Wm82.a4.v1,0.8165820065452647
Glyma.11G142900.Wm82.a4.v1,0.816516754673038
Glyma.14G204700.Wm82.a4.v1,0.8164916577991046
Glyma.19G177900.Wm82.a4.v1,0.8164565221755978
Glyma.10G094500.Wm82.a4.v1,0.8164414640512377
Glyma.07G069400.Wm82.a4.v1,0.816376212179011
Glyma.08G111200.Wm82.a4.v1,0.8163611540546509
Glyma.10G150100.Wm82.a4.v1,0.8163561346798642
Glyma.07G132200.Wm82.a4.v1,0.816346095930291
Glyma.15G205900.Wm82.a4.v1,0.8163260184311442
Glyma.07G002100.Wm82.a4.v1,0.8163009215572108
Glyma.03G149600.Wm82.a4.v1,0.8163009215572108
Glyma.13G240100.Wm82.a4.v1,0.8162858634328508
Glyma.10G271500.Wm82.a4.v1,0.8162708053084907
Glyma.19G177300.Wm82.a4.v1,0.8162607665589174
Glyma.16G217600.Wm82.a4.v1,0.816250727809344
Glyma.20G190100.Wm82.a4.v1,0.816250727809344
Glyma.18G227700.Wm82.a4.v1,0.8162306503101974
Glyma.08G259500.Wm82.a4.v1,0.816205553436264
Glyma.18G063100.Wm82.a4.v1,0.8161955146866906
Glyma.03G134800.Wm82.a4.v1,0.8161804565623306
Glyma.13G211000.Wm82.a4.v1,0.8161352821892505
Glyma.19G079100.Wm82.a4.v1,0.8161252434396772
Glyma.18G076000.Wm82.a4.v1,0.8161152046901038
Glyma.04G015800.Wm82.a4.v1,0.8161051659405304
Glyma.07G252900.Wm82.a4.v1,0.8160901078161704
Glyma.04G193700.Wm82.a4.v1,0.8160750496918104
Glyma.17G135400.Wm82.a4.v1,0.8159746621960768
Glyma.13G364600.Wm82.a4.v1,0.8159696428212901
Glyma.08G123300.Wm82.a4.v1,0.8159345071977835
Glyma.07G085800.Wm82.a4.v1,0.8159345071977835
Glyma.01G180700.Wm82.a4.v1,0.8159244684482101
Glyma.02G177500.Wm82.a4.v1,0.8159194490734234
Glyma.06G152900.Wm82.a4.v1,0.81589435219949
Glyma.05G007200.Wm82.a4.v1,0.8158391390768366
Glyma.10G041900.Wm82.a4.v1,0.8157939647037565
Glyma.05G056400.Wm82.a4.v1,0.8157939647037565
Glyma.07G046500.Wm82.a4.v1,0.8157939647037565
Glyma.02G241200.Wm82.a4.v1,0.8157487903306764
Glyma.19G238800.Wm82.a4.v1,0.815723693456743
Glyma.09G256700.Wm82.a4.v1,0.8156885578332362
Glyma.17G042400.Wm82.a4.v1,0.8156835384584497
Glyma.02G296700.Wm82.a4.v1,0.8156684803340896
Glyma.15G165100.Wm82.a4.v1,0.8156634609593029
Glyma.10G253900.Wm82.a4.v1,0.8155731122131428
Glyma.10G225400.Wm82.a4.v1,0.8155630734635694
Glyma.02G173600.Wm82.a4.v1,0.8155429959644227
Glyma.05G185300.Wm82.a4.v1,0.815537976589636
Glyma.13G371000.Wm82.a4.v1,0.8155329572148493
Glyma.08G057000.Wm82.a4.v1,0.8154476278434758
Glyma.11G024100.Wm82.a4.v1,0.8154476278434758
Glyma.02G256000.Wm82.a4.v1,0.815412492219969
Glyma.13G116600.Wm82.a4.v1,0.815397434095609
Glyma.14G191200.Wm82.a4.v1,0.8153773565964624
Glyma.11G098600.Wm82.a4.v1,0.8153422209729556
Glyma.13G194100.Wm82.a4.v1,0.8153020659746621
Glyma.18G298300.Wm82.a4.v1,0.8153020659746621
Glyma.15G212800.Wm82.a4.v1,0.8152920272250889
Glyma.09G248500.Wm82.a4.v1,0.8152819884755155
Glyma.06G140600.Wm82.a4.v1,0.8152368141024354
Glyma.09G069500.Wm82.a4.v1,0.8152167366032887
Glyma.11G137151.Wm82.a4.v1,0.815211717228502
Glyma.19G233600.Wm82.a4.v1,0.8151464653562752
Glyma.01G079300.Wm82.a4.v1,0.8150059228622483
Glyma.07G007000.Wm82.a4.v1,0.8149958841126749
Glyma.03G011100.Wm82.a4.v1,0.8149707872387415
Glyma.11G134800.Wm82.a4.v1,0.8149557291143815
Glyma.08G238800.Wm82.a4.v1,0.8149507097395948
Glyma.19G160400.Wm82.a4.v1,0.8149256128656615
Glyma.08G061700.Wm82.a4.v1,0.8149005159917281
Glyma.16G015400.Wm82.a4.v1,0.8148603609934346
Glyma.15G021100.Wm82.a4.v1,0.8148603609934346
Glyma.02G153800.Wm82.a4.v1,0.8147700122472745
Glyma.12G087100.Wm82.a4.v1,0.8147700122472745
Glyma.17G026600.Wm82.a4.v1,0.814684682875901
Glyma.12G242200.Wm82.a4.v1,0.8146144116288875
Glyma.10G158900.Wm82.a4.v1,0.8146043728793142
Glyma.14G193900.Wm82.a4.v1,0.8145893147549541
Glyma.02G185300.Wm82.a4.v1,0.8145692372558074
Glyma.17G245000.Wm82.a4.v1,0.814529082257514
Glyma.11G147108.Wm82.a4.v1,0.8144738691348605
Glyma.13G167300.Wm82.a4.v1,0.8144588110105005
Glyma.17G012400.Wm82.a4.v1,0.8144387335113539
Glyma.12G205800.Wm82.a4.v1,0.814388539763487
Glyma.10G006500.Wm82.a4.v1,0.8143835203887004
Glyma.02G239600.Wm82.a4.v1,0.814343365390407
Glyma.02G236900.Wm82.a4.v1,0.8142178810207401
Glyma.10G031900.Wm82.a4.v1,0.8141777260224466
Glyma.02G041400.Wm82.a4.v1,0.8141425903989399
Glyma.18G092500.Wm82.a4.v1,0.8141225128997932
Glyma.05G184000.Wm82.a4.v1,0.8140923966510731
Glyma.10G199900.Wm82.a4.v1,0.8140672997771398
Glyma.20G156800.Wm82.a4.v1,0.813986989780553
Glyma.11G008300.Wm82.a4.v1,0.813986989780553
Glyma.05G196900.Wm82.a4.v1,0.8139518541570462
Glyma.02G168900.Wm82.a4.v1,0.8139418154074728
Glyma.13G229000.Wm82.a4.v1,0.8138715441604594
Glyma.10G211600.Wm82.a4.v1,0.8138414279117393
Glyma.13G286400.Wm82.a4.v1,0.8137912341638726
Glyma.17G085300.Wm82.a4.v1,0.8137661372899392
Glyma.15G043800.Wm82.a4.v1,0.8137661372899392
Glyma.08G231400.Wm82.a4.v1,0.8137259822916457
Glyma.08G117600.Wm82.a4.v1,0.8137109241672857
Glyma.18G080700.Wm82.a4.v1,0.8137008854177123
Glyma.20G155600.Wm82.a4.v1,0.8136908466681391
Glyma.10G139200.Wm82.a4.v1,0.813675788543779
Glyma.16G123000.Wm82.a4.v1,0.8136306141706989
Glyma.14G126300.Wm82.a4.v1,0.8136105366715521
Glyma.03G157900.Wm82.a4.v1,0.8135954785471922
Glyma.01G163700.Wm82.a4.v1,0.8135904591724055
Glyma.02G310900.Wm82.a4.v1,0.8135603429236854
Glyma.02G294100.Wm82.a4.v1,0.8135151685506053
Glyma.19G056700.Wm82.a4.v1,0.8134549360531652
Glyma.09G008100.Wm82.a4.v1,0.8134549360531652
Glyma.20G055700.Wm82.a4.v1,0.8134298391792318
Glyma.15G001600.Wm82.a4.v1,0.8133846648061518
Glyma.01G194600.Wm82.a4.v1,0.8133746260565784
Glyma.17G041700.Wm82.a4.v1,0.8133696066817917
Glyma.15G070100.Wm82.a4.v1,0.8133344710582849
Glyma.16G114800.Wm82.a4.v1,0.8133344710582849
Glyma.20G118000.Wm82.a4.v1,0.8133244323087117
Glyma.08G336100.Wm82.a4.v1,0.8132742385608449
Glyma.02G125100.Wm82.a4.v1,0.8132742385608449
Glyma.20G194000.Wm82.a4.v1,0.8132340835625514
Glyma.06G044700.Wm82.a4.v1,0.8132290641877647
Glyma.04G073900.Wm82.a4.v1,0.8131989479390447
Glyma.02G267300.Wm82.a4.v1,0.8131738510651113
Glyma.06G146700.Wm82.a4.v1,0.813163812315538
Glyma.19G079700.Wm82.a4.v1,0.8131537735659646
Glyma.13G331400.Wm82.a4.v1,0.8131437348163912
Glyma.10G128100.Wm82.a4.v1,0.8130885216937378
Glyma.12G074300.Wm82.a4.v1,0.8130483666954444
Glyma.12G191600.Wm82.a4.v1,0.8130182504467244
Glyma.03G108500.Wm82.a4.v1,0.8129981729475777
Glyma.18G007300.Wm82.a4.v1,0.8129981729475777
Glyma.12G075800.Wm82.a4.v1,0.8129379404501376
Glyma.15G138500.Wm82.a4.v1,0.8129329210753509
Glyma.13G099200.Wm82.a4.v1,0.8128977854518441
Glyma.04G112300.Wm82.a4.v1,0.8128877467022708
Glyma.17G226600.Wm82.a4.v1,0.8128174754552573
Glyma.07G150100.Wm82.a4.v1,0.8127923785813239
Glyma.08G243000.Wm82.a4.v1,0.8127923785813239
Glyma.20G209000.Wm82.a4.v1,0.8127773204569638
Glyma.14G105700.Wm82.a4.v1,0.8127271267090971
Glyma.19G210700.Wm82.a4.v1,0.812651836087297
Glyma.18G242700.Wm82.a4.v1,0.8126468167125103
Glyma.18G207300.Wm82.a4.v1,0.812636777962937
Glyma.02G282000.Wm82.a4.v1,0.812636777962937
Glyma.19G156300.Wm82.a4.v1,0.8126267392133636
Glyma.06G047700.Wm82.a4.v1,0.8125213323428434
Glyma.15G024900.Wm82.a4.v1,0.8124510610958299
Glyma.17G226500.Wm82.a4.v1,0.8124209448471098
Glyma.07G254400.Wm82.a4.v1,0.8124209448471098
Glyma.14G000800.Wm82.a4.v1,0.8124008673479631
Glyma.12G036900.Wm82.a4.v1,0.8123807898488165
Glyma.08G361500.Wm82.a4.v1,0.8123757704740298
Glyma.08G148300.Wm82.a4.v1,0.8123607123496698
Glyma.17G065600.Wm82.a4.v1,0.8123556929748831
Glyma.03G130300.Wm82.a4.v1,0.8122352279800028
Glyma.08G207200.Wm82.a4.v1,0.8122051117312827
Glyma.02G060002.Wm82.a4.v1,0.8121599373582027
Glyma.12G033700.Wm82.a4.v1,0.8120997048607626
Glyma.18G283100.Wm82.a4.v1,0.8120495111128958
Glyma.17G069900.Wm82.a4.v1,0.8120394723633224
Glyma.08G213000.Wm82.a4.v1,0.8120193948641757
Glyma.18G158300.Wm82.a4.v1,0.8120093561146023
Glyma.09G028000.Wm82.a4.v1,0.8119892786154557
Glyma.13G245600.Wm82.a4.v1,0.8119792398658823
Glyma.11G251300.Wm82.a4.v1,0.8119441042423756
Glyma.08G333700.Wm82.a4.v1,0.8119139879936556
Glyma.04G257000.Wm82.a4.v1,0.8118989298692955
Glyma.11G095300.Wm82.a4.v1,0.8118888911197222
Glyma.01G178000.Wm82.a4.v1,0.8118738329953621
Glyma.04G023200.Wm82.a4.v1,0.8118587748710021
Glyma.07G158200.Wm82.a4.v1,0.8117282711265484
Glyma.20G150500.Wm82.a4.v1,0.8117232517517619
Glyma.06G267000.Wm82.a4.v1,0.8117132130021885
Glyma.03G120800.Wm82.a4.v1,0.8116329030056016
Glyma.11G054800.Wm82.a4.v1,0.811532515509868
Glyma.09G246100.Wm82.a4.v1,0.8113618567671211
Glyma.10G221000.Wm82.a4.v1,0.811346798642761
Glyma.12G237000.Wm82.a4.v1,0.8113367598931877
Glyma.19G193200.Wm82.a4.v1,0.8112564498966008
Glyma.19G131400.Wm82.a4.v1,0.8112413917722409
Glyma.04G080200.Wm82.a4.v1,0.8111259461521473
Glyma.13G129300.Wm82.a4.v1,0.8111058686530006
Glyma.18G023200.Wm82.a4.v1,0.8111058686530006
Glyma.08G092300.Wm82.a4.v1,0.8110556749051339
Glyma.14G093200.Wm82.a4.v1,0.8110255586564138
Glyma.11G182900.Wm82.a4.v1,0.811005481157267
Glyma.13G245900.Wm82.a4.v1,0.810960306784187
Glyma.05G045200.Wm82.a4.v1,0.8109301905354669
Glyma.09G036000.Wm82.a4.v1,0.8109201517858935
Glyma.13G231400.Wm82.a4.v1,0.8109151324111069
Glyma.04G112600.Wm82.a4.v1,0.81086493866324
Glyma.02G014200.Wm82.a4.v1,0.8107996867910133
Glyma.17G045100.Wm82.a4.v1,0.8107896480414399
Glyma.19G138500.Wm82.a4.v1,0.8107846286666532
Glyma.06G164500.Wm82.a4.v1,0.8107444736683599
Glyma.07G040600.Wm82.a4.v1,0.8107444736683599
Glyma.20G119100.Wm82.a4.v1,0.8107193767944265
Glyma.05G106000.Wm82.a4.v1,0.8106641636717731
Glyma.02G209900.Wm82.a4.v1,0.8106541249221997
Glyma.01G006400.Wm82.a4.v1,0.810649105547413
Glyma.17G252100.Wm82.a4.v1,0.8106440861726263
Glyma.10G259400.Wm82.a4.v1,0.8106039311743329
Glyma.16G102300.Wm82.a4.v1,0.8105938924247595
Glyma.05G176300.Wm82.a4.v1,0.8105838536751863
Glyma.10G260200.Wm82.a4.v1,0.8105637761760395
Glyma.01G242000.Wm82.a4.v1,0.8105487180516795
Glyma.19G072800.Wm82.a4.v1,0.8105487180516795
Glyma.13G003900.Wm82.a4.v1,0.8105336599273194
Glyma.13G125100.Wm82.a4.v1,0.8105236211777461
Glyma.07G102100.Wm82.a4.v1,0.8105236211777461
Glyma.03G138200.Wm82.a4.v1,0.8105035436785994
Glyma.05G118300.Wm82.a4.v1,0.810493504929026
Glyma.16G029500.Wm82.a4.v1,0.810493504929026
Glyma.20G114800.Wm82.a4.v1,0.8104884855542394
Glyma.05G189200.Wm82.a4.v1,0.810448330555946
Glyma.16G207300.Wm82.a4.v1,0.8103680205593591
Glyma.07G062300.Wm82.a4.v1,0.810307788061919
Glyma.13G112500.Wm82.a4.v1,0.810292729937559
Glyma.01G207700.Wm82.a4.v1,0.810292729937559
Glyma.11G014700.Wm82.a4.v1,0.8102525749392656
Glyma.20G199800.Wm82.a4.v1,0.8101421486939587
Glyma.10G032600.Wm82.a4.v1,0.8101270905695986
Glyma.05G049400.Wm82.a4.v1,0.8101270905695986
Glyma.11G194500.Wm82.a4.v1,0.8100869355713053
Glyma.14G220300.Wm82.a4.v1,0.8100618386973718
Glyma.20G239800.Wm82.a4.v1,0.8100517999477985
Glyma.20G215200.Wm82.a4.v1,0.8100116449495051
Glyma.04G222500.Wm82.a4.v1,0.8100066255747184
Glyma.11G074400.Wm82.a4.v1,0.8099965868251451
Glyma.13G278700.Wm82.a4.v1,0.8099915674503584
Glyma.13G285500.Wm82.a4.v1,0.8099012187041982
Glyma.18G016200.Wm82.a4.v1,0.8098811412050515
Glyma.18G246700.Wm82.a4.v1,0.8098761218302648
Glyma.20G047600.Wm82.a4.v1,0.809840986206758
Glyma.17G053200.Wm82.a4.v1,0.8098209087076114
Glyma.08G354500.Wm82.a4.v1,0.8097757343345313
Glyma.10G181100.Wm82.a4.v1,0.8097556568353845
Glyma.04G249900.Wm82.a4.v1,0.8097506374605979
Glyma.11G223000.Wm82.a4.v1,0.8096853855883711
Glyma.01G220300.Wm82.a4.v1,0.8096653080892244
Glyma.19G003100.Wm82.a4.v1,0.8096452305900776
Glyma.02G138500.Wm82.a4.v1,0.8096000562169976
Glyma.17G246300.Wm82.a4.v1,0.8096000562169976
Glyma.01G169900.Wm82.a4.v1,0.8095900174674242
Glyma.11G183800.Wm82.a4.v1,0.8095599012187042
Glyma.12G094800.Wm82.a4.v1,0.8094996687212641
Glyma.07G041700.Wm82.a4.v1,0.8094896299716907
Glyma.16G195900.Wm82.a4.v1,0.8094645330977573
Glyma.12G242300.Wm82.a4.v1,0.8094444555986107
Glyma.03G084000.Wm82.a4.v1,0.8093691649768104
Glyma.18G020800.Wm82.a4.v1,0.8093239906037304
Glyma.05G228500.Wm82.a4.v1,0.809268777481077
Glyma.11G130100.Wm82.a4.v1,0.8092637581062903
Glyma.19G089100.Wm82.a4.v1,0.8092085449836368
Glyma.16G049200.Wm82.a4.v1,0.8091382737366234
Glyma.08G352200.Wm82.a4.v1,0.80912823498705
Glyma.05G240600.Wm82.a4.v1,0.8090981187383299
Glyma.16G221300.Wm82.a4.v1,0.8090730218643966
Glyma.07G219900.Wm82.a4.v1,0.8090629831148232
Glyma.15G061500.Wm82.a4.v1,0.8090629831148232
Glyma.15G056800.Wm82.a4.v1,0.8090077699921697
Glyma.20G092502.Wm82.a4.v1,0.8089776537434498
Glyma.08G193200.Wm82.a4.v1,0.8089324793703696
Glyma.02G116500.Wm82.a4.v1,0.8089073824964362
Glyma.06G315500.Wm82.a4.v1,0.8088923243720763
Glyma.02G035000.Wm82.a4.v1,0.8088772662477162
Glyma.14G036100.Wm82.a4.v1,0.8088622081233562
Glyma.07G028900.Wm82.a4.v1,0.8088571887485695
Glyma.02G033500.Wm82.a4.v1,0.8088521693737828
Glyma.07G236300.Wm82.a4.v1,0.8088371112494228
Glyma.08G088600.Wm82.a4.v1,0.8087969562511294
Glyma.15G262100.Wm82.a4.v1,0.8087818981267694
Glyma.02G017800.Wm82.a4.v1,0.8087668400024093
Glyma.09G174400.Wm82.a4.v1,0.808756801252836
Glyma.08G125600.Wm82.a4.v1,0.8087216656293292
Glyma.15G065100.Wm82.a4.v1,0.8086865300058225
Glyma.08G300100.Wm82.a4.v1,0.8086815106310358
Glyma.10G112700.Wm82.a4.v1,0.8086714718814625
Glyma.02G278500.Wm82.a4.v1,0.808601200634449
Glyma.19G071300.Wm82.a4.v1,0.8085911618848756
Glyma.02G229800.Wm82.a4.v1,0.8085761037605156
Glyma.08G232400.Wm82.a4.v1,0.8085409681370088
Glyma.07G036300.Wm82.a4.v1,0.8085409681370088
Glyma.08G152100.Wm82.a4.v1,0.8085158712630754
Glyma.08G161600.Wm82.a4.v1,0.8084957937639288
Glyma.04G198600.Wm82.a4.v1,0.8084405806412753
Glyma.12G029200.Wm82.a4.v1,0.808415483767342
Glyma.13G253900.Wm82.a4.v1,0.808415483767342
Glyma.04G130500.Wm82.a4.v1,0.808415483767342
Glyma.02G101200.Wm82.a4.v1,0.8084054450177686
Glyma.02G066600.Wm82.a4.v1,0.8083903868934086
Glyma.05G074800.Wm82.a4.v1,0.8083903868934086
Glyma.16G132600.Wm82.a4.v1,0.8083803481438352
Glyma.20G061700.Wm82.a4.v1,0.8083452125203284
Glyma.15G135900.Wm82.a4.v1,0.8083401931455418
Glyma.04G179400.Wm82.a4.v1,0.8083351737707551
Glyma.07G099700.Wm82.a4.v1,0.8083251350211818
Glyma.05G070000.Wm82.a4.v1,0.8082849800228884
Glyma.14G203000.Wm82.a4.v1,0.808229766900235
Glyma.04G247900.Wm82.a4.v1,0.8081896119019415
Glyma.11G116700.Wm82.a4.v1,0.8080942437809946
Glyma.14G081000.Wm82.a4.v1,0.8080591081574879
Glyma.01G132300.Wm82.a4.v1,0.8080189531591945
Glyma.17G208000.Wm82.a4.v1,0.8079988756600478
Glyma.02G097300.Wm82.a4.v1,0.8079737787861144
Glyma.19G115900.Wm82.a4.v1,0.8078884494147409
Glyma.07G079000.Wm82.a4.v1,0.8078884494147409
Glyma.10G144000.Wm82.a4.v1,0.8078332362920875
Glyma.10G237300.Wm82.a4.v1,0.8078282169173008
Glyma.08G113500.Wm82.a4.v1,0.807747906920714
Glyma.06G011700.Wm82.a4.v1,0.8077378681711406
Glyma.02G218900.Wm82.a4.v1,0.8077328487963539
Glyma.18G173400.Wm82.a4.v1,0.8077228100467806
Glyma.12G169200.Wm82.a4.v1,0.8077127712972072
Glyma.14G222100.Wm82.a4.v1,0.8077027325476339
Glyma.03G073768.Wm82.a4.v1,0.8076324613006204
Glyma.13G044800.Wm82.a4.v1,0.8075973256771136
Glyma.20G072700.Wm82.a4.v1,0.8075672094283936
Glyma.18G282300.Wm82.a4.v1,0.8074969381813801
Glyma.15G056600.Wm82.a4.v1,0.8074868994318067
Glyma.17G109000.Wm82.a4.v1,0.8074718413074468
Glyma.07G068400.Wm82.a4.v1,0.8074417250587267
Glyma.06G216800.Wm82.a4.v1,0.8074417250587267
Glyma.17G020600.Wm82.a4.v1,0.8073614150621399
Glyma.19G222400.Wm82.a4.v1,0.8073513763125665
Glyma.13G160800.Wm82.a4.v1,0.8073262794386331
Glyma.16G050800.Wm82.a4.v1,0.8073162406890597
Glyma.19G244500.Wm82.a4.v1,0.8073162406890597
Glyma.08G188000.Wm82.a4.v1,0.8072861244403398
Glyma.15G152100.Wm82.a4.v1,0.8072811050655531
Glyma.16G075800.Wm82.a4.v1,0.8072409500672596
Glyma.05G165200.Wm82.a4.v1,0.8072158531933262
Glyma.08G210500.Wm82.a4.v1,0.8072007950689662
Glyma.10G217300.Wm82.a4.v1,0.8071455819463128
Glyma.17G050000.Wm82.a4.v1,0.8071405625715261
Glyma.14G126800.Wm82.a4.v1,0.8071355431967394
Glyma.11G060600.Wm82.a4.v1,0.8070100588270726
Glyma.01G044100.Wm82.a4.v1,0.8069799425783525
Glyma.07G084500.Wm82.a4.v1,0.8069749232035658
Glyma.05G210400.Wm82.a4.v1,0.8068845744574056
Glyma.13G333700.Wm82.a4.v1,0.8068544582086855
Glyma.12G086800.Wm82.a4.v1,0.8068343807095388
Glyma.10G130800.Wm82.a4.v1,0.8068143032103922
Glyma.19G036800.Wm82.a4.v1,0.8068092838356055
Glyma.02G235800.Wm82.a4.v1,0.8068042644608188
Glyma.02G209100.Wm82.a4.v1,0.8067741482120987
Glyma.06G193900.Wm82.a4.v1,0.806769128837312
Glyma.03G192900.Wm82.a4.v1,0.8067440319633786
Glyma.05G085200.Wm82.a4.v1,0.8067289738390186
Glyma.02G068000.Wm82.a4.v1,0.8067088963398719
Glyma.10G020800.Wm82.a4.v1,0.8067088963398719
Glyma.03G121300.Wm82.a4.v1,0.8066938382155119
Glyma.17G192200.Wm82.a4.v1,0.8066737607163652
Glyma.11G111200.Wm82.a4.v1,0.8066637219667918
Glyma.17G125500.Wm82.a4.v1,0.8066536832172184
Glyma.04G246800.Wm82.a4.v1,0.8066511735298251
Glyma.05G229400.Wm82.a4.v1,0.8066436444676451
Glyma.13G279400.Wm82.a4.v1,0.806628586343285
Glyma.04G058900.Wm82.a4.v1,0.8066185475937118
Glyma.12G098300.Wm82.a4.v1,0.806583411970205
Glyma.11G253000.Wm82.a4.v1,0.8065733732206316
Glyma.08G295500.Wm82.a4.v1,0.8065432569719115
Glyma.12G073300.Wm82.a4.v1,0.8065031019736182
Glyma.06G178000.Wm82.a4.v1,0.8064679663501114
Glyma.10G005000.Wm82.a4.v1,0.8064378501013914
Glyma.07G012000.Wm82.a4.v1,0.8064227919770314
Glyma.10G252400.Wm82.a4.v1,0.806412753227458
Glyma.07G129600.Wm82.a4.v1,0.806397695103098
Glyma.06G106900.Wm82.a4.v1,0.8063876563535246
Glyma.04G193100.Wm82.a4.v1,0.8063675788543779
Glyma.06G097800.Wm82.a4.v1,0.8063625594795912
Glyma.13G071800.Wm82.a4.v1,0.8063525207300178
Glyma.11G081800.Wm82.a4.v1,0.8062822494830044
Glyma.19G065600.Wm82.a4.v1,0.8062822494830044
Glyma.10G289600.Wm82.a4.v1,0.8062320557351377
Glyma.04G192600.Wm82.a4.v1,0.8062220169855643
Glyma.05G029200.Wm82.a4.v1,0.8061818619872708
Glyma.02G233700.Wm82.a4.v1,0.8061216294898308
Glyma.13G221300.Wm82.a4.v1,0.8060764551167506
Glyma.07G012400.Wm82.a4.v1,0.8060764551167506
Glyma.02G003200.Wm82.a4.v1,0.8060714357419639
Glyma.08G121900.Wm82.a4.v1,0.8060664163671774
Glyma.04G224700.Wm82.a4.v1,0.8060664163671774
Glyma.13G335100.Wm82.a4.v1,0.8060262613688839
Glyma.11G053800.Wm82.a4.v1,0.8060162226193105
Glyma.14G020100.Wm82.a4.v1,0.8060162226193105
Glyma.09G060200.Wm82.a4.v1,0.8060011644949505
Glyma.03G035400.Wm82.a4.v1,0.8059961451201638
Glyma.05G132600.Wm82.a4.v1,0.8059359126227237
Glyma.03G133900.Wm82.a4.v1,0.805930893247937
Glyma.03G058200.Wm82.a4.v1,0.8058656413757103
Glyma.03G141200.Wm82.a4.v1,0.8058606220009236
Glyma.07G010200.Wm82.a4.v1,0.8058455638765636
Glyma.16G015600.Wm82.a4.v1,0.8058405445017769
Glyma.08G004200.Wm82.a4.v1,0.8058355251269902
Glyma.19G182000.Wm82.a4.v1,0.8058355251269902
Glyma.01G244900.Wm82.a4.v1,0.8057602345051901
Glyma.01G062300.Wm82.a4.v1,0.80574517638083
Glyma.16G156200.Wm82.a4.v1,0.8056799245086033
Glyma.19G046300.Wm82.a4.v1,0.8056799245086033
Glyma.07G190300.Wm82.a4.v1,0.8056297307607364
Glyma.03G039500.Wm82.a4.v1,0.8056297307607364
Glyma.15G118800.Wm82.a4.v1,0.805604633886803
Glyma.04G192200.Wm82.a4.v1,0.805574517638083
Glyma.07G152800.Wm82.a4.v1,0.8055393820145763
Glyma.07G027200.Wm82.a4.v1,0.8055343626397896
Glyma.12G143501.Wm82.a4.v1,0.8055042463910695
Glyma.20G052400.Wm82.a4.v1,0.8054992270162828
Glyma.19G172700.Wm82.a4.v1,0.8054590720179894
Glyma.17G089200.Wm82.a4.v1,0.8054138976449093
Glyma.04G018100.Wm82.a4.v1,0.805403858895336
Glyma.10G155000.Wm82.a4.v1,0.8053335876483225
Glyma.07G073300.Wm82.a4.v1,0.8052633164013091
Glyma.15G170700.Wm82.a4.v1,0.8052382195273756
Glyma.02G095900.Wm82.a4.v1,0.8051930451542956
Glyma.13G356100.Wm82.a4.v1,0.8051880257795089
Glyma.09G234600.Wm82.a4.v1,0.8051378320316421
Glyma.10G149200.Wm82.a4.v1,0.8051277932820687
Glyma.09G273100.Wm82.a4.v1,0.8051252835946755
Glyma.03G142300.Wm82.a4.v1,0.8050374445359086
Glyma.13G367700.Wm82.a4.v1,0.805032425161122
Glyma.20G134100.Wm82.a4.v1,0.8049521151645351
Glyma.06G117500.Wm82.a4.v1,0.8047965145461481
Glyma.17G129200.Wm82.a4.v1,0.8047362820487081
Glyma.11G133600.Wm82.a4.v1,0.8046358945529745
Glyma.12G193000.Wm82.a4.v1,0.8046308751781878
Glyma.11G128100.Wm82.a4.v1,0.8046158170538278
Glyma.14G166000.Wm82.a4.v1,0.8046057783042544
Glyma.01G194900.Wm82.a4.v1,0.8045907201798944
Glyma.01G180100.Wm82.a4.v1,0.8045756620555343
Glyma.07G078900.Wm82.a4.v1,0.804565623305961
Glyma.17G037600.Wm82.a4.v1,0.8045405264320277
Glyma.20G139000.Wm82.a4.v1,0.8044652358102274
Glyma.18G029500.Wm82.a4.v1,0.8044551970606542
Glyma.13G106200.Wm82.a4.v1,0.8044501776858675
Glyma.17G075200.Wm82.a4.v1,0.8044075130001807
Glyma.07G152300.Wm82.a4.v1,0.8044050033127874
Glyma.04G177700.Wm82.a4.v1,0.8043899451884273
Glyma.13G107400.Wm82.a4.v1,0.8042544220691871
Glyma.07G168500.Wm82.a4.v1,0.804246893007007
Glyma.19G044700.Wm82.a4.v1,0.8042142670708936
Glyma.05G248900.Wm82.a4.v1,0.8041439958238802
Glyma.14G080600.Wm82.a4.v1,0.8041138795751601
Glyma.12G028300.Wm82.a4.v1,0.8040988214508001
Glyma.13G051200.Wm82.a4.v1,0.8040486277029333
Glyma.19G045202.Wm82.a4.v1,0.8040185114542132
Glyma.03G245900.Wm82.a4.v1,0.8039733370811332
Glyma.14G010300.Wm82.a4.v1,0.8039482402071998
Glyma.17G078400.Wm82.a4.v1,0.8039030658341197
Glyma.07G184800.Wm82.a4.v1,0.8038880077097597
Glyma.03G140500.Wm82.a4.v1,0.8038277752123195
Glyma.15G152000.Wm82.a4.v1,0.8038127170879595
Glyma.04G112700.Wm82.a4.v1,0.8038076977131728
Glyma.07G031600.Wm82.a4.v1,0.8037976589635994
Glyma.08G291500.Wm82.a4.v1,0.8037775814644528
Glyma.20G188900.Wm82.a4.v1,0.8037123295922259
Glyma.10G150800.Wm82.a4.v1,0.8036520970947859
Glyma.12G024600.Wm82.a4.v1,0.8036219808460658
Glyma.02G216200.Wm82.a4.v1,0.8036169614712791
Glyma.14G177300.Wm82.a4.v1,0.8036069227217058
Glyma.08G331400.Wm82.a4.v1,0.803601903346919
Glyma.15G075100.Wm82.a4.v1,0.8035617483486257
Glyma.U032705.Wm82.a4.v1,0.803541670849479
Glyma.13G278900.Wm82.a4.v1,0.8035316320999056
Glyma.19G260900.Wm82.a4.v1,0.803511554600759
Glyma.09G111300.Wm82.a4.v1,0.8034764189772522
Glyma.05G153800.Wm82.a4.v1,0.8034362639789587
Glyma.03G013550.Wm82.a4.v1,0.8034312446041721
Glyma.12G028400.Wm82.a4.v1,0.8034011283554521
Glyma.19G136000.Wm82.a4.v1,0.8033760314815187
Glyma.02G296400.Wm82.a4.v1,0.803371012106732
Glyma.02G253200.Wm82.a4.v1,0.8033609733571586
Glyma.02G045800.Wm82.a4.v1,0.8033559539823719
Glyma.08G213900.Wm82.a4.v1,0.8033509346075853
Glyma.10G101800.Wm82.a4.v1,0.8033007408597185
Glyma.09G018300.Wm82.a4.v1,0.8032957214849319
Glyma.07G151400.Wm82.a4.v1,0.8032856827353585
Glyma.09G134500.Wm82.a4.v1,0.8031903146144116
Glyma.04G256800.Wm82.a4.v1,0.8031601983656915
Glyma.16G125100.Wm82.a4.v1,0.8031551789909049
Glyma.10G220000.Wm82.a4.v1,0.8031501596161182
Glyma.07G037400.Wm82.a4.v1,0.8031049852430381
Glyma.01G054200.Wm82.a4.v1,0.8030849077438914
Glyma.18G267200.Wm82.a4.v1,0.803029694621238
Glyma.05G058000.Wm82.a4.v1,0.8030196558716646
Glyma.15G073100.Wm82.a4.v1,0.8029744814985845
Glyma.08G133700.Wm82.a4.v1,0.8029192683759311
Glyma.14G163200.Wm82.a4.v1,0.8029167586885377
Glyma.19G211500.Wm82.a4.v1,0.8028991908767844
Glyma.05G143700.Wm82.a4.v1,0.8028991908767844
Glyma.14G160600.Wm82.a4.v1,0.8028188808801976
Glyma.04G198900.Wm82.a4.v1,0.8028038227558375
Glyma.17G102200.Wm82.a4.v1,0.8027837452566908
Glyma.14G221700.Wm82.a4.v1,0.8027310418214307
Glyma.15G276700.Wm82.a4.v1,0.8026682996365972
Glyma.10G014900.Wm82.a4.v1,0.8026532415122373
Glyma.20G158500.Wm82.a4.v1,0.8026482221374506
Glyma.03G157200.Wm82.a4.v1,0.8026331640130905
Glyma.10G082800.Wm82.a4.v1,0.8026231252635172
Glyma.14G196600.Wm82.a4.v1,0.8025729315156505
Glyma.16G029000.Wm82.a4.v1,0.8025528540165037
Glyma.09G240600.Wm82.a4.v1,0.8025428152669304
Glyma.13G212900.Wm82.a4.v1,0.8025428152669304
Glyma.15G276800.Wm82.a4.v1,0.8024173308972634
Glyma.01G151300.Wm82.a4.v1,0.8023821952737566
Glyma.01G209200.Wm82.a4.v1,0.8022366334049431
Glyma.19G116600.Wm82.a4.v1,0.8022316140301564
Glyma.03G210600.Wm82.a4.v1,0.8022014977814363
Glyma.14G017700.Wm82.a4.v1,0.8021713815327163
Glyma.10G277800.Wm82.a4.v1,0.8021462846587829
Glyma.13G104400.Wm82.a4.v1,0.8021161684100628
Glyma.10G228700.Wm82.a4.v1,0.8020860521613428
Glyma.17G082000.Wm82.a4.v1,0.8020659746621961
Glyma.08G127200.Wm82.a4.v1,0.801990684040396
Glyma.10G001600.Wm82.a4.v1,0.8019806452908226
Glyma.06G236700.Wm82.a4.v1,0.8019630774790693
Glyma.13G036000.Wm82.a4.v1,0.8019404902925291
Glyma.18G032100.Wm82.a4.v1,0.8019404902925291
Glyma.02G081200.Wm82.a4.v1,0.8019254321681691
Glyma.03G194000.Wm82.a4.v1,0.8019153934185957
Glyma.18G031100.Wm82.a4.v1,0.8019053546690225
Glyma.08G161400.Wm82.a4.v1,0.801865199670729
Glyma.02G273000.Wm82.a4.v1,0.8018250446724356
Glyma.10G219400.Wm82.a4.v1,0.8017949284237156
Glyma.20G211200.Wm82.a4.v1,0.8017798702993555
Glyma.11G094700.Wm82.a4.v1,0.8016995603027687
Glyma.10G276500.Wm82.a4.v1,0.8016292890557553
Glyma.10G038400.Wm82.a4.v1,0.8016292890557553
Glyma.18G045000.Wm82.a4.v1,0.8015891340574618
Glyma.16G025500.Wm82.a4.v1,0.8015439596843817
Glyma.10G162000.Wm82.a4.v1,0.801538940309595
Glyma.10G222100.Wm82.a4.v1,0.8015188628104484
Glyma.08G322800.Wm82.a4.v1,0.8014435721886481
Glyma.13G188300.Wm82.a4.v1,0.8014385528138616
Glyma.14G088300.Wm82.a4.v1,0.8014234946895015
Glyma.02G138100.Wm82.a4.v1,0.8014034171903548
Glyma.14G085300.Wm82.a4.v1,0.8013833396912081
Glyma.16G074800.Wm82.a4.v1,0.8013030296946212
Glyma.10G064600.Wm82.a4.v1,0.8012879715702612
Glyma.04G160900.Wm82.a4.v1,0.8012227196980344
Glyma.18G185200.Wm82.a4.v1,0.8011574678258077
Glyma.16G198500.Wm82.a4.v1,0.8011373903266609
Glyma.04G170400.Wm82.a4.v1,0.8011273515770876
Glyma.18G216800.Wm82.a4.v1,0.8010570803300741
Glyma.18G000300.Wm82.a4.v1,0.801026964081354
Glyma.15G136900.Wm82.a4.v1,0.8010219447065674
Glyma.05G020900.Wm82.a4.v1,0.8010169253317807
Glyma.15G003500.Wm82.a4.v1,0.801011905956994
Glyma.13G055400.Wm82.a4.v1,0.8009968478326339
Glyma.07G112600.Wm82.a4.v1,0.800966731583914
Glyma.11G243500.Wm82.a4.v1,0.8009516734595539
Glyma.20G241400.Wm82.a4.v1,0.8008814022125404
Glyma.14G011300.Wm82.a4.v1,0.8008563053386071
Glyma.16G207200.Wm82.a4.v1,0.8008312084646736
Glyma.04G078300.Wm82.a4.v1,0.800826189089887
Glyma.05G064050.Wm82.a4.v1,0.8008161503403136
Glyma.09G225700.Wm82.a4.v1,0.8007810147168068
Glyma.01G187900.Wm82.a4.v1,0.8007759953420202
Glyma.16G111200.Wm82.a4.v1,0.8007709759672336
Glyma.17G220700.Wm82.a4.v1,0.8007458790933001
Glyma.20G209400.Wm82.a4.v1,0.8007408597185135
Glyma.08G214500.Wm82.a4.v1,0.8007358403437268
Glyma.10G280000.Wm82.a4.v1,0.8007308209689401
Glyma.06G183300.Wm82.a4.v1,0.8007308209689401
Glyma.14G041800.Wm82.a4.v1,0.8007258015941534
Glyma.09G156600.Wm82.a4.v1,0.8007107434697934
Glyma.19G158700.Wm82.a4.v1,0.8007057240950067
Glyma.17G246600.Wm82.a4.v1,0.80070070472022
Glyma.15G033500.Wm82.a4.v1,0.8006454915975666
Glyma.10G218800.Wm82.a4.v1,0.8006354528479932
Glyma.14G205500.Wm82.a4.v1,0.8006103559740598
Glyma.13G162900.Wm82.a4.v1,0.8006053365992732
Glyma.U032005.Wm82.a4.v1,0.8005702009757665
Glyma.20G104200.Wm82.a4.v1,0.8005601622261931
Glyma.02G223000.Wm82.a4.v1,0.8005501234766198
Glyma.17G160600.Wm82.a4.v1,0.8005350653522597
Glyma.12G171700.Wm82.a4.v1,0.800514987853113
Glyma.16G073100.Wm82.a4.v1,0.8004647941052463
Glyma.02G040600.Wm82.a4.v1,0.8004597747304596
Glyma.07G128100.Wm82.a4.v1,0.8004497359808862
Glyma.11G189500.Wm82.a4.v1,0.8004321681691329
Glyma.17G213700.Wm82.a4.v1,0.8003995422330195
Glyma.14G008500.Wm82.a4.v1,0.8003744453590861
Glyma.12G096600.Wm82.a4.v1,0.8003493484851527
Glyma.06G166600.Wm82.a4.v1,0.8003342903607926
Glyma.17G240400.Wm82.a4.v1,0.8003242516112193
Glyma.18G077700.Wm82.a4.v1,0.8003192322364326
Glyma.15G256000.Wm82.a4.v1,0.8003041741120726
Glyma.04G213700.Wm82.a4.v1,0.8002790772381392
Glyma.12G188200.Wm82.a4.v1,0.8002690384885659
Glyma.11G011100.Wm82.a4.v1,0.8002439416146325
Glyma.17G211700.Wm82.a4.v1,0.8001887284919791
Glyma.02G099300.Wm82.a4.v1,0.8001786897424057
Glyma.10G014800.Wm82.a4.v1,0.8001535928684723
Glyma.06G101500.Wm82.a4.v1,0.8001134378701789
Glyma.08G053100.Wm82.a4.v1,0.8000180697492321
Glyma.04G182900.Wm82.a4.v1,0.7999628566265786
Glyma.15G008200.Wm82.a4.v1,0.7999126628787119
Glyma.20G245800.Wm82.a4.v1,0.7998925853795651
Glyma.08G202000.Wm82.a4.v1,0.7998875660047784
Glyma.07G220500.Wm82.a4.v1,0.7998875660047784
Glyma.19G200400.Wm82.a4.v1,0.7998875660047784
Glyma.06G307000.Wm82.a4.v1,0.799832352882125
Glyma.09G152300.Wm82.a4.v1,0.7997972172586183
Glyma.16G093900.Wm82.a4.v1,0.7997319653863915
Glyma.12G039900.Wm82.a4.v1,0.7997269460116048
Glyma.20G115100.Wm82.a4.v1,0.7996365972654447
Glyma.08G084600.Wm82.a4.v1,0.7996014616419379
Glyma.09G245000.Wm82.a4.v1,0.7995261710201377
Glyma.13G108600.Wm82.a4.v1,0.7995211516453511
Glyma.02G050700.Wm82.a4.v1,0.799506093520991
Glyma.14G083100.Wm82.a4.v1,0.7994458610235509
Glyma.19G077800.Wm82.a4.v1,0.7993504929026041
Glyma.08G009800.Wm82.a4.v1,0.7993454735278174
Glyma.18G057100.Wm82.a4.v1,0.7992701829060173
Glyma.17G255500.Wm82.a4.v1,0.7992601441564439
Glyma.06G231500.Wm82.a4.v1,0.7992049310337904
Glyma.08G320300.Wm82.a4.v1,0.7991848535346437
Glyma.04G028500.Wm82.a4.v1,0.799179834159857
Glyma.18G111200.Wm82.a4.v1,0.7990945047884835
Glyma.01G234600.Wm82.a4.v1,0.7990593691649768
Glyma.13G135900.Wm82.a4.v1,0.7990392916658301
Glyma.16G008900.Wm82.a4.v1,0.7990242335414701
Glyma.11G096400.Wm82.a4.v1,0.7990041560423233
Glyma.04G001600.Wm82.a4.v1,0.79897905916839
Glyma.16G220200.Wm82.a4.v1,0.7988485554239364
Glyma.07G056300.Wm82.a4.v1,0.7988435360491497
Glyma.18G129800.Wm82.a4.v1,0.7988134198004296
Glyma.17G036600.Wm82.a4.v1,0.7987506776155961
Glyma.07G037000.Wm82.a4.v1,0.7986879354307628
Glyma.17G018200.Wm82.a4.v1,0.7986829160559761
Glyma.17G127400.Wm82.a4.v1,0.7986728773064027
Glyma.09G271600.Wm82.a4.v1,0.798652799807256
Glyma.08G263800.Wm82.a4.v1,0.7986327223081093
Glyma.07G103400.Wm82.a4.v1,0.7986126448089625
Glyma.19G242200.Wm82.a4.v1,0.7985975866846026
Glyma.16G150900.Wm82.a4.v1,0.7985674704358825
Glyma.19G067800.Wm82.a4.v1,0.7985323348123757
Glyma.15G100700.Wm82.a4.v1,0.7984971991888691
Glyma.01G010900.Wm82.a4.v1,0.7984771216897223
Glyma.11G134200.Wm82.a4.v1,0.7984570441905756
Glyma.19G150300.Wm82.a4.v1,0.7984369666914289
Glyma.08G298900.Wm82.a4.v1,0.7984319473166422
Glyma.16G047400.Wm82.a4.v1,0.7983616760696287
Glyma.05G183100.Wm82.a4.v1,0.7983315598209088
Glyma.14G175800.Wm82.a4.v1,0.7982813660730419
Glyma.11G101700.Wm82.a4.v1,0.7982763466982553
Glyma.06G158600.Wm82.a4.v1,0.7982211335756019
Glyma.19G210600.Wm82.a4.v1,0.7982060754512418
Glyma.03G158766.Wm82.a4.v1,0.798170939827735
Glyma.09G158400.Wm82.a4.v1,0.7981659204529484
Glyma.04G123500.Wm82.a4.v1,0.7981609010781617
Glyma.15G128400.Wm82.a4.v1,0.7981157267050816
Glyma.02G035800.Wm82.a4.v1,0.798110707330295
Glyma.15G006900.Wm82.a4.v1,0.7981056879555083
Glyma.06G168700.Wm82.a4.v1,0.7980856104563615
Glyma.14G159100.Wm82.a4.v1,0.7980404360832815
Glyma.17G119300.Wm82.a4.v1,0.7980404360832815
Glyma.18G227200.Wm82.a4.v1,0.7979651454614813
Glyma.12G228400.Wm82.a4.v1,0.7979601260866946
Glyma.19G167500.Wm82.a4.v1,0.7979199710884012
Glyma.13G210700.Wm82.a4.v1,0.7978998935892545
Glyma.10G251800.Wm82.a4.v1,0.7978948742144678
Glyma.01G218400.Wm82.a4.v1,0.7978898548396812
Glyma.13G326800.Wm82.a4.v1,0.7978747967153211
Glyma.18G092600.Wm82.a4.v1,0.7978446804666011
Glyma.11G154900.Wm82.a4.v1,0.7977944867187343
Glyma.19G153200.Wm82.a4.v1,0.7977794285943743
Glyma.09G217300.Wm82.a4.v1,0.7977342542212942
Glyma.16G189000.Wm82.a4.v1,0.7975886923524805
Glyma.16G216200.Wm82.a4.v1,0.7975686148533339
Glyma.06G261500.Wm82.a4.v1,0.7975435179794005
Glyma.04G194800.Wm82.a4.v1,0.7974481498584536
Glyma.02G111800.Wm82.a4.v1,0.797443130483667
Glyma.04G167200.Wm82.a4.v1,0.7974180336097336
Glyma.19G049200.Wm82.a4.v1,0.7974180336097336
Glyma.15G167100.Wm82.a4.v1,0.7973828979862269
Glyma.19G211100.Wm82.a4.v1,0.7973377236131467
Glyma.06G026100.Wm82.a4.v1,0.7972825104904933
Glyma.20G238700.Wm82.a4.v1,0.79727247174092
Glyma.17G143500.Wm82.a4.v1,0.7972473748669866
Glyma.06G007500.Wm82.a4.v1,0.7972122392434798
Glyma.11G075500.Wm82.a4.v1,0.7972022004939064
Glyma.16G076500.Wm82.a4.v1,0.7971971811191199
Glyma.03G214900.Wm82.a4.v1,0.7971821229947598
Glyma.07G036000.Wm82.a4.v1,0.797131929246893
Glyma.17G167900.Wm82.a4.v1,0.7970967936233863
Glyma.20G099500.Wm82.a4.v1,0.7970566386250929
Glyma.07G206300.Wm82.a4.v1,0.7970164836267994
Glyma.01G236600.Wm82.a4.v1,0.797006444877226
Glyma.13G289800.Wm82.a4.v1,0.7969964061276528
Glyma.01G216500.Wm82.a4.v1,0.7969913867528661
Glyma.19G166100.Wm82.a4.v1,0.7968759411327725
Glyma.10G186400.Wm82.a4.v1,0.7968659023831991
Glyma.17G191000.Wm82.a4.v1,0.7968357861344791
Glyma.04G209900.Wm82.a4.v1,0.7968056698857591
Glyma.10G230000.Wm82.a4.v1,0.7967404180135322
Glyma.20G223000.Wm82.a4.v1,0.7966852048908788
Glyma.05G129300.Wm82.a4.v1,0.7966801855160921
Glyma.13G142500.Wm82.a4.v1,0.7966701467665188
Glyma.06G095900.Wm82.a4.v1,0.7966550886421587
Glyma.18G024800.Wm82.a4.v1,0.796650069267372
Glyma.10G121536.Wm82.a4.v1,0.7966299917682254
Glyma.16G182500.Wm82.a4.v1,0.7965848173951453
Glyma.14G009600.Wm82.a4.v1,0.7965697592707852
Glyma.05G195300.Wm82.a4.v1,0.796434236151545
Glyma.19G162000.Wm82.a4.v1,0.7963790230288915
Glyma.18G011200.Wm82.a4.v1,0.7963639649045315
Glyma.16G043700.Wm82.a4.v1,0.7963589455297448
Glyma.09G195400.Wm82.a4.v1,0.7963187905314514
Glyma.13G080900.Wm82.a4.v1,0.7962535386592247
Glyma.03G250400.Wm82.a4.v1,0.7962460095970446
Glyma.15G251500.Wm82.a4.v1,0.796123034914771
Glyma.10G083300.Wm82.a4.v1,0.7960878992912643
Glyma.06G171000.Wm82.a4.v1,0.7960377055433975
Glyma.19G160600.Wm82.a4.v1,0.7959774730459575
Glyma.10G019000.Wm82.a4.v1,0.7959473567972374
Glyma.19G078200.Wm82.a4.v1,0.7959222599233039
Glyma.13G218700.Wm82.a4.v1,0.7958921436745839
Glyma.17G201400.Wm82.a4.v1,0.7958720661754372
Glyma.13G303500.Wm82.a4.v1,0.7958570080510772
Glyma.07G045600.Wm82.a4.v1,0.795751601180557
Glyma.14G154600.Wm82.a4.v1,0.7956913686831169
Glyma.07G263200.Wm82.a4.v1,0.7956863493083302
Glyma.10G071200.Wm82.a4.v1,0.7956160780613167
Glyma.11G175400.Wm82.a4.v1,0.7956060393117433
Glyma.17G123700.Wm82.a4.v1,0.79559600056217
Glyma.04G071400.Wm82.a4.v1,0.7955508261890899
Glyma.13G054500.Wm82.a4.v1,0.7955257293151565
Glyma.11G240300.Wm82.a4.v1,0.7954855743168631
Glyma.03G242900.Wm82.a4.v1,0.7954604774429297
Glyma.14G005900.Wm82.a4.v1,0.795440399943783
Glyma.06G177700.Wm82.a4.v1,0.7954153030698496
Glyma.20G021900.Wm82.a4.v1,0.7954052643202763
Glyma.16G155300.Wm82.a4.v1,0.7953701286967695
Glyma.18G015700.Wm82.a4.v1,0.7953701286967695
Glyma.08G218600.Wm82.a4.v1,0.7953249543236894
Glyma.04G054000.Wm82.a4.v1,0.7952948380749694
Glyma.15G134900.Wm82.a4.v1,0.7952597024514626
Glyma.08G284700.Wm82.a4.v1,0.7952145280783826
Glyma.15G097500.Wm82.a4.v1,0.7952145280783826
Glyma.03G116900.Wm82.a4.v1,0.7951994699540226
Glyma.18G116300.Wm82.a4.v1,0.7951844118296625
Glyma.20G246800.Wm82.a4.v1,0.7951492762061557
Glyma.13G310202.Wm82.a4.v1,0.7951191599574357
Glyma.19G195100.Wm82.a4.v1,0.7950539080852089
Glyma.19G076500.Wm82.a4.v1,0.7949836368381954
Glyma.06G305800.Wm82.a4.v1,0.7949685787138354
Glyma.09G052200.Wm82.a4.v1,0.794928423715542
Glyma.04G179300.Wm82.a4.v1,0.7949234043407554
Glyma.05G208000.Wm82.a4.v1,0.7949083462163953
Glyma.10G158800.Wm82.a4.v1,0.7946975324753549
Glyma.06G184600.Wm82.a4.v1,0.794587106230048
Glyma.15G104300.Wm82.a4.v1,0.7944766799847411
Glyma.14G089042.Wm82.a4.v1,0.7944766799847411
Glyma.11G106400.Wm82.a4.v1,0.7944465637360211
Glyma.20G011700.Wm82.a4.v1,0.7944064087377276
Glyma.02G021600.Wm82.a4.v1,0.7943562149898609
Glyma.09G086100.Wm82.a4.v1,0.7943562149898609
Glyma.01G109100.Wm82.a4.v1,0.7942809243680607
Glyma.07G096600.Wm82.a4.v1,0.7942558274941274
Glyma.14G118200.Wm82.a4.v1,0.7941152850001004
Glyma.06G010400.Wm82.a4.v1,0.7940701106270203
Glyma.11G112600.Wm82.a4.v1,0.7940299556287269
Glyma.20G023800.Wm82.a4.v1,0.7940249362539402
Glyma.18G132700.Wm82.a4.v1,0.7939295681329933
Glyma.07G206500.Wm82.a4.v1,0.7939245487582067
Glyma.08G108600.Wm82.a4.v1,0.7938944325094867
Glyma.15G018800.Wm82.a4.v1,0.7938693356355533
Glyma.07G119900.Wm82.a4.v1,0.7937940450137531
Glyma.10G102200.Wm82.a4.v1,0.7937689481398197
Glyma.02G202500.Wm82.a4.v1,0.793703696267593
Glyma.13G076600.Wm82.a4.v1,0.7936735800188729
Glyma.04G008900.Wm82.a4.v1,0.7936685606440862
Glyma.07G185700.Wm82.a4.v1,0.7936685606440862
Glyma.08G094900.Wm82.a4.v1,0.7936434637701528
Glyma.13G254300.Wm82.a4.v1,0.7936284056457927
Glyma.08G211800.Wm82.a4.v1,0.793623386271006
Glyma.20G134700.Wm82.a4.v1,0.7936033087718594
Glyma.05G207700.Wm82.a4.v1,0.793563153773566
Glyma.04G092700.Wm82.a4.v1,0.7935430762744192
Glyma.13G101600.Wm82.a4.v1,0.7934226112795391
Glyma.05G185800.Wm82.a4.v1,0.7934175919047524
Glyma.06G208100.Wm82.a4.v1,0.7933824562812456
Glyma.19G028200.Wm82.a4.v1,0.7933673981568856
Glyma.10G064200.Wm82.a4.v1,0.7933523400325255
Glyma.10G099700.Wm82.a4.v1,0.7933423012829522
Glyma.09G025400.Wm82.a4.v1,0.793267010661152
Glyma.16G008700.Wm82.a4.v1,0.7932168169132853
Glyma.02G241000.Wm82.a4.v1,0.7931616037906318
Glyma.15G252000.Wm82.a4.v1,0.7931515650410584
Glyma.14G154900.Wm82.a4.v1,0.7931013712931917
Glyma.18G229200.Wm82.a4.v1,0.7930210612966049
Glyma.12G223300.Wm82.a4.v1,0.7930110225470316
Glyma.19G184800.Wm82.a4.v1,0.7929708675487381
Glyma.02G108600.Wm82.a4.v1,0.7929708675487381
Glyma.07G102200.Wm82.a4.v1,0.7929658481739514
Glyma.16G058900.Wm82.a4.v1,0.7929407513000181
Glyma.08G315100.Wm82.a4.v1,0.7929156544260847
Glyma.08G029300.Wm82.a4.v1,0.7929056156765113
Glyma.13G205500.Wm82.a4.v1,0.7928754994277912
Glyma.08G058900.Wm82.a4.v1,0.7928504025538579
Glyma.12G050900.Wm82.a4.v1,0.7928504025538579
Glyma.06G032200.Wm82.a4.v1,0.7928303250547112
Glyma.08G210000.Wm82.a4.v1,0.7927801313068444
Glyma.06G004800.Wm82.a4.v1,0.7927198988094043
Glyma.07G088900.Wm82.a4.v1,0.7927148794346176
Glyma.12G155300.Wm82.a4.v1,0.7926747244363243
Glyma.20G198402.Wm82.a4.v1,0.7926144919388841
Glyma.17G233100.Wm82.a4.v1,0.7926094725640974
Glyma.11G127100.Wm82.a4.v1,0.792584375690164
Glyma.04G180800.Wm82.a4.v1,0.7924890075692171
Glyma.02G233300.Wm82.a4.v1,0.7924890075692171
Glyma.16G164700.Wm82.a4.v1,0.7924839881944306
Glyma.02G077200.Wm82.a4.v1,0.7924739494448572
Glyma.03G077300.Wm82.a4.v1,0.792413716947417
Glyma.15G236300.Wm82.a4.v1,0.7923886200734837
Glyma.18G137100.Wm82.a4.v1,0.7923233682012568
Glyma.02G088900.Wm82.a4.v1,0.7922581163290301
Glyma.19G137600.Wm82.a4.v1,0.7922179613307366
Glyma.06G240000.Wm82.a4.v1,0.7922129419559499
Glyma.14G060500.Wm82.a4.v1,0.7922079225811632
Glyma.16G146000.Wm82.a4.v1,0.7921928644568033
Glyma.11G086100.Wm82.a4.v1,0.7921527094585098
Glyma.17G201300.Wm82.a4.v1,0.7921175738350031
Glyma.13G204700.Wm82.a4.v1,0.7921125544602164
Glyma.20G064100.Wm82.a4.v1,0.7921075350854297
Glyma.12G066000.Wm82.a4.v1,0.7920824382114964
Glyma.05G068500.Wm82.a4.v1,0.7920272250888429
Glyma.04G228800.Wm82.a4.v1,0.7919720119661895
Glyma.06G046400.Wm82.a4.v1,0.7919619732166161
Glyma.06G046000.Wm82.a4.v1,0.7919218182183227
Glyma.10G178900.Wm82.a4.v1,0.7919067600939627
Glyma.16G204100.Wm82.a4.v1,0.7918967213443894
Glyma.12G155700.Wm82.a4.v1,0.7918816632200293
Glyma.04G069200.Wm82.a4.v1,0.7918816632200293
Glyma.05G157800.Wm82.a4.v1,0.7918565663460959
Glyma.17G058000.Wm82.a4.v1,0.7918214307225891
Glyma.02G272400.Wm82.a4.v1,0.7918164113478026
Glyma.11G103100.Wm82.a4.v1,0.7918113919730159
Glyma.05G165600.Wm82.a4.v1,0.7918013532234425
Glyma.15G134800.Wm82.a4.v1,0.7917662175999357
Glyma.13G312300.Wm82.a4.v1,0.7917260626016424
Glyma.07G016700.Wm82.a4.v1,0.7917059851024957
Glyma.11G082000.Wm82.a4.v1,0.7917059851024957
Glyma.16G196900.Wm82.a4.v1,0.7916959463529223
Glyma.04G139400.Wm82.a4.v1,0.7916859076033489
Glyma.09G131100.Wm82.a4.v1,0.7916256751059088
Glyma.14G220000.Wm82.a4.v1,0.7915353263597487
Glyma.06G127800.Wm82.a4.v1,0.7915001907362419
Glyma.01G168200.Wm82.a4.v1,0.7914550163631618
Glyma.11G093000.Wm82.a4.v1,0.7913947838657217
Glyma.05G225700.Wm82.a4.v1,0.791374706366575
Glyma.19G190900.Wm82.a4.v1,0.7913696869917883
Glyma.14G199400.Wm82.a4.v1,0.7913646676170016
Glyma.07G091166.Wm82.a4.v1,0.7913546288674282
Glyma.19G233000.Wm82.a4.v1,0.7913521191800349
Glyma.03G238300.Wm82.a4.v1,0.7913345513682816
Glyma.05G132100.Wm82.a4.v1,0.7913094544943482
Glyma.12G228600.Wm82.a4.v1,0.7912542413716948
Glyma.09G013700.Wm82.a4.v1,0.7912341638725481
Glyma.11G023700.Wm82.a4.v1,0.7912341638725481
Glyma.13G142000.Wm82.a4.v1,0.7911689120003212
Glyma.08G047100.Wm82.a4.v1,0.7911689120003212
Glyma.15G169200.Wm82.a4.v1,0.7911488345011746
Glyma.16G040500.Wm82.a4.v1,0.7911011504407011
Glyma.06G063400.Wm82.a4.v1,0.7910685245045878
Glyma.16G071000.Wm82.a4.v1,0.7910584857550144
Glyma.11G005500.Wm82.a4.v1,0.7910584857550144
Glyma.09G212100.Wm82.a4.v1,0.7910283695062943
Glyma.02G201500.Wm82.a4.v1,0.7909932338827875
Glyma.14G053000.Wm82.a4.v1,0.7909631176340675
Glyma.10G209100.Wm82.a4.v1,0.7909279820105608
Glyma.18G017000.Wm82.a4.v1,0.7909129238862007
Glyma.10G298200.Wm82.a4.v1,0.7908828076374806
Glyma.18G240500.Wm82.a4.v1,0.790722187644307
Glyma.13G363200.Wm82.a4.v1,0.7907121488947336
Glyma.08G365900.Wm82.a4.v1,0.7907121488947336
Glyma.10G088400.Wm82.a4.v1,0.7907121488947336
Glyma.03G198200.Wm82.a4.v1,0.790707129519947
Glyma.12G095900.Wm82.a4.v1,0.7907021101451603
Glyma.13G224500.Wm82.a4.v1,0.7906619551468669
Glyma.09G264100.Wm82.a4.v1,0.7906117613990001
Glyma.13G300300.Wm82.a4.v1,0.7905163932780532
Glyma.07G060800.Wm82.a4.v1,0.7904661995301865
Glyma.20G189200.Wm82.a4.v1,0.7904661995301865
Glyma.19G133000.Wm82.a4.v1,0.7904511414058265
Glyma.06G062600.Wm82.a4.v1,0.7904411026562531
Glyma.08G254000.Wm82.a4.v1,0.7904260445318931
Glyma.12G234000.Wm82.a4.v1,0.7904210251571064
Glyma.17G098000.Wm82.a4.v1,0.7903407151605196
Glyma.14G182400.Wm82.a4.v1,0.7903156182865863
Glyma.09G002100.Wm82.a4.v1,0.7903055795370129
Glyma.07G122300.Wm82.a4.v1,0.7903055795370129
Glyma.02G207000.Wm82.a4.v1,0.7903005601622262
Glyma.13G089700.Wm82.a4.v1,0.7902654245387195
Glyma.05G173100.Wm82.a4.v1,0.7902353082899994
Glyma.06G083900.Wm82.a4.v1,0.7902202501656393
Glyma.13G264400.Wm82.a4.v1,0.7902202501656393
Glyma.18G299500.Wm82.a4.v1,0.7902001726664927
Glyma.04G250400.Wm82.a4.v1,0.7901700564177726
Glyma.02G298400.Wm82.a4.v1,0.7901198626699059
Glyma.09G129000.Wm82.a4.v1,0.7900997851707592
Glyma.11G137300.Wm82.a4.v1,0.7900696689220391
Glyma.08G348500.Wm82.a4.v1,0.7900696689220391
Glyma.12G183000.Wm82.a4.v1,0.790024494548959
Glyma.03G125800.Wm82.a4.v1,0.7899893589254523
Glyma.17G161900.Wm82.a4.v1,0.7899843395506656
Glyma.14G154500.Wm82.a4.v1,0.7899692814263055
Glyma.07G102600.Wm82.a4.v1,0.7899542233019455
Glyma.18G281200.Wm82.a4.v1,0.7898789326801453
Glyma.09G072400.Wm82.a4.v1,0.7898488164314253
Glyma.12G013600.Wm82.a4.v1,0.7898136808079186
Glyma.20G005800.Wm82.a4.v1,0.7897986226835585
Glyma.20G183400.Wm82.a4.v1,0.7897961129961651
Glyma.09G236700.Wm82.a4.v1,0.7897785451844118
Glyma.11G117800.Wm82.a4.v1,0.7896781576886783
Glyma.08G047900.Wm82.a4.v1,0.7896681189391049
Glyma.20G184000.Wm82.a4.v1,0.789653060814745
Glyma.19G154500.Wm82.a4.v1,0.7896229445660249
Glyma.08G285600.Wm82.a4.v1,0.7895878089425181
Glyma.19G179700.Wm82.a4.v1,0.7895300861324713
Glyma.11G182600.Wm82.a4.v1,0.7895024795711446
Glyma.04G085200.Wm82.a4.v1,0.7894522858232779
Glyma.10G140900.Wm82.a4.v1,0.7894422470737045
Glyma.18G044200.Wm82.a4.v1,0.7894322083241312
Glyma.07G043700.Wm82.a4.v1,0.7894322083241312
Glyma.19G111200.Wm82.a4.v1,0.789409621137591
Glyma.12G192000.Wm82.a4.v1,0.789356917702331
Glyma.05G020300.Wm82.a4.v1,0.789341859577971
Glyma.05G087400.Wm82.a4.v1,0.7893017045796775
Glyma.18G002800.Wm82.a4.v1,0.7892464914570241
Glyma.16G005300.Wm82.a4.v1,0.7891862589595839
Glyma.13G225900.Wm82.a4.v1,0.7891461039612906
Glyma.13G271400.Wm82.a4.v1,0.7891310458369305
Glyma.10G238600.Wm82.a4.v1,0.7890657939647038
Glyma.20G086700.Wm82.a4.v1,0.7890607745899171
Glyma.19G206900.Wm82.a4.v1,0.7890406970907704
Glyma.19G133800.Wm82.a4.v1,0.788985483968117
Glyma.01G238200.Wm82.a4.v1,0.7889804645933303
Glyma.02G211700.Wm82.a4.v1,0.7889503483446102
Glyma.13G185000.Wm82.a4.v1,0.7889202320958901
Glyma.10G029800.Wm82.a4.v1,0.7889101933463167
Glyma.17G142500.Wm82.a4.v1,0.7889051739715301
Glyma.17G001700.Wm82.a4.v1,0.7888148252253699
Glyma.12G073100.Wm82.a4.v1,0.7887796896018632
Glyma.03G099400.Wm82.a4.v1,0.7887596121027165
Glyma.08G032500.Wm82.a4.v1,0.7887545927279298
Glyma.08G362400.Wm82.a4.v1,0.7887345152287831
Glyma.19G201300.Wm82.a4.v1,0.788674282731343
Glyma.05G082500.Wm82.a4.v1,0.788674282731343
Glyma.05G149800.Wm82.a4.v1,0.7886240889834762
Glyma.11G190400.Wm82.a4.v1,0.7886190696086895
Glyma.06G087700.Wm82.a4.v1,0.7885789146103961
Glyma.15G271300.Wm82.a4.v1,0.7885789146103961
Glyma.20G079600.Wm82.a4.v1,0.7885437789868894
Glyma.04G000400.Wm82.a4.v1,0.7885437789868894
Glyma.06G107400.Wm82.a4.v1,0.7885387596121027
Glyma.08G077100.Wm82.a4.v1,0.788533740237316
Glyma.18G120100.Wm82.a4.v1,0.7883982171180758
Glyma.15G216400.Wm82.a4.v1,0.788363081494569
Glyma.02G258200.Wm82.a4.v1,0.788348023370209
Glyma.06G271200.Wm82.a4.v1,0.788317907121489
Glyma.20G230700.Wm82.a4.v1,0.7882074808761821
Glyma.18G199800.Wm82.a4.v1,0.7881723452526753
Glyma.02G137700.Wm82.a4.v1,0.788154777440922
Glyma.15G171100.Wm82.a4.v1,0.7881221515048086
Glyma.14G075800.Wm82.a4.v1,0.7881171321300219
Glyma.08G182200.Wm82.a4.v1,0.7881121127552352
Glyma.10G019400.Wm82.a4.v1,0.7880819965065151
Glyma.12G181300.Wm82.a4.v1,0.7880669383821551
Glyma.15G219200.Wm82.a4.v1,0.7880167446342884
Glyma.14G192100.Wm82.a4.v1,0.788006705884715
Glyma.10G215300.Wm82.a4.v1,0.7879514927620616
Glyma.13G184800.Wm82.a4.v1,0.7879464733872749
Glyma.12G038100.Wm82.a4.v1,0.7879012990141948
Glyma.04G011900.Wm82.a4.v1,0.7878912602646214
Glyma.06G312500.Wm82.a4.v1,0.7878762021402614
Glyma.03G226400.Wm82.a4.v1,0.7878310277671813
Glyma.17G216000.Wm82.a4.v1,0.7877908727688879
Glyma.06G248900.Wm82.a4.v1,0.7877557371453812
Glyma.08G291000.Wm82.a4.v1,0.7877256208966611
Glyma.02G141500.Wm82.a4.v1,0.7875850784026341
Glyma.09G112500.Wm82.a4.v1,0.7875599815287008
Glyma.06G247200.Wm82.a4.v1,0.7875148071556207
Glyma.13G303700.Wm82.a4.v1,0.7874545746581806
Glyma.05G153500.Wm82.a4.v1,0.7874094002851005
Glyma.04G072300.Wm82.a4.v1,0.7874094002851005
Glyma.11G161400.Wm82.a4.v1,0.7873742646615938
Glyma.12G027300.Wm82.a4.v1,0.787293954665007
Glyma.13G136500.Wm82.a4.v1,0.7872788965406469
Glyma.10G117100.Wm82.a4.v1,0.7872387415423535
Glyma.08G130400.Wm82.a4.v1,0.7872036059188467
Glyma.01G152700.Wm82.a4.v1,0.7871734896701267
Glyma.04G103100.Wm82.a4.v1,0.78715341217098
Glyma.03G185300.Wm82.a4.v1,0.7871283152970466
Glyma.18G097300.Wm82.a4.v1,0.7870530246752464
Glyma.17G073700.Wm82.a4.v1,0.7870530246752464
Glyma.01G125900.Wm82.a4.v1,0.786982753428233
Glyma.08G111900.Wm82.a4.v1,0.7868873853072861
Glyma.16G218800.Wm82.a4.v1,0.7868773465577128
Glyma.03G166400.Wm82.a4.v1,0.7868773465577128
Glyma.02G072600.Wm82.a4.v1,0.7868522496837794
Glyma.09G029700.Wm82.a4.v1,0.786827152809846
Glyma.13G350600.Wm82.a4.v1,0.786827152809846
Glyma.06G135600.Wm82.a4.v1,0.7868171140602727
Glyma.07G207300.Wm82.a4.v1,0.7867920171863393
Glyma.01G051400.Wm82.a4.v1,0.7867719396871926
Glyma.11G012500.Wm82.a4.v1,0.7867418234384725
Glyma.15G072000.Wm82.a4.v1,0.7867117071897525
Glyma.08G087600.Wm82.a4.v1,0.7866765715662457
Glyma.05G235600.Wm82.a4.v1,0.7866615134418857
Glyma.12G112900.Wm82.a4.v1,0.7866514746923123
Glyma.01G045800.Wm82.a4.v1,0.7866012809444456
Glyma.09G284800.Wm82.a4.v1,0.7865510871965788
Glyma.06G154400.Wm82.a4.v1,0.7865209709478588
Glyma.06G112400.Wm82.a4.v1,0.7864707771999919
Glyma.03G008200.Wm82.a4.v1,0.7864306222016986
Glyma.05G234300.Wm82.a4.v1,0.7864205834521252
Glyma.15G139900.Wm82.a4.v1,0.7863503122051118
Glyma.15G060000.Wm82.a4.v1,0.7863503122051118
Glyma.12G230400.Wm82.a4.v1,0.7863452928303251
Glyma.18G292600.Wm82.a4.v1,0.786315176581605
Glyma.04G114800.Wm82.a4.v1,0.786300118457245
Glyma.05G054800.Wm82.a4.v1,0.7862950990824583
Glyma.14G131200.Wm82.a4.v1,0.7862900797076716
Glyma.10G192300.Wm82.a4.v1,0.7862800409580982
Glyma.11G063600.Wm82.a4.v1,0.7862750215833115
Glyma.18G179500.Wm82.a4.v1,0.7862449053345916
Glyma.02G096500.Wm82.a4.v1,0.7861997309615114
Glyma.19G208300.Wm82.a4.v1,0.7861947115867247
Glyma.17G024600.Wm82.a4.v1,0.7861947115867247
Glyma.06G069700.Wm82.a4.v1,0.7861846728371514
Glyma.12G224200.Wm82.a4.v1,0.7861696147127913
Glyma.09G242800.Wm82.a4.v1,0.786144517838858
Glyma.06G323600.Wm82.a4.v1,0.7861344790892847
Glyma.02G281700.Wm82.a4.v1,0.7861144015901379
Glyma.08G031800.Wm82.a4.v1,0.7861093822153512
Glyma.13G119600.Wm82.a4.v1,0.7861043628405646
Glyma.03G235700.Wm82.a4.v1,0.7860993434657779
Glyma.04G013900.Wm82.a4.v1,0.7860792659666312
Glyma.15G061300.Wm82.a4.v1,0.7860541690926978
Glyma.13G130200.Wm82.a4.v1,0.7859688397213244
Glyma.14G002700.Wm82.a4.v1,0.7859437428473909
Glyma.07G152700.Wm82.a4.v1,0.7858584134760175
Glyma.17G086600.Wm82.a4.v1,0.7858533941012308
Glyma.06G172700.Wm82.a4.v1,0.7858232778525107
Glyma.18G035500.Wm82.a4.v1,0.7857479872307105
Glyma.13G212200.Wm82.a4.v1,0.7857379484811372
Glyma.03G237100.Wm82.a4.v1,0.7857279097315638
Glyma.19G217900.Wm82.a4.v1,0.7857078322324171
Glyma.12G012400.Wm82.a4.v1,0.7857028128576304
Glyma.09G228100.Wm82.a4.v1,0.7856827353584838
Glyma.20G130900.Wm82.a4.v1,0.7856777159836971
Glyma.18G071300.Wm82.a4.v1,0.7856676772341237
Glyma.12G078500.Wm82.a4.v1,0.7855271347400967
Glyma.08G087500.Wm82.a4.v1,0.7855271347400967
Glyma.20G108500.Wm82.a4.v1,0.7855120766157367
Glyma.03G248200.Wm82.a4.v1,0.7854919991165901
Glyma.20G162000.Wm82.a4.v1,0.7854418053687233
Glyma.04G045400.Wm82.a4.v1,0.7854367859939366
Glyma.20G074500.Wm82.a4.v1,0.7853916116208565
Glyma.06G186300.Wm82.a4.v1,0.7852460497520429
Glyma.08G293100.Wm82.a4.v1,0.7852410303772562
Glyma.20G075951.Wm82.a4.v1,0.7852410303772562
Glyma.20G099900.Wm82.a4.v1,0.7852259722528961
Glyma.10G190100.Wm82.a4.v1,0.7852109141285362
Glyma.05G217800.Wm82.a4.v1,0.7851908366293895
Glyma.17G046900.Wm82.a4.v1,0.7851908366293895
Glyma.03G034900.Wm82.a4.v1,0.7851557010058827
Glyma.13G028400.Wm82.a4.v1,0.7851406428815226
Glyma.10G290800.Wm82.a4.v1,0.7851105266328026
Glyma.20G162600.Wm82.a4.v1,0.7850653522597225
Glyma.11G149900.Wm82.a4.v1,0.7850653522597225
Glyma.08G256300.Wm82.a4.v1,0.7850603328849358
Glyma.09G065200.Wm82.a4.v1,0.7850251972614292
Glyma.08G004500.Wm82.a4.v1,0.7850001003874957
Glyma.05G047400.Wm82.a4.v1,0.7849950810127091
Glyma.13G066900.Wm82.a4.v1,0.7849900616379224
Glyma.07G152200.Wm82.a4.v1,0.7849147710161223
Glyma.16G145300.Wm82.a4.v1,0.7848695966430421
Glyma.13G324500.Wm82.a4.v1,0.7847792478968819
Glyma.01G087700.Wm82.a4.v1,0.7847692091473086
Glyma.02G133600.Wm82.a4.v1,0.7847441122733753
Glyma.13G219900.Wm82.a4.v1,0.7846286666532817
Glyma.16G046000.Wm82.a4.v1,0.784623647278495
Glyma.07G078300.Wm82.a4.v1,0.784623647278495
Glyma.11G075600.Wm82.a4.v1,0.7845383179071215
Glyma.10G289800.Wm82.a4.v1,0.7845031822836147
Glyma.06G324800.Wm82.a4.v1,0.7843325235408678
Glyma.10G292300.Wm82.a4.v1,0.7842823297930009
Glyma.20G205000.Wm82.a4.v1,0.7842773104182144
Glyma.13G367300.Wm82.a4.v1,0.7842722910434277
Glyma.06G075600.Wm82.a4.v1,0.7842421747947076
Glyma.06G093500.Wm82.a4.v1,0.7841819422972675
Glyma.03G140100.Wm82.a4.v1,0.7841719035476941
Glyma.10G263400.Wm82.a4.v1,0.7841066516754673
Glyma.09G057300.Wm82.a4.v1,0.7840564579276006
Glyma.20G059801.Wm82.a4.v1,0.7840464191780272
Glyma.14G197600.Wm82.a4.v1,0.7839811673058004
Glyma.09G061000.Wm82.a4.v1,0.7839610898066537
Glyma.11G182400.Wm82.a4.v1,0.783956070431867
Glyma.14G138980.Wm82.a4.v1,0.7839108960587869
Glyma.17G034900.Wm82.a4.v1,0.7838054891882668
Glyma.08G002300.Wm82.a4.v1,0.7837753729395467
Glyma.08G113200.Wm82.a4.v1,0.7837502760656133
Glyma.12G026700.Wm82.a4.v1,0.7837051016925332
Glyma.05G178100.Wm82.a4.v1,0.7836825145059931
Glyma.18G216100.Wm82.a4.v1,0.7836749854438131
Glyma.11G151288.Wm82.a4.v1,0.7836348304455197
Glyma.17G000700.Wm82.a4.v1,0.7835595398237195
Glyma.08G196200.Wm82.a4.v1,0.7835595398237195
Glyma.02G017400.Wm82.a4.v1,0.7835495010741462
Glyma.11G191100.Wm82.a4.v1,0.7835143654506395
Glyma.12G001200.Wm82.a4.v1,0.7835043267010661
Glyma.10G208200.Wm82.a4.v1,0.7834842492019194
Glyma.12G104100.Wm82.a4.v1,0.7834691910775594
Glyma.17G236900.Wm82.a4.v1,0.783413977954906
Glyma.10G216300.Wm82.a4.v1,0.7833939004557592
Glyma.04G043200.Wm82.a4.v1,0.7833085710843857
Glyma.20G094700.Wm82.a4.v1,0.7832633967113056
Glyma.16G166500.Wm82.a4.v1,0.7832483385869456
Glyma.11G024900.Wm82.a4.v1,0.7832282610877989
Glyma.20G126800.Wm82.a4.v1,0.7832232417130123
Glyma.17G230900.Wm82.a4.v1,0.7832081835886522
Glyma.19G169800.Wm82.a4.v1,0.7831730479651454
Glyma.03G110300.Wm82.a4.v1,0.7831630092155721
Glyma.07G229800.Wm82.a4.v1,0.7830902282811653
Glyma.05G096500.Wm82.a4.v1,0.7830726604694119
Glyma.13G221100.Wm82.a4.v1,0.7830550926576586
Glyma.05G247800.Wm82.a4.v1,0.7830425442206919
Glyma.20G228000.Wm82.a4.v1,0.7830174473467585
Glyma.14G007300.Wm82.a4.v1,0.7829973698476118
Glyma.15G035600.Wm82.a4.v1,0.7829923504728251
Glyma.01G213300.Wm82.a4.v1,0.7829572148493184
Glyma.06G237700.Wm82.a4.v1,0.7829421567249584
Glyma.17G071400.Wm82.a4.v1,0.7829421567249584
Glyma.13G276600.Wm82.a4.v1,0.7829120404762383
Glyma.03G226200.Wm82.a4.v1,0.7828518079787982
Glyma.14G008700.Wm82.a4.v1,0.7828016142309314
Glyma.07G096100.Wm82.a4.v1,0.7827865561065713
Glyma.05G129600.Wm82.a4.v1,0.7827664786074247
Glyma.06G285200.Wm82.a4.v1,0.7827313429839179
Glyma.02G196900.Wm82.a4.v1,0.7826811492360511
Glyma.08G352800.Wm82.a4.v1,0.7826660911116912
Glyma.15G016700.Wm82.a4.v1,0.7826309554881844
Glyma.05G145800.Wm82.a4.v1,0.782620916738611
Glyma.02G238700.Wm82.a4.v1,0.7825857811151044
Glyma.02G121300.Wm82.a4.v1,0.7825456261168109
Glyma.13G278800.Wm82.a4.v1,0.7825355873672375
Glyma.20G053400.Wm82.a4.v1,0.7825004517437308
Glyma.15G217400.Wm82.a4.v1,0.7824653161202241
Glyma.03G207700.Wm82.a4.v1,0.782435199871504
Glyma.07G125300.Wm82.a4.v1,0.782390025498424
Glyma.18G019600.Wm82.a4.v1,0.7823699479992772
Glyma.13G221400.Wm82.a4.v1,0.7823398317505571
Glyma.11G086000.Wm82.a4.v1,0.7823247736261971
Glyma.06G057700.Wm82.a4.v1,0.7822444636296103
Glyma.06G325402.Wm82.a4.v1,0.7822344248800369
Glyma.12G084300.Wm82.a4.v1,0.7822294055052502
Glyma.05G068400.Wm82.a4.v1,0.7822043086313168
Glyma.13G287100.Wm82.a4.v1,0.7821691730078102
Glyma.18G081100.Wm82.a4.v1,0.7820436886381432
Glyma.13G114900.Wm82.a4.v1,0.7819683980163431
Glyma.12G023500.Wm82.a4.v1,0.7819583592667697
Glyma.11G113800.Wm82.a4.v1,0.781938281767623
Glyma.14G218500.Wm82.a4.v1,0.7819332623928363
Glyma.05G160301.Wm82.a4.v1,0.7818680105206095
Glyma.08G228900.Wm82.a4.v1,0.7818027586483828
Glyma.15G232800.Wm82.a4.v1,0.7817977392735961
Glyma.17G136100.Wm82.a4.v1,0.7817575842753026
Glyma.19G054700.Wm82.a4.v1,0.7817575842753026
Glyma.01G182500.Wm82.a4.v1,0.7817124099022226
Glyma.01G015700.Wm82.a4.v1,0.7816521774047824
Glyma.13G043800.Wm82.a4.v1,0.7816320999056358
Glyma.08G133500.Wm82.a4.v1,0.7816320999056358
Glyma.19G207300.Wm82.a4.v1,0.7816270805308491
Glyma.04G148300.Wm82.a4.v1,0.7816220611560624
Glyma.13G284800.Wm82.a4.v1,0.7815718674081956
Glyma.20G208900.Wm82.a4.v1,0.7815116349107555
Glyma.20G183500.Wm82.a4.v1,0.7814714799124621
Glyma.14G027400.Wm82.a4.v1,0.7814012086654486
Glyma.03G168700.Wm82.a4.v1,0.7812355692974883
Glyma.18G175800.Wm82.a4.v1,0.7811100849278214
Glyma.03G019700.Wm82.a4.v1,0.7810900074286747
Glyma.19G248400.Wm82.a4.v1,0.7810398136808079
Glyma.07G225000.Wm82.a4.v1,0.7810247555564479
Glyma.12G229400.Wm82.a4.v1,0.7808440580641275
Glyma.19G178100.Wm82.a4.v1,0.7806834380709539
Glyma.20G170500.Wm82.a4.v1,0.7806583411970205
Glyma.06G134200.Wm82.a4.v1,0.7806382636978738
Glyma.16G202400.Wm82.a4.v1,0.7805981086995804
Glyma.17G233900.Wm82.a4.v1,0.7805981086995804
Glyma.03G003600.Wm82.a4.v1,0.7805428955769269
Glyma.15G105100.Wm82.a4.v1,0.7805328568273536
Glyma.09G263000.Wm82.a4.v1,0.7805027405786336
Glyma.14G189400.Wm82.a4.v1,0.7804776437047002
Glyma.09G021500.Wm82.a4.v1,0.7804575662055534
Glyma.04G237000.Wm82.a4.v1,0.78038729495854
Glyma.14G021800.Wm82.a4.v1,0.7803521593350332
Glyma.10G208100.Wm82.a4.v1,0.7802869074628064
Glyma.13G186300.Wm82.a4.v1,0.7802567912140864
Glyma.05G078000.Wm82.a4.v1,0.7802567912140864
Glyma.18G205800.Wm82.a4.v1,0.780246752464513
Glyma.14G032700.Wm82.a4.v1,0.7802266749653664
Glyma.16G017400.Wm82.a4.v1,0.7802266749653664
Glyma.06G201700.Wm82.a4.v1,0.7802216555905797
Glyma.06G161000.Wm82.a4.v1,0.780201578091433
Glyma.05G064700.Wm82.a4.v1,0.7801915393418596
Glyma.11G109400.Wm82.a4.v1,0.7801865199670729
Glyma.02G001300.Wm82.a4.v1,0.7801513843435661
Glyma.20G155400.Wm82.a4.v1,0.7801011905956994
Glyma.08G105900.Wm82.a4.v1,0.7800961712209127
Glyma.16G006500.Wm82.a4.v1,0.7800861324713394
Glyma.08G345600.Wm82.a4.v1,0.780061035597406
Glyma.13G265000.Wm82.a4.v1,0.7800359387234727
Glyma.15G042700.Wm82.a4.v1,0.7799706868512458
Glyma.13G162200.Wm82.a4.v1,0.7799430802899191
Glyma.07G130300.Wm82.a4.v1,0.7799204931033791
Glyma.15G008300.Wm82.a4.v1,0.779905434979019
Glyma.03G007100.Wm82.a4.v1,0.7798853574798723
Glyma.03G080200.Wm82.a4.v1,0.7798351637320056
Glyma.07G004300.Wm82.a4.v1,0.7796896018631919
Glyma.08G297900.Wm82.a4.v1,0.7796745437388319
Glyma.03G261300.Wm82.a4.v1,0.7796645049892585
Glyma.15G015800.Wm82.a4.v1,0.7796193306161785
Glyma.10G289000.Wm82.a4.v1,0.7796143112413918
Glyma.08G098100.Wm82.a4.v1,0.7796042724918184
Glyma.09G243200.Wm82.a4.v1,0.7795390206195916
Glyma.05G148600.Wm82.a4.v1,0.7795189431204449
Glyma.09G006600.Wm82.a4.v1,0.7795038849960849
Glyma.09G031800.Wm82.a4.v1,0.7794386331238581
Glyma.07G072500.Wm82.a4.v1,0.7793834200012046
Glyma.11G176309.Wm82.a4.v1,0.7793583231272713
Glyma.01G245200.Wm82.a4.v1,0.7792880518802578
Glyma.09G057900.Wm82.a4.v1,0.7792027225088843
Glyma.15G121500.Wm82.a4.v1,0.7791977031340976
Glyma.10G168700.Wm82.a4.v1,0.7791224125122974
Glyma.12G218300.Wm82.a4.v1,0.7790621800148574
Glyma.06G003000.Wm82.a4.v1,0.779052141265284
Glyma.13G115400.Wm82.a4.v1,0.779052141265284
Glyma.08G264800.Wm82.a4.v1,0.779052141265284
Glyma.01G046700.Wm82.a4.v1,0.7790421025157106
Glyma.06G239100.Wm82.a4.v1,0.7789868893930572
Glyma.14G046700.Wm82.a4.v1,0.7789417150199771
Glyma.16G209600.Wm82.a4.v1,0.7789266568956171
Glyma.13G278500.Wm82.a4.v1,0.778911598771257
Glyma.09G285100.Wm82.a4.v1,0.7788563856486036
Glyma.03G027900.Wm82.a4.v1,0.7788413275242436
Glyma.10G020300.Wm82.a4.v1,0.7788011725259502
Glyma.07G214700.Wm82.a4.v1,0.7787861144015902
Glyma.11G188100.Wm82.a4.v1,0.7787610175276568
Glyma.18G244500.Wm82.a4.v1,0.77874094002851
Glyma.05G022400.Wm82.a4.v1,0.7787309012789367
Glyma.09G049800.Wm82.a4.v1,0.7787158431545766
Glyma.13G049400.Wm82.a4.v1,0.7786857269058566
Glyma.05G087300.Wm82.a4.v1,0.7786656494067099
Glyma.06G157000.Wm82.a4.v1,0.7786606300319232
Glyma.17G120500.Wm82.a4.v1,0.7786606300319232
Glyma.04G059500.Wm82.a4.v1,0.7786556106571365
Glyma.13G296400.Wm82.a4.v1,0.7786505912823499
Glyma.19G159400.Wm82.a4.v1,0.7786455719075632
Glyma.20G091200.Wm82.a4.v1,0.7785602425361897
Glyma.02G217100.Wm82.a4.v1,0.778555223161403
Glyma.14G134200.Wm82.a4.v1,0.7785200875378963
Glyma.09G230700.Wm82.a4.v1,0.7784949906639629
Glyma.04G224300.Wm82.a4.v1,0.7784698937900295
Glyma.17G112500.Wm82.a4.v1,0.7784498162908828
Glyma.05G163700.Wm82.a4.v1,0.7784372678539161
Glyma.13G243600.Wm82.a4.v1,0.7784247194169495
Glyma.12G215000.Wm82.a4.v1,0.7784197000421628
Glyma.06G301900.Wm82.a4.v1,0.778384564418656
Glyma.13G206700.Wm82.a4.v1,0.7783444094203626
Glyma.09G262700.Wm82.a4.v1,0.778339390045576
Glyma.01G190800.Wm82.a4.v1,0.7783343706707893
Glyma.09G093900.Wm82.a4.v1,0.7782841769229225
Glyma.18G039800.Wm82.a4.v1,0.7782390025498424
Glyma.07G237800.Wm82.a4.v1,0.7782289638002691
Glyma.20G242400.Wm82.a4.v1,0.7782189250506957
Glyma.18G209800.Wm82.a4.v1,0.7781837894271889
Glyma.09G131800.Wm82.a4.v1,0.7781335956793222
Glyma.04G219100.Wm82.a4.v1,0.7781285763045355
Glyma.09G215800.Wm82.a4.v1,0.7781034794306021
Glyma.19G000400.Wm82.a4.v1,0.7780984600558154
Glyma.06G019300.Wm82.a4.v1,0.7780934406810288
Glyma.11G204300.Wm82.a4.v1,0.7780884213062421
Glyma.12G183200.Wm82.a4.v1,0.7780532856827354
Glyma.13G372700.Wm82.a4.v1,0.7780081113096553
Glyma.08G288500.Wm82.a4.v1,0.7780030919348686
Glyma.02G103500.Wm82.a4.v1,0.7780030919348686
Glyma.11G159230.Wm82.a4.v1,0.7779930531852952
Glyma.14G139700.Wm82.a4.v1,0.7779729756861485
Glyma.06G136800.Wm82.a4.v1,0.777872588190415
Glyma.10G040700.Wm82.a4.v1,0.7778173750677616
Glyma.18G190400.Wm82.a4.v1,0.7777571425703215
Glyma.05G227000.Wm82.a4.v1,0.7777119681972413
Glyma.13G325100.Wm82.a4.v1,0.7776667938241613
Glyma.16G161700.Wm82.a4.v1,0.7776517356998013
Glyma.11G011700.Wm82.a4.v1,0.7776416969502279
Glyma.20G104900.Wm82.a4.v1,0.7776015419519344
Glyma.11G047300.Wm82.a4.v1,0.777486096331841
Glyma.19G082100.Wm82.a4.v1,0.7774710382074809
Glyma.03G137100.Wm82.a4.v1,0.7774710382074809
Glyma.04G152800.Wm82.a4.v1,0.7774609994579075
Glyma.01G111200.Wm82.a4.v1,0.7774509607083342
Glyma.10G165600.Wm82.a4.v1,0.7774459413335475
Glyma.01G077400.Wm82.a4.v1,0.777390728210894
Glyma.04G163600.Wm82.a4.v1,0.777390728210894
Glyma.20G226600.Wm82.a4.v1,0.7773706507117474
Glyma.08G265900.Wm82.a4.v1,0.7773706507117474
Glyma.17G254500.Wm82.a4.v1,0.777345553837814
Glyma.07G132300.Wm82.a4.v1,0.7773405344630273
Glyma.11G221400.Wm82.a4.v1,0.7773355150882406
Glyma.11G028600.Wm82.a4.v1,0.7773104182143072
Glyma.18G120300.Wm82.a4.v1,0.7772853213403739
Glyma.19G176200.Wm82.a4.v1,0.7771648563454936
Glyma.14G207200.Wm82.a4.v1,0.7771397594715602
Glyma.01G096700.Wm82.a4.v1,0.7771146625976268
Glyma.07G235100.Wm82.a4.v1,0.7770945850984802
Glyma.17G130700.Wm82.a4.v1,0.7770745075993334
Glyma.07G037300.Wm82.a4.v1,0.7770092557271067
Glyma.09G250400.Wm82.a4.v1,0.7769490232296665
Glyma.03G024000.Wm82.a4.v1,0.7769389844800931
Glyma.06G003600.Wm82.a4.v1,0.7769138876061598
Glyma.17G135200.Wm82.a4.v1,0.7768988294817998
Glyma.17G031800.Wm82.a4.v1,0.7768737326078664
Glyma.10G017700.Wm82.a4.v1,0.7768310679221796
Glyma.05G152400.Wm82.a4.v1,0.7768084807356396
Glyma.17G242200.Wm82.a4.v1,0.7767783644869195
Glyma.17G005500.Wm82.a4.v1,0.7767181319894794
Glyma.02G109100.Wm82.a4.v1,0.7767080932399061
Glyma.04G249400.Wm82.a4.v1,0.7766729576163993
Glyma.17G096800.Wm82.a4.v1,0.7765575119963057
Glyma.13G301100.Wm82.a4.v1,0.776552492621519
Glyma.10G069100.Wm82.a4.v1,0.7765173569980123
Glyma.08G195200.Wm82.a4.v1,0.776507318248439
Glyma.18G169800.Wm82.a4.v1,0.7764872407492923
Glyma.06G304900.Wm82.a4.v1,0.7764772019997189
Glyma.05G152500.Wm82.a4.v1,0.7764621438753588
Glyma.09G264700.Wm82.a4.v1,0.7764320276266389
Glyma.19G249200.Wm82.a4.v1,0.7763115626317586
Glyma.04G088100.Wm82.a4.v1,0.7763015238821852
Glyma.03G132000.Wm82.a4.v1,0.7762965045073985
Glyma.08G343100.Wm82.a4.v1,0.7762965045073985
Glyma.19G109400.Wm82.a4.v1,0.7762864657578252
Glyma.15G030800.Wm82.a4.v1,0.7762864657578252
Glyma.09G165100.Wm82.a4.v1,0.7762764270082518
Glyma.06G179200.Wm82.a4.v1,0.7762362720099585
Glyma.02G227600.Wm82.a4.v1,0.7762161945108117
Glyma.10G173000.Wm82.a4.v1,0.7762061557612384
Glyma.19G069200.Wm82.a4.v1,0.7761910976368783
Glyma.16G040200.Wm82.a4.v1,0.7761760395125183
Glyma.19G171200.Wm82.a4.v1,0.7761107876402915
Glyma.20G152100.Wm82.a4.v1,0.7760856907663581
Glyma.13G346300.Wm82.a4.v1,0.7760555745176381
Glyma.13G244500.Wm82.a4.v1,0.7760455357680647
Glyma.07G260400.Wm82.a4.v1,0.7760204388941313
Glyma.10G150300.Wm82.a4.v1,0.776010400144558
Glyma.11G245800.Wm82.a4.v1,0.7760053807697713
Glyma.12G241300.Wm82.a4.v1,0.7759903226454112
Glyma.10G259500.Wm82.a4.v1,0.7759903226454112
Glyma.09G192500.Wm82.a4.v1,0.7759351095227578
Glyma.09G212900.Wm82.a4.v1,0.775884915774891
Glyma.10G214000.Wm82.a4.v1,0.7758648382757444
Glyma.03G019500.Wm82.a4.v1,0.7758598189009577
Glyma.08G318400.Wm82.a4.v1,0.775854799526171
Glyma.09G215700.Wm82.a4.v1,0.7757845282791576
Glyma.15G232600.Wm82.a4.v1,0.7757795089043709
Glyma.13G132400.Wm82.a4.v1,0.7757694701547975
Glyma.19G052200.Wm82.a4.v1,0.7757393539060775
Glyma.11G180200.Wm82.a4.v1,0.7757343345312908
Glyma.08G008000.Wm82.a4.v1,0.7756791214086374
Glyma.18G221600.Wm82.a4.v1,0.7756590439094906
Glyma.04G200100.Wm82.a4.v1,0.7756389664103439
Glyma.06G122900.Wm82.a4.v1,0.7755937920372639
Glyma.04G111200.Wm82.a4.v1,0.7755737145381172
Glyma.05G002300.Wm82.a4.v1,0.7755536370389704
Glyma.11G025300.Wm82.a4.v1,0.7755385789146104
Glyma.20G237900.Wm82.a4.v1,0.775513482040677
Glyma.17G081800.Wm82.a4.v1,0.7754532495432369
Glyma.15G127400.Wm82.a4.v1,0.7754331720440902
Glyma.09G146700.Wm82.a4.v1,0.7754080751701568
Glyma.13G269900.Wm82.a4.v1,0.77535788142229
Glyma.12G085900.Wm82.a4.v1,0.7752775714257032
Glyma.05G236700.Wm82.a4.v1,0.7752625133013432
Glyma.17G145100.Wm82.a4.v1,0.7752273776778364
Glyma.20G111200.Wm82.a4.v1,0.775187222679543
Glyma.07G106900.Wm82.a4.v1,0.7751621258056096
Glyma.13G176800.Wm82.a4.v1,0.7751169514325296
Glyma.06G185100.Wm82.a4.v1,0.7750818158090228
Glyma.01G194500.Wm82.a4.v1,0.7750516995603027
Glyma.12G036200.Wm82.a4.v1,0.7750466801855161
Glyma.02G033900.Wm82.a4.v1,0.7749462926897825
Glyma.13G158400.Wm82.a4.v1,0.7749462926897825
Glyma.15G111800.Wm82.a4.v1,0.7748910795671291
Glyma.18G034600.Wm82.a4.v1,0.7748860601923424
Glyma.05G061000.Wm82.a4.v1,0.7748860601923424
Glyma.01G194800.Wm82.a4.v1,0.7748760214427691
Glyma.09G069800.Wm82.a4.v1,0.7748559439436223
Glyma.02G242400.Wm82.a4.v1,0.7748559439436223
Glyma.18G282400.Wm82.a4.v1,0.7748258276949023
Glyma.13G241400.Wm82.a4.v1,0.7747655951974622
Glyma.17G160400.Wm82.a4.v1,0.7746350914530086
Glyma.12G010600.Wm82.a4.v1,0.774630072078222
Glyma.08G007700.Wm82.a4.v1,0.7746150139538619
Glyma.18G212900.Wm82.a4.v1,0.7745949364547152
Glyma.05G197600.Wm82.a4.v1,0.7745798783303551
Glyma.20G022900.Wm82.a4.v1,0.7745748589555685
Glyma.U031407.Wm82.a4.v1,0.7745447427068485
Glyma.08G124300.Wm82.a4.v1,0.7745447427068485
Glyma.07G062500.Wm82.a4.v1,0.7745347039572751
Glyma.08G042700.Wm82.a4.v1,0.7745196458329151
Glyma.09G164900.Wm82.a4.v1,0.774489529584195
Glyma.06G056200.Wm82.a4.v1,0.774489529584195
Glyma.09G254500.Wm82.a4.v1,0.7744443552111149
Glyma.16G053800.Wm82.a4.v1,0.7743941614632481
Glyma.14G211800.Wm82.a4.v1,0.7743941614632481
Glyma.11G094500.Wm82.a4.v1,0.774333928965808
Glyma.18G268100.Wm82.a4.v1,0.774318870841448
Glyma.01G213200.Wm82.a4.v1,0.7743038127170879
Glyma.13G359900.Wm82.a4.v1,0.774288754592728
Glyma.07G130400.Wm82.a4.v1,0.7742837352179412
Glyma.09G016700.Wm82.a4.v1,0.7742285220952878
Glyma.04G177600.Wm82.a4.v1,0.7742134639709278
Glyma.03G069100.Wm82.a4.v1,0.7741833477222078
Glyma.17G204900.Wm82.a4.v1,0.7741431927239143
Glyma.10G270300.Wm82.a4.v1,0.7740428052281808
Glyma.10G066100.Wm82.a4.v1,0.7740428052281808
Glyma.02G139900.Wm82.a4.v1,0.7740327664786074
Glyma.20G171100.Wm82.a4.v1,0.7740202180416408
Glyma.11G053300.Wm82.a4.v1,0.7739524564820206
Glyma.02G000600.Wm82.a4.v1,0.7739123014837271
Glyma.13G135700.Wm82.a4.v1,0.7739072821089406
Glyma.03G184200.Wm82.a4.v1,0.7738269721123537
Glyma.12G233900.Wm82.a4.v1,0.7738269721123537
Glyma.17G073900.Wm82.a4.v1,0.7737667396149136
Glyma.06G138500.Wm82.a4.v1,0.7737014877426868
Glyma.19G124200.Wm82.a4.v1,0.7736914489931134
Glyma.06G136700.Wm82.a4.v1,0.7736864296183268
Glyma.16G031600.Wm82.a4.v1,0.7736613327443933
Glyma.01G037700.Wm82.a4.v1,0.7735709839982332
Glyma.08G344000.Wm82.a4.v1,0.7735709839982332
Glyma.04G064800.Wm82.a4.v1,0.7735609452486598
Glyma.15G213200.Wm82.a4.v1,0.7735207902503665
Glyma.09G120400.Wm82.a4.v1,0.7735057321260064
Glyma.19G210300.Wm82.a4.v1,0.7735057321260064
Glyma.05G149700.Wm82.a4.v1,0.773495693376433
Glyma.13G032300.Wm82.a4.v1,0.7734906740016464
Glyma.17G123300.Wm82.a4.v1,0.7734756158772863
Glyma.05G212200.Wm82.a4.v1,0.7734705965024996
Glyma.19G045400.Wm82.a4.v1,0.7734304415042063
Glyma.17G074800.Wm82.a4.v1,0.7733953058806995
Glyma.01G193800.Wm82.a4.v1,0.7733651896319794
Glyma.02G251200.Wm82.a4.v1,0.7733601702571927
Glyma.11G113400.Wm82.a4.v1,0.7732648021362459
Glyma.07G222700.Wm82.a4.v1,0.7732447246370993
Glyma.13G204900.Wm82.a4.v1,0.7732346858875259
Glyma.18G225000.Wm82.a4.v1,0.7732146083883792
Glyma.05G207500.Wm82.a4.v1,0.7732095890135925
Glyma.17G257300.Wm82.a4.v1,0.7732095890135925
Glyma.19G253200.Wm82.a4.v1,0.7731342983917923
Glyma.03G190800.Wm82.a4.v1,0.7731192402674323
Glyma.09G176900.Wm82.a4.v1,0.7730841046439255
Glyma.13G060400.Wm82.a4.v1,0.7730690465195655
Glyma.08G285100.Wm82.a4.v1,0.7730138333969121
Glyma.16G033400.Wm82.a4.v1,0.772983717148192
Glyma.20G198000.Wm82.a4.v1,0.7729636396490454
Glyma.08G257400.Wm82.a4.v1,0.7729586202742587
Glyma.04G232000.Wm82.a4.v1,0.7729435621498986
Glyma.13G371900.Wm82.a4.v1,0.772938542775112
Glyma.05G211800.Wm82.a4.v1,0.7728481940289518
Glyma.02G299400.Wm82.a4.v1,0.7728030196558716
Glyma.02G287000.Wm82.a4.v1,0.7727227096592848
Glyma.20G070500.Wm82.a4.v1,0.7727076515349248
Glyma.11G182300.Wm82.a4.v1,0.7726976127853514
Glyma.12G002800.Wm82.a4.v1,0.7726875740357781
Glyma.17G026500.Wm82.a4.v1,0.7726122834139779
Glyma.05G230600.Wm82.a4.v1,0.7725369927921778
Glyma.08G034400.Wm82.a4.v1,0.7725118959182444
Glyma.09G248800.Wm82.a4.v1,0.772456682795591
Glyma.07G188100.Wm82.a4.v1,0.7724265665468709
Glyma.19G204100.Wm82.a4.v1,0.7724215471720842
Glyma.03G169900.Wm82.a4.v1,0.7723512759250708
Glyma.17G039800.Wm82.a4.v1,0.772286024052844
Glyma.06G003300.Wm82.a4.v1,0.772286024052844
Glyma.12G016300.Wm82.a4.v1,0.7722659465536973
Glyma.09G065300.Wm82.a4.v1,0.7722006946814705
Glyma.09G226900.Wm82.a4.v1,0.7721806171823238
Glyma.12G173600.Wm82.a4.v1,0.772145481558817
Glyma.08G167600.Wm82.a4.v1,0.7721404621840303
Glyma.13G174600.Wm82.a4.v1,0.7721103459353102
Glyma.15G229600.Wm82.a4.v1,0.7720651715622302
Glyma.14G150600.Wm82.a4.v1,0.7720250165639369
Glyma.02G206500.Wm82.a4.v1,0.7719999196900034
Glyma.17G019800.Wm82.a4.v1,0.7719898809404301
Glyma.10G276200.Wm82.a4.v1,0.7719848615656434
Glyma.17G145600.Wm82.a4.v1,0.7719798421908567
Glyma.16G088700.Wm82.a4.v1,0.7719447065673499
Glyma.13G064500.Wm82.a4.v1,0.7719346678177766
Glyma.13G242000.Wm82.a4.v1,0.7719045515690566
Glyma.19G185200.Wm82.a4.v1,0.7718694159455498
Glyma.12G182700.Wm82.a4.v1,0.7718392996968297
Glyma.05G221600.Wm82.a4.v1,0.771804164073323
Glyma.12G169800.Wm82.a4.v1,0.771774047824603
Glyma.01G207200.Wm82.a4.v1,0.7717690284498163
Glyma.20G095700.Wm82.a4.v1,0.7716686409540827
Glyma.17G200900.Wm82.a4.v1,0.7716636215792961
Glyma.06G157100.Wm82.a4.v1,0.771648563454936
Glyma.14G156300.Wm82.a4.v1,0.7716385247053626
Glyma.01G001100.Wm82.a4.v1,0.7715933503322826
Glyma.20G128100.Wm82.a4.v1,0.7715632340835625
Glyma.19G115100.Wm82.a4.v1,0.7715331178348425
Glyma.07G019900.Wm82.a4.v1,0.7715331178348425
Glyma.18G104400.Wm82.a4.v1,0.7715180597104825
Glyma.18G015500.Wm82.a4.v1,0.7715180597104825
Glyma.05G229800.Wm82.a4.v1,0.771477904712189
Glyma.11G139500.Wm82.a4.v1,0.7714377497138957
Glyma.19G209700.Wm82.a4.v1,0.7714076334651756
Glyma.02G312200.Wm82.a4.v1,0.7713373622181621
Glyma.10G266900.Wm82.a4.v1,0.7713323428433754
Glyma.11G119500.Wm82.a4.v1,0.7712972072198687
Glyma.02G288000.Wm82.a4.v1,0.7712419940972153
Glyma.17G228300.Wm82.a4.v1,0.7712118778484952
Glyma.05G148200.Wm82.a4.v1,0.7711817615997751
Glyma.09G050500.Wm82.a4.v1,0.771106470977975
Glyma.08G226600.Wm82.a4.v1,0.7710914128536149
Glyma.17G222800.Wm82.a4.v1,0.7710562772301082
Glyma.04G182000.Wm82.a4.v1,0.7710261609813882
Glyma.11G252500.Wm82.a4.v1,0.7710211416066015
Glyma.10G047600.Wm82.a4.v1,0.7710111028570281
Glyma.19G119400.Wm82.a4.v1,0.7709659284839481
Glyma.01G197600.Wm82.a4.v1,0.7709609091091614
Glyma.07G273600.Wm82.a4.v1,0.7708906378621478
Glyma.11G017200.Wm82.a4.v1,0.7708555022386412
Glyma.10G188600.Wm82.a4.v1,0.7708253859899211
Glyma.13G026600.Wm82.a4.v1,0.7708203666151344
Glyma.07G181600.Wm82.a4.v1,0.7708153472403477
Glyma.07G003700.Wm82.a4.v1,0.7708153472403477
Glyma.18G208202.Wm82.a4.v1,0.7708053084907744
Glyma.02G290600.Wm82.a4.v1,0.770765153492481
Glyma.03G235600.Wm82.a4.v1,0.7707300178689742
Glyma.10G045900.Wm82.a4.v1,0.7707249984941875
Glyma.19G101600.Wm82.a4.v1,0.7707099403698275
Glyma.16G154700.Wm82.a4.v1,0.7706346497480274
Glyma.01G055500.Wm82.a4.v1,0.7706296303732407
Glyma.02G219400.Wm82.a4.v1,0.7706296303732407
Glyma.15G272300.Wm82.a4.v1,0.7706145722488806
Glyma.14G035700.Wm82.a4.v1,0.7705819463127673
Glyma.13G146200.Wm82.a4.v1,0.7705593591262272
Glyma.07G248000.Wm82.a4.v1,0.7705141847531471
Glyma.10G048700.Wm82.a4.v1,0.7704840685044271
Glyma.12G203000.Wm82.a4.v1,0.7704690103800671
Glyma.20G176300.Wm82.a4.v1,0.7704589716304937
Glyma.19G159500.Wm82.a4.v1,0.7704589716304937
Glyma.07G049600.Wm82.a4.v1,0.7703485453851868
Glyma.18G231800.Wm82.a4.v1,0.7703209388238601
Glyma.19G247500.Wm82.a4.v1,0.7703184291364668
Glyma.13G008200.Wm82.a4.v1,0.7702933322625334
Glyma.18G222400.Wm82.a4.v1,0.7702883128877467
Glyma.10G278500.Wm82.a4.v1,0.7702531772642399
Glyma.06G071500.Wm82.a4.v1,0.7702330997650932
Glyma.17G177900.Wm82.a4.v1,0.7702029835163732
Glyma.09G051200.Wm82.a4.v1,0.7701979641415865
Glyma.10G196600.Wm82.a4.v1,0.7701578091432931
Glyma.08G114900.Wm82.a4.v1,0.7701176541449997
Glyma.13G109700.Wm82.a4.v1,0.7701176541449997
Glyma.19G201000.Wm82.a4.v1,0.770097576645853
Glyma.08G019600.Wm82.a4.v1,0.770082518521493
Glyma.13G312100.Wm82.a4.v1,0.7700774991467063
Glyma.08G283400.Wm82.a4.v1,0.7700774991467063
Glyma.19G223500.Wm82.a4.v1,0.7700423635231995
Glyma.15G054700.Wm82.a4.v1,0.7699821310257594
Glyma.19G239200.Wm82.a4.v1,0.7699520147770393
Glyma.08G048400.Wm82.a4.v1,0.7698867629048126
Glyma.13G347000.Wm82.a4.v1,0.7698767241552392
Glyma.07G258400.Wm82.a4.v1,0.769786375409079
Glyma.08G105100.Wm82.a4.v1,0.7697763366595057
Glyma.08G018900.Wm82.a4.v1,0.7697311622864256
Glyma.19G215900.Wm82.a4.v1,0.7697261429116389
Glyma.06G297500.Wm82.a4.v1,0.7696859879133455
Glyma.02G288900.Wm82.a4.v1,0.7695755616680386
Glyma.14G094400.Wm82.a4.v1,0.769570542293252
Glyma.02G308400.Wm82.a4.v1,0.7695153291705985
Glyma.19G033700.Wm82.a4.v1,0.7694701547975185
Glyma.15G082900.Wm82.a4.v1,0.7694400385487984
Glyma.17G009100.Wm82.a4.v1,0.7694199610496516
Glyma.01G173700.Wm82.a4.v1,0.769414941674865
Glyma.18G220200.Wm82.a4.v1,0.7693948641757182
Glyma.16G196200.Wm82.a4.v1,0.769384825426145
Glyma.07G012500.Wm82.a4.v1,0.7693747866765716
Glyma.16G101200.Wm82.a4.v1,0.7693496898026382
Glyma.02G022300.Wm82.a4.v1,0.7693396510530648
Glyma.07G240000.Wm82.a4.v1,0.7693296123034915
Glyma.07G029500.Wm82.a4.v1,0.7693195735539181
Glyma.14G112700.Wm82.a4.v1,0.7692994960547714
Glyma.06G133600.Wm82.a4.v1,0.7692944766799847
Glyma.20G121300.Wm82.a4.v1,0.7692844379304113
Glyma.09G018500.Wm82.a4.v1,0.7692493023069047
Glyma.15G009400.Wm82.a4.v1,0.7692191860581846
Glyma.04G185200.Wm82.a4.v1,0.7692141666833979
Glyma.03G129700.Wm82.a4.v1,0.7691639729355312
Glyma.07G194800.Wm82.a4.v1,0.7691338566868111
Glyma.04G030000.Wm82.a4.v1,0.7691313469994178
Glyma.10G049100.Wm82.a4.v1,0.769118798562451
Glyma.05G221400.Wm82.a4.v1,0.769118798562451
Glyma.15G154300.Wm82.a4.v1,0.7691137791876644
Glyma.01G083000.Wm82.a4.v1,0.7689581785692774
Glyma.06G127700.Wm82.a4.v1,0.7689481398197041
Glyma.11G173100.Wm82.a4.v1,0.7688778685726906
Glyma.08G222000.Wm82.a4.v1,0.7688527716987572
Glyma.20G096900.Wm82.a4.v1,0.7688427329491838
Glyma.08G157400.Wm82.a4.v1,0.7688126167004637
Glyma.04G099400.Wm82.a4.v1,0.7687900295139237
Glyma.11G165600.Wm82.a4.v1,0.7687774810769571
Glyma.08G072100.Wm82.a4.v1,0.7687774810769571
Glyma.07G170000.Wm82.a4.v1,0.768762422952597
Glyma.18G036300.Wm82.a4.v1,0.7687021904551569
Glyma.11G140600.Wm82.a4.v1,0.7685967835846367
Glyma.09G248900.Wm82.a4.v1,0.7685867448350634
Glyma.03G181200.Wm82.a4.v1,0.7685716867107033
Glyma.15G108700.Wm82.a4.v1,0.7685214929628366
Glyma.04G245700.Wm82.a4.v1,0.7685114542132632
Glyma.18G065200.Wm82.a4.v1,0.7684963960889032
Glyma.11G050300.Wm82.a4.v1,0.7684712992149698
Glyma.14G031900.Wm82.a4.v1,0.7683558535948762
Glyma.14G116800.Wm82.a4.v1,0.7683307567209429
Glyma.02G093900.Wm82.a4.v1,0.7682805629730761
Glyma.13G222500.Wm82.a4.v1,0.768250446724356
Glyma.06G183800.Wm82.a4.v1,0.7682253498504227
Glyma.07G248800.Wm82.a4.v1,0.768220330475636
Glyma.16G198400.Wm82.a4.v1,0.7682052723512759
Glyma.01G037400.Wm82.a4.v1,0.7682052723512759
Glyma.05G061200.Wm82.a4.v1,0.7681550786034091
Glyma.16G219100.Wm82.a4.v1,0.7681450398538358
Glyma.13G060100.Wm82.a4.v1,0.7681149236051158
Glyma.20G219100.Wm82.a4.v1,0.768079787981609
Glyma.11G131700.Wm82.a4.v1,0.7680697492320356
Glyma.08G222400.Wm82.a4.v1,0.7680647298572489
Glyma.14G098200.Wm82.a4.v1,0.7680546911076757
Glyma.11G009500.Wm82.a4.v1,0.768049671732889
Glyma.16G032800.Wm82.a4.v1,0.7680396329833156
Glyma.15G149200.Wm82.a4.v1,0.7680396329833156
Glyma.08G109700.Wm82.a4.v1,0.7679693617363021
Glyma.08G063500.Wm82.a4.v1,0.7679292067380087
Glyma.11G005300.Wm82.a4.v1,0.7678840323649286
Glyma.13G325900.Wm82.a4.v1,0.7678689742405685
Glyma.09G046300.Wm82.a4.v1,0.7678689742405685
Glyma.01G217100.Wm82.a4.v1,0.7677987029935551
Glyma.13G271100.Wm82.a4.v1,0.7677786254944085
Glyma.04G158800.Wm82.a4.v1,0.7677736061196218
Glyma.03G020700.Wm82.a4.v1,0.7677485092456884
Glyma.04G020800.Wm82.a4.v1,0.7677334511213283
Glyma.03G244500.Wm82.a4.v1,0.7677284317465417
Glyma.03G167200.Wm82.a4.v1,0.7677284317465417
Glyma.10G039700.Wm82.a4.v1,0.7676581604995282
Glyma.10G042600.Wm82.a4.v1,0.7676431023751682
Glyma.07G270400.Wm82.a4.v1,0.7676380830003815
Glyma.16G206400.Wm82.a4.v1,0.7675878892525148
Glyma.03G063000.Wm82.a4.v1,0.7675477342542213
Glyma.09G098000.Wm82.a4.v1,0.7674875017567812
Glyma.10G069000.Wm82.a4.v1,0.7674473467584878
Glyma.16G098100.Wm82.a4.v1,0.767427269259341
Glyma.08G113700.Wm82.a4.v1,0.7674021723854076
Glyma.01G199200.Wm82.a4.v1,0.7674021723854076
Glyma.11G110900.Wm82.a4.v1,0.7673720561366876
Glyma.11G157400.Wm82.a4.v1,0.7673419398879675
Glyma.20G001300.Wm82.a4.v1,0.7673369205131809
Glyma.06G131700.Wm82.a4.v1,0.7673218623888208
Glyma.10G223300.Wm82.a4.v1,0.7672967655148875
Glyma.01G086000.Wm82.a4.v1,0.7672967655148875
Glyma.04G157300.Wm82.a4.v1,0.7672967655148875
Glyma.05G149300.Wm82.a4.v1,0.7672616298913807
Glyma.08G096300.Wm82.a4.v1,0.7672616298913807
Glyma.11G067800.Wm82.a4.v1,0.7672465717670207
Glyma.03G118400.Wm82.a4.v1,0.7672315136426606
Glyma.02G137200.Wm82.a4.v1,0.7671913586443673
Glyma.12G014800.Wm82.a4.v1,0.7671863392695806
Glyma.17G135500.Wm82.a4.v1,0.7671863392695806
Glyma.06G290000.Wm82.a4.v1,0.7671763005200072
Glyma.15G111700.Wm82.a4.v1,0.7671361455217138
Glyma.08G181700.Wm82.a4.v1,0.7671261067721404
Glyma.10G179700.Wm82.a4.v1,0.7671210873973537
Glyma.14G000050.Wm82.a4.v1,0.7671110486477805
Glyma.12G050800.Wm82.a4.v1,0.767070893649487
Glyma.09G089500.Wm82.a4.v1,0.7670457967755536
Glyma.02G221100.Wm82.a4.v1,0.7670156805268336
Glyma.18G081700.Wm82.a4.v1,0.7669805449033268
Glyma.19G125700.Wm82.a4.v1,0.76693035115546
Glyma.09G226600.Wm82.a4.v1,0.76688517678238
Glyma.13G261200.Wm82.a4.v1,0.7668600799084466
Glyma.02G118800.Wm82.a4.v1,0.7668550605336599
Glyma.14G007100.Wm82.a4.v1,0.7668249442849399
Glyma.02G202700.Wm82.a4.v1,0.7668249442849399
Glyma.06G123700.Wm82.a4.v1,0.7668149055353665
Glyma.08G162600.Wm82.a4.v1,0.7667948280362198
Glyma.20G070700.Wm82.a4.v1,0.7667797699118598
Glyma.08G175700.Wm82.a4.v1,0.7667797699118598
Glyma.08G249600.Wm82.a4.v1,0.7667747505370731
Glyma.09G224100.Wm82.a4.v1,0.7667345955387797
Glyma.17G234900.Wm82.a4.v1,0.7667094986648463
Glyma.05G045000.Wm82.a4.v1,0.7666944405404863
Glyma.08G320500.Wm82.a4.v1,0.7666542855421928
Glyma.15G167500.Wm82.a4.v1,0.7666442467926196
Glyma.13G273900.Wm82.a4.v1,0.7666191499186862
Glyma.16G085600.Wm82.a4.v1,0.7666091111691128
Glyma.03G250700.Wm82.a4.v1,0.7665940530447527
Glyma.03G075500.Wm82.a4.v1,0.7665840142951794
Glyma.17G164600.Wm82.a4.v1,0.7665187624229526
Glyma.02G251900.Wm82.a4.v1,0.7664986849238059
Glyma.05G188200.Wm82.a4.v1,0.7664886461742325
Glyma.19G142100.Wm82.a4.v1,0.7664685686750858
Glyma.19G179300.Wm82.a4.v1,0.7664635493002991
Glyma.06G316500.Wm82.a4.v1,0.766403316802859
Glyma.04G155800.Wm82.a4.v1,0.7663681811793523
Glyma.10G225102.Wm82.a4.v1,0.7663481036802056
Glyma.19G128300.Wm82.a4.v1,0.7663430843054189
Glyma.05G059000.Wm82.a4.v1,0.7663380649306323
Glyma.09G206800.Wm82.a4.v1,0.7663380649306323
Glyma.20G230600.Wm82.a4.v1,0.7663029293071255
Glyma.09G119200.Wm82.a4.v1,0.7662878711827654
Glyma.09G240700.Wm82.a4.v1,0.7662828518079788
Glyma.03G132600.Wm82.a4.v1,0.7662728130584054
Glyma.19G132800.Wm82.a4.v1,0.766262774308832
Glyma.01G100900.Wm82.a4.v1,0.7662527355592588
Glyma.05G166100.Wm82.a4.v1,0.766232658060112
Glyma.20G209800.Wm82.a4.v1,0.7662226193105387
Glyma.10G214800.Wm82.a4.v1,0.7662125805609653
Glyma.05G127700.Wm82.a4.v1,0.7662075611861786
Glyma.06G124600.Wm82.a4.v1,0.7661824643122452
Glyma.10G218000.Wm82.a4.v1,0.766172425562672
Glyma.15G223000.Wm82.a4.v1,0.7661322705643785
Glyma.14G188500.Wm82.a4.v1,0.7660569799425784
Glyma.08G035500.Wm82.a4.v1,0.7660268636938583
Glyma.18G284800.Wm82.a4.v1,0.7660168249442849
Glyma.10G021800.Wm82.a4.v1,0.7660118055694982
Glyma.17G211100.Wm82.a4.v1,0.7659867086955648
Glyma.04G142800.Wm82.a4.v1,0.7659365149476981
Glyma.14G044000.Wm82.a4.v1,0.7659264761981248
Glyma.07G221200.Wm82.a4.v1,0.7659214568233381
Glyma.18G067700.Wm82.a4.v1,0.765906398698978
Glyma.02G116000.Wm82.a4.v1,0.765876282450258
Glyma.04G158100.Wm82.a4.v1,0.7657809143293112
Glyma.19G042200.Wm82.a4.v1,0.7657708755797378
Glyma.16G165900.Wm82.a4.v1,0.7657307205814444
Glyma.17G093800.Wm82.a4.v1,0.765720681831871
Glyma.04G181200.Wm82.a4.v1,0.7656052362117775
Glyma.07G026800.Wm82.a4.v1,0.7656002168369908
Glyma.12G141050.Wm82.a4.v1,0.7655801393378441
Glyma.08G004400.Wm82.a4.v1,0.765550023089124
Glyma.05G019500.Wm82.a4.v1,0.765534964964764
Glyma.19G080500.Wm82.a4.v1,0.7655199068404039
Glyma.02G011400.Wm82.a4.v1,0.7654697130925372
Glyma.01G147800.Wm82.a4.v1,0.7654144999698838
Glyma.12G001400.Wm82.a4.v1,0.7654044612203104
Glyma.08G044100.Wm82.a4.v1,0.765364306222017
Glyma.13G183900.Wm82.a4.v1,0.7653542674724436
Glyma.15G005300.Wm82.a4.v1,0.7652990543497902
Glyma.20G178500.Wm82.a4.v1,0.7652739574758568
Glyma.15G055000.Wm82.a4.v1,0.7652112152910233
Glyma.09G142000.Wm82.a4.v1,0.76520870560363
Glyma.05G040900.Wm82.a4.v1,0.7650982793583231
Glyma.01G018600.Wm82.a4.v1,0.7650832212339631
Glyma.02G013500.Wm82.a4.v1,0.7650330274860964
Glyma.15G117500.Wm82.a4.v1,0.7650280081113097
Glyma.08G039600.Wm82.a4.v1,0.7650029112373763
Glyma.10G172100.Wm82.a4.v1,0.7649828337382296
Glyma.11G093600.Wm82.a4.v1,0.7649426787399362
Glyma.19G214500.Wm82.a4.v1,0.7649226012407895
Glyma.08G030200.Wm82.a4.v1,0.7649175818660028
Glyma.07G089600.Wm82.a4.v1,0.7648623687433493
Glyma.12G156900.Wm82.a4.v1,0.7648473106189893
Glyma.11G009700.Wm82.a4.v1,0.7648121749954826
Glyma.14G015600.Wm82.a4.v1,0.7647670006224024
Glyma.15G052300.Wm82.a4.v1,0.7647619812476159
Glyma.15G014100.Wm82.a4.v1,0.7647494328106491
Glyma.06G289500.Wm82.a4.v1,0.7647318649988958
Glyma.11G002700.Wm82.a4.v1,0.764696729375389
Glyma.04G036200.Wm82.a4.v1,0.7646766518762423
Glyma.02G106000.Wm82.a4.v1,0.7646465356275223
Glyma.18G214000.Wm82.a4.v1,0.7646164193788022
Glyma.04G165500.Wm82.a4.v1,0.7646013612544421
Glyma.11G195800.Wm82.a4.v1,0.764571245005722
Glyma.03G083500.Wm82.a4.v1,0.7645586965687554
Glyma.04G022620.Wm82.a4.v1,0.7645160318830686
Glyma.03G175700.Wm82.a4.v1,0.7644909350091352
Glyma.02G256300.Wm82.a4.v1,0.7644307025116951
Glyma.19G028100.Wm82.a4.v1,0.7644106250125484
Glyma.08G046400.Wm82.a4.v1,0.764355411889895
Glyma.18G235800.Wm82.a4.v1,0.7643202762663882
Glyma.11G098300.Wm82.a4.v1,0.7643152568916016
Glyma.05G078300.Wm82.a4.v1,0.7642751018933082
Glyma.02G192600.Wm82.a4.v1,0.7642650631437348
Glyma.06G043800.Wm82.a4.v1,0.7642299275202281
Glyma.08G133200.Wm82.a4.v1,0.764214869395868
Glyma.10G238700.Wm82.a4.v1,0.7642098500210813
Glyma.08G050100.Wm82.a4.v1,0.7641546368984279
Glyma.13G269200.Wm82.a4.v1,0.7641345593992812
Glyma.20G190500.Wm82.a4.v1,0.7641044431505611
Glyma.06G137700.Wm82.a4.v1,0.7640241331539743
Glyma.11G256800.Wm82.a4.v1,0.7640040556548277
Glyma.07G104250.Wm82.a4.v1,0.763983978155681
Glyma.12G086600.Wm82.a4.v1,0.7639789587808943
Glyma.12G033500.Wm82.a4.v1,0.7639639006565342
Glyma.02G087700.Wm82.a4.v1,0.7639488425321742
Glyma.05G025000.Wm82.a4.v1,0.7639086875338807
Glyma.19G116000.Wm82.a4.v1,0.763903668159094
Glyma.08G359900.Wm82.a4.v1,0.7637631256650672
Glyma.17G258700.Wm82.a4.v1,0.7637581062902805
Glyma.12G188600.Wm82.a4.v1,0.7637380287911337
Glyma.07G166700.Wm82.a4.v1,0.7637330094163471
Glyma.05G220300.Wm82.a4.v1,0.763672776918907
Glyma.20G110200.Wm82.a4.v1,0.7636577187945469
Glyma.02G113900.Wm82.a4.v1,0.7635924669223202
Glyma.01G093000.Wm82.a4.v1,0.7635673700483868
Glyma.18G244100.Wm82.a4.v1,0.7635272150500934
Glyma.03G133200.Wm82.a4.v1,0.7635272150500934
Glyma.02G120400.Wm82.a4.v1,0.76351717630052
Glyma.14G001200.Wm82.a4.v1,0.7634569438030799
Glyma.08G029400.Wm82.a4.v1,0.7634017306804265
Glyma.09G252800.Wm82.a4.v1,0.7633916919308531
Glyma.07G028300.Wm82.a4.v1,0.7633716144317064
Glyma.20G162300.Wm82.a4.v1,0.763331459433413
Glyma.20G056400.Wm82.a4.v1,0.763331459433413
Glyma.04G239800.Wm82.a4.v1,0.7633214206838396
Glyma.18G273100.Wm82.a4.v1,0.763316401309053
Glyma.13G332300.Wm82.a4.v1,0.7632963238099062
Glyma.13G179400.Wm82.a4.v1,0.7632913044351196
Glyma.12G131700.Wm82.a4.v1,0.7632762463107595
Glyma.15G275300.Wm82.a4.v1,0.7632360913124662
Glyma.13G170200.Wm82.a4.v1,0.7632260525628928
Glyma.02G182800.Wm82.a4.v1,0.7632160138133194
Glyma.14G086300.Wm82.a4.v1,0.7632109944385327
Glyma.11G147100.Wm82.a4.v1,0.7631281747545525
Glyma.04G210000.Wm82.a4.v1,0.7631156263175859
Glyma.05G041000.Wm82.a4.v1,0.7630804906940791
Glyma.04G137800.Wm82.a4.v1,0.7630804906940791
Glyma.14G162400.Wm82.a4.v1,0.7630804906940791
Glyma.15G022600.Wm82.a4.v1,0.7630453550705724
Glyma.12G082300.Wm82.a4.v1,0.7630403356957858
Glyma.13G139100.Wm82.a4.v1,0.763005200072279
Glyma.07G001600.Wm82.a4.v1,0.7629801031983456
Glyma.10G008300.Wm82.a4.v1,0.7629349288252655
Glyma.12G100300.Wm82.a4.v1,0.7629148513261188
Glyma.05G164500.Wm82.a4.v1,0.7628897544521854
Glyma.14G068700.Wm82.a4.v1,0.7628696769530388
Glyma.09G132300.Wm82.a4.v1,0.7628596382034654
Glyma.05G177100.Wm82.a4.v1,0.7627893669564519
Glyma.08G048100.Wm82.a4.v1,0.7627843475816652
Glyma.05G241100.Wm82.a4.v1,0.7626739213363584
Glyma.06G151500.Wm82.a4.v1,0.7626337663380649
Glyma.02G119700.Wm82.a4.v1,0.7626187082137049
Glyma.14G216300.Wm82.a4.v1,0.7626011404019515
Glyma.10G244100.Wm82.a4.v1,0.7625735338406248
Glyma.11G086500.Wm82.a4.v1,0.7625634950910515
Glyma.02G060500.Wm82.a4.v1,0.7625434175919048
Glyma.05G204000.Wm82.a4.v1,0.7625183207179713
Glyma.05G191500.Wm82.a4.v1,0.7624430300961712
Glyma.04G093800.Wm82.a4.v1,0.7624355010339912
Glyma.07G237000.Wm82.a4.v1,0.7624279719718112
Glyma.15G250100.Wm82.a4.v1,0.7624078944726644
Glyma.11G152500.Wm82.a4.v1,0.7623727588491578
Glyma.06G101800.Wm82.a4.v1,0.7623677394743711
Glyma.18G232000.Wm82.a4.v1,0.7623627200995844
Glyma.05G103200.Wm82.a4.v1,0.7623476619752244
Glyma.08G038700.Wm82.a4.v1,0.7623275844760776
Glyma.06G069200.Wm82.a4.v1,0.7622974682273576
Glyma.02G065200.Wm82.a4.v1,0.762292448852571
Glyma.11G099000.Wm82.a4.v1,0.7622874294777843
Glyma.03G251100.Wm82.a4.v1,0.7622773907282109
Glyma.15G136200.Wm82.a4.v1,0.7622773907282109
Glyma.19G027800.Wm82.a4.v1,0.7622673519786375
Glyma.07G236200.Wm82.a4.v1,0.7622322163551308
Glyma.12G136900.Wm82.a4.v1,0.7622271969803441
Glyma.17G021000.Wm82.a4.v1,0.7621619451081173
Glyma.07G237900.Wm82.a4.v1,0.7621418676089706
Glyma.20G002000.Wm82.a4.v1,0.7620414801132371
Glyma.19G221300.Wm82.a4.v1,0.7620214026140903
Glyma.08G115100.Wm82.a4.v1,0.761996305740157
Glyma.13G306300.Wm82.a4.v1,0.7619360732427168
Glyma.13G133900.Wm82.a4.v1,0.7619059569939969
Glyma.09G023600.Wm82.a4.v1,0.7619009376192102
Glyma.20G212400.Wm82.a4.v1,0.7618658019957034
Glyma.12G024500.Wm82.a4.v1,0.7618507438713434
Glyma.16G116350.Wm82.a4.v1,0.7618005501234766
Glyma.18G266500.Wm82.a4.v1,0.7617854919991166
Glyma.04G016300.Wm82.a4.v1,0.7617603951251832
Glyma.07G079500.Wm82.a4.v1,0.7617202401268898
Glyma.20G246100.Wm82.a4.v1,0.7617051820025298
Glyma.19G219200.Wm82.a4.v1,0.7616750657538097
Glyma.06G124100.Wm82.a4.v1,0.761654988254663
Glyma.08G176300.Wm82.a4.v1,0.7615947557572229
Glyma.18G274000.Wm82.a4.v1,0.7615847170076495
Glyma.06G054000.Wm82.a4.v1,0.7615796976328628
Glyma.10G184300.Wm82.a4.v1,0.7615746782580761
Glyma.13G134500.Wm82.a4.v1,0.7615546007589294
Glyma.15G044700.Wm82.a4.v1,0.7615395426345695
Glyma.12G170000.Wm82.a4.v1,0.7615295038849961
Glyma.14G101500.Wm82.a4.v1,0.7614341357640493
Glyma.17G077100.Wm82.a4.v1,0.7613889613909691
Glyma.03G150900.Wm82.a4.v1,0.7613688838918224
Glyma.15G073900.Wm82.a4.v1,0.7612885738952356
Glyma.04G001900.Wm82.a4.v1,0.761268496396089
Glyma.13G274000.Wm82.a4.v1,0.7612534382717289
Glyma.19G168100.Wm82.a4.v1,0.7612283413977955
Glyma.06G254100.Wm82.a4.v1,0.7612233220230088
Glyma.02G114800.Wm82.a4.v1,0.7612132832734355
Glyma.11G204100.Wm82.a4.v1,0.7612032445238621
Glyma.10G046400.Wm82.a4.v1,0.7611831670247154
Glyma.15G157500.Wm82.a4.v1,0.7611179151524886
Glyma.07G174800.Wm82.a4.v1,0.7611179151524886
Glyma.15G006800.Wm82.a4.v1,0.7611179151524886
Glyma.01G214100.Wm82.a4.v1,0.7610476439054751
Glyma.08G302200.Wm82.a4.v1,0.7610426245306885
Glyma.17G079700.Wm82.a4.v1,0.7609823920332484
Glyma.19G117700.Wm82.a4.v1,0.760972353283675
Glyma.13G300500.Wm82.a4.v1,0.7609171401610215
Glyma.02G231100.Wm82.a4.v1,0.7609171401610215
Glyma.20G124600.Wm82.a4.v1,0.7609071014114482
Glyma.02G070100.Wm82.a4.v1,0.7609020820366615
Glyma.09G225600.Wm82.a4.v1,0.7608769851627282
Glyma.14G189000.Wm82.a4.v1,0.7608769851627282
Glyma.09G038300.Wm82.a4.v1,0.760786636416568
Glyma.12G146100.Wm82.a4.v1,0.7607816170417813
Glyma.07G068600.Wm82.a4.v1,0.7607715782922079
Glyma.10G022600.Wm82.a4.v1,0.7607615395426346
Glyma.08G087700.Wm82.a4.v1,0.7607565201678479
Glyma.20G137100.Wm82.a4.v1,0.7607264039191278
Glyma.19G061200.Wm82.a4.v1,0.7607213845443411
Glyma.04G187500.Wm82.a4.v1,0.7606711907964744
Glyma.01G121400.Wm82.a4.v1,0.7606059389242475
Glyma.19G237700.Wm82.a4.v1,0.7605858614251009
Glyma.09G079900.Wm82.a4.v1,0.7605708033007409
Glyma.14G020200.Wm82.a4.v1,0.7605457064268075
Glyma.10G013400.Wm82.a4.v1,0.7605356676772341
Glyma.06G167000.Wm82.a4.v1,0.760475435179794
Glyma.14G088900.Wm82.a4.v1,0.7604653964302206
Glyma.15G089700.Wm82.a4.v1,0.7604302608067139
Glyma.10G175300.Wm82.a4.v1,0.7604051639327806
Glyma.10G297700.Wm82.a4.v1,0.7603700283092738
Glyma.02G155600.Wm82.a4.v1,0.7603198345614071
Glyma.06G033700.Wm82.a4.v1,0.7603148151866204
Glyma.19G161200.Wm82.a4.v1,0.7603148151866204
Glyma.05G060300.Wm82.a4.v1,0.760289718312687
Glyma.01G023300.Wm82.a4.v1,0.7602244664404602
Glyma.15G160500.Wm82.a4.v1,0.7601943501917401
Glyma.03G219500.Wm82.a4.v1,0.7601742726925934
Glyma.03G252300.Wm82.a4.v1,0.76014917581866
Glyma.13G146500.Wm82.a4.v1,0.7601391370690866
Glyma.18G263600.Wm82.a4.v1,0.7601290983195134
Glyma.10G065900.Wm82.a4.v1,0.7601140401951533
Glyma.15G257500.Wm82.a4.v1,0.7600387495733532
Glyma.18G228700.Wm82.a4.v1,0.7600337301985665
Glyma.16G041200.Wm82.a4.v1,0.7600136526994198
Glyma.17G099200.Wm82.a4.v1,0.7599835364506997
Glyma.18G255600.Wm82.a4.v1,0.759963458951553
Glyma.02G281000.Wm82.a4.v1,0.7598831489549661
Glyma.13G202500.Wm82.a4.v1,0.7598329552070994
Glyma.09G181300.Wm82.a4.v1,0.7598229164575261
Glyma.08G224600.Wm82.a4.v1,0.7598028389583793
Glyma.09G191300.Wm82.a4.v1,0.7597426064609393
Glyma.18G106900.Wm82.a4.v1,0.7597426064609393
Glyma.18G052700.Wm82.a4.v1,0.7597225289617925
Glyma.19G161500.Wm82.a4.v1,0.7597175095870058
Glyma.13G346000.Wm82.a4.v1,0.7597124902122192
Glyma.03G127300.Wm82.a4.v1,0.759637199590419
Glyma.13G216800.Wm82.a4.v1,0.7596321802156324
Glyma.20G084500.Wm82.a4.v1,0.759622141466059
Glyma.18G133100.Wm82.a4.v1,0.7595920252173389
Glyma.01G206000.Wm82.a4.v1,0.7594765795972453
Glyma.07G108100.Wm82.a4.v1,0.7594464633485253
Glyma.07G255200.Wm82.a4.v1,0.7594464633485253
Glyma.10G202800.Wm82.a4.v1,0.7594414439737386
Glyma.14G176700.Wm82.a4.v1,0.7593661533519385
Glyma.19G038000.Wm82.a4.v1,0.7593561146023652
Glyma.10G215400.Wm82.a4.v1,0.7593510952275785
Glyma.17G101400.Wm82.a4.v1,0.7593310177284317
Glyma.06G068200.Wm82.a4.v1,0.7593009014797116
Glyma.20G190400.Wm82.a4.v1,0.759295882104925
Glyma.11G089500.Wm82.a4.v1,0.7592406689822716
Glyma.15G066000.Wm82.a4.v1,0.7592205914831248
Glyma.19G084900.Wm82.a4.v1,0.7591703977352581
Glyma.08G157300.Wm82.a4.v1,0.7591653783604714
Glyma.13G275400.Wm82.a4.v1,0.7591603589856848
Glyma.10G005600.Wm82.a4.v1,0.7591302427369647
Glyma.08G232100.Wm82.a4.v1,0.759125223362178
Glyma.11G145800.Wm82.a4.v1,0.7591051458630313
Glyma.06G025000.Wm82.a4.v1,0.7590850683638846
Glyma.19G138000.Wm82.a4.v1,0.7590850683638846
Glyma.19G256200.Wm82.a4.v1,0.7590750296143113
Glyma.17G129100.Wm82.a4.v1,0.7590398939908045
Glyma.07G266800.Wm82.a4.v1,0.7589796614933644
Glyma.10G259300.Wm82.a4.v1,0.7589646033690044
Glyma.08G170000.Wm82.a4.v1,0.7589344871202843
Glyma.09G062700.Wm82.a4.v1,0.7589294677454976
Glyma.07G108700.Wm82.a4.v1,0.7589294677454976
Glyma.08G153800.Wm82.a4.v1,0.7588692352480575
Glyma.17G069700.Wm82.a4.v1,0.7588692352480575
Glyma.10G024500.Wm82.a4.v1,0.758768847752324
Glyma.09G198700.Wm82.a4.v1,0.758768847752324
Glyma.09G177600.Wm82.a4.v1,0.7587387315036039
Glyma.13G327500.Wm82.a4.v1,0.7587236733792438
Glyma.17G016300.Wm82.a4.v1,0.7587186540044573
Glyma.09G118600.Wm82.a4.v1,0.7587035958800972
Glyma.13G124800.Wm82.a4.v1,0.7586333246330837
Glyma.17G045200.Wm82.a4.v1,0.7586232858835104
Glyma.11G090100.Wm82.a4.v1,0.7586232858835104
Glyma.06G161700.Wm82.a4.v1,0.7585479952617102
Glyma.05G220000.Wm82.a4.v1,0.7585228983877769
Glyma.12G011600.Wm82.a4.v1,0.7585228983877769
Glyma.02G229400.Wm82.a4.v1,0.7585078402634168
Glyma.12G179200.Wm82.a4.v1,0.7584425883911899
Glyma.18G203900.Wm82.a4.v1,0.7584174915172566
Glyma.02G278600.Wm82.a4.v1,0.7584024333928966
Glyma.01G047300.Wm82.a4.v1,0.7583371815206698
Glyma.03G159200.Wm82.a4.v1,0.7583371815206698
Glyma.16G178900.Wm82.a4.v1,0.7583321621458831
Glyma.07G129200.Wm82.a4.v1,0.7583271427710965
Glyma.07G273500.Wm82.a4.v1,0.7582970265223764
Glyma.02G015900.Wm82.a4.v1,0.7582769490232296
Glyma.08G285000.Wm82.a4.v1,0.7582769490232296
Glyma.10G068900.Wm82.a4.v1,0.7582167165257896
Glyma.20G176900.Wm82.a4.v1,0.7582116971510029
Glyma.13G299300.Wm82.a4.v1,0.7582066777762162
Glyma.18G099800.Wm82.a4.v1,0.7581414259039894
Glyma.10G286000.Wm82.a4.v1,0.7581364065292028
Glyma.04G191600.Wm82.a4.v1,0.7581213484048427
Glyma.07G003900.Wm82.a4.v1,0.7581062902804827
Glyma.11G199400.Wm82.a4.v1,0.7580711546569759
Glyma.17G119400.Wm82.a4.v1,0.7580611159074025
Glyma.05G001800.Wm82.a4.v1,0.7580460577830426
Glyma.17G209600.Wm82.a4.v1,0.7580309996586825
Glyma.20G081000.Wm82.a4.v1,0.7580209609091092
Glyma.09G183800.Wm82.a4.v1,0.7579908446603891
Glyma.08G157800.Wm82.a4.v1,0.757975786536029
Glyma.15G043500.Wm82.a4.v1,0.7579356315377357
Glyma.04G191500.Wm82.a4.v1,0.7579055152890156
Glyma.19G103000.Wm82.a4.v1,0.7579004959142289
Glyma.17G228900.Wm82.a4.v1,0.7579004959142289
Glyma.06G205000.Wm82.a4.v1,0.7578804184150822
Glyma.20G165400.Wm82.a4.v1,0.7578703796655089
Glyma.07G139100.Wm82.a4.v1,0.7578553215411489
Glyma.14G161200.Wm82.a4.v1,0.7578452827915755
Glyma.04G077400.Wm82.a4.v1,0.7578201859176421
Glyma.16G182200.Wm82.a4.v1,0.7578001084184954
Glyma.02G299700.Wm82.a4.v1,0.757744895295842
Glyma.20G196900.Wm82.a4.v1,0.7577348565462686
Glyma.20G229600.Wm82.a4.v1,0.7576921918605819
Glyma.12G059900.Wm82.a4.v1,0.7576846627984019
Glyma.04G201500.Wm82.a4.v1,0.7576796434236152
Glyma.13G369900.Wm82.a4.v1,0.7576595659244685
Glyma.15G098500.Wm82.a4.v1,0.7576495271748951
Glyma.16G009800.Wm82.a4.v1,0.7576495271748951
Glyma.10G213200.Wm82.a4.v1,0.7576394884253217
Glyma.02G110800.Wm82.a4.v1,0.7575943140522416
Glyma.20G223800.Wm82.a4.v1,0.7575842753026683
Glyma.14G062000.Wm82.a4.v1,0.7575842753026683
Glyma.13G276700.Wm82.a4.v1,0.7575089846808681
Glyma.08G164800.Wm82.a4.v1,0.7574788684321481
Glyma.18G255200.Wm82.a4.v1,0.7574663199951814
Glyma.08G340200.Wm82.a4.v1,0.7573885196859879
Glyma.13G353400.Wm82.a4.v1,0.7573584034372679
Glyma.19G208100.Wm82.a4.v1,0.7573383259381211
Glyma.16G085900.Wm82.a4.v1,0.7572831128154677
Glyma.01G163900.Wm82.a4.v1,0.7572128415684543
Glyma.03G179300.Wm82.a4.v1,0.7571726865701608
Glyma.11G053700.Wm82.a4.v1,0.7571526090710141
Glyma.16G205500.Wm82.a4.v1,0.7571475896962274
Glyma.04G017300.Wm82.a4.v1,0.757069789387034
Glyma.11G001500.Wm82.a4.v1,0.7570622603248539
Glyma.06G068000.Wm82.a4.v1,0.7570472022004939
Glyma.05G005500.Wm82.a4.v1,0.7570421828257072
Glyma.06G200000.Wm82.a4.v1,0.7570221053265606
Glyma.18G164200.Wm82.a4.v1,0.7569970084526272
Glyma.13G057300.Wm82.a4.v1,0.7569568534543337
Glyma.13G179300.Wm82.a4.v1,0.7568865822073203
Glyma.19G180900.Wm82.a4.v1,0.7568514465838135
Glyma.13G042800.Wm82.a4.v1,0.7568464272090268
Glyma.03G165100.Wm82.a4.v1,0.7568414078342401
Glyma.06G115300.Wm82.a4.v1,0.7568213303350935
Glyma.15G076800.Wm82.a4.v1,0.7568163109603068
Glyma.01G173300.Wm82.a4.v1,0.7568012528359468
Glyma.05G209900.Wm82.a4.v1,0.7567711365872267
Glyma.18G293300.Wm82.a4.v1,0.7567510590880799
Glyma.10G003600.Wm82.a4.v1,0.7566908265906399
Glyma.02G048300.Wm82.a4.v1,0.7566807878410665
Glyma.03G188900.Wm82.a4.v1,0.7566657297167065
Glyma.04G173300.Wm82.a4.v1,0.7566607103419198
Glyma.02G247300.Wm82.a4.v1,0.7566506715923464
Glyma.01G098000.Wm82.a4.v1,0.7566054972192664
Glyma.17G157100.Wm82.a4.v1,0.7566004778444797
Glyma.06G029300.Wm82.a4.v1,0.7565904390949063
Glyma.10G008700.Wm82.a4.v1,0.7565854197201196
Glyma.09G227500.Wm82.a4.v1,0.7565703615957596
Glyma.09G044700.Wm82.a4.v1,0.7565603228461862
Glyma.01G132500.Wm82.a4.v1,0.7565352259722529
Glyma.08G123500.Wm82.a4.v1,0.7564900515991728
Glyma.05G031800.Wm82.a4.v1,0.7564348384765194
Glyma.05G207100.Wm82.a4.v1,0.7563997028530126
Glyma.14G159000.Wm82.a4.v1,0.7563946834782259
Glyma.08G141400.Wm82.a4.v1,0.7562641797337724
Glyma.13G082300.Wm82.a4.v1,0.7562491216094124
Glyma.13G109300.Wm82.a4.v1,0.7562441022346257
Glyma.07G272500.Wm82.a4.v1,0.7562340634850523
Glyma.18G264400.Wm82.a4.v1,0.7561788503623988
Glyma.06G082800.Wm82.a4.v1,0.7561587728632522
Glyma.16G141500.Wm82.a4.v1,0.7561386953641055
Glyma.05G194500.Wm82.a4.v1,0.7561035597405987
Glyma.10G249800.Wm82.a4.v1,0.7560784628666654
Glyma.06G094300.Wm82.a4.v1,0.756068424117092
Glyma.09G191000.Wm82.a4.v1,0.7560634047423053
Glyma.06G134900.Wm82.a4.v1,0.7560608950549119
Glyma.03G023900.Wm82.a4.v1,0.7560433272431586
Glyma.15G013300.Wm82.a4.v1,0.7560232497440119
Glyma.13G171000.Wm82.a4.v1,0.7559078041239183
Glyma.13G228800.Wm82.a4.v1,0.7558927459995582
Glyma.02G142700.Wm82.a4.v1,0.7558877266247717
Glyma.06G087900.Wm82.a4.v1,0.7558023972533982
Glyma.04G189200.Wm82.a4.v1,0.7557823197542514
Glyma.04G253500.Wm82.a4.v1,0.7557672616298914
Glyma.01G157900.Wm82.a4.v1,0.7557522035055314
Glyma.03G008600.Wm82.a4.v1,0.7556919710080913
Glyma.09G255302.Wm82.a4.v1,0.7556568353845845
Glyma.08G325800.Wm82.a4.v1,0.7556317385106511
Glyma.17G077400.Wm82.a4.v1,0.7555664866384243
Glyma.14G031000.Wm82.a4.v1,0.7555614672636376
Glyma.15G107200.Wm82.a4.v1,0.7555464091392776
Glyma.18G283900.Wm82.a4.v1,0.7555464091392776
Glyma.08G236400.Wm82.a4.v1,0.7555313510149175
Glyma.10G032100.Wm82.a4.v1,0.7555313510149175
Glyma.10G044200.Wm82.a4.v1,0.7555062541409842
Glyma.14G203800.Wm82.a4.v1,0.7554811572670508
Glyma.18G297800.Wm82.a4.v1,0.7554660991426908
Glyma.17G073500.Wm82.a4.v1,0.755400847270464
Glyma.08G316700.Wm82.a4.v1,0.7553832794587106
Glyma.06G105900.Wm82.a4.v1,0.7553606922721706
Glyma.12G096100.Wm82.a4.v1,0.7553556728973839
Glyma.19G246000.Wm82.a4.v1,0.7553406147730238
Glyma.01G230300.Wm82.a4.v1,0.7552502660268637
Glyma.15G261600.Wm82.a4.v1,0.7552402272772903
Glyma.12G213500.Wm82.a4.v1,0.7551774850924569
Glyma.05G022500.Wm82.a4.v1,0.7551348204067702
Glyma.16G020700.Wm82.a4.v1,0.7551197622824101
Glyma.13G007800.Wm82.a4.v1,0.7550996847832634
Glyma.14G181400.Wm82.a4.v1,0.7550595297849699
Glyma.01G059900.Wm82.a4.v1,0.7549942779127432
Glyma.11G126300.Wm82.a4.v1,0.7549842391631698
Glyma.03G142900.Wm82.a4.v1,0.7549440841648765
Glyma.12G029900.Wm82.a4.v1,0.7549290260405164
Glyma.01G049100.Wm82.a4.v1,0.7549240066657297
Glyma.02G155100.Wm82.a4.v1,0.7548838516674363
Glyma.06G133300.Wm82.a4.v1,0.7548436966691429
Glyma.20G167900.Wm82.a4.v1,0.7548436966691429
Glyma.09G089700.Wm82.a4.v1,0.7548336579195696
Glyma.04G234800.Wm82.a4.v1,0.7548336579195696
Glyma.01G211700.Wm82.a4.v1,0.7548336579195696
Glyma.19G143600.Wm82.a4.v1,0.7548085610456362
Glyma.18G243900.Wm82.a4.v1,0.7548035416708495
Glyma.12G101400.Wm82.a4.v1,0.754763386672556
Glyma.16G199700.Wm82.a4.v1,0.7546830766759692
Glyma.19G170500.Wm82.a4.v1,0.7546379023028892
Glyma.10G083600.Wm82.a4.v1,0.7546278635533158
Glyma.10G049900.Wm82.a4.v1,0.7546128054289558
Glyma.08G272100.Wm82.a4.v1,0.7545977473045957
Glyma.10G060200.Wm82.a4.v1,0.7545877085550224
Glyma.11G041300.Wm82.a4.v1,0.7545425341819423
Glyma.01G138300.Wm82.a4.v1,0.7545073985584355
Glyma.12G026000.Wm82.a4.v1,0.7545073985584355
Glyma.11G251500.Wm82.a4.v1,0.7544873210592888
Glyma.07G257800.Wm82.a4.v1,0.7544421466862088
Glyma.02G048100.Wm82.a4.v1,0.7543819141887687
Glyma.17G096600.Wm82.a4.v1,0.7543467785652619
Glyma.20G023500.Wm82.a4.v1,0.7543016041921818
Glyma.15G011900.Wm82.a4.v1,0.7543016041921818
Glyma.09G098800.Wm82.a4.v1,0.7542965848173951
Glyma.11G240200.Wm82.a4.v1,0.7542865460678218
Glyma.12G024400.Wm82.a4.v1,0.7542815266930352
Glyma.05G099000.Wm82.a4.v1,0.7542564298191017
Glyma.14G174500.Wm82.a4.v1,0.7541811391973016
Glyma.03G202700.Wm82.a4.v1,0.7541610616981549
Glyma.09G086800.Wm82.a4.v1,0.7540405967032746
Glyma.17G016000.Wm82.a4.v1,0.7540305579537013
Glyma.19G256300.Wm82.a4.v1,0.7540104804545545
Glyma.20G089400.Wm82.a4.v1,0.7539402092075411
Glyma.11G004600.Wm82.a4.v1,0.7539151123336078
Glyma.14G113400.Wm82.a4.v1,0.7538900154596744
Glyma.09G035800.Wm82.a4.v1,0.7538046860883009
Glyma.17G148400.Wm82.a4.v1,0.7537795892143675
Glyma.19G204000.Wm82.a4.v1,0.7537745698395808
Glyma.01G192000.Wm82.a4.v1,0.7537695504647941
Glyma.06G172300.Wm82.a4.v1,0.7537645310900074
Glyma.02G154500.Wm82.a4.v1,0.753739434216074
Glyma.13G334700.Wm82.a4.v1,0.7537193567169274
Glyma.06G183100.Wm82.a4.v1,0.7536691629690606
Glyma.09G066300.Wm82.a4.v1,0.7536390467203405
Glyma.10G024300.Wm82.a4.v1,0.7535737948481137
Glyma.09G250600.Wm82.a4.v1,0.7535512076615737
Glyma.12G238000.Wm82.a4.v1,0.7535336398498204
Glyma.11G153378.Wm82.a4.v1,0.7535135623506736
Glyma.15G031200.Wm82.a4.v1,0.7534884654767402
Glyma.13G321400.Wm82.a4.v1,0.7534633686028068
Glyma.14G191300.Wm82.a4.v1,0.7534583492280201
Glyma.05G136000.Wm82.a4.v1,0.7534533298532334
Glyma.18G119000.Wm82.a4.v1,0.75336800048186
Glyma.03G241800.Wm82.a4.v1,0.7533278454835666
Glyma.09G188100.Wm82.a4.v1,0.7533203164213865
Glyma.02G237700.Wm82.a4.v1,0.7533077679844199
Glyma.18G072500.Wm82.a4.v1,0.7532927098600598
Glyma.09G268500.Wm82.a4.v1,0.7532826711104865
Glyma.01G117800.Wm82.a4.v1,0.7532676129861264
Glyma.03G203000.Wm82.a4.v1,0.7532174192382597
Glyma.09G270200.Wm82.a4.v1,0.7532149095508663
Glyma.20G150200.Wm82.a4.v1,0.753197341739113
Glyma.18G245200.Wm82.a4.v1,0.753197341739113
Glyma.19G114700.Wm82.a4.v1,0.7531873029895396
Glyma.06G058100.Wm82.a4.v1,0.7531772642399662
Glyma.19G103200.Wm82.a4.v1,0.7531772642399662
Glyma.13G152916.Wm82.a4.v1,0.7531320898668862
Glyma.06G312900.Wm82.a4.v1,0.7531120123677395
Glyma.17G243800.Wm82.a4.v1,0.753026682996366
Glyma.17G128600.Wm82.a4.v1,0.753026682996366
Glyma.13G318300.Wm82.a4.v1,0.7529564117493525
Glyma.20G050700.Wm82.a4.v1,0.7529262955006324
Glyma.20G111300.Wm82.a4.v1,0.7529162567510591
Glyma.13G367200.Wm82.a4.v1,0.752901198626699
Glyma.20G129100.Wm82.a4.v1,0.752871082377979
Glyma.10G128300.Wm82.a4.v1,0.7528208886301122
Glyma.16G189700.Wm82.a4.v1,0.7528208886301122
Glyma.03G192000.Wm82.a4.v1,0.7527957917561788
Glyma.17G103600.Wm82.a4.v1,0.7527957917561788
Glyma.17G063600.Wm82.a4.v1,0.7527606561326721
Glyma.05G215800.Wm82.a4.v1,0.7527355592587387
Glyma.13G329100.Wm82.a4.v1,0.7527255205091654
Glyma.19G233500.Wm82.a4.v1,0.7527104623848053
Glyma.18G273700.Wm82.a4.v1,0.7526552492621519
Glyma.02G113500.Wm82.a4.v1,0.7526150942638585
Glyma.18G229700.Wm82.a4.v1,0.7526150942638585
Glyma.20G156400.Wm82.a4.v1,0.7525799586403518
Glyma.08G137500.Wm82.a4.v1,0.752544823016845
Glyma.15G130600.Wm82.a4.v1,0.7525247455176983
Glyma.05G182300.Wm82.a4.v1,0.7524193386471781
Glyma.20G040900.Wm82.a4.v1,0.752359106149738
Glyma.06G211300.Wm82.a4.v1,0.7522687574035778
Glyma.09G275900.Wm82.a4.v1,0.7522085249061377
Glyma.03G243800.Wm82.a4.v1,0.752188447406991
Glyma.02G281900.Wm82.a4.v1,0.7521784086574176
Glyma.19G136200.Wm82.a4.v1,0.7521533117834842
Glyma.02G221700.Wm82.a4.v1,0.7521382536591242
Glyma.08G192200.Wm82.a4.v1,0.7521081374104042
Glyma.12G107500.Wm82.a4.v1,0.7520428855381773
Glyma.18G137700.Wm82.a4.v1,0.7520378661633906
Glyma.06G182000.Wm82.a4.v1,0.7520378661633906
Glyma.17G072300.Wm82.a4.v1,0.7519324592928704
Glyma.10G093300.Wm82.a4.v1,0.7519324592928704
Glyma.12G209300.Wm82.a4.v1,0.751862188045857
Glyma.02G111700.Wm82.a4.v1,0.7518471299214969
Glyma.18G186400.Wm82.a4.v1,0.7518370911719237
Glyma.15G273900.Wm82.a4.v1,0.7518370911719237
Glyma.20G074700.Wm82.a4.v1,0.7518220330475636
Glyma.13G076200.Wm82.a4.v1,0.7517969361736302
Glyma.14G172300.Wm82.a4.v1,0.7517618005501234
Glyma.15G208200.Wm82.a4.v1,0.7517567811753368
Glyma.16G204332.Wm82.a4.v1,0.75170658742747
Glyma.17G183400.Wm82.a4.v1,0.7515610255586564
Glyma.09G054800.Wm82.a4.v1,0.7515610255586564
Glyma.11G076600.Wm82.a4.v1,0.7515258899351497
Glyma.01G155300.Wm82.a4.v1,0.751520870560363
Glyma.20G178400.Wm82.a4.v1,0.7514756961872829
Glyma.19G234800.Wm82.a4.v1,0.7514656574377095
Glyma.19G204400.Wm82.a4.v1,0.7514606380629228
Glyma.13G130900.Wm82.a4.v1,0.7513953861906961
Glyma.02G128900.Wm82.a4.v1,0.7513853474411227
Glyma.18G240600.Wm82.a4.v1,0.7513702893167628
Glyma.06G088000.Wm82.a4.v1,0.7513050374445359
Glyma.07G059800.Wm82.a4.v1,0.7513050374445359
Glyma.15G013800.Wm82.a4.v1,0.7513000180697492
Glyma.06G103200.Wm82.a4.v1,0.7513000180697492
Glyma.03G136200.Wm82.a4.v1,0.7512899793201758
Glyma.10G063500.Wm82.a4.v1,0.7512749211958158
Glyma.04G083800.Wm82.a4.v1,0.7512699018210292
Glyma.13G056600.Wm82.a4.v1,0.751194611199229
Glyma.08G286700.Wm82.a4.v1,0.7511695143252957
Glyma.17G185000.Wm82.a4.v1,0.751164494950509
Glyma.08G158500.Wm82.a4.v1,0.7511594755757223
Glyma.02G095400.Wm82.a4.v1,0.7511293593270022
Glyma.11G125700.Wm82.a4.v1,0.7511193205774289
Glyma.15G130000.Wm82.a4.v1,0.7511092818278555
Glyma.14G159600.Wm82.a4.v1,0.7511042624530688
Glyma.15G135100.Wm82.a4.v1,0.7510892043287088
Glyma.19G091100.Wm82.a4.v1,0.7510892043287088
Glyma.12G169700.Wm82.a4.v1,0.7510540687052021
Glyma.12G096500.Wm82.a4.v1,0.7510339912060554
Glyma.14G162300.Wm82.a4.v1,0.751023952456482
Glyma.06G070300.Wm82.a4.v1,0.7509988555825486
Glyma.12G002900.Wm82.a4.v1,0.7509938362077619
Glyma.03G202300.Wm82.a4.v1,0.7509888168329752
Glyma.04G188200.Wm82.a4.v1,0.750978778083402
Glyma.19G223300.Wm82.a4.v1,0.7509085068363884
Glyma.05G016400.Wm82.a4.v1,0.7509034874616017
Glyma.09G276900.Wm82.a4.v1,0.7509034874616017
Glyma.19G250800.Wm82.a4.v1,0.7508934487120285
Glyma.09G052600.Wm82.a4.v1,0.7508934487120285
Glyma.18G074300.Wm82.a4.v1,0.7508482743389483
Glyma.15G024500.Wm82.a4.v1,0.7508432549641617
Glyma.18G188800.Wm82.a4.v1,0.7508281968398016
Glyma.20G167700.Wm82.a4.v1,0.7508131387154416
Glyma.03G260200.Wm82.a4.v1,0.7507980805910816
Glyma.12G239900.Wm82.a4.v1,0.7507980805910816
Glyma.09G151900.Wm82.a4.v1,0.7507579255927882
Glyma.18G010300.Wm82.a4.v1,0.7507428674684281
Glyma.09G185900.Wm82.a4.v1,0.7507328287188548
Glyma.10G112900.Wm82.a4.v1,0.7507278093440681
Glyma.18G032000.Wm82.a4.v1,0.7507177705944947
Glyma.12G164200.Wm82.a4.v1,0.750667576846628
Glyma.15G129900.Wm82.a4.v1,0.7506525187222679
Glyma.10G132400.Wm82.a4.v1,0.7506424799726946
Glyma.03G129300.Wm82.a4.v1,0.7506424799726946
Glyma.11G034600.Wm82.a4.v1,0.7506173830987612
Glyma.03G234000.Wm82.a4.v1,0.7505922862248279
Glyma.19G141900.Wm82.a4.v1,0.7505922862248279
Glyma.01G150700.Wm82.a4.v1,0.7505872668500412
Glyma.02G288300.Wm82.a4.v1,0.7505671893508945
Glyma.20G227000.Wm82.a4.v1,0.7505320537273877
Glyma.08G095000.Wm82.a4.v1,0.7505019374786677
Glyma.09G001600.Wm82.a4.v1,0.750496918103881
Glyma.04G068700.Wm82.a4.v1,0.750496918103881
Glyma.18G132200.Wm82.a4.v1,0.7504918987290943
Glyma.16G181700.Wm82.a4.v1,0.7504918987290943
Glyma.11G239800.Wm82.a4.v1,0.7504918987290943
Glyma.19G232000.Wm82.a4.v1,0.7504893890417009
Glyma.08G296700.Wm82.a4.v1,0.7504668018551609
Glyma.13G239400.Wm82.a4.v1,0.7504115887325075
Glyma.12G192700.Wm82.a4.v1,0.7503864918585741
Glyma.08G182100.Wm82.a4.v1,0.7503513562350673
Glyma.16G123700.Wm82.a4.v1,0.7503312787359206
Glyma.04G177900.Wm82.a4.v1,0.7502359106149737
Glyma.19G052100.Wm82.a4.v1,0.7501455618688136
Glyma.02G136800.Wm82.a4.v1,0.7501003874957335
Glyma.02G019900.Wm82.a4.v1,0.7500752906218001
Glyma.07G025000.Wm82.a4.v1,0.7500652518722268
Glyma.18G213500.Wm82.a4.v1,0.7499698837512799
Glyma.07G021300.Wm82.a4.v1,0.7499397675025599
Glyma.04G149600.Wm82.a4.v1,0.7499247093781999
Glyma.08G293366.Wm82.a4.v1,0.7499196900034132
Glyma.11G127400.Wm82.a4.v1,0.7499196900034132
Glyma.15G011200.Wm82.a4.v1,0.7499146706286265
Glyma.17G094800.Wm82.a4.v1,0.7499146706286265
Glyma.17G260000.Wm82.a4.v1,0.7498996125042665
Glyma.09G017600.Wm82.a4.v1,0.7498795350051197
Glyma.14G066000.Wm82.a4.v1,0.749859457505973
Glyma.17G067100.Wm82.a4.v1,0.749814283132893
Glyma.11G201900.Wm82.a4.v1,0.7498092637581063
Glyma.01G004300.Wm82.a4.v1,0.7498092637581063
Glyma.02G219000.Wm82.a4.v1,0.7497992250085329
Glyma.01G149700.Wm82.a4.v1,0.7497791475093862
Glyma.19G122400.Wm82.a4.v1,0.7497791475093862
Glyma.19G006100.Wm82.a4.v1,0.7497339731363062
Glyma.08G185700.Wm82.a4.v1,0.7497088762623728
Glyma.08G237000.Wm82.a4.v1,0.7496938181380127
Glyma.16G189500.Wm82.a4.v1,0.7496486437649327
Glyma.01G099600.Wm82.a4.v1,0.7496235468909993
Glyma.18G153800.Wm82.a4.v1,0.7495833918927058
Glyma.10G026400.Wm82.a4.v1,0.7495733531431324
Glyma.08G204500.Wm82.a4.v1,0.7495382175196258
Glyma.10G153800.Wm82.a4.v1,0.7495382175196258
Glyma.09G281000.Wm82.a4.v1,0.7495281787700524
Glyma.18G147100.Wm82.a4.v1,0.749472965647399
Glyma.13G214600.Wm82.a4.v1,0.7494478687734656
Glyma.17G005100.Wm82.a4.v1,0.7494227718995322
Glyma.14G026300.Wm82.a4.v1,0.7494227718995322
Glyma.04G211300.Wm82.a4.v1,0.7493976750255988
Glyma.03G009700.Wm82.a4.v1,0.7493073262794386
Glyma.05G196800.Wm82.a4.v1,0.7492822294055053
Glyma.04G098900.Wm82.a4.v1,0.7492671712811452
Glyma.19G029400.Wm82.a4.v1,0.7492571325315719
Glyma.05G195900.Wm82.a4.v1,0.7492521131567852
Glyma.11G233700.Wm82.a4.v1,0.7492119581584917
Glyma.06G052900.Wm82.a4.v1,0.7491868612845584
Glyma.03G015600.Wm82.a4.v1,0.7491818419097718
Glyma.19G232400.Wm82.a4.v1,0.7491316481619049
Glyma.06G322700.Wm82.a4.v1,0.7491065512879715
Glyma.02G163200.Wm82.a4.v1,0.7491015319131848
Glyma.08G334800.Wm82.a4.v1,0.7490864737888249
Glyma.03G091800.Wm82.a4.v1,0.7490814544140382
Glyma.02G021900.Wm82.a4.v1,0.7490412994157448
Glyma.12G211800.Wm82.a4.v1,0.7490362800409581
Glyma.14G015700.Wm82.a4.v1,0.7489860862930914
Glyma.12G187700.Wm82.a4.v1,0.7489459312947979
Glyma.09G218600.Wm82.a4.v1,0.7489057762965045
Glyma.06G078500.Wm82.a4.v1,0.7488656212982111
Glyma.07G122400.Wm82.a4.v1,0.7488580922360311
Glyma.17G039500.Wm82.a4.v1,0.7488555825486377
Glyma.05G188500.Wm82.a4.v1,0.748850563173851
Glyma.08G313000.Wm82.a4.v1,0.7488304856747043
Glyma.13G256100.Wm82.a4.v1,0.7487853113016243
Glyma.09G177000.Wm82.a4.v1,0.7487652338024776
Glyma.02G166100.Wm82.a4.v1,0.7487200594293975
Glyma.16G164500.Wm82.a4.v1,0.7487150400546108
Glyma.18G282700.Wm82.a4.v1,0.7486949625554641
Glyma.04G175300.Wm82.a4.v1,0.748634730058024
Glyma.06G180700.Wm82.a4.v1,0.7486146525588773
Glyma.06G307900.Wm82.a4.v1,0.7486046138093039
Glyma.19G089800.Wm82.a4.v1,0.7485845363101572
Glyma.07G031400.Wm82.a4.v1,0.7485393619370772
Glyma.01G238300.Wm82.a4.v1,0.7485343425622905
Glyma.01G154200.Wm82.a4.v1,0.748494187563997
Glyma.13G337700.Wm82.a4.v1,0.7484891681892103
Glyma.08G101400.Wm82.a4.v1,0.748479129439637
Glyma.01G227000.Wm82.a4.v1,0.7484741100648503
Glyma.07G013000.Wm82.a4.v1,0.7484088581926235
Glyma.06G206600.Wm82.a4.v1,0.7484038388178369
Glyma.02G189600.Wm82.a4.v1,0.7484038388178369
Glyma.02G137600.Wm82.a4.v1,0.7483737225691168
Glyma.06G203800.Wm82.a4.v1,0.7483636838195434
Glyma.10G130200.Wm82.a4.v1,0.7483436063203968
Glyma.16G062100.Wm82.a4.v1,0.7483385869456101
Glyma.06G105000.Wm82.a4.v1,0.7482984319473166
Glyma.09G193600.Wm82.a4.v1,0.7482683156985965
Glyma.18G040400.Wm82.a4.v1,0.74826329632381
Glyma.16G085700.Wm82.a4.v1,0.7482231413255165
Glyma.06G018200.Wm82.a4.v1,0.7482231413255165
Glyma.17G038000.Wm82.a4.v1,0.7481980444515831
Glyma.20G055200.Wm82.a4.v1,0.7481578894532896
Glyma.05G235300.Wm82.a4.v1,0.7481428313289297
Glyma.12G044500.Wm82.a4.v1,0.7481277732045697
Glyma.07G124200.Wm82.a4.v1,0.7481277732045697
Glyma.01G163200.Wm82.a4.v1,0.7480976569558496
Glyma.19G032700.Wm82.a4.v1,0.7480926375810629
Glyma.13G079900.Wm82.a4.v1,0.7480625213323429
Glyma.06G254200.Wm82.a4.v1,0.7480524825827695
Glyma.02G098100.Wm82.a4.v1,0.7480324050836228
Glyma.04G184000.Wm82.a4.v1,0.7480123275844761
Glyma.19G030400.Wm82.a4.v1,0.7480073082096894
Glyma.01G208400.Wm82.a4.v1,0.7479370369626759
Glyma.09G202700.Wm82.a4.v1,0.7478968819643825
Glyma.03G225800.Wm82.a4.v1,0.7478868432148091
Glyma.17G222200.Wm82.a4.v1,0.7478667657156625
Glyma.14G036900.Wm82.a4.v1,0.7478416688417291
Glyma.15G017900.Wm82.a4.v1,0.7478366494669424
Glyma.19G188300.Wm82.a4.v1,0.747826610717369
Glyma.18G004000.Wm82.a4.v1,0.7478015138434356
Glyma.06G174400.Wm82.a4.v1,0.7477964944686489
Glyma.10G059500.Wm82.a4.v1,0.7477764169695023
Glyma.19G023200.Wm82.a4.v1,0.747766378219929
Glyma.15G268100.Wm82.a4.v1,0.7477312425964222
Glyma.10G181400.Wm82.a4.v1,0.7476910875981287
Glyma.07G235800.Wm82.a4.v1,0.7476157969763286
Glyma.07G091400.Wm82.a4.v1,0.747595719477182
Glyma.07G184600.Wm82.a4.v1,0.7475756419780352
Glyma.19G235000.Wm82.a4.v1,0.7475706226032486
Glyma.01G219600.Wm82.a4.v1,0.7475656032284619
Glyma.04G229200.Wm82.a4.v1,0.7475605838536752
Glyma.05G037000.Wm82.a4.v1,0.7475254482301684
Glyma.07G228400.Wm82.a4.v1,0.7475103901058084
Glyma.17G112600.Wm82.a4.v1,0.747500351356235
Glyma.06G181600.Wm82.a4.v1,0.7474501576083683
Glyma.03G076200.Wm82.a4.v1,0.7474350994840083
Glyma.08G011400.Wm82.a4.v1,0.7474300801092216
Glyma.07G274100.Wm82.a4.v1,0.7473949444857149
Glyma.07G144500.Wm82.a4.v1,0.7473849057361415
Glyma.03G099000.Wm82.a4.v1,0.7473698476117815
Glyma.20G001000.Wm82.a4.v1,0.7473648282369948
Glyma.20G000400.Wm82.a4.v1,0.747329692613488
Glyma.08G241400.Wm82.a4.v1,0.7472945569899814
Glyma.17G109300.Wm82.a4.v1,0.7472744794908346
Glyma.15G255100.Wm82.a4.v1,0.7472744794908346
Glyma.05G033800.Wm82.a4.v1,0.7472644407412613
Glyma.11G017900.Wm82.a4.v1,0.7472092276186079
Glyma.08G040400.Wm82.a4.v1,0.7471941694942478
Glyma.15G142600.Wm82.a4.v1,0.747143975746381
Glyma.09G248300.Wm82.a4.v1,0.7471389563715943
Glyma.06G117700.Wm82.a4.v1,0.7471238982472344
Glyma.15G111000.Wm82.a4.v1,0.747113859497661
Glyma.01G164100.Wm82.a4.v1,0.7470385688758608
Glyma.16G211300.Wm82.a4.v1,0.7469908848153874
Glyma.14G085900.Wm82.a4.v1,0.7469833557532074
Glyma.10G210900.Wm82.a4.v1,0.7469632782540607
Glyma.11G121900.Wm82.a4.v1,0.7469432007549139
Glyma.16G075200.Wm82.a4.v1,0.7469331620053407
Glyma.17G211000.Wm82.a4.v1,0.7469331620053407
Glyma.18G291800.Wm82.a4.v1,0.746928142630554
Glyma.17G202600.Wm82.a4.v1,0.7469130845061939
Glyma.05G189100.Wm82.a4.v1,0.7468779488826872
Glyma.01G018400.Wm82.a4.v1,0.7468528520087538
Glyma.17G169700.Wm82.a4.v1,0.7468177163852471
Glyma.08G329200.Wm82.a4.v1,0.7468126970104604
Glyma.02G046400.Wm82.a4.v1,0.7467825807617403
Glyma.13G367400.Wm82.a4.v1,0.7467474451382335
Glyma.06G091300.Wm82.a4.v1,0.7467474451382335
Glyma.13G259100.Wm82.a4.v1,0.7467374063886603
Glyma.08G028200.Wm82.a4.v1,0.7467323870138736
Glyma.03G069800.Wm82.a4.v1,0.7466671351416467
Glyma.18G209600.Wm82.a4.v1,0.7465567088963398
Glyma.08G100100.Wm82.a4.v1,0.7465215732728331
Glyma.02G138900.Wm82.a4.v1,0.7464713795249663
Glyma.20G035300.Wm82.a4.v1,0.7464513020258197
Glyma.19G072100.Wm82.a4.v1,0.746446282651033
Glyma.06G067600.Wm82.a4.v1,0.7464262051518863
Glyma.13G227500.Wm82.a4.v1,0.7464111470275262
Glyma.01G228300.Wm82.a4.v1,0.7463659726544462
Glyma.01G001600.Wm82.a4.v1,0.7463609532796595
Glyma.10G016200.Wm82.a4.v1,0.7463609532796595
Glyma.07G239600.Wm82.a4.v1,0.7463358564057261
Glyma.11G245000.Wm82.a4.v1,0.7462957014074327
Glyma.20G221100.Wm82.a4.v1,0.746275623908286
Glyma.07G114600.Wm82.a4.v1,0.7462555464091393
Glyma.04G047200.Wm82.a4.v1,0.7461852751621258
Glyma.15G270400.Wm82.a4.v1,0.746074848916819
Glyma.14G070100.Wm82.a4.v1,0.7460497520428855
Glyma.08G246600.Wm82.a4.v1,0.7460246551689521
Glyma.09G011800.Wm82.a4.v1,0.7460196357941655
Glyma.09G196200.Wm82.a4.v1,0.7460146164193788
Glyma.16G009100.Wm82.a4.v1,0.7460095970445921
Glyma.20G060400.Wm82.a4.v1,0.7460045776698054
Glyma.15G122600.Wm82.a4.v1,0.7459694420462987
Glyma.05G235500.Wm82.a4.v1,0.7459694420462987
Glyma.07G265300.Wm82.a4.v1,0.7459393257975786
Glyma.11G079500.Wm82.a4.v1,0.7459292870480053
Glyma.20G064700.Wm82.a4.v1,0.7459242676732186
Glyma.11G077000.Wm82.a4.v1,0.7458640351757785
Glyma.12G191300.Wm82.a4.v1,0.7458514867388119
Glyma.08G258700.Wm82.a4.v1,0.7458489770514185
Glyma.13G241000.Wm82.a4.v1,0.7458339189270584
Glyma.14G186800.Wm82.a4.v1,0.7458339189270584
Glyma.18G047300.Wm82.a4.v1,0.745808822053125
Glyma.10G016400.Wm82.a4.v1,0.7457937639287651
Glyma.13G151000.Wm82.a4.v1,0.7457887445539784
Glyma.08G156500.Wm82.a4.v1,0.745778705804405
Glyma.11G156500.Wm82.a4.v1,0.7457736864296183
Glyma.07G028000.Wm82.a4.v1,0.7457485895556849
Glyma.01G059200.Wm82.a4.v1,0.7457285120565382
Glyma.17G144100.Wm82.a4.v1,0.7457184733069648
Glyma.13G201900.Wm82.a4.v1,0.7457184733069648
Glyma.02G207500.Wm82.a4.v1,0.7456983958078182
Glyma.10G234000.Wm82.a4.v1,0.7456532214347381
Glyma.04G122200.Wm82.a4.v1,0.7456331439355914
Glyma.09G222900.Wm82.a4.v1,0.7455980083120847
Glyma.01G074800.Wm82.a4.v1,0.7455377758146445
Glyma.13G260600.Wm82.a4.v1,0.7455176983154979
Glyma.17G150300.Wm82.a4.v1,0.7454976208163511
Glyma.02G066100.Wm82.a4.v1,0.7454825626919911
Glyma.18G037200.Wm82.a4.v1,0.7454574658180577
Glyma.15G046201.Wm82.a4.v1,0.745452446443271
Glyma.17G019100.Wm82.a4.v1,0.745444917381091
Glyma.07G163300.Wm82.a4.v1,0.7453319814483907
Glyma.12G114500.Wm82.a4.v1,0.7453169233240308
Glyma.07G119300.Wm82.a4.v1,0.745266729576164
Glyma.03G145000.Wm82.a4.v1,0.7452215552030839
Glyma.17G169000.Wm82.a4.v1,0.7452014777039372
Glyma.08G337900.Wm82.a4.v1,0.7451211677073504
Glyma.04G166300.Wm82.a4.v1,0.7451161483325637
Glyma.18G090300.Wm82.a4.v1,0.7451010902082037
Glyma.16G153100.Wm82.a4.v1,0.7450308189611902
Glyma.19G011600.Wm82.a4.v1,0.7450232898990102
Glyma.03G255400.Wm82.a4.v1,0.7450057220872568
Glyma.17G058700.Wm82.a4.v1,0.7449906639628968
Glyma.10G273700.Wm82.a4.v1,0.7449856445881101
Glyma.05G186600.Wm82.a4.v1,0.74495552833939
Glyma.19G012500.Wm82.a4.v1,0.7447999277210031
Glyma.02G035900.Wm82.a4.v1,0.7447798502218563
Glyma.18G067300.Wm82.a4.v1,0.7447447145983497
Glyma.17G186800.Wm82.a4.v1,0.744739695223563
Glyma.20G179100.Wm82.a4.v1,0.7447246370992029
Glyma.08G330600.Wm82.a4.v1,0.7446744433513361
Glyma.09G257000.Wm82.a4.v1,0.7446694239765494
Glyma.01G023700.Wm82.a4.v1,0.7446493464774028
Glyma.17G077800.Wm82.a4.v1,0.7446393077278294
Glyma.11G233800.Wm82.a4.v1,0.7446292689782561
Glyma.09G077900.Wm82.a4.v1,0.744614210853896
Glyma.09G079100.Wm82.a4.v1,0.7445840946051759
Glyma.07G159300.Wm82.a4.v1,0.7445790752303894
Glyma.13G117700.Wm82.a4.v1,0.7445589977312426
Glyma.01G106200.Wm82.a4.v1,0.7445539783564559
Glyma.14G201500.Wm82.a4.v1,0.7445288814825225
Glyma.18G017100.Wm82.a4.v1,0.7445037846085891
Glyma.08G294700.Wm82.a4.v1,0.7444987652338024
Glyma.03G030900.Wm82.a4.v1,0.7444837071094424
Glyma.03G261800.Wm82.a4.v1,0.7444686489850825
Glyma.01G090102.Wm82.a4.v1,0.7444234746120023
Glyma.06G325566.Wm82.a4.v1,0.7444033971128556
Glyma.13G236500.Wm82.a4.v1,0.744383319613709
Glyma.19G024400.Wm82.a4.v1,0.7443732808641356
Glyma.03G238100.Wm82.a4.v1,0.7443682614893489
Glyma.08G082700.Wm82.a4.v1,0.7443632421145622
Glyma.20G020600.Wm82.a4.v1,0.7443180677414821
Glyma.07G013400.Wm82.a4.v1,0.7443180677414821
Glyma.17G038500.Wm82.a4.v1,0.7442327383701086
Glyma.04G221400.Wm82.a4.v1,0.7442327383701086
Glyma.17G083200.Wm82.a4.v1,0.7442277189953219
Glyma.02G132100.Wm82.a4.v1,0.7441976027466018
Glyma.07G245000.Wm82.a4.v1,0.7441875639970286
Glyma.11G153900.Wm82.a4.v1,0.7441373702491617
Glyma.01G106600.Wm82.a4.v1,0.7441072540004418
Glyma.11G007300.Wm82.a4.v1,0.744072118376935
Glyma.02G042200.Wm82.a4.v1,0.7440319633786415
Glyma.20G003400.Wm82.a4.v1,0.7440169052542815
Glyma.16G205400.Wm82.a4.v1,0.7440118858794948
Glyma.11G230200.Wm82.a4.v1,0.7440018471299215
Glyma.12G053500.Wm82.a4.v1,0.7440018471299215
Glyma.16G111700.Wm82.a4.v1,0.7439817696307748
Glyma.11G150034.Wm82.a4.v1,0.7439566727568414
Glyma.14G119100.Wm82.a4.v1,0.743946634007268
Glyma.08G020800.Wm82.a4.v1,0.7439114983837614
Glyma.10G238000.Wm82.a4.v1,0.7439064790089747
Glyma.10G173800.Wm82.a4.v1,0.7438562852611079
Glyma.19G009700.Wm82.a4.v1,0.7438512658863212
Glyma.06G078100.Wm82.a4.v1,0.7437809946393077
Glyma.18G118100.Wm82.a4.v1,0.7437759752645211
Glyma.03G175400.Wm82.a4.v1,0.7437558977653743
Glyma.17G212500.Wm82.a4.v1,0.7437358202662276
Glyma.15G014200.Wm82.a4.v1,0.7437257815166542
Glyma.02G310600.Wm82.a4.v1,0.7437107233922943
Glyma.12G216100.Wm82.a4.v1,0.7436856265183609
Glyma.07G127800.Wm82.a4.v1,0.7436755877687875
Glyma.09G246600.Wm82.a4.v1,0.7436705683940008
Glyma.01G031900.Wm82.a4.v1,0.7436153552713474
Glyma.05G215600.Wm82.a4.v1,0.7436053165217741
Glyma.02G123700.Wm82.a4.v1,0.7435651615234806
Glyma.11G174910.Wm82.a4.v1,0.7435551227739072
Glyma.19G103550.Wm82.a4.v1,0.7434948902764672
Glyma.04G243100.Wm82.a4.v1,0.7434597546529604
Glyma.10G274600.Wm82.a4.v1,0.743404541530307
Glyma.13G030900.Wm82.a4.v1,0.7433995221555203
Glyma.08G214400.Wm82.a4.v1,0.7433945027807336
Glyma.13G363100.Wm82.a4.v1,0.7433794446563736
Glyma.14G025600.Wm82.a4.v1,0.743359367157227
Glyma.09G103700.Wm82.a4.v1,0.743359367157227
Glyma.17G170300.Wm82.a4.v1,0.7433392896580802
Glyma.04G122600.Wm82.a4.v1,0.7433292509085069
Glyma.07G175500.Wm82.a4.v1,0.7433091734093601
Glyma.13G152882.Wm82.a4.v1,0.7432740377858534
Glyma.15G120300.Wm82.a4.v1,0.7432740377858534
Glyma.08G220400.Wm82.a4.v1,0.7432389021623467
Glyma.13G130700.Wm82.a4.v1,0.7432188246632
Glyma.11G039900.Wm82.a4.v1,0.7431987471640532
Glyma.10G149000.Wm82.a4.v1,0.7431535727909732
Glyma.17G111200.Wm82.a4.v1,0.7431435340413998
Glyma.19G154600.Wm82.a4.v1,0.7431435340413998
Glyma.08G261000.Wm82.a4.v1,0.7431284759170398
Glyma.03G173600.Wm82.a4.v1,0.743093340293533
Glyma.06G018800.Wm82.a4.v1,0.7430732627943863
Glyma.08G018000.Wm82.a4.v1,0.7430381271708796
Glyma.06G275500.Wm82.a4.v1,0.7430280884213062
Glyma.20G217800.Wm82.a4.v1,0.7429929527977995
Glyma.08G012500.Wm82.a4.v1,0.7429879334230128
Glyma.09G093400.Wm82.a4.v1,0.7429728752986527
Glyma.20G048800.Wm82.a4.v1,0.7429628365490795
Glyma.03G202100.Wm82.a4.v1,0.7429578171742928
Glyma.14G056800.Wm82.a4.v1,0.7428724878029193
Glyma.16G056000.Wm82.a4.v1,0.7427921778063324
Glyma.13G288400.Wm82.a4.v1,0.7427419840584657
Glyma.14G058400.Wm82.a4.v1,0.7427068484349589
Glyma.20G197500.Wm82.a4.v1,0.7426767321862389
Glyma.20G219600.Wm82.a4.v1,0.7426566546870922
Glyma.14G056200.Wm82.a4.v1,0.7426466159375188
Glyma.13G330600.Wm82.a4.v1,0.7426215190635854
Glyma.05G031900.Wm82.a4.v1,0.7426164996887987
Glyma.19G165700.Wm82.a4.v1,0.7426114803140121
Glyma.08G099200.Wm82.a4.v1,0.7426064609392254
Glyma.13G262000.Wm82.a4.v1,0.7425813640652921
Glyma.09G074100.Wm82.a4.v1,0.7425361896922119
Glyma.10G108502.Wm82.a4.v1,0.7424659184451985
Glyma.02G173000.Wm82.a4.v1,0.7424558796956251
Glyma.17G059800.Wm82.a4.v1,0.7424508603208384
Glyma.01G046200.Wm82.a4.v1,0.7424358021964784
Glyma.19G125300.Wm82.a4.v1,0.7424006665729717
Glyma.19G091200.Wm82.a4.v1,0.742380589073825
Glyma.19G068800.Wm82.a4.v1,0.7423554921998916
Glyma.17G041500.Wm82.a4.v1,0.7423454534503182
Glyma.14G109000.Wm82.a4.v1,0.7423203565763848
Glyma.11G145700.Wm82.a4.v1,0.7423203565763848
Glyma.19G208700.Wm82.a4.v1,0.7423153372015981
Glyma.05G091100.Wm82.a4.v1,0.7423103178268114
Glyma.13G137700.Wm82.a4.v1,0.7422751822033048
Glyma.05G131500.Wm82.a4.v1,0.7422701628285181
Glyma.10G291900.Wm82.a4.v1,0.7422500853293714
Glyma.07G239500.Wm82.a4.v1,0.7422350272050113
Glyma.05G151100.Wm82.a4.v1,0.7422149497058647
Glyma.02G086000.Wm82.a4.v1,0.7422149497058647
Glyma.10G221400.Wm82.a4.v1,0.7422149497058647
Glyma.08G267400.Wm82.a4.v1,0.7422049109562913
Glyma.10G038600.Wm82.a4.v1,0.7421798140823579
Glyma.06G172900.Wm82.a4.v1,0.7421597365832112
Glyma.08G104600.Wm82.a4.v1,0.7421597365832112
Glyma.07G251300.Wm82.a4.v1,0.7421496978336378
Glyma.04G157200.Wm82.a4.v1,0.7421246009597045
Glyma.09G187100.Wm82.a4.v1,0.7420995040857711
Glyma.13G127000.Wm82.a4.v1,0.7420744072118377
Glyma.19G246400.Wm82.a4.v1,0.7420643684622643
Glyma.19G216400.Wm82.a4.v1,0.7420593490874776
Glyma.12G014900.Wm82.a4.v1,0.7420593490874776
Glyma.03G197100.Wm82.a4.v1,0.7420442909631176
Glyma.08G221800.Wm82.a4.v1,0.742024213463971
Glyma.18G130700.Wm82.a4.v1,0.7420141747143976
Glyma.17G093900.Wm82.a4.v1,0.7419940972152509
Glyma.13G194900.Wm82.a4.v1,0.7419790390908908
Glyma.07G179400.Wm82.a4.v1,0.7419639809665308
Glyma.17G178700.Wm82.a4.v1,0.7419539422169574
Glyma.12G089200.Wm82.a4.v1,0.7419439034673841
Glyma.19G248600.Wm82.a4.v1,0.7419313550304174
Glyma.13G342800.Wm82.a4.v1,0.7418334772220773
Glyma.16G156100.Wm82.a4.v1,0.7418083803481438
Glyma.16G062500.Wm82.a4.v1,0.7417983415985705
Glyma.16G097600.Wm82.a4.v1,0.7417883028489971
Glyma.11G099200.Wm82.a4.v1,0.7417381091011304
Glyma.08G356500.Wm82.a4.v1,0.7417330897263437
Glyma.09G250200.Wm82.a4.v1,0.741728070351557
Glyma.13G141500.Wm82.a4.v1,0.7417230509767704
Glyma.14G208100.Wm82.a4.v1,0.7416377216053969
Glyma.18G035000.Wm82.a4.v1,0.7416226634810368
Glyma.09G259200.Wm82.a4.v1,0.7416025859818901
Glyma.20G098100.Wm82.a4.v1,0.7415825084827434
Glyma.07G195500.Wm82.a4.v1,0.7415774891079567
Glyma.11G077300.Wm82.a4.v1,0.74157246973317
Glyma.13G265200.Wm82.a4.v1,0.7415574116088101
Glyma.18G228400.Wm82.a4.v1,0.7415072178609432
Glyma.17G222300.Wm82.a4.v1,0.7414871403617965
Glyma.13G221800.Wm82.a4.v1,0.7414469853635032
Glyma.09G195100.Wm82.a4.v1,0.7414319272391431
Glyma.04G056400.Wm82.a4.v1,0.7414118497399964
Glyma.06G177600.Wm82.a4.v1,0.7414118497399964
Glyma.09G187700.Wm82.a4.v1,0.741394281928243
Glyma.03G037100.Wm82.a4.v1,0.7413767141164896
Glyma.02G074100.Wm82.a4.v1,0.7413516172425563
Glyma.04G247200.Wm82.a4.v1,0.7413365591181963
Glyma.02G239500.Wm82.a4.v1,0.7413365591181963
Glyma.16G068500.Wm82.a4.v1,0.7413265203686229
Glyma.19G108500.Wm82.a4.v1,0.7412512297468228
Glyma.09G281300.Wm82.a4.v1,0.741231152247676
Glyma.08G165400.Wm82.a4.v1,0.7412110747485293
Glyma.17G009000.Wm82.a4.v1,0.7412060553737426
Glyma.09G251900.Wm82.a4.v1,0.7411909972493826
Glyma.19G217700.Wm82.a4.v1,0.7411508422510892
Glyma.19G121800.Wm82.a4.v1,0.7411408035015159
Glyma.05G043700.Wm82.a4.v1,0.7411357841267292
Glyma.15G203100.Wm82.a4.v1,0.7410755516292891
Glyma.15G217700.Wm82.a4.v1,0.741030377256209
Glyma.11G086200.Wm82.a4.v1,0.7410153191318489
Glyma.18G075200.Wm82.a4.v1,0.7410102997570622
Glyma.08G072200.Wm82.a4.v1,0.7409952416327023
Glyma.10G270000.Wm82.a4.v1,0.7409701447587689
Glyma.18G056100.Wm82.a4.v1,0.7409500672596221
Glyma.06G063500.Wm82.a4.v1,0.740904892886542
Glyma.16G110400.Wm82.a4.v1,0.7408998735117553
Glyma.16G160100.Wm82.a4.v1,0.7408647378882487
Glyma.13G128700.Wm82.a4.v1,0.7408346216395286
Glyma.01G030900.Wm82.a4.v1,0.7408346216395286
Glyma.20G010600.Wm82.a4.v1,0.7408346216395286
Glyma.16G051600.Wm82.a4.v1,0.7408095247655953
Glyma.19G084600.Wm82.a4.v1,0.7407944666412352
Glyma.04G032000.Wm82.a4.v1,0.7407593310177284
Glyma.11G213000.Wm82.a4.v1,0.7407392535185817
Glyma.19G027700.Wm82.a4.v1,0.7407392535185817
Glyma.03G246500.Wm82.a4.v1,0.7407141566446483
Glyma.03G013400.Wm82.a4.v1,0.7406639628967816
Glyma.05G134300.Wm82.a4.v1,0.7406288272732748
Glyma.20G248800.Wm82.a4.v1,0.7406238078984881
Glyma.04G047800.Wm82.a4.v1,0.7406238078984881
Glyma.10G292100.Wm82.a4.v1,0.7405886722749814
Glyma.10G267800.Wm82.a4.v1,0.7405434979019013
Glyma.01G142700.Wm82.a4.v1,0.7404983235288213
Glyma.17G107200.Wm82.a4.v1,0.7404832654044612
Glyma.02G301000.Wm82.a4.v1,0.7404732266548879
Glyma.02G243600.Wm82.a4.v1,0.7404682072801012
Glyma.10G201800.Wm82.a4.v1,0.7404330716565944
Glyma.18G173100.Wm82.a4.v1,0.7404079747826611
Glyma.06G184200.Wm82.a4.v1,0.7403979360330877
Glyma.15G127700.Wm82.a4.v1,0.740377858533941
Glyma.07G222400.Wm82.a4.v1,0.7403427229104342
Glyma.01G149000.Wm82.a4.v1,0.7403427229104342
Glyma.13G059200.Wm82.a4.v1,0.7403075872869276
Glyma.18G284600.Wm82.a4.v1,0.7402975485373542
Glyma.08G216700.Wm82.a4.v1,0.7402573935390607
Glyma.05G062300.Wm82.a4.v1,0.7402272772903408
Glyma.10G298800.Wm82.a4.v1,0.7402122191659807
Glyma.17G201100.Wm82.a4.v1,0.7401620254181139
Glyma.02G134300.Wm82.a4.v1,0.7401068122954605
Glyma.08G337400.Wm82.a4.v1,0.7400817154215271
Glyma.13G370300.Wm82.a4.v1,0.740021482924087
Glyma.15G064900.Wm82.a4.v1,0.7400064247997269
Glyma.20G121700.Wm82.a4.v1,0.7399863473005802
Glyma.11G252200.Wm82.a4.v1,0.7399712891762202
Glyma.17G056900.Wm82.a4.v1,0.7399562310518601
Glyma.04G046100.Wm82.a4.v1,0.7399311341779268
Glyma.15G044600.Wm82.a4.v1,0.7398859598048467
Glyma.02G044600.Wm82.a4.v1,0.7398407854317666
Glyma.09G043000.Wm82.a4.v1,0.73983576605698
Glyma.18G170600.Wm82.a4.v1,0.7398207079326199
Glyma.16G084200.Wm82.a4.v1,0.7398156885578332
Glyma.18G107600.Wm82.a4.v1,0.7397905916838998
Glyma.16G206500.Wm82.a4.v1,0.7397203204368864
Glyma.19G118700.Wm82.a4.v1,0.739710281687313
Glyma.05G135100.Wm82.a4.v1,0.7396701266890197
Glyma.06G075500.Wm82.a4.v1,0.7396701266890197
Glyma.20G108900.Wm82.a4.v1,0.739665107314233
Glyma.04G066400.Wm82.a4.v1,0.7396550685646596
Glyma.17G201700.Wm82.a4.v1,0.7396500491898729
Glyma.11G252900.Wm82.a4.v1,0.7396299716907262
Glyma.04G057200.Wm82.a4.v1,0.7396098941915795
Glyma.17G142800.Wm82.a4.v1,0.7395948360672194
Glyma.08G121100.Wm82.a4.v1,0.7395145260706326
Glyma.09G094200.Wm82.a4.v1,0.7394994679462726
Glyma.08G223400.Wm82.a4.v1,0.7394743710723393
Glyma.17G029800.Wm82.a4.v1,0.7394693516975526
Glyma.09G114500.Wm82.a4.v1,0.7394643323227659
Glyma.04G224900.Wm82.a4.v1,0.7394241773244724
Glyma.13G294700.Wm82.a4.v1,0.7394241773244724
Glyma.U031805.Wm82.a4.v1,0.7394241773244724
Glyma.02G234800.Wm82.a4.v1,0.7394091192001124
Glyma.15G100500.Wm82.a4.v1,0.7394040998253257
Glyma.01G089500.Wm82.a4.v1,0.7393890417009658
Glyma.08G311200.Wm82.a4.v1,0.7393087317043789
Glyma.13G134900.Wm82.a4.v1,0.7392886542052322
Glyma.15G143100.Wm82.a4.v1,0.7392886542052322
Glyma.08G162300.Wm82.a4.v1,0.7392484992069388
Glyma.17G061200.Wm82.a4.v1,0.7392033248338586
Glyma.04G009100.Wm82.a4.v1,0.7391882667094987
Glyma.05G152800.Wm82.a4.v1,0.7391656795229586
Glyma.06G230400.Wm82.a4.v1,0.7391531310859919
Glyma.04G018200.Wm82.a4.v1,0.7391380729616319
Glyma.01G008800.Wm82.a4.v1,0.7391280342120585
Glyma.04G076600.Wm82.a4.v1,0.7391029373381252
Glyma.17G128500.Wm82.a4.v1,0.7390979179633385
Glyma.04G043300.Wm82.a4.v1,0.7390828598389785
Glyma.04G001200.Wm82.a4.v1,0.7390778404641918
Glyma.17G087600.Wm82.a4.v1,0.7390326660911117
Glyma.15G124600.Wm82.a4.v1,0.7390176079667516
Glyma.13G310900.Wm82.a4.v1,0.739012588591965
Glyma.09G013900.Wm82.a4.v1,0.7389824723432449
Glyma.07G189000.Wm82.a4.v1,0.7389824723432449
Glyma.18G278100.Wm82.a4.v1,0.7389021623466581
Glyma.12G098600.Wm82.a4.v1,0.7388469492240046
Glyma.11G181300.Wm82.a4.v1,0.738811813600498
Glyma.09G037400.Wm82.a4.v1,0.7388067942257113
Glyma.12G039500.Wm82.a4.v1,0.7387816973517779
Glyma.20G177400.Wm82.a4.v1,0.7387515811030578
Glyma.13G372300.Wm82.a4.v1,0.7387013873551911
Glyma.18G275700.Wm82.a4.v1,0.7386612323568976
Glyma.16G059400.Wm82.a4.v1,0.7385658642359507
Glyma.03G160000.Wm82.a4.v1,0.7385558254863774
Glyma.06G174300.Wm82.a4.v1,0.7385206898628707
Glyma.04G038400.Wm82.a4.v1,0.738500612363724
Glyma.09G210800.Wm82.a4.v1,0.7384955929889373
Glyma.09G187400.Wm82.a4.v1,0.7384905736141506
Glyma.13G143300.Wm82.a4.v1,0.7384755154897906
Glyma.01G233600.Wm82.a4.v1,0.7384604573654305
Glyma.12G037000.Wm82.a4.v1,0.7383399923705504
Glyma.02G201400.Wm82.a4.v1,0.738329953620977
Glyma.02G109300.Wm82.a4.v1,0.7383249342461903
Glyma.05G052900.Wm82.a4.v1,0.7382948179974702
Glyma.07G115500.Wm82.a4.v1,0.7382797598731102
Glyma.11G150243.Wm82.a4.v1,0.7381994498765234
Glyma.11G064300.Wm82.a4.v1,0.73817435300259
Glyma.15G256300.Wm82.a4.v1,0.7380990623807898
Glyma.15G134500.Wm82.a4.v1,0.7380789848816431
Glyma.08G310300.Wm82.a4.v1,0.7380237717589897
Glyma.10G239200.Wm82.a4.v1,0.7380087136346297
Glyma.16G143100.Wm82.a4.v1,0.7379836167606962
Glyma.02G096600.Wm82.a4.v1,0.7379635392615496
Glyma.18G134700.Wm82.a4.v1,0.7379635392615496
Glyma.13G333200.Wm82.a4.v1,0.7379233842632562
Glyma.12G000800.Wm82.a4.v1,0.7379183648884695
Glyma.10G043300.Wm82.a4.v1,0.7378882486397494
Glyma.19G003200.Wm82.a4.v1,0.737878209890176
Glyma.11G097500.Wm82.a4.v1,0.7378631517658161
Glyma.13G152270.Wm82.a4.v1,0.7378179773927359
Glyma.09G179500.Wm82.a4.v1,0.7378079386431626
Glyma.20G213400.Wm82.a4.v1,0.7378029192683759
Glyma.06G013900.Wm82.a4.v1,0.7377627642700825
Glyma.12G021400.Wm82.a4.v1,0.7377577448952959
Glyma.15G049300.Wm82.a4.v1,0.7376673961491357
Glyma.17G206800.Wm82.a4.v1,0.7376673961491357
Glyma.10G209300.Wm82.a4.v1,0.737647318649989
Glyma.09G274500.Wm82.a4.v1,0.7376172024012689
Glyma.01G244300.Wm82.a4.v1,0.7376172024012689
Glyma.05G046700.Wm82.a4.v1,0.7376071636516955
Glyma.14G132800.Wm82.a4.v1,0.7376021442769088
Glyma.12G194500.Wm82.a4.v1,0.7375770474029755
Glyma.17G163500.Wm82.a4.v1,0.7375519505290421
Glyma.16G167600.Wm82.a4.v1,0.7375419117794687
Glyma.18G128600.Wm82.a4.v1,0.7375168149055353
Glyma.16G049600.Wm82.a4.v1,0.7374565824080952
Glyma.05G003500.Wm82.a4.v1,0.7374565824080952
Glyma.01G038700.Wm82.a4.v1,0.7374565824080952
Glyma.03G239600.Wm82.a4.v1,0.7374465436585219
Glyma.06G291300.Wm82.a4.v1,0.7374314855341618
Glyma.06G107700.Wm82.a4.v1,0.7373812917862951
Glyma.17G163800.Wm82.a4.v1,0.7373762724115084
Glyma.01G241300.Wm82.a4.v1,0.7373762724115084
Glyma.05G009300.Wm82.a4.v1,0.737351175537575
Glyma.13G156600.Wm82.a4.v1,0.7373411367880017
Glyma.10G150000.Wm82.a4.v1,0.737336117413215
Glyma.10G092500.Wm82.a4.v1,0.7373009817897083
Glyma.12G005200.Wm82.a4.v1,0.7372558074166282
Glyma.05G167600.Wm82.a4.v1,0.7372457686670548
Glyma.02G160100.Wm82.a4.v1,0.7372106330435481
Glyma.15G029000.Wm82.a4.v1,0.737150400546108
Glyma.12G242000.Wm82.a4.v1,0.7371353424217479
Glyma.08G073300.Wm82.a4.v1,0.737120284297388
Glyma.11G159648.Wm82.a4.v1,0.7371152649226013
Glyma.06G195600.Wm82.a4.v1,0.7370901680486679
Glyma.18G048200.Wm82.a4.v1,0.7370851486738812
Glyma.07G047800.Wm82.a4.v1,0.7370700905495211
Glyma.11G056700.Wm82.a4.v1,0.7370650711747345
Glyma.07G074400.Wm82.a4.v1,0.7370449936755877
Glyma.16G218200.Wm82.a4.v1,0.7370098580520811
Glyma.12G025100.Wm82.a4.v1,0.7370098580520811
Glyma.19G183100.Wm82.a4.v1,0.7369847611781476
Glyma.07G219200.Wm82.a4.v1,0.7369496255546409
Glyma.10G165700.Wm82.a4.v1,0.7369295480554942
Glyma.05G114700.Wm82.a4.v1,0.7368994318067742
Glyma.04G002400.Wm82.a4.v1,0.7368793543076274
Glyma.05G242800.Wm82.a4.v1,0.7368743349328407
Glyma.14G140400.Wm82.a4.v1,0.7368743349328407
Glyma.07G101600.Wm82.a4.v1,0.7368492380589073
Glyma.14G049700.Wm82.a4.v1,0.7368391993093341
Glyma.08G127800.Wm82.a4.v1,0.7368141024354007
Glyma.10G191200.Wm82.a4.v1,0.7368040636858273
Glyma.13G311800.Wm82.a4.v1,0.7367890055614673
Glyma.02G307200.Wm82.a4.v1,0.7367789668118939
Glyma.07G083500.Wm82.a4.v1,0.7367312827514205
Glyma.14G044800.Wm82.a4.v1,0.7367237536892405
Glyma.18G019900.Wm82.a4.v1,0.7367237536892405
Glyma.11G220100.Wm82.a4.v1,0.7366986568153071
Glyma.10G213600.Wm82.a4.v1,0.7366936374405204
Glyma.15G257100.Wm82.a4.v1,0.7366635211918003
Glyma.08G287300.Wm82.a4.v1,0.7366283855682936
Glyma.07G066600.Wm82.a4.v1,0.7366183468187203
Glyma.03G098300.Wm82.a4.v1,0.7365681530708535
Glyma.13G295600.Wm82.a4.v1,0.7365330174473468
Glyma.04G184300.Wm82.a4.v1,0.7365179593229867
Glyma.03G071600.Wm82.a4.v1,0.7364878430742666
Glyma.18G181200.Wm82.a4.v1,0.7364727849499066
Glyma.05G073700.Wm82.a4.v1,0.7364577268255466
Glyma.16G221700.Wm82.a4.v1,0.7364225912020399
Glyma.09G202500.Wm82.a4.v1,0.7363974943281065
Glyma.11G030100.Wm82.a4.v1,0.7363974943281065
Glyma.01G040000.Wm82.a4.v1,0.7363723974541732
Glyma.18G071900.Wm82.a4.v1,0.7363523199550264
Glyma.05G131100.Wm82.a4.v1,0.7363422812054531
Glyma.06G322200.Wm82.a4.v1,0.7363222037063063
Glyma.20G028300.Wm82.a4.v1,0.736282048708013
Glyma.12G198100.Wm82.a4.v1,0.7362669905836529
Glyma.20G100000.Wm82.a4.v1,0.7362669905836529
Glyma.16G218500.Wm82.a4.v1,0.7362569518340796
Glyma.18G210300.Wm82.a4.v1,0.7362519324592929
Glyma.18G002700.Wm82.a4.v1,0.7362418937097195
Glyma.17G166400.Wm82.a4.v1,0.7362318549601462
Glyma.17G007300.Wm82.a4.v1,0.7362218162105728
Glyma.06G285500.Wm82.a4.v1,0.7362067580862128
Glyma.01G208600.Wm82.a4.v1,0.7361916999618527
Glyma.03G169000.Wm82.a4.v1,0.7360862930913326
Glyma.14G065200.Wm82.a4.v1,0.7360862930913326
Glyma.09G096300.Wm82.a4.v1,0.7359808862208124
Glyma.14G075000.Wm82.a4.v1,0.7359808862208124
Glyma.01G006500.Wm82.a4.v1,0.7359608087216656
Glyma.07G088500.Wm82.a4.v1,0.7358955568494389
Glyma.13G042600.Wm82.a4.v1,0.7358804987250788
Glyma.04G231000.Wm82.a4.v1,0.7358604212259321
Glyma.04G104600.Wm82.a4.v1,0.7358503824763587
Glyma.20G025000.Wm82.a4.v1,0.7358202662276386
Glyma.04G079600.Wm82.a4.v1,0.7357700724797719
Glyma.06G310100.Wm82.a4.v1,0.7357650531049852
Glyma.20G236400.Wm82.a4.v1,0.7357449756058385
Glyma.15G183100.Wm82.a4.v1,0.7357349368562652
Glyma.19G121100.Wm82.a4.v1,0.7357048206075452
Glyma.17G052800.Wm82.a4.v1,0.7356847431083984
Glyma.03G100500.Wm82.a4.v1,0.735644588110105
Glyma.08G013800.Wm82.a4.v1,0.7356044331118116
Glyma.18G212300.Wm82.a4.v1,0.7356044331118116
Glyma.19G087600.Wm82.a4.v1,0.7355994137370249
Glyma.13G356900.Wm82.a4.v1,0.7355743168630915
Glyma.07G013900.Wm82.a4.v1,0.7355642781135182
Glyma.17G041100.Wm82.a4.v1,0.7355442006143714
Glyma.15G000900.Wm82.a4.v1,0.7355140843656515
Glyma.10G236900.Wm82.a4.v1,0.7354940068665047
Glyma.19G203400.Wm82.a4.v1,0.7354488324934246
Glyma.10G226300.Wm82.a4.v1,0.7354438131186379
Glyma.19G077700.Wm82.a4.v1,0.7354136968699179
Glyma.13G056200.Wm82.a4.v1,0.7353133093741844
Glyma.13G056800.Wm82.a4.v1,0.7353082899993977
Glyma.02G272800.Wm82.a4.v1,0.7352631156263176
Glyma.03G188600.Wm82.a4.v1,0.7351978637540908
Glyma.20G066900.Wm82.a4.v1,0.7350824181339972
Glyma.13G318100.Wm82.a4.v1,0.7350673600096372
Glyma.10G031700.Wm82.a4.v1,0.7350673600096372
Glyma.19G166600.Wm82.a4.v1,0.7350573212600638
Glyma.17G013000.Wm82.a4.v1,0.7350523018852771
Glyma.05G247700.Wm82.a4.v1,0.7350372437609172
Glyma.19G154900.Wm82.a4.v1,0.7350322243861305
Glyma.09G091100.Wm82.a4.v1,0.7350322243861305
Glyma.04G098100.Wm82.a4.v1,0.7350071275121971
Glyma.05G133900.Wm82.a4.v1,0.7349519143895437
Glyma.06G062300.Wm82.a4.v1,0.7349368562651836
Glyma.03G096900.Wm82.a4.v1,0.7348665850181701
Glyma.16G039900.Wm82.a4.v1,0.7348515268938101
Glyma.11G244100.Wm82.a4.v1,0.7348214106450901
Glyma.01G219800.Wm82.a4.v1,0.7348163912703034
Glyma.03G031900.Wm82.a4.v1,0.7347411006485032
Glyma.02G242200.Wm82.a4.v1,0.7347360812737166
Glyma.14G174400.Wm82.a4.v1,0.7347109843997832
Glyma.17G070200.Wm82.a4.v1,0.7346909069006364
Glyma.04G045600.Wm82.a4.v1,0.7346858875258497
Glyma.06G153900.Wm82.a4.v1,0.7346808681510631
Glyma.10G179900.Wm82.a4.v1,0.7346658100267031
Glyma.12G219600.Wm82.a4.v1,0.7346457325275564
Glyma.08G296300.Wm82.a4.v1,0.7346256550284097
Glyma.20G057700.Wm82.a4.v1,0.734620635653623
Glyma.13G255300.Wm82.a4.v1,0.7345804806553295
Glyma.20G200800.Wm82.a4.v1,0.7345704419057563
Glyma.19G131500.Wm82.a4.v1,0.7345553837813962
Glyma.11G143200.Wm82.a4.v1,0.7345202481578894
Glyma.10G164800.Wm82.a4.v1,0.7345102094083161
Glyma.12G129600.Wm82.a4.v1,0.7345051900335294
Glyma.13G319300.Wm82.a4.v1,0.7344901319091693
Glyma.11G252100.Wm82.a4.v1,0.7344700544100227
Glyma.14G058900.Wm82.a4.v1,0.7344449575360893
Glyma.05G045800.Wm82.a4.v1,0.7344349187865159
Glyma.07G073100.Wm82.a4.v1,0.7344298994117293
Glyma.15G066100.Wm82.a4.v1,0.7343997831630092
Glyma.16G088400.Wm82.a4.v1,0.7343997831630092
Glyma.08G139400.Wm82.a4.v1,0.7343947637882225
Glyma.19G179000.Wm82.a4.v1,0.7343746862890759
Glyma.07G090400.Wm82.a4.v1,0.7343395506655691
Glyma.08G308700.Wm82.a4.v1,0.7343219828538158
Glyma.03G207000.Wm82.a4.v1,0.7343044150420623
Glyma.03G074700.Wm82.a4.v1,0.734279318168129
Glyma.14G129200.Wm82.a4.v1,0.7342742987933423
Glyma.04G061700.Wm82.a4.v1,0.7342742987933423
Glyma.11G148900.Wm82.a4.v1,0.7342692794185556
Glyma.13G194500.Wm82.a4.v1,0.7342441825446222
Glyma.05G237800.Wm82.a4.v1,0.7342341437950489
Glyma.03G253500.Wm82.a4.v1,0.7341488144236754
Glyma.07G104300.Wm82.a4.v1,0.7341437950488887
Glyma.14G214400.Wm82.a4.v1,0.734138775674102
Glyma.04G078200.Wm82.a4.v1,0.734093601301022
Glyma.03G124700.Wm82.a4.v1,0.7340885819262353
Glyma.11G151700.Wm82.a4.v1,0.7340434075531552
Glyma.19G260400.Wm82.a4.v1,0.7340082719296485
Glyma.01G039100.Wm82.a4.v1,0.7340082719296485
Glyma.15G187500.Wm82.a4.v1,0.7340082719296485
Glyma.16G201600.Wm82.a4.v1,0.7339630975565683
Glyma.01G064400.Wm82.a4.v1,0.733953058806995
Glyma.11G194000.Wm82.a4.v1,0.7338702391230149
Glyma.07G095800.Wm82.a4.v1,0.7338526713112614
Glyma.19G213900.Wm82.a4.v1,0.7338426325616881
Glyma.18G171100.Wm82.a4.v1,0.733827574437328
Glyma.06G240100.Wm82.a4.v1,0.7338225550625415
Glyma.13G134600.Wm82.a4.v1,0.7338125163129681
Glyma.13G271200.Wm82.a4.v1,0.7337924388138214
Glyma.10G023200.Wm82.a4.v1,0.7337874194390347
Glyma.14G083400.Wm82.a4.v1,0.733767341939888
Glyma.06G181100.Wm82.a4.v1,0.7337271869415946
Glyma.04G166100.Wm82.a4.v1,0.7337171481920212
Glyma.03G248500.Wm82.a4.v1,0.7336719738189411
Glyma.08G232000.Wm82.a4.v1,0.7336318188206477
Glyma.06G154800.Wm82.a4.v1,0.733611741321501
Glyma.16G116200.Wm82.a4.v1,0.7336067219467143
Glyma.08G033800.Wm82.a4.v1,0.7335515088240608
Glyma.18G005600.Wm82.a4.v1,0.7335364506997009
Glyma.16G218600.Wm82.a4.v1,0.7335314313249142
Glyma.06G097100.Wm82.a4.v1,0.7335063344509808
Glyma.12G170100.Wm82.a4.v1,0.7335063344509808
Glyma.20G046200.Wm82.a4.v1,0.7334962957014074
Glyma.17G190400.Wm82.a4.v1,0.7334962957014074
Glyma.12G136000.Wm82.a4.v1,0.7334862569518341
Glyma.13G193500.Wm82.a4.v1,0.7334661794526873
Glyma.12G212000.Wm82.a4.v1,0.7334461019535407
Glyma.14G156200.Wm82.a4.v1,0.7334210050796073
Glyma.13G181800.Wm82.a4.v1,0.7334210050796073
Glyma.15G103700.Wm82.a4.v1,0.7334109663300339
Glyma.05G002600.Wm82.a4.v1,0.7334109663300339
Glyma.01G115000.Wm82.a4.v1,0.7333256369586604
Glyma.02G010200.Wm82.a4.v1,0.7333055594595137
Glyma.03G035200.Wm82.a4.v1,0.7332905013351537
Glyma.15G140300.Wm82.a4.v1,0.7332804625855803
Glyma.12G027500.Wm82.a4.v1,0.7332603850864337
Glyma.06G095200.Wm82.a4.v1,0.7332202300881402
Glyma.20G064301.Wm82.a4.v1,0.7332051719637802
Glyma.20G048900.Wm82.a4.v1,0.7332001525889935
Glyma.14G089000.Wm82.a4.v1,0.7331850944646335
Glyma.20G141600.Wm82.a4.v1,0.7331750557150601
Glyma.02G218200.Wm82.a4.v1,0.7331399200915534
Glyma.12G083100.Wm82.a4.v1,0.7331098038428333
Glyma.12G218700.Wm82.a4.v1,0.7330796875941132
Glyma.06G235500.Wm82.a4.v1,0.7330495713453932
Glyma.12G214500.Wm82.a4.v1,0.7330244744714598
Glyma.06G028400.Wm82.a4.v1,0.7330043969723131
Glyma.10G033900.Wm82.a4.v1,0.7329943582227397
Glyma.13G339800.Wm82.a4.v1,0.7329843194731664
Glyma.01G150600.Wm82.a4.v1,0.7329793000983797
Glyma.13G193700.Wm82.a4.v1,0.7329642419740198
Glyma.20G078300.Wm82.a4.v1,0.7329391451000863
Glyma.03G086800.Wm82.a4.v1,0.7328939707270062
Glyma.18G076300.Wm82.a4.v1,0.7328839319774328
Glyma.01G015300.Wm82.a4.v1,0.7328538157287128
Glyma.15G232000.Wm82.a4.v1,0.7328437769791395
Glyma.13G142200.Wm82.a4.v1,0.7328387576043528
Glyma.02G030200.Wm82.a4.v1,0.7328387576043528
Glyma.13G040000.Wm82.a4.v1,0.7328086413556327
Glyma.13G193300.Wm82.a4.v1,0.732773505732126
Glyma.15G211200.Wm82.a4.v1,0.7327534282329793
Glyma.03G002500.Wm82.a4.v1,0.7327433894834059
Glyma.17G167100.Wm82.a4.v1,0.7327383701086193
Glyma.04G213400.Wm82.a4.v1,0.7327057441725059
Glyma.06G079000.Wm82.a4.v1,0.7326931957355391
Glyma.13G062600.Wm82.a4.v1,0.7326831569859659
Glyma.04G099100.Wm82.a4.v1,0.7326580601120325
Glyma.12G196200.Wm82.a4.v1,0.7325777501154456
Glyma.06G307700.Wm82.a4.v1,0.7325526532415122
Glyma.07G155700.Wm82.a4.v1,0.7325426144919389
Glyma.02G191500.Wm82.a4.v1,0.7325325757423655
Glyma.08G045400.Wm82.a4.v1,0.7325175176180055
Glyma.18G283400.Wm82.a4.v1,0.7324773626197121
Glyma.05G102400.Wm82.a4.v1,0.7324522657457787
Glyma.11G181700.Wm82.a4.v1,0.7324271688718453
Glyma.17G023400.Wm82.a4.v1,0.7324171301222719
Glyma.06G017700.Wm82.a4.v1,0.7324121107474852
Glyma.20G076500.Wm82.a4.v1,0.7323468588752585
Glyma.06G145700.Wm82.a4.v1,0.7323468588752585
Glyma.19G241000.Wm82.a4.v1,0.7323167426265385
Glyma.16G039400.Wm82.a4.v1,0.732276587628245
Glyma.14G198600.Wm82.a4.v1,0.7322665488786717
Glyma.08G239500.Wm82.a4.v1,0.732261529503885
Glyma.04G052000.Wm82.a4.v1,0.7322565101290983
Glyma.14G189900.Wm82.a4.v1,0.7321611420081514
Glyma.02G233600.Wm82.a4.v1,0.7321460838837914
Glyma.10G117300.Wm82.a4.v1,0.7321260063846448
Glyma.04G138300.Wm82.a4.v1,0.7321109482602847
Glyma.03G017000.Wm82.a4.v1,0.7320958901359247
Glyma.02G047000.Wm82.a4.v1,0.7320507157628445
Glyma.15G118400.Wm82.a4.v1,0.7320406770132712
Glyma.16G207800.Wm82.a4.v1,0.7320205995141246
Glyma.03G021900.Wm82.a4.v1,0.7320205995141246
Glyma.06G227500.Wm82.a4.v1,0.7320155801393379
Glyma.08G301300.Wm82.a4.v1,0.7319904832654045
Glyma.17G206500.Wm82.a4.v1,0.731950328267111
Glyma.20G016000.Wm82.a4.v1,0.7319453088923243
Glyma.19G134300.Wm82.a4.v1,0.7318649988957375
Glyma.12G147200.Wm82.a4.v1,0.7318198245226575
Glyma.11G085900.Wm82.a4.v1,0.7318047663982974
Glyma.03G174500.Wm82.a4.v1,0.731749553275644
Glyma.17G259200.Wm82.a4.v1,0.7317294757764973
Glyma.07G266900.Wm82.a4.v1,0.7317043789025639
Glyma.08G092700.Wm82.a4.v1,0.7316993595277772
Glyma.03G070700.Wm82.a4.v1,0.7316993595277772
Glyma.15G213000.Wm82.a4.v1,0.7316893207782039
Glyma.19G218000.Wm82.a4.v1,0.7316441464051238
Glyma.07G017500.Wm82.a4.v1,0.7316039914068304
Glyma.14G086500.Wm82.a4.v1,0.7315989720320437
Glyma.18G269100.Wm82.a4.v1,0.7315738751581103
Glyma.06G323800.Wm82.a4.v1,0.7315738751581103
Glyma.12G024800.Wm82.a4.v1,0.7315588170337503
Glyma.05G191200.Wm82.a4.v1,0.7315537976589636
Glyma.10G190000.Wm82.a4.v1,0.7315437589093903
Glyma.18G296700.Wm82.a4.v1,0.7315387395346036
Glyma.07G192500.Wm82.a4.v1,0.7315337201598169
Glyma.18G301600.Wm82.a4.v1,0.7315186620354569
Glyma.12G018600.Wm82.a4.v1,0.7315136426606702
Glyma.02G109900.Wm82.a4.v1,0.7314734876623767
Glyma.08G209600.Wm82.a4.v1,0.7314534101632301
Glyma.04G193000.Wm82.a4.v1,0.73142329391451
Glyma.20G182600.Wm82.a4.v1,0.7313128676692031
Glyma.04G215900.Wm82.a4.v1,0.7312727126709098
Glyma.03G148200.Wm82.a4.v1,0.7312576545465497
Glyma.09G212400.Wm82.a4.v1,0.731252635171763
Glyma.20G031600.Wm82.a4.v1,0.731237577047403
Glyma.18G189900.Wm82.a4.v1,0.7312225189230429
Glyma.18G024100.Wm82.a4.v1,0.7312074607986829
Glyma.03G254700.Wm82.a4.v1,0.7311974220491095
Glyma.02G064900.Wm82.a4.v1,0.7311823639247496
Glyma.12G037200.Wm82.a4.v1,0.7311773445499629
Glyma.04G210700.Wm82.a4.v1,0.7311622864256029
Glyma.05G106100.Wm82.a4.v1,0.7310869958038027
Glyma.07G073700.Wm82.a4.v1,0.731066918304656
Glyma.10G067302.Wm82.a4.v1,0.731066918304656
Glyma.01G077200.Wm82.a4.v1,0.7310568795550826
Glyma.02G102000.Wm82.a4.v1,0.7310468408055093
Glyma.04G191900.Wm82.a4.v1,0.7310217439315759
Glyma.05G070600.Wm82.a4.v1,0.7310117051820025
Glyma.03G169400.Wm82.a4.v1,0.7309966470576424
Glyma.16G173600.Wm82.a4.v1,0.7309815889332825
Glyma.09G000651.Wm82.a4.v1,0.7308761820627623
Glyma.18G271100.Wm82.a4.v1,0.7308661433131889
Glyma.14G167200.Wm82.a4.v1,0.7308410464392555
Glyma.11G128000.Wm82.a4.v1,0.7308109301905354
Glyma.11G189000.Wm82.a4.v1,0.7308008914409622
Glyma.10G045600.Wm82.a4.v1,0.7307908526913888
Glyma.13G131700.Wm82.a4.v1,0.7307858333166021
Glyma.12G182000.Wm82.a4.v1,0.7307757945670287
Glyma.16G145700.Wm82.a4.v1,0.7307456783183087
Glyma.14G207500.Wm82.a4.v1,0.7306653683217218
Glyma.10G019200.Wm82.a4.v1,0.7306352520730018
Glyma.17G137100.Wm82.a4.v1,0.7306302326982151
Glyma.03G153300.Wm82.a4.v1,0.730615174573855
Glyma.18G041700.Wm82.a4.v1,0.730615174573855
Glyma.05G217000.Wm82.a4.v1,0.730570000200775
Glyma.13G256800.Wm82.a4.v1,0.730570000200775
Glyma.12G206300.Wm82.a4.v1,0.7305549420764149
Glyma.04G017200.Wm82.a4.v1,0.7305449033268416
Glyma.07G041100.Wm82.a4.v1,0.7304545545806814
Glyma.11G047400.Wm82.a4.v1,0.7304344770815347
Glyma.07G249900.Wm82.a4.v1,0.7304194189571747
Glyma.18G102500.Wm82.a4.v1,0.7304043608328147
Glyma.01G086201.Wm82.a4.v1,0.7303792639588813
Glyma.08G081600.Wm82.a4.v1,0.7303391089605878
Glyma.07G265100.Wm82.a4.v1,0.7303290702110146
Glyma.11G040000.Wm82.a4.v1,0.7303140120866545
Glyma.17G017100.Wm82.a4.v1,0.7303140120866545
Glyma.09G041200.Wm82.a4.v1,0.7303089927118678
Glyma.16G095700.Wm82.a4.v1,0.7302788764631477
Glyma.06G114800.Wm82.a4.v1,0.7302487602144276
Glyma.15G033700.Wm82.a4.v1,0.730243740839641
Glyma.01G153200.Wm82.a4.v1,0.7301483727186941
Glyma.20G167600.Wm82.a4.v1,0.7301031983456141
Glyma.20G068300.Wm82.a4.v1,0.7300931595960407
Glyma.09G074300.Wm82.a4.v1,0.730073082096894
Glyma.05G105800.Wm82.a4.v1,0.7300128495994539
Glyma.17G232700.Wm82.a4.v1,0.7299877527255205
Glyma.08G254100.Wm82.a4.v1,0.7299626558515871
Glyma.15G101400.Wm82.a4.v1,0.7299275202280804
Glyma.04G087800.Wm82.a4.v1,0.7299225008532937
Glyma.13G211900.Wm82.a4.v1,0.7298371714819202
Glyma.15G002700.Wm82.a4.v1,0.7298321521071335
Glyma.13G152406.Wm82.a4.v1,0.7298271327323469
Glyma.01G240000.Wm82.a4.v1,0.7298070552332001
Glyma.01G164400.Wm82.a4.v1,0.7297819583592667
Glyma.13G250500.Wm82.a4.v1,0.7297468227357601
Glyma.08G188700.Wm82.a4.v1,0.7297367839861867
Glyma.08G181200.Wm82.a4.v1,0.7297267452366133
Glyma.13G305000.Wm82.a4.v1,0.7296966289878932
Glyma.15G269500.Wm82.a4.v1,0.7296163189913064
Glyma.09G025300.Wm82.a4.v1,0.729591222117373
Glyma.11G154423.Wm82.a4.v1,0.729546047744293
Glyma.18G106800.Wm82.a4.v1,0.7295109121207862
Glyma.01G236100.Wm82.a4.v1,0.7294958539964262
Glyma.11G129000.Wm82.a4.v1,0.7294908346216396
Glyma.02G120000.Wm82.a4.v1,0.7294858152468529
Glyma.09G017700.Wm82.a4.v1,0.7294556989981328
Glyma.10G180600.Wm82.a4.v1,0.7294406408737728
Glyma.09G003900.Wm82.a4.v1,0.7294306021241994
Glyma.06G309100.Wm82.a4.v1,0.7294155439998394
Glyma.13G327000.Wm82.a4.v1,0.7294155439998394
Glyma.16G029900.Wm82.a4.v1,0.7293653502519726
Glyma.07G270800.Wm82.a4.v1,0.7293402533780392
Glyma.08G214600.Wm82.a4.v1,0.7293352340032525
Glyma.09G046800.Wm82.a4.v1,0.7293302146284659
Glyma.13G123800.Wm82.a4.v1,0.7293101371293191
Glyma.17G262700.Wm82.a4.v1,0.7292900596301725
Glyma.06G206200.Wm82.a4.v1,0.7292750015058125
Glyma.06G276100.Wm82.a4.v1,0.7292699821310258
Glyma.20G024100.Wm82.a4.v1,0.729249904631879
Glyma.01G028700.Wm82.a4.v1,0.7292298271327323
Glyma.03G182600.Wm82.a4.v1,0.729204730258799
Glyma.05G198700.Wm82.a4.v1,0.7291997108840123
Glyma.08G128500.Wm82.a4.v1,0.7291946915092256
Glyma.04G091700.Wm82.a4.v1,0.7291846527596523
Glyma.10G051600.Wm82.a4.v1,0.7291695946352922
Glyma.06G111000.Wm82.a4.v1,0.7291143815126387
Glyma.11G010700.Wm82.a4.v1,0.7291143815126387
Glyma.20G079300.Wm82.a4.v1,0.7290742265143454
Glyma.15G069300.Wm82.a4.v1,0.7290290521412652
Glyma.19G021600.Wm82.a4.v1,0.7290139940169053
Glyma.01G005400.Wm82.a4.v1,0.7290139940169053
Glyma.14G212100.Wm82.a4.v1,0.7289939165177586
Glyma.20G086200.Wm82.a4.v1,0.7289688196438252
Glyma.18G284000.Wm82.a4.v1,0.7289638002690385
Glyma.13G150900.Wm82.a4.v1,0.7289186258959583
Glyma.15G025800.Wm82.a4.v1,0.7288734515228783
Glyma.17G054400.Wm82.a4.v1,0.7288734515228783
Glyma.14G023100.Wm82.a4.v1,0.728833296524585
Glyma.11G118900.Wm82.a4.v1,0.7287981609010782
Glyma.15G058100.Wm82.a4.v1,0.7287881221515048
Glyma.15G063400.Wm82.a4.v1,0.7287780834019315
Glyma.07G119400.Wm82.a4.v1,0.728752986527998
Glyma.12G236900.Wm82.a4.v1,0.728707812154918
Glyma.06G147800.Wm82.a4.v1,0.728707812154918
Glyma.06G152200.Wm82.a4.v1,0.7287027927801313
Glyma.01G229000.Wm82.a4.v1,0.728685224968378
Glyma.20G187500.Wm82.a4.v1,0.7286827152809846
Glyma.10G104900.Wm82.a4.v1,0.7286776959061979
Glyma.17G052500.Wm82.a4.v1,0.7285773084104644
Glyma.05G019400.Wm82.a4.v1,0.7285421727869577
Glyma.06G051500.Wm82.a4.v1,0.7285170759130243
Glyma.20G236900.Wm82.a4.v1,0.7284919790390909
Glyma.14G044700.Wm82.a4.v1,0.7284719015399442
Glyma.08G012000.Wm82.a4.v1,0.7284367659164375
Glyma.13G074800.Wm82.a4.v1,0.7284166884172908
Glyma.19G164500.Wm82.a4.v1,0.7283715140442106
Glyma.19G206200.Wm82.a4.v1,0.7282711265484771
Glyma.10G166500.Wm82.a4.v1,0.728256068424117
Glyma.17G015000.Wm82.a4.v1,0.7282410102997571
Glyma.09G266600.Wm82.a4.v1,0.7282008553014636
Glyma.15G130300.Wm82.a4.v1,0.7281908165518903
Glyma.13G190200.Wm82.a4.v1,0.7281857971771036
Glyma.19G214000.Wm82.a4.v1,0.7281782681149236
Glyma.18G037300.Wm82.a4.v1,0.7281707390527435
Glyma.07G088400.Wm82.a4.v1,0.728165719677957
Glyma.13G119500.Wm82.a4.v1,0.7281406228040236
Glyma.02G240700.Wm82.a4.v1,0.7281105065553035
Glyma.19G036900.Wm82.a4.v1,0.72807035155701
Glyma.06G269600.Wm82.a4.v1,0.7280653321822234
Glyma.20G120300.Wm82.a4.v1,0.7280201578091433
Glyma.17G250800.Wm82.a4.v1,0.7279800028108498
Glyma.10G017600.Wm82.a4.v1,0.7279599253117032
Glyma.17G201900.Wm82.a4.v1,0.7278444796916096
Glyma.17G121100.Wm82.a4.v1,0.7278344409420363
Glyma.08G136400.Wm82.a4.v1,0.7278093440681028
Glyma.01G222400.Wm82.a4.v1,0.7277691890698095
Glyma.14G132000.Wm82.a4.v1,0.7277641696950228
Glyma.07G102400.Wm82.a4.v1,0.7277340534463027
Glyma.04G189300.Wm82.a4.v1,0.7277340534463027
Glyma.08G350600.Wm82.a4.v1,0.7276788403236493
Glyma.06G276900.Wm82.a4.v1,0.7276738209488626
Glyma.09G282100.Wm82.a4.v1,0.7276336659505692
Glyma.12G040800.Wm82.a4.v1,0.7276236272009958
Glyma.05G066800.Wm82.a4.v1,0.7276186078262091
Glyma.07G045300.Wm82.a4.v1,0.7276186078262091
Glyma.17G215700.Wm82.a4.v1,0.7275884915774891
Glyma.07G024100.Wm82.a4.v1,0.7275884915774891
Glyma.11G160100.Wm82.a4.v1,0.7275382978296223
Glyma.06G005500.Wm82.a4.v1,0.7275332784548356
Glyma.17G113200.Wm82.a4.v1,0.727528259080049
Glyma.18G008300.Wm82.a4.v1,0.7274931234565423
Glyma.02G153700.Wm82.a4.v1,0.7274881040817556
Glyma.08G226100.Wm82.a4.v1,0.7274379103338888
Glyma.04G174800.Wm82.a4.v1,0.7274128134599555
Glyma.20G245400.Wm82.a4.v1,0.7274128134599555
Glyma.20G156200.Wm82.a4.v1,0.7274077940851688
Glyma.04G195500.Wm82.a4.v1,0.7273877165860221
Glyma.12G172100.Wm82.a4.v1,0.7273626197120887
Glyma.14G068500.Wm82.a4.v1,0.7273375228381552
Glyma.06G051000.Wm82.a4.v1,0.7272722709659285
Glyma.06G060200.Wm82.a4.v1,0.7272672515911418
Glyma.17G196300.Wm82.a4.v1,0.7272220772180618
Glyma.13G214300.Wm82.a4.v1,0.7271267090971149
Glyma.13G080300.Wm82.a4.v1,0.7271216897223282
Glyma.13G197100.Wm82.a4.v1,0.7270915734736081
Glyma.11G118000.Wm82.a4.v1,0.7270363603509546
Glyma.04G021900.Wm82.a4.v1,0.727016282851808
Glyma.07G216600.Wm82.a4.v1,0.7269962053526613
Glyma.13G145700.Wm82.a4.v1,0.7269761278535146
Glyma.18G243400.Wm82.a4.v1,0.7269309534804345
Glyma.06G210400.Wm82.a4.v1,0.7269309534804345
Glyma.08G075400.Wm82.a4.v1,0.7269259341056478
Glyma.09G120600.Wm82.a4.v1,0.7268657016082077
Glyma.12G045400.Wm82.a4.v1,0.7268556628586343
Glyma.17G157600.Wm82.a4.v1,0.7268406047342743
Glyma.12G074800.Wm82.a4.v1,0.7268054691107676
Glyma.02G205102.Wm82.a4.v1,0.7267904109864075
Glyma.14G205700.Wm82.a4.v1,0.7267904109864075
Glyma.10G295600.Wm82.a4.v1,0.7267703334872608
Glyma.17G101800.Wm82.a4.v1,0.7267101009898207
Glyma.10G159200.Wm82.a4.v1,0.7266649266167406
Glyma.05G218000.Wm82.a4.v1,0.726659907241954
Glyma.03G070200.Wm82.a4.v1,0.7266548878671673
Glyma.11G191000.Wm82.a4.v1,0.7266448491175939
Glyma.08G270900.Wm82.a4.v1,0.7266297909932339
Glyma.10G228900.Wm82.a4.v1,0.7265770875579738
Glyma.02G101700.Wm82.a4.v1,0.726504306623567
Glyma.14G097800.Wm82.a4.v1,0.7264390547513402
Glyma.02G158200.Wm82.a4.v1,0.7264390547513402
Glyma.17G057700.Wm82.a4.v1,0.7263687835043267
Glyma.07G008200.Wm82.a4.v1,0.7263085510068866
Glyma.12G197100.Wm82.a4.v1,0.7262483185094465
Glyma.13G340300.Wm82.a4.v1,0.7261981247615797
Glyma.04G228600.Wm82.a4.v1,0.7261529503884996
Glyma.05G003800.Wm82.a4.v1,0.7261529503884996
Glyma.13G321300.Wm82.a4.v1,0.7260826791414862
Glyma.17G176300.Wm82.a4.v1,0.7260324853936194
Glyma.15G028500.Wm82.a4.v1,0.7260124078944726
Glyma.04G199400.Wm82.a4.v1,0.7259672335213926
Glyma.13G129800.Wm82.a4.v1,0.7259672335213926
Glyma.13G237500.Wm82.a4.v1,0.7259672335213926
Glyma.03G018600.Wm82.a4.v1,0.7259622141466059
Glyma.12G086700.Wm82.a4.v1,0.7259471560222459
Glyma.10G282700.Wm82.a4.v1,0.7258919428995925
Glyma.08G346900.Wm82.a4.v1,0.7258467685265123
Glyma.05G187400.Wm82.a4.v1,0.7258216716525789
Glyma.14G002900.Wm82.a4.v1,0.7257714779047122
Glyma.17G127200.Wm82.a4.v1,0.7257413616559921
Glyma.01G217300.Wm82.a4.v1,0.7257062260324854
Glyma.06G043300.Wm82.a4.v1,0.7256961872829121
Glyma.18G278900.Wm82.a4.v1,0.7256911679081254
Glyma.09G256402.Wm82.a4.v1,0.7256058385367519
Glyma.09G256600.Wm82.a4.v1,0.7255707029132451
Glyma.12G238400.Wm82.a4.v1,0.7255205091653784
Glyma.02G276000.Wm82.a4.v1,0.7254301604192182
Glyma.17G244300.Wm82.a4.v1,0.7254151022948582
Glyma.08G008400.Wm82.a4.v1,0.7253849860461381
Glyma.12G222500.Wm82.a4.v1,0.725339811673058
Glyma.06G139800.Wm82.a4.v1,0.7253347922982714
Glyma.13G184900.Wm82.a4.v1,0.725324753548698
Glyma.U008900.Wm82.a4.v1,0.7253197341739113
Glyma.04G240000.Wm82.a4.v1,0.7252896179251912
Glyma.16G056600.Wm82.a4.v1,0.7252845985504046
Glyma.05G236000.Wm82.a4.v1,0.7252795791756179
Glyma.05G051800.Wm82.a4.v1,0.7252745598008312
Glyma.20G097600.Wm82.a4.v1,0.7252394241773245
Glyma.08G329100.Wm82.a4.v1,0.7252143273033911
Glyma.09G154900.Wm82.a4.v1,0.7252042885538177
Glyma.09G284900.Wm82.a4.v1,0.725184211054671
Glyma.08G259200.Wm82.a4.v1,0.7251741723050977
Glyma.07G034700.Wm82.a4.v1,0.7251591141807376
Glyma.13G103200.Wm82.a4.v1,0.7251089204328709
Glyma.11G220400.Wm82.a4.v1,0.7250938623085108
Glyma.02G190000.Wm82.a4.v1,0.7250637460597908
Glyma.02G195500.Wm82.a4.v1,0.7249683779388439
Glyma.08G126100.Wm82.a4.v1,0.7249683779388439
Glyma.12G072700.Wm82.a4.v1,0.7249483004396973
Glyma.18G240200.Wm82.a4.v1,0.7249432810649106
Glyma.16G056900.Wm82.a4.v1,0.7249432810649106
Glyma.16G048900.Wm82.a4.v1,0.7248880679422571
Glyma.04G124800.Wm82.a4.v1,0.7248629710683238
Glyma.07G078800.Wm82.a4.v1,0.724827835444817
Glyma.06G227200.Wm82.a4.v1,0.7247926998213102
Glyma.12G122400.Wm82.a4.v1,0.7247676029473769
Glyma.04G113000.Wm82.a4.v1,0.7247224285742968
Glyma.20G246900.Wm82.a4.v1,0.7247174091995101
Glyma.06G183000.Wm82.a4.v1,0.7247073704499367
Glyma.11G144800.Wm82.a4.v1,0.7247023510751501
Glyma.05G042600.Wm82.a4.v1,0.7246973317003634
Glyma.17G067800.Wm82.a4.v1,0.7246672154516434
Glyma.16G220100.Wm82.a4.v1,0.7246019635794165
Glyma.20G145700.Wm82.a4.v1,0.7245818860802699
Glyma.04G233400.Wm82.a4.v1,0.7245618085811232
Glyma.04G192000.Wm82.a4.v1,0.7245417310819764
Glyma.05G101700.Wm82.a4.v1,0.7244463629610296
Glyma.04G221900.Wm82.a4.v1,0.7244262854618828
Glyma.14G142900.Wm82.a4.v1,0.7244212660870962
Glyma.08G171700.Wm82.a4.v1,0.7244011885879494
Glyma.08G337600.Wm82.a4.v1,0.7243911498383762
Glyma.07G149151.Wm82.a4.v1,0.7243660529644428
Glyma.10G178500.Wm82.a4.v1,0.7243560142148694
Glyma.16G104600.Wm82.a4.v1,0.7243560142148694
Glyma.20G116400.Wm82.a4.v1,0.7243359367157227
Glyma.08G231300.Wm82.a4.v1,0.7243359367157227
Glyma.10G009700.Wm82.a4.v1,0.7242957817174293
Glyma.08G360000.Wm82.a4.v1,0.7242807235930693
Glyma.13G116800.Wm82.a4.v1,0.7242757042182826
Glyma.19G256600.Wm82.a4.v1,0.7242757042182826
Glyma.09G133200.Wm82.a4.v1,0.7242656654687092
Glyma.20G161500.Wm82.a4.v1,0.7242455879695625
Glyma.05G131200.Wm82.a4.v1,0.7242405685947758
Glyma.14G116100.Wm82.a4.v1,0.7242405685947758
Glyma.08G066600.Wm82.a4.v1,0.7241552392234023
Glyma.17G224000.Wm82.a4.v1,0.7241100648503223
Glyma.20G133800.Wm82.a4.v1,0.7240598711024555
Glyma.08G042200.Wm82.a4.v1,0.7240498323528821
Glyma.12G134300.Wm82.a4.v1,0.7240448129780954
Glyma.04G228100.Wm82.a4.v1,0.7240347742285221
Glyma.15G129300.Wm82.a4.v1,0.7240297548537354
Glyma.07G035900.Wm82.a4.v1,0.7240297548537354
Glyma.18G182600.Wm82.a4.v1,0.7240096773545888
Glyma.18G004200.Wm82.a4.v1,0.7239946192302287
Glyma.13G153500.Wm82.a4.v1,0.7239845804806553
Glyma.17G128000.Wm82.a4.v1,0.7239845804806553
Glyma.10G123400.Wm82.a4.v1,0.7239444254823619
Glyma.12G010100.Wm82.a4.v1,0.7239444254823619
Glyma.19G227500.Wm82.a4.v1,0.7238239604874817
Glyma.19G250600.Wm82.a4.v1,0.7237687473648282
Glyma.09G011500.Wm82.a4.v1,0.7237336117413214
Glyma.10G048500.Wm82.a4.v1,0.7237336117413214
Glyma.13G153300.Wm82.a4.v1,0.723633224245588
Glyma.13G360500.Wm82.a4.v1,0.7235830304977212
Glyma.12G172500.Wm82.a4.v1,0.7235579336237878
Glyma.10G131700.Wm82.a4.v1,0.7235478948742144
Glyma.09G194200.Wm82.a4.v1,0.7235278173750678
Glyma.02G062800.Wm82.a4.v1,0.7235227980002811
Glyma.09G269900.Wm82.a4.v1,0.7234826430019877
Glyma.08G045900.Wm82.a4.v1,0.7234675848776276
Glyma.13G163400.Wm82.a4.v1,0.7234625655028409
Glyma.07G079700.Wm82.a4.v1,0.7234625655028409
Glyma.12G140100.Wm82.a4.v1,0.7233872748810408
Glyma.17G232000.Wm82.a4.v1,0.7233621780071074
Glyma.19G010200.Wm82.a4.v1,0.7233571586323208
Glyma.08G111500.Wm82.a4.v1,0.723352139257534
Glyma.13G124600.Wm82.a4.v1,0.723322023008814
Glyma.11G061700.Wm82.a4.v1,0.723322023008814
Glyma.08G302500.Wm82.a4.v1,0.7232166161382938
Glyma.12G191400.Wm82.a4.v1,0.7232115967635071
Glyma.13G142400.Wm82.a4.v1,0.7231714417652138
Glyma.09G196800.Wm82.a4.v1,0.7231614030156404
Glyma.01G215700.Wm82.a4.v1,0.7230710542694802
Glyma.19G230600.Wm82.a4.v1,0.7230509767703335
Glyma.15G111500.Wm82.a4.v1,0.7229756861485334
Glyma.01G192900.Wm82.a4.v1,0.7229505892746
Glyma.09G150500.Wm82.a4.v1,0.7229505892746
Glyma.07G020200.Wm82.a4.v1,0.7229054149015198
Glyma.01G235200.Wm82.a4.v1,0.7229003955267332
Glyma.10G268300.Wm82.a4.v1,0.7228602405284398
Glyma.05G036200.Wm82.a4.v1,0.7228401630292931
Glyma.11G152751.Wm82.a4.v1,0.7228050274057863
Glyma.09G177100.Wm82.a4.v1,0.722779930531853
Glyma.10G031500.Wm82.a4.v1,0.7227498142831329
Glyma.14G222900.Wm82.a4.v1,0.7227347561587729
Glyma.15G105900.Wm82.a4.v1,0.7227196980344128
Glyma.10G250500.Wm82.a4.v1,0.7227096592848394
Glyma.01G188400.Wm82.a4.v1,0.7227096592848394
Glyma.06G320900.Wm82.a4.v1,0.7226946011604795
Glyma.03G172200.Wm82.a4.v1,0.7226644849117594
Glyma.05G000600.Wm82.a4.v1,0.7226494267873994
Glyma.18G195900.Wm82.a4.v1,0.7226243299134659
Glyma.02G145500.Wm82.a4.v1,0.7226042524143192
Glyma.13G180100.Wm82.a4.v1,0.722594213664746
Glyma.07G020700.Wm82.a4.v1,0.7225891942899593
Glyma.12G083200.Wm82.a4.v1,0.7224938261690124
Glyma.19G015900.Wm82.a4.v1,0.7224486517959323
Glyma.06G170200.Wm82.a4.v1,0.7224386130463589
Glyma.15G050600.Wm82.a4.v1,0.7224285742967856
Glyma.17G122500.Wm82.a4.v1,0.7224285742967856
Glyma.11G026000.Wm82.a4.v1,0.7223934386732789
Glyma.19G196000.Wm82.a4.v1,0.7223884192984922
Glyma.04G159300.Wm82.a4.v1,0.7223382255506254
Glyma.03G239900.Wm82.a4.v1,0.7222880318027587
Glyma.13G256900.Wm82.a4.v1,0.7222428574296785
Glyma.03G229600.Wm82.a4.v1,0.7222378380548918
Glyma.06G216700.Wm82.a4.v1,0.7221776055574518
Glyma.16G035500.Wm82.a4.v1,0.7221525086835184
Glyma.07G118700.Wm82.a4.v1,0.7221324311843716
Glyma.16G038900.Wm82.a4.v1,0.722112353685225
Glyma.02G305700.Wm82.a4.v1,0.7220772180617182
Glyma.13G118200.Wm82.a4.v1,0.7220671793121449
Glyma.08G086100.Wm82.a4.v1,0.7220119661894915
Glyma.14G220400.Wm82.a4.v1,0.7219366755676913
Glyma.06G018300.Wm82.a4.v1,0.7218513461963177
Glyma.01G109300.Wm82.a4.v1,0.7218463268215312
Glyma.03G222200.Wm82.a4.v1,0.7218413074467445
Glyma.01G205100.Wm82.a4.v1,0.721786094324091
Glyma.08G108500.Wm82.a4.v1,0.7217710361997309
Glyma.08G266300.Wm82.a4.v1,0.7217158230770775
Glyma.12G175400.Wm82.a4.v1,0.7217108037022908
Glyma.01G105400.Wm82.a4.v1,0.7216104162065573
Glyma.09G167100.Wm82.a4.v1,0.7216003774569839
Glyma.08G360100.Wm82.a4.v1,0.7215250868351838
Glyma.13G032400.Wm82.a4.v1,0.7214949705864637
Glyma.17G164100.Wm82.a4.v1,0.721489951211677
Glyma.14G133000.Wm82.a4.v1,0.7214698737125304
Glyma.02G222900.Wm82.a4.v1,0.7214347380890236
Glyma.04G232500.Wm82.a4.v1,0.7214046218403035
Glyma.18G298500.Wm82.a4.v1,0.7213795249663701
Glyma.03G251200.Wm82.a4.v1,0.7213745055915836
Glyma.19G160800.Wm82.a4.v1,0.7213644668420102
Glyma.01G228200.Wm82.a4.v1,0.7213644668420102
Glyma.04G065700.Wm82.a4.v1,0.7213393699680768
Glyma.02G258900.Wm82.a4.v1,0.7213368602806834
Glyma.13G213200.Wm82.a4.v1,0.7213343505932901
Glyma.16G067800.Wm82.a4.v1,0.7213293312185034
Glyma.07G141900.Wm82.a4.v1,0.7213243118437167
Glyma.10G225300.Wm82.a4.v1,0.7212690987210633
Glyma.04G066900.Wm82.a4.v1,0.7212690987210633
Glyma.19G097300.Wm82.a4.v1,0.7212088662236232
Glyma.01G026200.Wm82.a4.v1,0.7211436143513964
Glyma.11G141100.Wm82.a4.v1,0.7211084787278896
Glyma.13G301200.Wm82.a4.v1,0.721088401228743
Glyma.16G000500.Wm82.a4.v1,0.7210783624791696
Glyma.03G144200.Wm82.a4.v1,0.7210783624791696
Glyma.15G188500.Wm82.a4.v1,0.7210633043548096
Glyma.17G127900.Wm82.a4.v1,0.7210382074808762
Glyma.03G105500.Wm82.a4.v1,0.7210331881060895
Glyma.02G234500.Wm82.a4.v1,0.7209277812355693
Glyma.04G156000.Wm82.a4.v1,0.7209277812355693
Glyma.12G044900.Wm82.a4.v1,0.7209227618607826
Glyma.19G191100.Wm82.a4.v1,0.7208926456120626
Glyma.06G015600.Wm82.a4.v1,0.7208725681129159
Glyma.13G114300.Wm82.a4.v1,0.7208675487381292
Glyma.04G203800.Wm82.a4.v1,0.7208324131146224
Glyma.08G143900.Wm82.a4.v1,0.7208273937398357
Glyma.10G043200.Wm82.a4.v1,0.7207972774911157
Glyma.02G022000.Wm82.a4.v1,0.720777199991969
Glyma.14G137200.Wm82.a4.v1,0.7207671612423956
Glyma.05G193200.Wm82.a4.v1,0.7207169674945288
Glyma.02G097200.Wm82.a4.v1,0.7206667737466621
Glyma.15G126400.Wm82.a4.v1,0.7205513281265685
Glyma.19G234400.Wm82.a4.v1,0.7205362700022085
Glyma.08G054800.Wm82.a4.v1,0.7205061537534885
Glyma.07G052900.Wm82.a4.v1,0.7205011343787018
Glyma.17G048000.Wm82.a4.v1,0.7204961150039151
Glyma.11G091200.Wm82.a4.v1,0.7204760375047684
Glyma.10G059800.Wm82.a4.v1,0.7204459212560483
Glyma.04G146900.Wm82.a4.v1,0.7204308631316884
Glyma.10G243400.Wm82.a4.v1,0.7204308631316884
Glyma.05G097100.Wm82.a4.v1,0.7203455337603148
Glyma.10G193500.Wm82.a4.v1,0.7203354950107415
Glyma.02G066800.Wm82.a4.v1,0.7202250687654346
Glyma.07G075500.Wm82.a4.v1,0.7202250687654346
Glyma.07G066500.Wm82.a4.v1,0.7202049912662879
Glyma.13G363500.Wm82.a4.v1,0.7201849137671411
Glyma.15G048200.Wm82.a4.v1,0.7201748750175678
Glyma.09G161000.Wm82.a4.v1,0.7201698556427811
Glyma.07G196700.Wm82.a4.v1,0.7201547975184212
Glyma.15G202800.Wm82.a4.v1,0.7201046037705543
Glyma.13G329700.Wm82.a4.v1,0.7200594293974742
Glyma.02G033300.Wm82.a4.v1,0.7200443712731143
Glyma.06G009400.Wm82.a4.v1,0.7200393518983276
Glyma.02G141800.Wm82.a4.v1,0.7200242937739675
Glyma.11G191200.Wm82.a4.v1,0.7200142550243942
Glyma.12G027600.Wm82.a4.v1,0.7199841387756741
Glyma.11G247300.Wm82.a4.v1,0.7199490031521674
Glyma.12G241100.Wm82.a4.v1,0.7198686931555806
Glyma.04G216700.Wm82.a4.v1,0.7198536350312205
Glyma.15G273000.Wm82.a4.v1,0.7198486156564339
Glyma.11G051400.Wm82.a4.v1,0.7198385769068605
Glyma.09G196400.Wm82.a4.v1,0.719783363784207
Glyma.10G273100.Wm82.a4.v1,0.7197281506615536
Glyma.02G178250.Wm82.a4.v1,0.7197030537876202
Glyma.12G006600.Wm82.a4.v1,0.7196829762884736
Glyma.18G149700.Wm82.a4.v1,0.7196628987893268
Glyma.09G059600.Wm82.a4.v1,0.7196528600397535
Glyma.15G003600.Wm82.a4.v1,0.7196478406649668
Glyma.14G164600.Wm82.a4.v1,0.7196227437910334
Glyma.13G126900.Wm82.a4.v1,0.7195976469171
Glyma.19G130000.Wm82.a4.v1,0.7195474531692332
Glyma.10G217700.Wm82.a4.v1,0.7195273756700865
Glyma.19G172100.Wm82.a4.v1,0.7195173369205132
Glyma.04G056600.Wm82.a4.v1,0.7194872206717932
Glyma.18G246400.Wm82.a4.v1,0.7194069106752063
Glyma.19G050100.Wm82.a4.v1,0.7193868331760596
Glyma.17G219500.Wm82.a4.v1,0.7193818138012729
Glyma.07G001000.Wm82.a4.v1,0.7193366394281928
Glyma.18G149600.Wm82.a4.v1,0.7192964844298995
Glyma.07G082800.Wm82.a4.v1,0.7192462906820326
Glyma.10G060000.Wm82.a4.v1,0.7192462906820326
Glyma.U003166.Wm82.a4.v1,0.7192061356837393
Glyma.13G171700.Wm82.a4.v1,0.7192061356837393
Glyma.02G129800.Wm82.a4.v1,0.7191659806854458
Glyma.04G080800.Wm82.a4.v1,0.7191659806854458
Glyma.15G124400.Wm82.a4.v1,0.7191308450619391
Glyma.09G147400.Wm82.a4.v1,0.7190957094384324
Glyma.02G012800.Wm82.a4.v1,0.7190756319392857
Glyma.08G104400.Wm82.a4.v1,0.7190455156905656
Glyma.01G043800.Wm82.a4.v1,0.7190304575662055
Glyma.03G063600.Wm82.a4.v1,0.7190153994418456
Glyma.06G255000.Wm82.a4.v1,0.7189903025679122
Glyma.06G162900.Wm82.a4.v1,0.7189752444435521
Glyma.01G227500.Wm82.a4.v1,0.7189601863191921
Glyma.09G223900.Wm82.a4.v1,0.718915011946112
Glyma.06G156500.Wm82.a4.v1,0.7189049731965387
Glyma.13G136900.Wm82.a4.v1,0.7188899150721786
Glyma.05G082400.Wm82.a4.v1,0.7188899150721786
Glyma.10G031400.Wm82.a4.v1,0.7188798763226053
Glyma.04G057400.Wm82.a4.v1,0.7188547794486718
Glyma.08G259100.Wm82.a4.v1,0.7188045857008051
Glyma.15G039400.Wm82.a4.v1,0.7187945469512318
Glyma.04G029000.Wm82.a4.v1,0.7187543919529383
Glyma.10G019300.Wm82.a4.v1,0.7187393338285784
Glyma.04G038600.Wm82.a4.v1,0.7187343144537917
Glyma.18G200500.Wm82.a4.v1,0.7187242757042183
Glyma.09G020900.Wm82.a4.v1,0.7187242757042183
Glyma.11G085100.Wm82.a4.v1,0.7187192563294316
Glyma.09G263700.Wm82.a4.v1,0.718714236954645
Glyma.12G016400.Wm82.a4.v1,0.7187041982050716
Glyma.11G079000.Wm82.a4.v1,0.7186891400807115
Glyma.09G258900.Wm82.a4.v1,0.7186841207059249
Glyma.19G177100.Wm82.a4.v1,0.7186791013311382
Glyma.11G222500.Wm82.a4.v1,0.7186590238319915
Glyma.04G121300.Wm82.a4.v1,0.7186289075832715
Glyma.13G364900.Wm82.a4.v1,0.7186289075832715
Glyma.12G116500.Wm82.a4.v1,0.7186289075832715
Glyma.03G006000.Wm82.a4.v1,0.7186038107093381
Glyma.16G126200.Wm82.a4.v1,0.7185485975866847
Glyma.13G372100.Wm82.a4.v1,0.7184933844640312
Glyma.17G126100.Wm82.a4.v1,0.7184783263396711
Glyma.16G100400.Wm82.a4.v1,0.7184582488405244
Glyma.19G050600.Wm82.a4.v1,0.7184331519665911
Glyma.12G109500.Wm82.a4.v1,0.7184080550926577
Glyma.03G019200.Wm82.a4.v1,0.7183779388439376
Glyma.20G125200.Wm82.a4.v1,0.7183679000943642
Glyma.16G138200.Wm82.a4.v1,0.7183478225952176
Glyma.07G051700.Wm82.a4.v1,0.7183177063464975
Glyma.U031209.Wm82.a4.v1,0.7182875900977774
Glyma.20G183100.Wm82.a4.v1,0.718277551348204
Glyma.09G168700.Wm82.a4.v1,0.7182424157246974
Glyma.07G242500.Wm82.a4.v1,0.718232376975124
Glyma.20G125000.Wm82.a4.v1,0.7182122994759773
Glyma.17G044200.Wm82.a4.v1,0.7182072801011906
Glyma.08G299600.Wm82.a4.v1,0.7181922219768305
Glyma.11G245500.Wm82.a4.v1,0.7181771638524705
Glyma.10G032500.Wm82.a4.v1,0.7181470476037505
Glyma.11G045300.Wm82.a4.v1,0.7181420282289638
Glyma.05G020100.Wm82.a4.v1,0.7181018732306704
Glyma.05G132500.Wm82.a4.v1,0.7180767763567371
Glyma.19G194900.Wm82.a4.v1,0.7180667376071637
Glyma.10G282000.Wm82.a4.v1,0.7180165438592969
Glyma.18G041500.Wm82.a4.v1,0.7179663501114302
Glyma.20G130500.Wm82.a4.v1,0.7179512919870701
Glyma.09G185500.Wm82.a4.v1,0.7179462726122834
Glyma.18G012000.Wm82.a4.v1,0.7178358463669765
Glyma.04G086500.Wm82.a4.v1,0.7178157688678298
Glyma.04G249000.Wm82.a4.v1,0.7178007107434697
Glyma.20G131300.Wm82.a4.v1,0.7177655751199631
Glyma.09G082100.Wm82.a4.v1,0.7177454976208163
Glyma.06G217400.Wm82.a4.v1,0.7175447226293493
Glyma.06G054300.Wm82.a4.v1,0.7175346838797759
Glyma.09G119700.Wm82.a4.v1,0.7175095870058426
Glyma.03G097000.Wm82.a4.v1,0.7174844901319092
Glyma.19G146000.Wm82.a4.v1,0.7174593932579758
Glyma.11G009600.Wm82.a4.v1,0.7174192382596823
Glyma.03G076800.Wm82.a4.v1,0.7173389282630955
Glyma.05G242300.Wm82.a4.v1,0.7173188507639489
Glyma.16G049000.Wm82.a4.v1,0.7172837151404421
Glyma.05G112600.Wm82.a4.v1,0.7172736763908688
Glyma.15G004900.Wm82.a4.v1,0.7172736763908688
Glyma.14G103000.Wm82.a4.v1,0.7172686570160821
Glyma.11G099400.Wm82.a4.v1,0.7172435601421487
Glyma.17G220200.Wm82.a4.v1,0.7172184632682153
Glyma.03G099900.Wm82.a4.v1,0.717208424518642
Glyma.03G136900.Wm82.a4.v1,0.7172034051438553
Glyma.08G055900.Wm82.a4.v1,0.7171783082699219
Glyma.20G224600.Wm82.a4.v1,0.7171732888951352
Glyma.04G067600.Wm82.a4.v1,0.7171682695203485
Glyma.03G064000.Wm82.a4.v1,0.7171682695203485
Glyma.03G016600.Wm82.a4.v1,0.7171582307707752
Glyma.02G298000.Wm82.a4.v1,0.7171381532716284
Glyma.09G228200.Wm82.a4.v1,0.7171281145220552
Glyma.04G094500.Wm82.a4.v1,0.7170979982733351
Glyma.09G238900.Wm82.a4.v1,0.717082940148975
Glyma.01G001700.Wm82.a4.v1,0.7170729013994017
Glyma.18G139100.Wm82.a4.v1,0.717067882024615
Glyma.09G195300.Wm82.a4.v1,0.7170578432750416
Glyma.08G357300.Wm82.a4.v1,0.7170327464011083
Glyma.02G304200.Wm82.a4.v1,0.7169875720280282
Glyma.09G236000.Wm82.a4.v1,0.7169825526532415
Glyma.14G084500.Wm82.a4.v1,0.7169624751540948
Glyma.18G217700.Wm82.a4.v1,0.7169574557793081
Glyma.10G017400.Wm82.a4.v1,0.7169323589053748
Glyma.19G153900.Wm82.a4.v1,0.716882165157508
Glyma.18G204200.Wm82.a4.v1,0.7168219326600679
Glyma.12G083800.Wm82.a4.v1,0.7167968357861345
Glyma.05G148000.Wm82.a4.v1,0.7167767582869877
Glyma.03G004900.Wm82.a4.v1,0.7167366032886944
Glyma.20G113500.Wm82.a4.v1,0.7167315839139077
Glyma.01G093902.Wm82.a4.v1,0.7166864095408276
Glyma.05G024700.Wm82.a4.v1,0.7166713514164675
Glyma.11G226100.Wm82.a4.v1,0.7166412351677475
Glyma.06G009000.Wm82.a4.v1,0.7165458670468007
Glyma.15G254500.Wm82.a4.v1,0.716540847672014
Glyma.11G164300.Wm82.a4.v1,0.7165358282972273
Glyma.09G231200.Wm82.a4.v1,0.7165308089224406
Glyma.18G062300.Wm82.a4.v1,0.7165257895476539
Glyma.05G189900.Wm82.a4.v1,0.7165157507980806
Glyma.01G002100.Wm82.a4.v1,0.7165107314232939
Glyma.02G158100.Wm82.a4.v1,0.7165006926737205
Glyma.13G349600.Wm82.a4.v1,0.7164806151745738
Glyma.12G171000.Wm82.a4.v1,0.7164755957997871
Glyma.19G053100.Wm82.a4.v1,0.7164605376754272
Glyma.09G169500.Wm82.a4.v1,0.7164555183006405
Glyma.17G058100.Wm82.a4.v1,0.7164504989258538
Glyma.19G235800.Wm82.a4.v1,0.7164304214267071
Glyma.01G197100.Wm82.a4.v1,0.7163952858032003
Glyma.13G149800.Wm82.a4.v1,0.716370188929267
Glyma.08G269700.Wm82.a4.v1,0.7163300339309736
Glyma.16G200600.Wm82.a4.v1,0.7163250145561869
Glyma.06G234300.Wm82.a4.v1,0.7163049370570401
Glyma.13G323500.Wm82.a4.v1,0.7163049370570401
Glyma.11G055500.Wm82.a4.v1,0.7162898789326801
Glyma.14G077800.Wm82.a4.v1,0.7162447045596001
Glyma.14G096600.Wm82.a4.v1,0.7162246270604533
Glyma.12G142200.Wm82.a4.v1,0.7162196076856667
Glyma.20G191900.Wm82.a4.v1,0.71621458831088
Glyma.06G179800.Wm82.a4.v1,0.7162045495613066
Glyma.13G205300.Wm82.a4.v1,0.7161443170638665
Glyma.15G112600.Wm82.a4.v1,0.7161292589395065
Glyma.06G067100.Wm82.a4.v1,0.7161091814403598
Glyma.01G053700.Wm82.a4.v1,0.716058987692493
Glyma.10G210300.Wm82.a4.v1,0.7160489489429197
Glyma.10G236100.Wm82.a4.v1,0.7160188326941996
Glyma.03G249800.Wm82.a4.v1,0.7160188326941996
Glyma.08G265600.Wm82.a4.v1,0.7159887164454796
Glyma.02G203900.Wm82.a4.v1,0.7159636195715462
Glyma.08G335900.Wm82.a4.v1,0.7159335033228261
Glyma.07G077000.Wm82.a4.v1,0.7158983676993194
Glyma.04G162600.Wm82.a4.v1,0.7158983676993194
Glyma.05G198100.Wm82.a4.v1,0.7158983676993194
Glyma.20G158400.Wm82.a4.v1,0.7158381352018792
Glyma.08G022900.Wm82.a4.v1,0.7158280964523059
Glyma.16G000200.Wm82.a4.v1,0.7158180577027325
Glyma.16G000300.Wm82.a4.v1,0.7158180577027325
Glyma.15G240800.Wm82.a4.v1,0.7157678639548658
Glyma.09G129500.Wm82.a4.v1,0.7157377477061457
Glyma.03G155100.Wm82.a4.v1,0.7156925733330657
Glyma.07G018200.Wm82.a4.v1,0.715687553958279
Glyma.14G029100.Wm82.a4.v1,0.7156775152087056
Glyma.06G096100.Wm82.a4.v1,0.7156574377095589
Glyma.18G215800.Wm82.a4.v1,0.7156473989599855
Glyma.12G157600.Wm82.a4.v1,0.7156072439616922
Glyma.17G085000.Wm82.a4.v1,0.7155419920894653
Glyma.08G122300.Wm82.a4.v1,0.715531953339892
Glyma.07G189900.Wm82.a4.v1,0.7155219145903187
Glyma.13G005300.Wm82.a4.v1,0.715516895215532
Glyma.03G180100.Wm82.a4.v1,0.715516895215532
Glyma.16G179900.Wm82.a4.v1,0.7155118758407453
Glyma.14G159300.Wm82.a4.v1,0.7154767402172385
Glyma.09G230400.Wm82.a4.v1,0.7154767402172385
Glyma.02G117100.Wm82.a4.v1,0.7154365852189452
Glyma.17G120300.Wm82.a4.v1,0.7154315658441585
Glyma.08G031100.Wm82.a4.v1,0.7154315658441585
Glyma.13G339200.Wm82.a4.v1,0.7154114883450118
Glyma.14G068100.Wm82.a4.v1,0.7154014495954384
Glyma.03G251300.Wm82.a4.v1,0.7153863914710784
Glyma.20G241200.Wm82.a4.v1,0.7153813720962917
Glyma.12G103300.Wm82.a4.v1,0.715376352721505
Glyma.10G063600.Wm82.a4.v1,0.7153612945971449
Glyma.01G147400.Wm82.a4.v1,0.7153612945971449
Glyma.03G206200.Wm82.a4.v1,0.715205693978758
Glyma.14G212800.Wm82.a4.v1,0.7151655389804646
Glyma.U027200.Wm82.a4.v1,0.715160519605678
Glyma.17G145700.Wm82.a4.v1,0.7151053064830245
Glyma.13G248100.Wm82.a4.v1,0.7150852289838777
Glyma.19G110900.Wm82.a4.v1,0.715065151484731
Glyma.18G109100.Wm82.a4.v1,0.7150400546107977
Glyma.20G221000.Wm82.a4.v1,0.715019977111651
Glyma.03G263700.Wm82.a4.v1,0.7149898608629309
Glyma.07G246800.Wm82.a4.v1,0.7149748027385708
Glyma.04G004000.Wm82.a4.v1,0.7149446864898509
Glyma.04G237300.Wm82.a4.v1,0.7148995121167707
Glyma.11G008900.Wm82.a4.v1,0.714894492741984
Glyma.10G190400.Wm82.a4.v1,0.7148242214949706
Glyma.04G182100.Wm82.a4.v1,0.7148091633706105
Glyma.01G238400.Wm82.a4.v1,0.7147489308731705
Glyma.08G325000.Wm82.a4.v1,0.7147388921235971
Glyma.17G114100.Wm82.a4.v1,0.714663601501797
Glyma.19G182800.Wm82.a4.v1,0.7146435240026502
Glyma.13G221900.Wm82.a4.v1,0.7146083883791435
Glyma.09G286200.Wm82.a4.v1,0.7145732527556368
Glyma.04G046700.Wm82.a4.v1,0.7145581946312767
Glyma.08G332700.Wm82.a4.v1,0.7145581946312767
Glyma.07G217900.Wm82.a4.v1,0.7145506655690967
Glyma.02G048400.Wm82.a4.v1,0.71453811713213
Glyma.09G265500.Wm82.a4.v1,0.7145280783825567
Glyma.08G053300.Wm82.a4.v1,0.71452305900777
Glyma.06G077400.Wm82.a4.v1,0.7145180396329833
Glyma.03G203700.Wm82.a4.v1,0.7145130202581966
Glyma.20G249700.Wm82.a4.v1,0.71449294275905
Glyma.12G091900.Wm82.a4.v1,0.7144778846346899
Glyma.11G217800.Wm82.a4.v1,0.7144778846346899
Glyma.16G219400.Wm82.a4.v1,0.7144527877607565
Glyma.01G009300.Wm82.a4.v1,0.7144477683859698
Glyma.15G242125.Wm82.a4.v1,0.7144126327624631
Glyma.13G169900.Wm82.a4.v1,0.7143825165137431
Glyma.19G175400.Wm82.a4.v1,0.7143724777641697
Glyma.08G285800.Wm82.a4.v1,0.7143222840163029
Glyma.15G124200.Wm82.a4.v1,0.7143222840163029
Glyma.04G081100.Wm82.a4.v1,0.7143022065171563
Glyma.20G071600.Wm82.a4.v1,0.7142871483927962
Glyma.08G273200.Wm82.a4.v1,0.7142218965205694
Glyma.15G047100.Wm82.a4.v1,0.7141867608970627
Glyma.11G020900.Wm82.a4.v1,0.7141867608970627
Glyma.17G087900.Wm82.a4.v1,0.7141616640231293
Glyma.12G147000.Wm82.a4.v1,0.7141516252735559
Glyma.14G210200.Wm82.a4.v1,0.7141365671491959
Glyma.11G254100.Wm82.a4.v1,0.7141114702752626
Glyma.18G021300.Wm82.a4.v1,0.7140913927761158
Glyma.13G037300.Wm82.a4.v1,0.7140863734013291
Glyma.19G130100.Wm82.a4.v1,0.7140763346517558
Glyma.06G159200.Wm82.a4.v1,0.714041199028249
Glyma.13G191700.Wm82.a4.v1,0.7140361796534623
Glyma.14G211700.Wm82.a4.v1,0.714011082779529
Glyma.14G222600.Wm82.a4.v1,0.7139659084064489
Glyma.02G145100.Wm82.a4.v1,0.7139608890316622
Glyma.06G081600.Wm82.a4.v1,0.7139458309073022
Glyma.02G119200.Wm82.a4.v1,0.7139307727829421
Glyma.08G141100.Wm82.a4.v1,0.7139307727829421
Glyma.05G230400.Wm82.a4.v1,0.7139207340333688
Glyma.08G361900.Wm82.a4.v1,0.7138755596602887
Glyma.10G055000.Wm82.a4.v1,0.7138605015359287
Glyma.15G255400.Wm82.a4.v1,0.7138504627863553
Glyma.06G126600.Wm82.a4.v1,0.7138303852872087
Glyma.12G051000.Wm82.a4.v1,0.7138203465376353
Glyma.07G025700.Wm82.a4.v1,0.7138203465376353
Glyma.14G144700.Wm82.a4.v1,0.7137550946654084
Glyma.01G245700.Wm82.a4.v1,0.7137299977914751
Glyma.06G103600.Wm82.a4.v1,0.713684823418395
Glyma.07G012700.Wm82.a4.v1,0.7136597265444616
Glyma.17G204700.Wm82.a4.v1,0.7136547071696749
Glyma.20G245900.Wm82.a4.v1,0.7136296102957416
Glyma.07G000300.Wm82.a4.v1,0.7136296102957416
Glyma.11G058900.Wm82.a4.v1,0.7135944746722348
Glyma.18G288300.Wm82.a4.v1,0.7135643584235147
Glyma.03G003500.Wm82.a4.v1,0.7135442809243681
Glyma.18G275600.Wm82.a4.v1,0.7134187965547012
Glyma.04G235800.Wm82.a4.v1,0.7134037384303411
Glyma.06G174000.Wm82.a4.v1,0.7133686028068343
Glyma.09G046500.Wm82.a4.v1,0.7133635834320478
Glyma.20G117900.Wm82.a4.v1,0.7132832734354608
Glyma.05G248600.Wm82.a4.v1,0.7132782540606742
Glyma.08G359700.Wm82.a4.v1,0.713157789065794
Glyma.09G016100.Wm82.a4.v1,0.7131477503162206
Glyma.11G249300.Wm82.a4.v1,0.7131477503162206
Glyma.18G104600.Wm82.a4.v1,0.7131377115666473
Glyma.18G176400.Wm82.a4.v1,0.7131326921918606
Glyma.09G237100.Wm82.a4.v1,0.7131326921918606
Glyma.14G202100.Wm82.a4.v1,0.7131176340675005
Glyma.10G279800.Wm82.a4.v1,0.7131176340675005
Glyma.19G125200.Wm82.a4.v1,0.7131075953179272
Glyma.16G027700.Wm82.a4.v1,0.7131075953179272
Glyma.08G170200.Wm82.a4.v1,0.7130473628204871
Glyma.05G142000.Wm82.a4.v1,0.7130423434457004
Glyma.07G014500.Wm82.a4.v1,0.7130222659465537
Glyma.01G237800.Wm82.a4.v1,0.7130122271969803
Glyma.12G076900.Wm82.a4.v1,0.7129770915734736
Glyma.03G253300.Wm82.a4.v1,0.7129770915734736
Glyma.17G243600.Wm82.a4.v1,0.7129018009516734
Glyma.08G306200.Wm82.a4.v1,0.7128516072038067
Glyma.14G134800.Wm82.a4.v1,0.71284658782902
Glyma.03G088500.Wm82.a4.v1,0.71283152970466
Glyma.01G060300.Wm82.a4.v1,0.71283152970466
Glyma.08G069700.Wm82.a4.v1,0.7127863553315799
Glyma.09G218800.Wm82.a4.v1,0.7127562390828598
Glyma.14G106700.Wm82.a4.v1,0.7127462003332865
Glyma.09G247500.Wm82.a4.v1,0.7127311422089264
Glyma.01G228100.Wm82.a4.v1,0.7127261228341398
Glyma.13G142300.Wm82.a4.v1,0.7127261228341398
Glyma.11G091800.Wm82.a4.v1,0.7127211034593531
Glyma.09G166100.Wm82.a4.v1,0.7126558515871263
Glyma.11G044400.Wm82.a4.v1,0.7126458128375529
Glyma.04G203600.Wm82.a4.v1,0.7126407934627663
Glyma.02G010500.Wm82.a4.v1,0.7126357740879796
Glyma.11G231800.Wm82.a4.v1,0.7125905997148995
Glyma.02G228700.Wm82.a4.v1,0.7124952315939527
Glyma.07G148100.Wm82.a4.v1,0.7124400184712992
Glyma.04G254200.Wm82.a4.v1,0.7124099022225792
Glyma.15G163700.Wm82.a4.v1,0.7124048828477925
Glyma.18G269500.Wm82.a4.v1,0.7123848053486458
Glyma.20G250200.Wm82.a4.v1,0.712349669725139
Glyma.18G077400.Wm82.a4.v1,0.712334611600779
Glyma.06G127400.Wm82.a4.v1,0.712304495352059
Glyma.08G183600.Wm82.a4.v1,0.7122944566024856
Glyma.09G190400.Wm82.a4.v1,0.7122743791033389
Glyma.01G165400.Wm82.a4.v1,0.7122492822294055
Glyma.13G058400.Wm82.a4.v1,0.7122241853554722
Glyma.14G169200.Wm82.a4.v1,0.7122241853554722
Glyma.10G145300.Wm82.a4.v1,0.7120736041118718
Glyma.15G099100.Wm82.a4.v1,0.7120685847370851
Glyma.10G272400.Wm82.a4.v1,0.7120585459875118
Glyma.14G219000.Wm82.a4.v1,0.7120334491135785
Glyma.04G253800.Wm82.a4.v1,0.7120284297387918
Glyma.07G201200.Wm82.a4.v1,0.7120183909892184
Glyma.05G204300.Wm82.a4.v1,0.7119631778665649
Glyma.13G360600.Wm82.a4.v1,0.7119431003674183
Glyma.06G230800.Wm82.a4.v1,0.7119380809926316
Glyma.07G208000.Wm82.a4.v1,0.7119380809926316
Glyma.18G011900.Wm82.a4.v1,0.7118828678699781
Glyma.20G065900.Wm82.a4.v1,0.7118477322464714
Glyma.13G147400.Wm82.a4.v1,0.7118427128716847
Glyma.06G017300.Wm82.a4.v1,0.7118125966229646
Glyma.15G122400.Wm82.a4.v1,0.711807577248178
Glyma.01G079100.Wm82.a4.v1,0.7117975384986046
Glyma.05G014200.Wm82.a4.v1,0.7117624028750978
Glyma.06G269400.Wm82.a4.v1,0.7117272672515912
Glyma.15G055500.Wm82.a4.v1,0.7117021703776577
Glyma.01G131500.Wm82.a4.v1,0.7116871122532977
Glyma.02G212600.Wm82.a4.v1,0.711682092878511
Glyma.11G211643.Wm82.a4.v1,0.711651976629791
Glyma.04G185900.Wm82.a4.v1,0.7116268797558576
Glyma.02G079000.Wm82.a4.v1,0.7116017828819242
Glyma.16G003100.Wm82.a4.v1,0.7115967635071375
Glyma.16G077100.Wm82.a4.v1,0.7115716666332041
Glyma.12G134000.Wm82.a4.v1,0.7115666472584175
Glyma.13G120100.Wm82.a4.v1,0.7115566085088442
Glyma.16G161600.Wm82.a4.v1,0.7115515891340575
Glyma.09G007400.Wm82.a4.v1,0.7115415503844841
Glyma.03G246900.Wm82.a4.v1,0.7115365310096974
Glyma.02G024500.Wm82.a4.v1,0.7115365310096974
Glyma.13G320500.Wm82.a4.v1,0.7115315116349108
Glyma.02G176900.Wm82.a4.v1,0.7114913566366173
Glyma.08G086700.Wm82.a4.v1,0.7114813178870439
Glyma.13G287200.Wm82.a4.v1,0.7114712791374707
Glyma.01G186400.Wm82.a4.v1,0.7114411628887506
Glyma.09G234200.Wm82.a4.v1,0.711280542895577
Glyma.17G215800.Wm82.a4.v1,0.7112705041460036
Glyma.04G107100.Wm82.a4.v1,0.7112705041460036
Glyma.05G166600.Wm82.a4.v1,0.7112554460216436
Glyma.03G195800.Wm82.a4.v1,0.7112353685224968
Glyma.02G008000.Wm82.a4.v1,0.7112152910233501
Glyma.07G249800.Wm82.a4.v1,0.7111851747746301
Glyma.15G093200.Wm82.a4.v1,0.7111751360250567
Glyma.03G041600.Wm82.a4.v1,0.71115505852591
Glyma.05G192800.Wm82.a4.v1,0.7111500391511233
Glyma.10G140500.Wm82.a4.v1,0.7111249422771899
Glyma.07G207700.Wm82.a4.v1,0.7111149035276166
Glyma.13G152780.Wm82.a4.v1,0.7109743610335897
Glyma.06G072200.Wm82.a4.v1,0.7109643222840163
Glyma.12G005900.Wm82.a4.v1,0.7109392254100829
Glyma.18G170300.Wm82.a4.v1,0.7109342060352962
Glyma.04G065300.Wm82.a4.v1,0.7109291866605095
Glyma.06G051400.Wm82.a4.v1,0.7108990704117895
Glyma.03G243400.Wm82.a4.v1,0.7108739735378561
Glyma.11G238800.Wm82.a4.v1,0.7108589154134961
Glyma.03G110500.Wm82.a4.v1,0.710843857289136
Glyma.18G024300.Wm82.a4.v1,0.7108187604152026
Glyma.12G008000.Wm82.a4.v1,0.7108137410404161
Glyma.12G075500.Wm82.a4.v1,0.7108087216656294
Glyma.02G277400.Wm82.a4.v1,0.7107233922942559
Glyma.08G258000.Wm82.a4.v1,0.7106230047985223
Glyma.16G109700.Wm82.a4.v1,0.7106230047985223
Glyma.20G181600.Wm82.a4.v1,0.7106029272993756
Glyma.19G040200.Wm82.a4.v1,0.7105326560523622
Glyma.11G184500.Wm82.a4.v1,0.7105326560523622
Glyma.08G334000.Wm82.a4.v1,0.7104925010540687
Glyma.14G193600.Wm82.a4.v1,0.710472423554922
Glyma.16G161500.Wm82.a4.v1,0.7104699138675287
Glyma.13G323000.Wm82.a4.v1,0.7104573654305619
Glyma.20G115300.Wm82.a4.v1,0.7104473266809886
Glyma.12G217400.Wm82.a4.v1,0.710442307306202
Glyma.14G087700.Wm82.a4.v1,0.7104322685566286
Glyma.12G191200.Wm82.a4.v1,0.7104272491818419
Glyma.11G126400.Wm82.a4.v1,0.7104222298070553
Glyma.04G002200.Wm82.a4.v1,0.7104121910574819
Glyma.03G164800.Wm82.a4.v1,0.7104021523079085
Glyma.03G136500.Wm82.a4.v1,0.7103870941835485
Glyma.20G092100.Wm82.a4.v1,0.7103118035617484
Glyma.06G033200.Wm82.a4.v1,0.710286706687815
Glyma.07G004100.Wm82.a4.v1,0.7102716485634549
Glyma.14G142500.Wm82.a4.v1,0.7102616098138815
Glyma.14G112400.Wm82.a4.v1,0.7102013773164415
Glyma.20G152200.Wm82.a4.v1,0.7101762804425081
Glyma.18G000800.Wm82.a4.v1,0.7101562029433613
Glyma.12G070300.Wm82.a4.v1,0.710116047945068
Glyma.03G196900.Wm82.a4.v1,0.7101110285702813
Glyma.15G166200.Wm82.a4.v1,0.7101060091954946
Glyma.05G127900.Wm82.a4.v1,0.7100608348224146
Glyma.11G211316.Wm82.a4.v1,0.7100407573232678
Glyma.03G097900.Wm82.a4.v1,0.7100206798241211
Glyma.01G013900.Wm82.a4.v1,0.7099704860762543
Glyma.14G066300.Wm82.a4.v1,0.709960447326681
Glyma.05G109300.Wm82.a4.v1,0.7099102535788142
Glyma.06G293700.Wm82.a4.v1,0.7098901760796675
Glyma.06G156700.Wm82.a4.v1,0.7098851567048808
Glyma.12G052400.Wm82.a4.v1,0.7098801373300941
Glyma.13G084000.Wm82.a4.v1,0.7098399823318008
Glyma.17G035500.Wm82.a4.v1,0.7098349629570141
Glyma.02G045200.Wm82.a4.v1,0.7097797498343607
Glyma.05G016100.Wm82.a4.v1,0.709774730459574
Glyma.17G028800.Wm82.a4.v1,0.7097395948360672
Glyma.09G191600.Wm82.a4.v1,0.7096994398377738
Glyma.11G143900.Wm82.a4.v1,0.7096944204629871
Glyma.06G076100.Wm82.a4.v1,0.709634187965547
Glyma.09G244700.Wm82.a4.v1,0.7096040717168269
Glyma.20G202100.Wm82.a4.v1,0.7096040717168269
Glyma.03G240200.Wm82.a4.v1,0.7095839942176803
Glyma.04G026500.Wm82.a4.v1,0.7095388198446002
Glyma.09G098300.Wm82.a4.v1,0.7095287810950268
Glyma.02G255100.Wm82.a4.v1,0.7095187423454534
Glyma.05G185500.Wm82.a4.v1,0.7095036842210934
Glyma.05G241600.Wm82.a4.v1,0.7094886260967334
Glyma.11G113100.Wm82.a4.v1,0.7094886260967334
Glyma.03G111200.Wm82.a4.v1,0.7094735679723734
Glyma.17G001400.Wm82.a4.v1,0.7094283935992932
Glyma.07G122000.Wm82.a4.v1,0.7093280061035597
Glyma.17G002702.Wm82.a4.v1,0.709322986728773
Glyma.11G102700.Wm82.a4.v1,0.7093029092296264
Glyma.16G165100.Wm82.a4.v1,0.7092828317304797
Glyma.05G182500.Wm82.a4.v1,0.7092727929809063
Glyma.02G141000.Wm82.a4.v1,0.7092627542313329
Glyma.13G180700.Wm82.a4.v1,0.7092025217338929
Glyma.02G250000.Wm82.a4.v1,0.7091724054851728
Glyma.04G210500.Wm82.a4.v1,0.7091623667355994
Glyma.04G076000.Wm82.a4.v1,0.709152327986026
Glyma.15G176400.Wm82.a4.v1,0.7091473086112394
Glyma.15G046000.Wm82.a4.v1,0.709122211737306
Glyma.03G213300.Wm82.a4.v1,0.7090870761137993
Glyma.10G109000.Wm82.a4.v1,0.7090770373642259
Glyma.05G244800.Wm82.a4.v1,0.7090569598650792
Glyma.11G008700.Wm82.a4.v1,0.7090268436163591
Glyma.08G325100.Wm82.a4.v1,0.7090168048667858
Glyma.01G162100.Wm82.a4.v1,0.7090168048667858
Glyma.20G174000.Wm82.a4.v1,0.7090067661172125
Glyma.05G147400.Wm82.a4.v1,0.7089314754954122
Glyma.02G115200.Wm82.a4.v1,0.7089063786214789
Glyma.03G126300.Wm82.a4.v1,0.7089063786214789
Glyma.10G053500.Wm82.a4.v1,0.7089013592466923
Glyma.04G033200.Wm82.a4.v1,0.7088913204971189
Glyma.01G014500.Wm82.a4.v1,0.7088913204971189
Glyma.13G333500.Wm82.a4.v1,0.7088561848736121
Glyma.08G226000.Wm82.a4.v1,0.7088310879996788
Glyma.17G206700.Wm82.a4.v1,0.7088110105005321
Glyma.15G058700.Wm82.a4.v1,0.708795952376172
Glyma.07G245500.Wm82.a4.v1,0.7087859136265987
Glyma.08G097300.Wm82.a4.v1,0.708780894251812
Glyma.01G056800.Wm82.a4.v1,0.7087608167526653
Glyma.06G027600.Wm82.a4.v1,0.7087307005039453
Glyma.02G037700.Wm82.a4.v1,0.7087307005039453
Glyma.04G008633.Wm82.a4.v1,0.7087156423795852
Glyma.15G023966.Wm82.a4.v1,0.7087106230047985
Glyma.14G039900.Wm82.a4.v1,0.7087056036300119
Glyma.06G044600.Wm82.a4.v1,0.7086654486317184
Glyma.11G249000.Wm82.a4.v1,0.7086604292569317
Glyma.14G070500.Wm82.a4.v1,0.708655409882145
Glyma.13G254800.Wm82.a4.v1,0.7086202742586384
Glyma.11G007100.Wm82.a4.v1,0.708595177384705
Glyma.08G309300.Wm82.a4.v1,0.7085750998855582
Glyma.05G093000.Wm82.a4.v1,0.7085750998855582
Glyma.16G032900.Wm82.a4.v1,0.7085600417611982
Glyma.07G182900.Wm82.a4.v1,0.7085299255124782
Glyma.13G181200.Wm82.a4.v1,0.7085198867629048
Glyma.08G005500.Wm82.a4.v1,0.7085148673881181
Glyma.19G244900.Wm82.a4.v1,0.7085098480133315
Glyma.03G264300.Wm82.a4.v1,0.7084345573915313
Glyma.13G110000.Wm82.a4.v1,0.7084194992671713
Glyma.10G208700.Wm82.a4.v1,0.7084094605175979
Glyma.20G057600.Wm82.a4.v1,0.7083944023932379
Glyma.05G199200.Wm82.a4.v1,0.7083793442688778
Glyma.08G009900.Wm82.a4.v1,0.7083743248940912
Glyma.02G290100.Wm82.a4.v1,0.7083642861445179
Glyma.14G136600.Wm82.a4.v1,0.7083592667697312
Glyma.08G073600.Wm82.a4.v1,0.7083492280201578
Glyma.08G348000.Wm82.a4.v1,0.7083492280201578
Glyma.13G233500.Wm82.a4.v1,0.7083140923966511
Glyma.11G046200.Wm82.a4.v1,0.7082337824000643
Glyma.15G006100.Wm82.a4.v1,0.7082237436504909
Glyma.12G020800.Wm82.a4.v1,0.7082187242757042
Glyma.12G134500.Wm82.a4.v1,0.7082162145883109
Glyma.10G087000.Wm82.a4.v1,0.7082137049009175
Glyma.13G299900.Wm82.a4.v1,0.7082086855261308
Glyma.15G265400.Wm82.a4.v1,0.7081785692774109
Glyma.18G123500.Wm82.a4.v1,0.7081685305278375
Glyma.11G075100.Wm82.a4.v1,0.7081484530286908
Glyma.08G355600.Wm82.a4.v1,0.7081384142791174
Glyma.06G304200.Wm82.a4.v1,0.708113317405184
Glyma.07G071900.Wm82.a4.v1,0.7080882205312506
Glyma.08G095900.Wm82.a4.v1,0.7080781817816773
Glyma.04G000700.Wm82.a4.v1,0.7080731624068906
Glyma.13G117500.Wm82.a4.v1,0.708068143032104
Glyma.06G124500.Wm82.a4.v1,0.7080530849077439
Glyma.17G154600.Wm82.a4.v1,0.7080430461581705
Glyma.13G289600.Wm82.a4.v1,0.7080079105346638
Glyma.15G099400.Wm82.a4.v1,0.7080028911598771
Glyma.11G151400.Wm82.a4.v1,0.7079928524103037
Glyma.19G138700.Wm82.a4.v1,0.7079476780372237
Glyma.20G013900.Wm82.a4.v1,0.7078874455397836
Glyma.10G281600.Wm82.a4.v1,0.7078472905414902
Glyma.05G127300.Wm82.a4.v1,0.7077870580440501
Glyma.02G019700.Wm82.a4.v1,0.7076916899231032
Glyma.05G137400.Wm82.a4.v1,0.7076515349248098
Glyma.02G261100.Wm82.a4.v1,0.7076113799265163
Glyma.06G161200.Wm82.a4.v1,0.707601341176943
Glyma.09G228800.Wm82.a4.v1,0.7075662055534363
Glyma.02G047300.Wm82.a4.v1,0.7075561668038629
Glyma.13G192900.Wm82.a4.v1,0.7075310699299295
Glyma.15G273600.Wm82.a4.v1,0.7075109924307829
Glyma.11G119800.Wm82.a4.v1,0.7074858955568495
Glyma.11G003200.Wm82.a4.v1,0.7074557793081294
Glyma.07G204300.Wm82.a4.v1,0.7074407211837693
Glyma.05G020200.Wm82.a4.v1,0.7074407211837693
Glyma.14G118400.Wm82.a4.v1,0.7073754693115426
Glyma.13G153052.Wm82.a4.v1,0.7073754693115426
Glyma.17G239500.Wm82.a4.v1,0.7073604111871825
Glyma.07G018600.Wm82.a4.v1,0.7073453530628225
Glyma.11G001200.Wm82.a4.v1,0.7073353143132491
Glyma.03G122500.Wm82.a4.v1,0.7073302949384624
Glyma.10G017800.Wm82.a4.v1,0.7073001786897424
Glyma.07G106100.Wm82.a4.v1,0.7073001786897424
Glyma.12G013400.Wm82.a4.v1,0.707275081815809
Glyma.12G064600.Wm82.a4.v1,0.707229907442729
Glyma.16G092800.Wm82.a4.v1,0.707229907442729
Glyma.08G165700.Wm82.a4.v1,0.7072098299435823
Glyma.10G186000.Wm82.a4.v1,0.7072098299435823
Glyma.13G372900.Wm82.a4.v1,0.7072048105687956
Glyma.06G131100.Wm82.a4.v1,0.7071997911940089
Glyma.02G250900.Wm82.a4.v1,0.7071897524444355
Glyma.02G203700.Wm82.a4.v1,0.7071646555705021
Glyma.03G089000.Wm82.a4.v1,0.7071546168209288
Glyma.08G167100.Wm82.a4.v1,0.7071546168209288
Glyma.05G163100.Wm82.a4.v1,0.7071445780713554
Glyma.20G113300.Wm82.a4.v1,0.7070943843234887
Glyma.14G089600.Wm82.a4.v1,0.7070642680747686
Glyma.02G227200.Wm82.a4.v1,0.7070542293251952
Glyma.10G232200.Wm82.a4.v1,0.7070241130764752
Glyma.03G201900.Wm82.a4.v1,0.7069889774529684
Glyma.01G109700.Wm82.a4.v1,0.7069538418294617
Glyma.04G185500.Wm82.a4.v1,0.706948822454675
Glyma.19G139700.Wm82.a4.v1,0.706948822454675
Glyma.02G247400.Wm82.a4.v1,0.7069387837051017
Glyma.15G036700.Wm82.a4.v1,0.7069237255807417
Glyma.17G073100.Wm82.a4.v1,0.7069086674563816
Glyma.16G214669.Wm82.a4.v1,0.7068685124580882
Glyma.07G115700.Wm82.a4.v1,0.7068634930833015
Glyma.06G208900.Wm82.a4.v1,0.7068383962093682
Glyma.03G222000.Wm82.a4.v1,0.7067229505892746
Glyma.16G077400.Wm82.a4.v1,0.7066928343405545
Glyma.07G178800.Wm82.a4.v1,0.7066827955909812
Glyma.11G108500.Wm82.a4.v1,0.7066677374666211
Glyma.15G193400.Wm82.a4.v1,0.7066576987170478
Glyma.17G138300.Wm82.a4.v1,0.7066526793422612
Glyma.02G075100.Wm82.a4.v1,0.706607504969181
Glyma.08G158300.Wm82.a4.v1,0.706562330596101
Glyma.05G224200.Wm82.a4.v1,0.7065522918465276
Glyma.01G132000.Wm82.a4.v1,0.7065422530969543
Glyma.03G015500.Wm82.a4.v1,0.7065372337221676
Glyma.12G008500.Wm82.a4.v1,0.7065121368482342
Glyma.19G021500.Wm82.a4.v1,0.7065071174734475
Glyma.05G027300.Wm82.a4.v1,0.7064970787238741
Glyma.04G188400.Wm82.a4.v1,0.7064719818499408
Glyma.13G253700.Wm82.a4.v1,0.7064418656012207
Glyma.08G347300.Wm82.a4.v1,0.7064017106029273
Glyma.08G103100.Wm82.a4.v1,0.7064017106029273
Glyma.11G151100.Wm82.a4.v1,0.7063715943542073
Glyma.08G119700.Wm82.a4.v1,0.7063565362298472
Glyma.08G228100.Wm82.a4.v1,0.7063264199811271
Glyma.14G004600.Wm82.a4.v1,0.7063214006063405
Glyma.07G133000.Wm82.a4.v1,0.7062410906097536
Glyma.13G256400.Wm82.a4.v1,0.7062310518601803
Glyma.01G045500.Wm82.a4.v1,0.7062109743610336
Glyma.17G165900.Wm82.a4.v1,0.7062059549862469
Glyma.07G249300.Wm82.a4.v1,0.7061708193627402
Glyma.06G263200.Wm82.a4.v1,0.7061657999879535
Glyma.11G085700.Wm82.a4.v1,0.7061306643644467
Glyma.06G263300.Wm82.a4.v1,0.7061206256148734
Glyma.04G096666.Wm82.a4.v1,0.7060905093661534
Glyma.04G014300.Wm82.a4.v1,0.70608047061658
Glyma.18G294200.Wm82.a4.v1,0.70606541249222
Glyma.04G062300.Wm82.a4.v1,0.7060503543678599
Glyma.09G083500.Wm82.a4.v1,0.7060403156182866
Glyma.17G218300.Wm82.a4.v1,0.7060152187443532
Glyma.04G032700.Wm82.a4.v1,0.7060001606199932
Glyma.11G010800.Wm82.a4.v1,0.7059851024956332
Glyma.06G195500.Wm82.a4.v1,0.7059298893729797
Glyma.09G198200.Wm82.a4.v1,0.7059298893729797
Glyma.19G165800.Wm82.a4.v1,0.7059198506234063
Glyma.19G014000.Wm82.a4.v1,0.7059047924990464
Glyma.12G022300.Wm82.a4.v1,0.7058847149998996
Glyma.19G043000.Wm82.a4.v1,0.7058295018772461
Glyma.18G024200.Wm82.a4.v1,0.7058044050033128
Glyma.19G169600.Wm82.a4.v1,0.7057793081293794
Glyma.18G072800.Wm82.a4.v1,0.7057793081293794
Glyma.12G108200.Wm82.a4.v1,0.7057441725058726
Glyma.16G119000.Wm82.a4.v1,0.7057341337562993
Glyma.12G135200.Wm82.a4.v1,0.7057040175075793
Glyma.14G197100.Wm82.a4.v1,0.7056989981327926
Glyma.09G082000.Wm82.a4.v1,0.7056588431344991
Glyma.10G284400.Wm82.a4.v1,0.7056488043849258
Glyma.08G137700.Wm82.a4.v1,0.7056136687614191
Glyma.18G221900.Wm82.a4.v1,0.7056036300118457
Glyma.12G151100.Wm82.a4.v1,0.7055584556387656
Glyma.07G253300.Wm82.a4.v1,0.7055484168891922
Glyma.05G068000.Wm82.a4.v1,0.705538378139619
Glyma.19G025400.Wm82.a4.v1,0.7055333587648323
Glyma.04G195300.Wm82.a4.v1,0.7055233200152589
Glyma.14G009300.Wm82.a4.v1,0.7055032425161122
Glyma.08G350100.Wm82.a4.v1,0.7054781456421788
Glyma.20G126600.Wm82.a4.v1,0.7054731262673921
Glyma.09G212500.Wm82.a4.v1,0.7054580681430321
Glyma.13G177500.Wm82.a4.v1,0.7054379906438853
Glyma.07G199200.Wm82.a4.v1,0.7054329712690988
Glyma.03G037300.Wm82.a4.v1,0.7053928162708053
Glyma.03G163900.Wm82.a4.v1,0.7053877968960186
Glyma.13G004600.Wm82.a4.v1,0.7053627000220852
Glyma.14G031300.Wm82.a4.v1,0.7053627000220852
Glyma.13G035300.Wm82.a4.v1,0.7053225450237919
Glyma.11G087200.Wm82.a4.v1,0.7053074868994318
Glyma.07G123100.Wm82.a4.v1,0.7052974481498585
Glyma.20G156600.Wm82.a4.v1,0.7052874094002851
Glyma.18G171000.Wm82.a4.v1,0.7052823900254984
Glyma.17G004400.Wm82.a4.v1,0.7052823900254984
Glyma.11G087400.Wm82.a4.v1,0.705272351275925
Glyma.20G122300.Wm82.a4.v1,0.7052472544019917
Glyma.18G244300.Wm82.a4.v1,0.705227176902845
Glyma.02G236600.Wm82.a4.v1,0.705227176902845
Glyma.11G242200.Wm82.a4.v1,0.7052221575280583
Glyma.11G073600.Wm82.a4.v1,0.7052221575280583
Glyma.03G098200.Wm82.a4.v1,0.7051769831549782
Glyma.16G091200.Wm82.a4.v1,0.7051619250306181
Glyma.12G163700.Wm82.a4.v1,0.7051569056558316
Glyma.08G143100.Wm82.a4.v1,0.7051418475314715
Glyma.03G206400.Wm82.a4.v1,0.7051067119079647
Glyma.15G237600.Wm82.a4.v1,0.7050966731583914
Glyma.04G126100.Wm82.a4.v1,0.705071576284458
Glyma.10G221300.Wm82.a4.v1,0.7050615375348847
Glyma.06G025600.Wm82.a4.v1,0.7050615375348847
Glyma.11G057000.Wm82.a4.v1,0.7050063244122312
Glyma.13G189400.Wm82.a4.v1,0.7050063244122312
Glyma.09G143800.Wm82.a4.v1,0.7049611500391512
Glyma.18G048800.Wm82.a4.v1,0.7049410725400044
Glyma.04G099900.Wm82.a4.v1,0.7049310337904311
Glyma.20G230500.Wm82.a4.v1,0.7049285241030377
Glyma.16G163500.Wm82.a4.v1,0.704915975666071
Glyma.07G121000.Wm82.a4.v1,0.7048958981669243
Glyma.08G318100.Wm82.a4.v1,0.7048958981669243
Glyma.06G171200.Wm82.a4.v1,0.7048958981669243
Glyma.17G129600.Wm82.a4.v1,0.7048858594173509
Glyma.17G006800.Wm82.a4.v1,0.704870801292991
Glyma.19G056800.Wm82.a4.v1,0.7046951231754572
Glyma.07G054800.Wm82.a4.v1,0.7046750456763106
Glyma.17G153300.Wm82.a4.v1,0.7046348906780171
Glyma.02G232000.Wm82.a4.v1,0.7046148131788704
Glyma.02G093000.Wm82.a4.v1,0.704589716304937
Glyma.09G043800.Wm82.a4.v1,0.7045846969301504
Glyma.10G162900.Wm82.a4.v1,0.7045796775553637
Glyma.06G196300.Wm82.a4.v1,0.7045294838074969
Glyma.07G002300.Wm82.a4.v1,0.7045043869335635
Glyma.06G325300.Wm82.a4.v1,0.7044692513100568
Glyma.19G166900.Wm82.a4.v1,0.7044541931856968
Glyma.14G098000.Wm82.a4.v1,0.7044240769369767
Glyma.13G137400.Wm82.a4.v1,0.7043989800630434
Glyma.14G036700.Wm82.a4.v1,0.7043789025638967
Glyma.06G015100.Wm82.a4.v1,0.7043387475656032
Glyma.02G095200.Wm82.a4.v1,0.7043337281908165
Glyma.09G017000.Wm82.a4.v1,0.7043186700664565
Glyma.16G079200.Wm82.a4.v1,0.7042835344429498
Glyma.11G131200.Wm82.a4.v1,0.7042734956933764
Glyma.15G136600.Wm82.a4.v1,0.7042584375690164
Glyma.10G106100.Wm82.a4.v1,0.7042433794446564
Glyma.08G122500.Wm82.a4.v1,0.7042383600698697
Glyma.02G200700.Wm82.a4.v1,0.7041982050715763
Glyma.03G221000.Wm82.a4.v1,0.7041831469472163
Glyma.08G145400.Wm82.a4.v1,0.7041379725741361
Glyma.16G200700.Wm82.a4.v1,0.7041279338245628
Glyma.17G117600.Wm82.a4.v1,0.7041279338245628
Glyma.07G041000.Wm82.a4.v1,0.7041028369506295
Glyma.03G212700.Wm82.a4.v1,0.7040978175758428
Glyma.20G166600.Wm82.a4.v1,0.7040777400766961
Glyma.09G260600.Wm82.a4.v1,0.704062681952336
Glyma.18G018600.Wm82.a4.v1,0.7040501335153694
Glyma.10G252300.Wm82.a4.v1,0.7040225269540425
Glyma.16G124500.Wm82.a4.v1,0.7040225269540425
Glyma.01G047700.Wm82.a4.v1,0.7039974300801092
Glyma.03G184600.Wm82.a4.v1,0.7039823719557492
Glyma.07G170200.Wm82.a4.v1,0.7039673138313891
Glyma.05G142300.Wm82.a4.v1,0.7039371975826691
Glyma.02G048200.Wm82.a4.v1,0.7039221394583091
Glyma.17G206600.Wm82.a4.v1,0.703892023209589
Glyma.18G059900.Wm82.a4.v1,0.703892023209589
Glyma.13G282300.Wm82.a4.v1,0.7038870038348023
Glyma.10G270800.Wm82.a4.v1,0.7038719457104423
Glyma.04G155551.Wm82.a4.v1,0.7038518682112956
Glyma.11G036800.Wm82.a4.v1,0.7038518682112956
Glyma.08G340000.Wm82.a4.v1,0.7038518682112956
Glyma.16G112900.Wm82.a4.v1,0.7038468488365089
Glyma.08G117300.Wm82.a4.v1,0.7038267713373623
Glyma.02G001900.Wm82.a4.v1,0.7038217519625756
Glyma.19G022900.Wm82.a4.v1,0.7037916357138555
Glyma.08G326700.Wm82.a4.v1,0.7037715582147088
Glyma.19G019000.Wm82.a4.v1,0.7037715582147088
Glyma.10G022800.Wm82.a4.v1,0.7037665388399221
Glyma.11G105900.Wm82.a4.v1,0.703721364466842
Glyma.19G142500.Wm82.a4.v1,0.7037163450920554
Glyma.05G202900.Wm82.a4.v1,0.7036912482181219
Glyma.16G128200.Wm82.a4.v1,0.7035105507258016
Glyma.03G170300.Wm82.a4.v1,0.7034954926014416
Glyma.16G217300.Wm82.a4.v1,0.7034653763527215
Glyma.10G232700.Wm82.a4.v1,0.7034252213544281
Glyma.07G162900.Wm82.a4.v1,0.7034151826048547
Glyma.09G184300.Wm82.a4.v1,0.703364988856988
Glyma.U031905.Wm82.a4.v1,0.7033248338586946
Glyma.11G145100.Wm82.a4.v1,0.7033147951091212
Glyma.16G091002.Wm82.a4.v1,0.7033147951091212
Glyma.02G144600.Wm82.a4.v1,0.7033047563595478
Glyma.07G228000.Wm82.a4.v1,0.7032896982351878
Glyma.08G141500.Wm82.a4.v1,0.7032144076133877
Glyma.19G134100.Wm82.a4.v1,0.703209388238601
Glyma.10G269700.Wm82.a4.v1,0.7031943301142409
Glyma.13G244400.Wm82.a4.v1,0.7031541751159476
Glyma.08G078200.Wm82.a4.v1,0.7031541751159476
Glyma.15G193100.Wm82.a4.v1,0.7031391169915875
Glyma.07G081900.Wm82.a4.v1,0.7030939426185074
Glyma.18G196000.Wm82.a4.v1,0.7030788844941475
Glyma.11G091400.Wm82.a4.v1,0.7030588069950007
Glyma.17G208400.Wm82.a4.v1,0.7030487682454274
Glyma.02G203200.Wm82.a4.v1,0.7029885357479873
Glyma.12G229200.Wm82.a4.v1,0.7029784969984139
Glyma.18G081200.Wm82.a4.v1,0.7029483807496938
Glyma.07G208200.Wm82.a4.v1,0.7029333226253338
Glyma.12G035600.Wm82.a4.v1,0.7029082257514004
Glyma.20G038500.Wm82.a4.v1,0.702898187001827
Glyma.04G085500.Wm82.a4.v1,0.7028881482522537
Glyma.06G096000.Wm82.a4.v1,0.7028580320035337
Glyma.14G089027.Wm82.a4.v1,0.702853012628747
Glyma.04G187700.Wm82.a4.v1,0.7028228963800269
Glyma.11G039700.Wm82.a4.v1,0.7028128576304535
Glyma.07G264600.Wm82.a4.v1,0.7027877607565202
Glyma.20G102900.Wm82.a4.v1,0.7027325476338667
Glyma.02G251400.Wm82.a4.v1,0.70272752825908
Glyma.20G009200.Wm82.a4.v1,0.70269741201036
Glyma.14G122200.Wm82.a4.v1,0.7026472182624932
Glyma.05G219700.Wm82.a4.v1,0.7026421988877065
Glyma.20G145900.Wm82.a4.v1,0.7026221213885598
Glyma.07G038100.Wm82.a4.v1,0.7025970245146265
Glyma.15G034900.Wm82.a4.v1,0.7025970245146265
Glyma.13G073900.Wm82.a4.v1,0.7025618888911197
Glyma.03G175200.Wm82.a4.v1,0.702556869516333
Glyma.13G335300.Wm82.a4.v1,0.7025292629550063
Glyma.02G108100.Wm82.a4.v1,0.7025066757684663
Glyma.04G242800.Wm82.a4.v1,0.7024865982693196
Glyma.15G060300.Wm82.a4.v1,0.7023862107735861
Glyma.06G108500.Wm82.a4.v1,0.702356094524866
Glyma.09G128800.Wm82.a4.v1,0.7023284879635393
Glyma.07G247500.Wm82.a4.v1,0.7023109201517859
Glyma.11G109100.Wm82.a4.v1,0.7023008814022126
Glyma.15G074900.Wm82.a4.v1,0.7022808039030658
Glyma.11G130300.Wm82.a4.v1,0.702230610155199
Glyma.15G229400.Wm82.a4.v1,0.7022155520308391
Glyma.20G048400.Wm82.a4.v1,0.7022105326560524
Glyma.13G152304.Wm82.a4.v1,0.7021954745316923
Glyma.06G100700.Wm82.a4.v1,0.7021804164073323
Glyma.06G298100.Wm82.a4.v1,0.7021402614090388
Glyma.08G152500.Wm82.a4.v1,0.7021201839098922
Glyma.13G025900.Wm82.a4.v1,0.7021151645351055
Glyma.18G164900.Wm82.a4.v1,0.7020850482863854
Glyma.18G253000.Wm82.a4.v1,0.7020499126628788
Glyma.09G029000.Wm82.a4.v1,0.7020197964141587
Glyma.06G201500.Wm82.a4.v1,0.7020197964141587
Glyma.07G067500.Wm82.a4.v1,0.7019896801654386
Glyma.04G184600.Wm82.a4.v1,0.7019645832915052
Glyma.11G043600.Wm82.a4.v1,0.7019244282932118
Glyma.20G132300.Wm82.a4.v1,0.7019143895436385
Glyma.12G039300.Wm82.a4.v1,0.7019043507940651
Glyma.04G148100.Wm82.a4.v1,0.7018943120444917
Glyma.14G157500.Wm82.a4.v1,0.701859176420985
Glyma.07G080900.Wm82.a4.v1,0.7018491376714117
Glyma.10G112400.Wm82.a4.v1,0.7018089826731182
Glyma.05G061700.Wm82.a4.v1,0.7017989439235449
Glyma.06G025200.Wm82.a4.v1,0.7017838857991848
Glyma.02G222400.Wm82.a4.v1,0.7017688276748248
Glyma.04G194200.Wm82.a4.v1,0.7017186339269581
Glyma.09G264400.Wm82.a4.v1,0.7016634208043047
Glyma.17G177600.Wm82.a4.v1,0.7016433433051579
Glyma.18G000200.Wm82.a4.v1,0.7015680526833578
Glyma.09G068500.Wm82.a4.v1,0.7015630333085711
Glyma.07G189100.Wm82.a4.v1,0.7015429558094244
Glyma.14G118500.Wm82.a4.v1,0.7015429558094244
Glyma.12G031500.Wm82.a4.v1,0.7014375489389042
Glyma.10G102400.Wm82.a4.v1,0.7014275101893308
Glyma.07G096300.Wm82.a4.v1,0.7014275101893308
Glyma.U033205.Wm82.a4.v1,0.7014124520649708
Glyma.19G092300.Wm82.a4.v1,0.7014124520649708
Glyma.09G255400.Wm82.a4.v1,0.7013823358162508
Glyma.01G230700.Wm82.a4.v1,0.7013773164414641
Glyma.19G177700.Wm82.a4.v1,0.7013722970666774
Glyma.11G232900.Wm82.a4.v1,0.701347200192744
Glyma.12G194800.Wm82.a4.v1,0.7013221033188106
Glyma.17G046300.Wm82.a4.v1,0.7012618708213705
Glyma.09G089400.Wm82.a4.v1,0.7012267351978637
Glyma.20G186700.Wm82.a4.v1,0.7012267351978637
Glyma.02G147400.Wm82.a4.v1,0.7012166964482904
Glyma.11G079100.Wm82.a4.v1,0.7012166964482904
Glyma.15G141600.Wm82.a4.v1,0.7011865801995704
Glyma.14G000300.Wm82.a4.v1,0.7011715220752103
Glyma.02G230200.Wm82.a4.v1,0.7011464252012769
Glyma.03G146500.Wm82.a4.v1,0.7011313670769169
Glyma.17G243300.Wm82.a4.v1,0.7011062702029836
Glyma.01G152100.Wm82.a4.v1,0.7010686248920834
Glyma.11G130200.Wm82.a4.v1,0.7010259602063967
Glyma.08G025700.Wm82.a4.v1,0.7010033730198566
Glyma.04G095500.Wm82.a4.v1,0.7009255727106631
Glyma.06G253800.Wm82.a4.v1,0.7008703595880097
Glyma.04G185300.Wm82.a4.v1,0.7008352239645029
Glyma.09G070700.Wm82.a4.v1,0.7008302045897163
Glyma.20G056500.Wm82.a4.v1,0.7007950689662096
Glyma.01G040300.Wm82.a4.v1,0.7007699720922762
Glyma.03G167800.Wm82.a4.v1,0.7007549139679161
Glyma.06G162200.Wm82.a4.v1,0.7007498945931295
Glyma.19G194700.Wm82.a4.v1,0.7007448752183428
Glyma.13G151100.Wm82.a4.v1,0.700724797719196
Glyma.07G060900.Wm82.a4.v1,0.7007097395948361
Glyma.01G058200.Wm82.a4.v1,0.700679623346116
Glyma.13G295500.Wm82.a4.v1,0.7006394683478226
Glyma.01G068000.Wm82.a4.v1,0.7006394683478226
Glyma.01G151600.Wm82.a4.v1,0.7006093520991026
Glyma.16G117200.Wm82.a4.v1,0.7004587708555022
Glyma.07G109000.Wm82.a4.v1,0.7004236352319955
Glyma.02G268700.Wm82.a4.v1,0.7004035577328488
Glyma.20G089300.Wm82.a4.v1,0.7003784608589154
Glyma.05G155200.Wm82.a4.v1,0.7003634027345553
Glyma.10G179500.Wm82.a4.v1,0.7003433252354087
Glyma.07G258000.Wm82.a4.v1,0.7003433252354087
Glyma.06G120300.Wm82.a4.v1,0.700338305860622
Glyma.07G248700.Wm82.a4.v1,0.7003081896119019
Glyma.04G176600.Wm82.a4.v1,0.7002981508623286
Glyma.10G084200.Wm82.a4.v1,0.7002931314875419
Glyma.02G043400.Wm82.a4.v1,0.7002579958640351
Glyma.10G153200.Wm82.a4.v1,0.7002027827413817
Glyma.11G188900.Wm82.a4.v1,0.7002027827413817
Glyma.16G167900.Wm82.a4.v1,0.700197763366595
Glyma.03G099800.Wm82.a4.v1,0.700182705242235
Glyma.06G075000.Wm82.a4.v1,0.7001776858674483
Glyma.10G083700.Wm82.a4.v1,0.7001626277430884
Glyma.08G014000.Wm82.a4.v1,0.7001274921195816
Glyma.15G265300.Wm82.a4.v1,0.7000672596221414
Glyma.19G147100.Wm82.a4.v1,0.7000471821229948
Glyma.01G039800.Wm82.a4.v1,0.7000271046238481
Glyma.15G098000.Wm82.a4.v1,0.700012046499488
Glyma.15G206000.Wm82.a4.v1,0.6999618527516213
Glyma.17G202700.Wm82.a4.v1,0.6999216977533278
Glyma.20G116900.Wm82.a4.v1,0.6998815427550344
Glyma.01G219700.Wm82.a4.v1,0.6998815427550344
Glyma.01G053300.Wm82.a4.v1,0.699841387756741
Glyma.01G162000.Wm82.a4.v1,0.699826329632381
Glyma.09G271700.Wm82.a4.v1,0.6997610777601542
Glyma.18G235600.Wm82.a4.v1,0.6997058646375007
Glyma.04G215400.Wm82.a4.v1,0.6996757483887807
Glyma.13G212800.Wm82.a4.v1,0.6996506515148473
Glyma.05G209500.Wm82.a4.v1,0.6996355933904873
Glyma.18G096300.Wm82.a4.v1,0.6996104965165539
Glyma.06G130200.Wm82.a4.v1,0.6995653221434738
Glyma.17G185600.Wm82.a4.v1,0.6995502640191138
Glyma.04G025400.Wm82.a4.v1,0.6995352058947537
Glyma.17G143000.Wm82.a4.v1,0.6995352058947537
Glyma.05G239300.Wm82.a4.v1,0.6995050896460336
Glyma.04G131800.Wm82.a4.v1,0.6994950508964604
Glyma.05G233300.Wm82.a4.v1,0.699469954022527
Glyma.14G006700.Wm82.a4.v1,0.6994599152729536
Glyma.03G005000.Wm82.a4.v1,0.6993996827755135
Glyma.03G012900.Wm82.a4.v1,0.69934446965286
Glyma.20G192700.Wm82.a4.v1,0.6992691790310599
Glyma.12G069100.Wm82.a4.v1,0.6992641596562732
Glyma.14G033400.Wm82.a4.v1,0.6992591402814865
Glyma.08G093800.Wm82.a4.v1,0.6992541209066999
Glyma.07G240300.Wm82.a4.v1,0.6992440821571265
Glyma.06G045000.Wm82.a4.v1,0.6992189852831932
Glyma.01G182300.Wm82.a4.v1,0.6992189852831932
Glyma.06G123500.Wm82.a4.v1,0.6992089465336198
Glyma.03G050400.Wm82.a4.v1,0.6991487140361796
Glyma.03G069400.Wm82.a4.v1,0.6991336559118196
Glyma.02G230600.Wm82.a4.v1,0.6991185977874596
Glyma.16G030200.Wm82.a4.v1,0.6991185977874596
Glyma.19G072000.Wm82.a4.v1,0.6990382877908727
Glyma.17G222400.Wm82.a4.v1,0.699033268416086
Glyma.02G247700.Wm82.a4.v1,0.6990232296665128
Glyma.12G074700.Wm82.a4.v1,0.6989981327925794
Glyma.18G140300.Wm82.a4.v1,0.6989629971690726
Glyma.04G053900.Wm82.a4.v1,0.6989579777942859
Glyma.02G169200.Wm82.a4.v1,0.6989529584194992
Glyma.06G288900.Wm82.a4.v1,0.6989429196699259
Glyma.15G025600.Wm82.a4.v1,0.6989027646716325
Glyma.09G215200.Wm82.a4.v1,0.6988977452968458
Glyma.20G170600.Wm82.a4.v1,0.6988676290481257
Glyma.08G307800.Wm82.a4.v1,0.698847551548979
Glyma.07G253800.Wm82.a4.v1,0.698847551548979
Glyma.17G161100.Wm82.a4.v1,0.6988224546750457
Glyma.04G016600.Wm82.a4.v1,0.6987772803019656
Glyma.08G026000.Wm82.a4.v1,0.6987471640532456
Glyma.12G036700.Wm82.a4.v1,0.6986969703053788
Glyma.13G294600.Wm82.a4.v1,0.698646776557512
Glyma.03G224500.Wm82.a4.v1,0.6986066215592186
Glyma.16G077600.Wm82.a4.v1,0.6985965828096452
Glyma.15G022500.Wm82.a4.v1,0.6985363503122051
Glyma.12G228300.Wm82.a4.v1,0.6985162728130584
Glyma.17G191900.Wm82.a4.v1,0.6985112534382717
Glyma.12G071400.Wm82.a4.v1,0.6984259240668982
Glyma.20G090000.Wm82.a4.v1,0.6984108659425382
Glyma.17G024000.Wm82.a4.v1,0.6984108659425382
Glyma.07G002500.Wm82.a4.v1,0.6984108659425382
Glyma.03G131800.Wm82.a4.v1,0.6983606721946715
Glyma.04G202100.Wm82.a4.v1,0.6982803621980846
Glyma.13G115800.Wm82.a4.v1,0.6982653040737246
Glyma.17G152800.Wm82.a4.v1,0.6982602846989379
Glyma.05G247000.Wm82.a4.v1,0.6982301684502178
Glyma.19G225800.Wm82.a4.v1,0.6982151103258578
Glyma.13G030600.Wm82.a4.v1,0.6982100909510711
Glyma.11G013200.Wm82.a4.v1,0.6981900134519244
Glyma.18G187200.Wm82.a4.v1,0.698149858453631
Glyma.18G138900.Wm82.a4.v1,0.6981448390788444
Glyma.04G236300.Wm82.a4.v1,0.6981448390788444
Glyma.14G050100.Wm82.a4.v1,0.6981297809544843
Glyma.01G185300.Wm82.a4.v1,0.6980996647057642
Glyma.01G014400.Wm82.a4.v1,0.6980946453309775
Glyma.08G206900.Wm82.a4.v1,0.698089625956191
Glyma.13G311300.Wm82.a4.v1,0.6980695484570442
Glyma.14G096100.Wm82.a4.v1,0.6980394322083241
Glyma.09G183600.Wm82.a4.v1,0.6980193547091774
Glyma.01G243600.Wm82.a4.v1,0.6979892384604574
Glyma.18G279500.Wm82.a4.v1,0.697979199710884
Glyma.18G264000.Wm82.a4.v1,0.6979691609613107
Glyma.08G207800.Wm82.a4.v1,0.6978888509647239
Glyma.01G040900.Wm82.a4.v1,0.6978035215933504
Glyma.05G154600.Wm82.a4.v1,0.6977985022185637
Glyma.01G183800.Wm82.a4.v1,0.6977332503463368
Glyma.20G169600.Wm82.a4.v1,0.6977332503463368
Glyma.01G193700.Wm82.a4.v1,0.6977232115967635
Glyma.06G312800.Wm82.a4.v1,0.6977081534724034
Glyma.19G025200.Wm82.a4.v1,0.6977081534724034
Glyma.13G107900.Wm82.a4.v1,0.6976981147228302
Glyma.02G180100.Wm82.a4.v1,0.6976930953480435
Glyma.16G111400.Wm82.a4.v1,0.69765294034975
Glyma.10G020700.Wm82.a4.v1,0.6976027466018833
Glyma.02G012400.Wm82.a4.v1,0.6975876884775233
Glyma.01G168500.Wm82.a4.v1,0.6975876884775233
Glyma.11G090700.Wm82.a4.v1,0.6975676109783765
Glyma.12G165900.Wm82.a4.v1,0.6975575722288032
Glyma.06G224700.Wm82.a4.v1,0.6975425141044431
Glyma.03G233400.Wm82.a4.v1,0.697452165358283
Glyma.06G196800.Wm82.a4.v1,0.697452165358283
Glyma.04G256600.Wm82.a4.v1,0.6974371072339229
Glyma.20G075000.Wm82.a4.v1,0.6974371072339229
Glyma.10G068100.Wm82.a4.v1,0.6974371072339229
Glyma.07G009000.Wm82.a4.v1,0.6974120103599896
Glyma.14G219500.Wm82.a4.v1,0.6973567972373361
Glyma.06G009900.Wm82.a4.v1,0.6973467584877627
Glyma.11G219200.Wm82.a4.v1,0.697296564739896
Glyma.01G119400.Wm82.a4.v1,0.697281506615536
Glyma.02G193200.Wm82.a4.v1,0.6972011966189492
Glyma.09G247100.Wm82.a4.v1,0.6971660609954424
Glyma.19G243000.Wm82.a4.v1,0.6971510028710823
Glyma.13G363400.Wm82.a4.v1,0.697140964121509
Glyma.13G105300.Wm82.a4.v1,0.6971008091232156
Glyma.05G019000.Wm82.a4.v1,0.6970556347501355
Glyma.10G018900.Wm82.a4.v1,0.6970154797518421
Glyma.04G237600.Wm82.a4.v1,0.6969954022526954
Glyma.13G201500.Wm82.a4.v1,0.6969652860039753
Glyma.06G159300.Wm82.a4.v1,0.696940189130042
Glyma.12G058500.Wm82.a4.v1,0.6968950147569619
Glyma.17G053900.Wm82.a4.v1,0.6968849760073885
Glyma.06G203900.Wm82.a4.v1,0.6968398016343085
Glyma.19G132300.Wm82.a4.v1,0.6968247435099484
Glyma.04G168300.Wm82.a4.v1,0.696784588511655
Glyma.13G180900.Wm82.a4.v1,0.6967745497620816
Glyma.18G251900.Wm82.a4.v1,0.6967343947637882
Glyma.12G214200.Wm82.a4.v1,0.6966992591402815
Glyma.04G249500.Wm82.a4.v1,0.6966842010159214
Glyma.14G078800.Wm82.a4.v1,0.6966791816411347
Glyma.08G322000.Wm82.a4.v1,0.6966440460176281
Glyma.05G172200.Wm82.a4.v1,0.6966390266428414
Glyma.14G059900.Wm82.a4.v1,0.696613929768908
Glyma.10G068700.Wm82.a4.v1,0.6965737747706146
Glyma.10G148800.Wm82.a4.v1,0.6965486778966812
Glyma.07G004800.Wm82.a4.v1,0.6965336197723212
Glyma.13G107000.Wm82.a4.v1,0.6965235810227478
Glyma.10G106400.Wm82.a4.v1,0.6965135422731744
Glyma.07G059400.Wm82.a4.v1,0.6965085228983878
Glyma.05G235400.Wm82.a4.v1,0.696458329150521
Glyma.07G026300.Wm82.a4.v1,0.6964332322765876
Glyma.15G032800.Wm82.a4.v1,0.6964231935270143
Glyma.17G247700.Wm82.a4.v1,0.6964081354026542
Glyma.05G081300.Wm82.a4.v1,0.6963880579035076
Glyma.06G044400.Wm82.a4.v1,0.6963880579035076
Glyma.18G076100.Wm82.a4.v1,0.6963679804043609
Glyma.20G026300.Wm82.a4.v1,0.6963529222800008
Glyma.02G247600.Wm82.a4.v1,0.6963479029052141
Glyma.01G099700.Wm82.a4.v1,0.6963328447808541
Glyma.18G046900.Wm82.a4.v1,0.6962826510329874
Glyma.17G202300.Wm82.a4.v1,0.696272612283414
Glyma.09G023200.Wm82.a4.v1,0.6962424960346939
Glyma.09G153200.Wm82.a4.v1,0.6962324572851206
Glyma.20G214500.Wm82.a4.v1,0.6962173991607605
Glyma.04G094300.Wm82.a4.v1,0.6962123797859738
Glyma.18G043300.Wm82.a4.v1,0.6962023410364006
Glyma.03G213802.Wm82.a4.v1,0.6961822635372538
Glyma.16G005700.Wm82.a4.v1,0.6961822635372538
Glyma.18G102800.Wm82.a4.v1,0.6961672054128938
Glyma.01G181500.Wm82.a4.v1,0.6961119922902403
Glyma.13G101000.Wm82.a4.v1,0.6961119922902403
Glyma.17G218700.Wm82.a4.v1,0.6960919147910937
Glyma.05G035000.Wm82.a4.v1,0.6960818760415203
Glyma.01G226800.Wm82.a4.v1,0.6960718372919469
Glyma.08G056200.Wm82.a4.v1,0.6959714497962134
Glyma.10G191333.Wm82.a4.v1,0.69594635292228
Glyma.11G038000.Wm82.a4.v1,0.6959262754231333
Glyma.09G124600.Wm82.a4.v1,0.6958710623004799
Glyma.14G030600.Wm82.a4.v1,0.6958660429256932
Glyma.04G239200.Wm82.a4.v1,0.6958610235509065
Glyma.08G199300.Wm82.a4.v1,0.6958560041761198
Glyma.12G136300.Wm82.a4.v1,0.6958560041761198
Glyma.13G237200.Wm82.a4.v1,0.6958509848013331
Glyma.02G102600.Wm82.a4.v1,0.6958158491778265
Glyma.12G225000.Wm82.a4.v1,0.6958158491778265
Glyma.02G237800.Wm82.a4.v1,0.6958058104282531
Glyma.04G202800.Wm82.a4.v1,0.695760636055173
Glyma.08G282100.Wm82.a4.v1,0.6957556166803863
Glyma.12G067902.Wm82.a4.v1,0.695730519806453
Glyma.01G154700.Wm82.a4.v1,0.6956803260585861
Glyma.03G015200.Wm82.a4.v1,0.6956502098098661
Glyma.13G069000.Wm82.a4.v1,0.6956200935611461
Glyma.05G146400.Wm82.a4.v1,0.6955297448149859
Glyma.18G052100.Wm82.a4.v1,0.6955197060654125
Glyma.19G071700.Wm82.a4.v1,0.6955096673158392
Glyma.08G196700.Wm82.a4.v1,0.6955096673158392
Glyma.04G134700.Wm82.a4.v1,0.6954895898166924
Glyma.13G124400.Wm82.a4.v1,0.6954695123175457
Glyma.12G198500.Wm82.a4.v1,0.6954594735679723
Glyma.04G201200.Wm82.a4.v1,0.6954293573192523
Glyma.12G208100.Wm82.a4.v1,0.6954243379444657
Glyma.08G140900.Wm82.a4.v1,0.6954042604453189
Glyma.11G214700.Wm82.a4.v1,0.6953992410705323
Glyma.02G112400.Wm82.a4.v1,0.6953841829461722
Glyma.19G208000.Wm82.a4.v1,0.6953691248218122
Glyma.01G122100.Wm82.a4.v1,0.6953641054470255
Glyma.05G165300.Wm82.a4.v1,0.6953540666974521
Glyma.05G047500.Wm82.a4.v1,0.6953490473226654
Glyma.04G240400.Wm82.a4.v1,0.6953440279478789
Glyma.12G226900.Wm82.a4.v1,0.6953289698235188
Glyma.12G019700.Wm82.a4.v1,0.6953239504487321
Glyma.19G166200.Wm82.a4.v1,0.6952737567008653
Glyma.20G117600.Wm82.a4.v1,0.6952687373260786
Glyma.03G206600.Wm82.a4.v1,0.6952586985765054
Glyma.20G180800.Wm82.a4.v1,0.6952285823277853
Glyma.11G031100.Wm82.a4.v1,0.6952034854538519
Glyma.20G179700.Wm82.a4.v1,0.6952034854538519
Glyma.14G019100.Wm82.a4.v1,0.6951934467042785
Glyma.16G047800.Wm82.a4.v1,0.6951834079547051
Glyma.14G079400.Wm82.a4.v1,0.6951633304555584
Glyma.04G236900.Wm82.a4.v1,0.6951633304555584
Glyma.08G221900.Wm82.a4.v1,0.695108117332905
Glyma.06G132000.Wm82.a4.v1,0.6950729817093982
Glyma.06G171400.Wm82.a4.v1,0.6950579235850383
Glyma.09G165000.Wm82.a4.v1,0.6950529042102516
Glyma.04G200600.Wm82.a4.v1,0.6950378460858916
Glyma.18G058700.Wm82.a4.v1,0.6950278073363182
Glyma.14G006800.Wm82.a4.v1,0.6950127492119582
Glyma.11G180700.Wm82.a4.v1,0.6949926717128114
Glyma.19G217500.Wm82.a4.v1,0.6949876523380247
Glyma.10G172800.Wm82.a4.v1,0.694967574838878
Glyma.16G143200.Wm82.a4.v1,0.6949474973397314
Glyma.03G058100.Wm82.a4.v1,0.6949324392153713
Glyma.11G041600.Wm82.a4.v1,0.6949173810910113
Glyma.08G319000.Wm82.a4.v1,0.6948722067179313
Glyma.19G200800.Wm82.a4.v1,0.6948471098439978
Glyma.17G000500.Wm82.a4.v1,0.6948420904692112
Glyma.02G102400.Wm82.a4.v1,0.6948220129700644
Glyma.11G146800.Wm82.a4.v1,0.6948019354709177
Glyma.13G348100.Wm82.a4.v1,0.6948019354709177
Glyma.16G167200.Wm82.a4.v1,0.694781857971771
Glyma.05G039400.Wm82.a4.v1,0.6947768385969844
Glyma.09G101100.Wm82.a4.v1,0.6947768385969844
Glyma.12G240700.Wm82.a4.v1,0.6947718192221977
Glyma.19G049100.Wm82.a4.v1,0.6947467223482643
Glyma.09G262000.Wm82.a4.v1,0.6947216254743309
Glyma.18G051700.Wm82.a4.v1,0.6947015479751842
Glyma.12G032400.Wm82.a4.v1,0.6946915092256108
Glyma.04G050400.Wm82.a4.v1,0.6946613929768908
Glyma.17G045800.Wm82.a4.v1,0.6946011604794506
Glyma.17G224100.Wm82.a4.v1,0.6945710442307306
Glyma.05G118000.Wm82.a4.v1,0.6945610054811573
Glyma.03G182900.Wm82.a4.v1,0.6945610054811573
Glyma.17G129700.Wm82.a4.v1,0.6945459473567972
Glyma.11G213400.Wm82.a4.v1,0.6945359086072239
Glyma.10G028000.Wm82.a4.v1,0.6945308892324372
Glyma.17G105700.Wm82.a4.v1,0.6945308892324372
Glyma.10G023000.Wm82.a4.v1,0.6945208504828638
Glyma.19G135000.Wm82.a4.v1,0.6945057923585038
Glyma.20G211100.Wm82.a4.v1,0.6945057923585038
Glyma.13G209800.Wm82.a4.v1,0.6944907342341438
Glyma.04G151600.Wm82.a4.v1,0.6944756761097838
Glyma.20G000300.Wm82.a4.v1,0.6944555986106371
Glyma.04G037000.Wm82.a4.v1,0.694440540486277
Glyma.11G111900.Wm82.a4.v1,0.6944229726745237
Glyma.06G176300.Wm82.a4.v1,0.694410424237557
Glyma.15G084900.Wm82.a4.v1,0.6943903467384103
Glyma.20G095000.Wm82.a4.v1,0.6943903467384103
Glyma.12G006000.Wm82.a4.v1,0.6943401529905435
Glyma.05G130300.Wm82.a4.v1,0.6943200754913967
Glyma.16G150000.Wm82.a4.v1,0.6943150561166102
Glyma.14G208500.Wm82.a4.v1,0.6942999979922501
Glyma.12G152500.Wm82.a4.v1,0.6942799204931034
Glyma.01G003700.Wm82.a4.v1,0.6942799204931034
Glyma.06G268800.Wm82.a4.v1,0.6942598429939567
Glyma.16G194100.Wm82.a4.v1,0.6942598429939567
Glyma.02G109200.Wm82.a4.v1,0.6942498042443833
Glyma.05G193500.Wm82.a4.v1,0.6942397654948099
Glyma.12G059600.Wm82.a4.v1,0.6942347461200233
Glyma.01G056300.Wm82.a4.v1,0.6942347461200233
Glyma.10G091600.Wm82.a4.v1,0.6941845523721565
Glyma.16G016600.Wm82.a4.v1,0.6941694942477965
Glyma.14G035400.Wm82.a4.v1,0.6941544361234364
Glyma.16G023600.Wm82.a4.v1,0.6941494167486498
Glyma.08G091700.Wm82.a4.v1,0.6941092617503564
Glyma.17G108000.Wm82.a4.v1,0.694099223000783
Glyma.04G062400.Wm82.a4.v1,0.6940640873772763
Glyma.15G015600.Wm82.a4.v1,0.6940339711285562
Glyma.07G244100.Wm82.a4.v1,0.6940289517537696
Glyma.08G031000.Wm82.a4.v1,0.6940088742546229
Glyma.07G217500.Wm82.a4.v1,0.6939938161302628
Glyma.14G094600.Wm82.a4.v1,0.6939687192563294
Glyma.02G078500.Wm82.a4.v1,0.6939636998815427
Glyma.13G236800.Wm82.a4.v1,0.6939586805067561
Glyma.03G152000.Wm82.a4.v1,0.693943622382396
Glyma.05G080100.Wm82.a4.v1,0.6939285642580361
Glyma.12G008300.Wm82.a4.v1,0.6939185255084627
Glyma.19G249400.Wm82.a4.v1,0.693913506133676
Glyma.18G276600.Wm82.a4.v1,0.6939034673841027
Glyma.12G009500.Wm82.a4.v1,0.693898448009316
Glyma.20G219500.Wm82.a4.v1,0.6938833898849559
Glyma.07G242100.Wm82.a4.v1,0.6938783705101692
Glyma.13G207900.Wm82.a4.v1,0.6937880217640091
Glyma.14G218300.Wm82.a4.v1,0.6937880217640091
Glyma.07G075900.Wm82.a4.v1,0.6937679442648623
Glyma.20G179400.Wm82.a4.v1,0.6937528861405023
Glyma.06G002900.Wm82.a4.v1,0.6936976730178489
Glyma.20G082450.Wm82.a4.v1,0.6936524986447689
Glyma.03G088100.Wm82.a4.v1,0.693587246772542
Glyma.05G132200.Wm82.a4.v1,0.6935470917742486
Glyma.18G253900.Wm82.a4.v1,0.6935219949003152
Glyma.10G045800.Wm82.a4.v1,0.6934316461541551
Glyma.03G129100.Wm82.a4.v1,0.6934065492802216
Glyma.10G231300.Wm82.a4.v1,0.6933990202180417
Glyma.01G175100.Wm82.a4.v1,0.6933663942819283
Glyma.09G213200.Wm82.a4.v1,0.6933613749071416
Glyma.19G043901.Wm82.a4.v1,0.6933563555323549
Glyma.18G281300.Wm82.a4.v1,0.6933412974079949
Glyma.17G222000.Wm82.a4.v1,0.6933362780332082
Glyma.08G211300.Wm82.a4.v1,0.6933262392836348
Glyma.06G217200.Wm82.a4.v1,0.6933111811592748
Glyma.07G239000.Wm82.a4.v1,0.6932409099122613
Glyma.17G048200.Wm82.a4.v1,0.6932358905374747
Glyma.17G101100.Wm82.a4.v1,0.6932258517879013
Glyma.16G090700.Wm82.a4.v1,0.6932158130383279
Glyma.19G222700.Wm82.a4.v1,0.6932107936635413
Glyma.13G328300.Wm82.a4.v1,0.6932057742887546
Glyma.06G166700.Wm82.a4.v1,0.6931756580400346
Glyma.06G303600.Wm82.a4.v1,0.6931756580400346
Glyma.03G195200.Wm82.a4.v1,0.6931706386652479
Glyma.06G116600.Wm82.a4.v1,0.6931405224165278
Glyma.12G170500.Wm82.a4.v1,0.6931405224165278
Glyma.17G073300.Wm82.a4.v1,0.6931204449173811
Glyma.12G174800.Wm82.a4.v1,0.6930853092938744
Glyma.20G177800.Wm82.a4.v1,0.6930300961712209
Glyma.17G013200.Wm82.a4.v1,0.6929397474250607
Glyma.04G032600.Wm82.a4.v1,0.6929397474250607
Glyma.19G010600.Wm82.a4.v1,0.6929297086754874
Glyma.16G117500.Wm82.a4.v1,0.6929297086754874
Glyma.08G082500.Wm82.a4.v1,0.6929096311763406
Glyma.15G233400.Wm82.a4.v1,0.6928845343024073
Glyma.09G248400.Wm82.a4.v1,0.6928845343024073
Glyma.14G045600.Wm82.a4.v1,0.6928694761780473
Glyma.15G005400.Wm82.a4.v1,0.6928594374284739
Glyma.09G268300.Wm82.a4.v1,0.6928544180536872
Glyma.19G139400.Wm82.a4.v1,0.6928243018049671
Glyma.09G016600.Wm82.a4.v1,0.6928142630553938
Glyma.07G215300.Wm82.a4.v1,0.6928092436806071
Glyma.03G179000.Wm82.a4.v1,0.6927891661814605
Glyma.05G207400.Wm82.a4.v1,0.6926937980605136
Glyma.03G213200.Wm82.a4.v1,0.6926887786857269
Glyma.19G245200.Wm82.a4.v1,0.6926536430622202
Glyma.05G223500.Wm82.a4.v1,0.6926436043126468
Glyma.18G243500.Wm82.a4.v1,0.6926285461882868
Glyma.11G110800.Wm82.a4.v1,0.6926235268135001
Glyma.11G050000.Wm82.a4.v1,0.6926134880639268
Glyma.11G141400.Wm82.a4.v1,0.6925984299395668
Glyma.04G194900.Wm82.a4.v1,0.6925883911899934
Glyma.11G175328.Wm82.a4.v1,0.6925181199429798
Glyma.01G057700.Wm82.a4.v1,0.6925131005681933
Glyma.13G170400.Wm82.a4.v1,0.6925030618186199
Glyma.15G165300.Wm82.a4.v1,0.6925030618186199
Glyma.12G058100.Wm82.a4.v1,0.6924980424438332
Glyma.10G225800.Wm82.a4.v1,0.6924930230690465
Glyma.14G084800.Wm82.a4.v1,0.6924729455698998
Glyma.01G154100.Wm82.a4.v1,0.692437809946393
Glyma.07G124300.Wm82.a4.v1,0.6924277711968198
Glyma.18G016400.Wm82.a4.v1,0.692407693697673
Glyma.06G021600.Wm82.a4.v1,0.6923725580741663
Glyma.09G206900.Wm82.a4.v1,0.6923675386993796
Glyma.09G120900.Wm82.a4.v1,0.6923223643262996
Glyma.20G076700.Wm82.a4.v1,0.6923022868271528
Glyma.06G151700.Wm82.a4.v1,0.6922972674523661
Glyma.20G178300.Wm82.a4.v1,0.6922470737044993
Glyma.17G143800.Wm82.a4.v1,0.6922169574557793
Glyma.14G099100.Wm82.a4.v1,0.6922018993314193
Glyma.08G230800.Wm82.a4.v1,0.6922018993314193
Glyma.18G056300.Wm82.a4.v1,0.6921567249583392
Glyma.18G084600.Wm82.a4.v1,0.6920764149617523
Glyma.11G089900.Wm82.a4.v1,0.6920713955869657
Glyma.15G255000.Wm82.a4.v1,0.6920613568373923
Glyma.06G306300.Wm82.a4.v1,0.692051318087819
Glyma.10G241900.Wm82.a4.v1,0.6920312405886723
Glyma.18G287100.Wm82.a4.v1,0.6920061437147389
Glyma.01G018000.Wm82.a4.v1,0.6919910855903788
Glyma.19G199500.Wm82.a4.v1,0.6919910855903788
Glyma.15G171400.Wm82.a4.v1,0.6919860662155922
Glyma.03G060200.Wm82.a4.v1,0.6919810468408055
Glyma.17G254300.Wm82.a4.v1,0.6919810468408055
Glyma.07G273400.Wm82.a4.v1,0.6919258337181521
Glyma.08G029700.Wm82.a4.v1,0.691895717469432
Glyma.12G230800.Wm82.a4.v1,0.6918906980946453
Glyma.12G022200.Wm82.a4.v1,0.691850543096352
Glyma.19G171700.Wm82.a4.v1,0.691850543096352
Glyma.17G052100.Wm82.a4.v1,0.6917752524745517
Glyma.07G194500.Wm82.a4.v1,0.6917652137249785
Glyma.04G214200.Wm82.a4.v1,0.6917200393518983
Glyma.01G159500.Wm82.a4.v1,0.6916849037283916
Glyma.12G090500.Wm82.a4.v1,0.6916547874796716
Glyma.08G176700.Wm82.a4.v1,0.6916397293553115
Glyma.17G200700.Wm82.a4.v1,0.691584516232658
Glyma.07G233100.Wm82.a4.v1,0.6915594193587247
Glyma.11G092200.Wm82.a4.v1,0.6915443612343647
Glyma.08G090700.Wm82.a4.v1,0.691539341859578
Glyma.16G006900.Wm82.a4.v1,0.6915343224847913
Glyma.18G159100.Wm82.a4.v1,0.6915293031100046
Glyma.17G049000.Wm82.a4.v1,0.6915293031100046
Glyma.14G079900.Wm82.a4.v1,0.6915142449856446
Glyma.06G088900.Wm82.a4.v1,0.6914740899873512
Glyma.11G037700.Wm82.a4.v1,0.6914088381151244
Glyma.08G336000.Wm82.a4.v1,0.6914038187403377
Glyma.03G169500.Wm82.a4.v1,0.6913887606159776
Glyma.09G247300.Wm82.a4.v1,0.6913235087437509
Glyma.01G116000.Wm82.a4.v1,0.6913134699941775
Glyma.13G041700.Wm82.a4.v1,0.6912883731202442
Glyma.06G062700.Wm82.a4.v1,0.6912532374967374
Glyma.19G097400.Wm82.a4.v1,0.691243198747164
Glyma.08G064100.Wm82.a4.v1,0.6911930049992973
Glyma.02G284400.Wm82.a4.v1,0.6911879856245106
Glyma.05G030700.Wm82.a4.v1,0.6911679081253639
Glyma.10G155400.Wm82.a4.v1,0.6911227337522838
Glyma.08G279200.Wm82.a4.v1,0.6911026562531372
Glyma.06G133500.Wm82.a4.v1,0.6910675206296304
Glyma.04G070200.Wm82.a4.v1,0.6909520750095368
Glyma.07G019100.Wm82.a4.v1,0.6909470556347501
Glyma.17G247200.Wm82.a4.v1,0.69091693938603
Glyma.17G204000.Wm82.a4.v1,0.6908918425120967
Glyma.07G080100.Wm82.a4.v1,0.6908617262633766
Glyma.13G260200.Wm82.a4.v1,0.6908416487642299
Glyma.19G139800.Wm82.a4.v1,0.69082659063987
Glyma.14G111300.Wm82.a4.v1,0.6907713775172164
Glyma.09G194900.Wm82.a4.v1,0.690731222518923
Glyma.08G119900.Wm82.a4.v1,0.690716164394563
Glyma.04G095300.Wm82.a4.v1,0.6906308350231896
Glyma.17G239000.Wm82.a4.v1,0.6906007187744695
Glyma.10G225200.Wm82.a4.v1,0.6905806412753227
Glyma.02G280500.Wm82.a4.v1,0.6905404862770294
Glyma.04G057500.Wm82.a4.v1,0.6904902925291626
Glyma.05G174200.Wm82.a4.v1,0.6904852731543759
Glyma.09G233500.Wm82.a4.v1,0.6904501375308691
Glyma.07G252600.Wm82.a4.v1,0.6904350794065092
Glyma.13G161800.Wm82.a4.v1,0.6904250406569358
Glyma.09G226300.Wm82.a4.v1,0.6904250406569358
Glyma.14G139800.Wm82.a4.v1,0.6904099825325758
Glyma.09G029600.Wm82.a4.v1,0.6903648081594956
Glyma.12G010300.Wm82.a4.v1,0.6903045756620555
Glyma.04G239900.Wm82.a4.v1,0.6902794787881221
Glyma.02G274000.Wm82.a4.v1,0.6902568916015821
Glyma.04G213800.Wm82.a4.v1,0.6902393237898288
Glyma.05G072100.Wm82.a4.v1,0.6902142269158954
Glyma.17G026400.Wm82.a4.v1,0.6901841106671753
Glyma.14G026900.Wm82.a4.v1,0.6901640331680285
Glyma.18G030100.Wm82.a4.v1,0.6901439556688819
Glyma.09G066700.Wm82.a4.v1,0.6901288975445219
Glyma.12G006700.Wm82.a4.v1,0.6900736844218684
Glyma.13G110100.Wm82.a4.v1,0.6900636456722951
Glyma.10G194300.Wm82.a4.v1,0.6900385487983617
Glyma.01G156000.Wm82.a4.v1,0.6899833356757082
Glyma.11G029300.Wm82.a4.v1,0.6899682775513482
Glyma.03G156000.Wm82.a4.v1,0.6899532194269882
Glyma.14G079500.Wm82.a4.v1,0.6899431806774148
Glyma.06G091400.Wm82.a4.v1,0.6899331419278415
Glyma.02G155200.Wm82.a4.v1,0.6899231031782681
Glyma.10G254400.Wm82.a4.v1,0.6899205934908748
Glyma.05G094400.Wm82.a4.v1,0.689847812556468
Glyma.17G081200.Wm82.a4.v1,0.689847812556468
Glyma.06G117400.Wm82.a4.v1,0.6898427931816813
Glyma.10G283300.Wm82.a4.v1,0.6898126769329612
Glyma.06G060700.Wm82.a4.v1,0.6897273475615877
Glyma.04G100100.Wm82.a4.v1,0.6897173088120144
Glyma.01G166400.Wm82.a4.v1,0.6897122894372277
Glyma.08G037600.Wm82.a4.v1,0.6896821731885077
Glyma.08G269600.Wm82.a4.v1,0.6896671150641476
Glyma.07G234200.Wm82.a4.v1,0.689662095689361
Glyma.08G149500.Wm82.a4.v1,0.6896470375650009
Glyma.06G003800.Wm82.a4.v1,0.6896369988154275
Glyma.17G157700.Wm82.a4.v1,0.6896219406910675
Glyma.08G012600.Wm82.a4.v1,0.6895767663179875
Glyma.14G192700.Wm82.a4.v1,0.6895717469432008
Glyma.10G016100.Wm82.a4.v1,0.689536611319694
Glyma.03G165500.Wm82.a4.v1,0.689536611319694
Glyma.18G261000.Wm82.a4.v1,0.6895265725701206
Glyma.09G117300.Wm82.a4.v1,0.689506495070974
Glyma.18G065600.Wm82.a4.v1,0.6895014756961872
Glyma.17G221900.Wm82.a4.v1,0.689491436946614
Glyma.08G024200.Wm82.a4.v1,0.6894713594474672
Glyma.17G068500.Wm82.a4.v1,0.6894462625735338
Glyma.19G194985.Wm82.a4.v1,0.6894312044491738
Glyma.04G236400.Wm82.a4.v1,0.6894061075752405
Glyma.11G120700.Wm82.a4.v1,0.6893759913265204
Glyma.12G089000.Wm82.a4.v1,0.6893759913265204
Glyma.07G052100.Wm82.a4.v1,0.689365952576947
Glyma.06G244900.Wm82.a4.v1,0.6893458750778003
Glyma.07G086500.Wm82.a4.v1,0.6893358363282269
Glyma.13G303800.Wm82.a4.v1,0.6893358363282269
Glyma.13G247400.Wm82.a4.v1,0.6893308169534402
Glyma.15G126800.Wm82.a4.v1,0.6893057200795069
Glyma.20G058500.Wm82.a4.v1,0.6892505069568534
Glyma.17G190900.Wm82.a4.v1,0.6892203907081333
Glyma.12G076100.Wm82.a4.v1,0.6892153713333468
Glyma.08G236200.Wm82.a4.v1,0.6892053325837734
Glyma.02G285200.Wm82.a4.v1,0.6892003132089867
Glyma.16G028700.Wm82.a4.v1,0.6891752163350533
Glyma.18G116500.Wm82.a4.v1,0.6890999257132532
Glyma.01G188000.Wm82.a4.v1,0.6890848675888931
Glyma.20G141000.Wm82.a4.v1,0.6890748288393198
Glyma.03G033200.Wm82.a4.v1,0.6890647900897464
Glyma.09G001400.Wm82.a4.v1,0.6890647900897464
Glyma.07G206800.Wm82.a4.v1,0.6890597707149597
Glyma.19G055900.Wm82.a4.v1,0.6890597707149597
Glyma.02G208900.Wm82.a4.v1,0.6889995382175196
Glyma.05G143100.Wm82.a4.v1,0.6889844800931596
Glyma.20G106300.Wm82.a4.v1,0.6889543638444395
Glyma.13G112600.Wm82.a4.v1,0.6889242475957195
Glyma.12G237300.Wm82.a4.v1,0.6889242475957195
Glyma.20G250000.Wm82.a4.v1,0.6888966410343927
Glyma.03G147000.Wm82.a4.v1,0.6888840925974261
Glyma.19G205700.Wm82.a4.v1,0.6888790732226394
Glyma.16G026600.Wm82.a4.v1,0.688869034473066
Glyma.15G145200.Wm82.a4.v1,0.6887937438512659
Glyma.09G217100.Wm82.a4.v1,0.6887887244764792
Glyma.02G303800.Wm82.a4.v1,0.6887786857269058
Glyma.19G200700.Wm82.a4.v1,0.6887736663521192
Glyma.03G198500.Wm82.a4.v1,0.688698375730319
Glyma.06G159900.Wm82.a4.v1,0.6886732788563856
Glyma.02G018700.Wm82.a4.v1,0.6886431626076656
Glyma.20G101100.Wm82.a4.v1,0.6885879494850121
Glyma.20G161400.Wm82.a4.v1,0.6885779107354388
Glyma.07G270500.Wm82.a4.v1,0.6885728913606521
Glyma.19G211900.Wm82.a4.v1,0.6885628526110787
Glyma.20G187700.Wm82.a4.v1,0.6885076394884253
Glyma.18G275500.Wm82.a4.v1,0.6885026201136386
Glyma.20G015200.Wm82.a4.v1,0.688497600738852
Glyma.13G179100.Wm82.a4.v1,0.688497600738852
Glyma.10G239500.Wm82.a4.v1,0.6884825426144919
Glyma.06G074700.Wm82.a4.v1,0.6884423876161986
Glyma.01G164300.Wm82.a4.v1,0.6884373682414119
Glyma.18G095800.Wm82.a4.v1,0.6884072519926918
Glyma.06G121500.Wm82.a4.v1,0.688342000120465
Glyma.15G048300.Wm82.a4.v1,0.688326941996105
Glyma.07G250900.Wm82.a4.v1,0.6882968257473849
Glyma.14G141400.Wm82.a4.v1,0.6881763607525047
Glyma.13G253600.Wm82.a4.v1,0.6881763607525047
Glyma.15G001400.Wm82.a4.v1,0.6881663220029313
Glyma.09G052500.Wm82.a4.v1,0.6881613026281447
Glyma.19G187900.Wm82.a4.v1,0.688156283253358
Glyma.12G054833.Wm82.a4.v1,0.6881311863794246
Glyma.10G120900.Wm82.a4.v1,0.6880709538819845
Glyma.17G047100.Wm82.a4.v1,0.6880558957576244
Glyma.10G259600.Wm82.a4.v1,0.6880508763828378
Glyma.12G144400.Wm82.a4.v1,0.6880207601341177
Glyma.08G004800.Wm82.a4.v1,0.6880057020097576
Glyma.08G000100.Wm82.a4.v1,0.6879555082618909
Glyma.18G300200.Wm82.a4.v1,0.6879053145140241
Glyma.07G080200.Wm82.a4.v1,0.6878400626417973
Glyma.05G120300.Wm82.a4.v1,0.6878250045174373
Glyma.13G358300.Wm82.a4.v1,0.6878099463930772
Glyma.13G276300.Wm82.a4.v1,0.6876945007729837
Glyma.09G204500.Wm82.a4.v1,0.6876618748368704
Glyma.10G139600.Wm82.a4.v1,0.6876392876503302
Glyma.03G264600.Wm82.a4.v1,0.6876192101511835
Glyma.08G028100.Wm82.a4.v1,0.6875288614050233
Glyma.03G027600.Wm82.a4.v1,0.6875188226554501
Glyma.16G095500.Wm82.a4.v1,0.6874385126588632
Glyma.06G009500.Wm82.a4.v1,0.6874083964101432
Glyma.09G121700.Wm82.a4.v1,0.6873983576605698
Glyma.03G073710.Wm82.a4.v1,0.6873130282891963
Glyma.08G317700.Wm82.a4.v1,0.6872829120404762
Glyma.14G188200.Wm82.a4.v1,0.6872527957917561
Glyma.02G267400.Wm82.a4.v1,0.6872427570421829
Glyma.07G211400.Wm82.a4.v1,0.6872226795430362
Glyma.19G124100.Wm82.a4.v1,0.6872226795430362
Glyma.15G177800.Wm82.a4.v1,0.687162447045596
Glyma.06G115600.Wm82.a4.v1,0.6871524082960226
Glyma.10G181700.Wm82.a4.v1,0.6871423695464492
Glyma.10G124700.Wm82.a4.v1,0.6870971951733692
Glyma.18G251400.Wm82.a4.v1,0.6870921757985825
Glyma.02G276600.Wm82.a4.v1,0.6870921757985825
Glyma.02G250400.Wm82.a4.v1,0.6870520208002892
Glyma.06G313600.Wm82.a4.v1,0.6870470014255025
Glyma.04G141900.Wm82.a4.v1,0.6870018270524223
Glyma.10G206600.Wm82.a4.v1,0.6869365751801956
Glyma.13G372400.Wm82.a4.v1,0.6869315558054089
Glyma.08G143200.Wm82.a4.v1,0.6869164976810489
Glyma.08G186500.Wm82.a4.v1,0.6869164976810489
Glyma.01G033200.Wm82.a4.v1,0.6869064589314755
Glyma.03G000600.Wm82.a4.v1,0.6869064589314755
Glyma.02G152100.Wm82.a4.v1,0.6868914008071154
Glyma.08G126400.Wm82.a4.v1,0.6868863814323288
Glyma.09G136700.Wm82.a4.v1,0.6868612845583955
Glyma.13G137500.Wm82.a4.v1,0.6868562651836088
Glyma.11G125000.Wm82.a4.v1,0.6868311683096754
Glyma.16G187500.Wm82.a4.v1,0.6868261489348887
Glyma.09G264800.Wm82.a4.v1,0.686806071435742
Glyma.08G289100.Wm82.a4.v1,0.6868010520609553
Glyma.03G146000.Wm82.a4.v1,0.6867859939365952
Glyma.11G081600.Wm82.a4.v1,0.6867006645652217
Glyma.08G286200.Wm82.a4.v1,0.6866956451904351
Glyma.15G121800.Wm82.a4.v1,0.6866755676912883
Glyma.13G093800.Wm82.a4.v1,0.6866655289417151
Glyma.12G155900.Wm82.a4.v1,0.6866605095669284
Glyma.13G343600.Wm82.a4.v1,0.6866303933182083
Glyma.05G206500.Wm82.a4.v1,0.6866203545686349
Glyma.03G211500.Wm82.a4.v1,0.6865751801955549
Glyma.05G089300.Wm82.a4.v1,0.6865450639468348
Glyma.10G251100.Wm82.a4.v1,0.6865249864476881
Glyma.13G082100.Wm82.a4.v1,0.6865149476981147
Glyma.04G083000.Wm82.a4.v1,0.6865149476981147
Glyma.06G275700.Wm82.a4.v1,0.6864898508241813
Glyma.16G021700.Wm82.a4.v1,0.6864747926998213
Glyma.07G158000.Wm82.a4.v1,0.6864747926998213
Glyma.10G238100.Wm82.a4.v1,0.6864697733250347
Glyma.13G317250.Wm82.a4.v1,0.686464753950248
Glyma.08G271700.Wm82.a4.v1,0.6864547152006746
Glyma.07G140400.Wm82.a4.v1,0.6863995020780211
Glyma.11G239400.Wm82.a4.v1,0.6863944827032344
Glyma.15G218200.Wm82.a4.v1,0.6863844439536612
Glyma.08G104500.Wm82.a4.v1,0.6862991145822877
Glyma.05G158300.Wm82.a4.v1,0.686279037083141
Glyma.01G241500.Wm82.a4.v1,0.6862489208344209
Glyma.13G359600.Wm82.a4.v1,0.6862439014596342
Glyma.17G254900.Wm82.a4.v1,0.6862037464613407
Glyma.04G101200.Wm82.a4.v1,0.6861937077117675
Glyma.08G184600.Wm82.a4.v1,0.6861736302126207
Glyma.11G109900.Wm82.a4.v1,0.686153552713474
Glyma.10G194400.Wm82.a4.v1,0.686153552713474
Glyma.09G124800.Wm82.a4.v1,0.686153552713474
Glyma.13G360900.Wm82.a4.v1,0.6861033589656073
Glyma.08G246400.Wm82.a4.v1,0.6860832814664606
Glyma.11G031000.Wm82.a4.v1,0.6860832814664606
Glyma.16G069200.Wm82.a4.v1,0.6860682233421005
Glyma.01G205700.Wm82.a4.v1,0.6860581845925272
Glyma.18G229900.Wm82.a4.v1,0.6860531652177405
Glyma.10G091000.Wm82.a4.v1,0.6860029714698738
Glyma.16G207400.Wm82.a4.v1,0.6859527777220069
Glyma.06G128100.Wm82.a4.v1,0.6859176420985003
Glyma.07G021900.Wm82.a4.v1,0.6859126227237136
Glyma.15G176000.Wm82.a4.v1,0.6859025839741402
Glyma.13G068100.Wm82.a4.v1,0.6858925452245668
Glyma.11G135400.Wm82.a4.v1,0.6858574096010601
Glyma.20G157600.Wm82.a4.v1,0.68582729335234
Glyma.U031325.Wm82.a4.v1,0.6858021964784067
Glyma.16G166900.Wm82.a4.v1,0.6857770996044733
Glyma.05G241900.Wm82.a4.v1,0.6857670608548999
Glyma.13G224300.Wm82.a4.v1,0.6857068283574598
Glyma.11G125400.Wm82.a4.v1,0.6856465958600196
Glyma.20G230200.Wm82.a4.v1,0.685641576485233
Glyma.01G176600.Wm82.a4.v1,0.685641576485233
Glyma.15G064800.Wm82.a4.v1,0.6856365571104464
Glyma.08G026300.Wm82.a4.v1,0.6856064408617263
Glyma.15G213100.Wm82.a4.v1,0.6855964021121529
Glyma.13G234600.Wm82.a4.v1,0.6855512277390728
Glyma.01G150800.Wm82.a4.v1,0.6855411889894995
Glyma.05G180100.Wm82.a4.v1,0.6855411889894995
Glyma.05G016700.Wm82.a4.v1,0.6855311502399262
Glyma.05G146900.Wm82.a4.v1,0.6855311502399262
Glyma.03G209800.Wm82.a4.v1,0.6855261308651395
Glyma.02G031600.Wm82.a4.v1,0.6854909952416327
Glyma.07G084400.Wm82.a4.v1,0.6854759371172727
Glyma.01G158800.Wm82.a4.v1,0.6854458208685527
Glyma.17G198400.Wm82.a4.v1,0.685440801493766
Glyma.17G127100.Wm82.a4.v1,0.685440801493766
Glyma.05G077200.Wm82.a4.v1,0.6854357821189793
Glyma.18G225700.Wm82.a4.v1,0.6854207239946193
Glyma.01G096000.Wm82.a4.v1,0.6853855883711125
Glyma.02G290500.Wm82.a4.v1,0.6853705302467524
Glyma.19G094800.Wm82.a4.v1,0.6853328849358524
Glyma.17G223800.Wm82.a4.v1,0.6852701427510189
Glyma.17G164900.Wm82.a4.v1,0.6852701427510189
Glyma.13G049100.Wm82.a4.v1,0.6852500652518723
Glyma.20G210700.Wm82.a4.v1,0.6852500652518723
Glyma.09G082900.Wm82.a4.v1,0.6852249683779389
Glyma.02G291500.Wm82.a4.v1,0.6852099102535788
Glyma.09G001900.Wm82.a4.v1,0.6851898327544321
Glyma.09G109600.Wm82.a4.v1,0.6851697552552855
Glyma.13G246400.Wm82.a4.v1,0.6851546971309254
Glyma.11G046100.Wm82.a4.v1,0.6851396390065654
Glyma.20G109400.Wm82.a4.v1,0.6851095227578453
Glyma.15G130800.Wm82.a4.v1,0.6850894452586985
Glyma.19G105600.Wm82.a4.v1,0.6850693677595519
Glyma.05G182700.Wm82.a4.v1,0.6850492902604052
Glyma.02G131500.Wm82.a4.v1,0.6850091352621117
Glyma.05G225200.Wm82.a4.v1,0.6849790190133916
Glyma.02G045400.Wm82.a4.v1,0.6849689802638184
Glyma.02G222600.Wm82.a4.v1,0.684958941514245
Glyma.17G052200.Wm82.a4.v1,0.6849288252655249
Glyma.19G109500.Wm82.a4.v1,0.6848284377697914
Glyma.04G122400.Wm82.a4.v1,0.6848133796454313
Glyma.02G286800.Wm82.a4.v1,0.6848083602706447
Glyma.04G007400.Wm82.a4.v1,0.684773224647138
Glyma.07G174100.Wm82.a4.v1,0.6847631858975646
Glyma.11G047800.Wm82.a4.v1,0.6847481277732046
Glyma.04G014100.Wm82.a4.v1,0.6847380890236312
Glyma.01G053200.Wm82.a4.v1,0.6847230308992712
Glyma.01G082200.Wm82.a4.v1,0.6846979340253379
Glyma.03G199900.Wm82.a4.v1,0.6846778565261911
Glyma.07G202700.Wm82.a4.v1,0.6846728371514044
Glyma.09G158100.Wm82.a4.v1,0.684632682153111
Glyma.15G009700.Wm82.a4.v1,0.6846075852791776
Glyma.06G064600.Wm82.a4.v1,0.684602565904391
Glyma.19G257100.Wm82.a4.v1,0.6845724496556709
Glyma.07G103600.Wm82.a4.v1,0.6845724496556709
Glyma.09G030100.Wm82.a4.v1,0.6845523721565242
Glyma.09G209100.Wm82.a4.v1,0.6845473527817375
Glyma.18G132500.Wm82.a4.v1,0.6845423334069508
Glyma.09G034800.Wm82.a4.v1,0.6845021784086575
Glyma.11G052100.Wm82.a4.v1,0.6844871202842974
Glyma.13G082400.Wm82.a4.v1,0.6844821009095107
Glyma.18G283300.Wm82.a4.v1,0.6844821009095107
Glyma.03G011000.Wm82.a4.v1,0.6844670427851507
Glyma.08G320100.Wm82.a4.v1,0.6843716746642038
Glyma.17G000600.Wm82.a4.v1,0.6843465777902704
Glyma.08G040300.Wm82.a4.v1,0.6843064227919771
Glyma.08G076400.Wm82.a4.v1,0.6842512096693236
Glyma.07G041500.Wm82.a4.v1,0.6842512096693236
Glyma.13G222200.Wm82.a4.v1,0.6842411709197502
Glyma.13G184200.Wm82.a4.v1,0.6841859577970968
Glyma.06G141700.Wm82.a4.v1,0.6841759190475234
Glyma.07G171200.Wm82.a4.v1,0.6841458027988033
Glyma.03G034000.Wm82.a4.v1,0.6841407834240167
Glyma.02G198700.Wm82.a4.v1,0.6841407834240167
Glyma.08G298400.Wm82.a4.v1,0.6840905896761499
Glyma.08G046200.Wm82.a4.v1,0.6840905896761499
Glyma.01G179800.Wm82.a4.v1,0.6840654928022165
Glyma.19G224300.Wm82.a4.v1,0.6840654928022165
Glyma.16G006400.Wm82.a4.v1,0.6840203184291365
Glyma.11G187900.Wm82.a4.v1,0.6839902021804164
Glyma.15G251600.Wm82.a4.v1,0.6839400084325497
Glyma.13G352500.Wm82.a4.v1,0.6839098921838296
Glyma.02G295800.Wm82.a4.v1,0.6839098921838296
Glyma.15G172400.Wm82.a4.v1,0.6839048728090429
Glyma.07G234701.Wm82.a4.v1,0.6838948340594696
Glyma.11G160400.Wm82.a4.v1,0.6838847953098962
Glyma.01G038800.Wm82.a4.v1,0.6838145240628827
Glyma.14G155200.Wm82.a4.v1,0.6838095046880961
Glyma.14G053300.Wm82.a4.v1,0.6837994659385227
Glyma.11G112000.Wm82.a4.v1,0.683779388439376
Glyma.16G156300.Wm82.a4.v1,0.6837743690645893
Glyma.19G020000.Wm82.a4.v1,0.6837643303150159
Glyma.05G009700.Wm82.a4.v1,0.6837342140662959
Glyma.20G217500.Wm82.a4.v1,0.6837291946915093
Glyma.14G182600.Wm82.a4.v1,0.6837141365671492
Glyma.13G339300.Wm82.a4.v1,0.6837066075049691
Glyma.05G105300.Wm82.a4.v1,0.6836840203184291
Glyma.04G021400.Wm82.a4.v1,0.6836840203184291
Glyma.11G119700.Wm82.a4.v1,0.6836790009436424
Glyma.19G100500.Wm82.a4.v1,0.6836589234444957
Glyma.03G191000.Wm82.a4.v1,0.6836388459453491
Glyma.09G116400.Wm82.a4.v1,0.683623787820989
Glyma.06G216400.Wm82.a4.v1,0.6835936715722689
Glyma.02G012100.Wm82.a4.v1,0.6835886521974823
Glyma.10G051800.Wm82.a4.v1,0.6835836328226956
Glyma.09G168900.Wm82.a4.v1,0.6835786134479089
Glyma.10G255600.Wm82.a4.v1,0.6835484971991889
Glyma.10G266600.Wm82.a4.v1,0.6835183809504688
Glyma.15G221551.Wm82.a4.v1,0.6834782259521754
Glyma.13G328600.Wm82.a4.v1,0.6834732065773887
Glyma.19G194915.Wm82.a4.v1,0.6834430903286687
Glyma.01G169100.Wm82.a4.v1,0.683438070953882
Glyma.01G036700.Wm82.a4.v1,0.6834179934547353
Glyma.07G062100.Wm82.a4.v1,0.6833979159555885
Glyma.10G013300.Wm82.a4.v1,0.6833878772060152
Glyma.20G105700.Wm82.a4.v1,0.6833728190816551
Glyma.18G050400.Wm82.a4.v1,0.6833176059590017
Glyma.07G044300.Wm82.a4.v1,0.6833025478346417
Glyma.16G195300.Wm82.a4.v1,0.683297528459855
Glyma.07G100700.Wm82.a4.v1,0.683297528459855
Glyma.01G148500.Wm82.a4.v1,0.683297528459855
Glyma.20G024500.Wm82.a4.v1,0.6832623928363483
Glyma.05G197700.Wm82.a4.v1,0.6831971409641215
Glyma.16G050600.Wm82.a4.v1,0.6831921215893348
Glyma.09G155200.Wm82.a4.v1,0.6831419278414681
Glyma.10G065000.Wm82.a4.v1,0.683126869717108
Glyma.14G176900.Wm82.a4.v1,0.6830465597205212
Glyma.13G270500.Wm82.a4.v1,0.6829712690987211
Glyma.07G020400.Wm82.a4.v1,0.6829662497239344
Glyma.03G114100.Wm82.a4.v1,0.682956210974361
Glyma.10G279300.Wm82.a4.v1,0.6829511915995744
Glyma.03G004700.Wm82.a4.v1,0.6829511915995744
Glyma.08G089600.Wm82.a4.v1,0.6829110366012809
Glyma.06G000700.Wm82.a4.v1,0.6828708816029875
Glyma.16G147600.Wm82.a4.v1,0.6828658622282009
Glyma.12G237600.Wm82.a4.v1,0.6828508041038408
Glyma.02G034700.Wm82.a4.v1,0.6828206878551207
Glyma.14G190300.Wm82.a4.v1,0.6827955909811874
Glyma.07G272200.Wm82.a4.v1,0.6827755134820407
Glyma.04G017900.Wm82.a4.v1,0.6827453972333206
Glyma.17G071300.Wm82.a4.v1,0.6827303391089606
Glyma.02G206800.Wm82.a4.v1,0.6827303391089606
Glyma.08G318200.Wm82.a4.v1,0.6827152809846005
Glyma.11G103200.Wm82.a4.v1,0.6826701066115205
Glyma.13G106800.Wm82.a4.v1,0.6826650872367338
Glyma.16G017300.Wm82.a4.v1,0.6826199128636538
Glyma.13G280000.Wm82.a4.v1,0.6825697191157869
Glyma.18G054400.Wm82.a4.v1,0.6825697191157869
Glyma.05G021700.Wm82.a4.v1,0.6825396028670668
Glyma.03G198400.Wm82.a4.v1,0.6824994478687735
Glyma.13G072500.Wm82.a4.v1,0.6824693316200534
Glyma.03G213700.Wm82.a4.v1,0.6824492541209067
Glyma.10G267700.Wm82.a4.v1,0.6824341959965466
Glyma.08G180700.Wm82.a4.v1,0.6824241572469734
Glyma.10G132300.Wm82.a4.v1,0.68239906037304
Glyma.08G107500.Wm82.a4.v1,0.6823840022486799
Glyma.12G065000.Wm82.a4.v1,0.6823589053747465
Glyma.08G223000.Wm82.a4.v1,0.6823087116268798
Glyma.08G218500.Wm82.a4.v1,0.682258517879013
Glyma.18G028100.Wm82.a4.v1,0.6821782078824261
Glyma.17G236600.Wm82.a4.v1,0.6821731885076395
Glyma.16G068000.Wm82.a4.v1,0.6820627622623326
Glyma.05G096300.Wm82.a4.v1,0.6820276266388259
Glyma.13G325400.Wm82.a4.v1,0.6820075491396792
Glyma.14G084300.Wm82.a4.v1,0.681932258517879
Glyma.11G250600.Wm82.a4.v1,0.6819021422691589
Glyma.15G224400.Wm82.a4.v1,0.6818519485212922
Glyma.12G019300.Wm82.a4.v1,0.6818218322725721
Glyma.09G090900.Wm82.a4.v1,0.6818017547734254
Glyma.03G229300.Wm82.a4.v1,0.681791716023852
Glyma.17G104200.Wm82.a4.v1,0.681791716023852
Glyma.07G222200.Wm82.a4.v1,0.681761599775132
Glyma.06G047900.Wm82.a4.v1,0.6817565804003454
Glyma.09G169000.Wm82.a4.v1,0.6817063866524785
Glyma.18G233700.Wm82.a4.v1,0.6816963479029052
Glyma.02G306700.Wm82.a4.v1,0.6816863091533318
Glyma.05G079100.Wm82.a4.v1,0.6816812897785451
Glyma.05G027600.Wm82.a4.v1,0.6816762704037586
Glyma.09G184500.Wm82.a4.v1,0.6816662316541852
Glyma.19G261200.Wm82.a4.v1,0.6816461541550385
Glyma.20G171000.Wm82.a4.v1,0.6816461541550385
Glyma.16G128300.Wm82.a4.v1,0.6816210572811051
Glyma.01G176700.Wm82.a4.v1,0.6816160379063184
Glyma.02G085000.Wm82.a4.v1,0.6816110185315317
Glyma.05G064300.Wm82.a4.v1,0.6815959604071716
Glyma.07G089000.Wm82.a4.v1,0.6815809022828117
Glyma.04G245800.Wm82.a4.v1,0.6815558054088783
Glyma.06G309300.Wm82.a4.v1,0.6815407472845182
Glyma.19G160200.Wm82.a4.v1,0.6815005922862248
Glyma.12G044000.Wm82.a4.v1,0.6814905535366514
Glyma.19G206300.Wm82.a4.v1,0.6814905535366514
Glyma.08G363700.Wm82.a4.v1,0.6814855341618647
Glyma.20G176500.Wm82.a4.v1,0.6814754954122915
Glyma.04G092300.Wm82.a4.v1,0.6814503985383581
Glyma.04G055200.Wm82.a4.v1,0.6814403597887847
Glyma.17G253400.Wm82.a4.v1,0.681420282289638
Glyma.19G040800.Wm82.a4.v1,0.6813801272913446
Glyma.03G151400.Wm82.a4.v1,0.6813700885417713
Glyma.12G129300.Wm82.a4.v1,0.6813349529182645
Glyma.13G252800.Wm82.a4.v1,0.681234565422531
Glyma.04G160800.Wm82.a4.v1,0.681234565422531
Glyma.10G185200.Wm82.a4.v1,0.6812144879233842
Glyma.07G109900.Wm82.a4.v1,0.6812144879233842
Glyma.19G146400.Wm82.a4.v1,0.6811793522998775
Glyma.10G250400.Wm82.a4.v1,0.6810839841789307
Glyma.08G260300.Wm82.a4.v1,0.6810588873049973
Glyma.11G020700.Wm82.a4.v1,0.6810187323067038
Glyma.17G038300.Wm82.a4.v1,0.6809986548075572
Glyma.11G102100.Wm82.a4.v1,0.6809886160579838
Glyma.17G210100.Wm82.a4.v1,0.680938422310117
Glyma.12G055400.Wm82.a4.v1,0.6809334029353303
Glyma.08G195100.Wm82.a4.v1,0.6809183448109704
Glyma.03G117300.Wm82.a4.v1,0.6809032866866103
Glyma.09G077400.Wm82.a4.v1,0.6808581123135302
Glyma.02G165800.Wm82.a4.v1,0.6808530929387435
Glyma.16G138100.Wm82.a4.v1,0.6808480735639568
Glyma.12G024100.Wm82.a4.v1,0.6808129379404502
Glyma.16G005600.Wm82.a4.v1,0.6807627441925834
Glyma.06G310800.Wm82.a4.v1,0.68075270544301
Glyma.03G248800.Wm82.a4.v1,0.6807476860682233
Glyma.08G281400.Wm82.a4.v1,0.6807326279438634
Glyma.13G110700.Wm82.a4.v1,0.6807175698195033
Glyma.06G012200.Wm82.a4.v1,0.6807025116951433
Glyma.11G011200.Wm82.a4.v1,0.6806974923203566
Glyma.16G142700.Wm82.a4.v1,0.6806623566968498
Glyma.05G090900.Wm82.a4.v1,0.6806573373220631
Glyma.03G010900.Wm82.a4.v1,0.6806422791977031
Glyma.13G000500.Wm82.a4.v1,0.6806322404481298
Glyma.08G067800.Wm82.a4.v1,0.6806121629489831
Glyma.14G208300.Wm82.a4.v1,0.6805218142028229
Glyma.12G036400.Wm82.a4.v1,0.6805218142028229
Glyma.17G022200.Wm82.a4.v1,0.6804967173288895
Glyma.09G019100.Wm82.a4.v1,0.6804866785793161
Glyma.02G244500.Wm82.a4.v1,0.6804615817053827
Glyma.01G168600.Wm82.a4.v1,0.6804314654566627
Glyma.02G149800.Wm82.a4.v1,0.6803862910835826
Glyma.17G121400.Wm82.a4.v1,0.6803812717087959
Glyma.13G186800.Wm82.a4.v1,0.6803260585861425
Glyma.05G184900.Wm82.a4.v1,0.6803260585861425
Glyma.07G119200.Wm82.a4.v1,0.6803260585861425
Glyma.03G103900.Wm82.a4.v1,0.6803160198365692
Glyma.08G326800.Wm82.a4.v1,0.6803059810869958
Glyma.19G194929.Wm82.a4.v1,0.6802959423374224
Glyma.14G037300.Wm82.a4.v1,0.6802156323408356
Glyma.12G194100.Wm82.a4.v1,0.6802106129660489
Glyma.17G000100.Wm82.a4.v1,0.6802055935912623
Glyma.09G160200.Wm82.a4.v1,0.6801604192181822
Glyma.19G194800.Wm82.a4.v1,0.6801403417190355
Glyma.07G226400.Wm82.a4.v1,0.6801353223442488
Glyma.09G049700.Wm82.a4.v1,0.6801252835946755
Glyma.17G047900.Wm82.a4.v1,0.6801102254703154
Glyma.13G117900.Wm82.a4.v1,0.6800951673459554
Glyma.01G184300.Wm82.a4.v1,0.6800600317224487
Glyma.14G103800.Wm82.a4.v1,0.6800424639106953
Glyma.09G190500.Wm82.a4.v1,0.6800098379745819
Glyma.09G050800.Wm82.a4.v1,0.6799897604754351
Glyma.12G120800.Wm82.a4.v1,0.6799646636015018
Glyma.15G147100.Wm82.a4.v1,0.6799596442267151
Glyma.08G086300.Wm82.a4.v1,0.6799496054771418
Glyma.03G196700.Wm82.a4.v1,0.6799445861023551
Glyma.14G223200.Wm82.a4.v1,0.6798441986066216
Glyma.17G052000.Wm82.a4.v1,0.6798341598570482
Glyma.09G136000.Wm82.a4.v1,0.6798040436083281
Glyma.19G068300.Wm82.a4.v1,0.6797839661091815
Glyma.16G189302.Wm82.a4.v1,0.6797187142369546
Glyma.06G117800.Wm82.a4.v1,0.6796785592386613
Glyma.17G253000.Wm82.a4.v1,0.6796685204890879
Glyma.12G058900.Wm82.a4.v1,0.6795781717429277
Glyma.05G214100.Wm82.a4.v1,0.6795681329933544
Glyma.11G220500.Wm82.a4.v1,0.6794978617463409
Glyma.12G193500.Wm82.a4.v1,0.6794878229967676
Glyma.04G088800.Wm82.a4.v1,0.6794828036219809
Glyma.18G048700.Wm82.a4.v1,0.6794677454976208
Glyma.05G245300.Wm82.a4.v1,0.6794326098741141
Glyma.07G162100.Wm82.a4.v1,0.6794275904993274
Glyma.11G149700.Wm82.a4.v1,0.6794024936253941
Glyma.03G158400.Wm82.a4.v1,0.6794024936253941
Glyma.13G063700.Wm82.a4.v1,0.6793623386271006
Glyma.06G032600.Wm82.a4.v1,0.6793623386271006
Glyma.06G222100.Wm82.a4.v1,0.6793422611279539
Glyma.14G201000.Wm82.a4.v1,0.6793372417531672
Glyma.16G077300.Wm82.a4.v1,0.6793221836288071
Glyma.02G064500.Wm82.a4.v1,0.6793171642540206
Glyma.02G094800.Wm82.a4.v1,0.6793121448792339
Glyma.15G098200.Wm82.a4.v1,0.6792870480053005
Glyma.13G225700.Wm82.a4.v1,0.6792619511313671
Glyma.07G106800.Wm82.a4.v1,0.679246893007007
Glyma.13G097300.Wm82.a4.v1,0.6792418736322203
Glyma.15G012900.Wm82.a4.v1,0.6791565442608468
Glyma.11G103500.Wm82.a4.v1,0.6791113698877668
Glyma.16G036300.Wm82.a4.v1,0.6791013311381934
Glyma.18G108300.Wm82.a4.v1,0.6790912923886201
Glyma.13G214900.Wm82.a4.v1,0.6790561567651133
Glyma.17G140700.Wm82.a4.v1,0.6790561567651133
Glyma.12G189400.Wm82.a4.v1,0.6789959242676732
Glyma.13G292200.Wm82.a4.v1,0.6789858855180999
Glyma.18G069300.Wm82.a4.v1,0.6789457305198064
Glyma.18G027100.Wm82.a4.v1,0.6789306723954465
Glyma.08G175500.Wm82.a4.v1,0.6789105948962997
Glyma.16G072600.Wm82.a4.v1,0.6788854980223663
Glyma.06G159100.Wm82.a4.v1,0.678882988334973
Glyma.13G308900.Wm82.a4.v1,0.6788704398980063
Glyma.19G191200.Wm82.a4.v1,0.678845343024073
Glyma.08G082000.Wm82.a4.v1,0.6788403236492863
Glyma.16G151700.Wm82.a4.v1,0.6787650330274861
Glyma.01G012400.Wm82.a4.v1,0.678749974903126
Glyma.05G116800.Wm82.a4.v1,0.6787449555283394
Glyma.14G013400.Wm82.a4.v1,0.6787399361535527
Glyma.12G075900.Wm82.a4.v1,0.6787399361535527
Glyma.04G203400.Wm82.a4.v1,0.6787349167787661
Glyma.16G057902.Wm82.a4.v1,0.678719858654406
Glyma.18G165200.Wm82.a4.v1,0.6787148392796193
Glyma.15G190200.Wm82.a4.v1,0.6786947617804726
Glyma.13G238000.Wm82.a4.v1,0.6786897424056859
Glyma.06G188000.Wm82.a4.v1,0.6786596261569658
Glyma.05G108800.Wm82.a4.v1,0.6786495874073926
Glyma.18G195800.Wm82.a4.v1,0.6786094324090991
Glyma.09G284500.Wm82.a4.v1,0.6785943742847391
Glyma.13G209700.Wm82.a4.v1,0.6785692774108057
Glyma.19G122600.Wm82.a4.v1,0.6785592386612324
Glyma.19G100100.Wm82.a4.v1,0.678534141787299
Glyma.19G218200.Wm82.a4.v1,0.6785040255385789
Glyma.20G147000.Wm82.a4.v1,0.6784839480394322
Glyma.06G127500.Wm82.a4.v1,0.6784136767924187
Glyma.07G122800.Wm82.a4.v1,0.678393599293272
Glyma.13G079800.Wm82.a4.v1,0.6783735217941254
Glyma.05G240000.Wm82.a4.v1,0.678363483044552
Glyma.18G109000.Wm82.a4.v1,0.6783434055454053
Glyma.07G249100.Wm82.a4.v1,0.6783032505471118
Glyma.12G216300.Wm82.a4.v1,0.6782932117975385
Glyma.09G081600.Wm82.a4.v1,0.6782831730479651
Glyma.01G225700.Wm82.a4.v1,0.6782731342983918
Glyma.13G135400.Wm82.a4.v1,0.6782681149236052
Glyma.16G014200.Wm82.a4.v1,0.6782530567992451
Glyma.19G121200.Wm82.a4.v1,0.6781526693035116
Glyma.17G074600.Wm82.a4.v1,0.6781476499287249
Glyma.10G233100.Wm82.a4.v1,0.6781325918043648
Glyma.01G110600.Wm82.a4.v1,0.6780773786817114
Glyma.01G124500.Wm82.a4.v1,0.6780673399321381
Glyma.03G144300.Wm82.a4.v1,0.6780472624329913
Glyma.04G095700.Wm82.a4.v1,0.6780020880599112
Glyma.06G159700.Wm82.a4.v1,0.6779870299355513
Glyma.04G071500.Wm82.a4.v1,0.6779569136868312
Glyma.03G208700.Wm82.a4.v1,0.6779468749372578
Glyma.04G133800.Wm82.a4.v1,0.6779468749372578
Glyma.06G070700.Wm82.a4.v1,0.6779318168128978
Glyma.11G200700.Wm82.a4.v1,0.6778916618146044
Glyma.04G128700.Wm82.a4.v1,0.6778163711928042
Glyma.08G315900.Wm82.a4.v1,0.6778013130684442
Glyma.09G252300.Wm82.a4.v1,0.6777511193205774
Glyma.10G112000.Wm82.a4.v1,0.6777511193205774
Glyma.17G157900.Wm82.a4.v1,0.6777310418214307
Glyma.18G209900.Wm82.a4.v1,0.6776306543256972
Glyma.02G309900.Wm82.a4.v1,0.6776256349509105
Glyma.11G079200.Wm82.a4.v1,0.6776105768265505
Glyma.05G027800.Wm82.a4.v1,0.6776055574517638
Glyma.07G259000.Wm82.a4.v1,0.6775854799526171
Glyma.06G131400.Wm82.a4.v1,0.6775654024534704
Glyma.19G077100.Wm82.a4.v1,0.6775001505812436
Glyma.11G081000.Wm82.a4.v1,0.6774800730820969
Glyma.14G033300.Wm82.a4.v1,0.6774549762081635
Glyma.06G045200.Wm82.a4.v1,0.6774549762081635
Glyma.08G043000.Wm82.a4.v1,0.6774449374585901
Glyma.05G059500.Wm82.a4.v1,0.6774348987090169
Glyma.20G207700.Wm82.a4.v1,0.6774298793342302
Glyma.14G088800.Wm82.a4.v1,0.6774098018350834
Glyma.13G097000.Wm82.a4.v1,0.6774098018350834
Glyma.09G165400.Wm82.a4.v1,0.6773897243359367
Glyma.17G007400.Wm82.a4.v1,0.6773796855863634
Glyma.15G003200.Wm82.a4.v1,0.6773545887124299
Glyma.11G050100.Wm82.a4.v1,0.6773495693376433
Glyma.19G156900.Wm82.a4.v1,0.6773345112132833
Glyma.10G274000.Wm82.a4.v1,0.6773194530889233
Glyma.06G169600.Wm82.a4.v1,0.677244162467123
Glyma.19G007400.Wm82.a4.v1,0.6772140462184031
Glyma.07G220800.Wm82.a4.v1,0.6772090268436164
Glyma.17G067700.Wm82.a4.v1,0.677183929969683
Glyma.10G096200.Wm82.a4.v1,0.6771236974722429
Glyma.08G265967.Wm82.a4.v1,0.6770760134117695
Glyma.02G153600.Wm82.a4.v1,0.6770735037243761
Glyma.06G005600.Wm82.a4.v1,0.6770383681008694
Glyma.09G007600.Wm82.a4.v1,0.6769931937277893
Glyma.07G110900.Wm82.a4.v1,0.6769429999799225
Glyma.09G010500.Wm82.a4.v1,0.6769229224807758
Glyma.20G234600.Wm82.a4.v1,0.6769128837312024
Glyma.10G099200.Wm82.a4.v1,0.676872728732909
Glyma.04G005800.Wm82.a4.v1,0.6768677093581223
Glyma.17G225600.Wm82.a4.v1,0.6768526512337624
Glyma.15G179800.Wm82.a4.v1,0.6768175156102556
Glyma.01G030600.Wm82.a4.v1,0.6768049671732889
Glyma.13G314800.Wm82.a4.v1,0.6767723412371754
Glyma.05G181000.Wm82.a4.v1,0.6767572831128155
Glyma.07G136000.Wm82.a4.v1,0.6767522637380288
Glyma.06G146400.Wm82.a4.v1,0.6767522637380288
Glyma.06G018500.Wm82.a4.v1,0.6767372056136688
Glyma.07G224200.Wm82.a4.v1,0.6766920312405886
Glyma.10G083500.Wm82.a4.v1,0.676671953741442
Glyma.19G223400.Wm82.a4.v1,0.6766669343666553
Glyma.08G323700.Wm82.a4.v1,0.6766418374927219
Glyma.13G243400.Wm82.a4.v1,0.6766217599935752
Glyma.14G090600.Wm82.a4.v1,0.6766067018692151
Glyma.09G210200.Wm82.a4.v1,0.6766016824944285
Glyma.08G034700.Wm82.a4.v1,0.6766016824944285
Glyma.09G271100.Wm82.a4.v1,0.6764561206256149
Glyma.19G009400.Wm82.a4.v1,0.6764260043768948
Glyma.11G250700.Wm82.a4.v1,0.6763808300038148
Glyma.07G269900.Wm82.a4.v1,0.6763155781315879
Glyma.02G056200.Wm82.a4.v1,0.6762955006324413
Glyma.13G065400.Wm82.a4.v1,0.6762854618828679
Glyma.01G011600.Wm82.a4.v1,0.6762704037585079
Glyma.17G160500.Wm82.a4.v1,0.6762553456341478
Glyma.13G350800.Wm82.a4.v1,0.6762402875097878
Glyma.11G220200.Wm82.a4.v1,0.6762101712610677
Glyma.17G062900.Wm82.a4.v1,0.6761951131367077
Glyma.01G023000.Wm82.a4.v1,0.6761399000140542
Glyma.10G263700.Wm82.a4.v1,0.6761198225149075
Glyma.04G087300.Wm82.a4.v1,0.6760897062661875
Glyma.10G164200.Wm82.a4.v1,0.6760445318931074
Glyma.11G126200.Wm82.a4.v1,0.6760244543939606
Glyma.04G207200.Wm82.a4.v1,0.6759742606460939
Glyma.03G036800.Wm82.a4.v1,0.6759592025217339
Glyma.19G223200.Wm82.a4.v1,0.6759441443973738
Glyma.17G075400.Wm82.a4.v1,0.6759391250225872
Glyma.13G222400.Wm82.a4.v1,0.6759140281486538
Glyma.09G229600.Wm82.a4.v1,0.675848776276427
Glyma.12G038200.Wm82.a4.v1,0.6758387375268536
Glyma.20G187800.Wm82.a4.v1,0.6757885437789869
Glyma.04G138600.Wm82.a4.v1,0.6757534081554801
Glyma.12G227400.Wm82.a4.v1,0.6757534081554801
Glyma.08G019300.Wm82.a4.v1,0.6757483887806934
Glyma.11G149825.Wm82.a4.v1,0.6757232919067601
Glyma.12G236100.Wm82.a4.v1,0.6757232919067601
Glyma.19G049500.Wm82.a4.v1,0.6756730981588933
Glyma.04G132300.Wm82.a4.v1,0.6756680787841066
Glyma.18G066500.Wm82.a4.v1,0.6756580400345333
Glyma.17G141400.Wm82.a4.v1,0.6756530206597466
Glyma.12G099500.Wm82.a4.v1,0.6756429819101732
Glyma.08G289600.Wm82.a4.v1,0.6756178850362399
Glyma.13G210000.Wm82.a4.v1,0.6755978075370932
Glyma.08G017400.Wm82.a4.v1,0.6755777300379465
Glyma.07G009300.Wm82.a4.v1,0.6755676912883731
Glyma.12G160800.Wm82.a4.v1,0.6755626719135864
Glyma.08G219200.Wm82.a4.v1,0.675552633164013
Glyma.05G178800.Wm82.a4.v1,0.675552633164013
Glyma.04G248002.Wm82.a4.v1,0.675552633164013
Glyma.03G237400.Wm82.a4.v1,0.6755375750396531
Glyma.14G031700.Wm82.a4.v1,0.6755375750396531
Glyma.15G276300.Wm82.a4.v1,0.6755124781657197
Glyma.18G001500.Wm82.a4.v1,0.6754522456682795
Glyma.13G098200.Wm82.a4.v1,0.6754271487943462
Glyma.09G252100.Wm82.a4.v1,0.6754070712951995
Glyma.09G229900.Wm82.a4.v1,0.6753719356716927
Glyma.16G177100.Wm82.a4.v1,0.675366916296906
Glyma.13G094500.Wm82.a4.v1,0.675336800048186
Glyma.08G194300.Wm82.a4.v1,0.6753016644246793
Glyma.17G245500.Wm82.a4.v1,0.6752715481759592
Glyma.18G215500.Wm82.a4.v1,0.6752464513020259
Glyma.02G217300.Wm82.a4.v1,0.6752414319272392
Glyma.02G157800.Wm82.a4.v1,0.6752364125524525
Glyma.11G001900.Wm82.a4.v1,0.6752313931776658
Glyma.18G229600.Wm82.a4.v1,0.6751761800550123
Glyma.08G242000.Wm82.a4.v1,0.6751711606802256
Glyma.05G005900.Wm82.a4.v1,0.675158612243259
Glyma.17G161500.Wm82.a4.v1,0.6751410444315056
Glyma.18G260200.Wm82.a4.v1,0.6750908506836388
Glyma.02G214400.Wm82.a4.v1,0.6750858313088521
Glyma.10G211000.Wm82.a4.v1,0.6750858313088521
Glyma.09G101300.Wm82.a4.v1,0.6750808119340654
Glyma.13G093100.Wm82.a4.v1,0.6750707731844922
Glyma.20G210500.Wm82.a4.v1,0.6749904631879053
Glyma.16G135000.Wm82.a4.v1,0.6749352500652519
Glyma.18G012400.Wm82.a4.v1,0.6749101531913185
Glyma.05G224000.Wm82.a4.v1,0.6748900756921717
Glyma.19G246200.Wm82.a4.v1,0.6748850563173852
Glyma.05G201100.Wm82.a4.v1,0.674839881944305
Glyma.18G181500.Wm82.a4.v1,0.674839881944305
Glyma.14G098600.Wm82.a4.v1,0.6748097656955849
Glyma.04G143400.Wm82.a4.v1,0.6747846688216516
Glyma.11G049300.Wm82.a4.v1,0.6747445138233582
Glyma.17G238200.Wm82.a4.v1,0.6747394944485715
Glyma.12G196800.Wm82.a4.v1,0.6747344750737848
Glyma.08G144700.Wm82.a4.v1,0.6747244363242114
Glyma.16G129900.Wm82.a4.v1,0.6747093781998514
Glyma.02G056800.Wm82.a4.v1,0.6747093781998514
Glyma.05G000800.Wm82.a4.v1,0.6746792619511314
Glyma.07G149500.Wm82.a4.v1,0.6746391069528379
Glyma.19G114400.Wm82.a4.v1,0.6746340875780513
Glyma.09G137000.Wm82.a4.v1,0.6746240488284779
Glyma.17G225800.Wm82.a4.v1,0.6746140100789045
Glyma.04G027600.Wm82.a4.v1,0.6746140100789045
Glyma.10G144800.Wm82.a4.v1,0.6746039713293313
Glyma.07G085500.Wm82.a4.v1,0.6745337000823177
Glyma.14G032300.Wm82.a4.v1,0.6744734675848776
Glyma.07G021000.Wm82.a4.v1,0.6744483707109442
Glyma.02G037500.Wm82.a4.v1,0.6744433513361575
Glyma.08G052800.Wm82.a4.v1,0.6743780994639308
Glyma.01G052600.Wm82.a4.v1,0.6743730800891441
Glyma.12G157700.Wm82.a4.v1,0.6743730800891441
Glyma.05G215400.Wm82.a4.v1,0.6743630413395707
Glyma.07G233500.Wm82.a4.v1,0.6743479832152107
Glyma.16G220800.Wm82.a4.v1,0.6743379444656373
Glyma.10G211300.Wm82.a4.v1,0.6742074407211838
Glyma.01G170400.Wm82.a4.v1,0.6741974019716104
Glyma.20G205500.Wm82.a4.v1,0.6741873632220371
Glyma.05G006800.Wm82.a4.v1,0.6741873632220371
Glyma.13G146800.Wm82.a4.v1,0.6741773244724637
Glyma.13G054800.Wm82.a4.v1,0.6741020338506636
Glyma.08G103600.Wm82.a4.v1,0.6740919951010902
Glyma.07G215200.Wm82.a4.v1,0.6740719176019435
Glyma.07G184900.Wm82.a4.v1,0.6740618788523701
Glyma.15G250400.Wm82.a4.v1,0.6740418013532234
Glyma.20G159100.Wm82.a4.v1,0.6740217238540768
Glyma.06G203200.Wm82.a4.v1,0.6740066657297167
Glyma.11G081900.Wm82.a4.v1,0.6740066657297167
Glyma.13G343700.Wm82.a4.v1,0.67400164635493
Glyma.15G235900.Wm82.a4.v1,0.6739840785431767
Glyma.02G052400.Wm82.a4.v1,0.6739765494809966
Glyma.10G146000.Wm82.a4.v1,0.6739564719818499
Glyma.14G184500.Wm82.a4.v1,0.6739564719818499
Glyma.13G212600.Wm82.a4.v1,0.6739213363583432
Glyma.03G178800.Wm82.a4.v1,0.6739112976087699
Glyma.17G083400.Wm82.a4.v1,0.6738309876121831
Glyma.10G230700.Wm82.a4.v1,0.673815929487823
Glyma.05G144800.Wm82.a4.v1,0.673815929487823
Glyma.08G283100.Wm82.a4.v1,0.6737908326138896
Glyma.20G091100.Wm82.a4.v1,0.6737682454273496
Glyma.01G142800.Wm82.a4.v1,0.6737205613668762
Glyma.04G001800.Wm82.a4.v1,0.6736804063685827
Glyma.02G107500.Wm82.a4.v1,0.673675386993796
Glyma.12G208500.Wm82.a4.v1,0.6736703676190093
Glyma.17G061300.Wm82.a4.v1,0.6736402513702893
Glyma.10G233700.Wm82.a4.v1,0.6736402513702893
Glyma.08G064600.Wm82.a4.v1,0.6736352319955027
Glyma.13G075000.Wm82.a4.v1,0.6736251932459293
Glyma.09G216300.Wm82.a4.v1,0.6735850382476358
Glyma.10G133800.Wm82.a4.v1,0.6735749994980625
Glyma.19G255200.Wm82.a4.v1,0.6735499026241292
Glyma.15G112900.Wm82.a4.v1,0.6735348444997691
Glyma.15G160700.Wm82.a4.v1,0.6735097476258357
Glyma.04G062500.Wm82.a4.v1,0.6734946895014757
Glyma.18G248400.Wm82.a4.v1,0.6734244182544622
Glyma.05G217300.Wm82.a4.v1,0.6733591663822355
Glyma.20G245300.Wm82.a4.v1,0.6733390888830887
Glyma.07G003200.Wm82.a4.v1,0.6733390888830887
Glyma.19G170700.Wm82.a4.v1,0.673334069508302
Glyma.15G121600.Wm82.a4.v1,0.6733290501335154
Glyma.04G164500.Wm82.a4.v1,0.673319011383942
Glyma.02G097600.Wm82.a4.v1,0.6732939145100086
Glyma.04G095800.Wm82.a4.v1,0.6732888951352219
Glyma.20G233300.Wm82.a4.v1,0.6732537595117152
Glyma.08G079600.Wm82.a4.v1,0.6732487401369286
Glyma.03G186900.Wm82.a4.v1,0.6732437207621419
Glyma.02G243400.Wm82.a4.v1,0.6731935270142752
Glyma.02G058800.Wm82.a4.v1,0.6731834882647018
Glyma.02G049500.Wm82.a4.v1,0.6731834882647018
Glyma.12G189600.Wm82.a4.v1,0.6731583913907684
Glyma.13G105900.Wm82.a4.v1,0.673133294516835
Glyma.09G178000.Wm82.a4.v1,0.6730981588933282
Glyma.12G108400.Wm82.a4.v1,0.6730931395185416
Glyma.08G090100.Wm82.a4.v1,0.6730680426446082
Glyma.18G105500.Wm82.a4.v1,0.6730630232698215
Glyma.03G037000.Wm82.a4.v1,0.6730379263958881
Glyma.15G113800.Wm82.a4.v1,0.6730329070211014
Glyma.11G200000.Wm82.a4.v1,0.6730228682715281
Glyma.15G086400.Wm82.a4.v1,0.6729576163993013
Glyma.14G091900.Wm82.a4.v1,0.6729475776497279
Glyma.04G051800.Wm82.a4.v1,0.6729074226514346
Glyma.07G031500.Wm82.a4.v1,0.6729024032766479
Glyma.08G353800.Wm82.a4.v1,0.6728873451522879
Glyma.05G018200.Wm82.a4.v1,0.6728823257775012
Glyma.03G126200.Wm82.a4.v1,0.6728421707792077
Glyma.17G255602.Wm82.a4.v1,0.6728346417170278
Glyma.12G067600.Wm82.a4.v1,0.6728271126548477
Glyma.13G203300.Wm82.a4.v1,0.6728020157809144
Glyma.07G198900.Wm82.a4.v1,0.672776918906981
Glyma.04G059900.Wm82.a4.v1,0.6727568414078342
Glyma.15G098100.Wm82.a4.v1,0.6727166864095409
Glyma.06G270700.Wm82.a4.v1,0.6726815507860341
Glyma.20G103400.Wm82.a4.v1,0.6726765314112474
Glyma.16G078500.Wm82.a4.v1,0.672636376412954
Glyma.15G148800.Wm82.a4.v1,0.6726162989138073
Glyma.20G044200.Wm82.a4.v1,0.672606260164234
Glyma.11G256600.Wm82.a4.v1,0.6726012407894473
Glyma.06G209700.Wm82.a4.v1,0.6725962214146606
Glyma.08G088900.Wm82.a4.v1,0.6725761439155139
Glyma.03G066600.Wm82.a4.v1,0.6725711245407272
Glyma.06G126300.Wm82.a4.v1,0.6725711245407272
Glyma.08G029100.Wm82.a4.v1,0.6725711245407272
Glyma.07G090900.Wm82.a4.v1,0.6725711245407272
Glyma.03G223200.Wm82.a4.v1,0.6725560664163672
Glyma.08G238500.Wm82.a4.v1,0.6725560664163672
Glyma.04G064300.Wm82.a4.v1,0.6725058726685004
Glyma.18G011700.Wm82.a4.v1,0.6724958339189271
Glyma.06G127000.Wm82.a4.v1,0.6724757564197803
Glyma.12G043500.Wm82.a4.v1,0.6724606982954203
Glyma.06G036500.Wm82.a4.v1,0.6724406207962736
Glyma.11G169700.Wm82.a4.v1,0.6724155239223403
Glyma.10G064500.Wm82.a4.v1,0.6723753689240468
Glyma.17G135300.Wm82.a4.v1,0.67231011705182
Glyma.12G021600.Wm82.a4.v1,0.6722298070552332
Glyma.17G245600.Wm82.a4.v1,0.6722097295560865
Glyma.12G112600.Wm82.a4.v1,0.6722047101812998
Glyma.07G244900.Wm82.a4.v1,0.6722047101812998
Glyma.07G099400.Wm82.a4.v1,0.6721846326821531
Glyma.16G118900.Wm82.a4.v1,0.672154516433433
Glyma.02G306400.Wm82.a4.v1,0.6720440901881262
Glyma.07G056600.Wm82.a4.v1,0.6720440901881262
Glyma.15G022900.Wm82.a4.v1,0.6720340514385528
Glyma.09G282900.Wm82.a4.v1,0.6720139739394061
Glyma.09G085300.Wm82.a4.v1,0.6720089545646194
Glyma.08G113100.Wm82.a4.v1,0.671983857690686
Glyma.02G075600.Wm82.a4.v1,0.6719336639428193
Glyma.17G033700.Wm82.a4.v1,0.6719286445680326
Glyma.05G024500.Wm82.a4.v1,0.6719286445680326
Glyma.01G203200.Wm82.a4.v1,0.6719135864436726
Glyma.13G228000.Wm82.a4.v1,0.6718935089445258
Glyma.17G258200.Wm82.a4.v1,0.6718734314453791
Glyma.16G219900.Wm82.a4.v1,0.6718433151966591
Glyma.13G336800.Wm82.a4.v1,0.6718031601983657
Glyma.12G028100.Wm82.a4.v1,0.6717931214487923
Glyma.13G337100.Wm82.a4.v1,0.6717730439496457
Glyma.18G000500.Wm82.a4.v1,0.6717479470757123
Glyma.01G122300.Wm82.a4.v1,0.6717278695765655
Glyma.03G250800.Wm82.a4.v1,0.6717178308269922
Glyma.04G178100.Wm82.a4.v1,0.6717128114522055
Glyma.20G200000.Wm82.a4.v1,0.6716877145782721
Glyma.06G068400.Wm82.a4.v1,0.6716776758286988
Glyma.12G017800.Wm82.a4.v1,0.6716525789547654
Glyma.13G186700.Wm82.a4.v1,0.6716475595799787
Glyma.14G163800.Wm82.a4.v1,0.6716325014556187
Glyma.01G133400.Wm82.a4.v1,0.6716023852068986
Glyma.02G143000.Wm82.a4.v1,0.6715722689581786
Glyma.15G077300.Wm82.a4.v1,0.6715672495833919
Glyma.04G256400.Wm82.a4.v1,0.6715421527094585
Glyma.01G212900.Wm82.a4.v1,0.6715170558355251
Glyma.11G006000.Wm82.a4.v1,0.6715170558355251
Glyma.13G272200.Wm82.a4.v1,0.6715070170859517
Glyma.10G070900.Wm82.a4.v1,0.6714718814624451
Glyma.11G244700.Wm82.a4.v1,0.6714518039632983
Glyma.20G247850.Wm82.a4.v1,0.6714166683397916
Glyma.04G111400.Wm82.a4.v1,0.6714016102154315
Glyma.17G244900.Wm82.a4.v1,0.6713965908406448
Glyma.05G001900.Wm82.a4.v1,0.6713865520910716
Glyma.05G248500.Wm82.a4.v1,0.6713765133414982
Glyma.05G046300.Wm82.a4.v1,0.6713765133414982
Glyma.15G170000.Wm82.a4.v1,0.6713664745919248
Glyma.08G300400.Wm82.a4.v1,0.6713463970927781
Glyma.06G320200.Wm82.a4.v1,0.671286164595338
Glyma.02G173900.Wm82.a4.v1,0.671271106470978
Glyma.06G119400.Wm82.a4.v1,0.6712560483466179
Glyma.20G065600.Wm82.a4.v1,0.6712409902222579
Glyma.10G086600.Wm82.a4.v1,0.6712359708474712
Glyma.20G246200.Wm82.a4.v1,0.6712359708474712
Glyma.17G176100.Wm82.a4.v1,0.6712209127231112
Glyma.03G227100.Wm82.a4.v1,0.6712108739735378
Glyma.10G213300.Wm82.a4.v1,0.6712008352239645
Glyma.20G228700.Wm82.a4.v1,0.6711907964743912
Glyma.15G056200.Wm82.a4.v1,0.6711707189752445
Glyma.06G319300.Wm82.a4.v1,0.6711406027265244
Glyma.06G142900.Wm82.a4.v1,0.6710904089786576
Glyma.03G202400.Wm82.a4.v1,0.6710502539803642
Glyma.17G073800.Wm82.a4.v1,0.6710151183568575
Glyma.12G129800.Wm82.a4.v1,0.6709749633585641
Glyma.02G128500.Wm82.a4.v1,0.670914730861124
Glyma.04G093100.Wm82.a4.v1,0.6708043046158171
Glyma.08G009300.Wm82.a4.v1,0.6707992852410304
Glyma.13G318400.Wm82.a4.v1,0.6707942658662437
Glyma.02G276300.Wm82.a4.v1,0.670789246491457
Glyma.12G077400.Wm82.a4.v1,0.6707691689923103
Glyma.07G172700.Wm82.a4.v1,0.6707591302427369
Glyma.07G067100.Wm82.a4.v1,0.6707541108679503
Glyma.04G115500.Wm82.a4.v1,0.6707490914931636
Glyma.06G108900.Wm82.a4.v1,0.6707390527435902
Glyma.04G227300.Wm82.a4.v1,0.6707340333688036
Glyma.01G006200.Wm82.a4.v1,0.6707139558696569
Glyma.12G211700.Wm82.a4.v1,0.6706687814965768
Glyma.05G136200.Wm82.a4.v1,0.67064870399743
Glyma.10G004100.Wm82.a4.v1,0.6706336458730701
Glyma.19G194922.Wm82.a4.v1,0.6706236071234967
Glyma.04G032100.Wm82.a4.v1,0.67058847149999
Glyma.18G240700.Wm82.a4.v1,0.6705784327504166
Glyma.20G027500.Wm82.a4.v1,0.6705533358764832
Glyma.08G121300.Wm82.a4.v1,0.6705182002529765
Glyma.06G160800.Wm82.a4.v1,0.6705131808781898
Glyma.08G126000.Wm82.a4.v1,0.6705031421286165
Glyma.05G029900.Wm82.a4.v1,0.6704931033790431
Glyma.11G158400.Wm82.a4.v1,0.6704931033790431
Glyma.20G060900.Wm82.a4.v1,0.6704604774429297
Glyma.14G044500.Wm82.a4.v1,0.6704429096311764
Glyma.20G149700.Wm82.a4.v1,0.6704378902563897
Glyma.13G160300.Wm82.a4.v1,0.6704077740076696
Glyma.01G184400.Wm82.a4.v1,0.6704077740076696
Glyma.02G099800.Wm82.a4.v1,0.6703575802598029
Glyma.05G127500.Wm82.a4.v1,0.6703475415102295
Glyma.05G181600.Wm82.a4.v1,0.6703375027606562
Glyma.04G156900.Wm82.a4.v1,0.6702973477623627
Glyma.20G141200.Wm82.a4.v1,0.6702873090127893
Glyma.02G134400.Wm82.a4.v1,0.6702521733892827
Glyma.07G036200.Wm82.a4.v1,0.6702170377657759
Glyma.08G355500.Wm82.a4.v1,0.6701969602666292
Glyma.14G028100.Wm82.a4.v1,0.6701718633926959
Glyma.13G365300.Wm82.a4.v1,0.6701668440179092
Glyma.08G199700.Wm82.a4.v1,0.6701517858935491
Glyma.13G128900.Wm82.a4.v1,0.6701467665187624
Glyma.07G203300.Wm82.a4.v1,0.6701367277691891
Glyma.13G160700.Wm82.a4.v1,0.6700865340213223
Glyma.11G089600.Wm82.a4.v1,0.670076495271749
Glyma.08G257900.Wm82.a4.v1,0.6700513983978156
Glyma.01G144500.Wm82.a4.v1,0.6700463790230289
Glyma.13G215300.Wm82.a4.v1,0.6700413596482422
Glyma.03G148300.Wm82.a4.v1,0.6700263015238822
Glyma.07G016000.Wm82.a4.v1,0.6700212821490955
Glyma.17G146600.Wm82.a4.v1,0.6699961852751621
Glyma.07G195200.Wm82.a4.v1,0.6699660690264421
Glyma.15G077900.Wm82.a4.v1,0.6699459915272954
Glyma.10G234200.Wm82.a4.v1,0.6699309334029353
Glyma.02G091100.Wm82.a4.v1,0.6699058365290019
Glyma.18G115300.Wm82.a4.v1,0.6699058365290019
Glyma.03G227400.Wm82.a4.v1,0.6698606621559219
Glyma.03G225602.Wm82.a4.v1,0.6697753327845484
Glyma.07G236600.Wm82.a4.v1,0.6697351777862549
Glyma.18G027000.Wm82.a4.v1,0.6697351777862549
Glyma.10G278200.Wm82.a4.v1,0.6697351777862549
Glyma.13G065500.Wm82.a4.v1,0.6696950227879616
Glyma.20G103300.Wm82.a4.v1,0.6696849840383882
Glyma.02G044000.Wm82.a4.v1,0.6696849840383882
Glyma.11G095800.Wm82.a4.v1,0.6696297709157347
Glyma.10G024400.Wm82.a4.v1,0.6695193446704278
Glyma.07G060500.Wm82.a4.v1,0.6694791896721345
Glyma.15G207700.Wm82.a4.v1,0.6694591121729877
Glyma.08G033300.Wm82.a4.v1,0.6694139377999077
Glyma.04G071900.Wm82.a4.v1,0.6693838215511876
Glyma.09G237200.Wm82.a4.v1,0.6693486859276808
Glyma.04G042700.Wm82.a4.v1,0.6693336278033208
Glyma.16G112800.Wm82.a4.v1,0.6693311181159275
Glyma.11G110400.Wm82.a4.v1,0.6693135503041742
Glyma.14G223500.Wm82.a4.v1,0.6693035115546008
Glyma.08G245200.Wm82.a4.v1,0.669253317806734
Glyma.15G105400.Wm82.a4.v1,0.6692482984319473
Glyma.12G102400.Wm82.a4.v1,0.669223201558014
Glyma.17G248400.Wm82.a4.v1,0.669223201558014
Glyma.17G025200.Wm82.a4.v1,0.6692131628084406
Glyma.13G200800.Wm82.a4.v1,0.6692081434336539
Glyma.04G077300.Wm82.a4.v1,0.6692031240588673
Glyma.16G004200.Wm82.a4.v1,0.6691880659345072
Glyma.15G201300.Wm82.a4.v1,0.6691780271849338
Glyma.16G002300.Wm82.a4.v1,0.6691629690605738
Glyma.07G119000.Wm82.a4.v1,0.6690726203144136
Glyma.06G068900.Wm82.a4.v1,0.6690525428152669
Glyma.11G216400.Wm82.a4.v1,0.6690525428152669
Glyma.01G179300.Wm82.a4.v1,0.6690425040656935
Glyma.09G229000.Wm82.a4.v1,0.6689370971951734
Glyma.20G146100.Wm82.a4.v1,0.6688818840725199
Glyma.09G081700.Wm82.a4.v1,0.6688818840725199
Glyma.10G048200.Wm82.a4.v1,0.6688618065733732
Glyma.07G051600.Wm82.a4.v1,0.6688467484490132
Glyma.06G148300.Wm82.a4.v1,0.6688417290742266
Glyma.20G019400.Wm82.a4.v1,0.6688367096994399
Glyma.19G165500.Wm82.a4.v1,0.6688116128255065
Glyma.07G151800.Wm82.a4.v1,0.6687865159515731
Glyma.02G172900.Wm82.a4.v1,0.6687764772019997
Glyma.08G253000.Wm82.a4.v1,0.6687463609532797
Glyma.03G257300.Wm82.a4.v1,0.6687463609532797
Glyma.05G167100.Wm82.a4.v1,0.6687112253297729
Glyma.06G034900.Wm82.a4.v1,0.6686811090810528
Glyma.18G078800.Wm82.a4.v1,0.6686509928323328
Glyma.05G197100.Wm82.a4.v1,0.6686359347079728
Glyma.04G050000.Wm82.a4.v1,0.6686158572088261
Glyma.01G244500.Wm82.a4.v1,0.6686058184592527
Glyma.04G180000.Wm82.a4.v1,0.6685807215853193
Glyma.02G263900.Wm82.a4.v1,0.6685807215853193
Glyma.15G171800.Wm82.a4.v1,0.6685405665870259
Glyma.09G136800.Wm82.a4.v1,0.6685305278374526
Glyma.04G247800.Wm82.a4.v1,0.6684953922139458
Glyma.08G188200.Wm82.a4.v1,0.6684953922139458
Glyma.06G123000.Wm82.a4.v1,0.6684853534643724
Glyma.10G058900.Wm82.a4.v1,0.6684803340895858
Glyma.19G232800.Wm82.a4.v1,0.6684251209669324
Glyma.02G244300.Wm82.a4.v1,0.6684201015921457
Glyma.10G162400.Wm82.a4.v1,0.668415082217359
Glyma.17G165000.Wm82.a4.v1,0.6683899853434256
Glyma.06G092800.Wm82.a4.v1,0.6683849659686389
Glyma.02G272000.Wm82.a4.v1,0.6683849659686389
Glyma.12G027700.Wm82.a4.v1,0.6683799465938522
Glyma.12G116300.Wm82.a4.v1,0.6683498303451322
Glyma.01G008400.Wm82.a4.v1,0.6683146947216255
Glyma.06G059800.Wm82.a4.v1,0.6683096753468388
Glyma.01G175600.Wm82.a4.v1,0.6682845784729055
Glyma.20G203700.Wm82.a4.v1,0.6682745397233321
Glyma.04G080900.Wm82.a4.v1,0.6682695203485454
Glyma.15G060600.Wm82.a4.v1,0.668244423474612
Glyma.08G156900.Wm82.a4.v1,0.6682343847250386
Glyma.20G204700.Wm82.a4.v1,0.6682143072258919
Glyma.19G197500.Wm82.a4.v1,0.668199249101532
Glyma.05G078900.Wm82.a4.v1,0.6681440359788785
Glyma.05G098200.Wm82.a4.v1,0.6681390166040918
Glyma.05G008000.Wm82.a4.v1,0.6681089003553717
Glyma.03G077400.Wm82.a4.v1,0.668103880980585
Glyma.18G216000.Wm82.a4.v1,0.6680838034814384
Glyma.12G222700.Wm82.a4.v1,0.6680687453570783
Glyma.20G159500.Wm82.a4.v1,0.6680637259822917
Glyma.19G260700.Wm82.a4.v1,0.668058706607505
Glyma.04G035800.Wm82.a4.v1,0.668058706607505
Glyma.04G225100.Wm82.a4.v1,0.6680386291083583
Glyma.06G156000.Wm82.a4.v1,0.6680235709839982
Glyma.19G252400.Wm82.a4.v1,0.6679733772361315
Glyma.16G106500.Wm82.a4.v1,0.667918164113478
Glyma.10G065300.Wm82.a4.v1,0.667903105989118
Glyma.09G111000.Wm82.a4.v1,0.667888047864758
Glyma.15G055100.Wm82.a4.v1,0.6678830284899713
Glyma.04G057000.Wm82.a4.v1,0.6678679703656113
Glyma.09G079400.Wm82.a4.v1,0.6678428734916779
Glyma.11G114800.Wm82.a4.v1,0.6678328347421045
Glyma.15G157700.Wm82.a4.v1,0.6677726022446644
Glyma.08G142300.Wm82.a4.v1,0.6677525247455177
Glyma.17G131400.Wm82.a4.v1,0.6677123697472243
Glyma.09G236600.Wm82.a4.v1,0.6677073503724376
Glyma.17G000800.Wm82.a4.v1,0.6676822534985042
Glyma.02G151500.Wm82.a4.v1,0.6676621759993575
Glyma.05G157300.Wm82.a4.v1,0.6676571566245708
Glyma.01G175500.Wm82.a4.v1,0.6676571566245708
Glyma.16G155500.Wm82.a4.v1,0.6676571566245708
Glyma.08G023900.Wm82.a4.v1,0.6675718272531973
Glyma.13G139900.Wm82.a4.v1,0.6674965366313972
Glyma.01G045300.Wm82.a4.v1,0.6674563816331038
Glyma.03G001900.Wm82.a4.v1,0.6674413235087437
Glyma.15G271500.Wm82.a4.v1,0.667391129760877
Glyma.20G160200.Wm82.a4.v1,0.667391129760877
Glyma.02G226900.Wm82.a4.v1,0.6673810910113036
Glyma.05G077300.Wm82.a4.v1,0.6673710522617303
Glyma.17G126800.Wm82.a4.v1,0.6673710522617303
Glyma.04G024500.Wm82.a4.v1,0.6673710522617303
Glyma.03G143400.Wm82.a4.v1,0.6673409360130103
Glyma.15G253100.Wm82.a4.v1,0.6673108197642902
Glyma.02G022800.Wm82.a4.v1,0.6672305097677034
Glyma.10G063100.Wm82.a4.v1,0.6672154516433433
Glyma.15G185800.Wm82.a4.v1,0.6672003935189833
Glyma.09G234300.Wm82.a4.v1,0.6671602385206898
Glyma.05G201200.Wm82.a4.v1,0.6671552191459031
Glyma.18G160500.Wm82.a4.v1,0.6671501997711166
Glyma.02G134800.Wm82.a4.v1,0.6671301222719698
Glyma.20G121000.Wm82.a4.v1,0.6671251028971831
Glyma.16G208700.Wm82.a4.v1,0.6671200835223965
Glyma.19G218500.Wm82.a4.v1,0.6671150641476098
Glyma.18G014100.Wm82.a4.v1,0.6670949866484631
Glyma.04G096900.Wm82.a4.v1,0.6670899672736764
Glyma.02G217400.Wm82.a4.v1,0.6670899672736764
Glyma.11G041800.Wm82.a4.v1,0.6670849478988897
Glyma.13G303600.Wm82.a4.v1,0.6670698897745296
Glyma.20G190000.Wm82.a4.v1,0.6670096572770896
Glyma.16G034551.Wm82.a4.v1,0.6669996185275162
Glyma.01G015400.Wm82.a4.v1,0.6669996185275162
Glyma.19G191900.Wm82.a4.v1,0.6669544441544362
Glyma.20G153600.Wm82.a4.v1,0.6668841729074226
Glyma.02G032100.Wm82.a4.v1,0.6668741341578494
Glyma.11G249800.Wm82.a4.v1,0.6668490372839159
Glyma.19G160900.Wm82.a4.v1,0.6668088822856225
Glyma.08G174100.Wm82.a4.v1,0.6668088822856225
Glyma.09G199000.Wm82.a4.v1,0.6667787660369024
Glyma.12G036000.Wm82.a4.v1,0.6667637079125424
Glyma.13G195100.Wm82.a4.v1,0.6667436304133957
Glyma.18G001800.Wm82.a4.v1,0.6667335916638224
Glyma.18G217000.Wm82.a4.v1,0.6667335916638224
Glyma.04G107400.Wm82.a4.v1,0.6667185335394623
Glyma.14G068800.Wm82.a4.v1,0.6667034754151023
Glyma.15G092500.Wm82.a4.v1,0.6666482622924489
Glyma.20G189100.Wm82.a4.v1,0.6666281847933021
Glyma.18G042600.Wm82.a4.v1,0.6666181460437288
Glyma.04G114600.Wm82.a4.v1,0.6666131266689421
Glyma.07G029300.Wm82.a4.v1,0.6666131266689421
Glyma.15G159000.Wm82.a4.v1,0.6665679522958621
Glyma.07G218600.Wm82.a4.v1,0.6665579135462887
Glyma.13G190300.Wm82.a4.v1,0.6665478747967153
Glyma.10G047800.Wm82.a4.v1,0.6665177585479952
Glyma.06G182800.Wm82.a4.v1,0.6664926616740618
Glyma.14G129400.Wm82.a4.v1,0.6664776035497019
Glyma.10G008021.Wm82.a4.v1,0.6664725841749152
Glyma.09G082200.Wm82.a4.v1,0.6664725841749152
Glyma.10G155500.Wm82.a4.v1,0.6664474873009818
Glyma.11G153500.Wm82.a4.v1,0.6664374485514084
Glyma.04G096300.Wm82.a4.v1,0.666397293553115
Glyma.05G012850.Wm82.a4.v1,0.6663872548035417
Glyma.20G074200.Wm82.a4.v1,0.666382235428755
Glyma.02G266800.Wm82.a4.v1,0.666382235428755
Glyma.18G054900.Wm82.a4.v1,0.6663772160539683
Glyma.19G143000.Wm82.a4.v1,0.6662868673078082
Glyma.04G129000.Wm82.a4.v1,0.6662667898086614
Glyma.14G038000.Wm82.a4.v1,0.6662366735599414
Glyma.09G282400.Wm82.a4.v1,0.6662015379364347
Glyma.18G208300.Wm82.a4.v1,0.6661764410625013
Glyma.02G277700.Wm82.a4.v1,0.6661613829381412
Glyma.08G292000.Wm82.a4.v1,0.6661312666894211
Glyma.20G192300.Wm82.a4.v1,0.6661111891902745
Glyma.01G203000.Wm82.a4.v1,0.6660860923163411
Glyma.06G158100.Wm82.a4.v1,0.666025859818901
Glyma.05G131800.Wm82.a4.v1,0.6660007629449676
Glyma.01G222700.Wm82.a4.v1,0.6659706466962475
Glyma.08G310400.Wm82.a4.v1,0.6659706466962475
Glyma.08G087100.Wm82.a4.v1,0.6659254723231675
Glyma.07G093600.Wm82.a4.v1,0.6659254723231675
Glyma.08G296800.Wm82.a4.v1,0.6659053948240207
Glyma.02G170600.Wm82.a4.v1,0.6659003754492341
Glyma.06G321300.Wm82.a4.v1,0.665870259200514
Glyma.18G003500.Wm82.a4.v1,0.6658501817013672
Glyma.06G196600.Wm82.a4.v1,0.6658351235770072
Glyma.17G074700.Wm82.a4.v1,0.6658100267030739
Glyma.16G177400.Wm82.a4.v1,0.6657899492039272
Glyma.01G218100.Wm82.a4.v1,0.665699600457767
Glyma.10G223800.Wm82.a4.v1,0.6656644648342602
Glyma.14G216900.Wm82.a4.v1,0.6656594454594735
Glyma.18G158700.Wm82.a4.v1,0.6656494067099002
Glyma.06G196200.Wm82.a4.v1,0.6656343485855402
Glyma.02G279500.Wm82.a4.v1,0.6656192904611802
Glyma.09G164700.Wm82.a4.v1,0.6656142710863935
Glyma.15G017300.Wm82.a4.v1,0.6655891742124601
Glyma.04G092900.Wm82.a4.v1,0.6655741160881
Glyma.10G154400.Wm82.a4.v1,0.6655490192141666
Glyma.17G055200.Wm82.a4.v1,0.6655389804645934
Glyma.10G154500.Wm82.a4.v1,0.6655189029654466
Glyma.05G178900.Wm82.a4.v1,0.6655088642158733
Glyma.07G102800.Wm82.a4.v1,0.6654988254662999
Glyma.14G218000.Wm82.a4.v1,0.6654887867167265
Glyma.19G108300.Wm82.a4.v1,0.6654837673419399
Glyma.07G247900.Wm82.a4.v1,0.6654687092175798
Glyma.16G057700.Wm82.a4.v1,0.6653984379705664
Glyma.09G000400.Wm82.a4.v1,0.665373341096633
Glyma.01G229500.Wm82.a4.v1,0.665358282972273
Glyma.10G204900.Wm82.a4.v1,0.6652980504748328
Glyma.19G208600.Wm82.a4.v1,0.6652930311000462
Glyma.13G053800.Wm82.a4.v1,0.6652779729756861
Glyma.09G196100.Wm82.a4.v1,0.6652528761017528
Glyma.15G162900.Wm82.a4.v1,0.6652277792278194
Glyma.03G110200.Wm82.a4.v1,0.6652127211034593
Glyma.19G241800.Wm82.a4.v1,0.6651926436043126
Glyma.05G032300.Wm82.a4.v1,0.6651926436043126
Glyma.09G117600.Wm82.a4.v1,0.6651876242295259
Glyma.17G082700.Wm82.a4.v1,0.6651575079808059
Glyma.07G255900.Wm82.a4.v1,0.6651474692312326
Glyma.04G075200.Wm82.a4.v1,0.6651022948581524
Glyma.01G207400.Wm82.a4.v1,0.6650822173590057
Glyma.04G038500.Wm82.a4.v1,0.6650621398598591
Glyma.06G250100.Wm82.a4.v1,0.6650370429859257
Glyma.08G143600.Wm82.a4.v1,0.6649717911136989
Glyma.13G254200.Wm82.a4.v1,0.6649567329893389
Glyma.11G179400.Wm82.a4.v1,0.6649316361154055
Glyma.20G176000.Wm82.a4.v1,0.6649215973658321
Glyma.13G240200.Wm82.a4.v1,0.6649215973658321
Glyma.17G223200.Wm82.a4.v1,0.6648965004918987
Glyma.04G074300.Wm82.a4.v1,0.6648764229927521
Glyma.06G070600.Wm82.a4.v1,0.6648563454936053
Glyma.14G048800.Wm82.a4.v1,0.664846306744032
Glyma.04G104900.Wm82.a4.v1,0.6648212098700986
Glyma.07G053600.Wm82.a4.v1,0.6648061517457385
Glyma.09G182600.Wm82.a4.v1,0.6647810548718052
Glyma.16G054500.Wm82.a4.v1,0.6647408998735117
Glyma.16G095200.Wm82.a4.v1,0.6647358804987251
Glyma.06G068500.Wm82.a4.v1,0.6646856867508583
Glyma.12G156100.Wm82.a4.v1,0.6646856867508583
Glyma.07G117400.Wm82.a4.v1,0.664675648001285
Glyma.01G025600.Wm82.a4.v1,0.6646605898769249
Glyma.13G361500.Wm82.a4.v1,0.6646455317525649
Glyma.15G269300.Wm82.a4.v1,0.6646354930029915
Glyma.09G015100.Wm82.a4.v1,0.6646103961290581
Glyma.07G093700.Wm82.a4.v1,0.6645752605055514
Glyma.04G050600.Wm82.a4.v1,0.6645752605055514
Glyma.05G044800.Wm82.a4.v1,0.6645702411307648
Glyma.08G008100.Wm82.a4.v1,0.6645652217559781
Glyma.13G124100.Wm82.a4.v1,0.6645551830064047
Glyma.18G234900.Wm82.a4.v1,0.6645401248820447
Glyma.08G163800.Wm82.a4.v1,0.6645300861324713
Glyma.04G179700.Wm82.a4.v1,0.6644798923846046
Glyma.04G060100.Wm82.a4.v1,0.6644598148854579
Glyma.01G087000.Wm82.a4.v1,0.6644347180115245
Glyma.11G176302.Wm82.a4.v1,0.664409621137591
Glyma.20G050200.Wm82.a4.v1,0.6643820145762643
Glyma.09G066000.Wm82.a4.v1,0.6643544080149376
Glyma.12G233800.Wm82.a4.v1,0.6643544080149376
Glyma.07G046600.Wm82.a4.v1,0.664349388640151
Glyma.18G153000.Wm82.a4.v1,0.6642991948922842
Glyma.12G147600.Wm82.a4.v1,0.6642941755174976
Glyma.03G217400.Wm82.a4.v1,0.6641134780251772
Glyma.20G245500.Wm82.a4.v1,0.6640381874033771
Glyma.06G083500.Wm82.a4.v1,0.664008071154657
Glyma.13G338700.Wm82.a4.v1,0.6640030517798703
Glyma.03G208500.Wm82.a4.v1,0.6639980324050836
Glyma.17G026100.Wm82.a4.v1,0.6639980324050836
Glyma.09G062200.Wm82.a4.v1,0.6639930130302969
Glyma.09G195700.Wm82.a4.v1,0.6639829742807236
Glyma.03G228800.Wm82.a4.v1,0.6639779549059369
Glyma.08G158600.Wm82.a4.v1,0.6639478386572168
Glyma.17G227200.Wm82.a4.v1,0.6639377999076435
Glyma.12G060600.Wm82.a4.v1,0.66388258678499
Glyma.09G198800.Wm82.a4.v1,0.6638725480354167
Glyma.15G266100.Wm82.a4.v1,0.6638625092858433
Glyma.18G232900.Wm82.a4.v1,0.6638474511614834
Glyma.02G149200.Wm82.a4.v1,0.6638424317866967
Glyma.12G189900.Wm82.a4.v1,0.66383741241191
Glyma.13G334200.Wm82.a4.v1,0.66383741241191
Glyma.16G040300.Wm82.a4.v1,0.6638273736623366
Glyma.18G151900.Wm82.a4.v1,0.6638022767884032
Glyma.08G021200.Wm82.a4.v1,0.6637621217901098
Glyma.11G100700.Wm82.a4.v1,0.6636767924187363
Glyma.20G237950.Wm82.a4.v1,0.6636416567952296
Glyma.19G091400.Wm82.a4.v1,0.6636265986708696
Glyma.05G075100.Wm82.a4.v1,0.6636115405465095
Glyma.04G079900.Wm82.a4.v1,0.6636065211717228
Glyma.12G054400.Wm82.a4.v1,0.6636065211717228
Glyma.13G062400.Wm82.a4.v1,0.6635914630473628
Glyma.20G244200.Wm82.a4.v1,0.6635889533599695
Glyma.13G271700.Wm82.a4.v1,0.6635864436725761
Glyma.02G004400.Wm82.a4.v1,0.6635864436725761
Glyma.05G058500.Wm82.a4.v1,0.6635814242977894
Glyma.13G284100.Wm82.a4.v1,0.6635563274238561
Glyma.08G211700.Wm82.a4.v1,0.6635211918003493
Glyma.02G229900.Wm82.a4.v1,0.6635011143012026
Glyma.06G234200.Wm82.a4.v1,0.6634910755516293
Glyma.14G082900.Wm82.a4.v1,0.6634659786776959
Glyma.05G105000.Wm82.a4.v1,0.6634509205533359
Glyma.20G232300.Wm82.a4.v1,0.6634157849298291
Glyma.10G280700.Wm82.a4.v1,0.6634107655550424
Glyma.07G035800.Wm82.a4.v1,0.6633655911819624
Glyma.12G053200.Wm82.a4.v1,0.663355552432389
Glyma.03G082900.Wm82.a4.v1,0.6633304555584556
Glyma.07G022300.Wm82.a4.v1,0.6633204168088823
Glyma.03G102700.Wm82.a4.v1,0.6632903005601622
Glyma.11G000300.Wm82.a4.v1,0.6632852811853756
Glyma.04G049800.Wm82.a4.v1,0.6632802618105889
Glyma.13G269800.Wm82.a4.v1,0.6632702230610156
Glyma.05G201000.Wm82.a4.v1,0.6632350874375088
Glyma.06G290400.Wm82.a4.v1,0.6632350874375088
Glyma.19G243900.Wm82.a4.v1,0.6632099905635754
Glyma.18G199700.Wm82.a4.v1,0.6632049711887887
Glyma.14G092100.Wm82.a4.v1,0.6631798743148554
Glyma.10G233400.Wm82.a4.v1,0.6631798743148554
Glyma.13G158700.Wm82.a4.v1,0.6631748549400687
Glyma.11G237400.Wm82.a4.v1,0.6630945449434819
Glyma.04G217100.Wm82.a4.v1,0.6630343124460417
Glyma.01G092400.Wm82.a4.v1,0.6629339249503082
Glyma.02G168300.Wm82.a4.v1,0.6629289055755215
Glyma.16G035000.Wm82.a4.v1,0.6629138474511614
Glyma.12G128700.Wm82.a4.v1,0.6629138474511614
Glyma.13G055300.Wm82.a4.v1,0.6628837312024414
Glyma.04G222400.Wm82.a4.v1,0.6628787118276548
Glyma.08G003100.Wm82.a4.v1,0.6628611440159013
Glyma.06G320700.Wm82.a4.v1,0.6628034212058546
Glyma.13G032500.Wm82.a4.v1,0.6627933824562813
Glyma.08G186600.Wm82.a4.v1,0.6627632662075612
Glyma.20G214100.Wm82.a4.v1,0.662718091834481
Glyma.06G305000.Wm82.a4.v1,0.662672917461401
Glyma.17G213600.Wm82.a4.v1,0.662657859337041
Glyma.20G120900.Wm82.a4.v1,0.6626478205874676
Glyma.10G271600.Wm82.a4.v1,0.6626377818378942
Glyma.09G274700.Wm82.a4.v1,0.662627743088321
Glyma.20G044800.Wm82.a4.v1,0.6626177043387476
Glyma.02G143500.Wm82.a4.v1,0.6626076655891742
Glyma.14G217100.Wm82.a4.v1,0.6625875880900275
Glyma.10G247000.Wm82.a4.v1,0.6625624912160941
Glyma.03G210900.Wm82.a4.v1,0.6625524524665207
Glyma.08G330300.Wm82.a4.v1,0.6625072780934407
Glyma.06G178200.Wm82.a4.v1,0.662502258718654
Glyma.05G168100.Wm82.a4.v1,0.6624821812195073
Glyma.13G070500.Wm82.a4.v1,0.6624621037203606
Glyma.05G048200.Wm82.a4.v1,0.6624018712229205
Glyma.13G001100.Wm82.a4.v1,0.6623968518481338
Glyma.12G091300.Wm82.a4.v1,0.6623642259120204
Glyma.19G247000.Wm82.a4.v1,0.662361716224627
Glyma.04G221300.Wm82.a4.v1,0.6623115224767603
Glyma.06G087500.Wm82.a4.v1,0.6622161543558135
Glyma.04G234300.Wm82.a4.v1,0.6622010962314534
Glyma.06G124900.Wm82.a4.v1,0.6621659606079466
Glyma.12G043301.Wm82.a4.v1,0.6621659606079466
Glyma.02G220800.Wm82.a4.v1,0.6621408637340133
Glyma.12G046400.Wm82.a4.v1,0.6621358443592266
Glyma.18G059000.Wm82.a4.v1,0.6621207862348666
Glyma.07G040100.Wm82.a4.v1,0.6620705924869998
Glyma.08G084100.Wm82.a4.v1,0.6620505149878532
Glyma.11G079800.Wm82.a4.v1,0.662005340614773
Glyma.13G125500.Wm82.a4.v1,0.6619250306181862
Glyma.18G187600.Wm82.a4.v1,0.6618798562451061
Glyma.18G090400.Wm82.a4.v1,0.661834681872026
Glyma.06G183700.Wm82.a4.v1,0.6617644106250126
Glyma.07G241900.Wm82.a4.v1,0.6617543718754392
Glyma.10G097600.Wm82.a4.v1,0.6617292750015058
Glyma.17G060900.Wm82.a4.v1,0.6617292750015058
Glyma.07G110200.Wm82.a4.v1,0.6617192362519324
Glyma.15G027800.Wm82.a4.v1,0.6616841006284258
Glyma.19G159100.Wm82.a4.v1,0.6616740618788524
Glyma.19G064000.Wm82.a4.v1,0.661664023129279
Glyma.03G231700.Wm82.a4.v1,0.6616539843797057
Glyma.16G044500.Wm82.a4.v1,0.6616514746923123
Glyma.19G154200.Wm82.a4.v1,0.661633906880559
Glyma.16G042600.Wm82.a4.v1,0.6616088100066255
Glyma.03G200000.Wm82.a4.v1,0.6616037906318389
Glyma.10G269500.Wm82.a4.v1,0.6615887325074788
Glyma.19G007900.Wm82.a4.v1,0.6615887325074788
Glyma.08G018100.Wm82.a4.v1,0.6615736743831189
Glyma.20G149800.Wm82.a4.v1,0.6615686550083322
Glyma.13G312900.Wm82.a4.v1,0.6614983837613186
Glyma.04G128800.Wm82.a4.v1,0.6614983837613186
Glyma.15G039800.Wm82.a4.v1,0.6614933643865321
Glyma.15G037200.Wm82.a4.v1,0.6614933643865321
Glyma.03G189500.Wm82.a4.v1,0.661478306262172
Glyma.11G165000.Wm82.a4.v1,0.661478306262172
Glyma.10G294800.Wm82.a4.v1,0.6614732868873853
Glyma.14G000400.Wm82.a4.v1,0.6614431706386652
Glyma.11G087500.Wm82.a4.v1,0.6614281125143052
Glyma.17G109600.Wm82.a4.v1,0.6614180737647318
Glyma.01G234200.Wm82.a4.v1,0.6614180737647318
Glyma.06G027700.Wm82.a4.v1,0.6614130543899452
Glyma.04G080700.Wm82.a4.v1,0.6613979962655852
Glyma.13G258700.Wm82.a4.v1,0.661337763768145
Glyma.08G315200.Wm82.a4.v1,0.6612825506454916
Glyma.15G263200.Wm82.a4.v1,0.6612775312707049
Glyma.09G044000.Wm82.a4.v1,0.6612674925211316
Glyma.15G019900.Wm82.a4.v1,0.6612574537715582
Glyma.10G276900.Wm82.a4.v1,0.6612122793984782
Glyma.04G025900.Wm82.a4.v1,0.6611922018993314
Glyma.10G171700.Wm82.a4.v1,0.661167105025398
Glyma.19G196300.Wm82.a4.v1,0.6611595759632181
Glyma.19G132200.Wm82.a4.v1,0.661152046901038
Glyma.04G009000.Wm82.a4.v1,0.6611319694018913
Glyma.16G085300.Wm82.a4.v1,0.6611319694018913
Glyma.18G072400.Wm82.a4.v1,0.661121930652318
Glyma.13G301000.Wm82.a4.v1,0.6611118919027446
Glyma.06G201800.Wm82.a4.v1,0.661106872527958
Glyma.11G016000.Wm82.a4.v1,0.6611018531531713
Glyma.13G086000.Wm82.a4.v1,0.6610867950288112
Glyma.04G123900.Wm82.a4.v1,0.6610064850322244
Glyma.15G073200.Wm82.a4.v1,0.6609713494087176
Glyma.04G219632.Wm82.a4.v1,0.6609261750356376
Glyma.15G122300.Wm82.a4.v1,0.6608860200373442
Glyma.13G155700.Wm82.a4.v1,0.6608609231634107
Glyma.10G186500.Wm82.a4.v1,0.6608458650390507
Glyma.11G070100.Wm82.a4.v1,0.6608358262894773
Glyma.14G156000.Wm82.a4.v1,0.660795671291184
Glyma.08G294300.Wm82.a4.v1,0.6607906519163973
Glyma.01G093200.Wm82.a4.v1,0.6607755937920373
Glyma.05G019700.Wm82.a4.v1,0.6607705744172506
Glyma.06G162600.Wm82.a4.v1,0.6607404581685306
Glyma.14G035500.Wm82.a4.v1,0.6607053225450238
Glyma.07G144300.Wm82.a4.v1,0.6607053225450238
Glyma.17G161600.Wm82.a4.v1,0.6606450900475836
Glyma.01G149900.Wm82.a4.v1,0.6605999156745036
Glyma.09G012900.Wm82.a4.v1,0.6605999156745036
Glyma.19G041200.Wm82.a4.v1,0.6605748188005702
Glyma.10G257100.Wm82.a4.v1,0.6605647800509968
Glyma.11G105400.Wm82.a4.v1,0.6605497219266369
Glyma.03G139200.Wm82.a4.v1,0.6605447025518502
Glyma.12G165000.Wm82.a4.v1,0.6605396831770635
Glyma.11G023200.Wm82.a4.v1,0.6605346638022768
Glyma.17G260500.Wm82.a4.v1,0.6604919991165901
Glyma.15G178400.Wm82.a4.v1,0.6604894894291967
Glyma.20G204000.Wm82.a4.v1,0.6604493344309033
Glyma.02G173200.Wm82.a4.v1,0.6604141988073966
Glyma.05G084300.Wm82.a4.v1,0.6604041600578232
Glyma.06G188100.Wm82.a4.v1,0.6603941213082498
Glyma.04G220900.Wm82.a4.v1,0.6602585981890096
Glyma.01G242500.Wm82.a4.v1,0.6602485594394363
Glyma.19G075100.Wm82.a4.v1,0.6602385206898629
Glyma.02G165000.Wm82.a4.v1,0.6602335013150762
Glyma.08G352500.Wm82.a4.v1,0.6602234625655028
Glyma.12G152300.Wm82.a4.v1,0.6602184431907162
Glyma.02G153500.Wm82.a4.v1,0.6601381331941293
Glyma.14G068200.Wm82.a4.v1,0.660128094444556
Glyma.09G031100.Wm82.a4.v1,0.660128094444556
Glyma.07G049700.Wm82.a4.v1,0.660128094444556
Glyma.02G232800.Wm82.a4.v1,0.6601230750697693
Glyma.18G199400.Wm82.a4.v1,0.6600929588210492
Glyma.07G268200.Wm82.a4.v1,0.6600427650731825
Glyma.04G131700.Wm82.a4.v1,0.6600377456983958
Glyma.08G080700.Wm82.a4.v1,0.6600226875740358
Glyma.01G220600.Wm82.a4.v1,0.6600176681992491
Glyma.13G215000.Wm82.a4.v1,0.6600076294496757
Glyma.06G167100.Wm82.a4.v1,0.660002610074889
Glyma.06G034800.Wm82.a4.v1,0.659987551950529
Glyma.15G005900.Wm82.a4.v1,0.6599524163270223
Glyma.10G239100.Wm82.a4.v1,0.6599172807035155
Glyma.20G030300.Wm82.a4.v1,0.6599022225791555
Glyma.08G072500.Wm82.a4.v1,0.6598921838295821
Glyma.08G155200.Wm82.a4.v1,0.6598118738329953
Glyma.09G061500.Wm82.a4.v1,0.659786776959062
Glyma.01G143700.Wm82.a4.v1,0.6597616800851286
Glyma.20G238000.Wm82.a4.v1,0.6597616800851286
Glyma.02G140200.Wm82.a4.v1,0.6597466219607686
Glyma.10G092700.Wm82.a4.v1,0.6597365832111952
Glyma.17G240500.Wm82.a4.v1,0.6597315638364085
Glyma.U031615.Wm82.a4.v1,0.6597114863372618
Glyma.07G040400.Wm82.a4.v1,0.6597014475876884
Glyma.12G000500.Wm82.a4.v1,0.6596763507137551
Glyma.16G052500.Wm82.a4.v1,0.6596612925893951
Glyma.09G198500.Wm82.a4.v1,0.6596562732146084
Glyma.10G071800.Wm82.a4.v1,0.6596060794667417
Glyma.02G211500.Wm82.a4.v1,0.6595558857188749
Glyma.13G281800.Wm82.a4.v1,0.6595508663440882
Glyma.15G154000.Wm82.a4.v1,0.6595107113457948
Glyma.05G185200.Wm82.a4.v1,0.6595006725962214
Glyma.09G180300.Wm82.a4.v1,0.6594805950970747
Glyma.04G164200.Wm82.a4.v1,0.6594454594735679
Glyma.09G280100.Wm82.a4.v1,0.659415343224848
Glyma.08G154500.Wm82.a4.v1,0.6594053044752746
Glyma.20G013500.Wm82.a4.v1,0.6594053044752746
Glyma.09G059700.Wm82.a4.v1,0.6593902463509145
Glyma.15G115400.Wm82.a4.v1,0.6593651494769811
Glyma.03G183600.Wm82.a4.v1,0.6593249944786878
Glyma.01G015200.Wm82.a4.v1,0.6593049169795411
Glyma.01G203100.Wm82.a4.v1,0.659274800730821
Glyma.16G076900.Wm82.a4.v1,0.6592647619812476
Glyma.13G346900.Wm82.a4.v1,0.6592296263577408
Glyma.08G227500.Wm82.a4.v1,0.6592195876081676
Glyma.12G044100.Wm82.a4.v1,0.6591844519846608
Glyma.17G230500.Wm82.a4.v1,0.6591844519846608
Glyma.09G000600.Wm82.a4.v1,0.6591693938603007
Glyma.16G181000.Wm82.a4.v1,0.6591643744855141
Glyma.02G141600.Wm82.a4.v1,0.6591543357359407
Glyma.08G096800.Wm82.a4.v1,0.6590840644889273
Glyma.08G114600.Wm82.a4.v1,0.6590539482402072
Glyma.17G102400.Wm82.a4.v1,0.6590388901158472
Glyma.02G085500.Wm82.a4.v1,0.6590288513662739
Glyma.01G238800.Wm82.a4.v1,0.6590238319914872
Glyma.17G162000.Wm82.a4.v1,0.6590188126167005
Glyma.06G132300.Wm82.a4.v1,0.6590037544923404
Glyma.12G205000.Wm82.a4.v1,0.6589987351175538
Glyma.13G078500.Wm82.a4.v1,0.6589937157427671
Glyma.08G094200.Wm82.a4.v1,0.6589435219949004
Glyma.02G291300.Wm82.a4.v1,0.6589234444957536
Glyma.12G072500.Wm82.a4.v1,0.6589033669966069
Glyma.07G232200.Wm82.a4.v1,0.6588832894974602
Glyma.20G235500.Wm82.a4.v1,0.6588531732487402
Glyma.03G161800.Wm82.a4.v1,0.6588381151243801
Glyma.02G169600.Wm82.a4.v1,0.6588381151243801
Glyma.17G107700.Wm82.a4.v1,0.6588330957495935
Glyma.05G006700.Wm82.a4.v1,0.6587728632521533
Glyma.04G018000.Wm82.a4.v1,0.6587678438773666
Glyma.06G316600.Wm82.a4.v1,0.6587678438773666
Glyma.18G278000.Wm82.a4.v1,0.6587427470034333
Glyma.09G040700.Wm82.a4.v1,0.6587076113799265
Glyma.11G021000.Wm82.a4.v1,0.6587025920051398
Glyma.12G220600.Wm82.a4.v1,0.6586975726303531
Glyma.09G211300.Wm82.a4.v1,0.6586925532555665
Glyma.20G128700.Wm82.a4.v1,0.6586523982572731
Glyma.13G112200.Wm82.a4.v1,0.6586323207581264
Glyma.18G062900.Wm82.a4.v1,0.6586323207581264
Glyma.10G176200.Wm82.a4.v1,0.658607223884193
Glyma.02G049700.Wm82.a4.v1,0.658607223884193
Glyma.11G127900.Wm82.a4.v1,0.6586022045094063
Glyma.03G019600.Wm82.a4.v1,0.6585620495111129
Glyma.01G199000.Wm82.a4.v1,0.6585469913867529
Glyma.20G020400.Wm82.a4.v1,0.6585168751380328
Glyma.17G079400.Wm82.a4.v1,0.6585168751380328
Glyma.06G077100.Wm82.a4.v1,0.658481739514526
Glyma.15G008100.Wm82.a4.v1,0.6584566426405927
Glyma.12G088600.Wm82.a4.v1,0.6584315457666593
Glyma.11G011300.Wm82.a4.v1,0.6584064488927259
Glyma.08G060200.Wm82.a4.v1,0.6583964101431525
Glyma.12G052800.Wm82.a4.v1,0.6583612745196459
Glyma.07G195400.Wm82.a4.v1,0.658296022647419
Glyma.20G182000.Wm82.a4.v1,0.658296022647419
Glyma.18G123400.Wm82.a4.v1,0.6582859838978457
Glyma.17G084100.Wm82.a4.v1,0.658265906398699
Glyma.04G133400.Wm82.a4.v1,0.658250848274339
Glyma.10G082300.Wm82.a4.v1,0.6582408095247656
Glyma.12G190400.Wm82.a4.v1,0.6582357901499789
Glyma.19G149300.Wm82.a4.v1,0.6582106932760455
Glyma.01G070300.Wm82.a4.v1,0.6582106932760455
Glyma.12G072200.Wm82.a4.v1,0.6582056739012588
Glyma.17G011500.Wm82.a4.v1,0.6581906157768989
Glyma.09G172000.Wm82.a4.v1,0.6581755576525388
Glyma.20G195600.Wm82.a4.v1,0.6581504607786054
Glyma.03G028100.Wm82.a4.v1,0.6581203445298853
Glyma.19G228800.Wm82.a4.v1,0.6581052864055253
Glyma.18G043000.Wm82.a4.v1,0.6580751701568053
Glyma.20G240300.Wm82.a4.v1,0.6579998795350052
Glyma.11G084700.Wm82.a4.v1,0.6579647439114984
Glyma.02G233000.Wm82.a4.v1,0.6579647439114984
Glyma.03G018700.Wm82.a4.v1,0.6579245889132049
Glyma.09G039600.Wm82.a4.v1,0.6579045114140583
Glyma.09G050100.Wm82.a4.v1,0.6579045114140583
Glyma.14G219700.Wm82.a4.v1,0.6578844339149116
Glyma.11G033000.Wm82.a4.v1,0.6578643564157649
Glyma.09G043900.Wm82.a4.v1,0.6578492982914048
Glyma.16G145100.Wm82.a4.v1,0.6578242014174714
Glyma.07G233200.Wm82.a4.v1,0.657784046419178
Glyma.14G061400.Wm82.a4.v1,0.657784046419178
Glyma.17G009700.Wm82.a4.v1,0.6577740076696047
Glyma.14G200400.Wm82.a4.v1,0.6577288332965245
Glyma.12G103900.Wm82.a4.v1,0.6577187945469513
Glyma.11G146700.Wm82.a4.v1,0.6577137751721646
Glyma.19G205200.Wm82.a4.v1,0.6576886782982312
Glyma.08G292900.Wm82.a4.v1,0.6576836589234445
Glyma.08G271402.Wm82.a4.v1,0.6576585620495111
Glyma.14G137100.Wm82.a4.v1,0.6576184070512177
Glyma.09G133100.Wm82.a4.v1,0.6576083683016444
Glyma.02G260600.Wm82.a4.v1,0.6576033489268577
Glyma.16G012600.Wm82.a4.v1,0.657598329552071
Glyma.06G128600.Wm82.a4.v1,0.6575732326781376
Glyma.10G268900.Wm82.a4.v1,0.6575682133033509
Glyma.06G053200.Wm82.a4.v1,0.6575481358042042
Glyma.17G035800.Wm82.a4.v1,0.6575431164294175
Glyma.13G147500.Wm82.a4.v1,0.6575230389302709
Glyma.02G084400.Wm82.a4.v1,0.6574979420563375
Glyma.16G217700.Wm82.a4.v1,0.6574828839319774
Glyma.13G121500.Wm82.a4.v1,0.6574377095588974
Glyma.15G007200.Wm82.a4.v1,0.6574176320597507
Glyma.13G094000.Wm82.a4.v1,0.6574176320597507
Glyma.09G060300.Wm82.a4.v1,0.6574025739353906
Glyma.08G051200.Wm82.a4.v1,0.6574025739353906
Glyma.13G273100.Wm82.a4.v1,0.6573975545606039
Glyma.18G215900.Wm82.a4.v1,0.6573925351858173
Glyma.16G052700.Wm82.a4.v1,0.6573824964362439
Glyma.11G232700.Wm82.a4.v1,0.6573021864396571
Glyma.09G102900.Wm82.a4.v1,0.6572971670648704
Glyma.05G239900.Wm82.a4.v1,0.657272070190937
Glyma.18G173000.Wm82.a4.v1,0.657272070190937
Glyma.03G206900.Wm82.a4.v1,0.6572519926917904
Glyma.07G056100.Wm82.a4.v1,0.6572469733170037
Glyma.09G256000.Wm82.a4.v1,0.657226895817857
Glyma.02G081400.Wm82.a4.v1,0.6572168570682836
Glyma.12G030800.Wm82.a4.v1,0.6571767020699901
Glyma.20G244300.Wm82.a4.v1,0.6571716826952035
Glyma.18G255400.Wm82.a4.v1,0.6571465858212701
Glyma.11G099100.Wm82.a4.v1,0.6571315276969101
Glyma.08G301200.Wm82.a4.v1,0.6571114501977634
Glyma.17G040400.Wm82.a4.v1,0.6570537273877166
Glyma.04G014200.Wm82.a4.v1,0.6570160820768165
Glyma.15G125300.Wm82.a4.v1,0.6569960045776698
Glyma.18G248200.Wm82.a4.v1,0.6569759270785231
Glyma.10G173300.Wm82.a4.v1,0.6569709077037365
Glyma.14G223300.Wm82.a4.v1,0.6569508302045897
Glyma.17G057100.Wm82.a4.v1,0.656915694581083
Glyma.02G279300.Wm82.a4.v1,0.6569056558315096
Glyma.03G153100.Wm82.a4.v1,0.6568604814584296
Glyma.13G308100.Wm82.a4.v1,0.6568454233340695
Glyma.19G011200.Wm82.a4.v1,0.6568454233340695
Glyma.05G111900.Wm82.a4.v1,0.6568454233340695
Glyma.15G013600.Wm82.a4.v1,0.6568404039592828
Glyma.13G265700.Wm82.a4.v1,0.6568404039592828
Glyma.14G167900.Wm82.a4.v1,0.6567952295862027
Glyma.17G038100.Wm82.a4.v1,0.6567801714618428
Glyma.02G000100.Wm82.a4.v1,0.6567751520870561
Glyma.09G139400.Wm82.a4.v1,0.6567299777139759
Glyma.06G165000.Wm82.a4.v1,0.6566998614652559
Glyma.17G021100.Wm82.a4.v1,0.6566898227156825
Glyma.13G106900.Wm82.a4.v1,0.6566747645913225
Glyma.10G096800.Wm82.a4.v1,0.6566697452165359
Glyma.19G102500.Wm82.a4.v1,0.6566145320938824
Glyma.16G168400.Wm82.a4.v1,0.6565793964703757
Glyma.06G113400.Wm82.a4.v1,0.656574377095589
Glyma.07G241800.Wm82.a4.v1,0.6565693577208023
Glyma.05G175000.Wm82.a4.v1,0.6565643383460156
Glyma.04G235500.Wm82.a4.v1,0.6565542995964423
Glyma.06G128000.Wm82.a4.v1,0.6565292027225089
Glyma.08G359500.Wm82.a4.v1,0.6565091252233621
Glyma.17G239700.Wm82.a4.v1,0.6564890477242155
Glyma.02G271500.Wm82.a4.v1,0.6564890477242155
Glyma.10G201400.Wm82.a4.v1,0.6564890477242155
Glyma.14G189100.Wm82.a4.v1,0.6564639508502821
Glyma.07G078700.Wm82.a4.v1,0.6564589314754954
Glyma.10G243300.Wm82.a4.v1,0.6564288152267753
Glyma.05G155700.Wm82.a4.v1,0.6563936796032687
Glyma.05G228800.Wm82.a4.v1,0.6563836408536953
Glyma.20G143200.Wm82.a4.v1,0.6563736021041219
Glyma.06G062100.Wm82.a4.v1,0.6563635633545486
Glyma.13G340700.Wm82.a4.v1,0.6563384664806152
Glyma.13G270800.Wm82.a4.v1,0.6563083502318952
Glyma.16G149800.Wm82.a4.v1,0.6562832533579618
Glyma.13G259700.Wm82.a4.v1,0.6562581564840283
Glyma.12G210400.Wm82.a4.v1,0.6562380789848816
Glyma.17G090900.Wm82.a4.v1,0.656218001485735
Glyma.02G311200.Wm82.a4.v1,0.6561979239865883
Glyma.20G050800.Wm82.a4.v1,0.6561728271126549
Glyma.05G054600.Wm82.a4.v1,0.6561678077378682
Glyma.13G125600.Wm82.a4.v1,0.6561627883630815
Glyma.06G202100.Wm82.a4.v1,0.6561577689882948
Glyma.15G135800.Wm82.a4.v1,0.6561577689882948
Glyma.07G268700.Wm82.a4.v1,0.6561527496135081
Glyma.11G039800.Wm82.a4.v1,0.6561376914891481
Glyma.17G016200.Wm82.a4.v1,0.6561125946152148
Glyma.06G206400.Wm82.a4.v1,0.6560975364908547
Glyma.07G080400.Wm82.a4.v1,0.656062400867348
Glyma.19G104100.Wm82.a4.v1,0.6560423233682012
Glyma.01G223200.Wm82.a4.v1,0.6560272652438413
Glyma.20G070100.Wm82.a4.v1,0.6560272652438413
Glyma.06G098900.Wm82.a4.v1,0.6560071877446946
Glyma.13G037600.Wm82.a4.v1,0.6559820908707611
Glyma.18G147200.Wm82.a4.v1,0.6559820908707611
Glyma.06G182100.Wm82.a4.v1,0.6559620133716144
Glyma.06G060300.Wm82.a4.v1,0.6559620133716144
Glyma.01G010300.Wm82.a4.v1,0.6559318971228943
Glyma.01G186300.Wm82.a4.v1,0.6559318971228943
Glyma.16G211200.Wm82.a4.v1,0.6559168389985344
Glyma.08G133600.Wm82.a4.v1,0.655906800248961
Glyma.09G001000.Wm82.a4.v1,0.655906800248961
Glyma.09G149000.Wm82.a4.v1,0.6558817033750276
Glyma.07G259200.Wm82.a4.v1,0.6558214708775875
Glyma.12G079400.Wm82.a4.v1,0.6558114321280142
Glyma.18G044300.Wm82.a4.v1,0.6558114321280142
Glyma.06G056300.Wm82.a4.v1,0.6557913546288674
Glyma.03G085700.Wm82.a4.v1,0.6557813158792941
Glyma.07G175000.Wm82.a4.v1,0.6556809283835605
Glyma.03G126600.Wm82.a4.v1,0.6556759090087738
Glyma.02G074200.Wm82.a4.v1,0.6556508121348404
Glyma.11G136700.Wm82.a4.v1,0.6555905796374004
Glyma.08G183100.Wm82.a4.v1,0.6555905796374004
Glyma.12G101300.Wm82.a4.v1,0.655550424639107
Glyma.15G072200.Wm82.a4.v1,0.655535366514747
Glyma.04G030800.Wm82.a4.v1,0.6555002308912402
Glyma.12G062400.Wm82.a4.v1,0.6554952115164535
Glyma.11G253500.Wm82.a4.v1,0.6554851727668801
Glyma.06G285800.Wm82.a4.v1,0.6554650952677334
Glyma.15G114300.Wm82.a4.v1,0.65540988214508
Glyma.09G059100.Wm82.a4.v1,0.6553998433955066
Glyma.15G011300.Wm82.a4.v1,0.65539482402072
Glyma.04G010000.Wm82.a4.v1,0.655364707772
Glyma.15G148200.Wm82.a4.v1,0.6553145140241331
Glyma.03G027500.Wm82.a4.v1,0.6553044752745598
Glyma.18G053700.Wm82.a4.v1,0.6552944365249864
Glyma.01G002700.Wm82.a4.v1,0.6552894171501997
Glyma.03G107300.Wm82.a4.v1,0.6552843977754131
Glyma.07G270200.Wm82.a4.v1,0.6552492621519064
Glyma.01G177400.Wm82.a4.v1,0.6552492621519064
Glyma.20G133200.Wm82.a4.v1,0.6552442427771197
Glyma.05G164100.Wm82.a4.v1,0.655224165277973
Glyma.13G341600.Wm82.a4.v1,0.6551538940309595
Glyma.06G268700.Wm82.a4.v1,0.6551287971570261
Glyma.03G074167.Wm82.a4.v1,0.6550936615335193
Glyma.18G184500.Wm82.a4.v1,0.655068564659586
Glyma.19G125600.Wm82.a4.v1,0.6550434677856526
Glyma.08G302000.Wm82.a4.v1,0.6550183709117192
Glyma.03G052200.Wm82.a4.v1,0.6550133515369325
Glyma.11G102200.Wm82.a4.v1,0.6550133515369325
Glyma.14G150000.Wm82.a4.v1,0.6549882546629991
Glyma.12G190200.Wm82.a4.v1,0.6549882546629991
Glyma.09G014500.Wm82.a4.v1,0.6549581384142791
Glyma.18G137300.Wm82.a4.v1,0.6549330415403457
Glyma.12G029700.Wm82.a4.v1,0.6549179834159857
Glyma.10G030900.Wm82.a4.v1,0.6549079446664123
Glyma.11G142700.Wm82.a4.v1,0.654882847792479
Glyma.18G190500.Wm82.a4.v1,0.6548778284176923
Glyma.09G249900.Wm82.a4.v1,0.6548276346698255
Glyma.08G031200.Wm82.a4.v1,0.6547623827975987
Glyma.13G249800.Wm82.a4.v1,0.6547121890497319
Glyma.10G242200.Wm82.a4.v1,0.6546519565522918
Glyma.04G045000.Wm82.a4.v1,0.6546519565522918
Glyma.13G211800.Wm82.a4.v1,0.6546394081153252
Glyma.13G003400.Wm82.a4.v1,0.6546318790531451
Glyma.08G026700.Wm82.a4.v1,0.6546168209287851
Glyma.08G214900.Wm82.a4.v1,0.6546067821792118
Glyma.09G278500.Wm82.a4.v1,0.6545816853052784
Glyma.01G145000.Wm82.a4.v1,0.6545766659304917
Glyma.10G026200.Wm82.a4.v1,0.654556588431345
Glyma.12G011800.Wm82.a4.v1,0.654556588431345
Glyma.05G200800.Wm82.a4.v1,0.6545264721826249
Glyma.04G237400.Wm82.a4.v1,0.6545214528078382
Glyma.17G037100.Wm82.a4.v1,0.6545164334330515
Glyma.03G194800.Wm82.a4.v1,0.6545013753086916
Glyma.13G131900.Wm82.a4.v1,0.6544812978095449
Glyma.09G225300.Wm82.a4.v1,0.6544562009356114
Glyma.19G171100.Wm82.a4.v1,0.654431104061678
Glyma.06G275600.Wm82.a4.v1,0.6544210653121048
Glyma.04G234900.Wm82.a4.v1,0.6544160459373181
Glyma.20G083500.Wm82.a4.v1,0.6544110265625314
Glyma.01G029500.Wm82.a4.v1,0.6544110265625314
Glyma.20G225100.Wm82.a4.v1,0.6544060071877447
Glyma.17G164400.Wm82.a4.v1,0.6543909490633847
Glyma.14G194500.Wm82.a4.v1,0.6543809103138113
Glyma.13G177400.Wm82.a4.v1,0.6543758909390246
Glyma.13G144400.Wm82.a4.v1,0.6543758909390246
Glyma.02G046600.Wm82.a4.v1,0.6543658521894513
Glyma.04G204100.Wm82.a4.v1,0.6543307165659445
Glyma.07G163700.Wm82.a4.v1,0.6542855421928645
Glyma.03G145700.Wm82.a4.v1,0.6542805228180778
Glyma.13G051500.Wm82.a4.v1,0.6542755034432911
Glyma.07G040900.Wm82.a4.v1,0.6542504065693577
Glyma.02G149000.Wm82.a4.v1,0.6541901740719176
Glyma.18G282800.Wm82.a4.v1,0.6541249221996908
Glyma.14G025700.Wm82.a4.v1,0.6541098640753308
Glyma.04G180900.Wm82.a4.v1,0.6540847672013974
Glyma.11G041400.Wm82.a4.v1,0.6540797478266107
Glyma.20G173700.Wm82.a4.v1,0.6540697090770373
Glyma.03G106902.Wm82.a4.v1,0.6540697090770373
Glyma.14G130800.Wm82.a4.v1,0.654059670327464
Glyma.18G275400.Wm82.a4.v1,0.6539994378300239
Glyma.02G091700.Wm82.a4.v1,0.6539542634569439
Glyma.09G191100.Wm82.a4.v1,0.6539442247073705
Glyma.07G077100.Wm82.a4.v1,0.6538990503342904
Glyma.13G106100.Wm82.a4.v1,0.6538789728351436
Glyma.17G080700.Wm82.a4.v1,0.6538789728351436
Glyma.06G192800.Wm82.a4.v1,0.6538488565864236
Glyma.05G031300.Wm82.a4.v1,0.6538287790872769
Glyma.01G191500.Wm82.a4.v1,0.6538237597124902
Glyma.17G197600.Wm82.a4.v1,0.6537986628385568
Glyma.20G249900.Wm82.a4.v1,0.6537936434637701
Glyma.09G135100.Wm82.a4.v1,0.6537735659646234
Glyma.14G065600.Wm82.a4.v1,0.6537685465898367
Glyma.13G222300.Wm82.a4.v1,0.6537384303411167
Glyma.03G244000.Wm82.a4.v1,0.6537233722167567
Glyma.15G029400.Wm82.a4.v1,0.6537133334671833
Glyma.11G005800.Wm82.a4.v1,0.6536882365932499
Glyma.16G122700.Wm82.a4.v1,0.6536480815949566
Glyma.19G010100.Wm82.a4.v1,0.6536179653462365
Glyma.10G012800.Wm82.a4.v1,0.6536129459714498
Glyma.13G147100.Wm82.a4.v1,0.6535627522235831
Glyma.17G251000.Wm82.a4.v1,0.6535527134740097
Glyma.05G234900.Wm82.a4.v1,0.6535175778505029
Glyma.17G067500.Wm82.a4.v1,0.6534975003513562
Glyma.20G197100.Wm82.a4.v1,0.6534523259782762
Glyma.16G196400.Wm82.a4.v1,0.6534372678539161
Glyma.16G149900.Wm82.a4.v1,0.6534322484791294
Glyma.09G197100.Wm82.a4.v1,0.6534272291043428
Glyma.09G054200.Wm82.a4.v1,0.6534222097295561
Glyma.04G040700.Wm82.a4.v1,0.6534121709799827
Glyma.09G257900.Wm82.a4.v1,0.6534021322304093
Glyma.11G014000.Wm82.a4.v1,0.6533569578573293
Glyma.05G004100.Wm82.a4.v1,0.6532967253598891
Glyma.20G188500.Wm82.a4.v1,0.6532766478607425
Glyma.07G204400.Wm82.a4.v1,0.6532666091111691
Glyma.11G178673.Wm82.a4.v1,0.6532565703615958
Glyma.01G191800.Wm82.a4.v1,0.6532264541128757
Glyma.16G122800.Wm82.a4.v1,0.653221434738089
Glyma.19G074900.Wm82.a4.v1,0.653191318489369
Glyma.05G224700.Wm82.a4.v1,0.6531411247415022
Glyma.15G125700.Wm82.a4.v1,0.6531160278675688
Glyma.11G126100.Wm82.a4.v1,0.6531110084927821
Glyma.06G313400.Wm82.a4.v1,0.6530808922440621
Glyma.15G262300.Wm82.a4.v1,0.6530708534944887
Glyma.01G219502.Wm82.a4.v1,0.6530557953701287
Glyma.20G051100.Wm82.a4.v1,0.653005601622262
Glyma.13G155900.Wm82.a4.v1,0.653005601622262
Glyma.07G028600.Wm82.a4.v1,0.6529704659987552
Glyma.10G066000.Wm82.a4.v1,0.6529503884996085
Glyma.06G166000.Wm82.a4.v1,0.6529503884996085
Glyma.09G028100.Wm82.a4.v1,0.6529202722508884
Glyma.02G294200.Wm82.a4.v1,0.6528399622543016
Glyma.08G314400.Wm82.a4.v1,0.6528249041299415
Glyma.19G185000.Wm82.a4.v1,0.6528148653803683
Glyma.08G241200.Wm82.a4.v1,0.6527646716325014
Glyma.20G052000.Wm82.a4.v1,0.6527445941333547
Glyma.13G075300.Wm82.a4.v1,0.6527144778846347
Glyma.01G242800.Wm82.a4.v1,0.652709458509848
Glyma.10G027000.Wm82.a4.v1,0.6526693035115546
Glyma.06G016700.Wm82.a4.v1,0.6526492260124079
Glyma.06G066900.Wm82.a4.v1,0.6526492260124079
Glyma.13G000800.Wm82.a4.v1,0.6525990322645411
Glyma.18G091500.Wm82.a4.v1,0.6525990322645411
Glyma.11G228500.Wm82.a4.v1,0.6525990322645411
Glyma.14G087200.Wm82.a4.v1,0.6525889935149678
Glyma.15G126900.Wm82.a4.v1,0.6525739353906077
Glyma.17G225700.Wm82.a4.v1,0.6525287610175277
Glyma.13G264100.Wm82.a4.v1,0.652523741642741
Glyma.14G016600.Wm82.a4.v1,0.6525036641435943
Glyma.12G174200.Wm82.a4.v1,0.6524484510209408
Glyma.01G142300.Wm82.a4.v1,0.6523530828999939
Glyma.03G160600.Wm82.a4.v1,0.6523530828999939
Glyma.09G188300.Wm82.a4.v1,0.6523530828999939
Glyma.13G227200.Wm82.a4.v1,0.6523530828999939
Glyma.02G289400.Wm82.a4.v1,0.6523480635252074
Glyma.06G153000.Wm82.a4.v1,0.6523330054008473
Glyma.13G106300.Wm82.a4.v1,0.6523129279017006
Glyma.15G102800.Wm82.a4.v1,0.6523028891521272
Glyma.07G165000.Wm82.a4.v1,0.6523028891521272
Glyma.16G024100.Wm82.a4.v1,0.6522878310277672
Glyma.09G246700.Wm82.a4.v1,0.652212540405967
Glyma.03G142500.Wm82.a4.v1,0.6521824241572469
Glyma.08G187500.Wm82.a4.v1,0.6521573272833135
Glyma.02G230500.Wm82.a4.v1,0.6521472885337403
Glyma.01G049400.Wm82.a4.v1,0.6520770172867267
Glyma.20G200700.Wm82.a4.v1,0.6520770172867267
Glyma.12G030200.Wm82.a4.v1,0.6520770172867267
Glyma.U018351.Wm82.a4.v1,0.6520418816632201
Glyma.16G181500.Wm82.a4.v1,0.65202682353886
Glyma.12G068100.Wm82.a4.v1,0.6520167847892866
Glyma.11G145600.Wm82.a4.v1,0.6520167847892866
Glyma.14G135001.Wm82.a4.v1,0.6520067460397133
Glyma.12G119800.Wm82.a4.v1,0.6519816491657799
Glyma.02G193800.Wm82.a4.v1,0.6519515329170599
Glyma.17G015200.Wm82.a4.v1,0.6519414941674865
Glyma.14G124900.Wm82.a4.v1,0.6519314554179132
Glyma.11G110100.Wm82.a4.v1,0.6519013391691931
Glyma.20G041000.Wm82.a4.v1,0.6518963197944064
Glyma.15G210100.Wm82.a4.v1,0.6518913004196197
Glyma.08G231900.Wm82.a4.v1,0.6518712229204731
Glyma.01G031800.Wm82.a4.v1,0.6518260485473929
Glyma.13G117200.Wm82.a4.v1,0.6518135001104263
Glyma.12G168300.Wm82.a4.v1,0.6518009516734595
Glyma.13G187500.Wm82.a4.v1,0.6517909129238862
Glyma.20G105400.Wm82.a4.v1,0.6517658160499529
Glyma.08G082600.Wm82.a4.v1,0.651715622302086
Glyma.02G138800.Wm82.a4.v1,0.6517106029272993
Glyma.06G145000.Wm82.a4.v1,0.6516553898046459
Glyma.10G147400.Wm82.a4.v1,0.6516503704298593
Glyma.07G012600.Wm82.a4.v1,0.6516252735559259
Glyma.05G062900.Wm82.a4.v1,0.6516252735559259
Glyma.07G076800.Wm82.a4.v1,0.6516102154315658
Glyma.10G201900.Wm82.a4.v1,0.6515600216836991
Glyma.02G160500.Wm82.a4.v1,0.651544963559339
Glyma.05G063900.Wm82.a4.v1,0.6515048085610456
Glyma.13G206600.Wm82.a4.v1,0.6514797116871123
Glyma.18G237600.Wm82.a4.v1,0.6514546148131789
Glyma.19G210402.Wm82.a4.v1,0.6514546148131789
Glyma.12G189500.Wm82.a4.v1,0.6513893629409521
Glyma.16G153500.Wm82.a4.v1,0.651359246692232
Glyma.10G200100.Wm82.a4.v1,0.6513291304435119
Glyma.03G257600.Wm82.a4.v1,0.6513040335695786
Glyma.06G132100.Wm82.a4.v1,0.6512939948200053
Glyma.05G223100.Wm82.a4.v1,0.6512588591964985
Glyma.06G206000.Wm82.a4.v1,0.6512488204469251
Glyma.19G174700.Wm82.a4.v1,0.6512387816973518
Glyma.15G113000.Wm82.a4.v1,0.6511383942016182
Glyma.04G223500.Wm82.a4.v1,0.6511283554520448
Glyma.18G070400.Wm82.a4.v1,0.6511283554520448
Glyma.13G354900.Wm82.a4.v1,0.6511183167024716
Glyma.04G209600.Wm82.a4.v1,0.6511082779528982
Glyma.08G290700.Wm82.a4.v1,0.6510932198285382
Glyma.09G014100.Wm82.a4.v1,0.6510731423293914
Glyma.11G007800.Wm82.a4.v1,0.6510530648302447
Glyma.17G105500.Wm82.a4.v1,0.6510405163932781
Glyma.17G187400.Wm82.a4.v1,0.6510229485815247
Glyma.15G255300.Wm82.a4.v1,0.6510078904571647
Glyma.15G155300.Wm82.a4.v1,0.651002871082378
Glyma.07G081600.Wm82.a4.v1,0.6509928323328046
Glyma.03G255600.Wm82.a4.v1,0.6509677354588712
Glyma.03G151500.Wm82.a4.v1,0.6509627160840845
Glyma.16G066400.Wm82.a4.v1,0.6509576967092979
Glyma.18G042900.Wm82.a4.v1,0.6508673479631377
Glyma.07G068700.Wm82.a4.v1,0.6508573092135643
Glyma.05G168300.Wm82.a4.v1,0.6508522898387776
Glyma.09G023800.Wm82.a4.v1,0.6508372317144177
Glyma.19G063300.Wm82.a4.v1,0.6508372317144177
Glyma.20G235100.Wm82.a4.v1,0.6508071154656976
Glyma.06G094500.Wm82.a4.v1,0.6507669604674042
Glyma.15G013500.Wm82.a4.v1,0.6507268054691108
Glyma.12G184300.Wm82.a4.v1,0.6507067279699641
Glyma.14G025100.Wm82.a4.v1,0.6506715923464573
Glyma.02G057200.Wm82.a4.v1,0.6506113598490172
Glyma.09G112400.Wm82.a4.v1,0.6506088501616238
Glyma.17G100600.Wm82.a4.v1,0.6505912823498705
Glyma.10G031300.Wm82.a4.v1,0.6505862629750838
Glyma.09G185000.Wm82.a4.v1,0.6505862629750838
Glyma.16G153800.Wm82.a4.v1,0.6505410886020038
Glyma.04G187000.Wm82.a4.v1,0.6505109723532837
Glyma.04G254402.Wm82.a4.v1,0.6504908948541369
Glyma.19G082500.Wm82.a4.v1,0.6504105848575501
Glyma.20G070000.Wm82.a4.v1,0.6504055654827635
Glyma.15G191200.Wm82.a4.v1,0.6503955267331901
Glyma.20G107300.Wm82.a4.v1,0.6503403136105367
Glyma.18G133800.Wm82.a4.v1,0.6503252554861766
Glyma.08G072000.Wm82.a4.v1,0.6503152167366033
Glyma.18G155100.Wm82.a4.v1,0.6502901198626699
Glyma.02G245500.Wm82.a4.v1,0.6502901198626699
Glyma.07G172000.Wm82.a4.v1,0.6502851004878832
Glyma.18G089400.Wm82.a4.v1,0.6502851004878832
Glyma.16G149300.Wm82.a4.v1,0.6502600036139499
Glyma.18G181100.Wm82.a4.v1,0.6501897323669363
Glyma.11G120300.Wm82.a4.v1,0.6501094223703495
Glyma.01G172200.Wm82.a4.v1,0.6501094223703495
Glyma.13G317300.Wm82.a4.v1,0.6500793061216295
Glyma.18G167500.Wm82.a4.v1,0.6500692673720562
Glyma.09G250700.Wm82.a4.v1,0.6500190736241894
Glyma.13G289100.Wm82.a4.v1,0.650009034874616
Glyma.10G244400.Wm82.a4.v1,0.650009034874616
Glyma.07G085200.Wm82.a4.v1,0.650009034874616
Glyma.02G034800.Wm82.a4.v1,0.6499989961250426
Glyma.18G054700.Wm82.a4.v1,0.649978918625896
Glyma.18G217500.Wm82.a4.v1,0.649853434256229
Glyma.07G125200.Wm82.a4.v1,0.649838376131869
Glyma.18G212600.Wm82.a4.v1,0.649823318007509
Glyma.17G255300.Wm82.a4.v1,0.6498182986327223
Glyma.10G286300.Wm82.a4.v1,0.6497681048848556
Glyma.08G178400.Wm82.a4.v1,0.6497430080109221
Glyma.14G179900.Wm82.a4.v1,0.6497430080109221
Glyma.14G071300.Wm82.a4.v1,0.6497229305117754
Glyma.07G129400.Wm82.a4.v1,0.6497179111369887
Glyma.05G225000.Wm82.a4.v1,0.6497128917622021
Glyma.04G107300.Wm82.a4.v1,0.6496827755134821
Glyma.02G122700.Wm82.a4.v1,0.6496074848916819
Glyma.05G115200.Wm82.a4.v1,0.6496024655168953
Glyma.03G230600.Wm82.a4.v1,0.6495673298933885
Glyma.04G230800.Wm82.a4.v1,0.649482000522015
Glyma.06G002700.Wm82.a4.v1,0.6494368261489349
Glyma.16G138800.Wm82.a4.v1,0.6494318067741482
Glyma.20G226300.Wm82.a4.v1,0.6494167486497882
Glyma.14G208400.Wm82.a4.v1,0.6494067099002149
Glyma.19G178400.Wm82.a4.v1,0.6494067099002149
Glyma.02G018000.Wm82.a4.v1,0.6494016905254282
Glyma.13G088700.Wm82.a4.v1,0.6493816130262815
Glyma.06G142700.Wm82.a4.v1,0.6493665549019214
Glyma.17G060300.Wm82.a4.v1,0.649341458027988
Glyma.18G270500.Wm82.a4.v1,0.6492912642801213
Glyma.02G026300.Wm82.a4.v1,0.6492762061557612
Glyma.18G041200.Wm82.a4.v1,0.6492260124078945
Glyma.13G325200.Wm82.a4.v1,0.6491808380348144
Glyma.11G101400.Wm82.a4.v1,0.6491808380348144
Glyma.05G222700.Wm82.a4.v1,0.6491758186600277
Glyma.18G009100.Wm82.a4.v1,0.649155741160881
Glyma.19G165900.Wm82.a4.v1,0.6491457024113076
Glyma.16G149500.Wm82.a4.v1,0.6491356636617343
Glyma.09G162100.Wm82.a4.v1,0.649125624912161
Glyma.13G201200.Wm82.a4.v1,0.6491155861625876
Glyma.07G034400.Wm82.a4.v1,0.6491105667878009
Glyma.04G048600.Wm82.a4.v1,0.6490553536651474
Glyma.05G150000.Wm82.a4.v1,0.6490252374164274
Glyma.02G275600.Wm82.a4.v1,0.6490151986668541
Glyma.08G349200.Wm82.a4.v1,0.649000140542494
Glyma.09G248100.Wm82.a4.v1,0.6489951211677073
Glyma.06G113500.Wm82.a4.v1,0.6489901017929207
Glyma.16G199300.Wm82.a4.v1,0.6489399080450539
Glyma.19G115700.Wm82.a4.v1,0.6489348886702673
Glyma.15G116300.Wm82.a4.v1,0.6489298692954806
Glyma.02G219200.Wm82.a4.v1,0.6489047724215472
Glyma.04G217500.Wm82.a4.v1,0.6488796755476138
Glyma.15G006400.Wm82.a4.v1,0.6488696367980404
Glyma.17G043500.Wm82.a4.v1,0.6488545786736805
Glyma.03G133500.Wm82.a4.v1,0.648814423675387
Glyma.19G004500.Wm82.a4.v1,0.6487341136788002
Glyma.09G183100.Wm82.a4.v1,0.6487341136788002
Glyma.10G180700.Wm82.a4.v1,0.6487240749292268
Glyma.10G082900.Wm82.a4.v1,0.6486939586805067
Glyma.05G155400.Wm82.a4.v1,0.6486688618065733
Glyma.05G004900.Wm82.a4.v1,0.6486487843074267
Glyma.06G096300.Wm82.a4.v1,0.64862870680828
Glyma.04G165900.Wm82.a4.v1,0.6485985905595599
Glyma.14G183500.Wm82.a4.v1,0.6485785130604131
Glyma.03G235100.Wm82.a4.v1,0.6485734936856266
Glyma.20G114000.Wm82.a4.v1,0.6485433774369065
Glyma.12G167000.Wm82.a4.v1,0.6485333386873331
Glyma.18G293000.Wm82.a4.v1,0.648503222438613
Glyma.11G094300.Wm82.a4.v1,0.6484680868151063
Glyma.02G127300.Wm82.a4.v1,0.6484630674403197
Glyma.05G137100.Wm82.a4.v1,0.6484530286907463
Glyma.19G065400.Wm82.a4.v1,0.6484530286907463
Glyma.13G031200.Wm82.a4.v1,0.6484279318168129
Glyma.19G019600.Wm82.a4.v1,0.6484229124420262
Glyma.13G078000.Wm82.a4.v1,0.6483978155680928
Glyma.04G128100.Wm82.a4.v1,0.6483827574437329
Glyma.11G079600.Wm82.a4.v1,0.6483827574437329
Glyma.06G097500.Wm82.a4.v1,0.6482974280723593
Glyma.11G248100.Wm82.a4.v1,0.6482823699479993
Glyma.13G190000.Wm82.a4.v1,0.6482673118236393
Glyma.07G082900.Wm82.a4.v1,0.6482622924488526
Glyma.14G005100.Wm82.a4.v1,0.6482472343244925
Glyma.15G061000.Wm82.a4.v1,0.6482271568253458
Glyma.06G074000.Wm82.a4.v1,0.6482271568253458
Glyma.07G080700.Wm82.a4.v1,0.6482221374505591
Glyma.13G224700.Wm82.a4.v1,0.6482120987009858
Glyma.08G322900.Wm82.a4.v1,0.6482120987009858
Glyma.01G075800.Wm82.a4.v1,0.6481970405766257
Glyma.02G089000.Wm82.a4.v1,0.6481819824522658
Glyma.01G183600.Wm82.a4.v1,0.6481619049531191
Glyma.10G262400.Wm82.a4.v1,0.6481518662035457
Glyma.06G036400.Wm82.a4.v1,0.6481418274539723
Glyma.18G058900.Wm82.a4.v1,0.6481117112052522
Glyma.12G156300.Wm82.a4.v1,0.648101672455679
Glyma.10G043000.Wm82.a4.v1,0.6480966530808923
Glyma.05G172600.Wm82.a4.v1,0.6480966530808923
Glyma.12G180700.Wm82.a4.v1,0.6480665368321722
Glyma.18G261600.Wm82.a4.v1,0.6480414399582388
Glyma.14G179100.Wm82.a4.v1,0.648006304334732
Glyma.12G094000.Wm82.a4.v1,0.6480012849599454
Glyma.18G202700.Wm82.a4.v1,0.6479561105868653
Glyma.02G095100.Wm82.a4.v1,0.6479460718372919
Glyma.17G047600.Wm82.a4.v1,0.6478406649667717
Glyma.08G072600.Wm82.a4.v1,0.6478155680928384
Glyma.13G120200.Wm82.a4.v1,0.6477854518441183
Glyma.17G056700.Wm82.a4.v1,0.6477754130945449
Glyma.11G035800.Wm82.a4.v1,0.6477653743449716
Glyma.12G049000.Wm82.a4.v1,0.6477653743449716
Glyma.05G242400.Wm82.a4.v1,0.6477051418475315
Glyma.19G099400.Wm82.a4.v1,0.6477051418475315
Glyma.02G120900.Wm82.a4.v1,0.6476599674744514
Glyma.10G265800.Wm82.a4.v1,0.6476449093500913
Glyma.05G147200.Wm82.a4.v1,0.6476147931013713
Glyma.10G201300.Wm82.a4.v1,0.6476147931013713
Glyma.14G149300.Wm82.a4.v1,0.6475595799787178
Glyma.14G161600.Wm82.a4.v1,0.6475595799787178
Glyma.03G204700.Wm82.a4.v1,0.6475194249804245
Glyma.05G232700.Wm82.a4.v1,0.6475093862308511
Glyma.05G191400.Wm82.a4.v1,0.6474943281064911
Glyma.08G190300.Wm82.a4.v1,0.6474692312325576
Glyma.18G188700.Wm82.a4.v1,0.6474591924829843
Glyma.06G239900.Wm82.a4.v1,0.6473638243620374
Glyma.04G182700.Wm82.a4.v1,0.6473136306141707
Glyma.06G140300.Wm82.a4.v1,0.6473035918645973
Glyma.12G222100.Wm82.a4.v1,0.6472784949906639
Glyma.06G153500.Wm82.a4.v1,0.6472584174915172
Glyma.17G149500.Wm82.a4.v1,0.6472383399923706
Glyma.19G077600.Wm82.a4.v1,0.6472082237436505
Glyma.17G114000.Wm82.a4.v1,0.6471831268697171
Glyma.02G140100.Wm82.a4.v1,0.647137952496637
Glyma.13G146900.Wm82.a4.v1,0.647137952496637
Glyma.01G235900.Wm82.a4.v1,0.6471178749974903
Glyma.07G072900.Wm82.a4.v1,0.6470977974983436
Glyma.04G135000.Wm82.a4.v1,0.6470977974983436
Glyma.11G228400.Wm82.a4.v1,0.6470927781235569
Glyma.14G036000.Wm82.a4.v1,0.6470877587487702
Glyma.13G128500.Wm82.a4.v1,0.6470777199991969
Glyma.06G221300.Wm82.a4.v1,0.6470777199991969
Glyma.16G128600.Wm82.a4.v1,0.6470425843756902
Glyma.09G251700.Wm82.a4.v1,0.6470174875017568
Glyma.11G088700.Wm82.a4.v1,0.6470174875017568
Glyma.17G133000.Wm82.a4.v1,0.6469923906278234
Glyma.10G058600.Wm82.a4.v1,0.6469622743791034
Glyma.11G132200.Wm82.a4.v1,0.6469572550043167
Glyma.12G006200.Wm82.a4.v1,0.64693717750517
Glyma.17G082100.Wm82.a4.v1,0.6469271387555966
Glyma.03G171000.Wm82.a4.v1,0.6469221193808099
Glyma.06G107500.Wm82.a4.v1,0.6469020418816632
Glyma.08G067400.Wm82.a4.v1,0.6468970225068765
Glyma.13G351300.Wm82.a4.v1,0.6468819643825165
Glyma.08G312400.Wm82.a4.v1,0.6468819643825165
Glyma.06G055100.Wm82.a4.v1,0.6468769450077299
Glyma.03G258300.Wm82.a4.v1,0.6468719256329432
Glyma.02G052900.Wm82.a4.v1,0.6468719256329432
Glyma.11G234300.Wm82.a4.v1,0.6468618868833698
Glyma.03G210300.Wm82.a4.v1,0.6468066737607163
Glyma.06G129100.Wm82.a4.v1,0.6468016543859297
Glyma.05G012400.Wm82.a4.v1,0.646766518762423
Glyma.08G273400.Wm82.a4.v1,0.6467614993876363
Glyma.13G151200.Wm82.a4.v1,0.6467414218884896
Glyma.05G061300.Wm82.a4.v1,0.6467163250145562
Glyma.06G238500.Wm82.a4.v1,0.6466711506414761
Glyma.04G026100.Wm82.a4.v1,0.6466611118919028
Glyma.06G137800.Wm82.a4.v1,0.6465557050213825
Glyma.10G172400.Wm82.a4.v1,0.6465506856465959
Glyma.20G214600.Wm82.a4.v1,0.6465255887726625
Glyma.12G040400.Wm82.a4.v1,0.6465105306483024
Glyma.17G179200.Wm82.a4.v1,0.6464703756500091
Glyma.16G219000.Wm82.a4.v1,0.6464653562752224
Glyma.10G285700.Wm82.a4.v1,0.646440259401289
Glyma.18G237700.Wm82.a4.v1,0.6463800269038489
Glyma.07G035000.Wm82.a4.v1,0.6463097556568353
Glyma.18G296100.Wm82.a4.v1,0.6462796394081153
Glyma.07G118800.Wm82.a4.v1,0.6462645812837553
Glyma.15G194000.Wm82.a4.v1,0.6462595619089686
Glyma.08G336200.Wm82.a4.v1,0.6462394844098219
Glyma.08G001000.Wm82.a4.v1,0.6462194069106753
Glyma.11G251000.Wm82.a4.v1,0.6462093681611019
Glyma.01G176000.Wm82.a4.v1,0.6461993294115285
Glyma.15G074400.Wm82.a4.v1,0.6461943100367418
Glyma.17G012500.Wm82.a4.v1,0.6461742325375951
Glyma.06G018600.Wm82.a4.v1,0.6461641937880218
Glyma.08G266400.Wm82.a4.v1,0.6461190194149417
Glyma.07G221600.Wm82.a4.v1,0.6461089806653684
Glyma.15G258300.Wm82.a4.v1,0.6461089806653684
Glyma.05G118400.Wm82.a4.v1,0.646098941915795
Glyma.16G142800.Wm82.a4.v1,0.6460889031662216
Glyma.07G212800.Wm82.a4.v1,0.6460587869175015
Glyma.15G258800.Wm82.a4.v1,0.6460437287931415
Glyma.02G096000.Wm82.a4.v1,0.6460387094183548
Glyma.05G067100.Wm82.a4.v1,0.6460286706687814
Glyma.03G064800.Wm82.a4.v1,0.6460236512939949
Glyma.14G105500.Wm82.a4.v1,0.6460136125444215
Glyma.14G062200.Wm82.a4.v1,0.6459985544200615
Glyma.16G067500.Wm82.a4.v1,0.6459985544200615
Glyma.01G146100.Wm82.a4.v1,0.6459834962957014
Glyma.10G293800.Wm82.a4.v1,0.645973457546128
Glyma.12G160500.Wm82.a4.v1,0.645943341297408
Glyma.09G019700.Wm82.a4.v1,0.6459383219226214
Glyma.07G001500.Wm82.a4.v1,0.6459333025478347
Glyma.08G006400.Wm82.a4.v1,0.6459232637982613
Glyma.02G245800.Wm82.a4.v1,0.6459031862991146
Glyma.19G172800.Wm82.a4.v1,0.6458881281747546
Glyma.08G071900.Wm82.a4.v1,0.6458329150521012
Glyma.04G072700.Wm82.a4.v1,0.6458078181781677
Glyma.20G190900.Wm82.a4.v1,0.6457977794285944
Glyma.13G366800.Wm82.a4.v1,0.645787740679021
Glyma.13G087300.Wm82.a4.v1,0.6457676631798743
Glyma.09G154400.Wm82.a4.v1,0.6457475856807277
Glyma.03G076300.Wm82.a4.v1,0.6457475856807277
Glyma.10G127200.Wm82.a4.v1,0.6457325275563676
Glyma.07G258600.Wm82.a4.v1,0.6457275081815809
Glyma.10G202000.Wm82.a4.v1,0.6457224888067942
Glyma.12G201000.Wm82.a4.v1,0.6457024113076475
Glyma.06G008500.Wm82.a4.v1,0.6456823338085008
Glyma.03G167400.Wm82.a4.v1,0.6455970044371273
Glyma.01G227700.Wm82.a4.v1,0.6455518300640473
Glyma.19G102200.Wm82.a4.v1,0.6455217138153272
Glyma.02G098300.Wm82.a4.v1,0.6454665006926738
Glyma.08G363300.Wm82.a4.v1,0.6454363844439537
Glyma.05G205300.Wm82.a4.v1,0.6454062681952336
Glyma.09G165200.Wm82.a4.v1,0.6453962294456602
Glyma.17G039200.Wm82.a4.v1,0.6453912100708735
Glyma.08G101800.Wm82.a4.v1,0.6453159194490734
Glyma.13G051900.Wm82.a4.v1,0.6453159194490734
Glyma.13G114800.Wm82.a4.v1,0.6453008613247134
Glyma.14G089045.Wm82.a4.v1,0.64529082257514
Glyma.07G226900.Wm82.a4.v1,0.6452556869516333
Glyma.06G015000.Wm82.a4.v1,0.6452305900776999
Glyma.11G230700.Wm82.a4.v1,0.6451904350794065
Glyma.09G192900.Wm82.a4.v1,0.6451854157046198
Glyma.14G006900.Wm82.a4.v1,0.6451502800811131
Glyma.08G095600.Wm82.a4.v1,0.6451302025819664
Glyma.08G015400.Wm82.a4.v1,0.645120163832393
Glyma.12G052000.Wm82.a4.v1,0.6451000863332463
Glyma.19G016300.Wm82.a4.v1,0.6450900475836729
Glyma.07G023500.Wm82.a4.v1,0.6450649507097396
Glyma.07G021800.Wm82.a4.v1,0.6450498925853796
Glyma.15G068300.Wm82.a4.v1,0.6450298150862328
Glyma.04G155000.Wm82.a4.v1,0.6450197763366595
Glyma.17G037000.Wm82.a4.v1,0.6450197763366595
Glyma.09G256800.Wm82.a4.v1,0.6450097375870861
Glyma.18G008100.Wm82.a4.v1,0.6449545244644327
Glyma.04G104400.Wm82.a4.v1,0.6449394663400727
Glyma.03G240100.Wm82.a4.v1,0.6449143694661393
Glyma.08G110600.Wm82.a4.v1,0.6448993113417792
Glyma.05G212800.Wm82.a4.v1,0.6448591563434859
Glyma.02G219700.Wm82.a4.v1,0.6448541369686992
Glyma.04G228000.Wm82.a4.v1,0.6448390788443391
Glyma.19G046800.Wm82.a4.v1,0.6448190013451924
Glyma.10G062900.Wm82.a4.v1,0.6448190013451924
Glyma.20G019300.Wm82.a4.v1,0.6448139819704057
Glyma.03G064400.Wm82.a4.v1,0.6448139819704057
Glyma.10G227800.Wm82.a4.v1,0.6447738269721124
Glyma.01G207500.Wm82.a4.v1,0.644763788222539
Glyma.05G219000.Wm82.a4.v1,0.6447537494729656
Glyma.16G167800.Wm82.a4.v1,0.6447336719738189
Glyma.19G010500.Wm82.a4.v1,0.6447085750998856
Glyma.05G102600.Wm82.a4.v1,0.6446985363503122
Glyma.11G118600.Wm82.a4.v1,0.6446834782259522
Glyma.01G067000.Wm82.a4.v1,0.6446583813520188
Glyma.08G207300.Wm82.a4.v1,0.6446383038528721
Glyma.05G209700.Wm82.a4.v1,0.6446182263537253
Glyma.03G255900.Wm82.a4.v1,0.644593129479792
Glyma.10G104651.Wm82.a4.v1,0.6445630132310719
Glyma.06G102900.Wm82.a4.v1,0.6445479551067119
Glyma.08G101200.Wm82.a4.v1,0.6445479551067119
Glyma.15G050500.Wm82.a4.v1,0.6445278776075652
Glyma.10G222800.Wm82.a4.v1,0.6445027807336318
Glyma.04G194500.Wm82.a4.v1,0.6444827032344851
Glyma.05G131300.Wm82.a4.v1,0.644437528861405
Glyma.14G065500.Wm82.a4.v1,0.644422470737045
Glyma.20G158600.Wm82.a4.v1,0.6444023932378983
Glyma.06G084100.Wm82.a4.v1,0.6443923544883249
Glyma.05G054900.Wm82.a4.v1,0.6443471801152448
Glyma.06G307200.Wm82.a4.v1,0.6443471801152448
Glyma.04G039200.Wm82.a4.v1,0.6443421607404581
Glyma.11G012100.Wm82.a4.v1,0.6443371413656714
Glyma.07G233400.Wm82.a4.v1,0.6443371413656714
Glyma.11G143500.Wm82.a4.v1,0.6443271026160982
Glyma.13G053100.Wm82.a4.v1,0.6443070251169515
Glyma.05G033000.Wm82.a4.v1,0.6443020057421648
Glyma.03G002400.Wm82.a4.v1,0.6442969863673781
Glyma.17G045300.Wm82.a4.v1,0.6442969863673781
Glyma.03G226300.Wm82.a4.v1,0.644281928243018
Glyma.05G184800.Wm82.a4.v1,0.6442568313690846
Glyma.13G351800.Wm82.a4.v1,0.6442317344951513
Glyma.19G241400.Wm82.a4.v1,0.6442016182464312
Glyma.16G066000.Wm82.a4.v1,0.6441965988716446
Glyma.20G245600.Wm82.a4.v1,0.6441865601220712
Glyma.04G175100.Wm82.a4.v1,0.6441464051237777
Glyma.13G261400.Wm82.a4.v1,0.6441413857489912
Glyma.13G259900.Wm82.a4.v1,0.6441213082498444
Glyma.03G190500.Wm82.a4.v1,0.6441162888750577
Glyma.18G195700.Wm82.a4.v1,0.6440711145019776
Glyma.11G101600.Wm82.a4.v1,0.6440711145019776
Glyma.08G064500.Wm82.a4.v1,0.644051037002831
Glyma.06G173800.Wm82.a4.v1,0.6440460176280443
Glyma.08G322100.Wm82.a4.v1,0.6440159013793242
Glyma.07G007600.Wm82.a4.v1,0.6438803782600839
Glyma.10G145600.Wm82.a4.v1,0.6438251651374305
Glyma.11G133900.Wm82.a4.v1,0.6438000682634971
Glyma.19G033200.Wm82.a4.v1,0.6437774810769571
Glyma.16G074700.Wm82.a4.v1,0.643769952014777
Glyma.20G238400.Wm82.a4.v1,0.643754893890417
Glyma.06G276400.Wm82.a4.v1,0.6437448551408437
Glyma.01G080600.Wm82.a4.v1,0.6436896420181902
Glyma.05G241400.Wm82.a4.v1,0.6436344288955368
Glyma.15G218700.Wm82.a4.v1,0.6436294095207501
Glyma.20G180300.Wm82.a4.v1,0.6436294095207501
Glyma.12G059000.Wm82.a4.v1,0.6436193707711767
Glyma.01G150500.Wm82.a4.v1,0.6436093320216034
Glyma.15G164700.Wm82.a4.v1,0.6435290220250166
Glyma.15G001100.Wm82.a4.v1,0.6435139639006565
Glyma.11G094400.Wm82.a4.v1,0.6434788282771498
Glyma.08G288400.Wm82.a4.v1,0.6434436926536431
Glyma.11G067600.Wm82.a4.v1,0.6433784407814163
Glyma.12G183500.Wm82.a4.v1,0.6433332664083362
Glyma.04G216300.Wm82.a4.v1,0.6433131889091894
Glyma.19G103400.Wm82.a4.v1,0.6432931114100428
Glyma.03G031000.Wm82.a4.v1,0.6432931114100428
Glyma.08G070600.Wm82.a4.v1,0.6432830726604694
Glyma.10G232400.Wm82.a4.v1,0.643257975786536
Glyma.17G018000.Wm82.a4.v1,0.6432479370369627
Glyma.09G090300.Wm82.a4.v1,0.643242917662176
Glyma.09G161300.Wm82.a4.v1,0.6432027626638825
Glyma.02G104200.Wm82.a4.v1,0.6431726464151625
Glyma.11G064500.Wm82.a4.v1,0.6431575882908025
Glyma.06G007400.Wm82.a4.v1,0.6431425301664425
Glyma.19G052300.Wm82.a4.v1,0.6430923364185757
Glyma.14G140600.Wm82.a4.v1,0.6430772782942157
Glyma.17G122000.Wm82.a4.v1,0.6430672395446423
Glyma.12G084000.Wm82.a4.v1,0.6430421426707089
Glyma.09G086000.Wm82.a4.v1,0.6430321039211356
Glyma.02G065000.Wm82.a4.v1,0.6430321039211356
Glyma.19G251000.Wm82.a4.v1,0.6430270845463489
Glyma.17G126200.Wm82.a4.v1,0.6430120264219888
Glyma.03G108900.Wm82.a4.v1,0.6429819101732688
Glyma.10G251600.Wm82.a4.v1,0.6429768907984822
Glyma.08G027600.Wm82.a4.v1,0.642916658301042
Glyma.19G111900.Wm82.a4.v1,0.6428790129901419
Glyma.11G051800.Wm82.a4.v1,0.6428765033027486
Glyma.16G148100.Wm82.a4.v1,0.6428463870540285
Glyma.18G095200.Wm82.a4.v1,0.6428413676792418
Glyma.14G209400.Wm82.a4.v1,0.6428263095548818
Glyma.17G154400.Wm82.a4.v1,0.6428012126809485
Glyma.17G232225.Wm82.a4.v1,0.6427961933061618
Glyma.05G053000.Wm82.a4.v1,0.6427961933061618
Glyma.08G349900.Wm82.a4.v1,0.6427811351818018
Glyma.04G221600.Wm82.a4.v1,0.6427710964322284
Glyma.18G255700.Wm82.a4.v1,0.642761057682655
Glyma.15G253800.Wm82.a4.v1,0.6427510189330817
Glyma.20G234500.Wm82.a4.v1,0.6427359608087216
Glyma.03G211400.Wm82.a4.v1,0.6427108639347883
Glyma.03G136100.Wm82.a4.v1,0.6427058445600016
Glyma.12G075400.Wm82.a4.v1,0.6426456120625614
Glyma.10G146800.Wm82.a4.v1,0.6426355733129882
Glyma.20G189500.Wm82.a4.v1,0.6426305539382015
Glyma.17G010400.Wm82.a4.v1,0.6426104764390548
Glyma.02G004800.Wm82.a4.v1,0.6425803601903347
Glyma.12G022100.Wm82.a4.v1,0.6425703214407613
Glyma.06G323500.Wm82.a4.v1,0.6425351858172546
Glyma.10G065800.Wm82.a4.v1,0.6425351858172546
Glyma.11G162365.Wm82.a4.v1,0.6424649145702411
Glyma.02G256700.Wm82.a4.v1,0.6424649145702411
Glyma.01G005300.Wm82.a4.v1,0.6424649145702411
Glyma.10G267900.Wm82.a4.v1,0.6424448370710945
Glyma.17G139200.Wm82.a4.v1,0.6424297789467344
Glyma.03G107700.Wm82.a4.v1,0.6423444495753609
Glyma.12G056800.Wm82.a4.v1,0.6423143333266408
Glyma.11G094200.Wm82.a4.v1,0.6423093139518542
Glyma.04G086400.Wm82.a4.v1,0.6422892364527074
Glyma.19G226700.Wm82.a4.v1,0.6422791977031341
Glyma.19G222000.Wm82.a4.v1,0.6422541008292008
Glyma.07G104200.Wm82.a4.v1,0.6422541008292008
Glyma.10G207600.Wm82.a4.v1,0.6422390427048407
Glyma.10G174000.Wm82.a4.v1,0.642234023330054
Glyma.09G279400.Wm82.a4.v1,0.6421888489569739
Glyma.08G187100.Wm82.a4.v1,0.6421587327082539
Glyma.15G027700.Wm82.a4.v1,0.6421587327082539
Glyma.10G088000.Wm82.a4.v1,0.6421235970847471
Glyma.06G138900.Wm82.a4.v1,0.6420985002108137
Glyma.17G064800.Wm82.a4.v1,0.642093480836027
Glyma.19G248200.Wm82.a4.v1,0.642078422711667
Glyma.07G227200.Wm82.a4.v1,0.6420683839620936
Glyma.05G240900.Wm82.a4.v1,0.642033248338587
Glyma.15G254000.Wm82.a4.v1,0.6420282289638003
Glyma.01G245400.Wm82.a4.v1,0.6420232095890136
Glyma.14G215400.Wm82.a4.v1,0.6419981127150802
Glyma.10G156300.Wm82.a4.v1,0.6419880739655068
Glyma.06G271800.Wm82.a4.v1,0.6419027445941333
Glyma.09G075400.Wm82.a4.v1,0.6418726283454133
Glyma.01G206200.Wm82.a4.v1,0.6418525508462666
Glyma.07G182700.Wm82.a4.v1,0.6418475314714799
Glyma.16G006800.Wm82.a4.v1,0.6417973377236131
Glyma.19G185300.Wm82.a4.v1,0.6417822795992532
Glyma.10G218400.Wm82.a4.v1,0.6417622021001064
Glyma.08G260200.Wm82.a4.v1,0.6417471439757464
Glyma.10G145100.Wm82.a4.v1,0.6417120083522396
Glyma.04G090900.Wm82.a4.v1,0.6416818921035196
Glyma.07G251400.Wm82.a4.v1,0.6416618146043729
Glyma.06G090300.Wm82.a4.v1,0.6416367177304395
Glyma.16G114700.Wm82.a4.v1,0.6416367177304395
Glyma.04G056200.Wm82.a4.v1,0.6415815046077861
Glyma.06G109600.Wm82.a4.v1,0.6415815046077861
Glyma.20G057100.Wm82.a4.v1,0.6415714658582127
Glyma.17G027700.Wm82.a4.v1,0.6415162527355592
Glyma.08G090500.Wm82.a4.v1,0.6415011946111993
Glyma.08G015900.Wm82.a4.v1,0.6414660589876925
Glyma.08G112400.Wm82.a4.v1,0.6414510008633325
Glyma.15G069100.Wm82.a4.v1,0.6414459814885458
Glyma.11G039000.Wm82.a4.v1,0.641425903989399
Glyma.09G150200.Wm82.a4.v1,0.641365671491959
Glyma.19G181900.Wm82.a4.v1,0.6413305358684522
Glyma.17G076800.Wm82.a4.v1,0.6413004196197322
Glyma.18G080000.Wm82.a4.v1,0.6412954002449455
Glyma.06G014400.Wm82.a4.v1,0.6412954002449455
Glyma.09G151400.Wm82.a4.v1,0.6412803421205855
Glyma.14G032500.Wm82.a4.v1,0.6412703033710121
Glyma.08G200800.Wm82.a4.v1,0.6412502258718654
Glyma.02G038800.Wm82.a4.v1,0.6412351677475053
Glyma.17G023300.Wm82.a4.v1,0.641225128997932
Glyma.17G203900.Wm82.a4.v1,0.6412150902483587
Glyma.06G122800.Wm82.a4.v1,0.641210070873572
Glyma.13G297700.Wm82.a4.v1,0.6411899933744253
Glyma.05G079400.Wm82.a4.v1,0.6411849739996386
Glyma.13G213100.Wm82.a4.v1,0.6411598771257052
Glyma.06G097900.Wm82.a4.v1,0.6411197221274119
Glyma.10G156900.Wm82.a4.v1,0.6411096833778385
Glyma.18G170800.Wm82.a4.v1,0.641069528379545
Glyma.06G209400.Wm82.a4.v1,0.6410594896299717
Glyma.10G289900.Wm82.a4.v1,0.6410444315056116
Glyma.01G218600.Wm82.a4.v1,0.6410042765073183
Glyma.10G193000.Wm82.a4.v1,0.6410042765073183
Glyma.20G243300.Wm82.a4.v1,0.6409841990081715
Glyma.20G019900.Wm82.a4.v1,0.6409741602585982
Glyma.13G172500.Wm82.a4.v1,0.6409691408838115
Glyma.07G092300.Wm82.a4.v1,0.6409591021342381
Glyma.08G027200.Wm82.a4.v1,0.6408938502620114
Glyma.20G132100.Wm82.a4.v1,0.6408787921376513
Glyma.11G219500.Wm82.a4.v1,0.6408787921376513
Glyma.03G119400.Wm82.a4.v1,0.6408486758889312
Glyma.13G040300.Wm82.a4.v1,0.6408035015158512
Glyma.09G020500.Wm82.a4.v1,0.6407934627662778
Glyma.09G032800.Wm82.a4.v1,0.6407884433914911
Glyma.02G149600.Wm82.a4.v1,0.6407282108940511
Glyma.17G142600.Wm82.a4.v1,0.6407282108940511
Glyma.19G056300.Wm82.a4.v1,0.6407181721444777
Glyma.06G176800.Wm82.a4.v1,0.6407181721444777
Glyma.19G029500.Wm82.a4.v1,0.6407031140201177
Glyma.19G174300.Wm82.a4.v1,0.640698094645331
Glyma.15G177500.Wm82.a4.v1,0.640698094645331
Glyma.20G151300.Wm82.a4.v1,0.6406930752705443
Glyma.20G204500.Wm82.a4.v1,0.6406880558957576
Glyma.04G045100.Wm82.a4.v1,0.6406177846487442
Glyma.09G184700.Wm82.a4.v1,0.6405977071495974
Glyma.17G070900.Wm82.a4.v1,0.6405525327765174
Glyma.08G187000.Wm82.a4.v1,0.640527435902584
Glyma.16G115600.Wm82.a4.v1,0.6404973196538639
Glyma.18G215000.Wm82.a4.v1,0.6404320677816371
Glyma.20G062400.Wm82.a4.v1,0.6404119902824904
Glyma.15G225300.Wm82.a4.v1,0.6404069709077037
Glyma.19G145900.Wm82.a4.v1,0.6403366996606903
Glyma.13G144900.Wm82.a4.v1,0.6403065834119702
Glyma.02G211300.Wm82.a4.v1,0.6403015640371835
Glyma.05G063100.Wm82.a4.v1,0.6402865059128235
Glyma.01G196300.Wm82.a4.v1,0.6402764671632502
Glyma.08G092900.Wm82.a4.v1,0.6402764671632502
Glyma.15G240700.Wm82.a4.v1,0.6402463509145301
Glyma.20G143500.Wm82.a4.v1,0.6402061959162366
Glyma.05G002800.Wm82.a4.v1,0.6401810990423032
Glyma.19G064500.Wm82.a4.v1,0.6401810990423032
Glyma.02G146100.Wm82.a4.v1,0.6401560021683699
Glyma.10G219900.Wm82.a4.v1,0.6401359246692232
Glyma.18G240300.Wm82.a4.v1,0.6401309052944365
Glyma.10G047500.Wm82.a4.v1,0.6401258859196498
Glyma.08G133400.Wm82.a4.v1,0.6401007890457164
Glyma.16G061500.Wm82.a4.v1,0.6400957696709297
Glyma.11G104900.Wm82.a4.v1,0.6400756921717831
Glyma.17G112700.Wm82.a4.v1,0.6400706727969964
Glyma.17G069100.Wm82.a4.v1,0.6400706727969964
Glyma.19G223700.Wm82.a4.v1,0.6400556146726364
Glyma.05G216800.Wm82.a4.v1,0.6400254984239163
Glyma.08G202700.Wm82.a4.v1,0.640000401549983
Glyma.10G264400.Wm82.a4.v1,0.6399451884273295
Glyma.20G116300.Wm82.a4.v1,0.6399451884273295
Glyma.01G184500.Wm82.a4.v1,0.6399351496777561
Glyma.18G047900.Wm82.a4.v1,0.6398849559298894
Glyma.16G008300.Wm82.a4.v1,0.639844800931596
Glyma.17G074000.Wm82.a4.v1,0.6398397815568093
Glyma.20G151900.Wm82.a4.v1,0.6398197040576625
Glyma.02G183100.Wm82.a4.v1,0.6397996265585159
Glyma.13G216500.Wm82.a4.v1,0.6397494328106491
Glyma.01G072000.Wm82.a4.v1,0.6397444134358624
Glyma.09G077500.Wm82.a4.v1,0.6397293553115024
Glyma.20G007400.Wm82.a4.v1,0.639719316561929
Glyma.11G057500.Wm82.a4.v1,0.639689200313209
Glyma.03G258000.Wm82.a4.v1,0.639689200313209
Glyma.17G128300.Wm82.a4.v1,0.6396691228140623
Glyma.01G227200.Wm82.a4.v1,0.6396641034392756
Glyma.08G334900.Wm82.a4.v1,0.6396540646897022
Glyma.11G015900.Wm82.a4.v1,0.6396239484409821
Glyma.18G043100.Wm82.a4.v1,0.6396038709418355
Glyma.15G195000.Wm82.a4.v1,0.6395988515670488
Glyma.08G005100.Wm82.a4.v1,0.6395938321922622
Glyma.06G111100.Wm82.a4.v1,0.6395787740679021
Glyma.12G128800.Wm82.a4.v1,0.6395787740679021
Glyma.09G203300.Wm82.a4.v1,0.6395787740679021
Glyma.04G176800.Wm82.a4.v1,0.6395737546931154
Glyma.12G012000.Wm82.a4.v1,0.6395737546931154
Glyma.03G134700.Wm82.a4.v1,0.6395737546931154
Glyma.09G040100.Wm82.a4.v1,0.6395737546931154
Glyma.02G082100.Wm82.a4.v1,0.6395085028208887
Glyma.06G134300.Wm82.a4.v1,0.6395085028208887
Glyma.17G045400.Wm82.a4.v1,0.6394432509486618
Glyma.02G283000.Wm82.a4.v1,0.6394382315738751
Glyma.07G241500.Wm82.a4.v1,0.639377999076435
Glyma.06G175700.Wm82.a4.v1,0.6393227859537816
Glyma.13G198500.Wm82.a4.v1,0.6393077278294216
Glyma.03G154800.Wm82.a4.v1,0.6392625534563415
Glyma.14G129700.Wm82.a4.v1,0.6392525147067681
Glyma.04G063200.Wm82.a4.v1,0.6392474953319814
Glyma.06G033300.Wm82.a4.v1,0.6392424759571947
Glyma.17G130200.Wm82.a4.v1,0.6392324372076215
Glyma.11G016200.Wm82.a4.v1,0.6392073403336881
Glyma.17G088900.Wm82.a4.v1,0.639192282209328
Glyma.03G256100.Wm82.a4.v1,0.6391320497118879
Glyma.11G194700.Wm82.a4.v1,0.6391220109623146
Glyma.07G272400.Wm82.a4.v1,0.6391169915875279
Glyma.19G091000.Wm82.a4.v1,0.6391019334631678
Glyma.20G051500.Wm82.a4.v1,0.6391019334631678
Glyma.13G068600.Wm82.a4.v1,0.6390918947135945
Glyma.04G220400.Wm82.a4.v1,0.6390617784648744
Glyma.07G225100.Wm82.a4.v1,0.6390417009657277
Glyma.04G256100.Wm82.a4.v1,0.6390316622161544
Glyma.10G043600.Wm82.a4.v1,0.639021623466581
Glyma.16G001700.Wm82.a4.v1,0.6389965265926476
Glyma.20G117100.Wm82.a4.v1,0.6389814684682876
Glyma.12G047000.Wm82.a4.v1,0.6389764490935009
Glyma.05G156900.Wm82.a4.v1,0.6389664103439275
Glyma.01G033800.Wm82.a4.v1,0.6389513522195676
Glyma.07G180000.Wm82.a4.v1,0.6389362940952075
Glyma.02G171900.Wm82.a4.v1,0.6388760615977673
Glyma.19G158800.Wm82.a4.v1,0.6388308872246873
Glyma.14G131100.Wm82.a4.v1,0.6388208484751139
Glyma.09G043100.Wm82.a4.v1,0.6387957516011805
Glyma.13G092700.Wm82.a4.v1,0.6387254803541671
Glyma.18G279800.Wm82.a4.v1,0.6387254803541671
Glyma.15G144500.Wm82.a4.v1,0.6387204609793804
Glyma.17G082500.Wm82.a4.v1,0.638710422229807
Glyma.16G200500.Wm82.a4.v1,0.638650189732367
Glyma.05G055000.Wm82.a4.v1,0.6386451703575803
Glyma.06G249500.Wm82.a4.v1,0.6386451703575803
Glyma.14G183100.Wm82.a4.v1,0.6386050153592868
Glyma.12G113500.Wm82.a4.v1,0.6385849378601401
Glyma.08G152700.Wm82.a4.v1,0.6385146666131266
Glyma.11G255000.Wm82.a4.v1,0.6385046278635533
Glyma.13G370000.Wm82.a4.v1,0.6384644728652599
Glyma.02G238300.Wm82.a4.v1,0.6384494147408999
Glyma.11G190200.Wm82.a4.v1,0.6384393759913265
Glyma.02G280400.Wm82.a4.v1,0.6384293372417532
Glyma.05G238900.Wm82.a4.v1,0.6384142791173931
Glyma.16G151100.Wm82.a4.v1,0.6383741241190998
Glyma.13G297500.Wm82.a4.v1,0.6383691047443131
Glyma.08G208100.Wm82.a4.v1,0.6383339691208063
Glyma.16G110100.Wm82.a4.v1,0.6382938141225128
Glyma.08G129800.Wm82.a4.v1,0.6382787559981529
Glyma.04G039400.Wm82.a4.v1,0.6382687172485795
Glyma.03G260000.Wm82.a4.v1,0.6382687172485795
Glyma.04G176500.Wm82.a4.v1,0.6382687172485795
Glyma.19G112900.Wm82.a4.v1,0.6382335816250728
Glyma.05G085500.Wm82.a4.v1,0.6382185235007127
Glyma.06G111500.Wm82.a4.v1,0.6382034653763528
Glyma.18G255300.Wm82.a4.v1,0.6381884072519927
Glyma.03G220900.Wm82.a4.v1,0.6381281747545525
Glyma.06G023300.Wm82.a4.v1,0.6381030778806192
Glyma.03G130000.Wm82.a4.v1,0.6380679422571125
Glyma.13G268500.Wm82.a4.v1,0.6380378260083924
Glyma.13G002200.Wm82.a4.v1,0.6379524966370189
Glyma.12G170900.Wm82.a4.v1,0.6379474772622322
Glyma.12G059800.Wm82.a4.v1,0.6379273997630855
Glyma.15G113900.Wm82.a4.v1,0.6378972835143655
Glyma.09G045800.Wm82.a4.v1,0.6378972835143655
Glyma.10G224000.Wm82.a4.v1,0.6378922641395788
Glyma.10G163700.Wm82.a4.v1,0.6378621478908587
Glyma.17G032700.Wm82.a4.v1,0.6378069347682053
Glyma.20G239100.Wm82.a4.v1,0.6377416828959784
Glyma.13G311700.Wm82.a4.v1,0.6377416828959784
Glyma.13G269700.Wm82.a4.v1,0.6377366635211918
Glyma.07G270600.Wm82.a4.v1,0.6377366635211918
Glyma.02G105900.Wm82.a4.v1,0.6377165860220451
Glyma.11G077400.Wm82.a4.v1,0.6376764310237517
Glyma.05G115000.Wm82.a4.v1,0.6376663922741783
Glyma.06G144500.Wm82.a4.v1,0.6376212179010983
Glyma.02G141400.Wm82.a4.v1,0.6376061597767382
Glyma.18G286400.Wm82.a4.v1,0.6376011404019515
Glyma.03G042600.Wm82.a4.v1,0.6375961210271649
Glyma.12G224800.Wm82.a4.v1,0.6375961210271649
Glyma.11G071000.Wm82.a4.v1,0.6375810629028048
Glyma.12G062300.Wm82.a4.v1,0.6375609854036581
Glyma.14G161400.Wm82.a4.v1,0.6375509466540847
Glyma.14G216700.Wm82.a4.v1,0.637545927279298
Glyma.04G199200.Wm82.a4.v1,0.6375409079045115
Glyma.18G007600.Wm82.a4.v1,0.6375358885297248
Glyma.05G130700.Wm82.a4.v1,0.6375057722810047
Glyma.12G109700.Wm82.a4.v1,0.637485694781858
Glyma.16G059500.Wm82.a4.v1,0.6374756560322846
Glyma.11G145400.Wm82.a4.v1,0.6374104041600578
Glyma.11G138000.Wm82.a4.v1,0.6373903266609111
Glyma.16G080700.Wm82.a4.v1,0.6373752685365511
Glyma.09G273700.Wm82.a4.v1,0.6373250747886843
Glyma.12G147900.Wm82.a4.v1,0.6373200554138977
Glyma.18G071500.Wm82.a4.v1,0.6371995904190174
Glyma.08G084000.Wm82.a4.v1,0.637189551669444
Glyma.10G080000.Wm82.a4.v1,0.637174493545084
Glyma.12G162800.Wm82.a4.v1,0.6371544160459374
Glyma.12G174400.Wm82.a4.v1,0.6371242997972173
Glyma.17G237100.Wm82.a4.v1,0.6371142610476439
Glyma.03G245800.Wm82.a4.v1,0.6371142610476439
Glyma.14G030400.Wm82.a4.v1,0.6371042222980705
Glyma.19G001300.Wm82.a4.v1,0.6370741060493504
Glyma.09G245500.Wm82.a4.v1,0.6370590479249905
Glyma.13G071600.Wm82.a4.v1,0.6370239123014837
Glyma.08G051300.Wm82.a4.v1,0.637018892926697
Glyma.18G263500.Wm82.a4.v1,0.6370138735519104
Glyma.14G024300.Wm82.a4.v1,0.6370138735519104
Glyma.07G033100.Wm82.a4.v1,0.636988776677977
Glyma.09G203500.Wm82.a4.v1,0.6369536410544703
Glyma.11G166100.Wm82.a4.v1,0.6369335635553236
Glyma.17G026800.Wm82.a4.v1,0.6369335635553236
Glyma.18G023300.Wm82.a4.v1,0.6368783504326702
Glyma.04G179100.Wm82.a4.v1,0.6368733310578835
Glyma.17G131100.Wm82.a4.v1,0.6368582729335234
Glyma.15G079600.Wm82.a4.v1,0.6368080791856566
Glyma.18G072600.Wm82.a4.v1,0.6367779629369366
Glyma.08G095200.Wm82.a4.v1,0.6367729435621499
Glyma.20G010100.Wm82.a4.v1,0.6367679241873633
Glyma.07G149400.Wm82.a4.v1,0.6367578854377899
Glyma.05G023000.Wm82.a4.v1,0.6367378079386432
Glyma.13G182900.Wm82.a4.v1,0.6367227498142831
Glyma.06G069500.Wm82.a4.v1,0.6367076916899231
Glyma.04G120000.Wm82.a4.v1,0.6366725560664164
Glyma.18G009000.Wm82.a4.v1,0.6366123235689762
Glyma.01G102600.Wm82.a4.v1,0.6366123235689762
Glyma.02G296300.Wm82.a4.v1,0.6366073041941895
Glyma.13G289900.Wm82.a4.v1,0.6365671491958962
Glyma.07G051300.Wm82.a4.v1,0.6365671491958962
Glyma.08G040700.Wm82.a4.v1,0.6365571104463228
Glyma.05G209100.Wm82.a4.v1,0.6365119360732427
Glyma.05G062000.Wm82.a4.v1,0.6365018973236694
Glyma.07G207500.Wm82.a4.v1,0.6365018973236694
Glyma.13G169100.Wm82.a4.v1,0.6364968779488827
Glyma.20G166200.Wm82.a4.v1,0.636491858574096
Glyma.12G094500.Wm82.a4.v1,0.6364717810749493
Glyma.19G115800.Wm82.a4.v1,0.6364466842010159
Glyma.02G080600.Wm82.a4.v1,0.636321199831349
Glyma.19G196500.Wm82.a4.v1,0.636321199831349
Glyma.14G129600.Wm82.a4.v1,0.636306141706989
Glyma.02G093500.Wm82.a4.v1,0.6363011223322023
Glyma.05G211000.Wm82.a4.v1,0.6362710060834822
Glyma.07G074700.Wm82.a4.v1,0.6362609673339089
Glyma.15G015700.Wm82.a4.v1,0.6362459092095488
Glyma.08G196300.Wm82.a4.v1,0.6362157929608288
Glyma.13G261900.Wm82.a4.v1,0.6361906960868954
Glyma.02G190600.Wm82.a4.v1,0.636165599212962
Glyma.09G157300.Wm82.a4.v1,0.636165599212962
Glyma.11G049800.Wm82.a4.v1,0.6361605798381753
Glyma.12G077333.Wm82.a4.v1,0.6361304635894554
Glyma.13G245700.Wm82.a4.v1,0.636120424839882
Glyma.10G222200.Wm82.a4.v1,0.6360953279659486
Glyma.19G105400.Wm82.a4.v1,0.6360702310920152
Glyma.07G241200.Wm82.a4.v1,0.6360401148432951
Glyma.14G026400.Wm82.a4.v1,0.6359296885979883
Glyma.20G207000.Wm82.a4.v1,0.6359196498484149
Glyma.08G231100.Wm82.a4.v1,0.6358744754753348
Glyma.11G023300.Wm82.a4.v1,0.6358594173509747
Glyma.04G255700.Wm82.a4.v1,0.6358493786014014
Glyma.20G161000.Wm82.a4.v1,0.6358142429778947
Glyma.04G222600.Wm82.a4.v1,0.635809223603108
Glyma.17G157000.Wm82.a4.v1,0.6358042042283213
Glyma.01G164000.Wm82.a4.v1,0.6357640492300279
Glyma.17G091200.Wm82.a4.v1,0.6357439717308812
Glyma.10G047100.Wm82.a4.v1,0.6357339329813079
Glyma.19G121300.Wm82.a4.v1,0.6357289136065212
Glyma.04G029100.Wm82.a4.v1,0.6357238942317345
Glyma.14G050200.Wm82.a4.v1,0.6357238942317345
Glyma.20G006700.Wm82.a4.v1,0.6357188748569478
Glyma.17G228000.Wm82.a4.v1,0.6356862489208345
Glyma.11G106100.Wm82.a4.v1,0.6356084486116409
Glyma.07G093100.Wm82.a4.v1,0.6356034292368543
Glyma.19G026300.Wm82.a4.v1,0.6355733129881342
Glyma.11G175746.Wm82.a4.v1,0.6355482161142009
Glyma.14G119200.Wm82.a4.v1,0.6355080611159074
Glyma.04G093300.Wm82.a4.v1,0.6354879836167607
Glyma.18G183600.Wm82.a4.v1,0.6354879836167607
Glyma.09G247600.Wm82.a4.v1,0.635467906117614
Glyma.10G255400.Wm82.a4.v1,0.6353926154958138
Glyma.14G196400.Wm82.a4.v1,0.6353926154958138
Glyma.10G044300.Wm82.a4.v1,0.635282189250507
Glyma.10G275800.Wm82.a4.v1,0.6352721505009336
Glyma.19G137300.Wm82.a4.v1,0.6352520730017869
Glyma.10G195900.Wm82.a4.v1,0.6352520730017869
Glyma.19G120900.Wm82.a4.v1,0.6352219567530668
Glyma.03G101000.Wm82.a4.v1,0.6351818017547735
Glyma.08G021400.Wm82.a4.v1,0.6351717630052001
Glyma.03G081700.Wm82.a4.v1,0.6351617242556267
Glyma.07G205900.Wm82.a4.v1,0.6351516855060534
Glyma.03G247600.Wm82.a4.v1,0.6351215692573333
Glyma.18G001100.Wm82.a4.v1,0.6351165498825466
Glyma.12G051100.Wm82.a4.v1,0.6351115305077599
Glyma.11G004100.Wm82.a4.v1,0.6350462786355332
Glyma.10G023300.Wm82.a4.v1,0.6349408717650129
Glyma.10G019600.Wm82.a4.v1,0.6347953098961994
Glyma.08G064900.Wm82.a4.v1,0.6347902905214127
Glyma.17G235600.Wm82.a4.v1,0.6347451161483325
Glyma.06G149200.Wm82.a4.v1,0.6347149998996126
Glyma.05G183400.Wm82.a4.v1,0.6347149998996126
Glyma.20G244500.Wm82.a4.v1,0.6346899030256791
Glyma.17G194300.Wm82.a4.v1,0.6346648061517457
Glyma.10G028600.Wm82.a4.v1,0.6346597867769591
Glyma.06G030500.Wm82.a4.v1,0.6346196317786656
Glyma.11G062200.Wm82.a4.v1,0.6345844961551589
Glyma.11G188800.Wm82.a4.v1,0.6345694380307989
Glyma.01G135900.Wm82.a4.v1,0.6344891280342121
Glyma.12G084100.Wm82.a4.v1,0.6344790892846387
Glyma.10G073700.Wm82.a4.v1,0.6344389342863453
Glyma.19G233700.Wm82.a4.v1,0.6344138374124119
Glyma.13G121100.Wm82.a4.v1,0.6343837211636919
Glyma.06G145500.Wm82.a4.v1,0.6343787017889052
Glyma.10G211400.Wm82.a4.v1,0.6343736824141185
Glyma.05G209600.Wm82.a4.v1,0.6343586242897584
Glyma.06G161300.Wm82.a4.v1,0.634288353042745
Glyma.06G140200.Wm82.a4.v1,0.6342582367940249
Glyma.08G176100.Wm82.a4.v1,0.634243178669665
Glyma.04G039800.Wm82.a4.v1,0.6342231011705182
Glyma.18G048900.Wm82.a4.v1,0.6341779267974381
Glyma.16G171900.Wm82.a4.v1,0.6341578492982914
Glyma.15G090400.Wm82.a4.v1,0.634147810548718
Glyma.03G221200.Wm82.a4.v1,0.6341427911739314
Glyma.03G114000.Wm82.a4.v1,0.6341227136747847
Glyma.17G084900.Wm82.a4.v1,0.6341076555504246
Glyma.13G046100.Wm82.a4.v1,0.6340925974260646
Glyma.11G142400.Wm82.a4.v1,0.6340524424277711
Glyma.19G261300.Wm82.a4.v1,0.6340524424277711
Glyma.09G136900.Wm82.a4.v1,0.6340424036781979
Glyma.04G225500.Wm82.a4.v1,0.6340173068042645
Glyma.20G238100.Wm82.a4.v1,0.6340022486799044
Glyma.12G236800.Wm82.a4.v1,0.6339972293051177
Glyma.15G177100.Wm82.a4.v1,0.6339821711807577
Glyma.11G086400.Wm82.a4.v1,0.633962093681611
Glyma.09G155900.Wm82.a4.v1,0.6339570743068244
Glyma.10G075900.Wm82.a4.v1,0.633947035557251
Glyma.17G257600.Wm82.a4.v1,0.633931977432891
Glyma.12G217900.Wm82.a4.v1,0.6338817836850242
Glyma.16G087600.Wm82.a4.v1,0.6338617061858774
Glyma.20G047800.Wm82.a4.v1,0.6338215511875841
Glyma.11G178255.Wm82.a4.v1,0.6338165318127974
Glyma.09G177200.Wm82.a4.v1,0.6338165318127974
Glyma.07G139200.Wm82.a4.v1,0.6337964543136507
Glyma.09G057400.Wm82.a4.v1,0.633791434938864
Glyma.13G046900.Wm82.a4.v1,0.6337010861927038
Glyma.08G187800.Wm82.a4.v1,0.6336810086935571
Glyma.12G191800.Wm82.a4.v1,0.6336810086935571
Glyma.14G156600.Wm82.a4.v1,0.6336810086935571
Glyma.17G231600.Wm82.a4.v1,0.6336257955709037
Glyma.18G071100.Wm82.a4.v1,0.6336157568213303
Glyma.01G052700.Wm82.a4.v1,0.6335655630734636
Glyma.06G064800.Wm82.a4.v1,0.6335454855743169
Glyma.14G147200.Wm82.a4.v1,0.6335203887003835
Glyma.16G099800.Wm82.a4.v1,0.6335203887003835
Glyma.08G077500.Wm82.a4.v1,0.6334952918264501
Glyma.05G176600.Wm82.a4.v1,0.6334802337020901
Glyma.13G268600.Wm82.a4.v1,0.6334601562029434
Glyma.18G230300.Wm82.a4.v1,0.6334551368281567
Glyma.07G066800.Wm82.a4.v1,0.6334400787037967
Glyma.13G073400.Wm82.a4.v1,0.6334300399542233
Glyma.01G105500.Wm82.a4.v1,0.6333949043307165
Glyma.10G073600.Wm82.a4.v1,0.6333848655811433
Glyma.06G145800.Wm82.a4.v1,0.6333296524584898
Glyma.08G320700.Wm82.a4.v1,0.6332945168349831
Glyma.15G152600.Wm82.a4.v1,0.6332844780854097
Glyma.19G240600.Wm82.a4.v1,0.633279458710623
Glyma.16G011200.Wm82.a4.v1,0.6332393037123296
Glyma.18G120051.Wm82.a4.v1,0.6332292649627562
Glyma.13G054300.Wm82.a4.v1,0.6331740518401028
Glyma.10G146900.Wm82.a4.v1,0.6331489549661694
Glyma.13G043700.Wm82.a4.v1,0.6331338968418094
Glyma.17G076700.Wm82.a4.v1,0.633093741843516
Glyma.18G086000.Wm82.a4.v1,0.6330485674704359
Glyma.05G169400.Wm82.a4.v1,0.6330435480956492
Glyma.08G049400.Wm82.a4.v1,0.6330385287208625
Glyma.12G229900.Wm82.a4.v1,0.6330360190334692
Glyma.17G051800.Wm82.a4.v1,0.6330033930973558
Glyma.19G263600.Wm82.a4.v1,0.6329883349729958
Glyma.09G246500.Wm82.a4.v1,0.6329682574738491
Glyma.11G007500.Wm82.a4.v1,0.6329632380990624
Glyma.01G166600.Wm82.a4.v1,0.6329431605999156
Glyma.01G017000.Wm82.a4.v1,0.632923083100769
Glyma.10G038700.Wm82.a4.v1,0.6329180637259822
Glyma.10G073300.Wm82.a4.v1,0.6328879474772622
Glyma.12G046700.Wm82.a4.v1,0.6328427731041821
Glyma.17G140500.Wm82.a4.v1,0.6328076374806754
Glyma.11G011800.Wm82.a4.v1,0.6327875599815287
Glyma.06G318100.Wm82.a4.v1,0.6327725018571687
Glyma.20G113200.Wm82.a4.v1,0.632767482482382
Glyma.10G003400.Wm82.a4.v1,0.6327524243580219
Glyma.18G148500.Wm82.a4.v1,0.6327072499849419
Glyma.03G110700.Wm82.a4.v1,0.6326721143614351
Glyma.09G065600.Wm82.a4.v1,0.6326670949866484
Glyma.11G175955.Wm82.a4.v1,0.6326520368622884
Glyma.06G323900.Wm82.a4.v1,0.632641998112715
Glyma.03G203900.Wm82.a4.v1,0.6325867849900616
Glyma.09G267700.Wm82.a4.v1,0.6325867849900616
Glyma.04G059100.Wm82.a4.v1,0.6325767462404883
Glyma.08G010100.Wm82.a4.v1,0.6325416106169816
Glyma.15G112100.Wm82.a4.v1,0.6325215331178349
Glyma.02G135400.Wm82.a4.v1,0.6325165137430482
Glyma.11G062300.Wm82.a4.v1,0.6325165137430482
Glyma.14G017400.Wm82.a4.v1,0.6325014556186881
Glyma.11G181500.Wm82.a4.v1,0.6324813781195414
Glyma.17G144700.Wm82.a4.v1,0.6324763587447547
Glyma.07G199600.Wm82.a4.v1,0.632471339369968
Glyma.03G228300.Wm82.a4.v1,0.6324663199951814
Glyma.12G198600.Wm82.a4.v1,0.6324462424960346
Glyma.02G297900.Wm82.a4.v1,0.6324010681229546
Glyma.03G225300.Wm82.a4.v1,0.6323960487481679
Glyma.12G174000.Wm82.a4.v1,0.6323759712490212
Glyma.02G059900.Wm82.a4.v1,0.6323709518742345
Glyma.13G186600.Wm82.a4.v1,0.6323659324994478
Glyma.13G281900.Wm82.a4.v1,0.6323107193767944
Glyma.15G012300.Wm82.a4.v1,0.6323057000020077
Glyma.09G105300.Wm82.a4.v1,0.6323006806272211
Glyma.15G046100.Wm82.a4.v1,0.632285622502861
Glyma.14G038500.Wm82.a4.v1,0.6322605256289276
Glyma.15G083500.Wm82.a4.v1,0.6322354287549943
Glyma.09G228900.Wm82.a4.v1,0.6322253900054209
Glyma.06G098500.Wm82.a4.v1,0.6322002931314875
Glyma.17G094000.Wm82.a4.v1,0.6321751962575541
Glyma.10G087300.Wm82.a4.v1,0.6321601381331942
Glyma.15G213700.Wm82.a4.v1,0.6320948862609673
Glyma.19G017300.Wm82.a4.v1,0.6320798281366073
Glyma.08G196100.Wm82.a4.v1,0.6320246150139539
Glyma.13G127600.Wm82.a4.v1,0.6320246150139539
Glyma.15G263500.Wm82.a4.v1,0.6320045375148071
Glyma.13G132200.Wm82.a4.v1,0.6319694018913005
Glyma.06G166100.Wm82.a4.v1,0.6319694018913005
Glyma.19G258700.Wm82.a4.v1,0.6319643825165138
Glyma.18G284300.Wm82.a4.v1,0.6319643825165138
Glyma.06G305700.Wm82.a4.v1,0.6319242275182203
Glyma.01G190700.Wm82.a4.v1,0.6318941112695002
Glyma.09G135200.Wm82.a4.v1,0.6318890918947135
Glyma.10G014200.Wm82.a4.v1,0.6318690143955669
Glyma.04G222900.Wm82.a4.v1,0.6318539562712069
Glyma.04G145400.Wm82.a4.v1,0.6317761559620134
Glyma.05G139000.Wm82.a4.v1,0.6317686268998334
Glyma.19G162400.Wm82.a4.v1,0.6317435300259
Glyma.15G215900.Wm82.a4.v1,0.6317385106511133
Glyma.04G072600.Wm82.a4.v1,0.6316732587788865
Glyma.13G172000.Wm82.a4.v1,0.6316632200293132
Glyma.01G028900.Wm82.a4.v1,0.631618045656233
Glyma.13G234000.Wm82.a4.v1,0.6315778906579397
Glyma.18G034300.Wm82.a4.v1,0.6315578131587929
Glyma.09G214000.Wm82.a4.v1,0.631550284096613
Glyma.08G130200.Wm82.a4.v1,0.6315477744092196
Glyma.17G012100.Wm82.a4.v1,0.6315126387857128
Glyma.14G216800.Wm82.a4.v1,0.6314875419117795
Glyma.18G134900.Wm82.a4.v1,0.631447386913486
Glyma.13G336900.Wm82.a4.v1,0.6314423675386994
Glyma.06G001900.Wm82.a4.v1,0.6314373481639127
Glyma.08G293600.Wm82.a4.v1,0.6314348384765194
Glyma.18G197600.Wm82.a4.v1,0.6314273094143393
Glyma.11G076700.Wm82.a4.v1,0.6314122512899794
Glyma.14G217300.Wm82.a4.v1,0.6313971931656193
Glyma.10G242500.Wm82.a4.v1,0.6312717087959524
Glyma.16G217100.Wm82.a4.v1,0.6312666894211657
Glyma.19G041375.Wm82.a4.v1,0.6312666894211657
Glyma.09G225400.Wm82.a4.v1,0.6312516312968056
Glyma.13G102000.Wm82.a4.v1,0.6312516312968056
Glyma.02G297000.Wm82.a4.v1,0.631246611922019
Glyma.12G088200.Wm82.a4.v1,0.631216495673299
Glyma.13G199800.Wm82.a4.v1,0.6312114762985123
Glyma.03G004100.Wm82.a4.v1,0.6312064569237256
Glyma.18G016800.Wm82.a4.v1,0.6311763406750055
Glyma.14G053200.Wm82.a4.v1,0.6311537534884655
Glyma.12G002500.Wm82.a4.v1,0.6311361856767121
Glyma.13G287400.Wm82.a4.v1,0.6311060694279921
Glyma.01G200900.Wm82.a4.v1,0.6311010500532054
Glyma.20G155700.Wm82.a4.v1,0.6310809725540587
Glyma.17G223600.Wm82.a4.v1,0.6310809725540587
Glyma.03G164400.Wm82.a4.v1,0.6310257594314053
Glyma.13G273800.Wm82.a4.v1,0.6310056819322585
Glyma.07G254502.Wm82.a4.v1,0.6309554881843917
Glyma.02G291600.Wm82.a4.v1,0.6309303913104584
Glyma.12G098800.Wm82.a4.v1,0.630920352560885
Glyma.20G000500.Wm82.a4.v1,0.6309002750617383
Glyma.20G126400.Wm82.a4.v1,0.6308701588130182
Glyma.07G002200.Wm82.a4.v1,0.6308350231895116
Glyma.07G102900.Wm82.a4.v1,0.6307948681912181
Glyma.18G166400.Wm82.a4.v1,0.6307898488164314
Glyma.03G133400.Wm82.a4.v1,0.6307747906920714
Glyma.07G118300.Wm82.a4.v1,0.6307597325677113
Glyma.02G312300.Wm82.a4.v1,0.6307496938181381
Glyma.13G215800.Wm82.a4.v1,0.6307396550685647
Glyma.09G276200.Wm82.a4.v1,0.6307296163189913
Glyma.05G161600.Wm82.a4.v1,0.6307296163189913
Glyma.08G232700.Wm82.a4.v1,0.6307045194450579
Glyma.10G224051.Wm82.a4.v1,0.6306744031963378
Glyma.18G196200.Wm82.a4.v1,0.6306543256971912
Glyma.08G165800.Wm82.a4.v1,0.6306041319493244
Glyma.14G025300.Wm82.a4.v1,0.630579035075391
Glyma.05G050700.Wm82.a4.v1,0.6305338607023109
Glyma.15G194900.Wm82.a4.v1,0.6304686088300842
Glyma.18G119500.Wm82.a4.v1,0.6304585700805108
Glyma.08G043700.Wm82.a4.v1,0.6302477563394704
Glyma.01G060900.Wm82.a4.v1,0.6302025819663902
Glyma.18G179600.Wm82.a4.v1,0.6301674463428836
Glyma.12G107100.Wm82.a4.v1,0.6301523882185235
Glyma.06G156600.Wm82.a4.v1,0.6301473688437368
Glyma.14G060200.Wm82.a4.v1,0.6301373300941635
Glyma.06G155900.Wm82.a4.v1,0.6301272913445901
Glyma.07G259500.Wm82.a4.v1,0.6301172525950167
Glyma.18G252000.Wm82.a4.v1,0.6300821169715101
Glyma.16G155600.Wm82.a4.v1,0.6300720782219367
Glyma.04G186500.Wm82.a4.v1,0.63006705884715
Glyma.08G148900.Wm82.a4.v1,0.6300620394723633
Glyma.11G128300.Wm82.a4.v1,0.6300570200975767
Glyma.09G200000.Wm82.a4.v1,0.63005200072279
Glyma.16G006600.Wm82.a4.v1,0.6299867488505632
Glyma.15G115800.Wm82.a4.v1,0.6299817294757765
Glyma.09G143900.Wm82.a4.v1,0.6299465938522698
Glyma.16G037700.Wm82.a4.v1,0.6299415744774831
Glyma.08G175200.Wm82.a4.v1,0.6298612644808963
Glyma.12G180300.Wm82.a4.v1,0.6298562451061096
Glyma.03G252000.Wm82.a4.v1,0.6298361676069629
Glyma.03G237800.Wm82.a4.v1,0.6298311482321762
Glyma.19G175700.Wm82.a4.v1,0.6298160901078161
Glyma.12G137100.Wm82.a4.v1,0.6298060513582429
Glyma.09G114000.Wm82.a4.v1,0.6297709157347361
Glyma.08G251400.Wm82.a4.v1,0.6297056638625093
Glyma.01G033900.Wm82.a4.v1,0.6296855863633626
Glyma.04G013200.Wm82.a4.v1,0.6296253538659224
Glyma.20G042200.Wm82.a4.v1,0.6296203344911357
Glyma.18G058200.Wm82.a4.v1,0.6295801794928424
Glyma.08G160000.Wm82.a4.v1,0.6295073985584355
Glyma.05G212000.Wm82.a4.v1,0.6295048888710422
Glyma.08G317200.Wm82.a4.v1,0.6294998694962556
Glyma.16G131100.Wm82.a4.v1,0.6294898307466822
Glyma.06G014600.Wm82.a4.v1,0.6294848113718955
Glyma.13G288200.Wm82.a4.v1,0.6294747726223222
Glyma.11G102000.Wm82.a4.v1,0.6294446563736021
Glyma.14G100200.Wm82.a4.v1,0.629429598249242
Glyma.15G040100.Wm82.a4.v1,0.6294145401248821
Glyma.13G286700.Wm82.a4.v1,0.6293543076274419
Glyma.12G186400.Wm82.a4.v1,0.6293442688778685
Glyma.08G345200.Wm82.a4.v1,0.6292940751300018
Glyma.03G207200.Wm82.a4.v1,0.6292539201317084
Glyma.19G054900.Wm82.a4.v1,0.629228823257775
Glyma.06G111200.Wm82.a4.v1,0.629228823257775
Glyma.15G058000.Wm82.a4.v1,0.629213765133415
Glyma.15G200800.Wm82.a4.v1,0.6292087457586283
Glyma.06G300600.Wm82.a4.v1,0.6291736101351215
Glyma.06G179400.Wm82.a4.v1,0.6291284357620415
Glyma.06G059700.Wm82.a4.v1,0.6291133776376815
Glyma.04G125800.Wm82.a4.v1,0.6290782420141747
Glyma.06G133400.Wm82.a4.v1,0.6290682032646013
Glyma.09G085700.Wm82.a4.v1,0.6290481257654547
Glyma.03G132300.Wm82.a4.v1,0.6290129901419479
Glyma.08G252900.Wm82.a4.v1,0.6290079707671612
Glyma.07G232000.Wm82.a4.v1,0.6290029513923746
Glyma.09G227300.Wm82.a4.v1,0.6290029513923746
Glyma.10G102800.Wm82.a4.v1,0.6289878932680145
Glyma.13G105200.Wm82.a4.v1,0.6289427188949345
Glyma.10G027100.Wm82.a4.v1,0.6289176220210011
Glyma.02G092400.Wm82.a4.v1,0.6288975445218543
Glyma.08G276900.Wm82.a4.v1,0.628857389523561
Glyma.03G086100.Wm82.a4.v1,0.6287871182765474
Glyma.13G114600.Wm82.a4.v1,0.6287268857791074
Glyma.03G109400.Wm82.a4.v1,0.6286616339068806
Glyma.12G099800.Wm82.a4.v1,0.6286616339068806
Glyma.14G036300.Wm82.a4.v1,0.6286566145320939
Glyma.17G025600.Wm82.a4.v1,0.6286064207842271
Glyma.18G125500.Wm82.a4.v1,0.6285963820346537
Glyma.04G209700.Wm82.a4.v1,0.628531130162427
Glyma.18G288500.Wm82.a4.v1,0.6285060332884936
Glyma.13G294500.Wm82.a4.v1,0.6285010139137069
Glyma.20G077400.Wm82.a4.v1,0.6284809364145602
Glyma.02G146600.Wm82.a4.v1,0.6284508201658402
Glyma.15G262200.Wm82.a4.v1,0.6284407814162668
Glyma.07G243000.Wm82.a4.v1,0.6284307426666934
Glyma.10G151900.Wm82.a4.v1,0.6283956070431868
Glyma.07G159900.Wm82.a4.v1,0.6283805489188267
Glyma.10G289200.Wm82.a4.v1,0.6283705101692533
Glyma.11G200400.Wm82.a4.v1,0.62836047141968
Glyma.18G265500.Wm82.a4.v1,0.6283228261087799
Glyma.04G023500.Wm82.a4.v1,0.6283127873592066
Glyma.05G041800.Wm82.a4.v1,0.6283002389222399
Glyma.11G106500.Wm82.a4.v1,0.6282851807978798
Glyma.03G209900.Wm82.a4.v1,0.6282851807978798
Glyma.11G248000.Wm82.a4.v1,0.6282801614230932
Glyma.16G211600.Wm82.a4.v1,0.6282651032987331
Glyma.17G002300.Wm82.a4.v1,0.6282249483004397
Glyma.10G283400.Wm82.a4.v1,0.6281998514265064
Glyma.03G027400.Wm82.a4.v1,0.628189812676933
Glyma.16G203900.Wm82.a4.v1,0.6281797739273596
Glyma.18G072200.Wm82.a4.v1,0.6281697351777863
Glyma.11G137400.Wm82.a4.v1,0.6281596964282129
Glyma.14G015800.Wm82.a4.v1,0.6281496576786395
Glyma.12G068000.Wm82.a4.v1,0.628064328307266
Glyma.14G223700.Wm82.a4.v1,0.6280442508081193
Glyma.19G000500.Wm82.a4.v1,0.6279940570602526
Glyma.18G210500.Wm82.a4.v1,0.6279388439375991
Glyma.15G256700.Wm82.a4.v1,0.6279388439375991
Glyma.02G128300.Wm82.a4.v1,0.6279237858132392
Glyma.13G318800.Wm82.a4.v1,0.6279087276888791
Glyma.04G255100.Wm82.a4.v1,0.6279037083140924
Glyma.11G078800.Wm82.a4.v1,0.6278886501897324
Glyma.06G086200.Wm82.a4.v1,0.627878611440159
Glyma.01G158200.Wm82.a4.v1,0.627878611440159
Glyma.07G009100.Wm82.a4.v1,0.6278083401931456
Glyma.18G151700.Wm82.a4.v1,0.6277932820687855
Glyma.17G101000.Wm82.a4.v1,0.6277732045696388
Glyma.07G264300.Wm82.a4.v1,0.6277681851948521
Glyma.15G177000.Wm82.a4.v1,0.6277581464452788
Glyma.04G058300.Wm82.a4.v1,0.6277556367578855
Glyma.09G218500.Wm82.a4.v1,0.6277531270704921
Glyma.17G114700.Wm82.a4.v1,0.6277230108217721
Glyma.07G215400.Wm82.a4.v1,0.6276427008251853
Glyma.08G251300.Wm82.a4.v1,0.6276075652016785
Glyma.10G162100.Wm82.a4.v1,0.6275724295781717
Glyma.11G096100.Wm82.a4.v1,0.627567410203385
Glyma.15G236700.Wm82.a4.v1,0.627567410203385
Glyma.05G102000.Wm82.a4.v1,0.6275623908285984
Glyma.19G004700.Wm82.a4.v1,0.6275573714538117
Glyma.13G366100.Wm82.a4.v1,0.6275473327042383
Glyma.20G159000.Wm82.a4.v1,0.6275172164555183
Glyma.01G181200.Wm82.a4.v1,0.6275021583311583
Glyma.10G194600.Wm82.a4.v1,0.6274921195815849
Glyma.08G343300.Wm82.a4.v1,0.6274218483345715
Glyma.10G149600.Wm82.a4.v1,0.6274067902102114
Glyma.10G122100.Wm82.a4.v1,0.6273867127110647
Glyma.03G187700.Wm82.a4.v1,0.6273465577127713
Glyma.15G061800.Wm82.a4.v1,0.6273415383379847
Glyma.07G031900.Wm82.a4.v1,0.6272963639649045
Glyma.13G324800.Wm82.a4.v1,0.6272612283413977
Glyma.06G028600.Wm82.a4.v1,0.6272562089666112
Glyma.02G078700.Wm82.a4.v1,0.6272461702170378
Glyma.08G340700.Wm82.a4.v1,0.627211034593531
Glyma.02G072700.Wm82.a4.v1,0.6272009958439577
Glyma.09G172200.Wm82.a4.v1,0.6271909570943843
Glyma.20G109000.Wm82.a4.v1,0.6271809183448109
Glyma.14G194100.Wm82.a4.v1,0.6271357439717309
Glyma.07G046100.Wm82.a4.v1,0.6271257052221575
Glyma.18G007200.Wm82.a4.v1,0.6271257052221575
Glyma.02G291800.Wm82.a4.v1,0.6270905695986508
Glyma.06G150000.Wm82.a4.v1,0.6270905695986508
Glyma.16G175600.Wm82.a4.v1,0.6270604533499308
Glyma.17G261600.Wm82.a4.v1,0.6270504146003574
Glyma.09G091900.Wm82.a4.v1,0.6270202983516373
Glyma.01G157400.Wm82.a4.v1,0.6270152789768506
Glyma.20G103700.Wm82.a4.v1,0.6269901821029172
Glyma.14G081600.Wm82.a4.v1,0.6269751239785573
Glyma.03G144500.Wm82.a4.v1,0.6269600658541972
Glyma.09G224000.Wm82.a4.v1,0.6269450077298372
Glyma.07G031300.Wm82.a4.v1,0.6269048527315437
Glyma.10G212900.Wm82.a4.v1,0.6269048527315437
Glyma.06G000800.Wm82.a4.v1,0.6268646977332504
Glyma.13G169300.Wm82.a4.v1,0.6268496396088903
Glyma.18G237000.Wm82.a4.v1,0.626839600859317
Glyma.15G034200.Wm82.a4.v1,0.6268245427349569
Glyma.08G067700.Wm82.a4.v1,0.6267843877366636
Glyma.04G219000.Wm82.a4.v1,0.6267442327383701
Glyma.05G191800.Wm82.a4.v1,0.6266940389905034
Glyma.16G170500.Wm82.a4.v1,0.62668400024093
Glyma.11G018300.Wm82.a4.v1,0.6266789808661433
Glyma.10G285200.Wm82.a4.v1,0.6266388258678499
Glyma.09G051400.Wm82.a4.v1,0.6266036902443431
Glyma.15G104900.Wm82.a4.v1,0.6265986708695565
Glyma.06G040600.Wm82.a4.v1,0.6265836127451965
Glyma.08G054900.Wm82.a4.v1,0.6265484771216897
Glyma.07G009200.Wm82.a4.v1,0.6265484771216897
Glyma.06G076900.Wm82.a4.v1,0.626543457746903
Glyma.15G072100.Wm82.a4.v1,0.6265384383721164
Glyma.01G170600.Wm82.a4.v1,0.6265334189973297
Glyma.15G130100.Wm82.a4.v1,0.6265033027486097
Glyma.11G217200.Wm82.a4.v1,0.6264832252494629
Glyma.02G053300.Wm82.a4.v1,0.6264531090007429
Glyma.09G128500.Wm82.a4.v1,0.6264480896259562
Glyma.15G144800.Wm82.a4.v1,0.6264280121268094
Glyma.02G109400.Wm82.a4.v1,0.6263477021302226
Glyma.08G044900.Wm82.a4.v1,0.626342682755436
Glyma.09G032600.Wm82.a4.v1,0.626342682755436
Glyma.13G330000.Wm82.a4.v1,0.626342682755436
Glyma.18G237100.Wm82.a4.v1,0.6263226052562892
Glyma.11G022200.Wm82.a4.v1,0.6262874696327826
Glyma.14G090500.Wm82.a4.v1,0.6262121790109824
Glyma.06G013100.Wm82.a4.v1,0.626172024012689
Glyma.09G040000.Wm82.a4.v1,0.6261419077639689
Glyma.07G195900.Wm82.a4.v1,0.6261368883891822
Glyma.04G091500.Wm82.a4.v1,0.6260816752665288
Glyma.06G116200.Wm82.a4.v1,0.6260415202682353
Glyma.09G117100.Wm82.a4.v1,0.6260314815186621
Glyma.10G044000.Wm82.a4.v1,0.6260314815186621
Glyma.08G208700.Wm82.a4.v1,0.6260264621438754
Glyma.19G066500.Wm82.a4.v1,0.6260114040195154
Glyma.15G070000.Wm82.a4.v1,0.6259511715220752
Glyma.04G026000.Wm82.a4.v1,0.6259260746481419
Glyma.13G241500.Wm82.a4.v1,0.6259009777742084
Glyma.02G015700.Wm82.a4.v1,0.6258859196498484
Glyma.20G195000.Wm82.a4.v1,0.625875880900275
Glyma.19G235100.Wm82.a4.v1,0.6258407452767684
Glyma.20G233700.Wm82.a4.v1,0.6258357259019817
Glyma.01G016100.Wm82.a4.v1,0.6258005902784749
Glyma.08G265300.Wm82.a4.v1,0.6257754934045415
Glyma.03G155000.Wm82.a4.v1,0.6257478868432148
Glyma.04G090500.Wm82.a4.v1,0.6257453771558215
Glyma.19G091800.Wm82.a4.v1,0.6257353384062481
Glyma.15G163600.Wm82.a4.v1,0.6257152609071014
Glyma.20G202700.Wm82.a4.v1,0.6257152609071014
Glyma.03G211800.Wm82.a4.v1,0.6256700865340213
Glyma.15G255900.Wm82.a4.v1,0.6256500090348747
Glyma.08G044600.Wm82.a4.v1,0.6256500090348747
Glyma.12G198800.Wm82.a4.v1,0.625644989660088
Glyma.05G217400.Wm82.a4.v1,0.6256198927861546
Glyma.03G093200.Wm82.a4.v1,0.6255897765374345
Glyma.15G060700.Wm82.a4.v1,0.6255847571626478
Glyma.01G176800.Wm82.a4.v1,0.6255747184130744
Glyma.12G219400.Wm82.a4.v1,0.6255546409139278
Glyma.11G012000.Wm82.a4.v1,0.6255245246652077
Glyma.18G296400.Wm82.a4.v1,0.6254793502921276
Glyma.15G139500.Wm82.a4.v1,0.6254341759190475
Glyma.08G049200.Wm82.a4.v1,0.6254291565442609
Glyma.12G080900.Wm82.a4.v1,0.6254241371694742
Glyma.02G170900.Wm82.a4.v1,0.6253839821711807
Glyma.18G039000.Wm82.a4.v1,0.625378962796394
Glyma.02G137100.Wm82.a4.v1,0.625378962796394
Glyma.14G071200.Wm82.a4.v1,0.6253639046720341
Glyma.07G048400.Wm82.a4.v1,0.6253538659224607
Glyma.04G046200.Wm82.a4.v1,0.6252584978015139
Glyma.04G034200.Wm82.a4.v1,0.6252534784267272
Glyma.07G084000.Wm82.a4.v1,0.6252032846788604
Glyma.13G169200.Wm82.a4.v1,0.6252032846788604
Glyma.19G125100.Wm82.a4.v1,0.6251882265545003
Glyma.10G291800.Wm82.a4.v1,0.6251781878049271
Glyma.06G113100.Wm82.a4.v1,0.625148071556207
Glyma.16G123100.Wm82.a4.v1,0.6251430521814203
Glyma.15G069400.Wm82.a4.v1,0.6251279940570602
Glyma.07G261400.Wm82.a4.v1,0.6250978778083401
Glyma.11G109800.Wm82.a4.v1,0.6250577228100468
Glyma.05G149200.Wm82.a4.v1,0.6250476840604734
Glyma.20G218700.Wm82.a4.v1,0.6250426646856867
Glyma.08G160700.Wm82.a4.v1,0.6250426646856867
Glyma.16G025200.Wm82.a4.v1,0.6250426646856867
Glyma.06G063300.Wm82.a4.v1,0.62502258718654
Glyma.16G032400.Wm82.a4.v1,0.6250100387495734
Glyma.04G216100.Wm82.a4.v1,0.6249974903126067
Glyma.11G253100.Wm82.a4.v1,0.6249824321882467
Glyma.18G241800.Wm82.a4.v1,0.6249673740638866
Glyma.05G161700.Wm82.a4.v1,0.6249673740638866
Glyma.16G176200.Wm82.a4.v1,0.6249372578151665
Glyma.03G151300.Wm82.a4.v1,0.6249322384403798
Glyma.06G097700.Wm82.a4.v1,0.6249272190655932
Glyma.12G241600.Wm82.a4.v1,0.6248720059429398
Glyma.08G346700.Wm82.a4.v1,0.6248644768807597
Glyma.13G326500.Wm82.a4.v1,0.6248569478185797
Glyma.03G002000.Wm82.a4.v1,0.6248569478185797
Glyma.09G173000.Wm82.a4.v1,0.6248418896942197
Glyma.15G071900.Wm82.a4.v1,0.6248218121950729
Glyma.05G047800.Wm82.a4.v1,0.6248167928202863
Glyma.03G181800.Wm82.a4.v1,0.6248167928202863
Glyma.04G073100.Wm82.a4.v1,0.6247816571967796
Glyma.05G222900.Wm82.a4.v1,0.6247665990724195
Glyma.19G095900.Wm82.a4.v1,0.6247164053245527
Glyma.06G151000.Wm82.a4.v1,0.6246712309514727
Glyma.20G157500.Wm82.a4.v1,0.6246611922018993
Glyma.14G163000.Wm82.a4.v1,0.6246461340775393
Glyma.14G091700.Wm82.a4.v1,0.6246461340775393
Glyma.04G233700.Wm82.a4.v1,0.624621037203606
Glyma.10G288200.Wm82.a4.v1,0.6246109984540326
Glyma.01G116100.Wm82.a4.v1,0.6245758628305258
Glyma.15G027300.Wm82.a4.v1,0.6245758628305258
Glyma.02G205200.Wm82.a4.v1,0.6245557853313791
Glyma.09G190000.Wm82.a4.v1,0.6245005722087257
Glyma.19G200000.Wm82.a4.v1,0.6244503784608589
Glyma.18G245600.Wm82.a4.v1,0.6244353203364988
Glyma.10G258800.Wm82.a4.v1,0.6244303009617123
Glyma.11G015300.Wm82.a4.v1,0.6244303009617123
Glyma.05G205100.Wm82.a4.v1,0.6244052040877788
Glyma.12G065600.Wm82.a4.v1,0.6243801072138454
Glyma.08G157700.Wm82.a4.v1,0.6243650490894854
Glyma.09G064400.Wm82.a4.v1,0.6243148553416187
Glyma.15G034000.Wm82.a4.v1,0.6242797197181119
Glyma.16G207900.Wm82.a4.v1,0.6242797197181119
Glyma.14G211300.Wm82.a4.v1,0.6242144678458851
Glyma.03G131100.Wm82.a4.v1,0.6242044290963118
Glyma.06G113000.Wm82.a4.v1,0.6241943903467384
Glyma.14G148200.Wm82.a4.v1,0.6241642740980183
Glyma.12G037700.Wm82.a4.v1,0.624146706286265
Glyma.10G279100.Wm82.a4.v1,0.6241441965988717
Glyma.09G105500.Wm82.a4.v1,0.6241341578492983
Glyma.20G074000.Wm82.a4.v1,0.6241291384745116
Glyma.10G210700.Wm82.a4.v1,0.6240889834762182
Glyma.12G229700.Wm82.a4.v1,0.6240789447266448
Glyma.03G155700.Wm82.a4.v1,0.6240638866022848
Glyma.18G239900.Wm82.a4.v1,0.6240638866022848
Glyma.13G215600.Wm82.a4.v1,0.6240538478527115
Glyma.08G241100.Wm82.a4.v1,0.6239785572309113
Glyma.19G100200.Wm82.a4.v1,0.6239785572309113
Glyma.19G187400.Wm82.a4.v1,0.6239785572309113
Glyma.09G012600.Wm82.a4.v1,0.6239584797317647
Glyma.02G202100.Wm82.a4.v1,0.6239333828578312
Glyma.04G008500.Wm82.a4.v1,0.6238982472343245
Glyma.06G071100.Wm82.a4.v1,0.6238882084847511
Glyma.20G088200.Wm82.a4.v1,0.6238580922360311
Glyma.06G194200.Wm82.a4.v1,0.6237677434898709
Glyma.10G116800.Wm82.a4.v1,0.6237577047402976
Glyma.09G050600.Wm82.a4.v1,0.6237225691167908
Glyma.20G199600.Wm82.a4.v1,0.623687433493284
Glyma.06G128700.Wm82.a4.v1,0.6236773947437108
Glyma.08G115700.Wm82.a4.v1,0.6236773947437108
Glyma.03G142700.Wm82.a4.v1,0.623657317244564
Glyma.14G127600.Wm82.a4.v1,0.6236372397454173
Glyma.03G214500.Wm82.a4.v1,0.6236021041219105
Glyma.17G126400.Wm82.a4.v1,0.6235870459975505
Glyma.02G082300.Wm82.a4.v1,0.6235092456883571
Glyma.18G244000.Wm82.a4.v1,0.6235067360009637
Glyma.06G000300.Wm82.a4.v1,0.6234665810026703
Glyma.10G288800.Wm82.a4.v1,0.6234414841287369
Glyma.01G237400.Wm82.a4.v1,0.6233410966330034
Glyma.20G089700.Wm82.a4.v1,0.62331599975907
Glyma.05G196600.Wm82.a4.v1,0.6232557672616299
Glyma.05G003900.Wm82.a4.v1,0.6232005541389765
Glyma.01G197800.Wm82.a4.v1,0.623160399140683
Glyma.08G091600.Wm82.a4.v1,0.6231553797658964
Glyma.13G152372.Wm82.a4.v1,0.6231503603911097
Glyma.02G143100.Wm82.a4.v1,0.623145341016323
Glyma.12G188300.Wm82.a4.v1,0.6230399341458028
Glyma.07G189800.Wm82.a4.v1,0.6229797016483627
Glyma.17G115500.Wm82.a4.v1,0.6229546047744293
Glyma.12G191100.Wm82.a4.v1,0.6228843335274158
Glyma.07G048500.Wm82.a4.v1,0.6228692754030558
Glyma.13G283400.Wm82.a4.v1,0.6228642560282691
Glyma.06G197600.Wm82.a4.v1,0.6228542172786957
Glyma.03G219300.Wm82.a4.v1,0.6228241010299757
Glyma.02G248400.Wm82.a4.v1,0.6227939847812557
Glyma.20G249100.Wm82.a4.v1,0.6227939847812557
Glyma.17G258900.Wm82.a4.v1,0.622788965406469
Glyma.06G296200.Wm82.a4.v1,0.6227839460316823
Glyma.08G190100.Wm82.a4.v1,0.6227688879073222
Glyma.03G204000.Wm82.a4.v1,0.6227638685325356
Glyma.11G138300.Wm82.a4.v1,0.6227437910333888
Glyma.15G221400.Wm82.a4.v1,0.6227237135342422
Glyma.08G223800.Wm82.a4.v1,0.6227136747846688
Glyma.08G273000.Wm82.a4.v1,0.6226986166603088
Glyma.18G272500.Wm82.a4.v1,0.6226885779107354
Glyma.16G052300.Wm82.a4.v1,0.6226685004115887
Glyma.18G090700.Wm82.a4.v1,0.6226584616620153
Glyma.15G113400.Wm82.a4.v1,0.6225580741662818
Glyma.09G197700.Wm82.a4.v1,0.6225580741662818
Glyma.01G010100.Wm82.a4.v1,0.6225430160419219
Glyma.02G204300.Wm82.a4.v1,0.6224677254201216
Glyma.12G068500.Wm82.a4.v1,0.622447647920975
Glyma.15G125200.Wm82.a4.v1,0.6224125122974682
Glyma.18G126500.Wm82.a4.v1,0.6224074929226816
Glyma.20G195300.Wm82.a4.v1,0.6223773766739615
Glyma.17G149400.Wm82.a4.v1,0.6223572991748147
Glyma.06G188300.Wm82.a4.v1,0.6223422410504548
Glyma.08G195900.Wm82.a4.v1,0.6223372216756681
Glyma.10G124300.Wm82.a4.v1,0.6223322023008814
Glyma.20G037400.Wm82.a4.v1,0.6223020860521613
Glyma.07G269000.Wm82.a4.v1,0.6222117373060012
Glyma.04G233600.Wm82.a4.v1,0.6221464854337744
Glyma.17G027600.Wm82.a4.v1,0.622136446684201
Glyma.03G164300.Wm82.a4.v1,0.622136446684201
Glyma.05G104400.Wm82.a4.v1,0.6221314273094143
Glyma.07G197900.Wm82.a4.v1,0.6221314273094143
Glyma.09G269300.Wm82.a4.v1,0.6220962916859076
Glyma.19G176100.Wm82.a4.v1,0.6220912723111209
Glyma.15G127300.Wm82.a4.v1,0.6220661754371876
Glyma.06G081100.Wm82.a4.v1,0.6220511173128275
Glyma.13G175800.Wm82.a4.v1,0.6220310398136808
Glyma.02G036500.Wm82.a4.v1,0.621995904190174
Glyma.16G158700.Wm82.a4.v1,0.6219908848153874
Glyma.18G189300.Wm82.a4.v1,0.6219758266910274
Glyma.05G015100.Wm82.a4.v1,0.621965787941454
Glyma.10G077600.Wm82.a4.v1,0.6219457104423073
Glyma.13G249400.Wm82.a4.v1,0.621935671692734
Glyma.14G152500.Wm82.a4.v1,0.6219005360692272
Glyma.05G150200.Wm82.a4.v1,0.6218754391952939
Glyma.08G271900.Wm82.a4.v1,0.6218051679482803
Glyma.13G163500.Wm82.a4.v1,0.6218001485734936
Glyma.19G071800.Wm82.a4.v1,0.621780071074347
Glyma.14G036800.Wm82.a4.v1,0.6217549742004136
Glyma.16G034400.Wm82.a4.v1,0.6216596060794667
Glyma.05G155000.Wm82.a4.v1,0.6216445479551067
Glyma.05G003400.Wm82.a4.v1,0.62163952858032
Glyma.10G160200.Wm82.a4.v1,0.6216144317063866
Glyma.17G257900.Wm82.a4.v1,0.6215567088963398
Glyma.10G181800.Wm82.a4.v1,0.6215190635854398
Glyma.20G248100.Wm82.a4.v1,0.6215040054610798
Glyma.07G269200.Wm82.a4.v1,0.6214939667115064
Glyma.13G170000.Wm82.a4.v1,0.6214387535888529
Glyma.09G063200.Wm82.a4.v1,0.6213985985905596
Glyma.18G165700.Wm82.a4.v1,0.6213785210914129
Glyma.17G080100.Wm82.a4.v1,0.6213534242174795
Glyma.02G303300.Wm82.a4.v1,0.6213484048426928
Glyma.10G102100.Wm82.a4.v1,0.6212982110948261
Glyma.18G218900.Wm82.a4.v1,0.6212229204730259
Glyma.08G051500.Wm82.a4.v1,0.6212229204730259
Glyma.10G209000.Wm82.a4.v1,0.6212179010982392
Glyma.03G242400.Wm82.a4.v1,0.6211877848495192
Glyma.06G324500.Wm82.a4.v1,0.6211275523520791
Glyma.13G229600.Wm82.a4.v1,0.6211225329772924
Glyma.20G022600.Wm82.a4.v1,0.6210673198546389
Glyma.03G145200.Wm82.a4.v1,0.6210372036059189
Glyma.02G144900.Wm82.a4.v1,0.6210221454815588
Glyma.15G006300.Wm82.a4.v1,0.6210121067319855
Glyma.18G181300.Wm82.a4.v1,0.6209468548597586
Glyma.02G112200.Wm82.a4.v1,0.6209468548597586
Glyma.18G284200.Wm82.a4.v1,0.6209117192362519
Glyma.13G176900.Wm82.a4.v1,0.6209117192362519
Glyma.13G104500.Wm82.a4.v1,0.6209117192362519
Glyma.04G018500.Wm82.a4.v1,0.6209066998614653
Glyma.02G122200.Wm82.a4.v1,0.6209016804866786
Glyma.07G129800.Wm82.a4.v1,0.6208765836127452
Glyma.06G102500.Wm82.a4.v1,0.6208615254883851
Glyma.04G029800.Wm82.a4.v1,0.6208464673640252
Glyma.20G103100.Wm82.a4.v1,0.6208364286144518
Glyma.19G128600.Wm82.a4.v1,0.6208063123657317
Glyma.15G125400.Wm82.a4.v1,0.620801292990945
Glyma.13G091200.Wm82.a4.v1,0.620786234866585
Glyma.U003033.Wm82.a4.v1,0.6207611379926516
Glyma.09G249000.Wm82.a4.v1,0.6207510992430783
Glyma.15G125900.Wm82.a4.v1,0.6207159636195716
Glyma.06G190900.Wm82.a4.v1,0.6207109442447849
Glyma.19G127800.Wm82.a4.v1,0.6207059248699982
Glyma.08G085900.Wm82.a4.v1,0.6207009054952115
Glyma.03G025500.Wm82.a4.v1,0.6206958861204248
Glyma.13G187800.Wm82.a4.v1,0.6206908667456381
Glyma.10G295500.Wm82.a4.v1,0.6206908667456381
Glyma.04G093500.Wm82.a4.v1,0.6206858473708515
Glyma.05G238700.Wm82.a4.v1,0.6206808279960648
Glyma.09G057700.Wm82.a4.v1,0.6206707892464914
Glyma.04G068000.Wm82.a4.v1,0.6206507117473448
Glyma.09G015800.Wm82.a4.v1,0.6206356536229847
Glyma.20G178100.Wm82.a4.v1,0.6206256148734114
Glyma.12G210000.Wm82.a4.v1,0.6205854598751179
Glyma.17G094700.Wm82.a4.v1,0.6205453048768246
Glyma.08G172100.Wm82.a4.v1,0.6205352661272512
Glyma.10G041100.Wm82.a4.v1,0.6205302467524645
Glyma.15G067900.Wm82.a4.v1,0.6203696267592909
Glyma.02G057400.Wm82.a4.v1,0.6203495492601442
Glyma.02G215800.Wm82.a4.v1,0.6203445298853575
Glyma.20G063200.Wm82.a4.v1,0.6203395105105708
Glyma.15G253300.Wm82.a4.v1,0.6203344911357841
Glyma.02G007800.Wm82.a4.v1,0.6203344911357841
Glyma.01G012500.Wm82.a4.v1,0.6202993555122774
Glyma.18G026000.Wm82.a4.v1,0.6202642198887707
Glyma.16G098700.Wm82.a4.v1,0.6202491617644106
Glyma.13G116000.Wm82.a4.v1,0.6202240648904772
Glyma.10G069800.Wm82.a4.v1,0.6201788905173972
Glyma.01G083700.Wm82.a4.v1,0.6201387355191037
Glyma.13G291500.Wm82.a4.v1,0.6200785030216637
Glyma.09G024800.Wm82.a4.v1,0.6200283092737968
Glyma.14G081100.Wm82.a4.v1,0.6200232898990102
Glyma.18G050300.Wm82.a4.v1,0.6200132511494368
Glyma.16G032700.Wm82.a4.v1,0.6200082317746501
Glyma.13G003700.Wm82.a4.v1,0.6199881542755035
Glyma.17G253300.Wm82.a4.v1,0.6199680767763568
Glyma.19G242400.Wm82.a4.v1,0.6199429799024233
Glyma.08G105200.Wm82.a4.v1,0.6199178830284899
Glyma.10G075200.Wm82.a4.v1,0.6199078442789167
Glyma.08G186900.Wm82.a4.v1,0.619807456783183
Glyma.15G038500.Wm82.a4.v1,0.6198024374083964
Glyma.04G212600.Wm82.a4.v1,0.6198024374083964
Glyma.04G103900.Wm82.a4.v1,0.6197974180336098
Glyma.03G209400.Wm82.a4.v1,0.6197522436605296
Glyma.03G217100.Wm82.a4.v1,0.6197472242857429
Glyma.07G133500.Wm82.a4.v1,0.6197371855361696
Glyma.07G023100.Wm82.a4.v1,0.6197120886622363
Glyma.14G082800.Wm82.a4.v1,0.6197070692874496
Glyma.08G199800.Wm82.a4.v1,0.6196819724135162
Glyma.01G190900.Wm82.a4.v1,0.6196719336639428
Glyma.18G139700.Wm82.a4.v1,0.6196066817917161
Glyma.07G230300.Wm82.a4.v1,0.6195815849177826
Glyma.20G244000.Wm82.a4.v1,0.6195062942959825
Glyma.03G122000.Wm82.a4.v1,0.6195062942959825
Glyma.11G167382.Wm82.a4.v1,0.6194761780472624
Glyma.19G207100.Wm82.a4.v1,0.6194761780472624
Glyma.08G288600.Wm82.a4.v1,0.6194711586724757
Glyma.07G182000.Wm82.a4.v1,0.6193431646154155
Glyma.02G073600.Wm82.a4.v1,0.6193356355532355
Glyma.07G021700.Wm82.a4.v1,0.6193105386793021
Glyma.03G012000.Wm82.a4.v1,0.6193105386793021
Glyma.02G201300.Wm82.a4.v1,0.6192904611801554
Glyma.06G238400.Wm82.a4.v1,0.6192904611801554
Glyma.18G044600.Wm82.a4.v1,0.619280422430582
Glyma.10G015300.Wm82.a4.v1,0.619280422430582
Glyma.07G025200.Wm82.a4.v1,0.6192703836810087
Glyma.20G121600.Wm82.a4.v1,0.619235248057502
Glyma.17G218800.Wm82.a4.v1,0.6192201899331419
Glyma.13G259300.Wm82.a4.v1,0.6192201899331419
Glyma.20G159900.Wm82.a4.v1,0.6192001124339952
Glyma.08G219100.Wm82.a4.v1,0.6191850543096352
Glyma.01G146900.Wm82.a4.v1,0.6191850543096352
Glyma.13G140700.Wm82.a4.v1,0.6191147830626217
Glyma.01G162200.Wm82.a4.v1,0.619094705563475
Glyma.17G121200.Wm82.a4.v1,0.6190846668139016
Glyma.05G028500.Wm82.a4.v1,0.6190595699399682
Glyma.08G138800.Wm82.a4.v1,0.6190595699399682
Glyma.01G136100.Wm82.a4.v1,0.6189943180677415
Glyma.05G120100.Wm82.a4.v1,0.6189842793181681
Glyma.02G184100.Wm82.a4.v1,0.6189842793181681
Glyma.15G031800.Wm82.a4.v1,0.6189792599433814
Glyma.19G153400.Wm82.a4.v1,0.6189692211938082
Glyma.18G220400.Wm82.a4.v1,0.6189591824442348
Glyma.11G061400.Wm82.a4.v1,0.6189541630694481
Glyma.07G134400.Wm82.a4.v1,0.6188688336980745
Glyma.08G100700.Wm82.a4.v1,0.6188537755737146
Glyma.20G064600.Wm82.a4.v1,0.6188336980745678
Glyma.09G169400.Wm82.a4.v1,0.6188286786997812
Glyma.11G017700.Wm82.a4.v1,0.6188086012006344
Glyma.19G194992.Wm82.a4.v1,0.6188086012006344
Glyma.18G228500.Wm82.a4.v1,0.6188035818258478
Glyma.10G160400.Wm82.a4.v1,0.6187784849519143
Glyma.15G106100.Wm82.a4.v1,0.618738329953621
Glyma.08G052700.Wm82.a4.v1,0.6187282912040476
Glyma.17G229700.Wm82.a4.v1,0.6187031943301142
Glyma.04G012300.Wm82.a4.v1,0.6187031943301142
Glyma.13G040500.Wm82.a4.v1,0.6186931555805409
Glyma.19G175900.Wm82.a4.v1,0.6186630393318209
Glyma.01G154300.Wm82.a4.v1,0.6186329230831008
Glyma.05G006300.Wm82.a4.v1,0.618597787459594
Glyma.06G025800.Wm82.a4.v1,0.6185877487100206
Glyma.13G058100.Wm82.a4.v1,0.6185726905856607
Glyma.17G229600.Wm82.a4.v1,0.618567671210874
Glyma.10G259900.Wm82.a4.v1,0.6185626518360873
Glyma.14G074900.Wm82.a4.v1,0.6185475937117273
Glyma.15G038200.Wm82.a4.v1,0.6185224968377939
Glyma.05G061500.Wm82.a4.v1,0.6185074387134338
Glyma.20G131200.Wm82.a4.v1,0.6184973999638606
Glyma.07G121900.Wm82.a4.v1,0.6184773224647138
Glyma.08G329300.Wm82.a4.v1,0.6184723030899271
Glyma.02G240800.Wm82.a4.v1,0.6184472062159937
Glyma.13G212000.Wm82.a4.v1,0.6184371674664204
Glyma.06G034400.Wm82.a4.v1,0.6184371674664204
Glyma.10G150900.Wm82.a4.v1,0.6184371674664204
Glyma.05G146700.Wm82.a4.v1,0.6184371674664204
Glyma.11G145227.Wm82.a4.v1,0.6183869737185537
Glyma.04G202900.Wm82.a4.v1,0.6183869737185537
Glyma.15G237300.Wm82.a4.v1,0.6183769349689803
Glyma.13G112100.Wm82.a4.v1,0.6183568574698336
Glyma.17G215300.Wm82.a4.v1,0.6183468187202602
Glyma.08G328800.Wm82.a4.v1,0.6182966249723935
Glyma.05G203800.Wm82.a4.v1,0.6182614893488867
Glyma.13G064602.Wm82.a4.v1,0.6182614893488867
Glyma.15G216000.Wm82.a4.v1,0.6182589796614933
Glyma.05G217051.Wm82.a4.v1,0.6182564699741
Glyma.09G232700.Wm82.a4.v1,0.6182564699741
Glyma.17G087000.Wm82.a4.v1,0.6181912181018733
Glyma.03G013200.Wm82.a4.v1,0.6181109081052865
Glyma.12G205400.Wm82.a4.v1,0.6180958499809264
Glyma.08G367100.Wm82.a4.v1,0.618085811231353
Glyma.05G139200.Wm82.a4.v1,0.6180456562330596
Glyma.14G203700.Wm82.a4.v1,0.6180406368582729
Glyma.16G003600.Wm82.a4.v1,0.6180356174834862
Glyma.12G154400.Wm82.a4.v1,0.6180305981086995
Glyma.05G239100.Wm82.a4.v1,0.618025578733913
Glyma.17G230700.Wm82.a4.v1,0.6179753849860461
Glyma.08G347600.Wm82.a4.v1,0.6179703656112595
Glyma.12G018200.Wm82.a4.v1,0.617945268737326
Glyma.09G070300.Wm82.a4.v1,0.6179251912381793
Glyma.10G212700.Wm82.a4.v1,0.6179201718633927
Glyma.13G091700.Wm82.a4.v1,0.617885036239886
Glyma.02G296000.Wm82.a4.v1,0.6178800168650993
Glyma.15G054900.Wm82.a4.v1,0.6178599393659526
Glyma.13G193600.Wm82.a4.v1,0.6178499006163792
Glyma.02G090800.Wm82.a4.v1,0.6177796293693657
Glyma.05G030500.Wm82.a4.v1,0.6177746099945791
Glyma.02G012900.Wm82.a4.v1,0.6177545324954323
Glyma.19G118900.Wm82.a4.v1,0.6177344549962857
Glyma.08G300451.Wm82.a4.v1,0.617729435621499
Glyma.13G213400.Wm82.a4.v1,0.6177193968719257
Glyma.10G297300.Wm82.a4.v1,0.617714377497139
Glyma.14G214000.Wm82.a4.v1,0.6177043387475656
Glyma.04G089900.Wm82.a4.v1,0.6176742224988455
Glyma.17G040000.Wm82.a4.v1,0.6176692031240588
Glyma.15G010000.Wm82.a4.v1,0.6176641837492722
Glyma.19G189100.Wm82.a4.v1,0.6176541449996988
Glyma.20G182400.Wm82.a4.v1,0.6176190093761921
Glyma.13G216100.Wm82.a4.v1,0.6176190093761921
Glyma.13G361200.Wm82.a4.v1,0.6176190093761921
Glyma.16G042700.Wm82.a4.v1,0.617588893127472
Glyma.05G046100.Wm82.a4.v1,0.617528660630032
Glyma.10G054000.Wm82.a4.v1,0.6174885056317385
Glyma.14G062100.Wm82.a4.v1,0.6174734475073784
Glyma.13G099700.Wm82.a4.v1,0.6174634087578051
Glyma.02G170500.Wm82.a4.v1,0.6174583893830184
Glyma.10G124600.Wm82.a4.v1,0.617448350633445
Glyma.07G246700.Wm82.a4.v1,0.6174332925090851
Glyma.13G121600.Wm82.a4.v1,0.6174282731342984
Glyma.04G080000.Wm82.a4.v1,0.617418234384725
Glyma.18G284700.Wm82.a4.v1,0.617418234384725
Glyma.10G243900.Wm82.a4.v1,0.617418234384725
Glyma.10G094400.Wm82.a4.v1,0.617388118136005
Glyma.01G189500.Wm82.a4.v1,0.6173780793864316
Glyma.08G049000.Wm82.a4.v1,0.6173429437629249
Glyma.11G065700.Wm82.a4.v1,0.6172977693898448
Glyma.06G063000.Wm82.a4.v1,0.6172776918906981
Glyma.07G015500.Wm82.a4.v1,0.617232517517618
Glyma.20G019800.Wm82.a4.v1,0.6172074206436846
Glyma.16G063100.Wm82.a4.v1,0.6171973818941112
Glyma.18G003100.Wm82.a4.v1,0.6171271106470978
Glyma.02G055100.Wm82.a4.v1,0.6171271106470978
Glyma.08G027100.Wm82.a4.v1,0.6170342522135442
Glyma.06G305900.Wm82.a4.v1,0.6170317425261509
Glyma.16G150700.Wm82.a4.v1,0.6170317425261509
Glyma.11G138700.Wm82.a4.v1,0.6169765294034975
Glyma.05G091200.Wm82.a4.v1,0.6169715100287109
Glyma.04G178700.Wm82.a4.v1,0.6169715100287109
Glyma.02G168400.Wm82.a4.v1,0.6169614712791375
Glyma.18G055100.Wm82.a4.v1,0.6169413937799908
Glyma.07G209500.Wm82.a4.v1,0.6169313550304174
Glyma.03G056500.Wm82.a4.v1,0.6169162969060574
Glyma.12G061500.Wm82.a4.v1,0.6169162969060574
Glyma.07G169500.Wm82.a4.v1,0.6169162969060574
Glyma.08G172000.Wm82.a4.v1,0.6169012387816973
Glyma.05G240100.Wm82.a4.v1,0.6169012387816973
Glyma.20G092900.Wm82.a4.v1,0.6168711225329773
Glyma.08G061200.Wm82.a4.v1,0.6168384965968639
Glyma.02G199700.Wm82.a4.v1,0.6168209287851105
Glyma.15G064700.Wm82.a4.v1,0.6168159094103238
Glyma.03G256200.Wm82.a4.v1,0.6167958319111772
Glyma.15G150700.Wm82.a4.v1,0.6167857931616038
Glyma.02G056900.Wm82.a4.v1,0.6167757544120305
Glyma.17G014800.Wm82.a4.v1,0.6167456381633104
Glyma.08G124600.Wm82.a4.v1,0.616735599413737
Glyma.03G074400.Wm82.a4.v1,0.6167004637902302
Glyma.04G139100.Wm82.a4.v1,0.6166251731684301
Glyma.19G220400.Wm82.a4.v1,0.6166101150440702
Glyma.07G272700.Wm82.a4.v1,0.6165799987953501
Glyma.11G015500.Wm82.a4.v1,0.6165749794205634
Glyma.01G027700.Wm82.a4.v1,0.6165398437970566
Glyma.03G100800.Wm82.a4.v1,0.6165348244222699
Glyma.04G001700.Wm82.a4.v1,0.6165197662979099
Glyma.10G076700.Wm82.a4.v1,0.6165097275483366
Glyma.08G106500.Wm82.a4.v1,0.6164394563013231
Glyma.12G009900.Wm82.a4.v1,0.6164143594273898
Glyma.16G027100.Wm82.a4.v1,0.616394281928243
Glyma.17G064100.Wm82.a4.v1,0.6163541269299496
Glyma.18G285600.Wm82.a4.v1,0.6163340494308029
Glyma.11G236400.Wm82.a4.v1,0.6163139719316562
Glyma.09G021400.Wm82.a4.v1,0.6163039331820829
Glyma.18G219100.Wm82.a4.v1,0.6162838556829361
Glyma.11G026900.Wm82.a4.v1,0.6162637781837894
Glyma.17G006300.Wm82.a4.v1,0.6162487200594294
Glyma.12G173200.Wm82.a4.v1,0.6162336619350693
Glyma.01G035300.Wm82.a4.v1,0.6161985263115626
Glyma.10G086700.Wm82.a4.v1,0.6161332744393359
Glyma.15G274000.Wm82.a4.v1,0.6161232356897625
Glyma.01G220700.Wm82.a4.v1,0.6160579838175357
Glyma.03G074800.Wm82.a4.v1,0.6160328869436023
Glyma.08G221700.Wm82.a4.v1,0.6160278675688157
Glyma.05G244600.Wm82.a4.v1,0.6160178288192423
Glyma.11G006100.Wm82.a4.v1,0.6160178288192423
Glyma.18G037000.Wm82.a4.v1,0.6159525769470154
Glyma.15G255800.Wm82.a4.v1,0.6159475575722289
Glyma.12G168900.Wm82.a4.v1,0.6159274800730821
Glyma.12G018500.Wm82.a4.v1,0.6159124219487221
Glyma.14G140800.Wm82.a4.v1,0.6158270925773486
Glyma.14G024900.Wm82.a4.v1,0.6158120344529885
Glyma.05G067000.Wm82.a4.v1,0.6157919569538418
Glyma.17G008400.Wm82.a4.v1,0.6157819182042685
Glyma.18G098800.Wm82.a4.v1,0.6157668600799084
Glyma.01G094800.Wm82.a4.v1,0.6157417632059751
Glyma.17G116500.Wm82.a4.v1,0.6157317244564017
Glyma.08G042500.Wm82.a4.v1,0.6157317244564017
Glyma.14G145920.Wm82.a4.v1,0.6157267050816151
Glyma.20G059100.Wm82.a4.v1,0.615696588832895
Glyma.13G141100.Wm82.a4.v1,0.6156815307085349
Glyma.01G207800.Wm82.a4.v1,0.615666472584175
Glyma.10G160900.Wm82.a4.v1,0.6155811432128014
Glyma.01G225900.Wm82.a4.v1,0.6155761238380147
Glyma.07G085100.Wm82.a4.v1,0.6155610657136547
Glyma.18G046800.Wm82.a4.v1,0.6155359688397213
Glyma.03G242700.Wm82.a4.v1,0.6155058525910012
Glyma.13G121900.Wm82.a4.v1,0.615503342903608
Glyma.04G181500.Wm82.a4.v1,0.6155008332162146
Glyma.20G005700.Wm82.a4.v1,0.6154958138414279
Glyma.04G019300.Wm82.a4.v1,0.6154958138414279
Glyma.09G104200.Wm82.a4.v1,0.6154907944666412
Glyma.09G030000.Wm82.a4.v1,0.6154757363422813
Glyma.13G346500.Wm82.a4.v1,0.6154606782179212
Glyma.18G045100.Wm82.a4.v1,0.6154456200935612
Glyma.19G104300.Wm82.a4.v1,0.6154355813439878
Glyma.10G034100.Wm82.a4.v1,0.6154305619692011
Glyma.13G232100.Wm82.a4.v1,0.6154305619692011
Glyma.13G174200.Wm82.a4.v1,0.6154205232196278
Glyma.05G067300.Wm82.a4.v1,0.6154205232196278
Glyma.09G179000.Wm82.a4.v1,0.6154054650952677
Glyma.11G054900.Wm82.a4.v1,0.615400445720481
Glyma.15G255200.Wm82.a4.v1,0.615370329471761
Glyma.07G090200.Wm82.a4.v1,0.6153502519726143
Glyma.11G107500.Wm82.a4.v1,0.6153301744734676
Glyma.02G091500.Wm82.a4.v1,0.6153100969743209
Glyma.17G262500.Wm82.a4.v1,0.6153050775995342
Glyma.02G301900.Wm82.a4.v1,0.6152850001003874
Glyma.20G120600.Wm82.a4.v1,0.6152850001003874
Glyma.01G200800.Wm82.a4.v1,0.6152348063525207
Glyma.03G152300.Wm82.a4.v1,0.615214728853374
Glyma.02G066200.Wm82.a4.v1,0.615184612604654
Glyma.15G155900.Wm82.a4.v1,0.6151595157307206
Glyma.19G135800.Wm82.a4.v1,0.6151444576063606
Glyma.13G308500.Wm82.a4.v1,0.6151344188567872
Glyma.09G073600.Wm82.a4.v1,0.6151143413576405
Glyma.16G154400.Wm82.a4.v1,0.6151043026080671
Glyma.01G045700.Wm82.a4.v1,0.6150992832332804
Glyma.15G190500.Wm82.a4.v1,0.6150942638584938
Glyma.06G052500.Wm82.a4.v1,0.6150892444837072
Glyma.07G020600.Wm82.a4.v1,0.6150691669845604
Glyma.06G096700.Wm82.a4.v1,0.6150641476097737
Glyma.16G209500.Wm82.a4.v1,0.6150591282349871
Glyma.17G205100.Wm82.a4.v1,0.6150591282349871
Glyma.13G306800.Wm82.a4.v1,0.6150541088602004
Glyma.19G177500.Wm82.a4.v1,0.615036541048447
Glyma.15G136400.Wm82.a4.v1,0.6149838376131869
Glyma.13G316700.Wm82.a4.v1,0.6149537213644668
Glyma.05G154700.Wm82.a4.v1,0.6149537213644668
Glyma.08G239300.Wm82.a4.v1,0.6149487019896802
Glyma.11G182800.Wm82.a4.v1,0.6149386632401068
Glyma.08G095400.Wm82.a4.v1,0.6149210954283535
Glyma.06G022100.Wm82.a4.v1,0.6148834501174534
Glyma.14G088600.Wm82.a4.v1,0.6148683919930933
Glyma.04G014000.Wm82.a4.v1,0.6148382757443733
Glyma.17G104300.Wm82.a4.v1,0.6148332563695866
Glyma.06G218100.Wm82.a4.v1,0.6148282369947999
Glyma.06G001300.Wm82.a4.v1,0.6148282369947999
Glyma.06G042100.Wm82.a4.v1,0.614672636376413
Glyma.02G129200.Wm82.a4.v1,0.6146425201276929
Glyma.07G218300.Wm82.a4.v1,0.6146324813781195
Glyma.18G159000.Wm82.a4.v1,0.6146274620033328
Glyma.02G303700.Wm82.a4.v1,0.6146073845041862
Glyma.10G014300.Wm82.a4.v1,0.6146073845041862
Glyma.04G225000.Wm82.a4.v1,0.6146023651293995
Glyma.10G166600.Wm82.a4.v1,0.6146023651293995
Glyma.08G281700.Wm82.a4.v1,0.6145973457546128
Glyma.06G002400.Wm82.a4.v1,0.6145622101311061
Glyma.20G184900.Wm82.a4.v1,0.6145371132571726
Glyma.11G032900.Wm82.a4.v1,0.6144768807597326
Glyma.01G177300.Wm82.a4.v1,0.6144768807597326
Glyma.10G238300.Wm82.a4.v1,0.6144116288875058
Glyma.05G243900.Wm82.a4.v1,0.6143965707631457
Glyma.10G201000.Wm82.a4.v1,0.6143915513883591
Glyma.16G035400.Wm82.a4.v1,0.6143564157648523
Glyma.11G055900.Wm82.a4.v1,0.6143513963900656
Glyma.06G068300.Wm82.a4.v1,0.6143363382657057
Glyma.12G087700.Wm82.a4.v1,0.6143262995161323
Glyma.18G067400.Wm82.a4.v1,0.6143012026421989
Glyma.09G068800.Wm82.a4.v1,0.6142761057682655
Glyma.15G108400.Wm82.a4.v1,0.6142008151464654
Glyma.08G173200.Wm82.a4.v1,0.6141656795229586
Glyma.05G047300.Wm82.a4.v1,0.614145602023812
Glyma.08G079300.Wm82.a4.v1,0.614145602023812
Glyma.14G040700.Wm82.a4.v1,0.6140803501515851
Glyma.14G045100.Wm82.a4.v1,0.6140502339028651
Glyma.06G219400.Wm82.a4.v1,0.6140502339028651
Glyma.13G315800.Wm82.a4.v1,0.6140452145280784
Glyma.01G192300.Wm82.a4.v1,0.614020117654145
Glyma.15G112200.Wm82.a4.v1,0.6140100789045716
Glyma.05G208200.Wm82.a4.v1,0.6140100789045716
Glyma.08G343200.Wm82.a4.v1,0.6139799626558516
Glyma.08G070000.Wm82.a4.v1,0.6139799626558516
Glyma.13G078800.Wm82.a4.v1,0.6139649045314916
Glyma.17G238700.Wm82.a4.v1,0.6139548657819182
Glyma.13G211300.Wm82.a4.v1,0.6139247495331982
Glyma.11G048200.Wm82.a4.v1,0.6139247495331982
Glyma.14G075300.Wm82.a4.v1,0.6138594976609714
Glyma.13G298300.Wm82.a4.v1,0.6138394201618247
Glyma.15G269900.Wm82.a4.v1,0.6138293814122513
Glyma.18G171400.Wm82.a4.v1,0.6138293814122513
Glyma.20G171700.Wm82.a4.v1,0.6138243620374646
Glyma.02G275300.Wm82.a4.v1,0.6137741682895979
Glyma.09G059300.Wm82.a4.v1,0.6137641295400245
Glyma.02G260100.Wm82.a4.v1,0.6137440520408778
Glyma.04G209100.Wm82.a4.v1,0.6137289939165178
Glyma.15G157800.Wm82.a4.v1,0.6137038970425843
Glyma.16G048700.Wm82.a4.v1,0.6136687614190777
Glyma.17G175000.Wm82.a4.v1,0.6136486839199309
Glyma.05G236233.Wm82.a4.v1,0.6136436645451443
Glyma.08G054300.Wm82.a4.v1,0.6135984901720641
Glyma.03G198700.Wm82.a4.v1,0.6135884514224909
Glyma.19G147800.Wm82.a4.v1,0.6135884514224909
Glyma.01G183400.Wm82.a4.v1,0.6135432770494107
Glyma.12G186700.Wm82.a4.v1,0.613523199550264
Glyma.19G124800.Wm82.a4.v1,0.6135131608006906
Glyma.05G246200.Wm82.a4.v1,0.613508141425904
Glyma.16G020400.Wm82.a4.v1,0.6134730058023973
Glyma.11G010900.Wm82.a4.v1,0.6134278314293171
Glyma.17G141600.Wm82.a4.v1,0.6134177926797438
Glyma.06G141000.Wm82.a4.v1,0.6134027345553837
Glyma.17G153700.Wm82.a4.v1,0.6133977151805972
Glyma.07G080300.Wm82.a4.v1,0.6133977151805972
Glyma.04G251300.Wm82.a4.v1,0.6133675989318771
Glyma.13G145000.Wm82.a4.v1,0.613352540807517
Glyma.20G159200.Wm82.a4.v1,0.613352540807517
Glyma.10G181900.Wm82.a4.v1,0.6133475214327303
Glyma.04G074500.Wm82.a4.v1,0.6133224245587969
Glyma.01G003100.Wm82.a4.v1,0.6132923083100769
Glyma.11G056100.Wm82.a4.v1,0.6132672114361435
Glyma.05G066500.Wm82.a4.v1,0.6132521533117835
Glyma.04G019000.Wm82.a4.v1,0.6132370951874234
Glyma.12G128600.Wm82.a4.v1,0.6132220370630634
Glyma.08G146000.Wm82.a4.v1,0.6131517658160499
Glyma.20G064400.Wm82.a4.v1,0.6131467464412633
Glyma.08G178900.Wm82.a4.v1,0.6131316883169032
Glyma.09G083300.Wm82.a4.v1,0.6131216495673298
Glyma.15G104000.Wm82.a4.v1,0.6131065914429699
Glyma.01G017700.Wm82.a4.v1,0.6131015720681832
Glyma.13G266400.Wm82.a4.v1,0.6130865139438232
Glyma.18G001900.Wm82.a4.v1,0.6130563976951031
Glyma.01G202600.Wm82.a4.v1,0.6130513783203164
Glyma.11G094000.Wm82.a4.v1,0.6130363201959564
Glyma.06G136400.Wm82.a4.v1,0.6130062039472364
Glyma.10G287800.Wm82.a4.v1,0.612996165197663
Glyma.13G167900.Wm82.a4.v1,0.6129610295741562
Glyma.17G250400.Wm82.a4.v1,0.6129459714497962
Glyma.05G237400.Wm82.a4.v1,0.6129459714497962
Glyma.13G326900.Wm82.a4.v1,0.6129359327002228
Glyma.16G050200.Wm82.a4.v1,0.6128857389523561
Glyma.11G126600.Wm82.a4.v1,0.612855622703636
Glyma.10G264800.Wm82.a4.v1,0.6128355452044894
Glyma.05G147302.Wm82.a4.v1,0.6128355452044894
Glyma.08G179200.Wm82.a4.v1,0.6127753127070492
Glyma.04G049900.Wm82.a4.v1,0.6127753127070492
Glyma.11G084000.Wm82.a4.v1,0.6127702933322625
Glyma.12G015600.Wm82.a4.v1,0.6127502158331158
Glyma.13G138400.Wm82.a4.v1,0.6126899833356757
Glyma.11G107700.Wm82.a4.v1,0.612684963960889
Glyma.05G219800.Wm82.a4.v1,0.6126799445861023
Glyma.05G197300.Wm82.a4.v1,0.6126799445861023
Glyma.01G205200.Wm82.a4.v1,0.6126598670869556
Glyma.18G279400.Wm82.a4.v1,0.6126598670869556
Glyma.10G147600.Wm82.a4.v1,0.6126347702130223
Glyma.12G054500.Wm82.a4.v1,0.6126247314634489
Glyma.13G228100.Wm82.a4.v1,0.6126197120886623
Glyma.06G044900.Wm82.a4.v1,0.6126096733390889
Glyma.18G265700.Wm82.a4.v1,0.6126096733390889
Glyma.17G159300.Wm82.a4.v1,0.6125293633425021
Glyma.04G006200.Wm82.a4.v1,0.612514305218142
Glyma.10G161200.Wm82.a4.v1,0.6124490533459153
Glyma.17G143300.Wm82.a4.v1,0.6124390145963419
Glyma.13G315100.Wm82.a4.v1,0.6124339952215552
Glyma.09G158200.Wm82.a4.v1,0.6124289758467685
Glyma.08G304100.Wm82.a4.v1,0.6124289758467685
Glyma.16G096700.Wm82.a4.v1,0.6123888208484751
Glyma.16G022000.Wm82.a4.v1,0.6123888208484751
Glyma.04G250600.Wm82.a4.v1,0.6123536852249684
Glyma.15G051600.Wm82.a4.v1,0.6122683558535948
Glyma.12G179300.Wm82.a4.v1,0.6122683558535948
Glyma.03G088000.Wm82.a4.v1,0.6122332202300882
Glyma.08G346200.Wm82.a4.v1,0.6122181621057281
Glyma.03G149900.Wm82.a4.v1,0.6122131427309414
Glyma.12G224600.Wm82.a4.v1,0.6122081233561547
Glyma.13G136600.Wm82.a4.v1,0.6121830264822213
Glyma.09G207000.Wm82.a4.v1,0.612157929608288
Glyma.05G140400.Wm82.a4.v1,0.6121127552352079
Glyma.05G104600.Wm82.a4.v1,0.6121077358604212
Glyma.06G140800.Wm82.a4.v1,0.6120876583612745
Glyma.02G236500.Wm82.a4.v1,0.6120726002369145
Glyma.19G115600.Wm82.a4.v1,0.6120675808621278
Glyma.02G226600.Wm82.a4.v1,0.6120625614873412
Glyma.05G245500.Wm82.a4.v1,0.6120575421125545
Glyma.14G076500.Wm82.a4.v1,0.6120475033629811
Glyma.14G189300.Wm82.a4.v1,0.6120475033629811
Glyma.19G232300.Wm82.a4.v1,0.6120274258638344
Glyma.02G232900.Wm82.a4.v1,0.6120224064890477
Glyma.09G101200.Wm82.a4.v1,0.612002328989901
Glyma.08G154900.Wm82.a4.v1,0.6119922902403276
Glyma.08G016300.Wm82.a4.v1,0.6119872708655409
Glyma.18G017300.Wm82.a4.v1,0.6119420964924609
Glyma.02G042100.Wm82.a4.v1,0.6119320577428875
Glyma.11G247600.Wm82.a4.v1,0.6119320577428875
Glyma.01G014200.Wm82.a4.v1,0.6119270383681009
Glyma.17G106000.Wm82.a4.v1,0.6119169996185275
Glyma.02G311800.Wm82.a4.v1,0.6118919027445942
Glyma.14G090400.Wm82.a4.v1,0.6118718252454475
Glyma.14G057500.Wm82.a4.v1,0.611846728371514
Glyma.18G287300.Wm82.a4.v1,0.611846728371514
Glyma.10G197600.Wm82.a4.v1,0.611816612122794
Glyma.10G184900.Wm82.a4.v1,0.611801553998434
Glyma.05G234700.Wm82.a4.v1,0.6117262633766338
Glyma.08G317000.Wm82.a4.v1,0.6117262633766338
Glyma.06G015400.Wm82.a4.v1,0.6117112052522737
Glyma.15G053600.Wm82.a4.v1,0.6116961471279138
Glyma.01G189100.Wm82.a4.v1,0.611615837131327
Glyma.12G102300.Wm82.a4.v1,0.6115957596321803
Glyma.06G012000.Wm82.a4.v1,0.6115154496355933
Glyma.17G136200.Wm82.a4.v1,0.6115154496355933
Glyma.10G081400.Wm82.a4.v1,0.6114501977633666
Glyma.20G081800.Wm82.a4.v1,0.6114351396390065
Glyma.20G189300.Wm82.a4.v1,0.6114150621398599
Glyma.19G080400.Wm82.a4.v1,0.6113698877667798
Glyma.09G151800.Wm82.a4.v1,0.6113648683919931
Glyma.14G199000.Wm82.a4.v1,0.6113598490172064
Glyma.10G251900.Wm82.a4.v1,0.611349810267633
Glyma.05G079500.Wm82.a4.v1,0.6113247133936996
Glyma.11G018700.Wm82.a4.v1,0.6112795390206196
Glyma.04G192100.Wm82.a4.v1,0.6112293452727529
Glyma.19G163500.Wm82.a4.v1,0.6112142871483928
Glyma.02G304000.Wm82.a4.v1,0.6111841708996727
Glyma.19G200600.Wm82.a4.v1,0.6111791515248861
Glyma.20G024800.Wm82.a4.v1,0.611164093400526
Glyma.17G120400.Wm82.a4.v1,0.6111540546509526
Glyma.20G146900.Wm82.a4.v1,0.6111389965265926
Glyma.04G019900.Wm82.a4.v1,0.6111038609030859
Glyma.09G005200.Wm82.a4.v1,0.6109984540325657
Glyma.06G027900.Wm82.a4.v1,0.610978376533419
Glyma.06G020900.Wm82.a4.v1,0.6109683377838456
Glyma.08G173800.Wm82.a4.v1,0.6109231634107656
Glyma.06G204600.Wm82.a4.v1,0.6108579115385387
Glyma.02G192300.Wm82.a4.v1,0.6107976790410986
Glyma.02G217600.Wm82.a4.v1,0.6107926596663119
Glyma.14G089063.Wm82.a4.v1,0.6107926596663119
Glyma.02G026900.Wm82.a4.v1,0.6107575240428053
Glyma.01G107100.Wm82.a4.v1,0.6107173690445118
Glyma.09G019900.Wm82.a4.v1,0.610682233421005
Glyma.05G227700.Wm82.a4.v1,0.610622000923565
Glyma.12G020600.Wm82.a4.v1,0.6105768265504848
Glyma.02G264600.Wm82.a4.v1,0.6105617684261249
Glyma.20G244400.Wm82.a4.v1,0.6105567490513382
Glyma.02G125200.Wm82.a4.v1,0.6105115746782581
Glyma.01G019900.Wm82.a4.v1,0.6104914971791113
Glyma.08G255000.Wm82.a4.v1,0.6104764390547514
Glyma.05G049200.Wm82.a4.v1,0.610451342180818
Glyma.18G172300.Wm82.a4.v1,0.6104362840564579
Glyma.11G059700.Wm82.a4.v1,0.6104362840564579
Glyma.12G200100.Wm82.a4.v1,0.6104011484329512
Glyma.11G092900.Wm82.a4.v1,0.6103158190615777
Glyma.01G081100.Wm82.a4.v1,0.6103057803120043
Glyma.10G081700.Wm82.a4.v1,0.6103007609372176
Glyma.17G166700.Wm82.a4.v1,0.6102606059389243
Glyma.09G079000.Wm82.a4.v1,0.6102003734414841
Glyma.03G242500.Wm82.a4.v1,0.6101752765675508
Glyma.01G124900.Wm82.a4.v1,0.6101200634448973
Glyma.07G227400.Wm82.a4.v1,0.6100999859457505
Glyma.19G240200.Wm82.a4.v1,0.6100447728230971
Glyma.05G062500.Wm82.a4.v1,0.6100246953239504
Glyma.11G122200.Wm82.a4.v1,0.6100096371995904
Glyma.02G128000.Wm82.a4.v1,0.609999598450017
Glyma.05G227100.Wm82.a4.v1,0.6099895597004437
Glyma.07G174000.Wm82.a4.v1,0.6099845403256571
Glyma.03G179500.Wm82.a4.v1,0.6099745015760837
Glyma.20G173300.Wm82.a4.v1,0.6099494047021503
Glyma.20G142500.Wm82.a4.v1,0.6099368562651836
Glyma.11G042800.Wm82.a4.v1,0.6098841528299235
Glyma.02G062200.Wm82.a4.v1,0.6098439978316301
Glyma.17G226100.Wm82.a4.v1,0.6098439978316301
Glyma.06G223300.Wm82.a4.v1,0.60982893970727
Glyma.11G234700.Wm82.a4.v1,0.6097938040837634
Glyma.05G153900.Wm82.a4.v1,0.6097787459594033
Glyma.11G012200.Wm82.a4.v1,0.6097737265846166
Glyma.20G179900.Wm82.a4.v1,0.6097687072098299
Glyma.18G234700.Wm82.a4.v1,0.6097586684602566
Glyma.17G197700.Wm82.a4.v1,0.6097486297106832
Glyma.13G236400.Wm82.a4.v1,0.6097235328367498
Glyma.18G070900.Wm82.a4.v1,0.6097084747123899
Glyma.11G181900.Wm82.a4.v1,0.6096934165880298
Glyma.02G000200.Wm82.a4.v1,0.6096934165880298
Glyma.08G051400.Wm82.a4.v1,0.6096683197140964
Glyma.07G130200.Wm82.a4.v1,0.6096382034653763
Glyma.09G202100.Wm82.a4.v1,0.6096382034653763
Glyma.05G199100.Wm82.a4.v1,0.6096331840905896
Glyma.01G032500.Wm82.a4.v1,0.609628164715803
Glyma.08G068200.Wm82.a4.v1,0.6095930290922963
Glyma.01G144200.Wm82.a4.v1,0.6095880097175096
Glyma.02G161900.Wm82.a4.v1,0.6095829903427229
Glyma.02G014100.Wm82.a4.v1,0.6095779709679362
Glyma.08G025300.Wm82.a4.v1,0.6095779709679362
Glyma.15G227300.Wm82.a4.v1,0.6095729515931495
Glyma.03G073200.Wm82.a4.v1,0.6095026803461361
Glyma.14G087600.Wm82.a4.v1,0.6094926415965627
Glyma.11G015200.Wm82.a4.v1,0.6094173509747626
Glyma.11G215500.Wm82.a4.v1,0.6093972734756159
Glyma.03G048701.Wm82.a4.v1,0.6093872347260425
Glyma.05G221700.Wm82.a4.v1,0.6093771959764692
Glyma.19G215400.Wm82.a4.v1,0.6093696669142892
Glyma.17G231800.Wm82.a4.v1,0.6093571184773224
Glyma.02G034051.Wm82.a4.v1,0.6093445700403558
Glyma.13G339500.Wm82.a4.v1,0.6093119441042424
Glyma.12G193600.Wm82.a4.v1,0.6092717891059489
Glyma.12G214900.Wm82.a4.v1,0.6092667697311623
Glyma.15G118700.Wm82.a4.v1,0.6092065372337222
Glyma.03G220700.Wm82.a4.v1,0.6092015178589355
Glyma.11G202900.Wm82.a4.v1,0.6091814403597888
Glyma.06G178300.Wm82.a4.v1,0.6091714016102154
Glyma.05G237000.Wm82.a4.v1,0.6091714016102154
Glyma.17G071900.Wm82.a4.v1,0.6091663822354287
Glyma.17G160900.Wm82.a4.v1,0.609131246611922
Glyma.11G135700.Wm82.a4.v1,0.6090910916136286
Glyma.09G188000.Wm82.a4.v1,0.6090659947396952
Glyma.15G035900.Wm82.a4.v1,0.6090434075531552
Glyma.20G068500.Wm82.a4.v1,0.6090358784909752
Glyma.17G245700.Wm82.a4.v1,0.608990704117895
Glyma.01G218300.Wm82.a4.v1,0.6089505491196017
Glyma.20G065200.Wm82.a4.v1,0.608945529744815
Glyma.05G162800.Wm82.a4.v1,0.608945529744815
Glyma.20G107700.Wm82.a4.v1,0.608945529744815
Glyma.17G131300.Wm82.a4.v1,0.6089053747465216
Glyma.08G092400.Wm82.a4.v1,0.6089053747465216
Glyma.07G122500.Wm82.a4.v1,0.6088953359969482
Glyma.09G028600.Wm82.a4.v1,0.6088652197482282
Glyma.16G217500.Wm82.a4.v1,0.6088451422490815
Glyma.08G074500.Wm82.a4.v1,0.6088451422490815
Glyma.17G146100.Wm82.a4.v1,0.6087798903768546
Glyma.13G061200.Wm82.a4.v1,0.608774871002068
Glyma.08G005800.Wm82.a4.v1,0.6086644447567611
Glyma.15G143400.Wm82.a4.v1,0.6086443672576144
Glyma.16G009700.Wm82.a4.v1,0.6086242897584677
Glyma.11G147200.Wm82.a4.v1,0.608619270383681
Glyma.09G158300.Wm82.a4.v1,0.6085991928845343
Glyma.18G173200.Wm82.a4.v1,0.6085991928845343
Glyma.09G215400.Wm82.a4.v1,0.6085540185114542
Glyma.13G172900.Wm82.a4.v1,0.6085088441383741
Glyma.16G218000.Wm82.a4.v1,0.6084988053888007
Glyma.06G155600.Wm82.a4.v1,0.608493786014014
Glyma.20G185600.Wm82.a4.v1,0.6084586503905074
Glyma.20G136300.Wm82.a4.v1,0.6084385728913606
Glyma.13G352900.Wm82.a4.v1,0.6084235147670006
Glyma.18G126000.Wm82.a4.v1,0.6084235147670006
Glyma.01G058300.Wm82.a4.v1,0.6083933985182806
Glyma.09G243900.Wm82.a4.v1,0.6083783403939206
Glyma.19G095700.Wm82.a4.v1,0.6083331660208404
Glyma.19G168200.Wm82.a4.v1,0.6083130885216937
Glyma.13G179900.Wm82.a4.v1,0.6083030497721204
Glyma.07G149900.Wm82.a4.v1,0.6082528560242536
Glyma.02G196500.Wm82.a4.v1,0.6082428172746802
Glyma.06G126100.Wm82.a4.v1,0.6082177204007468
Glyma.04G027700.Wm82.a4.v1,0.6081549782159135
Glyma.06G123400.Wm82.a4.v1,0.6081524685285201
Glyma.13G279000.Wm82.a4.v1,0.6081273716545867
Glyma.04G031600.Wm82.a4.v1,0.6080821972815066
Glyma.20G008700.Wm82.a4.v1,0.6080721585319333
Glyma.18G248600.Wm82.a4.v1,0.6080520810327865
Glyma.01G048500.Wm82.a4.v1,0.6080370229084265
Glyma.02G309600.Wm82.a4.v1,0.6080169454092799
Glyma.03G231800.Wm82.a4.v1,0.6080144357218865
Glyma.06G070500.Wm82.a4.v1,0.607966751661413
Glyma.11G017000.Wm82.a4.v1,0.607936635412693
Glyma.12G129400.Wm82.a4.v1,0.6078964804143996
Glyma.16G198200.Wm82.a4.v1,0.6078713835404662
Glyma.11G017100.Wm82.a4.v1,0.6078663641656795
Glyma.19G027100.Wm82.a4.v1,0.6078613447908928
Glyma.13G335700.Wm82.a4.v1,0.6078111510430261
Glyma.08G003300.Wm82.a4.v1,0.6077760154195193
Glyma.09G278600.Wm82.a4.v1,0.6077709960447326
Glyma.12G089700.Wm82.a4.v1,0.607765976669946
Glyma.14G186400.Wm82.a4.v1,0.6077559379203726
Glyma.12G109600.Wm82.a4.v1,0.6077258216716526
Glyma.15G010400.Wm82.a4.v1,0.6077208022968659
Glyma.11G175200.Wm82.a4.v1,0.6077057441725059
Glyma.19G050500.Wm82.a4.v1,0.6077057441725059
Glyma.08G188400.Wm82.a4.v1,0.6076856666733592
Glyma.13G185100.Wm82.a4.v1,0.6076354729254924
Glyma.13G313000.Wm82.a4.v1,0.6076053566767723
Glyma.05G177400.Wm82.a4.v1,0.6076053566767723
Glyma.02G241900.Wm82.a4.v1,0.6076053566767723
Glyma.06G323400.Wm82.a4.v1,0.6075802598028389
Glyma.13G009500.Wm82.a4.v1,0.6075601823036922
Glyma.01G121218.Wm82.a4.v1,0.6075049691810388
Glyma.16G159700.Wm82.a4.v1,0.6074949304314654
Glyma.18G118400.Wm82.a4.v1,0.6074899110566788
Glyma.13G198200.Wm82.a4.v1,0.6074597948079588
Glyma.17G244800.Wm82.a4.v1,0.607439717308812
Glyma.03G229000.Wm82.a4.v1,0.607424659184452
Glyma.14G062500.Wm82.a4.v1,0.6073895235609452
Glyma.20G189033.Wm82.a4.v1,0.6073744654365852
Glyma.11G199900.Wm82.a4.v1,0.6073543879374386
Glyma.05G238500.Wm82.a4.v1,0.6073493685626519
Glyma.20G198600.Wm82.a4.v1,0.6073343104382918
Glyma.10G284200.Wm82.a4.v1,0.6072690585660651
Glyma.20G219700.Wm82.a4.v1,0.6072690585660651
Glyma.15G259100.Wm82.a4.v1,0.6072439616921316
Glyma.18G235000.Wm82.a4.v1,0.6072289035677716
Glyma.09G205300.Wm82.a4.v1,0.6072238841929849
Glyma.01G204300.Wm82.a4.v1,0.6072188648181982
Glyma.05G243600.Wm82.a4.v1,0.6072038066938382
Glyma.09G268400.Wm82.a4.v1,0.6071536129459715
Glyma.07G124900.Wm82.a4.v1,0.6071435741963981
Glyma.10G231700.Wm82.a4.v1,0.6071335354468247
Glyma.03G164700.Wm82.a4.v1,0.607113457947678
Glyma.14G190000.Wm82.a4.v1,0.607113457947678
Glyma.18G213100.Wm82.a4.v1,0.6070933804485313
Glyma.08G211500.Wm82.a4.v1,0.6070733029493847
Glyma.09G227600.Wm82.a4.v1,0.6070582448250246
Glyma.20G017400.Wm82.a4.v1,0.6070582448250246
Glyma.08G308900.Wm82.a4.v1,0.6070482060754513
Glyma.06G293900.Wm82.a4.v1,0.6070482060754513
Glyma.18G017800.Wm82.a4.v1,0.6070180898267312
Glyma.09G262400.Wm82.a4.v1,0.6070030317023711
Glyma.13G091100.Wm82.a4.v1,0.6069779348284378
Glyma.01G149400.Wm82.a4.v1,0.6069528379545044
Glyma.03G236900.Wm82.a4.v1,0.6068725279579176
Glyma.17G111500.Wm82.a4.v1,0.6068524504587709
Glyma.20G186800.Wm82.a4.v1,0.6068273535848375
Glyma.01G017100.Wm82.a4.v1,0.6068122954604774
Glyma.20G128800.Wm82.a4.v1,0.6068122954604774
Glyma.17G064400.Wm82.a4.v1,0.6067922179613308
Glyma.20G123600.Wm82.a4.v1,0.6067671210873974
Glyma.13G074700.Wm82.a4.v1,0.6067621017126107
Glyma.06G160100.Wm82.a4.v1,0.606757082337824
Glyma.14G071000.Wm82.a4.v1,0.606757082337824
Glyma.05G217900.Wm82.a4.v1,0.6067520629630373
Glyma.09G214700.Wm82.a4.v1,0.6067269660891039
Glyma.12G236400.Wm82.a4.v1,0.6067269660891039
Glyma.05G000200.Wm82.a4.v1,0.606711907964744
Glyma.15G258100.Wm82.a4.v1,0.6066968498403839
Glyma.04G000300.Wm82.a4.v1,0.6066717529664505
Glyma.20G139900.Wm82.a4.v1,0.6066516754673038
Glyma.04G110700.Wm82.a4.v1,0.6066416367177304
Glyma.09G179300.Wm82.a4.v1,0.6066366173429437
Glyma.05G240800.Wm82.a4.v1,0.6066366173429437
Glyma.12G032700.Wm82.a4.v1,0.6066315979681571
Glyma.12G212400.Wm82.a4.v1,0.6066215592185837
Glyma.15G203900.Wm82.a4.v1,0.6066014817194371
Glyma.10G141000.Wm82.a4.v1,0.6065964623446504
Glyma.19G001500.Wm82.a4.v1,0.6065362298472102
Glyma.16G203600.Wm82.a4.v1,0.6065261910976368
Glyma.15G007000.Wm82.a4.v1,0.6065261910976368
Glyma.03G181400.Wm82.a4.v1,0.6065211717228502
Glyma.03G259600.Wm82.a4.v1,0.6064910554741302
Glyma.18G245500.Wm82.a4.v1,0.6064659586001968
Glyma.10G047700.Wm82.a4.v1,0.6064609392254101
Glyma.15G257300.Wm82.a4.v1,0.60641576485233
Glyma.19G023000.Wm82.a4.v1,0.6063806292288233
Glyma.16G032600.Wm82.a4.v1,0.6063655711044632
Glyma.02G306300.Wm82.a4.v1,0.6063505129801032
Glyma.14G005200.Wm82.a4.v1,0.6063404742305298
Glyma.12G115800.Wm82.a4.v1,0.6062952998574498
Glyma.01G170900.Wm82.a4.v1,0.6062802417330897
Glyma.07G263800.Wm82.a4.v1,0.6062802417330897
Glyma.04G043900.Wm82.a4.v1,0.606245106109583
Glyma.17G028100.Wm82.a4.v1,0.6062200092356496
Glyma.05G187800.Wm82.a4.v1,0.606214989860863
Glyma.06G090100.Wm82.a4.v1,0.606214989860863
Glyma.11G152700.Wm82.a4.v1,0.6062049511112896
Glyma.06G286100.Wm82.a4.v1,0.6061949123617162
Glyma.13G282700.Wm82.a4.v1,0.6061848736121429
Glyma.04G249300.Wm82.a4.v1,0.6061497379886361
Glyma.11G045700.Wm82.a4.v1,0.6061196217399161
Glyma.09G018400.Wm82.a4.v1,0.6060995442407694
Glyma.02G234200.Wm82.a4.v1,0.6060844861164093
Glyma.12G009100.Wm82.a4.v1,0.6060794667416227
Glyma.16G052900.Wm82.a4.v1,0.606074447366836
Glyma.13G111400.Wm82.a4.v1,0.6060694279920493
Glyma.11G104700.Wm82.a4.v1,0.6060644086172626
Glyma.13G290500.Wm82.a4.v1,0.6060242536189692
Glyma.09G092100.Wm82.a4.v1,0.6060041761198225
Glyma.11G241200.Wm82.a4.v1,0.6059288854980224
Glyma.05G018000.Wm82.a4.v1,0.6059138273736623
Glyma.13G171900.Wm82.a4.v1,0.6058937498745156
Glyma.14G098300.Wm82.a4.v1,0.6058937498745156
Glyma.18G013100.Wm82.a4.v1,0.6058134398779288
Glyma.09G148100.Wm82.a4.v1,0.6057732848796354
Glyma.13G347900.Wm82.a4.v1,0.605763246130062
Glyma.17G053300.Wm82.a4.v1,0.6057030136326219
Glyma.16G041600.Wm82.a4.v1,0.6056979942578352
Glyma.10G038100.Wm82.a4.v1,0.6056929748830485
Glyma.07G112100.Wm82.a4.v1,0.6056879555082619
Glyma.15G195100.Wm82.a4.v1,0.6056678780091151
Glyma.10G271100.Wm82.a4.v1,0.6056578392595419
Glyma.06G318200.Wm82.a4.v1,0.6056377617603951
Glyma.01G023500.Wm82.a4.v1,0.6056227036360351
Glyma.13G223100.Wm82.a4.v1,0.6056026261368884
Glyma.13G372600.Wm82.a4.v1,0.6055674905133817
Glyma.06G122500.Wm82.a4.v1,0.6054771417672214
Glyma.05G155300.Wm82.a4.v1,0.6054470255185014
Glyma.14G179500.Wm82.a4.v1,0.6054118898949947
Glyma.20G161600.Wm82.a4.v1,0.605406870520208
Glyma.17G050300.Wm82.a4.v1,0.6054018511454213
Glyma.10G198000.Wm82.a4.v1,0.6053867930210612
Glyma.01G175900.Wm82.a4.v1,0.6053817736462747
Glyma.01G009900.Wm82.a4.v1,0.605376754271488
Glyma.06G147600.Wm82.a4.v1,0.6053667155219146
Glyma.19G173100.Wm82.a4.v1,0.6053315798984078
Glyma.13G284200.Wm82.a4.v1,0.6053315798984078
Glyma.05G186000.Wm82.a4.v1,0.6053115023992611
Glyma.04G096200.Wm82.a4.v1,0.6052864055253278
Glyma.10G168600.Wm82.a4.v1,0.6052813861505411
Glyma.06G189500.Wm82.a4.v1,0.6052562892766077
Glyma.08G134800.Wm82.a4.v1,0.6052462505270344
Glyma.10G100400.Wm82.a4.v1,0.6051960567791675
Glyma.07G180100.Wm82.a4.v1,0.6051659405304475
Glyma.11G241702.Wm82.a4.v1,0.6051308049069408
Glyma.08G099900.Wm82.a4.v1,0.6051308049069408
Glyma.08G180800.Wm82.a4.v1,0.6051057080330075
Glyma.03G019300.Wm82.a4.v1,0.6051057080330075
Glyma.02G277000.Wm82.a4.v1,0.6050906499086474
Glyma.13G322000.Wm82.a4.v1,0.6050806111590741
Glyma.09G153100.Wm82.a4.v1,0.6050304174112072
Glyma.04G202400.Wm82.a4.v1,0.6050253980364206
Glyma.04G169500.Wm82.a4.v1,0.6049450880398337
Glyma.10G170200.Wm82.a4.v1,0.6049400686650471
Glyma.07G108500.Wm82.a4.v1,0.6049199911659003
Glyma.14G098900.Wm82.a4.v1,0.6048848555423937
Glyma.17G022900.Wm82.a4.v1,0.6048647780432469
Glyma.16G077900.Wm82.a4.v1,0.6048346617945268
Glyma.15G046700.Wm82.a4.v1,0.6048346617945268
Glyma.11G121100.Wm82.a4.v1,0.6048045455458068
Glyma.15G084600.Wm82.a4.v1,0.6047694099223001
Glyma.19G252600.Wm82.a4.v1,0.60475435179794
Glyma.18G240800.Wm82.a4.v1,0.6047443130483667
Glyma.03G249500.Wm82.a4.v1,0.60473929367358
Glyma.11G221900.Wm82.a4.v1,0.6046640030517799
Glyma.08G364000.Wm82.a4.v1,0.6046439255526331
Glyma.19G213000.Wm82.a4.v1,0.6046288674282732
Glyma.15G276200.Wm82.a4.v1,0.6046288674282732
Glyma.19G247100.Wm82.a4.v1,0.6046238480534865
Glyma.04G200800.Wm82.a4.v1,0.6046087899291265
Glyma.20G231200.Wm82.a4.v1,0.6046037705543398
Glyma.02G097000.Wm82.a4.v1,0.6045259702451463
Glyma.11G194300.Wm82.a4.v1,0.6045134218081796
Glyma.01G225200.Wm82.a4.v1,0.6044983636838196
Glyma.12G158000.Wm82.a4.v1,0.6044933443090329
Glyma.10G032900.Wm82.a4.v1,0.6044883249342462
Glyma.15G094900.Wm82.a4.v1,0.6044833055594595
Glyma.05G096900.Wm82.a4.v1,0.6044732668098861
Glyma.02G280600.Wm82.a4.v1,0.6044632280603128
Glyma.01G229400.Wm82.a4.v1,0.6044531893107394
Glyma.03G050100.Wm82.a4.v1,0.6044481699359527
Glyma.01G053800.Wm82.a4.v1,0.6044431505611662
Glyma.01G061700.Wm82.a4.v1,0.6044381311863795
Glyma.18G074900.Wm82.a4.v1,0.6044331118115928
Glyma.03G074300.Wm82.a4.v1,0.6044280924368061
Glyma.07G213500.Wm82.a4.v1,0.6044230730620194
Glyma.05G178500.Wm82.a4.v1,0.6044080149376594
Glyma.04G227100.Wm82.a4.v1,0.6044029955628727
Glyma.17G062300.Wm82.a4.v1,0.604397976188086
Glyma.20G151100.Wm82.a4.v1,0.6043778986889393
Glyma.02G005000.Wm82.a4.v1,0.6043678599393659
Glyma.11G222700.Wm82.a4.v1,0.604352801815006
Glyma.10G018700.Wm82.a4.v1,0.6043427630654326
Glyma.18G245000.Wm82.a4.v1,0.6043377436906459
Glyma.10G292700.Wm82.a4.v1,0.6043377436906459
Glyma.19G000800.Wm82.a4.v1,0.6043076274419258
Glyma.08G173900.Wm82.a4.v1,0.6042825305679924
Glyma.15G140900.Wm82.a4.v1,0.604257433694059
Glyma.05G133100.Wm82.a4.v1,0.604227317445339
Glyma.05G021400.Wm82.a4.v1,0.6042022205714056
Glyma.05G001600.Wm82.a4.v1,0.6041419880739655
Glyma.12G133500.Wm82.a4.v1,0.6041269299496055
Glyma.15G072700.Wm82.a4.v1,0.6041269299496055
Glyma.16G113100.Wm82.a4.v1,0.6041269299496055
Glyma.17G078100.Wm82.a4.v1,0.6041269299496055
Glyma.13G218800.Wm82.a4.v1,0.6041018330756721
Glyma.06G049600.Wm82.a4.v1,0.604086774951312
Glyma.03G122200.Wm82.a4.v1,0.6040666974521653
Glyma.16G073200.Wm82.a4.v1,0.6040616780773786
Glyma.20G167500.Wm82.a4.v1,0.6040466199530187
Glyma.17G092300.Wm82.a4.v1,0.6040315618286586
Glyma.09G051600.Wm82.a4.v1,0.604026542453872
Glyma.17G192100.Wm82.a4.v1,0.6040215230790853
Glyma.20G123200.Wm82.a4.v1,0.6040014455799385
Glyma.04G064900.Wm82.a4.v1,0.6039914068303652
Glyma.02G254000.Wm82.a4.v1,0.6039211355833517
Glyma.04G207900.Wm82.a4.v1,0.603885999959845
Glyma.04G031800.Wm82.a4.v1,0.6038659224606983
Glyma.08G065000.Wm82.a4.v1,0.6038609030859117
Glyma.13G306500.Wm82.a4.v1,0.6038307868371916
Glyma.11G192100.Wm82.a4.v1,0.6038207480876182
Glyma.20G066600.Wm82.a4.v1,0.6038006705884715
Glyma.15G087700.Wm82.a4.v1,0.6037554962153914
Glyma.06G007900.Wm82.a4.v1,0.6037504768406048
Glyma.13G275900.Wm82.a4.v1,0.6037354187162447
Glyma.08G115800.Wm82.a4.v1,0.6037354187162447
Glyma.18G027200.Wm82.a4.v1,0.6037002830927379
Glyma.13G347400.Wm82.a4.v1,0.6036249924709378
Glyma.06G232100.Wm82.a4.v1,0.6035998955970044
Glyma.09G251100.Wm82.a4.v1,0.6034894693516976
Glyma.07G234300.Wm82.a4.v1,0.6034844499769109
Glyma.12G206400.Wm82.a4.v1,0.6034844499769109
Glyma.18G248900.Wm82.a4.v1,0.6034744112273375
Glyma.18G299400.Wm82.a4.v1,0.6034643724777642
Glyma.19G101401.Wm82.a4.v1,0.6034442949786175
Glyma.18G159900.Wm82.a4.v1,0.6034292368542574
Glyma.01G009800.Wm82.a4.v1,0.6033941012307507
Glyma.02G079900.Wm82.a4.v1,0.6033639849820306
Glyma.18G276900.Wm82.a4.v1,0.6033539462324573
Glyma.08G051900.Wm82.a4.v1,0.6033288493585239
Glyma.16G155800.Wm82.a4.v1,0.6033188106089505
Glyma.17G144400.Wm82.a4.v1,0.6033037524845906
Glyma.14G033200.Wm82.a4.v1,0.6032786556106572
Glyma.08G337200.Wm82.a4.v1,0.6032736362358705
Glyma.11G118100.Wm82.a4.v1,0.6032635974862971
Glyma.08G152400.Wm82.a4.v1,0.6032385006123637
Glyma.02G163300.Wm82.a4.v1,0.603233481237577
Glyma.07G009600.Wm82.a4.v1,0.6031933262392837
Glyma.07G106200.Wm82.a4.v1,0.6031832874897103
Glyma.05G154200.Wm82.a4.v1,0.6031782681149236
Glyma.09G205100.Wm82.a4.v1,0.6031381131166302
Glyma.01G146400.Wm82.a4.v1,0.6031280743670568
Glyma.01G190300.Wm82.a4.v1,0.6030728612444034
Glyma.05G223700.Wm82.a4.v1,0.60304023530829
Glyma.19G204200.Wm82.a4.v1,0.6030327062461099
Glyma.08G172800.Wm82.a4.v1,0.6029574156243098
Glyma.17G052400.Wm82.a4.v1,0.6029172606260165
Glyma.13G084800.Wm82.a4.v1,0.6028720862529363
Glyma.04G186400.Wm82.a4.v1,0.6028720862529363
Glyma.02G307400.Wm82.a4.v1,0.6028570281285763
Glyma.01G225800.Wm82.a4.v1,0.6028520087537896
Glyma.19G203200.Wm82.a4.v1,0.6028469893790029
Glyma.02G090200.Wm82.a4.v1,0.6028018150059229
Glyma.02G057800.Wm82.a4.v1,0.6027817375067761
Glyma.15G058900.Wm82.a4.v1,0.6027767181319895
Glyma.10G243000.Wm82.a4.v1,0.6027666793824161
Glyma.15G209600.Wm82.a4.v1,0.6027089565723693
Glyma.16G038300.Wm82.a4.v1,0.6027014275101893
Glyma.03G264500.Wm82.a4.v1,0.6027014275101893
Glyma.10G021500.Wm82.a4.v1,0.6026763306362559
Glyma.19G247700.Wm82.a4.v1,0.6026662918866826
Glyma.09G185200.Wm82.a4.v1,0.6026512337623225
Glyma.11G240500.Wm82.a4.v1,0.6026512337623225
Glyma.02G106900.Wm82.a4.v1,0.6026462143875359
Glyma.20G212000.Wm82.a4.v1,0.6026462143875359
Glyma.10G058100.Wm82.a4.v1,0.6026411950127493
Glyma.10G212600.Wm82.a4.v1,0.6026311562631759
Glyma.05G110100.Wm82.a4.v1,0.6026211175136025
Glyma.10G084300.Wm82.a4.v1,0.6025157106430823
Glyma.08G110100.Wm82.a4.v1,0.6024755556447889
Glyma.09G061600.Wm82.a4.v1,0.6024755556447889
Glyma.19G125400.Wm82.a4.v1,0.6024604975204289
Glyma.14G128900.Wm82.a4.v1,0.6024604975204289
Glyma.11G094600.Wm82.a4.v1,0.6024153231473488
Glyma.06G062800.Wm82.a4.v1,0.6023826972112354
Glyma.09G107200.Wm82.a4.v1,0.6023701487742686
Glyma.02G305000.Wm82.a4.v1,0.6023550906499087
Glyma.06G115200.Wm82.a4.v1,0.6023249744011886
Glyma.12G043200.Wm82.a4.v1,0.6023249744011886
Glyma.03G255100.Wm82.a4.v1,0.6022948581524685
Glyma.01G035100.Wm82.a4.v1,0.6022898387776818
Glyma.18G202800.Wm82.a4.v1,0.6022747806533219
Glyma.11G111600.Wm82.a4.v1,0.6022647419037485
Glyma.18G234200.Wm82.a4.v1,0.6021994900315216
Glyma.10G243100.Wm82.a4.v1,0.6021844319071616
Glyma.18G175500.Wm82.a4.v1,0.6021743931575883
Glyma.20G229500.Wm82.a4.v1,0.6021743931575883
Glyma.05G075900.Wm82.a4.v1,0.6021442769088682
Glyma.03G198000.Wm82.a4.v1,0.6021392575340816
Glyma.15G060200.Wm82.a4.v1,0.6021292187845082
Glyma.14G039600.Wm82.a4.v1,0.6020639669122814
Glyma.03G149800.Wm82.a4.v1,0.6020137731644146
Glyma.03G243600.Wm82.a4.v1,0.6019987150400546
Glyma.11G019400.Wm82.a4.v1,0.601993695665268
Glyma.16G051500.Wm82.a4.v1,0.6019736181661213
Glyma.11G226700.Wm82.a4.v1,0.6019685987913346
Glyma.13G219400.Wm82.a4.v1,0.6019485212921879
Glyma.15G035700.Wm82.a4.v1,0.6019384825426145
Glyma.07G190600.Wm82.a4.v1,0.6019334631678278
Glyma.15G050400.Wm82.a4.v1,0.6019133856686811
Glyma.02G271900.Wm82.a4.v1,0.6019083662938944
Glyma.15G142900.Wm82.a4.v1,0.6018832694199611
Glyma.10G292500.Wm82.a4.v1,0.6018581725460277
Glyma.17G215500.Wm82.a4.v1,0.6018054691107676
Glyma.11G096200.Wm82.a4.v1,0.6017879012990142
Glyma.07G249700.Wm82.a4.v1,0.6017828819242275
Glyma.16G205700.Wm82.a4.v1,0.6017577850502941
Glyma.16G198300.Wm82.a4.v1,0.6017477463007208
Glyma.13G220200.Wm82.a4.v1,0.6017402172385408
Glyma.09G267200.Wm82.a4.v1,0.6016373200554139
Glyma.20G217700.Wm82.a4.v1,0.6016272813058405
Glyma.20G069800.Wm82.a4.v1,0.6016222619310538
Glyma.13G342400.Wm82.a4.v1,0.6016222619310538
Glyma.20G189900.Wm82.a4.v1,0.6016021844319072
Glyma.20G100800.Wm82.a4.v1,0.6015871263075472
Glyma.10G128400.Wm82.a4.v1,0.6015821069327605
Glyma.18G138400.Wm82.a4.v1,0.6015770875579738
Glyma.13G281300.Wm82.a4.v1,0.6015570100588271
Glyma.03G229400.Wm82.a4.v1,0.6015570100588271
Glyma.13G183800.Wm82.a4.v1,0.6015519906840404
Glyma.07G042000.Wm82.a4.v1,0.601526893810107
Glyma.12G225400.Wm82.a4.v1,0.6015017969361737
Glyma.14G223100.Wm82.a4.v1,0.6014666613126669
Glyma.15G268700.Wm82.a4.v1,0.6014666613126669
Glyma.16G166800.Wm82.a4.v1,0.6014666613126669
Glyma.20G150000.Wm82.a4.v1,0.6014566225630935
Glyma.06G021000.Wm82.a4.v1,0.6014164675648002
Glyma.16G062200.Wm82.a4.v1,0.6014164675648002
Glyma.09G228600.Wm82.a4.v1,0.6014014094404401
Glyma.10G294700.Wm82.a4.v1,0.6013913706908668
Glyma.06G098800.Wm82.a4.v1,0.6013612544421467
Glyma.19G061100.Wm82.a4.v1,0.6012960025699199
Glyma.13G263300.Wm82.a4.v1,0.6012909831951332
Glyma.13G002500.Wm82.a4.v1,0.6012759250707732
Glyma.09G011300.Wm82.a4.v1,0.6012709056959865
Glyma.02G082200.Wm82.a4.v1,0.6012508281968398
Glyma.12G054767.Wm82.a4.v1,0.6012257313229065
Glyma.17G032800.Wm82.a4.v1,0.6012257313229065
Glyma.12G091500.Wm82.a4.v1,0.601200634448973
Glyma.08G081100.Wm82.a4.v1,0.6011604794506796
Glyma.U032405.Wm82.a4.v1,0.6011454213263195
Glyma.13G154600.Wm82.a4.v1,0.6011002469532395
Glyma.04G255900.Wm82.a4.v1,0.6010801694540928
Glyma.07G246900.Wm82.a4.v1,0.6010801694540928
Glyma.05G015000.Wm82.a4.v1,0.6010751500793061
Glyma.17G070000.Wm82.a4.v1,0.6010400144557994
Glyma.03G139000.Wm82.a4.v1,0.6010299757062261
Glyma.16G176800.Wm82.a4.v1,0.6010249563314394
Glyma.13G090800.Wm82.a4.v1,0.6009797819583592
Glyma.04G111900.Wm82.a4.v1,0.6009747625835726
Glyma.07G170700.Wm82.a4.v1,0.6009697432087859
Glyma.07G020300.Wm82.a4.v1,0.6009597044592125
Glyma.17G136900.Wm82.a4.v1,0.6009145300861325
Glyma.08G221400.Wm82.a4.v1,0.6009095107113458
Glyma.17G215200.Wm82.a4.v1,0.6008793944626257
Glyma.02G026800.Wm82.a4.v1,0.600874375087839
Glyma.04G163000.Wm82.a4.v1,0.6008643363382657
Glyma.11G108800.Wm82.a4.v1,0.600859316963479
Glyma.18G045400.Wm82.a4.v1,0.600859316963479
Glyma.03G136000.Wm82.a4.v1,0.6008392394643324
Glyma.17G096300.Wm82.a4.v1,0.600829200714759
Glyma.14G215500.Wm82.a4.v1,0.6006535225972253
Glyma.18G051100.Wm82.a4.v1,0.6006535225972253
Glyma.18G034800.Wm82.a4.v1,0.6005079607284116
Glyma.06G254700.Wm82.a4.v1,0.6005079607284116
Glyma.02G111400.Wm82.a4.v1,0.600502941353625
Glyma.06G056500.Wm82.a4.v1,0.600502941353625
Glyma.07G023800.Wm82.a4.v1,0.6004075732326781
Glyma.13G325700.Wm82.a4.v1,0.6003975344831047
Glyma.19G169500.Wm82.a4.v1,0.6003874957335315
Glyma.18G274700.Wm82.a4.v1,0.6003874957335315
Glyma.04G206600.Wm82.a4.v1,0.6003674182343848
Glyma.04G209400.Wm82.a4.v1,0.6003674182343848
Glyma.08G126500.Wm82.a4.v1,0.6003523601100247
Glyma.02G055300.Wm82.a4.v1,0.600347340735238
Glyma.05G158700.Wm82.a4.v1,0.6003347922982714
Glyma.10G264200.Wm82.a4.v1,0.6002620113638645
Glyma.05G183700.Wm82.a4.v1,0.6002469532395045
Glyma.08G026500.Wm82.a4.v1,0.6002419338647178
Glyma.07G151000.Wm82.a4.v1,0.6002369144899311
Glyma.09G173400.Wm82.a4.v1,0.6002369144899311
Glyma.19G012300.Wm82.a4.v1,0.6002017788664245
Glyma.12G021900.Wm82.a4.v1,0.6001415463689843
Glyma.09G192300.Wm82.a4.v1,0.600139036681591
Glyma.05G044300.Wm82.a4.v1,0.6000963719959042
Glyma.18G212700.Wm82.a4.v1,0.6000863332463309
Glyma.06G152500.Wm82.a4.v1,0.6000712751219708
Glyma.15G038400.Wm82.a4.v1,0.5999859457505973
Glyma.05G188800.Wm82.a4.v1,0.5999809263758106
Glyma.06G108200.Wm82.a4.v1,0.5999608488766639
Glyma.09G208500.Wm82.a4.v1,0.5999407713775172
Glyma.05G162700.Wm82.a4.v1,0.5999257132531571
Glyma.11G039100.Wm82.a4.v1,0.5999206938783705
Glyma.06G313000.Wm82.a4.v1,0.5999206938783705
Glyma.13G261500.Wm82.a4.v1,0.5998955970044372
Glyma.06G186000.Wm82.a4.v1,0.5997801513843436
Glyma.07G199000.Wm82.a4.v1,0.5997701126347702
Glyma.08G118000.Wm82.a4.v1,0.5997650932599835
Glyma.02G069400.Wm82.a4.v1,0.5996998413877568
Glyma.16G031500.Wm82.a4.v1,0.59967976388861
Glyma.04G074900.Wm82.a4.v1,0.5996596863894633
Glyma.05G119400.Wm82.a4.v1,0.5996396088903166
Glyma.03G222900.Wm82.a4.v1,0.5996044732668099
Glyma.08G215400.Wm82.a4.v1,0.5995843957676632
Glyma.08G238000.Wm82.a4.v1,0.5994589113979962
Glyma.20G118700.Wm82.a4.v1,0.5994438532736363
Glyma.13G247800.Wm82.a4.v1,0.5994036982753428
Glyma.03G220600.Wm82.a4.v1,0.5994036982753428
Glyma.18G143600.Wm82.a4.v1,0.5992907623426426
Glyma.19G065700.Wm82.a4.v1,0.5992832332804626
Glyma.02G116300.Wm82.a4.v1,0.5992731945308892
Glyma.18G030800.Wm82.a4.v1,0.5992430782821692
Glyma.06G317300.Wm82.a4.v1,0.599152729536009
Glyma.10G138700.Wm82.a4.v1,0.5991276326620756
Glyma.18G028500.Wm82.a4.v1,0.5991075551629289
Glyma.19G247600.Wm82.a4.v1,0.5991025357881422
Glyma.06G016400.Wm82.a4.v1,0.5990975164133555
Glyma.04G138500.Wm82.a4.v1,0.5990623807898489
Glyma.19G018800.Wm82.a4.v1,0.5990222257915554
Glyma.02G148400.Wm82.a4.v1,0.5989870901680486
Glyma.10G257300.Wm82.a4.v1,0.5989770514184753
Glyma.12G119000.Wm82.a4.v1,0.598951954544542
Glyma.16G022600.Wm82.a4.v1,0.5989117995462485
Glyma.18G235400.Wm82.a4.v1,0.5989017607966751
Glyma.09G016800.Wm82.a4.v1,0.5988816832975284
Glyma.04G009500.Wm82.a4.v1,0.5988565864235951
Glyma.10G175000.Wm82.a4.v1,0.598781295801795
Glyma.03G262100.Wm82.a4.v1,0.5987762764270083
Glyma.07G020100.Wm82.a4.v1,0.5987411408035015
Glyma.12G205300.Wm82.a4.v1,0.5987160439295681
Glyma.18G230100.Wm82.a4.v1,0.5986909470556347
Glyma.16G035100.Wm82.a4.v1,0.598685927680848
Glyma.U031121.Wm82.a4.v1,0.5986809083060614
Glyma.02G163900.Wm82.a4.v1,0.5986307145581946
Glyma.08G254200.Wm82.a4.v1,0.5985855401851146
Glyma.16G179300.Wm82.a4.v1,0.5985855401851146
Glyma.07G072100.Wm82.a4.v1,0.5985704820607545
Glyma.10G233500.Wm82.a4.v1,0.5985202883128877
Glyma.08G145100.Wm82.a4.v1,0.598515268938101
Glyma.10G250800.Wm82.a4.v1,0.5984801333145944
Glyma.05G215100.Wm82.a4.v1,0.5984600558154476
Glyma.08G254500.Wm82.a4.v1,0.5984148814423675
Glyma.18G021100.Wm82.a4.v1,0.5983998233180076
Glyma.09G249800.Wm82.a4.v1,0.5983646876945008
Glyma.03G203800.Wm82.a4.v1,0.5982944164474873
Glyma.03G165400.Wm82.a4.v1,0.5982944164474873
Glyma.05G146500.Wm82.a4.v1,0.5982793583231273
Glyma.08G083600.Wm82.a4.v1,0.5982793583231273
Glyma.06G254000.Wm82.a4.v1,0.5982743389483406
Glyma.11G227900.Wm82.a4.v1,0.5982643001987672
Glyma.15G154200.Wm82.a4.v1,0.5982492420744072
Glyma.18G280500.Wm82.a4.v1,0.5982492420744072
Glyma.19G152900.Wm82.a4.v1,0.5982341839500471
Glyma.03G023500.Wm82.a4.v1,0.5981789708273937
Glyma.07G195100.Wm82.a4.v1,0.598143835203887
Glyma.14G035300.Wm82.a4.v1,0.5981388158291003
Glyma.09G154000.Wm82.a4.v1,0.5981337964543136
Glyma.12G228700.Wm82.a4.v1,0.5981337964543136
Glyma.17G066200.Wm82.a4.v1,0.5981237577047402
Glyma.07G247100.Wm82.a4.v1,0.598113718955167
Glyma.09G240300.Wm82.a4.v1,0.5980133314594334
Glyma.05G051100.Wm82.a4.v1,0.5980032927098601
Glyma.09G200700.Wm82.a4.v1,0.5980032927098601
Glyma.03G257700.Wm82.a4.v1,0.5979882345855
Glyma.06G209000.Wm82.a4.v1,0.5979882345855
Glyma.14G040600.Wm82.a4.v1,0.59797317646114
Glyma.09G004300.Wm82.a4.v1,0.5979480795872066
Glyma.05G001000.Wm82.a4.v1,0.59792800208806
Glyma.20G157300.Wm82.a4.v1,0.5979229827132733
Glyma.08G173500.Wm82.a4.v1,0.5979179633384866
Glyma.04G235100.Wm82.a4.v1,0.5978878470897665
Glyma.10G295400.Wm82.a4.v1,0.5978778083401931
Glyma.01G217900.Wm82.a4.v1,0.597847692091473
Glyma.01G142900.Wm82.a4.v1,0.5978326339671131
Glyma.20G009700.Wm82.a4.v1,0.5978276145923264
Glyma.02G065600.Wm82.a4.v1,0.5977623627200996
Glyma.10G123100.Wm82.a4.v1,0.5977171883470195
Glyma.05G010700.Wm82.a4.v1,0.5976971108478728
Glyma.06G323000.Wm82.a4.v1,0.5976569558495793
Glyma.13G093400.Wm82.a4.v1,0.5976519364747926
Glyma.18G187900.Wm82.a4.v1,0.5976519364747926
Glyma.03G122400.Wm82.a4.v1,0.5976519364747926
Glyma.10G127700.Wm82.a4.v1,0.5976418977252194
Glyma.20G025100.Wm82.a4.v1,0.5976218202260727
Glyma.10G005200.Wm82.a4.v1,0.5976067621017126
Glyma.02G154700.Wm82.a4.v1,0.5975716264782058
Glyma.01G204800.Wm82.a4.v1,0.5975615877286325
Glyma.02G274700.Wm82.a4.v1,0.5975390005420925
Glyma.18G080300.Wm82.a4.v1,0.5975314714799125
Glyma.09G249700.Wm82.a4.v1,0.5975214327303391
Glyma.05G139900.Wm82.a4.v1,0.5975164133555524
Glyma.10G031800.Wm82.a4.v1,0.5974561808581124
Glyma.17G141100.Wm82.a4.v1,0.5974511614833257
Glyma.01G060700.Wm82.a4.v1,0.5974411227337523
Glyma.16G013900.Wm82.a4.v1,0.5973909289858855
Glyma.03G129900.Wm82.a4.v1,0.5973658321119522
Glyma.17G024700.Wm82.a4.v1,0.597320657738872
Glyma.18G300700.Wm82.a4.v1,0.5973106189892987
Glyma.03G014900.Wm82.a4.v1,0.597290541490152
Glyma.18G010000.Wm82.a4.v1,0.597275483365792
Glyma.07G204500.Wm82.a4.v1,0.5972102314935651
Glyma.08G257600.Wm82.a4.v1,0.5972001927439918
Glyma.10G022900.Wm82.a4.v1,0.5971700764952718
Glyma.17G229400.Wm82.a4.v1,0.5971650571204851
Glyma.18G167300.Wm82.a4.v1,0.5971550183709117
Glyma.02G260500.Wm82.a4.v1,0.5971249021221917
Glyma.11G022900.Wm82.a4.v1,0.5971148633726183
Glyma.01G076900.Wm82.a4.v1,0.5970696889995383
Glyma.10G164300.Wm82.a4.v1,0.5969843596281648
Glyma.07G087000.Wm82.a4.v1,0.596964282129018
Glyma.05G184400.Wm82.a4.v1,0.5969592627542313
Glyma.08G196800.Wm82.a4.v1,0.5969442046298713
Glyma.15G029100.Wm82.a4.v1,0.5969241271307246
Glyma.19G116400.Wm82.a4.v1,0.5968990302567913
Glyma.18G131200.Wm82.a4.v1,0.5968889915072179
Glyma.14G153000.Wm82.a4.v1,0.5968789527576445
Glyma.15G047600.Wm82.a4.v1,0.5968689140080712
Glyma.02G076000.Wm82.a4.v1,0.5968588752584978
Glyma.05G163800.Wm82.a4.v1,0.5968588752584978
Glyma.05G233000.Wm82.a4.v1,0.5968337783845644
Glyma.06G005700.Wm82.a4.v1,0.5967835846366977
Glyma.05G168600.Wm82.a4.v1,0.596763507137551
Glyma.08G331800.Wm82.a4.v1,0.5967484490131909
Glyma.07G241300.Wm82.a4.v1,0.5967484490131909
Glyma.19G177200.Wm82.a4.v1,0.5967183327644708
Glyma.06G309600.Wm82.a4.v1,0.5966781777661775
Glyma.05G220700.Wm82.a4.v1,0.5966279840183106
Glyma.02G212200.Wm82.a4.v1,0.5966279840183106
Glyma.13G091900.Wm82.a4.v1,0.596592848394804
Glyma.05G049500.Wm82.a4.v1,0.596592848394804
Glyma.11G110600.Wm82.a4.v1,0.5965878290200173
Glyma.10G047900.Wm82.a4.v1,0.5965777902704439
Glyma.17G114300.Wm82.a4.v1,0.5965326158973638
Glyma.18G014900.Wm82.a4.v1,0.5964774027747104
Glyma.13G001000.Wm82.a4.v1,0.5964723833999237
Glyma.16G030100.Wm82.a4.v1,0.5964422671512036
Glyma.04G101300.Wm82.a4.v1,0.5964422671512036
Glyma.04G243500.Wm82.a4.v1,0.5964372477764169
Glyma.11G008600.Wm82.a4.v1,0.5964246993394503
Glyma.16G005200.Wm82.a4.v1,0.5964071315276969
Glyma.15G236500.Wm82.a4.v1,0.5963920734033369
Glyma.06G151300.Wm82.a4.v1,0.5963719959041902
Glyma.13G326200.Wm82.a4.v1,0.5963619571546168
Glyma.04G170500.Wm82.a4.v1,0.5963519184050434
Glyma.07G126300.Wm82.a4.v1,0.5963519184050434
Glyma.02G050600.Wm82.a4.v1,0.5963318409058967
Glyma.02G248300.Wm82.a4.v1,0.5962916859076034
Glyma.08G025800.Wm82.a4.v1,0.5962866665328167
Glyma.08G041600.Wm82.a4.v1,0.5962615696588833
Glyma.13G356200.Wm82.a4.v1,0.5962414921597365
Glyma.20G079100.Wm82.a4.v1,0.5962214146605899
Glyma.02G289300.Wm82.a4.v1,0.5962214146605899
Glyma.01G220200.Wm82.a4.v1,0.5962163952858032
Glyma.09G071800.Wm82.a4.v1,0.5962063565362299
Glyma.01G230200.Wm82.a4.v1,0.5961912984118698
Glyma.15G249900.Wm82.a4.v1,0.596141104664003
Glyma.02G207200.Wm82.a4.v1,0.5961260465396431
Glyma.13G256700.Wm82.a4.v1,0.5961009496657096
Glyma.17G250900.Wm82.a4.v1,0.5960858915413496
Glyma.01G159000.Wm82.a4.v1,0.595955387796896
Glyma.15G027900.Wm82.a4.v1,0.5959302909229627
Glyma.20G216900.Wm82.a4.v1,0.5959152327986026
Glyma.03G068900.Wm82.a4.v1,0.5959152327986026
Glyma.02G299000.Wm82.a4.v1,0.5959001746742426
Glyma.14G218700.Wm82.a4.v1,0.5958600196759491
Glyma.12G195800.Wm82.a4.v1,0.5958550003011625
Glyma.18G124600.Wm82.a4.v1,0.5958499809263758
Glyma.11G248700.Wm82.a4.v1,0.5958499809263758
Glyma.15G209800.Wm82.a4.v1,0.5958499809263758
Glyma.09G131400.Wm82.a4.v1,0.5958449615515892
Glyma.03G022900.Wm82.a4.v1,0.5958248840524424
Glyma.17G080400.Wm82.a4.v1,0.5957746903045756
Glyma.18G097000.Wm82.a4.v1,0.5956893609332021
Glyma.18G179200.Wm82.a4.v1,0.5956843415584154
Glyma.15G136300.Wm82.a4.v1,0.5956642640592688
Glyma.10G217500.Wm82.a4.v1,0.5956492059349088
Glyma.13G187200.Wm82.a4.v1,0.5956391671853354
Glyma.05G218100.Wm82.a4.v1,0.595599012187042
Glyma.19G108400.Wm82.a4.v1,0.5955939928122553
Glyma.14G024200.Wm82.a4.v1,0.5955789346878952
Glyma.15G198100.Wm82.a4.v1,0.5955789346878952
Glyma.13G144800.Wm82.a4.v1,0.5955437990643886
Glyma.04G256700.Wm82.a4.v1,0.5955086634408818
Glyma.13G275100.Wm82.a4.v1,0.5954885859417351
Glyma.06G291400.Wm82.a4.v1,0.5954785471921618
Glyma.08G216900.Wm82.a4.v1,0.5954685084425884
Glyma.11G019800.Wm82.a4.v1,0.5954584696930151
Glyma.20G130800.Wm82.a4.v1,0.5954383921938683
Glyma.05G096000.Wm82.a4.v1,0.5953982371955749
Glyma.04G194000.Wm82.a4.v1,0.5953681209468549
Glyma.14G033900.Wm82.a4.v1,0.5953631015720682
Glyma.19G037800.Wm82.a4.v1,0.5953530628224948
Glyma.04G232100.Wm82.a4.v1,0.5953279659485614
Glyma.02G073100.Wm82.a4.v1,0.5953078884494147
Glyma.18G172600.Wm82.a4.v1,0.5953078884494147
Glyma.10G091300.Wm82.a4.v1,0.595302869074628
Glyma.03G213100.Wm82.a4.v1,0.5952827915754814
Glyma.08G015200.Wm82.a4.v1,0.595257694701548
Glyma.17G208500.Wm82.a4.v1,0.5952376172024013
Glyma.06G172500.Wm82.a4.v1,0.5952075009536812
Glyma.05G123600.Wm82.a4.v1,0.5952075009536812
Glyma.13G196900.Wm82.a4.v1,0.5951422490814544
Glyma.16G134900.Wm82.a4.v1,0.5951372297066677
Glyma.15G052200.Wm82.a4.v1,0.595117152207521
Glyma.08G112900.Wm82.a4.v1,0.5950569197100809
Glyma.04G161200.Wm82.a4.v1,0.5950318228361475
Glyma.20G110600.Wm82.a4.v1,0.5950268034613608
Glyma.04G216400.Wm82.a4.v1,0.5950268034613608
Glyma.19G260100.Wm82.a4.v1,0.5950217840865741
Glyma.04G009900.Wm82.a4.v1,0.5950167647117875
Glyma.11G190000.Wm82.a4.v1,0.5950117453370009
Glyma.13G198700.Wm82.a4.v1,0.5950017065874275
Glyma.10G074100.Wm82.a4.v1,0.5949665709639207
Glyma.12G018400.Wm82.a4.v1,0.5949515128395607
Glyma.02G020000.Wm82.a4.v1,0.5949213965908406
Glyma.01G172300.Wm82.a4.v1,0.5949113578412673
Glyma.07G273800.Wm82.a4.v1,0.5949113578412673
Glyma.10G279400.Wm82.a4.v1,0.594901319091694
Glyma.12G163500.Wm82.a4.v1,0.5948812415925472
Glyma.19G221400.Wm82.a4.v1,0.5948762222177606
Glyma.17G234200.Wm82.a4.v1,0.5948260284698937
Glyma.07G253900.Wm82.a4.v1,0.5948109703455338
Glyma.02G100600.Wm82.a4.v1,0.5948059509707471
Glyma.04G253400.Wm82.a4.v1,0.5947959122211738
Glyma.17G110900.Wm82.a4.v1,0.594775834722027
Glyma.19G224000.Wm82.a4.v1,0.5947356797237336
Glyma.04G014600.Wm82.a4.v1,0.5946905053506535
Glyma.19G069300.Wm82.a4.v1,0.5946804666010802
Glyma.17G110600.Wm82.a4.v1,0.5946152147288534
Glyma.09G256100.Wm82.a4.v1,0.5946001566044934
Glyma.10G232500.Wm82.a4.v1,0.5945951372297067
Glyma.01G134400.Wm82.a4.v1,0.5945047884835465
Glyma.10G132800.Wm82.a4.v1,0.5944997691087598
Glyma.06G030600.Wm82.a4.v1,0.5944947497339731
Glyma.01G158400.Wm82.a4.v1,0.594449575360893
Glyma.17G216600.Wm82.a4.v1,0.5944144397373863
Glyma.15G272400.Wm82.a4.v1,0.5943441684903729
Glyma.10G070700.Wm82.a4.v1,0.5943140522416528
Glyma.06G166200.Wm82.a4.v1,0.594278916618146
Glyma.11G002200.Wm82.a4.v1,0.5942437809946393
Glyma.15G163900.Wm82.a4.v1,0.5942437809946393
Glyma.19G135300.Wm82.a4.v1,0.5942287228702793
Glyma.10G105900.Wm82.a4.v1,0.5942237034954926
Glyma.15G266700.Wm82.a4.v1,0.5942237034954926
Glyma.10G016300.Wm82.a4.v1,0.5942186841207059
Glyma.20G216400.Wm82.a4.v1,0.5941885678719858
Glyma.17G198800.Wm82.a4.v1,0.5941484128736925
Glyma.10G149700.Wm82.a4.v1,0.5941182966249724
Glyma.08G153100.Wm82.a4.v1,0.5940781416266789
Glyma.18G216900.Wm82.a4.v1,0.5940580641275323
Glyma.20G219300.Wm82.a4.v1,0.5940530447527456
Glyma.16G096000.Wm82.a4.v1,0.5940379866283856
Glyma.06G314900.Wm82.a4.v1,0.5940179091292389
Glyma.13G096000.Wm82.a4.v1,0.5940179091292389
Glyma.02G173300.Wm82.a4.v1,0.5940128897544522
Glyma.05G170200.Wm82.a4.v1,0.5939476378822254
Glyma.04G219200.Wm82.a4.v1,0.593937599132652
Glyma.04G175400.Wm82.a4.v1,0.5937870178890517
Glyma.20G022200.Wm82.a4.v1,0.5937117272672516
Glyma.12G168800.Wm82.a4.v1,0.5936715722689582
Glyma.14G006400.Wm82.a4.v1,0.5936163591463047
Glyma.11G128700.Wm82.a4.v1,0.593611339771518
Glyma.05G186900.Wm82.a4.v1,0.5936063203967313
Glyma.08G301700.Wm82.a4.v1,0.5935862428975847
Glyma.17G109400.Wm82.a4.v1,0.5935561266488646
Glyma.07G243300.Wm82.a4.v1,0.5935460878992913
Glyma.02G071300.Wm82.a4.v1,0.5935260104001445
Glyma.10G292900.Wm82.a4.v1,0.5935209910253579
Glyma.10G200000.Wm82.a4.v1,0.5935059329009978
Glyma.11G231100.Wm82.a4.v1,0.5935009135262111
Glyma.09G239600.Wm82.a4.v1,0.5935009135262111
Glyma.07G251000.Wm82.a4.v1,0.5934908747766379
Glyma.07G051000.Wm82.a4.v1,0.5934707972774911
Glyma.10G046600.Wm82.a4.v1,0.593440681028771
Glyma.17G003700.Wm82.a4.v1,0.5934356616539844
Glyma.06G073900.Wm82.a4.v1,0.5934055454052644
Glyma.08G224500.Wm82.a4.v1,0.5933904872809043
Glyma.11G243600.Wm82.a4.v1,0.5933101772843175
Glyma.02G223100.Wm82.a4.v1,0.5932951191599575
Glyma.18G276300.Wm82.a4.v1,0.5931846929146506
Glyma.01G223100.Wm82.a4.v1,0.5931796735398639
Glyma.01G090002.Wm82.a4.v1,0.5931746541650772
Glyma.09G031900.Wm82.a4.v1,0.5931595960407172
Glyma.11G121300.Wm82.a4.v1,0.5931595960407172
Glyma.08G167800.Wm82.a4.v1,0.5931595960407172
Glyma.09G174200.Wm82.a4.v1,0.5931043829180638
Glyma.02G038300.Wm82.a4.v1,0.5930792860441303
Glyma.15G078000.Wm82.a4.v1,0.5930592085449836
Glyma.17G081700.Wm82.a4.v1,0.5930541891701969
Glyma.07G189700.Wm82.a4.v1,0.5930491697954103
Glyma.18G263400.Wm82.a4.v1,0.5930290922962635
Glyma.19G202200.Wm82.a4.v1,0.5929989760475435
Glyma.07G160500.Wm82.a4.v1,0.5929788985483968
Glyma.13G281400.Wm82.a4.v1,0.5929638404240368
Glyma.18G085200.Wm82.a4.v1,0.5929487822996767
Glyma.12G231700.Wm82.a4.v1,0.5929186660509567
Glyma.04G093400.Wm82.a4.v1,0.5928659626156966
Glyma.08G164100.Wm82.a4.v1,0.5928584335535165
Glyma.03G102500.Wm82.a4.v1,0.5928082398056498
Glyma.11G210989.Wm82.a4.v1,0.5928082398056498
Glyma.04G193600.Wm82.a4.v1,0.5927982010560765
Glyma.19G236500.Wm82.a4.v1,0.5927781235569297
Glyma.13G008500.Wm82.a4.v1,0.5927630654325697
Glyma.01G166000.Wm82.a4.v1,0.5927379685586364
Glyma.05G196700.Wm82.a4.v1,0.592727929809063
Glyma.18G005400.Wm82.a4.v1,0.5926877748107696
Glyma.13G277400.Wm82.a4.v1,0.5926777360611962
Glyma.09G223000.Wm82.a4.v1,0.5926676973116228
Glyma.05G138900.Wm82.a4.v1,0.5926576585620495
Glyma.08G111000.Wm82.a4.v1,0.5926526391872629
Glyma.16G018200.Wm82.a4.v1,0.5925773485654627
Glyma.04G064600.Wm82.a4.v1,0.592557271066316
Glyma.01G028100.Wm82.a4.v1,0.5925472323167427
Glyma.02G006000.Wm82.a4.v1,0.5925221354428093
Glyma.17G257100.Wm82.a4.v1,0.5924819804445158
Glyma.08G004300.Wm82.a4.v1,0.5924518641957958
Glyma.02G068500.Wm82.a4.v1,0.592416728572289
Glyma.17G001500.Wm82.a4.v1,0.5924066898227157
Glyma.10G272800.Wm82.a4.v1,0.5923514767000623
Glyma.03G231300.Wm82.a4.v1,0.5922962635774088
Glyma.01G042300.Wm82.a4.v1,0.5922661473286888
Glyma.08G149700.Wm82.a4.v1,0.5922360310799687
Glyma.07G237700.Wm82.a4.v1,0.592231011705182
Glyma.18G282000.Wm82.a4.v1,0.5922008954564619
Glyma.13G030400.Wm82.a4.v1,0.5921657598329552
Glyma.08G113800.Wm82.a4.v1,0.5920954885859417
Glyma.05G053800.Wm82.a4.v1,0.592045294838075
Glyma.12G205500.Wm82.a4.v1,0.5920352560885016
Glyma.13G054400.Wm82.a4.v1,0.5920151785893549
Glyma.02G188200.Wm82.a4.v1,0.5920101592145682
Glyma.06G076000.Wm82.a4.v1,0.5920051398397815
Glyma.10G090400.Wm82.a4.v1,0.5920001204649948
Glyma.13G292700.Wm82.a4.v1,0.5919800429658482
Glyma.03G210000.Wm82.a4.v1,0.5919499267171281
Glyma.02G251100.Wm82.a4.v1,0.5919398879675548
Glyma.12G127600.Wm82.a4.v1,0.5919298492179814
Glyma.17G140800.Wm82.a4.v1,0.5919248298431947
Glyma.06G058200.Wm82.a4.v1,0.5919248298431947
Glyma.02G283300.Wm82.a4.v1,0.591904752344048
Glyma.02G186700.Wm82.a4.v1,0.591889694219688
Glyma.06G187500.Wm82.a4.v1,0.5918771457827213
Glyma.20G024900.Wm82.a4.v1,0.5917792679743811
Glyma.05G005600.Wm82.a4.v1,0.5917391129760877
Glyma.19G197900.Wm82.a4.v1,0.5916387254803541
Glyma.17G238600.Wm82.a4.v1,0.5916286867307808
Glyma.06G290800.Wm82.a4.v1,0.5915835123577007
Glyma.14G179300.Wm82.a4.v1,0.5915835123577007
Glyma.07G185900.Wm82.a4.v1,0.5915584154837673
Glyma.13G131600.Wm82.a4.v1,0.5915584154837673
Glyma.07G181000.Wm82.a4.v1,0.5915433573594073
Glyma.05G158100.Wm82.a4.v1,0.5915282992350472
Glyma.19G188800.Wm82.a4.v1,0.5915082217359006
Glyma.02G231200.Wm82.a4.v1,0.5915032023611139
Glyma.08G029600.Wm82.a4.v1,0.5915032023611139
Glyma.08G272500.Wm82.a4.v1,0.5914730861123938
Glyma.07G221100.Wm82.a4.v1,0.5914730861123938
Glyma.17G057600.Wm82.a4.v1,0.5914580279880338
Glyma.09G030400.Wm82.a4.v1,0.5914479892384604
Glyma.16G213100.Wm82.a4.v1,0.5914178729897404
Glyma.16G025900.Wm82.a4.v1,0.591392776115807
Glyma.10G215200.Wm82.a4.v1,0.591377717991447
Glyma.19G170400.Wm82.a4.v1,0.5913676792418736
Glyma.18G053900.Wm82.a4.v1,0.5913626598670869
Glyma.06G297300.Wm82.a4.v1,0.5912873692452868
Glyma.19G036600.Wm82.a4.v1,0.5912873692452868
Glyma.12G000700.Wm82.a4.v1,0.5912823498705001
Glyma.01G063600.Wm82.a4.v1,0.5912723111209268
Glyma.03G007300.Wm82.a4.v1,0.5912572529965667
Glyma.20G217200.Wm82.a4.v1,0.5912421948722067
Glyma.12G080000.Wm82.a4.v1,0.59123717549742
Glyma.05G207800.Wm82.a4.v1,0.5912321561226334
Glyma.10G194700.Wm82.a4.v1,0.5911869817495533
Glyma.05G032400.Wm82.a4.v1,0.5911819623747666
Glyma.09G269800.Wm82.a4.v1,0.5911669042504065
Glyma.04G016800.Wm82.a4.v1,0.5911468267512598
Glyma.13G030500.Wm82.a4.v1,0.5910966330033931
Glyma.02G088300.Wm82.a4.v1,0.5910765555042464
Glyma.12G010000.Wm82.a4.v1,0.5910263617563796
Glyma.10G038000.Wm82.a4.v1,0.5910163230068063
Glyma.08G073500.Wm82.a4.v1,0.5909962455076596
Glyma.19G207500.Wm82.a4.v1,0.5909611098841528
Glyma.02G289700.Wm82.a4.v1,0.5909611098841528
Glyma.13G210300.Wm82.a4.v1,0.5909560905093661
Glyma.07G150800.Wm82.a4.v1,0.5909259742606461
Glyma.10G277400.Wm82.a4.v1,0.5909159355110727
Glyma.13G235800.Wm82.a4.v1,0.5908707611379926
Glyma.15G124100.Wm82.a4.v1,0.5908657417632059
Glyma.12G056500.Wm82.a4.v1,0.5908105286405525
Glyma.17G251300.Wm82.a4.v1,0.5908055092657658
Glyma.20G059000.Wm82.a4.v1,0.5907703736422592
Glyma.06G191900.Wm82.a4.v1,0.5907653542674725
Glyma.13G320000.Wm82.a4.v1,0.5907603348926858
Glyma.17G150200.Wm82.a4.v1,0.5907603348926858
Glyma.13G320400.Wm82.a4.v1,0.5907603348926858
Glyma.13G131400.Wm82.a4.v1,0.5907051217700323
Glyma.15G149800.Wm82.a4.v1,0.5907001023952456
Glyma.18G036200.Wm82.a4.v1,0.5907001023952456
Glyma.16G140800.Wm82.a4.v1,0.5906900636456723
Glyma.10G147800.Wm82.a4.v1,0.5906800248960989
Glyma.20G143300.Wm82.a4.v1,0.5906448892725922
Glyma.15G066600.Wm82.a4.v1,0.5906248117734455
Glyma.09G200200.Wm82.a4.v1,0.5905746180255788
Glyma.05G007600.Wm82.a4.v1,0.5904742305298452
Glyma.13G321500.Wm82.a4.v1,0.5904692111550586
Glyma.11G096000.Wm82.a4.v1,0.5904641917802719
Glyma.19G026600.Wm82.a4.v1,0.5904591724054852
Glyma.06G139200.Wm82.a4.v1,0.5904541530306985
Glyma.10G050700.Wm82.a4.v1,0.5904541530306985
Glyma.20G021700.Wm82.a4.v1,0.5904139980324051
Glyma.16G220500.Wm82.a4.v1,0.590398939908045
Glyma.12G120300.Wm82.a4.v1,0.590398939908045
Glyma.08G019800.Wm82.a4.v1,0.5903838817836851
Glyma.02G022351.Wm82.a4.v1,0.5903738430341117
Glyma.03G057300.Wm82.a4.v1,0.5903738430341117
Glyma.02G020800.Wm82.a4.v1,0.5903336880358182
Glyma.04G210200.Wm82.a4.v1,0.5903111008492782
Glyma.02G152300.Wm82.a4.v1,0.590213223040938
Glyma.01G027500.Wm82.a4.v1,0.5901429517939245
Glyma.11G015600.Wm82.a4.v1,0.5901429517939245
Glyma.06G222400.Wm82.a4.v1,0.5901228742947778
Glyma.01G033700.Wm82.a4.v1,0.5901128355452044
Glyma.06G097600.Wm82.a4.v1,0.5900977774208445
Glyma.05G183800.Wm82.a4.v1,0.5900726805469111
Glyma.08G050200.Wm82.a4.v1,0.5900676611721244
Glyma.06G082500.Wm82.a4.v1,0.590057622422551
Glyma.01G032100.Wm82.a4.v1,0.590057622422551
Glyma.12G019200.Wm82.a4.v1,0.5900526030477644
Glyma.06G092700.Wm82.a4.v1,0.5900074286746843
Glyma.10G097900.Wm82.a4.v1,0.5899672736763909
Glyma.06G275800.Wm82.a4.v1,0.5899522155520308
Glyma.12G230000.Wm82.a4.v1,0.5899271186780974
Glyma.04G203300.Wm82.a4.v1,0.5898919830545907
Glyma.12G037500.Wm82.a4.v1,0.5898819443050174
Glyma.03G165600.Wm82.a4.v1,0.5898819443050174
Glyma.08G354600.Wm82.a4.v1,0.589856847431084
Glyma.17G098900.Wm82.a4.v1,0.5898518280562973
Glyma.01G164200.Wm82.a4.v1,0.5898116730580039
Glyma.11G081200.Wm82.a4.v1,0.5898116730580039
Glyma.08G291600.Wm82.a4.v1,0.5897765374344972
Glyma.13G325000.Wm82.a4.v1,0.5897564599353504
Glyma.03G222100.Wm82.a4.v1,0.5897062661874837
Glyma.10G053800.Wm82.a4.v1,0.589701246812697
Glyma.16G058800.Wm82.a4.v1,0.5896962274379103
Glyma.13G098500.Wm82.a4.v1,0.589686188688337
Glyma.08G154600.Wm82.a4.v1,0.5896560724396169
Glyma.08G033600.Wm82.a4.v1,0.5896460336900435
Glyma.10G121506.Wm82.a4.v1,0.5896309755656836
Glyma.11G117900.Wm82.a4.v1,0.5896259561908969
Glyma.07G252000.Wm82.a4.v1,0.5895807818178168
Glyma.08G193000.Wm82.a4.v1,0.5895707430682434
Glyma.19G130200.Wm82.a4.v1,0.58956070431867
Glyma.11G196300.Wm82.a4.v1,0.5895205493203767
Glyma.05G024300.Wm82.a4.v1,0.58950047182123
Glyma.01G159400.Wm82.a4.v1,0.5894954524464433
Glyma.17G166800.Wm82.a4.v1,0.5894502780733631
Glyma.07G250200.Wm82.a4.v1,0.5893549099524164
Glyma.03G198300.Wm82.a4.v1,0.5892996968297629
Glyma.09G151700.Wm82.a4.v1,0.5892595418314694
Glyma.19G114000.Wm82.a4.v1,0.5892444837071095
Glyma.06G060800.Wm82.a4.v1,0.5891691930853092
Glyma.17G027100.Wm82.a4.v1,0.5891290380870159
Glyma.06G321000.Wm82.a4.v1,0.5891240187122292
Glyma.08G095800.Wm82.a4.v1,0.5891189993374425
Glyma.04G004700.Wm82.a4.v1,0.5891089605878692
Glyma.06G147400.Wm82.a4.v1,0.5890939024635091
Glyma.07G024000.Wm82.a4.v1,0.5890738249643624
Glyma.15G181000.Wm82.a4.v1,0.5890386893408557
Glyma.20G166500.Wm82.a4.v1,0.5889633987190556
Glyma.17G085700.Wm82.a4.v1,0.5889583793442689
Glyma.02G224300.Wm82.a4.v1,0.5889533599694822
Glyma.10G296000.Wm82.a4.v1,0.5889483405946955
Glyma.09G206400.Wm82.a4.v1,0.5889433212199089
Glyma.10G232600.Wm82.a4.v1,0.5889182243459755
Glyma.07G258900.Wm82.a4.v1,0.5888881080972554
Glyma.05G021000.Wm82.a4.v1,0.5888881080972554
Glyma.12G227900.Wm82.a4.v1,0.5888881080972554
Glyma.14G123700.Wm82.a4.v1,0.5888680305981087
Glyma.12G020700.Wm82.a4.v1,0.5888429337241753
Glyma.07G256100.Wm82.a4.v1,0.5887877206015218
Glyma.20G017300.Wm82.a4.v1,0.5887827012267352
Glyma.07G244700.Wm82.a4.v1,0.5887827012267352
Glyma.05G152200.Wm82.a4.v1,0.5887375268536551
Glyma.07G220900.Wm82.a4.v1,0.5887224687292951
Glyma.04G031900.Wm82.a4.v1,0.5887124299797217
Glyma.10G268700.Wm82.a4.v1,0.5886973718553618
Glyma.13G365200.Wm82.a4.v1,0.5886973718553618
Glyma.04G017700.Wm82.a4.v1,0.588677294356215
Glyma.17G245900.Wm82.a4.v1,0.5886672556066417
Glyma.04G026300.Wm82.a4.v1,0.5886371393579216
Glyma.17G110800.Wm82.a4.v1,0.5886070231092015
Glyma.08G229600.Wm82.a4.v1,0.5885969843596282
Glyma.12G023900.Wm82.a4.v1,0.5885869456100548
Glyma.12G231200.Wm82.a4.v1,0.5885668681109081
Glyma.13G119100.Wm82.a4.v1,0.5885618487361214
Glyma.20G101200.Wm82.a4.v1,0.5885518099865481
Glyma.16G014400.Wm82.a4.v1,0.5885467906117614
Glyma.05G223900.Wm82.a4.v1,0.5885467906117614
Glyma.04G229400.Wm82.a4.v1,0.5885116549882546
Glyma.14G084400.Wm82.a4.v1,0.5885016162386814
Glyma.16G082700.Wm82.a4.v1,0.5885016162386814
Glyma.03G190300.Wm82.a4.v1,0.5885016162386814
Glyma.19G099900.Wm82.a4.v1,0.588491577489108
Glyma.15G060100.Wm82.a4.v1,0.5884865581143213
Glyma.08G002600.Wm82.a4.v1,0.5884865581143213
Glyma.13G094700.Wm82.a4.v1,0.5884840484269279
Glyma.18G213400.Wm82.a4.v1,0.5884714999899613
Glyma.17G082300.Wm82.a4.v1,0.5884714999899613
Glyma.05G077800.Wm82.a4.v1,0.5884012287429478
Glyma.20G097001.Wm82.a4.v1,0.5883711124942277
Glyma.15G092600.Wm82.a4.v1,0.588351034995081
Glyma.15G131700.Wm82.a4.v1,0.5883460156202943
Glyma.12G099000.Wm82.a4.v1,0.5883158993715742
Glyma.08G135800.Wm82.a4.v1,0.5882857831228542
Glyma.15G137800.Wm82.a4.v1,0.5882857831228542
Glyma.02G223700.Wm82.a4.v1,0.5882305700002007
Glyma.03G248400.Wm82.a4.v1,0.5882205312506275
Glyma.14G079600.Wm82.a4.v1,0.5882054731262674
Glyma.11G127600.Wm82.a4.v1,0.5881954343766941
Glyma.17G124900.Wm82.a4.v1,0.5881904150019074
Glyma.14G077500.Wm82.a4.v1,0.5881703375027607
Glyma.03G141500.Wm82.a4.v1,0.5879695625112936
Glyma.08G188800.Wm82.a4.v1,0.5879645431365069
Glyma.14G075100.Wm82.a4.v1,0.5879645431365069
Glyma.03G247400.Wm82.a4.v1,0.5879143493886402
Glyma.05G173600.Wm82.a4.v1,0.5879143493886402
Glyma.09G240800.Wm82.a4.v1,0.5879093300138535
Glyma.18G184200.Wm82.a4.v1,0.5879043106390668
Glyma.02G246500.Wm82.a4.v1,0.5878741943903467
Glyma.07G133100.Wm82.a4.v1,0.58783905876684
Glyma.05G241500.Wm82.a4.v1,0.5878340393920534
Glyma.06G040300.Wm82.a4.v1,0.5878290200172667
Glyma.10G149400.Wm82.a4.v1,0.5878290200172667
Glyma.02G048900.Wm82.a4.v1,0.5878139618929066
Glyma.19G125000.Wm82.a4.v1,0.5877687875198265
Glyma.11G070900.Wm82.a4.v1,0.5877487100206799
Glyma.11G095400.Wm82.a4.v1,0.5877436906458932
Glyma.10G219500.Wm82.a4.v1,0.5877436906458932
Glyma.13G046000.Wm82.a4.v1,0.5877236131467465
Glyma.13G094800.Wm82.a4.v1,0.5876934968980264
Glyma.13G307600.Wm82.a4.v1,0.5876583612745196
Glyma.02G076500.Wm82.a4.v1,0.587653341899733
Glyma.03G010800.Wm82.a4.v1,0.5876483225249463
Glyma.02G310400.Wm82.a4.v1,0.5875880900275062
Glyma.11G033600.Wm82.a4.v1,0.5875680125283594
Glyma.05G170500.Wm82.a4.v1,0.5874575862830526
Glyma.04G123800.Wm82.a4.v1,0.5874174312847592
Glyma.15G162300.Wm82.a4.v1,0.5874174312847592
Glyma.05G127200.Wm82.a4.v1,0.5874174312847592
Glyma.15G129200.Wm82.a4.v1,0.587342140662959
Glyma.19G086600.Wm82.a4.v1,0.5873321019133857
Glyma.09G191400.Wm82.a4.v1,0.5873170437890256
Glyma.12G047500.Wm82.a4.v1,0.5872166562932921
Glyma.19G234200.Wm82.a4.v1,0.5872166562932921
Glyma.07G235500.Wm82.a4.v1,0.5871614431706387
Glyma.06G276800.Wm82.a4.v1,0.5871614431706387
Glyma.09G181600.Wm82.a4.v1,0.5871463850462786
Glyma.17G087300.Wm82.a4.v1,0.5871363462967053
Glyma.01G077600.Wm82.a4.v1,0.5871263075471319
Glyma.02G288400.Wm82.a4.v1,0.5870961912984118
Glyma.11G137100.Wm82.a4.v1,0.5870961912984118
Glyma.04G236000.Wm82.a4.v1,0.5870811331740519
Glyma.03G205900.Wm82.a4.v1,0.5870409781757584
Glyma.02G227000.Wm82.a4.v1,0.5870359588009717
Glyma.07G198700.Wm82.a4.v1,0.587000823177465
Glyma.09G205900.Wm82.a4.v1,0.586985765053105
Glyma.14G134500.Wm82.a4.v1,0.5869757263035317
Glyma.06G231200.Wm82.a4.v1,0.5869355713052382
Glyma.11G027100.Wm82.a4.v1,0.5869054550565181
Glyma.17G069202.Wm82.a4.v1,0.5869004356817314
Glyma.01G099800.Wm82.a4.v1,0.5868753388077981
Glyma.06G220500.Wm82.a4.v1,0.5868351838095047
Glyma.02G208700.Wm82.a4.v1,0.5868100869355714
Glyma.08G185900.Wm82.a4.v1,0.5868050675607847
Glyma.18G130400.Wm82.a4.v1,0.5867950288112113
Glyma.12G172200.Wm82.a4.v1,0.5867398156885578
Glyma.05G054500.Wm82.a4.v1,0.5867398156885578
Glyma.12G233000.Wm82.a4.v1,0.5867147188146244
Glyma.13G280700.Wm82.a4.v1,0.586674563816331
Glyma.18G089500.Wm82.a4.v1,0.586667034754151
Glyma.10G095500.Wm82.a4.v1,0.5865992731945309
Glyma.16G049300.Wm82.a4.v1,0.5865741763205975
Glyma.06G184300.Wm82.a4.v1,0.5865691569458108
Glyma.15G261200.Wm82.a4.v1,0.5865440600718774
Glyma.16G130900.Wm82.a4.v1,0.5865290019475174
Glyma.09G010700.Wm82.a4.v1,0.586488846949224
Glyma.11G139200.Wm82.a4.v1,0.5864587307005039
Glyma.15G262500.Wm82.a4.v1,0.5864135563274239
Glyma.10G208300.Wm82.a4.v1,0.5864135563274239
Glyma.15G092200.Wm82.a4.v1,0.5863934788282772
Glyma.08G356100.Wm82.a4.v1,0.5863884594534905
Glyma.02G139600.Wm82.a4.v1,0.5863884594534905
Glyma.13G172400.Wm82.a4.v1,0.586303130082117
Glyma.17G062100.Wm82.a4.v1,0.586303130082117
Glyma.06G223400.Wm82.a4.v1,0.586303130082117
Glyma.09G253600.Wm82.a4.v1,0.5862278394603169
Glyma.20G150900.Wm82.a4.v1,0.5861525488385166
Glyma.07G235200.Wm82.a4.v1,0.5861073744654366
Glyma.04G234100.Wm82.a4.v1,0.5860722388419298
Glyma.04G140400.Wm82.a4.v1,0.5860672194671431
Glyma.05G220600.Wm82.a4.v1,0.5860571807175698
Glyma.08G229400.Wm82.a4.v1,0.5860320838436365
Glyma.12G007800.Wm82.a4.v1,0.5860220450940631
Glyma.01G148600.Wm82.a4.v1,0.5860220450940631
Glyma.11G164500.Wm82.a4.v1,0.5859668319714096
Glyma.15G211400.Wm82.a4.v1,0.5859618125966229
Glyma.19G183400.Wm82.a4.v1,0.585946754472263
Glyma.04G177000.Wm82.a4.v1,0.5859417350974763
Glyma.08G135100.Wm82.a4.v1,0.5859367157226896
Glyma.10G013500.Wm82.a4.v1,0.5859266769731162
Glyma.20G141900.Wm82.a4.v1,0.5859216575983296
Glyma.07G007200.Wm82.a4.v1,0.5859015800991828
Glyma.20G246400.Wm82.a4.v1,0.5858915413496095
Glyma.07G002800.Wm82.a4.v1,0.5858915413496095
Glyma.03G167100.Wm82.a4.v1,0.5858664444756762
Glyma.06G217000.Wm82.a4.v1,0.5858011926034493
Glyma.04G236700.Wm82.a4.v1,0.5857861344790893
Glyma.19G091600.Wm82.a4.v1,0.5857760957295159
Glyma.06G285400.Wm82.a4.v1,0.5857710763547292
Glyma.09G091002.Wm82.a4.v1,0.5857610376051559
Glyma.10G257600.Wm82.a4.v1,0.5857459794807959
Glyma.01G068600.Wm82.a4.v1,0.5857459794807959
Glyma.07G256200.Wm82.a4.v1,0.5857409601060092
Glyma.09G023300.Wm82.a4.v1,0.5857259019816492
Glyma.08G265400.Wm82.a4.v1,0.5856907663581424
Glyma.05G200700.Wm82.a4.v1,0.5856757082337825
Glyma.09G268000.Wm82.a4.v1,0.5856455919850624
Glyma.19G261700.Wm82.a4.v1,0.5856455919850624
Glyma.18G264800.Wm82.a4.v1,0.5856405726102757
Glyma.04G076900.Wm82.a4.v1,0.585635553235489
Glyma.04G144600.Wm82.a4.v1,0.5856154757363423
Glyma.13G080400.Wm82.a4.v1,0.5856004176119822
Glyma.16G090000.Wm82.a4.v1,0.5856004176119822
Glyma.02G068300.Wm82.a4.v1,0.585590378862409
Glyma.11G068500.Wm82.a4.v1,0.5855150882406087
Glyma.07G066100.Wm82.a4.v1,0.585449836368382
Glyma.15G192700.Wm82.a4.v1,0.5854448169935953
Glyma.08G178600.Wm82.a4.v1,0.5854247394944486
Glyma.01G168900.Wm82.a4.v1,0.5853795651213685
Glyma.02G294500.Wm82.a4.v1,0.5853544682474351
Glyma.02G038000.Wm82.a4.v1,0.5853193326239283
Glyma.07G090000.Wm82.a4.v1,0.5852892163752083
Glyma.14G012400.Wm82.a4.v1,0.585279177625635
Glyma.05G181700.Wm82.a4.v1,0.5852139257534081
Glyma.15G136000.Wm82.a4.v1,0.5851938482542615
Glyma.01G222500.Wm82.a4.v1,0.5851687513803281
Glyma.15G020300.Wm82.a4.v1,0.5851587126307547
Glyma.11G065500.Wm82.a4.v1,0.585153693255968
Glyma.08G028400.Wm82.a4.v1,0.5851436545063947
Glyma.07G121500.Wm82.a4.v1,0.5851185576324613
Glyma.04G239300.Wm82.a4.v1,0.5851135382576746
Glyma.02G013600.Wm82.a4.v1,0.5850834220089546
Glyma.19G075700.Wm82.a4.v1,0.5850784026341679
Glyma.06G063800.Wm82.a4.v1,0.5850332282610878
Glyma.02G047100.Wm82.a4.v1,0.5850282088863011
Glyma.10G023400.Wm82.a4.v1,0.5850081313871545
Glyma.11G187800.Wm82.a4.v1,0.5849980926375811
Glyma.17G256200.Wm82.a4.v1,0.5849980926375811
Glyma.17G083300.Wm82.a4.v1,0.5849780151384344
Glyma.06G085200.Wm82.a4.v1,0.5849629570140743
Glyma.16G126300.Wm82.a4.v1,0.5849478988897143
Glyma.09G264600.Wm82.a4.v1,0.5849077438914209
Glyma.09G056100.Wm82.a4.v1,0.5849027245166342
Glyma.06G013000.Wm82.a4.v1,0.5848776276427008
Glyma.03G069700.Wm82.a4.v1,0.5848675888931275
Glyma.08G165600.Wm82.a4.v1,0.5848123757704741
Glyma.06G228900.Wm82.a4.v1,0.5848123757704741
Glyma.11G209354.Wm82.a4.v1,0.5847922982713273
Glyma.07G102300.Wm82.a4.v1,0.5847672013973939
Glyma.09G161900.Wm82.a4.v1,0.5847621820226072
Glyma.04G123600.Wm82.a4.v1,0.5847571626478206
Glyma.02G212500.Wm82.a4.v1,0.5847571626478206
Glyma.01G013600.Wm82.a4.v1,0.5847471238982472
Glyma.18G246900.Wm82.a4.v1,0.5847446142108539
Glyma.12G233700.Wm82.a4.v1,0.5846969301503805
Glyma.10G167000.Wm82.a4.v1,0.5846868914008071
Glyma.15G148700.Wm82.a4.v1,0.5846467364025137
Glyma.13G370900.Wm82.a4.v1,0.584611600779007
Glyma.18G249600.Wm82.a4.v1,0.5845965426546469
Glyma.02G014000.Wm82.a4.v1,0.5845915232798603
Glyma.01G156400.Wm82.a4.v1,0.5845915232798603
Glyma.05G087600.Wm82.a4.v1,0.5845714457807135
Glyma.08G315400.Wm82.a4.v1,0.5845363101572069
Glyma.09G114600.Wm82.a4.v1,0.5845212520328468
Glyma.01G178200.Wm82.a4.v1,0.5845112132832735
Glyma.08G189900.Wm82.a4.v1,0.5844961551589134
Glyma.15G165600.Wm82.a4.v1,0.5844509807858334
Glyma.17G109100.Wm82.a4.v1,0.5844108257875399
Glyma.08G221000.Wm82.a4.v1,0.5844108257875399
Glyma.20G190800.Wm82.a4.v1,0.5844007870379665
Glyma.18G095900.Wm82.a4.v1,0.5843957676631799
Glyma.15G100900.Wm82.a4.v1,0.5843104382918064
Glyma.03G073300.Wm82.a4.v1,0.5842953801674463
Glyma.17G221100.Wm82.a4.v1,0.5842953801674463
Glyma.12G119200.Wm82.a4.v1,0.5842301282952196
Glyma.13G042000.Wm82.a4.v1,0.5842251089204329
Glyma.07G147800.Wm82.a4.v1,0.5841548376734194
Glyma.05G169500.Wm82.a4.v1,0.5840594695524726
Glyma.14G022800.Wm82.a4.v1,0.5840042564298191
Glyma.18G127500.Wm82.a4.v1,0.583989198305459
Glyma.11G145000.Wm82.a4.v1,0.5839540626819524
Glyma.01G021301.Wm82.a4.v1,0.5839339851828056
Glyma.16G030800.Wm82.a4.v1,0.5839189270584456
Glyma.12G209100.Wm82.a4.v1,0.5838988495592989
Glyma.19G121700.Wm82.a4.v1,0.5838938301845122
Glyma.12G180800.Wm82.a4.v1,0.5838687333105789
Glyma.08G094100.Wm82.a4.v1,0.5838486558114321
Glyma.16G179800.Wm82.a4.v1,0.5838386170618588
Glyma.01G133501.Wm82.a4.v1,0.5838335976870721
Glyma.17G024200.Wm82.a4.v1,0.583818539562712
Glyma.11G222800.Wm82.a4.v1,0.5837532876904853
Glyma.04G160400.Wm82.a4.v1,0.5837382295661252
Glyma.06G155700.Wm82.a4.v1,0.5837281908165519
Glyma.06G130700.Wm82.a4.v1,0.5837231714417652
Glyma.01G118200.Wm82.a4.v1,0.5837131326921918
Glyma.19G241100.Wm82.a4.v1,0.5836980745678318
Glyma.08G114000.Wm82.a4.v1,0.5836880358182585
Glyma.07G119500.Wm82.a4.v1,0.5836428614451784
Glyma.06G061100.Wm82.a4.v1,0.5836428614451784
Glyma.10G037900.Wm82.a4.v1,0.5836378420703917
Glyma.15G107800.Wm82.a4.v1,0.583632822695605
Glyma.12G114600.Wm82.a4.v1,0.5835926676973117
Glyma.15G115100.Wm82.a4.v1,0.583587648322525
Glyma.02G275500.Wm82.a4.v1,0.5835575320738049
Glyma.06G004700.Wm82.a4.v1,0.5835374545746582
Glyma.13G059300.Wm82.a4.v1,0.5835274158250848
Glyma.02G213900.Wm82.a4.v1,0.5835173770755114
Glyma.06G017100.Wm82.a4.v1,0.583447105828498
Glyma.09G196600.Wm82.a4.v1,0.5834420864537113
Glyma.06G293500.Wm82.a4.v1,0.583401931455418
Glyma.19G110500.Wm82.a4.v1,0.5833969120806313
Glyma.17G163700.Wm82.a4.v1,0.5833918927058446
Glyma.08G213500.Wm82.a4.v1,0.5833918927058446
Glyma.19G252500.Wm82.a4.v1,0.5833818539562712
Glyma.07G150500.Wm82.a4.v1,0.5833416989579778
Glyma.04G024300.Wm82.a4.v1,0.5833266408336177
Glyma.03G089600.Wm82.a4.v1,0.5833115827092578
Glyma.20G031300.Wm82.a4.v1,0.5832864858353244
Glyma.19G114500.Wm82.a4.v1,0.5832664083361776
Glyma.17G062500.Wm82.a4.v1,0.5832563695866043
Glyma.04G204600.Wm82.a4.v1,0.5832463308370309
Glyma.18G055200.Wm82.a4.v1,0.5832463308370309
Glyma.20G090300.Wm82.a4.v1,0.5831860983395908
Glyma.08G053000.Wm82.a4.v1,0.5831610014656574
Glyma.01G204000.Wm82.a4.v1,0.5831409239665107
Glyma.14G190400.Wm82.a4.v1,0.583135904591724
Glyma.11G092300.Wm82.a4.v1,0.5831308852169373
Glyma.20G004400.Wm82.a4.v1,0.5831007689682173
Glyma.03G049700.Wm82.a4.v1,0.5830606139699239
Glyma.17G003300.Wm82.a4.v1,0.5830455558455638
Glyma.16G208800.Wm82.a4.v1,0.5830455558455638
Glyma.11G037600.Wm82.a4.v1,0.5830405364707772
Glyma.14G065400.Wm82.a4.v1,0.5830054008472705
Glyma.17G230300.Wm82.a4.v1,0.5829953620976971
Glyma.14G034200.Wm82.a4.v1,0.582950187724617
Glyma.09G242900.Wm82.a4.v1,0.5829301102254704
Glyma.01G151800.Wm82.a4.v1,0.5828096452305901
Glyma.02G302000.Wm82.a4.v1,0.58279458710623
Glyma.12G043400.Wm82.a4.v1,0.58276447085751
Glyma.12G019400.Wm82.a4.v1,0.58274941273315
Glyma.13G272900.Wm82.a4.v1,0.5827243158592166
Glyma.10G023500.Wm82.a4.v1,0.5827042383600699
Glyma.17G131500.Wm82.a4.v1,0.5826992189852832
Glyma.12G012700.Wm82.a4.v1,0.5826891802357098
Glyma.18G253200.Wm82.a4.v1,0.5826841608609231
Glyma.15G267900.Wm82.a4.v1,0.5826841608609231
Glyma.08G242600.Wm82.a4.v1,0.5826691027365631
Glyma.18G233500.Wm82.a4.v1,0.5826189089886964
Glyma.02G008800.Wm82.a4.v1,0.5826138896139097
Glyma.02G216600.Wm82.a4.v1,0.5825988314895496
Glyma.19G112600.Wm82.a4.v1,0.5825887927399763
Glyma.08G349500.Wm82.a4.v1,0.5825837733651896
Glyma.12G095500.Wm82.a4.v1,0.5825687152408296
Glyma.10G001100.Wm82.a4.v1,0.5825185214929628
Glyma.13G290900.Wm82.a4.v1,0.5824984439938161
Glyma.08G307900.Wm82.a4.v1,0.5824984439938161
Glyma.01G054000.Wm82.a4.v1,0.5824833858694561
Glyma.10G094100.Wm82.a4.v1,0.5824783664946694
Glyma.02G282700.Wm82.a4.v1,0.5823779789989358
Glyma.11G199100.Wm82.a4.v1,0.5823729596241493
Glyma.10G284000.Wm82.a4.v1,0.582297669002349
Glyma.05G213000.Wm82.a4.v1,0.5822876302527757
Glyma.06G142400.Wm82.a4.v1,0.582282610877989
Glyma.11G153169.Wm82.a4.v1,0.5822775915032024
Glyma.03G252100.Wm82.a4.v1,0.582252494629269
Glyma.08G212300.Wm82.a4.v1,0.5822023008814022
Glyma.11G173028.Wm82.a4.v1,0.5821571265083221
Glyma.19G019200.Wm82.a4.v1,0.582134539321782
Glyma.18G129700.Wm82.a4.v1,0.5821219908848154
Glyma.18G019200.Wm82.a4.v1,0.5820416808882286
Glyma.17G109200.Wm82.a4.v1,0.5820115646395085
Glyma.19G215100.Wm82.a4.v1,0.5819965065151484
Glyma.03G097100.Wm82.a4.v1,0.5819864677655752
Glyma.09G107400.Wm82.a4.v1,0.5819563515168551
Glyma.02G115900.Wm82.a4.v1,0.581926235268135
Glyma.20G166900.Wm82.a4.v1,0.5819061577689882
Glyma.08G360200.Wm82.a4.v1,0.5818710221454816
Glyma.13G296800.Wm82.a4.v1,0.5818258477724014
Glyma.08G027800.Wm82.a4.v1,0.5817354990262413
Glyma.07G021400.Wm82.a4.v1,0.5817354990262413
Glyma.09G062300.Wm82.a4.v1,0.5817204409018812
Glyma.07G195700.Wm82.a4.v1,0.581630092155721
Glyma.16G078300.Wm82.a4.v1,0.5816200534061478
Glyma.19G121500.Wm82.a4.v1,0.5816100146565744
Glyma.12G020500.Wm82.a4.v1,0.5815748790330676
Glyma.10G090600.Wm82.a4.v1,0.5815748790330676
Glyma.02G056700.Wm82.a4.v1,0.581569859658281
Glyma.13G194600.Wm82.a4.v1,0.5815397434095609
Glyma.06G024400.Wm82.a4.v1,0.5815297046599875
Glyma.10G017500.Wm82.a4.v1,0.5815046077860542
Glyma.10G057800.Wm82.a4.v1,0.5814644527877607
Glyma.19G239700.Wm82.a4.v1,0.5814493946634007
Glyma.04G030600.Wm82.a4.v1,0.5814242977894674
Glyma.20G094600.Wm82.a4.v1,0.581414259039894
Glyma.01G109600.Wm82.a4.v1,0.5814092396651073
Glyma.17G079200.Wm82.a4.v1,0.5813038327945871
Glyma.09G234500.Wm82.a4.v1,0.5812988134198004
Glyma.06G050600.Wm82.a4.v1,0.5812787359206537
Glyma.10G075300.Wm82.a4.v1,0.5812486196719336
Glyma.06G089800.Wm82.a4.v1,0.581243600297147
Glyma.02G280300.Wm82.a4.v1,0.5812335615475737
Glyma.16G205300.Wm82.a4.v1,0.5812235227980003
Glyma.18G225800.Wm82.a4.v1,0.5811683096753468
Glyma.07G099600.Wm82.a4.v1,0.5811683096753468
Glyma.18G298200.Wm82.a4.v1,0.5811181159274801
Glyma.05G022300.Wm82.a4.v1,0.5811181159274801
Glyma.09G161600.Wm82.a4.v1,0.5811130965526934
Glyma.05G079000.Wm82.a4.v1,0.5811080771779067
Glyma.07G271400.Wm82.a4.v1,0.58108799967876
Glyma.10G124800.Wm82.a4.v1,0.5810779609291866
Glyma.10G146600.Wm82.a4.v1,0.5810277671813199
Glyma.13G276800.Wm82.a4.v1,0.5810177284317466
Glyma.12G174900.Wm82.a4.v1,0.5810177284317466
Glyma.14G043400.Wm82.a4.v1,0.5809825928082398
Glyma.09G098400.Wm82.a4.v1,0.5809825928082398
Glyma.16G130300.Wm82.a4.v1,0.5809675346838797
Glyma.01G194700.Wm82.a4.v1,0.5809625153090932
Glyma.16G151900.Wm82.a4.v1,0.5809424378099464
Glyma.08G108800.Wm82.a4.v1,0.5808972634368663
Glyma.02G061700.Wm82.a4.v1,0.5808671471881462
Glyma.08G002900.Wm82.a4.v1,0.5808470696889996
Glyma.18G268400.Wm82.a4.v1,0.5808420503142129
Glyma.18G071000.Wm82.a4.v1,0.5807918565663461
Glyma.06G082600.Wm82.a4.v1,0.5807517015680527
Glyma.15G248800.Wm82.a4.v1,0.5807165659445459
Glyma.08G156400.Wm82.a4.v1,0.5806563334471059
Glyma.15G176600.Wm82.a4.v1,0.5805810428253056
Glyma.20G098400.Wm82.a4.v1,0.580576023450519
Glyma.10G000400.Wm82.a4.v1,0.5805559459513723
Glyma.09G258100.Wm82.a4.v1,0.5805509265765856
Glyma.13G273600.Wm82.a4.v1,0.5805408878270123
Glyma.12G007700.Wm82.a4.v1,0.5804856747043589
Glyma.11G246900.Wm82.a4.v1,0.5804856747043589
Glyma.04G007900.Wm82.a4.v1,0.5804856747043589
Glyma.09G157900.Wm82.a4.v1,0.5804405003312787
Glyma.02G185900.Wm82.a4.v1,0.580420422832132
Glyma.18G302100.Wm82.a4.v1,0.5804103840825586
Glyma.13G158600.Wm82.a4.v1,0.5803601903346919
Glyma.01G007200.Wm82.a4.v1,0.5803350934607585
Glyma.18G295000.Wm82.a4.v1,0.5802949384624652
Glyma.05G019900.Wm82.a4.v1,0.5802899190876785
Glyma.16G209900.Wm82.a4.v1,0.5802598028389584
Glyma.16G005400.Wm82.a4.v1,0.5802397253398117
Glyma.14G146200.Wm82.a4.v1,0.5802196478406649
Glyma.13G196300.Wm82.a4.v1,0.5802096090910916
Glyma.08G107800.Wm82.a4.v1,0.580204589716305
Glyma.05G144300.Wm82.a4.v1,0.5801995703415183
Glyma.02G307900.Wm82.a4.v1,0.5801845122171583
Glyma.08G111400.Wm82.a4.v1,0.5801794928423716
Glyma.11G091000.Wm82.a4.v1,0.5801443572188648
Glyma.12G209200.Wm82.a4.v1,0.5801242797197181
Glyma.15G063100.Wm82.a4.v1,0.580109221595358
Glyma.19G194600.Wm82.a4.v1,0.5800991828457848
Glyma.02G260400.Wm82.a4.v1,0.5800891440962114
Glyma.04G166900.Wm82.a4.v1,0.5800740859718514
Glyma.07G124500.Wm82.a4.v1,0.5800690665970647
Glyma.10G260400.Wm82.a4.v1,0.5800088340996246
Glyma.04G218200.Wm82.a4.v1,0.5799736984761178
Glyma.02G039000.Wm82.a4.v1,0.5799536209769711
Glyma.10G001000.Wm82.a4.v1,0.5799435822273977
Glyma.14G092300.Wm82.a4.v1,0.5799335434778244
Glyma.17G241100.Wm82.a4.v1,0.5799184853534644
Glyma.19G240000.Wm82.a4.v1,0.5797930009837975
Glyma.04G099000.Wm82.a4.v1,0.5797779428594374
Glyma.10G133700.Wm82.a4.v1,0.5797729234846507
Glyma.10G242000.Wm82.a4.v1,0.5797428072359307
Glyma.20G087600.Wm82.a4.v1,0.5796875941132773
Glyma.15G238500.Wm82.a4.v1,0.5796624972393438
Glyma.02G272700.Wm82.a4.v1,0.5796474391149838
Glyma.07G037100.Wm82.a4.v1,0.5796374003654104
Glyma.01G061800.Wm82.a4.v1,0.5796173228662638
Glyma.08G306800.Wm82.a4.v1,0.5796072841166904
Glyma.01G029400.Wm82.a4.v1,0.5795621097436103
Glyma.09G207800.Wm82.a4.v1,0.5795621097436103
Glyma.12G019100.Wm82.a4.v1,0.5795470516192504
Glyma.19G233300.Wm82.a4.v1,0.5795119159957436
Glyma.15G027200.Wm82.a4.v1,0.5794968578713835
Glyma.08G027300.Wm82.a4.v1,0.5794918384965969
Glyma.20G190300.Wm82.a4.v1,0.5794717609974501
Glyma.13G197500.Wm82.a4.v1,0.5794617222478768
Glyma.16G179200.Wm82.a4.v1,0.5794466641235168
Glyma.02G181500.Wm82.a4.v1,0.5794265866243701
Glyma.07G264800.Wm82.a4.v1,0.57938141225129
Glyma.05G162300.Wm82.a4.v1,0.57935129600257
Glyma.01G171000.Wm82.a4.v1,0.57935129600257
Glyma.20G009100.Wm82.a4.v1,0.5793362378782099
Glyma.01G020300.Wm82.a4.v1,0.5793111410042765
Glyma.01G140200.Wm82.a4.v1,0.5793061216294898
Glyma.07G128500.Wm82.a4.v1,0.5792910635051298
Glyma.19G017700.Wm82.a4.v1,0.5792810247555564
Glyma.09G165600.Wm82.a4.v1,0.5792810247555564
Glyma.19G068600.Wm82.a4.v1,0.5792609472564098
Glyma.15G036800.Wm82.a4.v1,0.5792358503824764
Glyma.13G073500.Wm82.a4.v1,0.5792207922581163
Glyma.06G316900.Wm82.a4.v1,0.579210753508543
Glyma.11G014400.Wm82.a4.v1,0.5791756178850362
Glyma.13G219800.Wm82.a4.v1,0.5791455016363162
Glyma.06G116000.Wm82.a4.v1,0.5791254241371695
Glyma.14G197800.Wm82.a4.v1,0.5791204047623828
Glyma.04G228700.Wm82.a4.v1,0.5791003272632361
Glyma.13G079000.Wm82.a4.v1,0.579085269138876
Glyma.07G089800.Wm82.a4.v1,0.5790752303893028
Glyma.08G032700.Wm82.a4.v1,0.5790651916397294
Glyma.03G035900.Wm82.a4.v1,0.5790350753910093
Glyma.20G009800.Wm82.a4.v1,0.5790300560162226
Glyma.01G224200.Wm82.a4.v1,0.5790149978918626
Glyma.07G123500.Wm82.a4.v1,0.5788945328969823
Glyma.11G226500.Wm82.a4.v1,0.5788744553978357
Glyma.05G074200.Wm82.a4.v1,0.578869436023049
Glyma.13G057800.Wm82.a4.v1,0.5788644166482623
Glyma.01G239700.Wm82.a4.v1,0.5788593972734756
Glyma.06G134000.Wm82.a4.v1,0.5788443391491156
Glyma.15G097100.Wm82.a4.v1,0.5788292810247555
Glyma.02G190700.Wm82.a4.v1,0.5787389322785954
Glyma.05G167700.Wm82.a4.v1,0.5787238741542353
Glyma.12G165400.Wm82.a4.v1,0.578713835404662
Glyma.19G262700.Wm82.a4.v1,0.5786234866585018
Glyma.03G005600.Wm82.a4.v1,0.5786034091593552
Glyma.06G060000.Wm82.a4.v1,0.5785933704097818
Glyma.08G041300.Wm82.a4.v1,0.5785783122854218
Glyma.01G173400.Wm82.a4.v1,0.5785632541610617
Glyma.02G005100.Wm82.a4.v1,0.5785632541610617
Glyma.17G115800.Wm82.a4.v1,0.578558234786275
Glyma.14G063900.Wm82.a4.v1,0.5785532154114883
Glyma.08G340900.Wm82.a4.v1,0.5785381572871283
Glyma.04G256300.Wm82.a4.v1,0.5785281185375549
Glyma.20G198900.Wm82.a4.v1,0.578513060413195
Glyma.10G166800.Wm82.a4.v1,0.5784678860401149
Glyma.04G189900.Wm82.a4.v1,0.5784628666653282
Glyma.05G185600.Wm82.a4.v1,0.5784478085409681
Glyma.13G321000.Wm82.a4.v1,0.5784277310418214
Glyma.08G159600.Wm82.a4.v1,0.5782821691730078
Glyma.03G020100.Wm82.a4.v1,0.5782068785512077
Glyma.08G057200.Wm82.a4.v1,0.5782068785512077
Glyma.20G012100.Wm82.a4.v1,0.5781667235529142
Glyma.06G302100.Wm82.a4.v1,0.5781617041781276
Glyma.17G232285.Wm82.a4.v1,0.5781416266789808
Glyma.03G105300.Wm82.a4.v1,0.5781215491798342
Glyma.07G052300.Wm82.a4.v1,0.5781014716806875
Glyma.03G022100.Wm82.a4.v1,0.5780813941815407
Glyma.12G062800.Wm82.a4.v1,0.5780713554319674
Glyma.10G278400.Wm82.a4.v1,0.5780663360571807
Glyma.11G147317.Wm82.a4.v1,0.5780663360571807
Glyma.09G172700.Wm82.a4.v1,0.5780512779328207
Glyma.08G213300.Wm82.a4.v1,0.5780412391832473
Glyma.16G196800.Wm82.a4.v1,0.578031200433674
Glyma.03G226700.Wm82.a4.v1,0.578016142309314
Glyma.04G225600.Wm82.a4.v1,0.5779559098118738
Glyma.14G062600.Wm82.a4.v1,0.5779458710623004
Glyma.05G182600.Wm82.a4.v1,0.5779458710623004
Glyma.12G227600.Wm82.a4.v1,0.5779308129379405
Glyma.04G206500.Wm82.a4.v1,0.5779107354387938
Glyma.01G228400.Wm82.a4.v1,0.5778806191900737
Glyma.16G112300.Wm82.a4.v1,0.577875599815287
Glyma.17G233800.Wm82.a4.v1,0.5778705804405003
Glyma.09G065000.Wm82.a4.v1,0.5777902704439135
Glyma.19G217300.Wm82.a4.v1,0.5777902704439135
Glyma.19G076400.Wm82.a4.v1,0.57775011544562
Glyma.20G206900.Wm82.a4.v1,0.5777199991969
Glyma.02G277800.Wm82.a4.v1,0.5776296504507399
Glyma.02G029800.Wm82.a4.v1,0.5776095729515931
Glyma.08G127700.Wm82.a4.v1,0.5776095729515931
Glyma.13G358900.Wm82.a4.v1,0.5775995342020198
Glyma.12G071100.Wm82.a4.v1,0.5775945148272331
Glyma.13G235400.Wm82.a4.v1,0.5775744373280864
Glyma.20G093900.Wm82.a4.v1,0.5775744373280864
Glyma.05G019800.Wm82.a4.v1,0.5775694179532997
Glyma.09G109000.Wm82.a4.v1,0.577564398578513
Glyma.19G153500.Wm82.a4.v1,0.5775493404541531
Glyma.16G053900.Wm82.a4.v1,0.5775292629550063
Glyma.14G108400.Wm82.a4.v1,0.577519224205433
Glyma.19G170900.Wm82.a4.v1,0.5774941273314996
Glyma.19G259200.Wm82.a4.v1,0.5774790692071395
Glyma.04G005900.Wm82.a4.v1,0.5774238560844861
Glyma.08G283500.Wm82.a4.v1,0.5774188367096994
Glyma.16G037500.Wm82.a4.v1,0.5774087979601261
Glyma.07G046200.Wm82.a4.v1,0.5774037785853394
Glyma.11G004300.Wm82.a4.v1,0.5773586042122594
Glyma.19G242900.Wm82.a4.v1,0.577348565462686
Glyma.07G010300.Wm82.a4.v1,0.5773385267131126
Glyma.11G063500.Wm82.a4.v1,0.5773284879635393
Glyma.04G221200.Wm82.a4.v1,0.5773084104643925
Glyma.06G219800.Wm82.a4.v1,0.5772933523400325
Glyma.02G231800.Wm82.a4.v1,0.5772933523400325
Glyma.05G182200.Wm82.a4.v1,0.5772381392173791
Glyma.09G155700.Wm82.a4.v1,0.5772105326560524
Glyma.07G013200.Wm82.a4.v1,0.5771979842190856
Glyma.20G209900.Wm82.a4.v1,0.577177906719939
Glyma.18G297700.Wm82.a4.v1,0.5771678679703656
Glyma.19G228700.Wm82.a4.v1,0.5771427710964322
Glyma.04G152200.Wm82.a4.v1,0.5771327323468589
Glyma.09G017300.Wm82.a4.v1,0.5771277129720722
Glyma.13G026100.Wm82.a4.v1,0.5771176742224988
Glyma.08G171900.Wm82.a4.v1,0.5771076354729255
Glyma.10G010800.Wm82.a4.v1,0.5770875579737788
Glyma.19G110800.Wm82.a4.v1,0.5770825385989921
Glyma.06G112600.Wm82.a4.v1,0.5770724998494188
Glyma.15G039700.Wm82.a4.v1,0.5770674804746321
Glyma.06G037600.Wm82.a4.v1,0.5770524223502721
Glyma.19G009300.Wm82.a4.v1,0.5770172867267653
Glyma.11G256200.Wm82.a4.v1,0.5769972092276187
Glyma.17G053100.Wm82.a4.v1,0.576992189852832
Glyma.18G248300.Wm82.a4.v1,0.5769721123536852
Glyma.02G223400.Wm82.a4.v1,0.5769520348545385
Glyma.13G232900.Wm82.a4.v1,0.5769419961049652
Glyma.08G122700.Wm82.a4.v1,0.5769068604814584
Glyma.08G360900.Wm82.a4.v1,0.576851647358805
Glyma.17G196800.Wm82.a4.v1,0.5768315698596583
Glyma.11G227400.Wm82.a4.v1,0.5768315698596583
Glyma.10G253400.Wm82.a4.v1,0.5767763567370049
Glyma.10G067400.Wm82.a4.v1,0.5767713373622182
Glyma.14G116600.Wm82.a4.v1,0.5767362017387114
Glyma.08G087800.Wm82.a4.v1,0.5767161242395648
Glyma.17G150100.Wm82.a4.v1,0.5767060854899914
Glyma.10G019800.Wm82.a4.v1,0.5766056979942579
Glyma.17G090500.Wm82.a4.v1,0.5765856204951111
Glyma.03G260500.Wm82.a4.v1,0.576540446122031
Glyma.02G116100.Wm82.a4.v1,0.5765304073724576
Glyma.12G079900.Wm82.a4.v1,0.5765304073724576
Glyma.02G152800.Wm82.a4.v1,0.5765203686228844
Glyma.05G070500.Wm82.a4.v1,0.576517858935491
Glyma.12G141400.Wm82.a4.v1,0.576510329873311
Glyma.08G052600.Wm82.a4.v1,0.576510329873311
Glyma.05G246500.Wm82.a4.v1,0.5765078201859176
Glyma.02G030900.Wm82.a4.v1,0.5765053104985243
Glyma.06G228700.Wm82.a4.v1,0.5764350392515109
Glyma.19G032500.Wm82.a4.v1,0.5764300198767242
Glyma.02G150100.Wm82.a4.v1,0.5763948842532174
Glyma.20G028100.Wm82.a4.v1,0.5763898648784307
Glyma.02G220600.Wm82.a4.v1,0.5763798261288574
Glyma.06G139600.Wm82.a4.v1,0.576369787379284
Glyma.17G083100.Wm82.a4.v1,0.5763346517557772
Glyma.03G169300.Wm82.a4.v1,0.5763145742566306
Glyma.05G073400.Wm82.a4.v1,0.5763145742566306
Glyma.04G234500.Wm82.a4.v1,0.5762995161322706
Glyma.17G118600.Wm82.a4.v1,0.5762995161322706
Glyma.11G233000.Wm82.a4.v1,0.5762944967574839
Glyma.05G144000.Wm82.a4.v1,0.5762894773826972
Glyma.08G128700.Wm82.a4.v1,0.5762894773826972
Glyma.18G220000.Wm82.a4.v1,0.5762242255104704
Glyma.01G124200.Wm82.a4.v1,0.5762192061356838
Glyma.18G119600.Wm82.a4.v1,0.576199128636537
Glyma.12G064800.Wm82.a4.v1,0.5761890898869637
Glyma.09G087900.Wm82.a4.v1,0.5760887023912301
Glyma.05G005300.Wm82.a4.v1,0.5759732567711365
Glyma.04G167300.Wm82.a4.v1,0.57596823739635
Glyma.08G054100.Wm82.a4.v1,0.5759305920854498
Glyma.13G130800.Wm82.a4.v1,0.5759180436484831
Glyma.16G038800.Wm82.a4.v1,0.5759130242736965
Glyma.06G109500.Wm82.a4.v1,0.5759080048989098
Glyma.12G224700.Wm82.a4.v1,0.5758929467745497
Glyma.06G306000.Wm82.a4.v1,0.5758628305258296
Glyma.15G168600.Wm82.a4.v1,0.5758527917762564
Glyma.02G113300.Wm82.a4.v1,0.575842753026683
Glyma.01G204900.Wm82.a4.v1,0.575827694902323
Glyma.16G159900.Wm82.a4.v1,0.5757925592788162
Glyma.15G167900.Wm82.a4.v1,0.5757473849057362
Glyma.05G175600.Wm82.a4.v1,0.5757423655309495
Glyma.09G044500.Wm82.a4.v1,0.5757323267813761
Glyma.14G083300.Wm82.a4.v1,0.5756971911578693
Glyma.07G056900.Wm82.a4.v1,0.5755516292890558
Glyma.09G207300.Wm82.a4.v1,0.5754913967916157
Glyma.12G228800.Wm82.a4.v1,0.5754612805428956
Glyma.17G211500.Wm82.a4.v1,0.5754261449193888
Glyma.16G055800.Wm82.a4.v1,0.5754110867950288
Glyma.14G098400.Wm82.a4.v1,0.5753759511715221
Glyma.09G026100.Wm82.a4.v1,0.5753157186740819
Glyma.02G295500.Wm82.a4.v1,0.5752805830505752
Glyma.18G149800.Wm82.a4.v1,0.5752153311783484
Glyma.03G010700.Wm82.a4.v1,0.5752153311783484
Glyma.16G029600.Wm82.a4.v1,0.5752103118035617
Glyma.03G219000.Wm82.a4.v1,0.5751550986809083
Glyma.05G127800.Wm82.a4.v1,0.5751500793061216
Glyma.18G201700.Wm82.a4.v1,0.5751249824321882
Glyma.04G141400.Wm82.a4.v1,0.5750747886843215
Glyma.08G351200.Wm82.a4.v1,0.5750496918103881
Glyma.18G210100.Wm82.a4.v1,0.575034633686028
Glyma.11G069400.Wm82.a4.v1,0.5749919690003413
Glyma.16G203200.Wm82.a4.v1,0.5749041299415745
Glyma.19G239400.Wm82.a4.v1,0.5748940911920011
Glyma.01G232300.Wm82.a4.v1,0.5748790330676411
Glyma.17G259000.Wm82.a4.v1,0.5748639749432811
Glyma.13G035400.Wm82.a4.v1,0.5748589555684944
Glyma.02G308500.Wm82.a4.v1,0.5748438974441343
Glyma.09G259000.Wm82.a4.v1,0.5748438974441343
Glyma.19G263500.Wm82.a4.v1,0.5748388780693476
Glyma.15G033100.Wm82.a4.v1,0.574833858694561
Glyma.10G297400.Wm82.a4.v1,0.5748137811954143
Glyma.07G245900.Wm82.a4.v1,0.5747635874475475
Glyma.03G149200.Wm82.a4.v1,0.5747585680727608
Glyma.06G125200.Wm82.a4.v1,0.5747585680727608
Glyma.09G124900.Wm82.a4.v1,0.5747384905736141
Glyma.06G061200.Wm82.a4.v1,0.5747234324492542
Glyma.14G219100.Wm82.a4.v1,0.5747234324492542
Glyma.08G031500.Wm82.a4.v1,0.5747083743248941
Glyma.12G009400.Wm82.a4.v1,0.5747033549501074
Glyma.11G232600.Wm82.a4.v1,0.5746983355753207
Glyma.17G093400.Wm82.a4.v1,0.5746983355753207
Glyma.17G017500.Wm82.a4.v1,0.574678258076174
Glyma.08G188300.Wm82.a4.v1,0.574678258076174
Glyma.05G004200.Wm82.a4.v1,0.5746481418274539
Glyma.05G059100.Wm82.a4.v1,0.5746431224526672
Glyma.17G144900.Wm82.a4.v1,0.5746431224526672
Glyma.08G293400.Wm82.a4.v1,0.5746280643283073
Glyma.13G197200.Wm82.a4.v1,0.5746280643283073
Glyma.09G096800.Wm82.a4.v1,0.5746230449535206
Glyma.15G075400.Wm82.a4.v1,0.5745879093300138
Glyma.02G059800.Wm82.a4.v1,0.5745778705804405
Glyma.02G082800.Wm82.a4.v1,0.5745728512056538
Glyma.09G255200.Wm82.a4.v1,0.5745477543317205
Glyma.13G170700.Wm82.a4.v1,0.5745477543317205
Glyma.15G251100.Wm82.a4.v1,0.5745326962073604
Glyma.18G179800.Wm82.a4.v1,0.5745226574577871
Glyma.18G051400.Wm82.a4.v1,0.5744825024594936
Glyma.09G210000.Wm82.a4.v1,0.5744523862107735
Glyma.13G175200.Wm82.a4.v1,0.574447366835987
Glyma.11G110300.Wm82.a4.v1,0.5744222699620535
Glyma.11G013300.Wm82.a4.v1,0.5744021924629068
Glyma.19G160700.Wm82.a4.v1,0.5743770955889734
Glyma.20G211800.Wm82.a4.v1,0.5743720762141867
Glyma.07G017700.Wm82.a4.v1,0.5743570180898268
Glyma.13G346400.Wm82.a4.v1,0.5743369405906801
Glyma.02G294600.Wm82.a4.v1,0.5743319212158934
Glyma.08G224400.Wm82.a4.v1,0.57432188246632
Glyma.06G296900.Wm82.a4.v1,0.5742917662175999
Glyma.01G232100.Wm82.a4.v1,0.5742716887184532
Glyma.02G093600.Wm82.a4.v1,0.5742616499688799
Glyma.17G138200.Wm82.a4.v1,0.5742014174714397
Glyma.15G261100.Wm82.a4.v1,0.5741311462244263
Glyma.04G081800.Wm82.a4.v1,0.5740157006043327
Glyma.07G148500.Wm82.a4.v1,0.5740056618547593
Glyma.20G012300.Wm82.a4.v1,0.5740056618547593
Glyma.06G145900.Wm82.a4.v1,0.573980564980826
Glyma.10G199500.Wm82.a4.v1,0.5739353906077459
Glyma.11G227500.Wm82.a4.v1,0.5738600999859458
Glyma.09G277400.Wm82.a4.v1,0.573840022486799
Glyma.13G025700.Wm82.a4.v1,0.5738350031120124
Glyma.15G181300.Wm82.a4.v1,0.573779789989359
Glyma.03G000700.Wm82.a4.v1,0.5737546931154256
Glyma.04G166700.Wm82.a4.v1,0.5737446543658522
Glyma.09G007852.Wm82.a4.v1,0.5737421446784589
Glyma.08G017800.Wm82.a4.v1,0.5737396349910655
Glyma.15G013400.Wm82.a4.v1,0.5737095187423454
Glyma.06G176500.Wm82.a4.v1,0.5736794024936254
Glyma.14G095000.Wm82.a4.v1,0.5736743831188387
Glyma.06G270200.Wm82.a4.v1,0.5736492862449053
Glyma.04G044700.Wm82.a4.v1,0.5735840343726786
Glyma.03G207300.Wm82.a4.v1,0.5735739956231052
Glyma.08G037500.Wm82.a4.v1,0.5735689762483185
Glyma.10G141500.Wm82.a4.v1,0.573513763125665
Glyma.03G257800.Wm82.a4.v1,0.5734736081273717
Glyma.14G004700.Wm82.a4.v1,0.5733882787559982
Glyma.17G062400.Wm82.a4.v1,0.5733732206316381
Glyma.18G005100.Wm82.a4.v1,0.5733230268837713
Glyma.03G104500.Wm82.a4.v1,0.5732878912602646
Glyma.01G006900.Wm82.a4.v1,0.5732728331359046
Glyma.06G010600.Wm82.a4.v1,0.5732176200132512
Glyma.11G176400.Wm82.a4.v1,0.5732126006384645
Glyma.02G151400.Wm82.a4.v1,0.5731724456401711
Glyma.02G305900.Wm82.a4.v1,0.5731473487662376
Glyma.15G093300.Wm82.a4.v1,0.5731373100166643
Glyma.15G211800.Wm82.a4.v1,0.5731222518923043
Glyma.11G074600.Wm82.a4.v1,0.5730369225209307
Glyma.01G021600.Wm82.a4.v1,0.5729967675226374
Glyma.05G101800.Wm82.a4.v1,0.572941554399984
Glyma.06G195700.Wm82.a4.v1,0.5729214769008373
Glyma.06G165700.Wm82.a4.v1,0.5729164575260506
Glyma.14G087100.Wm82.a4.v1,0.5728838315899372
Glyma.02G104900.Wm82.a4.v1,0.5728411669042504
Glyma.01G128700.Wm82.a4.v1,0.5728110506555304
Glyma.13G178100.Wm82.a4.v1,0.5727708956572369
Glyma.03G212100.Wm82.a4.v1,0.5727357600337302
Glyma.12G033600.Wm82.a4.v1,0.5727357600337302
Glyma.01G183500.Wm82.a4.v1,0.5727006244102235
Glyma.19G180800.Wm82.a4.v1,0.57267552753629
Glyma.03G181900.Wm82.a4.v1,0.5725651012909831
Glyma.06G054200.Wm82.a4.v1,0.5725651012909831
Glyma.04G213000.Wm82.a4.v1,0.5725600819161966
Glyma.02G127700.Wm82.a4.v1,0.5725400044170498
Glyma.12G235000.Wm82.a4.v1,0.5725048687935431
Glyma.09G265000.Wm82.a4.v1,0.5724948300439697
Glyma.17G107600.Wm82.a4.v1,0.5724847912943963
Glyma.12G080300.Wm82.a4.v1,0.572474752544823
Glyma.10G167200.Wm82.a4.v1,0.572459694420463
Glyma.17G001100.Wm82.a4.v1,0.572444636296103
Glyma.08G022500.Wm82.a4.v1,0.5724345975465296
Glyma.16G212900.Wm82.a4.v1,0.5723994619230228
Glyma.08G040000.Wm82.a4.v1,0.5723793844238761
Glyma.11G253700.Wm82.a4.v1,0.5723091131768627
Glyma.06G309900.Wm82.a4.v1,0.5722689581785693
Glyma.15G231900.Wm82.a4.v1,0.5722589194289959
Glyma.13G115600.Wm82.a4.v1,0.5721635513080491
Glyma.05G032200.Wm82.a4.v1,0.5721535125584757
Glyma.11G089800.Wm82.a4.v1,0.5721284156845423
Glyma.07G223300.Wm82.a4.v1,0.5721233963097556
Glyma.01G155200.Wm82.a4.v1,0.5721233963097556
Glyma.16G044800.Wm82.a4.v1,0.5721033188106089
Glyma.18G290800.Wm82.a4.v1,0.5720732025618889
Glyma.19G029000.Wm82.a4.v1,0.5720230088140221
Glyma.08G018400.Wm82.a4.v1,0.5719928925653021
Glyma.07G261000.Wm82.a4.v1,0.5719928925653021
Glyma.15G126200.Wm82.a4.v1,0.5719828538157287
Glyma.13G076700.Wm82.a4.v1,0.5719728150661554
Glyma.06G016000.Wm82.a4.v1,0.5719577569417953
Glyma.04G029700.Wm82.a4.v1,0.5719075631939285
Glyma.12G071700.Wm82.a4.v1,0.5718598791334552
Glyma.20G199100.Wm82.a4.v1,0.5717620013251149
Glyma.08G218700.Wm82.a4.v1,0.5717569819503283
Glyma.18G149300.Wm82.a4.v1,0.5717419238259682
Glyma.02G275900.Wm82.a4.v1,0.5717318850763948
Glyma.04G075700.Wm82.a4.v1,0.5717218463268215
Glyma.04G022700.Wm82.a4.v1,0.5716867107033148
Glyma.16G094500.Wm82.a4.v1,0.5716415363302347
Glyma.08G336400.Wm82.a4.v1,0.5716415363302347
Glyma.03G167300.Wm82.a4.v1,0.5716314975806613
Glyma.12G003500.Wm82.a4.v1,0.5716314975806613
Glyma.02G305200.Wm82.a4.v1,0.5716013813319413
Glyma.08G237500.Wm82.a4.v1,0.5715662457084345
Glyma.08G202600.Wm82.a4.v1,0.5715662457084345
Glyma.18G085100.Wm82.a4.v1,0.5715511875840745
Glyma.12G111000.Wm82.a4.v1,0.5715260907101412
Glyma.16G069400.Wm82.a4.v1,0.5715210713353545
Glyma.20G130700.Wm82.a4.v1,0.5715009938362078
Glyma.03G162100.Wm82.a4.v1,0.5714959744614211
Glyma.17G131000.Wm82.a4.v1,0.5714959744614211
Glyma.07G085300.Wm82.a4.v1,0.5714909550866344
Glyma.10G248000.Wm82.a4.v1,0.5714758969622744
Glyma.09G225900.Wm82.a4.v1,0.5714758969622744
Glyma.08G353600.Wm82.a4.v1,0.5714558194631276
Glyma.19G080600.Wm82.a4.v1,0.5714106450900476
Glyma.05G012300.Wm82.a4.v1,0.5714056257152609
Glyma.01G038100.Wm82.a4.v1,0.5713855482161142
Glyma.04G014400.Wm82.a4.v1,0.5713855482161142
Glyma.01G192200.Wm82.a4.v1,0.5713403738430342
Glyma.18G035700.Wm82.a4.v1,0.5713303350934608
Glyma.08G163700.Wm82.a4.v1,0.5713152769691008
Glyma.10G247100.Wm82.a4.v1,0.5713052382195274
Glyma.20G014300.Wm82.a4.v1,0.5713002188447407
Glyma.16G070400.Wm82.a4.v1,0.571295199469954
Glyma.15G127200.Wm82.a4.v1,0.5712751219708073
Glyma.15G182800.Wm82.a4.v1,0.5711847732246471
Glyma.14G152300.Wm82.a4.v1,0.5710944244784869
Glyma.18G017200.Wm82.a4.v1,0.5710442307306202
Glyma.11G231700.Wm82.a4.v1,0.5710442307306202
Glyma.16G144000.Wm82.a4.v1,0.5709187463609533
Glyma.18G286900.Wm82.a4.v1,0.5709187463609533
Glyma.18G192400.Wm82.a4.v1,0.5708585138635132
Glyma.08G035700.Wm82.a4.v1,0.5708434557391532
Glyma.20G124100.Wm82.a4.v1,0.5708384363643665
Glyma.16G058200.Wm82.a4.v1,0.5708384363643665
Glyma.15G108900.Wm82.a4.v1,0.5708384363643665
Glyma.08G059500.Wm82.a4.v1,0.5708334169895798
Glyma.15G006200.Wm82.a4.v1,0.5708233782400064
Glyma.17G002900.Wm82.a4.v1,0.5708083201156464
Glyma.19G015500.Wm82.a4.v1,0.5707731844921397
Glyma.16G015100.Wm82.a4.v1,0.5707631457425663
Glyma.11G154800.Wm82.a4.v1,0.5707204810568796
Glyma.19G261500.Wm82.a4.v1,0.5706828357459794
Glyma.06G162700.Wm82.a4.v1,0.5706175838737527
Glyma.05G094000.Wm82.a4.v1,0.5705673901258859
Glyma.13G298700.Wm82.a4.v1,0.5705573513763126
Glyma.06G187600.Wm82.a4.v1,0.5705372738771659
Glyma.08G280700.Wm82.a4.v1,0.5705322545023792
Glyma.05G025100.Wm82.a4.v1,0.5704218282570723
Glyma.17G239400.Wm82.a4.v1,0.5704067701327122
Glyma.10G296900.Wm82.a4.v1,0.5704067701327122
Glyma.04G047500.Wm82.a4.v1,0.5704017507579255
Glyma.01G161600.Wm82.a4.v1,0.5703565763848455
Glyma.16G002800.Wm82.a4.v1,0.5703565763848455
Glyma.18G182500.Wm82.a4.v1,0.5703465376352721
Glyma.20G223500.Wm82.a4.v1,0.5703214407613387
Glyma.03G158300.Wm82.a4.v1,0.5702863051378321
Glyma.05G200600.Wm82.a4.v1,0.5702511695143253
Glyma.04G053800.Wm82.a4.v1,0.5702310920151786
Glyma.13G097600.Wm82.a4.v1,0.5702260726403919
Glyma.09G069000.Wm82.a4.v1,0.5702260726403919
Glyma.14G057400.Wm82.a4.v1,0.5702009757664586
Glyma.08G348300.Wm82.a4.v1,0.5701733692051318
Glyma.05G201800.Wm82.a4.v1,0.5701608207681651
Glyma.08G073000.Wm82.a4.v1,0.5701407432690184
Glyma.04G069100.Wm82.a4.v1,0.570085530146365
Glyma.17G113400.Wm82.a4.v1,0.570085530146365
Glyma.14G024000.Wm82.a4.v1,0.5700604332724316
Glyma.16G207000.Wm82.a4.v1,0.5700252976489248
Glyma.01G041300.Wm82.a4.v1,0.5700002007749915
Glyma.02G211900.Wm82.a4.v1,0.5699801232758448
Glyma.07G252700.Wm82.a4.v1,0.569944987652338
Glyma.15G190700.Wm82.a4.v1,0.5698897745296846
Glyma.08G296000.Wm82.a4.v1,0.5698646776557512
Glyma.05G139400.Wm82.a4.v1,0.5697040576625776
Glyma.07G048200.Wm82.a4.v1,0.5696889995382175
Glyma.19G186100.Wm82.a4.v1,0.5696538639147107
Glyma.02G229700.Wm82.a4.v1,0.5696538639147107
Glyma.20G043000.Wm82.a4.v1,0.5695635151685506
Glyma.05G053300.Wm82.a4.v1,0.5695584957937639
Glyma.10G112500.Wm82.a4.v1,0.5694380307988837
Glyma.07G150300.Wm82.a4.v1,0.5694129339249503
Glyma.01G171800.Wm82.a4.v1,0.5694079145501636
Glyma.07G035300.Wm82.a4.v1,0.5693978758005903
Glyma.04G231100.Wm82.a4.v1,0.5693727789266569
Glyma.17G038400.Wm82.a4.v1,0.5693476820527235
Glyma.05G123500.Wm82.a4.v1,0.5693476820527235
Glyma.07G089400.Wm82.a4.v1,0.5693426626779369
Glyma.16G105200.Wm82.a4.v1,0.56929246893007
Glyma.19G094000.Wm82.a4.v1,0.5692673720561366
Glyma.02G273700.Wm82.a4.v1,0.5692523139317767
Glyma.09G203800.Wm82.a4.v1,0.5692071395586966
Glyma.17G232200.Wm82.a4.v1,0.5692021201839099
Glyma.07G204700.Wm82.a4.v1,0.5691971008091232
Glyma.10G152700.Wm82.a4.v1,0.5691870620595498
Glyma.12G241800.Wm82.a4.v1,0.5691820426847631
Glyma.13G256300.Wm82.a4.v1,0.5691820426847631
Glyma.U031408.Wm82.a4.v1,0.5691820426847631
Glyma.07G134800.Wm82.a4.v1,0.5691669845604032
Glyma.11G234500.Wm82.a4.v1,0.5691569458108298
Glyma.19G004100.Wm82.a4.v1,0.5691569458108298
Glyma.10G145400.Wm82.a4.v1,0.5691368683116831
Glyma.19G201900.Wm82.a4.v1,0.5691268295621097
Glyma.13G289300.Wm82.a4.v1,0.5691167908125364
Glyma.05G126100.Wm82.a4.v1,0.5691167908125364
Glyma.13G010100.Wm82.a4.v1,0.5691167908125364
Glyma.11G111300.Wm82.a4.v1,0.5689862870680829
Glyma.13G004000.Wm82.a4.v1,0.5689561708193628
Glyma.08G311300.Wm82.a4.v1,0.5689411126950027
Glyma.04G010800.Wm82.a4.v1,0.5689310739454294
Glyma.12G190100.Wm82.a4.v1,0.5689009576967093
Glyma.01G027300.Wm82.a4.v1,0.568890918947136
Glyma.05G117500.Wm82.a4.v1,0.568890918947136
Glyma.02G292500.Wm82.a4.v1,0.5687604152026824
Glyma.02G165100.Wm82.a4.v1,0.5687403377035356
Glyma.14G201900.Wm82.a4.v1,0.5686951633304556
Glyma.01G096300.Wm82.a4.v1,0.5686700664565222
Glyma.02G131700.Wm82.a4.v1,0.5686550083321621
Glyma.17G054900.Wm82.a4.v1,0.5686449695825888
Glyma.12G014000.Wm82.a4.v1,0.5686399502078021
Glyma.02G187100.Wm82.a4.v1,0.5686198727086554
Glyma.05G104900.Wm82.a4.v1,0.5686148533338687
Glyma.06G295100.Wm82.a4.v1,0.5686048145842953
Glyma.11G113600.Wm82.a4.v1,0.5686048145842953
Glyma.12G193800.Wm82.a4.v1,0.5686048145842953
Glyma.11G250100.Wm82.a4.v1,0.5685997952095087
Glyma.03G205600.Wm82.a4.v1,0.5685847370851487
Glyma.08G345400.Wm82.a4.v1,0.5685345433372819
Glyma.06G038500.Wm82.a4.v1,0.5685345433372819
Glyma.12G213300.Wm82.a4.v1,0.5684592527154818
Glyma.11G090300.Wm82.a4.v1,0.5684441945911217
Glyma.08G006900.Wm82.a4.v1,0.5683638845945349
Glyma.15G048900.Wm82.a4.v1,0.5683362780332082
Glyma.08G020500.Wm82.a4.v1,0.5683287489710281
Glyma.19G003900.Wm82.a4.v1,0.5683287489710281
Glyma.20G135900.Wm82.a4.v1,0.5683187102214549
Glyma.05G212100.Wm82.a4.v1,0.5682634970988014
Glyma.03G178200.Wm82.a4.v1,0.568253458349228
Glyma.04G241900.Wm82.a4.v1,0.568245929287048
Glyma.11G112900.Wm82.a4.v1,0.5682133033509346
Glyma.12G158500.Wm82.a4.v1,0.5681430321039211
Glyma.15G205600.Wm82.a4.v1,0.568082799606481
Glyma.02G194800.Wm82.a4.v1,0.5680526833577609
Glyma.18G067800.Wm82.a4.v1,0.5680125283594676
Glyma.01G232600.Wm82.a4.v1,0.5679974702351075
Glyma.04G170300.Wm82.a4.v1,0.567942257112454
Glyma.20G028000.Wm82.a4.v1,0.5679372377376674
Glyma.09G031000.Wm82.a4.v1,0.5678820246150139
Glyma.14G207600.Wm82.a4.v1,0.5678820246150139
Glyma.08G300700.Wm82.a4.v1,0.5678770052402273
Glyma.06G120600.Wm82.a4.v1,0.5678669664906539
Glyma.13G160000.Wm82.a4.v1,0.5678368502419339
Glyma.09G185700.Wm82.a4.v1,0.5678368502419339
Glyma.05G186200.Wm82.a4.v1,0.5678167727427872
Glyma.09G255100.Wm82.a4.v1,0.5678167727427872
Glyma.08G148000.Wm82.a4.v1,0.5678017146184271
Glyma.15G014900.Wm82.a4.v1,0.567726423996627
Glyma.15G056500.Wm82.a4.v1,0.5676912883731202
Glyma.15G006700.Wm82.a4.v1,0.5676862689983335
Glyma.12G076200.Wm82.a4.v1,0.5676461140000402
Glyma.08G258500.Wm82.a4.v1,0.5676310558756801
Glyma.03G006300.Wm82.a4.v1,0.5675959202521734
Glyma.04G156300.Wm82.a4.v1,0.5675507458790933
Glyma.08G340500.Wm82.a4.v1,0.5675256490051599
Glyma.01G157300.Wm82.a4.v1,0.5675105908807999
Glyma.08G253900.Wm82.a4.v1,0.5674804746320798
Glyma.16G103500.Wm82.a4.v1,0.5674804746320798
Glyma.04G208100.Wm82.a4.v1,0.5674754552572931
Glyma.13G111600.Wm82.a4.v1,0.5674353002589997
Glyma.04G155300.Wm82.a4.v1,0.5674302808842131
Glyma.11G175500.Wm82.a4.v1,0.5674102033850663
Glyma.08G309500.Wm82.a4.v1,0.567400164635493
Glyma.08G333400.Wm82.a4.v1,0.5673298933884795
Glyma.13G366200.Wm82.a4.v1,0.5673298933884795
Glyma.20G131000.Wm82.a4.v1,0.5673148352641195
Glyma.07G055500.Wm82.a4.v1,0.5673047965145461
Glyma.07G226267.Wm82.a4.v1,0.5672244865179593
Glyma.20G243800.Wm82.a4.v1,0.5671793121448793
Glyma.03G084300.Wm82.a4.v1,0.5671592346457325
Glyma.15G014800.Wm82.a4.v1,0.5671090408978657
Glyma.14G044900.Wm82.a4.v1,0.5670939827735058
Glyma.11G088400.Wm82.a4.v1,0.5670889633987191
Glyma.06G000500.Wm82.a4.v1,0.5670688858995724
Glyma.10G105300.Wm82.a4.v1,0.5670638665247857
Glyma.02G215600.Wm82.a4.v1,0.5669785371534122
Glyma.13G108100.Wm82.a4.v1,0.5669785371534122
Glyma.20G128900.Wm82.a4.v1,0.5669584596542655
Glyma.13G056100.Wm82.a4.v1,0.5669584596542655
Glyma.20G226700.Wm82.a4.v1,0.566918304655972
Glyma.09G259400.Wm82.a4.v1,0.5668982271568254
Glyma.15G087400.Wm82.a4.v1,0.566873130282892
Glyma.14G040300.Wm82.a4.v1,0.5668279559098118
Glyma.10G118800.Wm82.a4.v1,0.5668028590358785
Glyma.13G251400.Wm82.a4.v1,0.5667878009115185
Glyma.04G207300.Wm82.a4.v1,0.5666572971670649
Glyma.02G110400.Wm82.a4.v1,0.5666372196679181
Glyma.13G365500.Wm82.a4.v1,0.5666221615435582
Glyma.08G347800.Wm82.a4.v1,0.5666020840444115
Glyma.14G079200.Wm82.a4.v1,0.5665217740478246
Glyma.18G211800.Wm82.a4.v1,0.566516754673038
Glyma.13G215900.Wm82.a4.v1,0.5665016965486779
Glyma.01G194100.Wm82.a4.v1,0.5664665609251711
Glyma.06G106800.Wm82.a4.v1,0.5664565221755978
Glyma.06G087200.Wm82.a4.v1,0.5664565221755978
Glyma.06G312200.Wm82.a4.v1,0.5664063284277311
Glyma.14G085800.Wm82.a4.v1,0.5664013090529444
Glyma.07G250700.Wm82.a4.v1,0.5663862509285843
Glyma.11G051000.Wm82.a4.v1,0.5663511153050776
Glyma.18G044500.Wm82.a4.v1,0.566346095930291
Glyma.03G224400.Wm82.a4.v1,0.5663410765555043
Glyma.14G012200.Wm82.a4.v1,0.5662959021824242
Glyma.20G125800.Wm82.a4.v1,0.5662808440580641
Glyma.02G234300.Wm82.a4.v1,0.5662557471841307
Glyma.18G244400.Wm82.a4.v1,0.5662457084345573
Glyma.15G196800.Wm82.a4.v1,0.5662356696849841
Glyma.07G107900.Wm82.a4.v1,0.5661804565623306
Glyma.13G192400.Wm82.a4.v1,0.5661503403136106
Glyma.07G197200.Wm82.a4.v1,0.5661453209388239
Glyma.13G355400.Wm82.a4.v1,0.5661302628144639
Glyma.09G218700.Wm82.a4.v1,0.5661252434396772
Glyma.08G321800.Wm82.a4.v1,0.5660901078161704
Glyma.13G131800.Wm82.a4.v1,0.5660148171943703
Glyma.07G256800.Wm82.a4.v1,0.5659947396952235
Glyma.04G094100.Wm82.a4.v1,0.5659395265725701
Glyma.08G204400.Wm82.a4.v1,0.5659395265725701
Glyma.09G226400.Wm82.a4.v1,0.5658742747003433
Glyma.19G113700.Wm82.a4.v1,0.5658592165759833
Glyma.01G036500.Wm82.a4.v1,0.5658441584516233
Glyma.20G049200.Wm82.a4.v1,0.5658040034533298
Glyma.08G101100.Wm82.a4.v1,0.5657989840785431
Glyma.05G043300.Wm82.a4.v1,0.5657989840785431
Glyma.10G155100.Wm82.a4.v1,0.5657688678298232
Glyma.17G094400.Wm82.a4.v1,0.5657487903306764
Glyma.17G168200.Wm82.a4.v1,0.565723693456743
Glyma.20G052500.Wm82.a4.v1,0.5657186740819563
Glyma.04G115900.Wm82.a4.v1,0.5657036159575963
Glyma.19G126900.Wm82.a4.v1,0.5656835384584497
Glyma.14G040800.Wm82.a4.v1,0.5656684803340896
Glyma.08G007100.Wm82.a4.v1,0.5656584415845163
Glyma.06G076500.Wm82.a4.v1,0.5656383640853695
Glyma.10G143500.Wm82.a4.v1,0.5656333447105828
Glyma.04G023600.Wm82.a4.v1,0.5656032284618628
Glyma.14G091600.Wm82.a4.v1,0.5655982090870761
Glyma.06G236100.Wm82.a4.v1,0.5655931897122894
Glyma.01G080400.Wm82.a4.v1,0.5655580540887827
Glyma.16G210400.Wm82.a4.v1,0.5655128797157026
Glyma.19G229900.Wm82.a4.v1,0.5654827634669826
Glyma.01G057500.Wm82.a4.v1,0.5654727247174092
Glyma.02G238600.Wm82.a4.v1,0.5654727247174092
Glyma.17G204300.Wm82.a4.v1,0.5654677053426225
Glyma.07G117300.Wm82.a4.v1,0.5654375890939025
Glyma.09G259100.Wm82.a4.v1,0.565412492219969
Glyma.20G050300.Wm82.a4.v1,0.5653924147208224
Glyma.14G148900.Wm82.a4.v1,0.5653823759712491
Glyma.17G235300.Wm82.a4.v1,0.565352259722529
Glyma.19G234600.Wm82.a4.v1,0.5653472403477423
Glyma.13G345500.Wm82.a4.v1,0.5653472403477423
Glyma.02G067000.Wm82.a4.v1,0.5653372015981689
Glyma.10G243500.Wm82.a4.v1,0.5653321822233822
Glyma.12G081900.Wm82.a4.v1,0.5653171240990222
Glyma.07G034900.Wm82.a4.v1,0.5653171240990222
Glyma.14G000600.Wm82.a4.v1,0.5653171240990222
Glyma.06G198300.Wm82.a4.v1,0.5652819884755155
Glyma.11G161300.Wm82.a4.v1,0.5652769691007288
Glyma.18G265900.Wm82.a4.v1,0.5652769691007288
Glyma.08G126600.Wm82.a4.v1,0.5652669303511555
Glyma.20G000700.Wm82.a4.v1,0.5652468528520087
Glyma.02G008600.Wm82.a4.v1,0.5652368141024354
Glyma.15G097900.Wm82.a4.v1,0.565211717228502
Glyma.09G185600.Wm82.a4.v1,0.565211717228502
Glyma.08G125500.Wm82.a4.v1,0.565196659104142
Glyma.13G009100.Wm82.a4.v1,0.5651866203545687
Glyma.05G125700.Wm82.a4.v1,0.5651615234806352
Glyma.14G086100.Wm82.a4.v1,0.5651414459814885
Glyma.17G040700.Wm82.a4.v1,0.5651364266067018
Glyma.01G220400.Wm82.a4.v1,0.5651263878571285
Glyma.11G072800.Wm82.a4.v1,0.5651213684823418
Glyma.09G007300.Wm82.a4.v1,0.5650711747344751
Glyma.04G110300.Wm82.a4.v1,0.5650310197361816
Glyma.03G237900.Wm82.a4.v1,0.5649758066135282
Glyma.04G052900.Wm82.a4.v1,0.5649707872387415
Glyma.04G059000.Wm82.a4.v1,0.5649406709900214
Glyma.10G031600.Wm82.a4.v1,0.5649356516152348
Glyma.10G003000.Wm82.a4.v1,0.5649205934908748
Glyma.02G179100.Wm82.a4.v1,0.5648804384925814
Glyma.09G285800.Wm82.a4.v1,0.5648603609934346
Glyma.02G203800.Wm82.a4.v1,0.5648402834942879
Glyma.11G108700.Wm82.a4.v1,0.5648302447447145
Glyma.11G033800.Wm82.a4.v1,0.5647700122472745
Glyma.15G154800.Wm82.a4.v1,0.5647599734977011
Glyma.06G043400.Wm82.a4.v1,0.5647499347481277
Glyma.11G206300.Wm82.a4.v1,0.5647298572489811
Glyma.10G196100.Wm82.a4.v1,0.5646947216254743
Glyma.07G136600.Wm82.a4.v1,0.5646144116288875
Glyma.06G032000.Wm82.a4.v1,0.5646144116288875
Glyma.06G031700.Wm82.a4.v1,0.5645943341297408
Glyma.18G164800.Wm82.a4.v1,0.5645893147549541
Glyma.11G240600.Wm82.a4.v1,0.5645491597566608
Glyma.01G023900.Wm82.a4.v1,0.5645441403818741
Glyma.14G138300.Wm82.a4.v1,0.5645441403818741
Glyma.08G108300.Wm82.a4.v1,0.564514024133154
Glyma.20G062300.Wm82.a4.v1,0.5644788885096472
Glyma.02G211800.Wm82.a4.v1,0.5644487722609272
Glyma.10G195600.Wm82.a4.v1,0.5644387335113539
Glyma.08G321100.Wm82.a4.v1,0.5644035978878471
Glyma.13G302800.Wm82.a4.v1,0.5643785010139137
Glyma.19G034700.Wm82.a4.v1,0.5643684622643403
Glyma.20G005600.Wm82.a4.v1,0.5642931716425402
Glyma.03G244700.Wm82.a4.v1,0.5642379585198868
Glyma.08G199200.Wm82.a4.v1,0.5642178810207401
Glyma.08G316200.Wm82.a4.v1,0.5641676872728733
Glyma.14G117100.Wm82.a4.v1,0.5641626678980867
Glyma.17G116600.Wm82.a4.v1,0.5641576485233
Glyma.18G114800.Wm82.a4.v1,0.5641225128997932
Glyma.16G109300.Wm82.a4.v1,0.5641024354006465
Glyma.10G166200.Wm82.a4.v1,0.5640974160258598
Glyma.15G041300.Wm82.a4.v1,0.5640723191519265
Glyma.16G043800.Wm82.a4.v1,0.5640672997771398
Glyma.19G065800.Wm82.a4.v1,0.5640572610275664
Glyma.13G166100.Wm82.a4.v1,0.5640070672796996
Glyma.11G073900.Wm82.a4.v1,0.5639819704057663
Glyma.05G028800.Wm82.a4.v1,0.5639769510309796
Glyma.08G067100.Wm82.a4.v1,0.5639769510309796
Glyma.15G094800.Wm82.a4.v1,0.5638866022848193
Glyma.20G174500.Wm82.a4.v1,0.5638815829100328
Glyma.09G170700.Wm82.a4.v1,0.5638414279117393
Glyma.10G200600.Wm82.a4.v1,0.5638263697873793
Glyma.06G007700.Wm82.a4.v1,0.5637912341638726
Glyma.16G050500.Wm82.a4.v1,0.5637611179151525
Glyma.01G158300.Wm82.a4.v1,0.5637560985403658
Glyma.06G094400.Wm82.a4.v1,0.563660730419419
Glyma.12G039400.Wm82.a4.v1,0.5636557110446323
Glyma.18G262900.Wm82.a4.v1,0.5636306141706989
Glyma.14G200300.Wm82.a4.v1,0.5636155560463388
Glyma.05G135300.Wm82.a4.v1,0.5636105366715521
Glyma.15G065800.Wm82.a4.v1,0.5636105366715521
Glyma.17G066400.Wm82.a4.v1,0.5636105366715521
Glyma.08G135600.Wm82.a4.v1,0.5635904591724055
Glyma.06G000100.Wm82.a4.v1,0.5635904591724055
Glyma.16G091900.Wm82.a4.v1,0.5635804204228322
Glyma.02G049400.Wm82.a4.v1,0.5635553235488987
Glyma.10G090500.Wm82.a4.v1,0.5635503041741121
Glyma.17G142000.Wm82.a4.v1,0.5634699941775253
Glyma.03G086000.Wm82.a4.v1,0.5634549360531652
Glyma.20G206700.Wm82.a4.v1,0.5634549360531652
Glyma.11G156931.Wm82.a4.v1,0.5634198004296584
Glyma.04G084800.Wm82.a4.v1,0.5633947035557251
Glyma.16G021200.Wm82.a4.v1,0.5633143935591383
Glyma.06G204800.Wm82.a4.v1,0.5633093741843516
Glyma.19G072400.Wm82.a4.v1,0.5632842773104182
Glyma.08G181800.Wm82.a4.v1,0.5632190254381915
Glyma.20G025500.Wm82.a4.v1,0.5632190254381915
Glyma.06G138000.Wm82.a4.v1,0.5632140060634048
Glyma.11G096500.Wm82.a4.v1,0.5632140060634048
Glyma.13G070400.Wm82.a4.v1,0.5632089866886181
Glyma.20G172200.Wm82.a4.v1,0.5631889091894714
Glyma.20G160100.Wm82.a4.v1,0.563163812315538
Glyma.10G035800.Wm82.a4.v1,0.5631587929407513
Glyma.10G066300.Wm82.a4.v1,0.5631387154416045
Glyma.06G114100.Wm82.a4.v1,0.5631136185676712
Glyma.12G025800.Wm82.a4.v1,0.5631085991928846
Glyma.15G224900.Wm82.a4.v1,0.5630885216937378
Glyma.04G129500.Wm82.a4.v1,0.5630784829441645
Glyma.18G256200.Wm82.a4.v1,0.5630634248198044
Glyma.15G068100.Wm82.a4.v1,0.5629981729475777
Glyma.13G137300.Wm82.a4.v1,0.5629831148232176
Glyma.06G308700.Wm82.a4.v1,0.5629680566988576
Glyma.10G237000.Wm82.a4.v1,0.5629580179492842
Glyma.04G066500.Wm82.a4.v1,0.5629279017005642
Glyma.09G015500.Wm82.a4.v1,0.5629178629509908
Glyma.18G007700.Wm82.a4.v1,0.5629078242014175
Glyma.13G207800.Wm82.a4.v1,0.5628576304535508
Glyma.07G194900.Wm82.a4.v1,0.5627923785813239
Glyma.06G040100.Wm82.a4.v1,0.5626719135864436
Glyma.08G229800.Wm82.a4.v1,0.5626719135864436
Glyma.20G205200.Wm82.a4.v1,0.5626417973377236
Glyma.17G152700.Wm82.a4.v1,0.5626016423394302
Glyma.11G241800.Wm82.a4.v1,0.5625614873411368
Glyma.18G242300.Wm82.a4.v1,0.5625313710924167
Glyma.02G288500.Wm82.a4.v1,0.5625313710924167
Glyma.08G044700.Wm82.a4.v1,0.5625263517176301
Glyma.06G150100.Wm82.a4.v1,0.5624209448471098
Glyma.10G259000.Wm82.a4.v1,0.5624058867227498
Glyma.09G142100.Wm82.a4.v1,0.5623105186018029
Glyma.18G183900.Wm82.a4.v1,0.5623004798522296
Glyma.17G092200.Wm82.a4.v1,0.5622703636035096
Glyma.01G231700.Wm82.a4.v1,0.5622653442287229
Glyma.18G208900.Wm82.a4.v1,0.5622553054791495
Glyma.18G164100.Wm82.a4.v1,0.5622502861043629
Glyma.06G095400.Wm82.a4.v1,0.5622302086052161
Glyma.13G116200.Wm82.a4.v1,0.5621498986086293
Glyma.05G033200.Wm82.a4.v1,0.5621298211094826
Glyma.18G292800.Wm82.a4.v1,0.5621047242355492
Glyma.19G112100.Wm82.a4.v1,0.5621047242355492
Glyma.07G183600.Wm82.a4.v1,0.5620695886120425
Glyma.17G248200.Wm82.a4.v1,0.5620193948641757
Glyma.11G256000.Wm82.a4.v1,0.561984259240669
Glyma.07G257700.Wm82.a4.v1,0.561969201116309
Glyma.09G215301.Wm82.a4.v1,0.5619265364306222
Glyma.15G029900.Wm82.a4.v1,0.5618939104945088
Glyma.01G074700.Wm82.a4.v1,0.5618537554962154
Glyma.08G361200.Wm82.a4.v1,0.5618386973718553
Glyma.13G045000.Wm82.a4.v1,0.5618236392474953
Glyma.19G077200.Wm82.a4.v1,0.5618035617483487
Glyma.03G250100.Wm82.a4.v1,0.5617834842492019
Glyma.06G008900.Wm82.a4.v1,0.5617583873752685
Glyma.11G061000.Wm82.a4.v1,0.5617282711265484
Glyma.16G073500.Wm82.a4.v1,0.561673058003895
Glyma.12G020100.Wm82.a4.v1,0.561673058003895
Glyma.13G178200.Wm82.a4.v1,0.5616529805047483
Glyma.09G002400.Wm82.a4.v1,0.5616529805047483
Glyma.14G101400.Wm82.a4.v1,0.5616429417551749
Glyma.07G014400.Wm82.a4.v1,0.5616329030056016
Glyma.03G130100.Wm82.a4.v1,0.561612825506455
Glyma.09G152000.Wm82.a4.v1,0.561502399261148
Glyma.13G058900.Wm82.a4.v1,0.5614622442628546
Glyma.20G194100.Wm82.a4.v1,0.5614271086393479
Glyma.11G113500.Wm82.a4.v1,0.5613568373923344
Glyma.08G129900.Wm82.a4.v1,0.561346798642761
Glyma.17G084700.Wm82.a4.v1,0.5613417792679744
Glyma.14G128300.Wm82.a4.v1,0.5613116630192543
Glyma.05G143800.Wm82.a4.v1,0.5613066436444677
Glyma.03G263500.Wm82.a4.v1,0.5613066436444677
Glyma.02G125400.Wm82.a4.v1,0.5612915855201076
Glyma.05G001200.Wm82.a4.v1,0.5612865661453209
Glyma.17G103000.Wm82.a4.v1,0.5612564498966008
Glyma.08G032000.Wm82.a4.v1,0.5612413917722409
Glyma.18G275200.Wm82.a4.v1,0.5612313530226675
Glyma.18G020900.Wm82.a4.v1,0.5611861786495874
Glyma.08G179100.Wm82.a4.v1,0.561176139900014
Glyma.20G126100.Wm82.a4.v1,0.561146023651294
Glyma.14G070700.Wm82.a4.v1,0.561130965526934
Glyma.07G235400.Wm82.a4.v1,0.5611259461521473
Glyma.02G274900.Wm82.a4.v1,0.5611159074025739
Glyma.10G083800.Wm82.a4.v1,0.5611108880277873
Glyma.02G195600.Wm82.a4.v1,0.5611108880277873
Glyma.11G009800.Wm82.a4.v1,0.5611058686530006
Glyma.02G065500.Wm82.a4.v1,0.5611058686530006
Glyma.15G120100.Wm82.a4.v1,0.5610606942799204
Glyma.08G126300.Wm82.a4.v1,0.5610556749051339
Glyma.13G106000.Wm82.a4.v1,0.5610305780312005
Glyma.03G100700.Wm82.a4.v1,0.5609753649085469
Glyma.17G008200.Wm82.a4.v1,0.5609402292850403
Glyma.12G161300.Wm82.a4.v1,0.5608799967876001
Glyma.04G030500.Wm82.a4.v1,0.5608548999136668
Glyma.08G337500.Wm82.a4.v1,0.5608498805388801
Glyma.20G131400.Wm82.a4.v1,0.5608398417893067
Glyma.13G083400.Wm82.a4.v1,0.5608298030397334
Glyma.06G061500.Wm82.a4.v1,0.5608097255405866
Glyma.01G019100.Wm82.a4.v1,0.5607545124179332
Glyma.16G001300.Wm82.a4.v1,0.5607444736683599
Glyma.13G322700.Wm82.a4.v1,0.5606641636717731
Glyma.17G005300.Wm82.a4.v1,0.5606591442969864
Glyma.15G165700.Wm82.a4.v1,0.5606390667978397
Glyma.13G052100.Wm82.a4.v1,0.560634047423053
Glyma.09G195800.Wm82.a4.v1,0.5606240086734796
Glyma.15G114200.Wm82.a4.v1,0.5605989117995462
Glyma.01G099100.Wm82.a4.v1,0.5605687955508262
Glyma.04G218300.Wm82.a4.v1,0.5605336599273194
Glyma.06G073800.Wm82.a4.v1,0.560478446804666
Glyma.13G097800.Wm82.a4.v1,0.5604583693055193
Glyma.02G034400.Wm82.a4.v1,0.5604583693055193
Glyma.17G099300.Wm82.a4.v1,0.5604031561828658
Glyma.03G161600.Wm82.a4.v1,0.5603780593089325
Glyma.02G172700.Wm82.a4.v1,0.5603328849358524
Glyma.05G219400.Wm82.a4.v1,0.5602826911879856
Glyma.11G221100.Wm82.a4.v1,0.560277671813199
Glyma.14G014800.Wm82.a4.v1,0.5602475555644789
Glyma.17G169400.Wm82.a4.v1,0.5601873230670388
Glyma.11G246100.Wm82.a4.v1,0.5601170518200252
Glyma.08G177900.Wm82.a4.v1,0.5601019936956653
Glyma.05G113600.Wm82.a4.v1,0.5600969743208786
Glyma.04G015000.Wm82.a4.v1,0.5600417611982251
Glyma.11G246500.Wm82.a4.v1,0.5600367418234384
Glyma.09G202900.Wm82.a4.v1,0.5600317224486518
Glyma.03G106500.Wm82.a4.v1,0.5599413737024916
Glyma.07G267800.Wm82.a4.v1,0.5598610637059048
Glyma.14G148700.Wm82.a4.v1,0.5598158893328247
Glyma.12G019000.Wm82.a4.v1,0.5597656955849579
Glyma.18G039700.Wm82.a4.v1,0.5597656955849579
Glyma.19G000300.Wm82.a4.v1,0.5597355793362379
Glyma.19G153600.Wm82.a4.v1,0.5597305599614512
Glyma.10G081300.Wm82.a4.v1,0.559625153090931
Glyma.14G089400.Wm82.a4.v1,0.5596201337161443
Glyma.17G053400.Wm82.a4.v1,0.5596050755917843
Glyma.07G059300.Wm82.a4.v1,0.5595498624691309
Glyma.12G074900.Wm82.a4.v1,0.5594996687212641
Glyma.13G238200.Wm82.a4.v1,0.5594444555986107
Glyma.20G239200.Wm82.a4.v1,0.5594143393498906
Glyma.13G146700.Wm82.a4.v1,0.5593942618507439
Glyma.10G051500.Wm82.a4.v1,0.559298893729797
Glyma.12G001800.Wm82.a4.v1,0.5592938743550103
Glyma.07G036400.Wm82.a4.v1,0.5592888549802236
Glyma.07G251200.Wm82.a4.v1,0.5592737968558636
Glyma.02G030800.Wm82.a4.v1,0.5592436806071436
Glyma.19G252200.Wm82.a4.v1,0.5592286224827836
Glyma.14G089018.Wm82.a4.v1,0.5592035256088501
Glyma.10G234500.Wm82.a4.v1,0.5591633706105568
Glyma.07G122900.Wm82.a4.v1,0.55911317686269
Glyma.20G027400.Wm82.a4.v1,0.55911317686269
Glyma.11G028700.Wm82.a4.v1,0.5590730218643966
Glyma.17G090600.Wm82.a4.v1,0.5590328668661032
Glyma.09G111200.Wm82.a4.v1,0.5590027506173831
Glyma.12G168200.Wm82.a4.v1,0.5589776537434498
Glyma.16G158000.Wm82.a4.v1,0.5589676149938764
Glyma.01G014800.Wm82.a4.v1,0.5589274599955829
Glyma.15G099900.Wm82.a4.v1,0.5589073824964362
Glyma.18G029800.Wm82.a4.v1,0.5589073824964362
Glyma.16G116000.Wm82.a4.v1,0.5588596984359628
Glyma.19G248700.Wm82.a4.v1,0.5588421306242094
Glyma.16G092700.Wm82.a4.v1,0.558756801252836
Glyma.07G011100.Wm82.a4.v1,0.5587417431284759
Glyma.05G013500.Wm82.a4.v1,0.5587317043789025
Glyma.07G054900.Wm82.a4.v1,0.5587216656293292
Glyma.07G126400.Wm82.a4.v1,0.5586764912562491
Glyma.08G125000.Wm82.a4.v1,0.5586564137571024
Glyma.18G246300.Wm82.a4.v1,0.5586463750075291
Glyma.09G245700.Wm82.a4.v1,0.558616258758809
Glyma.14G219900.Wm82.a4.v1,0.558616258758809
Glyma.07G032600.Wm82.a4.v1,0.5585660650109422
Glyma.04G202200.Wm82.a4.v1,0.5585459875117955
Glyma.06G211500.Wm82.a4.v1,0.5585008131387155
Glyma.13G238900.Wm82.a4.v1,0.5584807356395687
Glyma.18G125600.Wm82.a4.v1,0.558468187202602
Glyma.06G148600.Wm82.a4.v1,0.5584405806412753
Glyma.14G147000.Wm82.a4.v1,0.5584004256429819
Glyma.16G182100.Wm82.a4.v1,0.5584004256429819
Glyma.13G128300.Wm82.a4.v1,0.5583903868934086
Glyma.13G096400.Wm82.a4.v1,0.5583753287690485
Glyma.07G175300.Wm82.a4.v1,0.5583401931455418
Glyma.08G258800.Wm82.a4.v1,0.5583401931455418
Glyma.08G204700.Wm82.a4.v1,0.5582799606481017
Glyma.04G055900.Wm82.a4.v1,0.5582548637741683
Glyma.19G050400.Wm82.a4.v1,0.5582398056498082
Glyma.16G213400.Wm82.a4.v1,0.5582347862750215
Glyma.10G236702.Wm82.a4.v1,0.5582247475254483
Glyma.07G117000.Wm82.a4.v1,0.5581896119019415
Glyma.18G070600.Wm82.a4.v1,0.558149456903648
Glyma.04G044200.Wm82.a4.v1,0.558104282530568
Glyma.12G180000.Wm82.a4.v1,0.558089224406208
Glyma.02G049100.Wm82.a4.v1,0.5580691469070612
Glyma.15G026600.Wm82.a4.v1,0.5580641275322746
Glyma.10G216200.Wm82.a4.v1,0.5580440500331278
Glyma.13G354800.Wm82.a4.v1,0.5580139337844078
Glyma.01G054300.Wm82.a4.v1,0.5580038950348345
Glyma.12G231800.Wm82.a4.v1,0.5579035075391009
Glyma.17G058900.Wm82.a4.v1,0.5578934687895276
Glyma.01G241400.Wm82.a4.v1,0.5578733912903808
Glyma.06G055800.Wm82.a4.v1,0.5578633525408075
Glyma.14G194600.Wm82.a4.v1,0.5578432750416608
Glyma.19G176400.Wm82.a4.v1,0.5578231975425141
Glyma.13G161600.Wm82.a4.v1,0.557793081293794
Glyma.15G062000.Wm82.a4.v1,0.5577730037946473
Glyma.04G252600.Wm82.a4.v1,0.5577629650450739
Glyma.17G104800.Wm82.a4.v1,0.5577378681711406
Glyma.14G060900.Wm82.a4.v1,0.5577177906719939
Glyma.09G241300.Wm82.a4.v1,0.5576475194249805
Glyma.14G113800.Wm82.a4.v1,0.5576274419258337
Glyma.06G000200.Wm82.a4.v1,0.5576123838014737
Glyma.04G177300.Wm82.a4.v1,0.557607364426687
Glyma.14G116200.Wm82.a4.v1,0.5575370931796736
Glyma.07G242000.Wm82.a4.v1,0.5575320738048869
Glyma.15G031100.Wm82.a4.v1,0.5575119963057401
Glyma.07G062200.Wm82.a4.v1,0.5574718413074468
Glyma.08G217900.Wm82.a4.v1,0.5574668219326601
Glyma.02G098500.Wm82.a4.v1,0.5574643122452667
Glyma.19G144200.Wm82.a4.v1,0.5574618025578734
Glyma.19G224100.Wm82.a4.v1,0.5574517638083001
Glyma.02G215000.Wm82.a4.v1,0.5574417250587267
Glyma.03G060000.Wm82.a4.v1,0.5574116088100066
Glyma.13G370500.Wm82.a4.v1,0.5573814925612866
Glyma.20G248500.Wm82.a4.v1,0.5573614150621399
Glyma.16G222300.Wm82.a4.v1,0.5573413375629932
Glyma.07G039600.Wm82.a4.v1,0.5573162406890597
Glyma.11G028500.Wm82.a4.v1,0.557296163189913
Glyma.15G072900.Wm82.a4.v1,0.5572560081916197
Glyma.07G256500.Wm82.a4.v1,0.5572459694420463
Glyma.16G084800.Wm82.a4.v1,0.5571907563193929
Glyma.17G176200.Wm82.a4.v1,0.5571756981950329
Glyma.07G043100.Wm82.a4.v1,0.5571556206958861
Glyma.06G146000.Wm82.a4.v1,0.5571455819463128
Glyma.10G267400.Wm82.a4.v1,0.5571355431967394
Glyma.08G346600.Wm82.a4.v1,0.557125504447166
Glyma.02G001400.Wm82.a4.v1,0.557110446322806
Glyma.13G135800.Wm82.a4.v1,0.5570853494488727
Glyma.14G198800.Wm82.a4.v1,0.557080330074086
Glyma.12G231100.Wm82.a4.v1,0.5570100588270726
Glyma.06G081900.Wm82.a4.v1,0.5569749232035658
Glyma.20G006800.Wm82.a4.v1,0.5569448069548457
Glyma.19G233100.Wm82.a4.v1,0.5569347682052723
Glyma.05G070200.Wm82.a4.v1,0.556894613206979
Glyma.09G205800.Wm82.a4.v1,0.5568845744574056
Glyma.15G096200.Wm82.a4.v1,0.5568444194591122
Glyma.06G308900.Wm82.a4.v1,0.5567942257112454
Glyma.03G188100.Wm82.a4.v1,0.556723954464232
Glyma.04G151500.Wm82.a4.v1,0.5567139157146586
Glyma.10G286400.Wm82.a4.v1,0.5566787800911518
Glyma.13G160100.Wm82.a4.v1,0.5566737607163652
Glyma.20G215800.Wm82.a4.v1,0.5566737607163652
Glyma.12G190800.Wm82.a4.v1,0.5566587025920051
Glyma.18G034400.Wm82.a4.v1,0.5566185475937118
Glyma.06G186800.Wm82.a4.v1,0.556583411970205
Glyma.13G119900.Wm82.a4.v1,0.5565783925954183
Glyma.05G080400.Wm82.a4.v1,0.5565733732206316
Glyma.11G090000.Wm82.a4.v1,0.5565281988475516
Glyma.13G267851.Wm82.a4.v1,0.5565131407231915
Glyma.15G028300.Wm82.a4.v1,0.5564930632240448
Glyma.15G038700.Wm82.a4.v1,0.5564529082257514
Glyma.07G273900.Wm82.a4.v1,0.5563926757283113
Glyma.09G011900.Wm82.a4.v1,0.5563826369787379
Glyma.20G161800.Wm82.a4.v1,0.5563073463569378
Glyma.02G306200.Wm82.a4.v1,0.5563023269821511
Glyma.18G237800.Wm82.a4.v1,0.5562872688577911
Glyma.15G053000.Wm82.a4.v1,0.5562772301082177
Glyma.13G254500.Wm82.a4.v1,0.5562671913586443
Glyma.10G128800.Wm82.a4.v1,0.5562320557351377
Glyma.05G136300.Wm82.a4.v1,0.5562169976107776
Glyma.10G064800.Wm82.a4.v1,0.5561517457385508
Glyma.16G036900.Wm82.a4.v1,0.5561517457385508
Glyma.05G026300.Wm82.a4.v1,0.5561467263637642
Glyma.19G234300.Wm82.a4.v1,0.5561266488646174
Glyma.11G053600.Wm82.a4.v1,0.5561115907402574
Glyma.02G301500.Wm82.a4.v1,0.556086493866324
Glyma.20G108700.Wm82.a4.v1,0.5560739454293573
Glyma.08G291800.Wm82.a4.v1,0.5560714357419639
Glyma.09G277700.Wm82.a4.v1,0.5560413194932439
Glyma.12G166500.Wm82.a4.v1,0.5559911257453771
Glyma.20G239300.Wm82.a4.v1,0.5559861063705904
Glyma.10G212200.Wm82.a4.v1,0.5559660288714438
Glyma.15G024700.Wm82.a4.v1,0.5559660288714438
Glyma.19G124500.Wm82.a4.v1,0.555961009496657
Glyma.06G242600.Wm82.a4.v1,0.5559559901218705
Glyma.16G077700.Wm82.a4.v1,0.5559559901218705
Glyma.08G173600.Wm82.a4.v1,0.5559509707470838
Glyma.19G249500.Wm82.a4.v1,0.5559057963740036
Glyma.07G036600.Wm82.a4.v1,0.5559057963740036
Glyma.11G105500.Wm82.a4.v1,0.5558957576244303
Glyma.09G206500.Wm82.a4.v1,0.5558907382496436
Glyma.11G228900.Wm82.a4.v1,0.5558857188748569
Glyma.13G278100.Wm82.a4.v1,0.5558606220009236
Glyma.06G057200.Wm82.a4.v1,0.5558405445017769
Glyma.13G220600.Wm82.a4.v1,0.5558405445017769
Glyma.07G213100.Wm82.a4.v1,0.5558405445017769
Glyma.09G213500.Wm82.a4.v1,0.5558305057522035
Glyma.08G178100.Wm82.a4.v1,0.5558254863774168
Glyma.05G198300.Wm82.a4.v1,0.5557652538799767
Glyma.08G344800.Wm82.a4.v1,0.5557602345051901
Glyma.20G105000.Wm82.a4.v1,0.5557501957556167
Glyma.17G096900.Wm82.a4.v1,0.5556648663842432
Glyma.08G032300.Wm82.a4.v1,0.5556648663842432
Glyma.13G149200.Wm82.a4.v1,0.5555644788885097
Glyma.04G061800.Wm82.a4.v1,0.5555444013893629
Glyma.10G101200.Wm82.a4.v1,0.5555444013893629
Glyma.20G126900.Wm82.a4.v1,0.5555418917019695
Glyma.08G090300.Wm82.a4.v1,0.5555343626397896
Glyma.09G087400.Wm82.a4.v1,0.5555243238902162
Glyma.18G247300.Wm82.a4.v1,0.5555042463910695
Glyma.18G153300.Wm82.a4.v1,0.5553486457726825
Glyma.06G127600.Wm82.a4.v1,0.5553285682735358
Glyma.20G198800.Wm82.a4.v1,0.5553135101491758
Glyma.08G222200.Wm82.a4.v1,0.5552683357760957
Glyma.11G042700.Wm82.a4.v1,0.5552532776517357
Glyma.01G111300.Wm82.a4.v1,0.5552131226534422
Glyma.12G064900.Wm82.a4.v1,0.555203083903869
Glyma.02G080500.Wm82.a4.v1,0.5551779870299356
Glyma.05G000700.Wm82.a4.v1,0.5551378320316421
Glyma.09G067100.Wm82.a4.v1,0.5551277932820687
Glyma.06G118100.Wm82.a4.v1,0.5550274057863352
Glyma.02G094100.Wm82.a4.v1,0.5549621539141084
Glyma.07G090300.Wm82.a4.v1,0.5549571345393218
Glyma.04G190500.Wm82.a4.v1,0.5549521151645351
Glyma.05G030900.Wm82.a4.v1,0.5549119601662417
Glyma.09G103300.Wm82.a4.v1,0.554906940791455
Glyma.13G052000.Wm82.a4.v1,0.554906940791455
Glyma.11G072700.Wm82.a4.v1,0.5548718051679483
Glyma.01G203800.Wm82.a4.v1,0.5548718051679483
Glyma.07G194200.Wm82.a4.v1,0.5548667857931616
Glyma.20G121100.Wm82.a4.v1,0.5548517276688015
Glyma.14G131700.Wm82.a4.v1,0.554846708294015
Glyma.15G089800.Wm82.a4.v1,0.5547764370470014
Glyma.08G363400.Wm82.a4.v1,0.5547764370470014
Glyma.09G274900.Wm82.a4.v1,0.5547714176722147
Glyma.14G017900.Wm82.a4.v1,0.5547563595478547
Glyma.07G165800.Wm82.a4.v1,0.5546559720521211
Glyma.01G190100.Wm82.a4.v1,0.5546107976790411
Glyma.01G058000.Wm82.a4.v1,0.5546057783042544
Glyma.05G011700.Wm82.a4.v1,0.5545957395546811
Glyma.17G032000.Wm82.a4.v1,0.554580681430321
Glyma.18G267000.Wm82.a4.v1,0.5545455458068143
Glyma.08G330800.Wm82.a4.v1,0.5545154295580943
Glyma.20G236700.Wm82.a4.v1,0.5545104101833076
Glyma.08G227300.Wm82.a4.v1,0.5544652358102274
Glyma.18G299100.Wm82.a4.v1,0.5544501776858675
Glyma.18G279200.Wm82.a4.v1,0.5544200614371474
Glyma.15G095500.Wm82.a4.v1,0.5544075130001807
Glyma.12G113700.Wm82.a4.v1,0.5543849258136406
Glyma.10G018400.Wm82.a4.v1,0.5543146545666272
Glyma.08G171600.Wm82.a4.v1,0.5542443833196137
Glyma.07G253200.Wm82.a4.v1,0.554224305820467
Glyma.06G033500.Wm82.a4.v1,0.5541941895717469
Glyma.10G278100.Wm82.a4.v1,0.5541741120726003
Glyma.18G007400.Wm82.a4.v1,0.5541690926978136
Glyma.11G240100.Wm82.a4.v1,0.5541188989499468
Glyma.09G196300.Wm82.a4.v1,0.5541088602003734
Glyma.19G157200.Wm82.a4.v1,0.5540938020760134
Glyma.20G165767.Wm82.a4.v1,0.5540938020760134
Glyma.02G254300.Wm82.a4.v1,0.5540787439516534
Glyma.19G261800.Wm82.a4.v1,0.5540687052020801
Glyma.18G154000.Wm82.a4.v1,0.5540285502037866
Glyma.18G060600.Wm82.a4.v1,0.5539883952054933
Glyma.19G263000.Wm82.a4.v1,0.5539833758307066
Glyma.11G090500.Wm82.a4.v1,0.5539783564559199
Glyma.15G106200.Wm82.a4.v1,0.5539683177063465
Glyma.02G053800.Wm82.a4.v1,0.5539331820828398
Glyma.08G178800.Wm82.a4.v1,0.5539181239584797
Glyma.09G084800.Wm82.a4.v1,0.5538729495853997
Glyma.13G085000.Wm82.a4.v1,0.5538578914610396
Glyma.12G060400.Wm82.a4.v1,0.5538227558375329
Glyma.13G310100.Wm82.a4.v1,0.5538026783383861
Glyma.14G170100.Wm82.a4.v1,0.5537926395888129
Glyma.10G234100.Wm82.a4.v1,0.5537826008392395
Glyma.17G121700.Wm82.a4.v1,0.5537826008392395
Glyma.05G229900.Wm82.a4.v1,0.5537775814644528
Glyma.20G143900.Wm82.a4.v1,0.5537775814644528
Glyma.18G030600.Wm82.a4.v1,0.5537625233400928
Glyma.12G039000.Wm82.a4.v1,0.5537575039653061
Glyma.18G049100.Wm82.a4.v1,0.553682213343506
Glyma.18G123800.Wm82.a4.v1,0.5536771939687193
Glyma.10G212000.Wm82.a4.v1,0.5536571164695725
Glyma.07G207800.Wm82.a4.v1,0.5536370389704258
Glyma.06G018700.Wm82.a4.v1,0.5536370389704258
Glyma.17G018800.Wm82.a4.v1,0.5536169614712791
Glyma.10G151800.Wm82.a4.v1,0.553601903346919
Glyma.13G227900.Wm82.a4.v1,0.5535818258477724
Glyma.19G010900.Wm82.a4.v1,0.5535667677234124
Glyma.04G072800.Wm82.a4.v1,0.5535617483486257
Glyma.09G188900.Wm82.a4.v1,0.5535617483486257
Glyma.08G327900.Wm82.a4.v1,0.5535266127251189
Glyma.01G055300.Wm82.a4.v1,0.5535215933503322
Glyma.16G213300.Wm82.a4.v1,0.5534964964763989
Glyma.04G075100.Wm82.a4.v1,0.5534463027285321
Glyma.01G001300.Wm82.a4.v1,0.5533961089806654
Glyma.16G146500.Wm82.a4.v1,0.5533609733571586
Glyma.09G199300.Wm82.a4.v1,0.5533609733571586
Glyma.14G045900.Wm82.a4.v1,0.5533358764832252
Glyma.16G213500.Wm82.a4.v1,0.5533358764832252
Glyma.17G032300.Wm82.a4.v1,0.5533007408597185
Glyma.08G097900.Wm82.a4.v1,0.5532856827353585
Glyma.05G172800.Wm82.a4.v1,0.5532405083622784
Glyma.06G078200.Wm82.a4.v1,0.5532405083622784
Glyma.04G082000.Wm82.a4.v1,0.5532405083622784
Glyma.20G142800.Wm82.a4.v1,0.5532053727387717
Glyma.15G202200.Wm82.a4.v1,0.5531150239926115
Glyma.20G222600.Wm82.a4.v1,0.5530949464934648
Glyma.03G065700.Wm82.a4.v1,0.5530347139960247
Glyma.01G139000.Wm82.a4.v1,0.5529995783725179
Glyma.13G137800.Wm82.a4.v1,0.5529594233742245
Glyma.16G120600.Wm82.a4.v1,0.5529594233742245
Glyma.17G021800.Wm82.a4.v1,0.5529343265002912
Glyma.09G091700.Wm82.a4.v1,0.5529092296263577
Glyma.09G105600.Wm82.a4.v1,0.5529092296263577
Glyma.17G180900.Wm82.a4.v1,0.5528540165037042
Glyma.08G057500.Wm82.a4.v1,0.5528339390045576
Glyma.04G019700.Wm82.a4.v1,0.5528038227558375
Glyma.17G087400.Wm82.a4.v1,0.5527486096331841
Glyma.04G111600.Wm82.a4.v1,0.5527486096331841
Glyma.02G071900.Wm82.a4.v1,0.5527435902583974
Glyma.13G162800.Wm82.a4.v1,0.5527335515088241
Glyma.04G020400.Wm82.a4.v1,0.5527235127592507
Glyma.10G055300.Wm82.a4.v1,0.552703435260104
Glyma.15G126500.Wm82.a4.v1,0.5526933965105306
Glyma.14G085100.Wm82.a4.v1,0.5526833577609573
Glyma.01G003000.Wm82.a4.v1,0.5526632802618106
Glyma.11G249500.Wm82.a4.v1,0.5526281446383039
Glyma.06G123800.Wm82.a4.v1,0.5526080671391571
Glyma.17G117500.Wm82.a4.v1,0.5525930090147971
Glyma.11G044300.Wm82.a4.v1,0.552577950890437
Glyma.05G165500.Wm82.a4.v1,0.5524926215190635
Glyma.11G185500.Wm82.a4.v1,0.5524926215190635
Glyma.02G119000.Wm82.a4.v1,0.5524675246451302
Glyma.16G178700.Wm82.a4.v1,0.5524574858955569
Glyma.02G103900.Wm82.a4.v1,0.5524424277711968
Glyma.03G209500.Wm82.a4.v1,0.5524424277711968
Glyma.09G164300.Wm82.a4.v1,0.5524273696468368
Glyma.06G144600.Wm82.a4.v1,0.5523420402754633
Glyma.18G291100.Wm82.a4.v1,0.5523320015258899
Glyma.10G166000.Wm82.a4.v1,0.5523269821511032
Glyma.01G233500.Wm82.a4.v1,0.5523018852771698
Glyma.06G039500.Wm82.a4.v1,0.5522416527797298
Glyma.09G170300.Wm82.a4.v1,0.5522165559057963
Glyma.11G109000.Wm82.a4.v1,0.5521964784066496
Glyma.03G251500.Wm82.a4.v1,0.5521864396570764
Glyma.13G252700.Wm82.a4.v1,0.5521663621579296
Glyma.06G289600.Wm82.a4.v1,0.5521563234083563
Glyma.19G114900.Wm82.a4.v1,0.5521462846587829
Glyma.12G116100.Wm82.a4.v1,0.5521262071596362
Glyma.02G036300.Wm82.a4.v1,0.5521262071596362
Glyma.09G022200.Wm82.a4.v1,0.5521211877848495
Glyma.14G002400.Wm82.a4.v1,0.5520960909109162
Glyma.08G335300.Wm82.a4.v1,0.5520458971630494
Glyma.14G089009.Wm82.a4.v1,0.5520308390386893
Glyma.19G095300.Wm82.a4.v1,0.5520157809143293
Glyma.05G122100.Wm82.a4.v1,0.5519605677916759
Glyma.06G090800.Wm82.a4.v1,0.5519354709177425
Glyma.18G039100.Wm82.a4.v1,0.5519204127933824
Glyma.13G359000.Wm82.a4.v1,0.5518451221715823
Glyma.06G092300.Wm82.a4.v1,0.5518250446724356
Glyma.04G028200.Wm82.a4.v1,0.5517597928002088
Glyma.10G140700.Wm82.a4.v1,0.551724657176702
Glyma.04G093600.Wm82.a4.v1,0.5516543859296886
Glyma.02G162900.Wm82.a4.v1,0.5516292890557553
Glyma.16G026900.Wm82.a4.v1,0.5516192503061819
Glyma.02G162300.Wm82.a4.v1,0.5515941534322485
Glyma.20G126500.Wm82.a4.v1,0.5515690565583151
Glyma.04G212100.Wm82.a4.v1,0.5515590178087417
Glyma.02G040900.Wm82.a4.v1,0.551508824060875
Glyma.04G233100.Wm82.a4.v1,0.5514686690625815
Glyma.20G070200.Wm82.a4.v1,0.5514686690625815
Glyma.03G097700.Wm82.a4.v1,0.5514686690625815
Glyma.13G007400.Wm82.a4.v1,0.5514536109382215
Glyma.15G194600.Wm82.a4.v1,0.5514485915634348
Glyma.12G103100.Wm82.a4.v1,0.5514234946895015
Glyma.13G360400.Wm82.a4.v1,0.5514134559399281
Glyma.02G192500.Wm82.a4.v1,0.5514084365651415
Glyma.06G024200.Wm82.a4.v1,0.5513983978155681
Glyma.12G177500.Wm82.a4.v1,0.551368281566848
Glyma.10G291300.Wm82.a4.v1,0.5513482040677014
Glyma.13G096600.Wm82.a4.v1,0.5512829521954745
Glyma.06G188800.Wm82.a4.v1,0.5512779328206878
Glyma.10G218100.Wm82.a4.v1,0.5512528359467544
Glyma.05G031100.Wm82.a4.v1,0.5512478165719678
Glyma.11G114500.Wm82.a4.v1,0.5512377778223945
Glyma.U031705.Wm82.a4.v1,0.551182564699741
Glyma.20G201300.Wm82.a4.v1,0.5511474290762343
Glyma.15G023600.Wm82.a4.v1,0.5511273515770876
Glyma.03G169700.Wm82.a4.v1,0.5510972353283675
Glyma.18G037900.Wm82.a4.v1,0.5510821772040074
Glyma.18G274100.Wm82.a4.v1,0.5510620997048608
Glyma.12G005400.Wm82.a4.v1,0.5510520609552874
Glyma.05G035100.Wm82.a4.v1,0.5510420222057141
Glyma.08G119100.Wm82.a4.v1,0.551011905956994
Glyma.01G177700.Wm82.a4.v1,0.5509868090830606
Glyma.13G047900.Wm82.a4.v1,0.5509717509587005
Glyma.10G014500.Wm82.a4.v1,0.5509466540847672
Glyma.19G254500.Wm82.a4.v1,0.5509265765856205
Glyma.02G263500.Wm82.a4.v1,0.5508964603369004
Glyma.08G094700.Wm82.a4.v1,0.5508763828377538
Glyma.13G297200.Wm82.a4.v1,0.5508563053386071
Glyma.16G009500.Wm82.a4.v1,0.5507960728411669
Glyma.04G194100.Wm82.a4.v1,0.5507810147168068
Glyma.14G079700.Wm82.a4.v1,0.5507709759672336
Glyma.19G129300.Wm82.a4.v1,0.5507458790933001
Glyma.13G196800.Wm82.a4.v1,0.5506906659706466
Glyma.06G067900.Wm82.a4.v1,0.5506404722227799
Glyma.07G221800.Wm82.a4.v1,0.5506404722227799
Glyma.14G092800.Wm82.a4.v1,0.5506404722227799
Glyma.07G012300.Wm82.a4.v1,0.5505877687875198
Glyma.16G212800.Wm82.a4.v1,0.5505852591001265
Glyma.04G069300.Wm82.a4.v1,0.5505802397253398
Glyma.19G228900.Wm82.a4.v1,0.5505752203505532
Glyma.16G070700.Wm82.a4.v1,0.5505702009757665
Glyma.14G055800.Wm82.a4.v1,0.5505501234766198
Glyma.02G068600.Wm82.a4.v1,0.5504447166060995
Glyma.12G045800.Wm82.a4.v1,0.5504396972313129
Glyma.02G288800.Wm82.a4.v1,0.5503995422330195
Glyma.06G126900.Wm82.a4.v1,0.5503543678599394
Glyma.03G136600.Wm82.a4.v1,0.5503393097355793
Glyma.16G092500.Wm82.a4.v1,0.5503091934868592
Glyma.09G132800.Wm82.a4.v1,0.5502389222398458
Glyma.17G096200.Wm82.a4.v1,0.5502389222398458
Glyma.07G233800.Wm82.a4.v1,0.5501335153693256
Glyma.15G077800.Wm82.a4.v1,0.5500833216214588
Glyma.07G003600.Wm82.a4.v1,0.5500682634970988
Glyma.11G093200.Wm82.a4.v1,0.5500281084988053
Glyma.17G138600.Wm82.a4.v1,0.5500180697492321
Glyma.10G250100.Wm82.a4.v1,0.5500130503744454
Glyma.17G049200.Wm82.a4.v1,0.549987953500512
Glyma.07G000900.Wm82.a4.v1,0.5499528178770052
Glyma.05G129400.Wm82.a4.v1,0.5498524303812717
Glyma.19G236400.Wm82.a4.v1,0.5498373722569116
Glyma.04G068100.Wm82.a4.v1,0.549832352882125
Glyma.18G240900.Wm82.a4.v1,0.5497620816351115
Glyma.20G021000.Wm82.a4.v1,0.5497319653863915
Glyma.17G006100.Wm82.a4.v1,0.5497169072620315
Glyma.05G123300.Wm82.a4.v1,0.549676752263738
Glyma.15G158100.Wm82.a4.v1,0.5496416166402313
Glyma.19G197300.Wm82.a4.v1,0.5496014616419379
Glyma.04G206900.Wm82.a4.v1,0.5495763647680045
Glyma.04G196900.Wm82.a4.v1,0.5495562872688577
Glyma.16G111500.Wm82.a4.v1,0.5494860160218443
Glyma.15G099800.Wm82.a4.v1,0.5494759772722709
Glyma.12G058700.Wm82.a4.v1,0.5494458610235509
Glyma.17G209500.Wm82.a4.v1,0.5494408416487643
Glyma.05G195700.Wm82.a4.v1,0.5493906479008974
Glyma.11G216100.Wm82.a4.v1,0.5493806091513241
Glyma.19G109000.Wm82.a4.v1,0.5493806091513241
Glyma.02G266900.Wm82.a4.v1,0.549335434778244
Glyma.11G184601.Wm82.a4.v1,0.5493103379043106
Glyma.09G134700.Wm82.a4.v1,0.5492802216555905
Glyma.09G103100.Wm82.a4.v1,0.5492300279077238
Glyma.11G074800.Wm82.a4.v1,0.5492199891581505
Glyma.18G286600.Wm82.a4.v1,0.5491999116590037
Glyma.08G213600.Wm82.a4.v1,0.549194892284217
Glyma.01G172400.Wm82.a4.v1,0.549179834159857
Glyma.01G169400.Wm82.a4.v1,0.5491647760354971
Glyma.12G234300.Wm82.a4.v1,0.5491647760354971
Glyma.08G035800.Wm82.a4.v1,0.5491547372859237
Glyma.14G131300.Wm82.a4.v1,0.5491296404119903
Glyma.01G220000.Wm82.a4.v1,0.5491196016624169
Glyma.01G217500.Wm82.a4.v1,0.5491045435380569
Glyma.04G030300.Wm82.a4.v1,0.5491045435380569
Glyma.03G090000.Wm82.a4.v1,0.5490794466641236
Glyma.16G093400.Wm82.a4.v1,0.5490342722910434
Glyma.06G023000.Wm82.a4.v1,0.5490292529162567
Glyma.18G153100.Wm82.a4.v1,0.5490292529162567
Glyma.17G231200.Wm82.a4.v1,0.5490242335414701
Glyma.06G031900.Wm82.a4.v1,0.5490192141666834
Glyma.03G168300.Wm82.a4.v1,0.5490141947918967
Glyma.15G128500.Wm82.a4.v1,0.5490041560423233
Glyma.02G271700.Wm82.a4.v1,0.5489439235448832
Glyma.16G157900.Wm82.a4.v1,0.5488535747987231
Glyma.13G219000.Wm82.a4.v1,0.5488435360491497
Glyma.04G096700.Wm82.a4.v1,0.5488435360491497
Glyma.09G269000.Wm82.a4.v1,0.548838516674363
Glyma.03G161000.Wm82.a4.v1,0.5487632260525629
Glyma.03G234300.Wm82.a4.v1,0.5487582066777762
Glyma.06G044200.Wm82.a4.v1,0.5487481679282029
Glyma.11G194900.Wm82.a4.v1,0.5487431485534162
Glyma.13G080800.Wm82.a4.v1,0.5487431485534162
Glyma.10G262200.Wm82.a4.v1,0.5487080129299094
Glyma.19G121000.Wm82.a4.v1,0.5486929548055495
Glyma.15G139100.Wm82.a4.v1,0.5486778966811894
Glyma.19G262500.Wm82.a4.v1,0.5486728773064027
Glyma.12G148600.Wm82.a4.v1,0.548667857931616
Glyma.15G040600.Wm82.a4.v1,0.5486578191820427
Glyma.01G058500.Wm82.a4.v1,0.5486427610576826
Glyma.01G228800.Wm82.a4.v1,0.5486327223081093
Glyma.03G017600.Wm82.a4.v1,0.5485925673098159
Glyma.11G181400.Wm82.a4.v1,0.5485624510610958
Glyma.18G301900.Wm82.a4.v1,0.5484921798140824
Glyma.02G213400.Wm82.a4.v1,0.5484419860662156
Glyma.05G168000.Wm82.a4.v1,0.5484168891922823
Glyma.08G207400.Wm82.a4.v1,0.5484068504427089
Glyma.19G075800.Wm82.a4.v1,0.5483867729435622
Glyma.05G181900.Wm82.a4.v1,0.5483516373200554
Glyma.08G194600.Wm82.a4.v1,0.5483466179452687
Glyma.11G069300.Wm82.a4.v1,0.5483265404461221
Glyma.15G106900.Wm82.a4.v1,0.5483265404461221
Glyma.15G266600.Wm82.a4.v1,0.548296424197402
Glyma.04G088400.Wm82.a4.v1,0.5482612885738952
Glyma.15G269600.Wm82.a4.v1,0.5482412110747485
Glyma.08G024000.Wm82.a4.v1,0.5482261529503885
Glyma.04G142100.Wm82.a4.v1,0.5482110948260285
Glyma.09G279500.Wm82.a4.v1,0.5482110948260285
Glyma.11G221200.Wm82.a4.v1,0.5481910173268818
Glyma.07G019200.Wm82.a4.v1,0.5481759592025217
Glyma.15G050200.Wm82.a4.v1,0.5481659204529484
Glyma.15G105800.Wm82.a4.v1,0.5481458429538016
Glyma.11G112100.Wm82.a4.v1,0.5480755717067882
Glyma.17G031900.Wm82.a4.v1,0.5480554942076415
Glyma.06G133000.Wm82.a4.v1,0.5480354167084948
Glyma.10G103400.Wm82.a4.v1,0.5480203585841348
Glyma.20G070600.Wm82.a4.v1,0.5480153392093481
Glyma.13G107700.Wm82.a4.v1,0.5480103198345614
Glyma.05G123200.Wm82.a4.v1,0.5479651454614813
Glyma.19G143900.Wm82.a4.v1,0.5479450679623347
Glyma.18G145300.Wm82.a4.v1,0.5479149517136146
Glyma.15G058400.Wm82.a4.v1,0.5479149517136146
Glyma.08G068300.Wm82.a4.v1,0.5478697773405344
Glyma.09G233200.Wm82.a4.v1,0.5478446804666011
Glyma.06G092200.Wm82.a4.v1,0.5478446804666011
Glyma.13G029700.Wm82.a4.v1,0.5478346417170278
Glyma.04G110500.Wm82.a4.v1,0.5478195835926677
Glyma.19G246100.Wm82.a4.v1,0.5477944867187343
Glyma.19G154800.Wm82.a4.v1,0.5477744092195876
Glyma.06G234100.Wm82.a4.v1,0.5477493123456543
Glyma.08G123200.Wm82.a4.v1,0.5477493123456543
Glyma.03G172100.Wm82.a4.v1,0.5477442929708676
Glyma.13G172200.Wm82.a4.v1,0.5477292348465075
Glyma.05G243400.Wm82.a4.v1,0.5477041379725741
Glyma.11G196900.Wm82.a4.v1,0.5476991185977874
Glyma.11G107900.Wm82.a4.v1,0.5476940992230008
Glyma.09G249100.Wm82.a4.v1,0.5476539442247074
Glyma.04G237900.Wm82.a4.v1,0.5476238279759873
Glyma.06G115500.Wm82.a4.v1,0.5476137892264139
Glyma.01G089100.Wm82.a4.v1,0.5475937117272672
Glyma.12G143900.Wm82.a4.v1,0.5475334792298271
Glyma.05G237500.Wm82.a4.v1,0.5475083823558937
Glyma.05G009400.Wm82.a4.v1,0.547488304856747
Glyma.17G261700.Wm82.a4.v1,0.5474381111088803
Glyma.10G126900.Wm82.a4.v1,0.5474330917340936
Glyma.03G242000.Wm82.a4.v1,0.5474330917340936
Glyma.06G083300.Wm82.a4.v1,0.5474029754853735
Glyma.13G268000.Wm82.a4.v1,0.5473778786114402
Glyma.07G052400.Wm82.a4.v1,0.5473678398618668
Glyma.06G291600.Wm82.a4.v1,0.5472975686148533
Glyma.08G072800.Wm82.a4.v1,0.5472825104904933
Glyma.03G025400.Wm82.a4.v1,0.54727247174092
Glyma.19G046100.Wm82.a4.v1,0.5472674523661333
Glyma.01G188900.Wm82.a4.v1,0.5472423554921999
Glyma.14G211600.Wm82.a4.v1,0.5472272973678398
Glyma.13G352100.Wm82.a4.v1,0.5472272973678398
Glyma.19G221000.Wm82.a4.v1,0.5472222779930532
Glyma.06G030400.Wm82.a4.v1,0.5472122392434798
Glyma.13G308700.Wm82.a4.v1,0.5472022004939064
Glyma.12G219100.Wm82.a4.v1,0.5471921617443332
Glyma.11G071400.Wm82.a4.v1,0.5471269098721063
Glyma.19G129500.Wm82.a4.v1,0.5471068323729597
Glyma.02G159500.Wm82.a4.v1,0.5470917742485996
Glyma.19G003000.Wm82.a4.v1,0.5470566386250929
Glyma.04G210100.Wm82.a4.v1,0.547006444877226
Glyma.11G227700.Wm82.a4.v1,0.5470014255024395
Glyma.16G008400.Wm82.a4.v1,0.5469813480032927
Glyma.04G121100.Wm82.a4.v1,0.546976328628506
Glyma.17G223000.Wm82.a4.v1,0.5469512317545726
Glyma.14G069600.Wm82.a4.v1,0.546916096131066
Glyma.10G278600.Wm82.a4.v1,0.5469060573814926
Glyma.01G187200.Wm82.a4.v1,0.5468859798823459
Glyma.11G038500.Wm82.a4.v1,0.5468809605075592
Glyma.16G009000.Wm82.a4.v1,0.5468508442588391
Glyma.12G089500.Wm82.a4.v1,0.5468458248840524
Glyma.06G292900.Wm82.a4.v1,0.5468458248840524
Glyma.06G088600.Wm82.a4.v1,0.5467404180135322
Glyma.11G168428.Wm82.a4.v1,0.5466801855160921
Glyma.09G232300.Wm82.a4.v1,0.5465346236472785
Glyma.06G192000.Wm82.a4.v1,0.5465045073985584
Glyma.10G276400.Wm82.a4.v1,0.5464944686489851
Glyma.04G242700.Wm82.a4.v1,0.5464693717750517
Glyma.16G063000.Wm82.a4.v1,0.5464693717750517
Glyma.08G217200.Wm82.a4.v1,0.5464467845885117
Glyma.05G146600.Wm82.a4.v1,0.5464292167767583
Glyma.04G256900.Wm82.a4.v1,0.5464091392776116
Glyma.04G104800.Wm82.a4.v1,0.5464041199028249
Glyma.06G315000.Wm82.a4.v1,0.5463639649045315
Glyma.20G048000.Wm82.a4.v1,0.5463338486558115
Glyma.15G153800.Wm82.a4.v1,0.5462987130323047
Glyma.13G156900.Wm82.a4.v1,0.5462987130323047
Glyma.12G230900.Wm82.a4.v1,0.546293693657518
Glyma.13G140900.Wm82.a4.v1,0.546278635533158
Glyma.17G000400.Wm82.a4.v1,0.5462234224105046
Glyma.18G040000.Wm82.a4.v1,0.5462184030357179
Glyma.12G161200.Wm82.a4.v1,0.5461983255365712
Glyma.04G060700.Wm82.a4.v1,0.5461832674122111
Glyma.15G213400.Wm82.a4.v1,0.5461682092878511
Glyma.06G003400.Wm82.a4.v1,0.5461682092878511
Glyma.07G134600.Wm82.a4.v1,0.5461531511634911
Glyma.10G139300.Wm82.a4.v1,0.5461431124139178
Glyma.11G244600.Wm82.a4.v1,0.5460377055433975
Glyma.06G079600.Wm82.a4.v1,0.5460377055433975
Glyma.19G027600.Wm82.a4.v1,0.5460326861686109
Glyma.17G237000.Wm82.a4.v1,0.5460276667938242
Glyma.14G099000.Wm82.a4.v1,0.5460276667938242
Glyma.11G136100.Wm82.a4.v1,0.5459172405485173
Glyma.06G030700.Wm82.a4.v1,0.5458770855502239
Glyma.12G087800.Wm82.a4.v1,0.5458469693015038
Glyma.07G260300.Wm82.a4.v1,0.545811833677997
Glyma.08G137200.Wm82.a4.v1,0.5458068143032104
Glyma.06G078600.Wm82.a4.v1,0.5457917561788503
Glyma.02G300000.Wm82.a4.v1,0.545766659304917
Glyma.07G213800.Wm82.a4.v1,0.5457114461822635
Glyma.17G149000.Wm82.a4.v1,0.5457014074326901
Glyma.11G031800.Wm82.a4.v1,0.5456963880579035
Glyma.11G145300.Wm82.a4.v1,0.5456763105587568
Glyma.08G195600.Wm82.a4.v1,0.5456010199369566
Glyma.08G273300.Wm82.a4.v1,0.54559600056217
Glyma.14G076600.Wm82.a4.v1,0.5455508261890899
Glyma.15G035100.Wm82.a4.v1,0.5455458068143032
Glyma.14G195000.Wm82.a4.v1,0.5455407874395165
Glyma.19G192600.Wm82.a4.v1,0.5455257293151565
Glyma.19G241200.Wm82.a4.v1,0.5455006324412232
Glyma.05G112400.Wm82.a4.v1,0.5454805549420764
Glyma.03G220500.Wm82.a4.v1,0.5454805549420764
Glyma.07G081800.Wm82.a4.v1,0.545410283695063
Glyma.18G064000.Wm82.a4.v1,0.5453801674463429
Glyma.08G113300.Wm82.a4.v1,0.5453701286967695
Glyma.02G281200.Wm82.a4.v1,0.5453550705724095
Glyma.15G084400.Wm82.a4.v1,0.5452998574497561
Glyma.15G062200.Wm82.a4.v1,0.5452948380749694
Glyma.16G194400.Wm82.a4.v1,0.5452948380749694
Glyma.15G102400.Wm82.a4.v1,0.5452797799506094
Glyma.14G086000.Wm82.a4.v1,0.5452747605758227
Glyma.08G190000.Wm82.a4.v1,0.5452346055775292
Glyma.08G036300.Wm82.a4.v1,0.5451894312044492
Glyma.01G178100.Wm82.a4.v1,0.5451894312044492
Glyma.06G033900.Wm82.a4.v1,0.5451743730800891
Glyma.04G235600.Wm82.a4.v1,0.5451492762061557
Glyma.11G155259.Wm82.a4.v1,0.5450890437087157
Glyma.13G124500.Wm82.a4.v1,0.5450237918364889
Glyma.13G107100.Wm82.a4.v1,0.5450087337121288
Glyma.07G216900.Wm82.a4.v1,0.5449836368381954
Glyma.18G059200.Wm82.a4.v1,0.5449786174634088
Glyma.13G253400.Wm82.a4.v1,0.5449535205894753
Glyma.19G044300.Wm82.a4.v1,0.5449334430903287
Glyma.09G015700.Wm82.a4.v1,0.5449183849659687
Glyma.20G211400.Wm82.a4.v1,0.5449183849659687
Glyma.12G227000.Wm82.a4.v1,0.544913365591182
Glyma.17G192700.Wm82.a4.v1,0.5447979199710884
Glyma.06G229900.Wm82.a4.v1,0.5447828618467284
Glyma.14G084700.Wm82.a4.v1,0.5447477262232217
Glyma.04G191400.Wm82.a4.v1,0.5447376874736483
Glyma.01G185700.Wm82.a4.v1,0.5446674162266348
Glyma.01G238700.Wm82.a4.v1,0.5446674162266348
Glyma.04G231900.Wm82.a4.v1,0.5446623968518481
Glyma.13G369000.Wm82.a4.v1,0.5445921256048346
Glyma.20G247200.Wm82.a4.v1,0.5445519706065413
Glyma.U039500.Wm82.a4.v1,0.5445168349830345
Glyma.20G135600.Wm82.a4.v1,0.5445017768586745
Glyma.02G139700.Wm82.a4.v1,0.5444867187343144
Glyma.16G167500.Wm82.a4.v1,0.5444766799847411
Glyma.19G088000.Wm82.a4.v1,0.544461621860381
Glyma.14G150200.Wm82.a4.v1,0.5444465637360211
Glyma.18G102400.Wm82.a4.v1,0.5444013893629409
Glyma.16G027600.Wm82.a4.v1,0.5443963699881543
Glyma.07G214600.Wm82.a4.v1,0.5443712731142208
Glyma.07G118200.Wm82.a4.v1,0.5443361374907142
Glyma.10G025000.Wm82.a4.v1,0.5443060212419941
Glyma.06G277500.Wm82.a4.v1,0.5443010018672074
Glyma.09G065700.Wm82.a4.v1,0.544275904993274
Glyma.15G254600.Wm82.a4.v1,0.5442708856184874
Glyma.04G089600.Wm82.a4.v1,0.5442558274941274
Glyma.13G047500.Wm82.a4.v1,0.544245788744554
Glyma.11G088200.Wm82.a4.v1,0.5442257112454073
Glyma.09G192200.Wm82.a4.v1,0.5441905756219005
Glyma.07G224600.Wm82.a4.v1,0.5441654787479672
Glyma.13G202300.Wm82.a4.v1,0.5441353624992471
Glyma.08G061900.Wm82.a4.v1,0.5441253237496737
Glyma.09G170400.Wm82.a4.v1,0.5441152850001004
Glyma.17G072500.Wm82.a4.v1,0.5440851687513804
Glyma.02G034900.Wm82.a4.v1,0.5440851687513804
Glyma.18G092700.Wm82.a4.v1,0.5440349750035136
Glyma.08G074700.Wm82.a4.v1,0.5439898006304335
Glyma.14G022100.Wm82.a4.v1,0.5439898006304335
Glyma.03G123300.Wm82.a4.v1,0.5439245487582067
Glyma.10G158600.Wm82.a4.v1,0.5439145100086333
Glyma.16G017100.Wm82.a4.v1,0.5439044712590599
Glyma.06G276000.Wm82.a4.v1,0.5438492581364065
Glyma.12G066800.Wm82.a4.v1,0.5438241612624731
Glyma.05G115100.Wm82.a4.v1,0.543748870640673
Glyma.03G153800.Wm82.a4.v1,0.5437287931415263
Glyma.15G138200.Wm82.a4.v1,0.5436936575180196
Glyma.15G112000.Wm82.a4.v1,0.5436936575180196
Glyma.13G167600.Wm82.a4.v1,0.5436936575180196
Glyma.16G096500.Wm82.a4.v1,0.5436886381432329
Glyma.17G078200.Wm82.a4.v1,0.5436785993936595
Glyma.05G004000.Wm82.a4.v1,0.5436384443953661
Glyma.20G210300.Wm82.a4.v1,0.5435882506474994
Glyma.09G059400.Wm82.a4.v1,0.543578211897926
Glyma.13G208200.Wm82.a4.v1,0.5435731925231393
Glyma.16G165000.Wm82.a4.v1,0.5435229987752725
Glyma.03G183400.Wm82.a4.v1,0.5435129600256992
Glyma.03G207600.Wm82.a4.v1,0.5435029212761259
Glyma.12G186600.Wm82.a4.v1,0.5434577469030457
Glyma.07G227750.Wm82.a4.v1,0.5434477081534724
Glyma.17G200200.Wm82.a4.v1,0.5433523400325255
Glyma.12G098400.Wm82.a4.v1,0.5433372819081655
Glyma.07G087900.Wm82.a4.v1,0.5432870881602988
Glyma.07G257000.Wm82.a4.v1,0.5432870881602988
Glyma.13G208500.Wm82.a4.v1,0.5432419137872186
Glyma.04G071800.Wm82.a4.v1,0.5432318750376454
Glyma.06G246300.Wm82.a4.v1,0.5432268556628587
Glyma.14G031600.Wm82.a4.v1,0.5432168169132853
Glyma.10G288600.Wm82.a4.v1,0.5432067781637119
Glyma.14G077000.Wm82.a4.v1,0.5431867006645652
Glyma.01G235700.Wm82.a4.v1,0.5431867006645652
Glyma.20G104700.Wm82.a4.v1,0.5431716425402052
Glyma.08G039100.Wm82.a4.v1,0.5431616037906318
Glyma.13G340900.Wm82.a4.v1,0.5431214487923385
Glyma.15G143800.Wm82.a4.v1,0.5431164294175518
Glyma.09G226000.Wm82.a4.v1,0.5431164294175518
Glyma.02G230900.Wm82.a4.v1,0.5431063906679784
Glyma.06G166300.Wm82.a4.v1,0.5431063906679784
Glyma.10G007300.Wm82.a4.v1,0.543081293794045
Glyma.16G147800.Wm82.a4.v1,0.5430762744192583
Glyma.09G063100.Wm82.a4.v1,0.543036119420965
Glyma.05G245000.Wm82.a4.v1,0.5430160419218182
Glyma.15G073000.Wm82.a4.v1,0.5430060031722449
Glyma.06G135200.Wm82.a4.v1,0.5429859256730981
Glyma.01G128200.Wm82.a4.v1,0.5429758869235248
Glyma.20G093200.Wm82.a4.v1,0.5429658481739514
Glyma.01G221500.Wm82.a4.v1,0.542955809424378
Glyma.14G043500.Wm82.a4.v1,0.542955809424378
Glyma.17G151000.Wm82.a4.v1,0.5429407513000181
Glyma.05G246700.Wm82.a4.v1,0.5429307125504447
Glyma.03G124300.Wm82.a4.v1,0.5429056156765113
Glyma.09G266200.Wm82.a4.v1,0.5428704800530046
Glyma.10G187300.Wm82.a4.v1,0.5428052281807778
Glyma.12G113900.Wm82.a4.v1,0.5427901700564177
Glyma.13G254600.Wm82.a4.v1,0.5427901700564177
Glyma.18G203400.Wm82.a4.v1,0.5427148794346176
Glyma.18G025500.Wm82.a4.v1,0.5427098600598309
Glyma.06G148800.Wm82.a4.v1,0.5427048406850443
Glyma.13G343500.Wm82.a4.v1,0.5426998213102576
Glyma.01G078400.Wm82.a4.v1,0.5426998213102576
Glyma.20G198400.Wm82.a4.v1,0.5426948019354709
Glyma.12G095300.Wm82.a4.v1,0.5426897825606842
Glyma.05G118600.Wm82.a4.v1,0.5426546469371775
Glyma.18G058600.Wm82.a4.v1,0.5426295500632441
Glyma.02G155300.Wm82.a4.v1,0.5426044531893107
Glyma.18G258600.Wm82.a4.v1,0.5425743369405907
Glyma.09G030300.Wm82.a4.v1,0.5425592788162307
Glyma.11G216500.Wm82.a4.v1,0.5424839881944306
Glyma.18G195500.Wm82.a4.v1,0.5424639106952838
Glyma.09G020000.Wm82.a4.v1,0.5424588913204971
Glyma.11G129100.Wm82.a4.v1,0.5424538719457105
Glyma.05G168200.Wm82.a4.v1,0.5424438331961371
Glyma.03G005300.Wm82.a4.v1,0.5424337944465637
Glyma.06G172000.Wm82.a4.v1,0.5424237556969904
Glyma.13G181500.Wm82.a4.v1,0.542413716947417
Glyma.02G131900.Wm82.a4.v1,0.5422781938281768
Glyma.18G050900.Wm82.a4.v1,0.5422530969542434
Glyma.02G279600.Wm82.a4.v1,0.5422079225811632
Glyma.18G221200.Wm82.a4.v1,0.5421928644568033
Glyma.04G063600.Wm82.a4.v1,0.5421677675828699
Glyma.07G150700.Wm82.a4.v1,0.5421577288332965
Glyma.03G086600.Wm82.a4.v1,0.5420874575862831
Glyma.16G077000.Wm82.a4.v1,0.542072399461923
Glyma.14G224200.Wm82.a4.v1,0.5420171863392695
Glyma.15G096800.Wm82.a4.v1,0.5419870700905495
Glyma.20G208800.Wm82.a4.v1,0.5419619732166161
Glyma.05G100500.Wm82.a4.v1,0.5419218182183227
Glyma.14G053800.Wm82.a4.v1,0.541916798843536
Glyma.08G234600.Wm82.a4.v1,0.5419067600939627
Glyma.02G238100.Wm82.a4.v1,0.5418766438452426
Glyma.03G076900.Wm82.a4.v1,0.5418666050956693
Glyma.16G006000.Wm82.a4.v1,0.5418515469713092
Glyma.13G104200.Wm82.a4.v1,0.5417862950990825
Glyma.10G150500.Wm82.a4.v1,0.5417611982251491
Glyma.15G131900.Wm82.a4.v1,0.541746140100789
Glyma.11G078700.Wm82.a4.v1,0.5417260626016424
Glyma.05G219300.Wm82.a4.v1,0.5416909269781356
Glyma.16G079900.Wm82.a4.v1,0.5415805007328287
Glyma.12G224900.Wm82.a4.v1,0.5415554038588953
Glyma.16G032500.Wm82.a4.v1,0.541530306984962
Glyma.15G198300.Wm82.a4.v1,0.5414650551127351
Glyma.20G124700.Wm82.a4.v1,0.5414550163631618
Glyma.02G036100.Wm82.a4.v1,0.5414449776135885
Glyma.19G024000.Wm82.a4.v1,0.5414349388640151
Glyma.20G206300.Wm82.a4.v1,0.5414198807396551
Glyma.06G289400.Wm82.a4.v1,0.541374706366575
Glyma.15G256600.Wm82.a4.v1,0.5413696869917883
Glyma.15G094350.Wm82.a4.v1,0.5412793382456281
Glyma.17G150900.Wm82.a4.v1,0.5412743188708414
Glyma.20G165000.Wm82.a4.v1,0.5412291444977614
Glyma.14G028800.Wm82.a4.v1,0.541204047623828
Glyma.14G001400.Wm82.a4.v1,0.5411990282490413
Glyma.08G217500.Wm82.a4.v1,0.5411538538759612
Glyma.01G237200.Wm82.a4.v1,0.5411387957516012
Glyma.16G154800.Wm82.a4.v1,0.5411237376272412
Glyma.14G145600.Wm82.a4.v1,0.5411187182524545
Glyma.16G046200.Wm82.a4.v1,0.541048447005441
Glyma.08G313300.Wm82.a4.v1,0.5410434276306543
Glyma.15G108200.Wm82.a4.v1,0.5410384082558677
Glyma.03G119300.Wm82.a4.v1,0.5410233501315076
Glyma.13G355300.Wm82.a4.v1,0.5409631176340675
Glyma.10G043700.Wm82.a4.v1,0.5409380207601341
Glyma.07G227100.Wm82.a4.v1,0.5409380207601341
Glyma.02G077100.Wm82.a4.v1,0.540877788262694
Glyma.17G199200.Wm82.a4.v1,0.540862730138334
Glyma.07G182400.Wm82.a4.v1,0.5408326138896139
Glyma.06G047000.Wm82.a4.v1,0.5408075170156805
Glyma.05G194000.Wm82.a4.v1,0.5407774007669605
Glyma.10G022700.Wm82.a4.v1,0.5406669745216536
Glyma.13G205000.Wm82.a4.v1,0.5406619551468669
Glyma.01G029800.Wm82.a4.v1,0.5406468970225069
Glyma.09G145800.Wm82.a4.v1,0.5406368582729335
Glyma.18G268700.Wm82.a4.v1,0.5405967032746402
Glyma.05G210600.Wm82.a4.v1,0.5405465095267733
Glyma.06G269300.Wm82.a4.v1,0.5404260445318931
Glyma.07G189200.Wm82.a4.v1,0.5403959282831731
Glyma.20G043800.Wm82.a4.v1,0.5403858895335997
Glyma.10G270200.Wm82.a4.v1,0.5403758507840264
Glyma.01G029000.Wm82.a4.v1,0.5403557732848796
Glyma.20G100200.Wm82.a4.v1,0.5403507539100929
Glyma.15G086500.Wm82.a4.v1,0.5403156182865863
Glyma.16G070900.Wm82.a4.v1,0.5402804826630795
Glyma.16G205900.Wm82.a4.v1,0.5402704439135061
Glyma.18G182800.Wm82.a4.v1,0.5402704439135061
Glyma.20G046700.Wm82.a4.v1,0.5402654245387195
Glyma.08G016400.Wm82.a4.v1,0.5402302889152127
Glyma.17G146400.Wm82.a4.v1,0.540225269540426
Glyma.16G207100.Wm82.a4.v1,0.540180095167346
Glyma.09G223300.Wm82.a4.v1,0.5401650370429859
Glyma.09G045900.Wm82.a4.v1,0.5401349207942658
Glyma.01G026000.Wm82.a4.v1,0.5401098239203325
Glyma.13G189200.Wm82.a4.v1,0.5401098239203325
Glyma.17G113700.Wm82.a4.v1,0.5400746882968257
Glyma.12G228900.Wm82.a4.v1,0.5400295139237457
Glyma.18G074700.Wm82.a4.v1,0.5400144557993857
Glyma.15G098900.Wm82.a4.v1,0.5399943783002389
Glyma.15G168700.Wm82.a4.v1,0.5399843395506656
Glyma.12G210900.Wm82.a4.v1,0.5399391651775854
Glyma.12G005300.Wm82.a4.v1,0.5399291264280122
Glyma.02G254500.Wm82.a4.v1,0.5399190876784388
Glyma.07G010800.Wm82.a4.v1,0.539883952054932
Glyma.13G031300.Wm82.a4.v1,0.5398437970566387
Glyma.04G220200.Wm82.a4.v1,0.5398187001827053
Glyma.07G006600.Wm82.a4.v1,0.5398187001827053
Glyma.06G029000.Wm82.a4.v1,0.5398036420583452
Glyma.03G251800.Wm82.a4.v1,0.5397885839339852
Glyma.13G363900.Wm82.a4.v1,0.5397735258096251
Glyma.17G074500.Wm82.a4.v1,0.539743409560905
Glyma.18G230900.Wm82.a4.v1,0.5397183126869717
Glyma.10G203000.Wm82.a4.v1,0.5396681189391049
Glyma.15G158800.Wm82.a4.v1,0.5396179251912382
Glyma.04G226400.Wm82.a4.v1,0.5396129058164515
Glyma.15G074100.Wm82.a4.v1,0.5395827895677314
Glyma.10G149900.Wm82.a4.v1,0.5395476539442247
Glyma.07G107700.Wm82.a4.v1,0.5395175376955047
Glyma.06G172100.Wm82.a4.v1,0.5395074989459313
Glyma.20G139700.Wm82.a4.v1,0.5395024795711446
Glyma.18G302000.Wm82.a4.v1,0.5394924408215712
Glyma.12G175300.Wm82.a4.v1,0.5394623245728513
Glyma.08G297300.Wm82.a4.v1,0.5394573051980646
Glyma.16G062800.Wm82.a4.v1,0.5394522858232779
Glyma.03G175800.Wm82.a4.v1,0.5394472664484912
Glyma.11G138900.Wm82.a4.v1,0.5394422470737045
Glyma.08G176800.Wm82.a4.v1,0.5394322083241312
Glyma.14G101700.Wm82.a4.v1,0.5394171501997711
Glyma.11G004000.Wm82.a4.v1,0.5394071114501978
Glyma.11G248400.Wm82.a4.v1,0.5393920533258377
Glyma.04G037100.Wm82.a4.v1,0.5393769952014777
Glyma.05G167200.Wm82.a4.v1,0.5392766077057441
Glyma.02G004000.Wm82.a4.v1,0.5392414720822374
Glyma.09G022100.Wm82.a4.v1,0.5392063364587307
Glyma.19G148000.Wm82.a4.v1,0.5391410845865039
Glyma.10G202600.Wm82.a4.v1,0.5391260264621439
Glyma.14G024700.Wm82.a4.v1,0.5391210070873572
Glyma.16G092200.Wm82.a4.v1,0.5390908908386371
Glyma.19G191800.Wm82.a4.v1,0.5390055614672636
Glyma.18G300100.Wm82.a4.v1,0.5389603870941836
Glyma.09G011000.Wm82.a4.v1,0.5389352902202502
Glyma.19G225500.Wm82.a4.v1,0.5389352902202502
Glyma.13G157800.Wm82.a4.v1,0.5389051739715301
Glyma.17G055500.Wm82.a4.v1,0.5389001545967435
Glyma.09G014200.Wm82.a4.v1,0.5388850964723834
Glyma.06G051100.Wm82.a4.v1,0.5388650189732367
Glyma.16G131000.Wm82.a4.v1,0.5388499608488767
Glyma.02G295600.Wm82.a4.v1,0.5388349027245166
Glyma.12G068300.Wm82.a4.v1,0.5388098058505832
Glyma.10G012000.Wm82.a4.v1,0.5388098058505832
Glyma.08G132400.Wm82.a4.v1,0.5387746702270765
Glyma.11G059500.Wm82.a4.v1,0.5387244764792097
Glyma.09G111400.Wm82.a4.v1,0.5386441664826229
Glyma.02G022200.Wm82.a4.v1,0.5385287208625293
Glyma.07G010500.Wm82.a4.v1,0.5385136627381694
Glyma.15G066700.Wm82.a4.v1,0.5384659786776959
Glyma.02G009200.Wm82.a4.v1,0.5384433914911558
Glyma.05G156800.Wm82.a4.v1,0.5384383721163691
Glyma.15G269100.Wm82.a4.v1,0.5383982171180758
Glyma.15G211900.Wm82.a4.v1,0.5383931977432891
Glyma.06G025900.Wm82.a4.v1,0.5383681008693557
Glyma.09G230800.Wm82.a4.v1,0.5383530427449957
Glyma.07G070600.Wm82.a4.v1,0.538348023370209
Glyma.09G017200.Wm82.a4.v1,0.5382978296223423
Glyma.04G008100.Wm82.a4.v1,0.5382877908727689
Glyma.02G207700.Wm82.a4.v1,0.5382727327484088
Glyma.16G116600.Wm82.a4.v1,0.5382677133736222
Glyma.08G061800.Wm82.a4.v1,0.5382375971249022
Glyma.09G035600.Wm82.a4.v1,0.5381572871283153
Glyma.10G267200.Wm82.a4.v1,0.5381372096291686
Glyma.04G154300.Wm82.a4.v1,0.5379816090107816
Glyma.15G115500.Wm82.a4.v1,0.5379565121368483
Glyma.04G078500.Wm82.a4.v1,0.5379314152629149
Glyma.20G240500.Wm82.a4.v1,0.5379012990141948
Glyma.01G131200.Wm82.a4.v1,0.5378862408898347
Glyma.16G076700.Wm82.a4.v1,0.537836047141968
Glyma.10G035300.Wm82.a4.v1,0.5378159696428213
Glyma.09G266500.Wm82.a4.v1,0.5378009115184612
Glyma.04G254000.Wm82.a4.v1,0.5377607565201679
Glyma.08G037400.Wm82.a4.v1,0.5377406790210212
Glyma.08G067200.Wm82.a4.v1,0.5377306402714478
Glyma.02G101800.Wm82.a4.v1,0.5376904852731543
Glyma.05G115700.Wm82.a4.v1,0.5376754271487943
Glyma.06G180600.Wm82.a4.v1,0.537650330274861
Glyma.04G039100.Wm82.a4.v1,0.5376302527757143
Glyma.03G205300.Wm82.a4.v1,0.5376202140261409
Glyma.17G155100.Wm82.a4.v1,0.5376101752765675
Glyma.04G219700.Wm82.a4.v1,0.5376051559017809
Glyma.18G272700.Wm82.a4.v1,0.5375750396530609
Glyma.07G000500.Wm82.a4.v1,0.5375348846547674
Glyma.09G054300.Wm82.a4.v1,0.5375348846547674
Glyma.06G131200.Wm82.a4.v1,0.5375198265304074
Glyma.14G123000.Wm82.a4.v1,0.5374997490312606
Glyma.19G141700.Wm82.a4.v1,0.5374344971590339
Glyma.01G100600.Wm82.a4.v1,0.5374194390346738
Glyma.01G185900.Wm82.a4.v1,0.537384303411167
Glyma.10G172700.Wm82.a4.v1,0.5373642259120204
Glyma.07G076700.Wm82.a4.v1,0.5373491677876604
Glyma.01G132400.Wm82.a4.v1,0.5372537996667135
Glyma.02G241100.Wm82.a4.v1,0.5372537996667135
Glyma.19G044200.Wm82.a4.v1,0.5372036059188467
Glyma.12G042400.Wm82.a4.v1,0.53719858654406
Glyma.14G018200.Wm82.a4.v1,0.5371734896701267
Glyma.16G110300.Wm82.a4.v1,0.5371634509205533
Glyma.08G292800.Wm82.a4.v1,0.5371383540466199
Glyma.04G141000.Wm82.a4.v1,0.5370981990483266
Glyma.18G212200.Wm82.a4.v1,0.5370931796735399
Glyma.05G180000.Wm82.a4.v1,0.5370881602987532
Glyma.08G348400.Wm82.a4.v1,0.5370881602987532
Glyma.08G013900.Wm82.a4.v1,0.5370881602987532
Glyma.11G022700.Wm82.a4.v1,0.5370429859256731
Glyma.07G139300.Wm82.a4.v1,0.537027927801313
Glyma.06G146500.Wm82.a4.v1,0.5370229084265264
Glyma.05G199000.Wm82.a4.v1,0.5370028309273797
Glyma.03G247300.Wm82.a4.v1,0.536967695303873
Glyma.07G182200.Wm82.a4.v1,0.5369325596803662
Glyma.10G285300.Wm82.a4.v1,0.5369275403055795
Glyma.09G059200.Wm82.a4.v1,0.5368773465577128
Glyma.09G170600.Wm82.a4.v1,0.5368522496837794
Glyma.09G078700.Wm82.a4.v1,0.536842210934206
Glyma.15G201400.Wm82.a4.v1,0.5368321721846326
Glyma.03G034100.Wm82.a4.v1,0.5368171140602727
Glyma.17G132500.Wm82.a4.v1,0.5367719396871926
Glyma.13G297400.Wm82.a4.v1,0.5367518621880458
Glyma.04G076700.Wm82.a4.v1,0.5367468428132591
Glyma.18G103800.Wm82.a4.v1,0.5367167265645392
Glyma.10G104100.Wm82.a4.v1,0.536656494067099
Glyma.15G116500.Wm82.a4.v1,0.5366514746923123
Glyma.09G186700.Wm82.a4.v1,0.5366364165679522
Glyma.08G045700.Wm82.a4.v1,0.5366012809444456
Glyma.02G108900.Wm82.a4.v1,0.5365711646957255
Glyma.08G343900.Wm82.a4.v1,0.5365561065713654
Glyma.10G284600.Wm82.a4.v1,0.5365159515730721
Glyma.19G101000.Wm82.a4.v1,0.5364958740739254
Glyma.19G210500.Wm82.a4.v1,0.5364657578252053
Glyma.03G004200.Wm82.a4.v1,0.5364105447025519
Glyma.09G179200.Wm82.a4.v1,0.5363904672034051
Glyma.11G015800.Wm82.a4.v1,0.5363904672034051
Glyma.08G081500.Wm82.a4.v1,0.5363653703294717
Glyma.17G066600.Wm82.a4.v1,0.536360350954685
Glyma.04G061600.Wm82.a4.v1,0.536360350954685
Glyma.18G241400.Wm82.a4.v1,0.5363553315798985
Glyma.04G172300.Wm82.a4.v1,0.5363252153311784
Glyma.20G235700.Wm82.a4.v1,0.5363252153311784
Glyma.06G132800.Wm82.a4.v1,0.536315176581605
Glyma.11G209027.Wm82.a4.v1,0.5362850603328849
Glyma.13G077900.Wm82.a4.v1,0.5362800409580982
Glyma.05G148300.Wm82.a4.v1,0.5362800409580982
Glyma.19G000700.Wm82.a4.v1,0.5362750215833115
Glyma.03G032200.Wm82.a4.v1,0.5361796534623647
Glyma.02G001700.Wm82.a4.v1,0.5361645953380046
Glyma.09G025700.Wm82.a4.v1,0.536129459714498
Glyma.17G242300.Wm82.a4.v1,0.5361043628405646
Glyma.08G293200.Wm82.a4.v1,0.5360842853414178
Glyma.02G045100.Wm82.a4.v1,0.5360591884674845
Glyma.04G001400.Wm82.a4.v1,0.5360541690926978
Glyma.04G036000.Wm82.a4.v1,0.5360441303431245
Glyma.04G254100.Wm82.a4.v1,0.5360441303431245
Glyma.15G264500.Wm82.a4.v1,0.5360391109683378
Glyma.20G201100.Wm82.a4.v1,0.5360190334691911
Glyma.08G105400.Wm82.a4.v1,0.536003975344831
Glyma.06G136900.Wm82.a4.v1,0.536003975344831
Glyma.15G216300.Wm82.a4.v1,0.5359337040978176
Glyma.17G140900.Wm82.a4.v1,0.5359236653482442
Glyma.08G322600.Wm82.a4.v1,0.5359086072238842
Glyma.20G177700.Wm82.a4.v1,0.5358885297247374
Glyma.09G252000.Wm82.a4.v1,0.5358584134760175
Glyma.20G194200.Wm82.a4.v1,0.535818258477724
Glyma.11G046300.Wm82.a4.v1,0.535803200353364
Glyma.04G165100.Wm82.a4.v1,0.535788142229004
Glyma.04G015100.Wm82.a4.v1,0.5357479872307105
Glyma.09G032300.Wm82.a4.v1,0.5357329291063505
Glyma.15G053400.Wm82.a4.v1,0.5357078322324171
Glyma.08G072400.Wm82.a4.v1,0.5356977934828437
Glyma.10G212800.Wm82.a4.v1,0.5356626578593371
Glyma.07G046700.Wm82.a4.v1,0.5356626578593371
Glyma.03G135000.Wm82.a4.v1,0.5355723091131769
Glyma.15G157900.Wm82.a4.v1,0.53547694099223
Glyma.09G123600.Wm82.a4.v1,0.5354669022426567
Glyma.05G039500.Wm82.a4.v1,0.5354669022426567
Glyma.01G079500.Wm82.a4.v1,0.5354367859939366
Glyma.18G145500.Wm82.a4.v1,0.5353514566225631
Glyma.11G020200.Wm82.a4.v1,0.5353464372477764
Glyma.08G108900.Wm82.a4.v1,0.535321340373843
Glyma.10G242600.Wm82.a4.v1,0.5352962434999097
Glyma.02G041700.Wm82.a4.v1,0.5352360110024695
Glyma.05G198500.Wm82.a4.v1,0.5352259722528961
Glyma.06G144100.Wm82.a4.v1,0.5352259722528961
Glyma.03G204800.Wm82.a4.v1,0.5352209528781096
Glyma.12G241700.Wm82.a4.v1,0.5351858172546028
Glyma.15G191600.Wm82.a4.v1,0.5351807978798161
Glyma.20G228900.Wm82.a4.v1,0.5351557010058827
Glyma.08G121800.Wm82.a4.v1,0.5351531913184894
Glyma.14G056000.Wm82.a4.v1,0.5350302166362157
Glyma.14G152100.Wm82.a4.v1,0.5349750035135623
Glyma.07G228100.Wm82.a4.v1,0.5349599453892023
Glyma.07G131100.Wm82.a4.v1,0.5348695966430421
Glyma.06G150900.Wm82.a4.v1,0.5348645772682554
Glyma.15G045100.Wm82.a4.v1,0.5348294416447488
Glyma.19G137200.Wm82.a4.v1,0.534794306021242
Glyma.11G152960.Wm82.a4.v1,0.5347792478968819
Glyma.12G017500.Wm82.a4.v1,0.5347641897725219
Glyma.03G021100.Wm82.a4.v1,0.5347541510229485
Glyma.06G158400.Wm82.a4.v1,0.5347089766498685
Glyma.01G008000.Wm82.a4.v1,0.5346888991507218
Glyma.18G202600.Wm82.a4.v1,0.5346838797759351
Glyma.12G012900.Wm82.a4.v1,0.5346838797759351
Glyma.04G029500.Wm82.a4.v1,0.5346738410263617
Glyma.19G060500.Wm82.a4.v1,0.5346487441524284
Glyma.13G149100.Wm82.a4.v1,0.5346136085289216
Glyma.09G029200.Wm82.a4.v1,0.5345985504045616
Glyma.11G040200.Wm82.a4.v1,0.5345784729054149
Glyma.09G049900.Wm82.a4.v1,0.5345784729054149
Glyma.01G068800.Wm82.a4.v1,0.5345533760314816
Glyma.02G303600.Wm82.a4.v1,0.5344128335374546
Glyma.12G156800.Wm82.a4.v1,0.5343977754130945
Glyma.13G236700.Wm82.a4.v1,0.5343375429156544
Glyma.16G038400.Wm82.a4.v1,0.5343174654165077
Glyma.18G227400.Wm82.a4.v1,0.534312446041721
Glyma.10G052000.Wm82.a4.v1,0.5342722910434277
Glyma.13G081500.Wm82.a4.v1,0.5342321360451342
Glyma.07G265600.Wm82.a4.v1,0.5342220972955609
Glyma.02G062500.Wm82.a4.v1,0.5341719035476941
Glyma.08G211900.Wm82.a4.v1,0.534141787298974
Glyma.13G133800.Wm82.a4.v1,0.5341066516754673
Glyma.16G021600.Wm82.a4.v1,0.5340966129258939
Glyma.10G226900.Wm82.a4.v1,0.5340865741763205
Glyma.20G023900.Wm82.a4.v1,0.5340413998032405
Glyma.13G035500.Wm82.a4.v1,0.5340413998032405
Glyma.13G215200.Wm82.a4.v1,0.5340213223040938
Glyma.09G123800.Wm82.a4.v1,0.5339761479310137
Glyma.01G158750.Wm82.a4.v1,0.5339711285562271
Glyma.09G188500.Wm82.a4.v1,0.5339510510570803
Glyma.09G248700.Wm82.a4.v1,0.5339108960587869
Glyma.10G166700.Wm82.a4.v1,0.5339108960587869
Glyma.07G164800.Wm82.a4.v1,0.5338807798100669
Glyma.12G057300.Wm82.a4.v1,0.5338757604352802
Glyma.06G308300.Wm82.a4.v1,0.5338707410604935
Glyma.03G199700.Wm82.a4.v1,0.5338657216857068
Glyma.20G106500.Wm82.a4.v1,0.5338305860622001
Glyma.15G002100.Wm82.a4.v1,0.5338255666874134
Glyma.15G080600.Wm82.a4.v1,0.5337803923143333
Glyma.17G187500.Wm82.a4.v1,0.5337753729395467
Glyma.10G028700.Wm82.a4.v1,0.5337201598168932
Glyma.08G318800.Wm82.a4.v1,0.5337000823177465
Glyma.18G059800.Wm82.a4.v1,0.5335695785732929
Glyma.06G312300.Wm82.a4.v1,0.5335394623245728
Glyma.20G170700.Wm82.a4.v1,0.5334993073262795
Glyma.18G089700.Wm82.a4.v1,0.5334892685767061
Glyma.02G017100.Wm82.a4.v1,0.5334792298271327
Glyma.01G080500.Wm82.a4.v1,0.5334390748288393
Glyma.13G319400.Wm82.a4.v1,0.5334340554540526
Glyma.13G366600.Wm82.a4.v1,0.5333788423313992
Glyma.02G200000.Wm82.a4.v1,0.5333637842070392
Glyma.20G181900.Wm82.a4.v1,0.5333336679583192
Glyma.20G005200.Wm82.a4.v1,0.5333236292087458
Glyma.15G177600.Wm82.a4.v1,0.5332332804625856
Glyma.19G220300.Wm82.a4.v1,0.5332232417130123
Glyma.01G214800.Wm82.a4.v1,0.5332132029634389
Glyma.06G317600.Wm82.a4.v1,0.5331830867147188
Glyma.12G174100.Wm82.a4.v1,0.5331730479651454
Glyma.05G176100.Wm82.a4.v1,0.5331228542172787
Glyma.01G191200.Wm82.a4.v1,0.5330977573433453
Glyma.04G089400.Wm82.a4.v1,0.5330927379685586
Glyma.05G012500.Wm82.a4.v1,0.5330776798441986
Glyma.11G116600.Wm82.a4.v1,0.5330525829702653
Glyma.04G200900.Wm82.a4.v1,0.5330224667215452
Glyma.14G010500.Wm82.a4.v1,0.5330224667215452
Glyma.08G134000.Wm82.a4.v1,0.5330124279719718
Glyma.11G160900.Wm82.a4.v1,0.5330023892223985
Glyma.13G053600.Wm82.a4.v1,0.5329973698476118
Glyma.18G073700.Wm82.a4.v1,0.5329672535988917
Glyma.06G127100.Wm82.a4.v1,0.5328618467283716
Glyma.06G083700.Wm82.a4.v1,0.5327865561065713
Glyma.18G215700.Wm82.a4.v1,0.5327162848595579
Glyma.11G058500.Wm82.a4.v1,0.5327012267351978
Glyma.03G004400.Wm82.a4.v1,0.5326962073604112
Glyma.06G323200.Wm82.a4.v1,0.5326711104864778
Glyma.17G055700.Wm82.a4.v1,0.5326610717369045
Glyma.04G090400.Wm82.a4.v1,0.5326560523621178
Glyma.12G166900.Wm82.a4.v1,0.5325807617403177
Glyma.09G040200.Wm82.a4.v1,0.5325355873672375
Glyma.04G018300.Wm82.a4.v1,0.5325054711185174
Glyma.01G015500.Wm82.a4.v1,0.5324904129941574
Glyma.08G288300.Wm82.a4.v1,0.5324653161202241
Glyma.01G129400.Wm82.a4.v1,0.5324000642479972
Glyma.18G166600.Wm82.a4.v1,0.5323850061236373
Glyma.12G179900.Wm82.a4.v1,0.5323599092497039
Glyma.19G194964.Wm82.a4.v1,0.5322093280061035
Glyma.03G051600.Wm82.a4.v1,0.5321741923825968
Glyma.05G014400.Wm82.a4.v1,0.5321741923825968
Glyma.04G213300.Wm82.a4.v1,0.5321641536330235
Glyma.09G171900.Wm82.a4.v1,0.5321039211355834
Glyma.04G244900.Wm82.a4.v1,0.53207882426165
Glyma.11G130700.Wm82.a4.v1,0.5320336498885698
Glyma.05G157200.Wm82.a4.v1,0.5320085530146365
Glyma.04G009800.Wm82.a4.v1,0.5319784367659164
Glyma.18G287600.Wm82.a4.v1,0.5319583592667697
Glyma.16G015700.Wm82.a4.v1,0.5319433011424097
Glyma.15G123100.Wm82.a4.v1,0.531938281767623
Glyma.07G266400.Wm82.a4.v1,0.5318730298953962
Glyma.04G220000.Wm82.a4.v1,0.5318479330214628
Glyma.02G266300.Wm82.a4.v1,0.5317977392735961
Glyma.01G175300.Wm82.a4.v1,0.531752564900516
Glyma.20G110700.Wm82.a4.v1,0.5317475455257293
Glyma.08G316900.Wm82.a4.v1,0.5317124099022226
Glyma.14G078200.Wm82.a4.v1,0.5316521774047824
Glyma.06G062900.Wm82.a4.v1,0.5316270805308491
Glyma.11G064000.Wm82.a4.v1,0.5316019836569157
Glyma.15G193200.Wm82.a4.v1,0.5315919449073423
Glyma.02G220500.Wm82.a4.v1,0.5315768867829823
Glyma.10G067900.Wm82.a4.v1,0.5315718674081956
Glyma.06G019900.Wm82.a4.v1,0.5315718674081956
Glyma.15G170200.Wm82.a4.v1,0.5315517899090489
Glyma.17G074200.Wm82.a4.v1,0.5315166542855422
Glyma.09G051800.Wm82.a4.v1,0.5315066155359688
Glyma.13G045900.Wm82.a4.v1,0.5314865380368221
Glyma.08G264402.Wm82.a4.v1,0.5314614411628887
Glyma.01G143100.Wm82.a4.v1,0.531456421788102
Glyma.18G097100.Wm82.a4.v1,0.5313710924167285
Glyma.09G270500.Wm82.a4.v1,0.5313710924167285
Glyma.20G061500.Wm82.a4.v1,0.5313259180436485
Glyma.20G114500.Wm82.a4.v1,0.5313259180436485
Glyma.09G187200.Wm82.a4.v1,0.5313158792940751
Glyma.13G241300.Wm82.a4.v1,0.5312757242957817
Glyma.08G262900.Wm82.a4.v1,0.531225530547915
Glyma.08G139500.Wm82.a4.v1,0.5312104724235549
Glyma.11G226200.Wm82.a4.v1,0.5311853755496215
Glyma.07G001900.Wm82.a4.v1,0.5311703174252616
Glyma.20G109600.Wm82.a4.v1,0.5311602786756882
Glyma.09G238400.Wm82.a4.v1,0.5311602786756882
Glyma.16G130000.Wm82.a4.v1,0.531069929929528
Glyma.03G113500.Wm82.a4.v1,0.5310297749312346
Glyma.01G020200.Wm82.a4.v1,0.5310147168068745
Glyma.13G190900.Wm82.a4.v1,0.5309795811833679
Glyma.06G230300.Wm82.a4.v1,0.5309795811833679
Glyma.17G220500.Wm82.a4.v1,0.5309494649346478
Glyma.06G162100.Wm82.a4.v1,0.5309494649346478
Glyma.08G201600.Wm82.a4.v1,0.530929387435501
Glyma.19G254000.Wm82.a4.v1,0.5308741743128476
Glyma.15G195700.Wm82.a4.v1,0.5308691549380609
Glyma.13G279200.Wm82.a4.v1,0.5308666452506676
Glyma.14G118300.Wm82.a4.v1,0.5308089224406208
Glyma.13G001500.Wm82.a4.v1,0.5307235930692473
Glyma.07G053100.Wm82.a4.v1,0.5306633605718072
Glyma.17G045500.Wm82.a4.v1,0.5306282249483004
Glyma.15G131100.Wm82.a4.v1,0.530603128074367
Glyma.19G027300.Wm82.a4.v1,0.5305479149517136
Glyma.02G204000.Wm82.a4.v1,0.5305378762021402
Glyma.02G148900.Wm82.a4.v1,0.5305328568273536
Glyma.13G359400.Wm82.a4.v1,0.5304977212038469
Glyma.17G126700.Wm82.a4.v1,0.5303772562089666
Glyma.12G024200.Wm82.a4.v1,0.5303220430863131
Glyma.05G232400.Wm82.a4.v1,0.5303069849619532
Glyma.14G221600.Wm82.a4.v1,0.5303019655871665
Glyma.02G188000.Wm82.a4.v1,0.5302869074628064
Glyma.05G225500.Wm82.a4.v1,0.5302768687132331
Glyma.05G118700.Wm82.a4.v1,0.5302768687132331
Glyma.01G084500.Wm82.a4.v1,0.5302668299636597
Glyma.08G343500.Wm82.a4.v1,0.530246752464513
Glyma.15G132200.Wm82.a4.v1,0.5302417330897263
Glyma.18G298700.Wm82.a4.v1,0.5302367137149396
Glyma.18G246500.Wm82.a4.v1,0.5302266749653664
Glyma.19G082400.Wm82.a4.v1,0.5302116168410063
Glyma.20G227300.Wm82.a4.v1,0.5300886421587327
Glyma.15G113700.Wm82.a4.v1,0.5300861324713394
Glyma.09G199500.Wm82.a4.v1,0.5300660549721926
Glyma.09G200300.Wm82.a4.v1,0.5299506093520991
Glyma.08G154800.Wm82.a4.v1,0.5299004156042323
Glyma.15G067700.Wm82.a4.v1,0.5298753187302989
Glyma.04G021500.Wm82.a4.v1,0.5298401831067923
Glyma.07G097700.Wm82.a4.v1,0.5298351637320056
Glyma.01G174900.Wm82.a4.v1,0.5298251249824322
Glyma.13G229200.Wm82.a4.v1,0.5298150862328589
Glyma.17G231100.Wm82.a4.v1,0.5297598731102054
Glyma.05G064800.Wm82.a4.v1,0.529734776236272
Glyma.20G164500.Wm82.a4.v1,0.5297096793623386
Glyma.12G192200.Wm82.a4.v1,0.5296619953018652
Glyma.04G058600.Wm82.a4.v1,0.529579175617885
Glyma.09G042000.Wm82.a4.v1,0.5295691368683116
Glyma.04G237100.Wm82.a4.v1,0.529564117493525
Glyma.10G235100.Wm82.a4.v1,0.5295189431204449
Glyma.18G222100.Wm82.a4.v1,0.5295189431204449
Glyma.17G006000.Wm82.a4.v1,0.5294888268717248
Glyma.07G165300.Wm82.a4.v1,0.5294787881221515
Glyma.17G053500.Wm82.a4.v1,0.5294787881221515
Glyma.04G186300.Wm82.a4.v1,0.5294587106230048
Glyma.02G274600.Wm82.a4.v1,0.5294235749994981
Glyma.20G213000.Wm82.a4.v1,0.5294185556247114
Glyma.15G026100.Wm82.a4.v1,0.5293884393759913
Glyma.09G085200.Wm82.a4.v1,0.5293583231272713
Glyma.02G146000.Wm82.a4.v1,0.5292830325054712
Glyma.13G247200.Wm82.a4.v1,0.5292780131306845
Glyma.03G264400.Wm82.a4.v1,0.5292679743811111
Glyma.20G102400.Wm82.a4.v1,0.5292679743811111
Glyma.10G255500.Wm82.a4.v1,0.5292579356315378
Glyma.04G013100.Wm82.a4.v1,0.5292529162567511
Glyma.01G146600.Wm82.a4.v1,0.5292478968819644
Glyma.02G216000.Wm82.a4.v1,0.5292478968819644
Glyma.03G016800.Wm82.a4.v1,0.529222800008031
Glyma.04G224200.Wm82.a4.v1,0.529222800008031
Glyma.08G186800.Wm82.a4.v1,0.5292127612584576
Glyma.08G219900.Wm82.a4.v1,0.5291525287610175
Glyma.12G102800.Wm82.a4.v1,0.5291374706366575
Glyma.18G247400.Wm82.a4.v1,0.5291224125122974
Glyma.10G101600.Wm82.a4.v1,0.529097315638364
Glyma.06G127900.Wm82.a4.v1,0.5290320637661373
Glyma.01G065100.Wm82.a4.v1,0.5289718312686972
Glyma.19G019300.Wm82.a4.v1,0.5289617925191238
Glyma.18G009700.Wm82.a4.v1,0.5289517537695505
Glyma.06G014300.Wm82.a4.v1,0.5289467343947638
Glyma.19G222100.Wm82.a4.v1,0.5289015600216836
Glyma.16G010100.Wm82.a4.v1,0.5288965406468971
Glyma.13G204100.Wm82.a4.v1,0.5288764631477503
Glyma.15G020900.Wm82.a4.v1,0.528866424398177
Glyma.08G129400.Wm82.a4.v1,0.5288162306503102
Glyma.17G095633.Wm82.a4.v1,0.5288162306503102
Glyma.16G216100.Wm82.a4.v1,0.5287861144015902
Glyma.17G117700.Wm82.a4.v1,0.5286606300319232
Glyma.08G362900.Wm82.a4.v1,0.5286405525327765
Glyma.14G021600.Wm82.a4.v1,0.5286204750336299
Glyma.01G123300.Wm82.a4.v1,0.5286104362840565
Glyma.13G059500.Wm82.a4.v1,0.5286054169092698
Glyma.04G162700.Wm82.a4.v1,0.5285753006605497
Glyma.03G049600.Wm82.a4.v1,0.5285351456622563
Glyma.08G196400.Wm82.a4.v1,0.5285200875378963
Glyma.03G209100.Wm82.a4.v1,0.5285000100387496
Glyma.07G188400.Wm82.a4.v1,0.5284247194169495
Glyma.18G243700.Wm82.a4.v1,0.5284096612925894
Glyma.12G209700.Wm82.a4.v1,0.5283644869195093
Glyma.17G118000.Wm82.a4.v1,0.5283594675447226
Glyma.09G264000.Wm82.a4.v1,0.5283343706707893
Glyma.17G019400.Wm82.a4.v1,0.5282992350472825
Glyma.15G172100.Wm82.a4.v1,0.5282691187985624
Glyma.02G289900.Wm82.a4.v1,0.5282640994237757
Glyma.04G224400.Wm82.a4.v1,0.5282189250506957
Glyma.17G089600.Wm82.a4.v1,0.5281687313028289
Glyma.05G151500.Wm82.a4.v1,0.5281135181801755
Glyma.16G054200.Wm82.a4.v1,0.5280984600558154
Glyma.09G286300.Wm82.a4.v1,0.528073363181882
Glyma.08G133900.Wm82.a4.v1,0.5280683438070954
Glyma.18G283800.Wm82.a4.v1,0.5280231694340153
Glyma.13G228300.Wm82.a4.v1,0.5279528981870019
Glyma.07G234900.Wm82.a4.v1,0.5279528981870019
Glyma.14G050700.Wm82.a4.v1,0.5279478788122152
Glyma.13G190100.Wm82.a4.v1,0.5279428594374285
Glyma.12G055900.Wm82.a4.v1,0.5278926656895617
Glyma.17G026000.Wm82.a4.v1,0.527887646314775
Glyma.14G222700.Wm82.a4.v1,0.5278826269399883
Glyma.11G179600.Wm82.a4.v1,0.5278776075652016
Glyma.10G113100.Wm82.a4.v1,0.527872588190415
Glyma.01G030400.Wm82.a4.v1,0.5278223944425482
Glyma.13G366500.Wm82.a4.v1,0.5278023169434015
Glyma.02G238400.Wm82.a4.v1,0.5278023169434015
Glyma.11G115000.Wm82.a4.v1,0.5277671813198948
Glyma.13G255900.Wm82.a4.v1,0.5277320456963881
Glyma.17G006200.Wm82.a4.v1,0.5276617744493746
Glyma.01G042800.Wm82.a4.v1,0.5276567550745879
Glyma.11G102800.Wm82.a4.v1,0.5276567550745879
Glyma.08G247800.Wm82.a4.v1,0.5276467163250146
Glyma.10G235200.Wm82.a4.v1,0.5276115807015078
Glyma.19G126800.Wm82.a4.v1,0.5276065613267211
Glyma.14G131900.Wm82.a4.v1,0.5276065613267211
Glyma.10G018300.Wm82.a4.v1,0.5276015419519344
Glyma.09G257700.Wm82.a4.v1,0.5275965225771478
Glyma.13G293400.Wm82.a4.v1,0.5275664063284278
Glyma.04G223900.Wm82.a4.v1,0.5275262513301343
Glyma.07G073800.Wm82.a4.v1,0.5275011544562009
Glyma.17G027300.Wm82.a4.v1,0.527486096331841
Glyma.13G161900.Wm82.a4.v1,0.5274810769570543
Glyma.05G168900.Wm82.a4.v1,0.5274760575822676
Glyma.07G006300.Wm82.a4.v1,0.5274509607083342
Glyma.08G165900.Wm82.a4.v1,0.5274108057100407
Glyma.16G073700.Wm82.a4.v1,0.5273957475856808
Glyma.12G086500.Wm82.a4.v1,0.527345553837814
Glyma.12G096000.Wm82.a4.v1,0.5273053988395205
Glyma.13G045600.Wm82.a4.v1,0.5272903407151606
Glyma.11G131600.Wm82.a4.v1,0.5272652438412271
Glyma.01G186600.Wm82.a4.v1,0.5272351275925071
Glyma.10G021900.Wm82.a4.v1,0.5272250888429337
Glyma.13G366000.Wm82.a4.v1,0.5272025016563937
Glyma.17G240000.Wm82.a4.v1,0.5271799144698537
Glyma.11G141200.Wm82.a4.v1,0.5271698757202803
Glyma.05G174400.Wm82.a4.v1,0.5271548175959202
Glyma.13G107800.Wm82.a4.v1,0.5271447788463469
Glyma.03G020800.Wm82.a4.v1,0.5271046238480535
Glyma.01G025800.Wm82.a4.v1,0.5270494107254
Glyma.17G250300.Wm82.a4.v1,0.52703435260104
Glyma.12G092300.Wm82.a4.v1,0.5269791394783866
Glyma.14G151300.Wm82.a4.v1,0.5269490232296665
Glyma.13G239100.Wm82.a4.v1,0.5269239263557332
Glyma.05G089200.Wm82.a4.v1,0.5269239263557332
Glyma.15G030700.Wm82.a4.v1,0.5269189069809465
Glyma.18G081900.Wm82.a4.v1,0.5268988294817998
Glyma.05G175900.Wm82.a4.v1,0.5268938101070131
Glyma.15G267700.Wm82.a4.v1,0.526848635733933
Glyma.18G279000.Wm82.a4.v1,0.5268285582347862
Glyma.18G061100.Wm82.a4.v1,0.5268034613608529
Glyma.15G040000.Wm82.a4.v1,0.5267683257373461
Glyma.02G035600.Wm82.a4.v1,0.526738209488626
Glyma.13G208800.Wm82.a4.v1,0.5266980544903327
Glyma.03G241000.Wm82.a4.v1,0.526670447929006
Glyma.08G292700.Wm82.a4.v1,0.5266578994920392
Glyma.03G142600.Wm82.a4.v1,0.5266378219928926
Glyma.08G184900.Wm82.a4.v1,0.5266077057441725
Glyma.20G239600.Wm82.a4.v1,0.5266026863693858
Glyma.17G089700.Wm82.a4.v1,0.5265725701206657
Glyma.01G008600.Wm82.a4.v1,0.5265324151223724
Glyma.20G102600.Wm82.a4.v1,0.526507318248439
Glyma.14G099700.Wm82.a4.v1,0.526366775754412
Glyma.12G001900.Wm82.a4.v1,0.5263466982552654
Glyma.06G311400.Wm82.a4.v1,0.5263316401309053
Glyma.05G141900.Wm82.a4.v1,0.5263115626317586
Glyma.05G226600.Wm82.a4.v1,0.5262463107595318
Glyma.19G216200.Wm82.a4.v1,0.5262111751360251
Glyma.05G122900.Wm82.a4.v1,0.5262061557612384
Glyma.13G340200.Wm82.a4.v1,0.5261910976368783
Glyma.20G238800.Wm82.a4.v1,0.5261760395125183
Glyma.05G238300.Wm82.a4.v1,0.5260957295159315
Glyma.15G029700.Wm82.a4.v1,0.5260907101411448
Glyma.16G027500.Wm82.a4.v1,0.5260154195193447
Glyma.03G175900.Wm82.a4.v1,0.5260154195193447
Glyma.05G037400.Wm82.a4.v1,0.526010400144558
Glyma.16G118400.Wm82.a4.v1,0.5260078904571647
Glyma.12G064400.Wm82.a4.v1,0.5260003613949846
Glyma.02G137400.Wm82.a4.v1,0.5259953420201979
Glyma.19G187100.Wm82.a4.v1,0.525980283895838
Glyma.01G139633.Wm82.a4.v1,0.5259501676471179
Glyma.05G085400.Wm82.a4.v1,0.5259401288975445
Glyma.06G131600.Wm82.a4.v1,0.5259300901479712
Glyma.18G200100.Wm82.a4.v1,0.5259150320236111
Glyma.01G236800.Wm82.a4.v1,0.5258698576505311
Glyma.01G047100.Wm82.a4.v1,0.525854799526171
Glyma.09G184900.Wm82.a4.v1,0.525854799526171
Glyma.09G083100.Wm82.a4.v1,0.5257694701547975
Glyma.11G089000.Wm82.a4.v1,0.5257694701547975
Glyma.15G153000.Wm82.a4.v1,0.5257443732808641
Glyma.20G242200.Wm82.a4.v1,0.5257393539060775
Glyma.05G164400.Wm82.a4.v1,0.5256339470355572
Glyma.03G032100.Wm82.a4.v1,0.5256239082859839
Glyma.17G163900.Wm82.a4.v1,0.5256088501616238
Glyma.13G127400.Wm82.a4.v1,0.5255988114120506
Glyma.09G009200.Wm82.a4.v1,0.5255686951633305
Glyma.17G174900.Wm82.a4.v1,0.5254683076675969
Glyma.15G207200.Wm82.a4.v1,0.5254632882928102
Glyma.01G210200.Wm82.a4.v1,0.5254532495432369
Glyma.11G008200.Wm82.a4.v1,0.5254432107936635
Glyma.08G171800.Wm82.a4.v1,0.5253629007970767
Glyma.12G097500.Wm82.a4.v1,0.5253378039231433
Glyma.07G229600.Wm82.a4.v1,0.5252976489248499
Glyma.17G094200.Wm82.a4.v1,0.5252775714257032
Glyma.10G225500.Wm82.a4.v1,0.5252675326761299
Glyma.17G249100.Wm82.a4.v1,0.5252474551769831
Glyma.06G143000.Wm82.a4.v1,0.5252474551769831
Glyma.04G063400.Wm82.a4.v1,0.5251771839299697
Glyma.02G090500.Wm82.a4.v1,0.525172164555183
Glyma.16G073600.Wm82.a4.v1,0.525157106430823
Glyma.07G191600.Wm82.a4.v1,0.5251420483064629
Glyma.19G123100.Wm82.a4.v1,0.525126990182103
Glyma.09G024500.Wm82.a4.v1,0.5250868351838095
Glyma.04G101100.Wm82.a4.v1,0.5250266026863694
Glyma.13G265900.Wm82.a4.v1,0.5250165639367961
Glyma.02G106700.Wm82.a4.v1,0.5249964864376493
Glyma.20G077200.Wm82.a4.v1,0.524986447688076
Glyma.06G100600.Wm82.a4.v1,0.5249713895637159
Glyma.04G052600.Wm82.a4.v1,0.5249563314393559
Glyma.09G115100.Wm82.a4.v1,0.5249362539402092
Glyma.04G235900.Wm82.a4.v1,0.5248960989419158
Glyma.03G120400.Wm82.a4.v1,0.5248459051940491
Glyma.09G095700.Wm82.a4.v1,0.524830847069689
Glyma.12G177200.Wm82.a4.v1,0.5248057501957556
Glyma.09G000800.Wm82.a4.v1,0.5247455176983155
Glyma.02G226300.Wm82.a4.v1,0.5247404983235289
Glyma.05G036600.Wm82.a4.v1,0.5247404983235289
Glyma.06G029500.Wm82.a4.v1,0.5247154014495954
Glyma.08G171500.Wm82.a4.v1,0.5247103820748088
Glyma.17G180300.Wm82.a4.v1,0.5246802658260887
Glyma.08G209500.Wm82.a4.v1,0.5246702270765153
Glyma.19G112200.Wm82.a4.v1,0.5246702270765153
Glyma.14G000500.Wm82.a4.v1,0.5246401108277953
Glyma.10G127400.Wm82.a4.v1,0.5246350914530086
Glyma.04G226500.Wm82.a4.v1,0.5246049752042885
Glyma.12G206200.Wm82.a4.v1,0.5245447427068485
Glyma.05G155100.Wm82.a4.v1,0.5245146264581284
Glyma.10G036900.Wm82.a4.v1,0.5245096070833417
Glyma.03G021800.Wm82.a4.v1,0.5244845102094083
Glyma.04G097400.Wm82.a4.v1,0.5244543939606883
Glyma.04G188000.Wm82.a4.v1,0.5244543939606883
Glyma.05G243700.Wm82.a4.v1,0.5244393358363282
Glyma.15G061100.Wm82.a4.v1,0.5244393358363282
Glyma.07G191900.Wm82.a4.v1,0.5244142389623948
Glyma.15G137300.Wm82.a4.v1,0.5243791033388882
Glyma.06G163900.Wm82.a4.v1,0.5243289095910213
Glyma.08G047300.Wm82.a4.v1,0.5243238902162347
Glyma.10G281500.Wm82.a4.v1,0.5242636577187946
Glyma.18G229000.Wm82.a4.v1,0.5242536189692212
Glyma.11G227300.Wm82.a4.v1,0.5241682895978477
Glyma.08G233500.Wm82.a4.v1,0.5241582508482744
Glyma.14G190200.Wm82.a4.v1,0.5241381733491276
Glyma.17G199600.Wm82.a4.v1,0.5240980183508342
Glyma.02G149900.Wm82.a4.v1,0.5240879796012609
Glyma.08G224200.Wm82.a4.v1,0.5240729214769009
Glyma.03G123500.Wm82.a4.v1,0.5240729214769009
Glyma.03G040600.Wm82.a4.v1,0.5240628827273275
Glyma.12G177100.Wm82.a4.v1,0.5240327664786074
Glyma.10G034000.Wm82.a4.v1,0.5240327664786074
Glyma.06G128900.Wm82.a4.v1,0.524022727729034
Glyma.19G047100.Wm82.a4.v1,0.5240126889794607
Glyma.10G258700.Wm82.a4.v1,0.5239323789828739
Glyma.11G147400.Wm82.a4.v1,0.5239223402333005
Glyma.07G178600.Wm82.a4.v1,0.5239223402333005
Glyma.06G198550.Wm82.a4.v1,0.5239072821089406
Glyma.04G094600.Wm82.a4.v1,0.5239022627341539
Glyma.11G047600.Wm82.a4.v1,0.5238570883610737
Glyma.02G018300.Wm82.a4.v1,0.5238420302367137
Glyma.11G157349.Wm82.a4.v1,0.5238420302367137
Glyma.16G053500.Wm82.a4.v1,0.5238169333627803
Glyma.19G178700.Wm82.a4.v1,0.523806894613207
Glyma.18G235300.Wm82.a4.v1,0.523791836488847
Glyma.13G072600.Wm82.a4.v1,0.5237767783644869
Glyma.02G025600.Wm82.a4.v1,0.5237265846166201
Glyma.03G104300.Wm82.a4.v1,0.5237265846166201
Glyma.03G133700.Wm82.a4.v1,0.5237014877426868
Glyma.02G034600.Wm82.a4.v1,0.5236563133696067
Glyma.01G096600.Wm82.a4.v1,0.5236211777461
Glyma.09G243300.Wm82.a4.v1,0.5235709839982332
Glyma.03G144800.Wm82.a4.v1,0.5235559258738731
Glyma.17G252900.Wm82.a4.v1,0.5235458871242998
Glyma.01G107500.Wm82.a4.v1,0.5235408677495131
Glyma.09G034500.Wm82.a4.v1,0.5235157708755798
Glyma.14G092600.Wm82.a4.v1,0.523480635252073
Glyma.01G139600.Wm82.a4.v1,0.523480635252073
Glyma.02G170300.Wm82.a4.v1,0.5233852671311261
Glyma.09G024600.Wm82.a4.v1,0.5233852671311261
Glyma.10G040800.Wm82.a4.v1,0.5233501315076194
Glyma.03G105400.Wm82.a4.v1,0.5233451121328327
Glyma.17G009400.Wm82.a4.v1,0.5233350733832594
Glyma.08G185100.Wm82.a4.v1,0.523309976509326
Glyma.05G193400.Wm82.a4.v1,0.523294918384966
Glyma.04G181900.Wm82.a4.v1,0.5232848796353926
Glyma.13G041800.Wm82.a4.v1,0.5232798602606059
Glyma.15G047700.Wm82.a4.v1,0.5232798602606059
Glyma.13G152678.Wm82.a4.v1,0.5232597827614592
Glyma.04G201400.Wm82.a4.v1,0.5232547633866725
Glyma.03G118800.Wm82.a4.v1,0.5231995502640191
Glyma.19G175600.Wm82.a4.v1,0.5231744533900857
Glyma.17G198300.Wm82.a4.v1,0.5231493565161524
Glyma.15G248100.Wm82.a4.v1,0.5230891240187122
Glyma.19G132400.Wm82.a4.v1,0.5230790852691388
Glyma.04G037600.Wm82.a4.v1,0.5229736783986186
Glyma.01G029600.Wm82.a4.v1,0.5229636396490454
Glyma.06G155500.Wm82.a4.v1,0.5229636396490454
Glyma.09G116200.Wm82.a4.v1,0.5229435621498986
Glyma.05G206400.Wm82.a4.v1,0.5229084265263919
Glyma.04G008700.Wm82.a4.v1,0.5228582327785251
Glyma.10G024100.Wm82.a4.v1,0.5228532134037385
Glyma.07G153700.Wm82.a4.v1,0.5227628646575783
Glyma.20G168102.Wm82.a4.v1,0.5226574577870581
Glyma.03G180200.Wm82.a4.v1,0.522642399662698
Glyma.10G272200.Wm82.a4.v1,0.5226022446644046
Glyma.01G209300.Wm82.a4.v1,0.5225821671652578
Glyma.01G239200.Wm82.a4.v1,0.5225620896661112
Glyma.08G146500.Wm82.a4.v1,0.5224968377938843
Glyma.09G116900.Wm82.a4.v1,0.5224215471720842
Glyma.02G132200.Wm82.a4.v1,0.5224165277972975
Glyma.18G009200.Wm82.a4.v1,0.5223914309233642
Glyma.14G070300.Wm82.a4.v1,0.5223613146746441
Glyma.13G050800.Wm82.a4.v1,0.5223462565502841
Glyma.13G002100.Wm82.a4.v1,0.5223462565502841
Glyma.10G262300.Wm82.a4.v1,0.5222308109301905
Glyma.07G125900.Wm82.a4.v1,0.5222257915554038
Glyma.18G143100.Wm82.a4.v1,0.5222107334310438
Glyma.17G050100.Wm82.a4.v1,0.522130423434457
Glyma.06G159800.Wm82.a4.v1,0.5221203846848836
Glyma.14G171600.Wm82.a4.v1,0.5221103459353102
Glyma.07G218900.Wm82.a4.v1,0.5220952878109503
Glyma.11G168219.Wm82.a4.v1,0.5220199971891502
Glyma.16G153700.Wm82.a4.v1,0.5220099584395768
Glyma.13G130400.Wm82.a4.v1,0.5218995321942699
Glyma.08G091000.Wm82.a4.v1,0.5218844740699099
Glyma.15G017600.Wm82.a4.v1,0.5218744353203365
Glyma.13G145100.Wm82.a4.v1,0.5218694159455498
Glyma.20G181000.Wm82.a4.v1,0.5218392996968297
Glyma.06G106700.Wm82.a4.v1,0.5218292609472565
Glyma.05G133200.Wm82.a4.v1,0.521789105948963
Glyma.05G203700.Wm82.a4.v1,0.5217790671993896
Glyma.12G072100.Wm82.a4.v1,0.5217589897002429
Glyma.18G011500.Wm82.a4.v1,0.521743931575883
Glyma.04G238600.Wm82.a4.v1,0.5217238540767362
Glyma.01G178500.Wm82.a4.v1,0.5217188347019496
Glyma.06G118200.Wm82.a4.v1,0.5217037765775895
Glyma.03G235500.Wm82.a4.v1,0.5216736603288694
Glyma.18G227100.Wm82.a4.v1,0.5216385247053626
Glyma.14G212500.Wm82.a4.v1,0.5216234665810027
Glyma.20G103200.Wm82.a4.v1,0.521618447206216
Glyma.16G058500.Wm82.a4.v1,0.521618447206216
Glyma.07G029200.Wm82.a4.v1,0.5216084084566427
Glyma.08G116500.Wm82.a4.v1,0.521603389081856
Glyma.08G176400.Wm82.a4.v1,0.5215933503322826
Glyma.05G140800.Wm82.a4.v1,0.5215883309574959
Glyma.18G212400.Wm82.a4.v1,0.5215732728331359
Glyma.13G341700.Wm82.a4.v1,0.5215381372096292
Glyma.11G018600.Wm82.a4.v1,0.5215280984600558
Glyma.17G006500.Wm82.a4.v1,0.5215230790852692
Glyma.16G024200.Wm82.a4.v1,0.5214528078382556
Glyma.08G204200.Wm82.a4.v1,0.5214377497138957
Glyma.10G120200.Wm82.a4.v1,0.5213423815929488
Glyma.08G060100.Wm82.a4.v1,0.5213022265946554
Glyma.14G186900.Wm82.a4.v1,0.521292187845082
Glyma.07G248300.Wm82.a4.v1,0.5212319553476419
Glyma.15G080133.Wm82.a4.v1,0.5212269359728552
Glyma.02G305100.Wm82.a4.v1,0.5211416066014817
Glyma.15G156400.Wm82.a4.v1,0.5211165097275483
Glyma.05G139700.Wm82.a4.v1,0.5210462384805349
Glyma.10G183200.Wm82.a4.v1,0.5210311803561748
Glyma.14G010000.Wm82.a4.v1,0.5210010641074547
Glyma.18G210400.Wm82.a4.v1,0.5209759672335214
Glyma.02G089100.Wm82.a4.v1,0.5209709478587348
Glyma.04G154000.Wm82.a4.v1,0.520950870359588
Glyma.19G229800.Wm82.a4.v1,0.5209458509848013
Glyma.15G181400.Wm82.a4.v1,0.5209408316100147
Glyma.09G214900.Wm82.a4.v1,0.520935812235228
Glyma.01G000900.Wm82.a4.v1,0.5209307928604413
Glyma.13G238400.Wm82.a4.v1,0.5209257734856546
Glyma.18G182100.Wm82.a4.v1,0.5209107153612946
Glyma.09G074200.Wm82.a4.v1,0.5208956572369345
Glyma.04G000200.Wm82.a4.v1,0.5208755797377879
Glyma.08G221200.Wm82.a4.v1,0.5207902503664144
Glyma.11G043300.Wm82.a4.v1,0.5207852309916277
Glyma.05G129000.Wm82.a4.v1,0.520750095368121
Glyma.14G193200.Wm82.a4.v1,0.5207199791194009
Glyma.09G154800.Wm82.a4.v1,0.5207199791194009
Glyma.10G226600.Wm82.a4.v1,0.5205593591262272
Glyma.10G191600.Wm82.a4.v1,0.5205493203766539
Glyma.20G101000.Wm82.a4.v1,0.5205342622522938
Glyma.10G058000.Wm82.a4.v1,0.5205242235027205
Glyma.19G145500.Wm82.a4.v1,0.5205091653783604
Glyma.05G063800.Wm82.a4.v1,0.5204238360069869
Glyma.08G250900.Wm82.a4.v1,0.520408777882627
Glyma.18G090900.Wm82.a4.v1,0.5203736422591202
Glyma.16G152500.Wm82.a4.v1,0.5203686228843335
Glyma.09G038200.Wm82.a4.v1,0.5203636035095468
Glyma.18G022500.Wm82.a4.v1,0.5203385066356134
Glyma.05G213800.Wm82.a4.v1,0.5203385066356134
Glyma.16G176100.Wm82.a4.v1,0.5203334872608268
Glyma.14G071900.Wm82.a4.v1,0.5202682353886
Glyma.02G051400.Wm82.a4.v1,0.5202431385146666
Glyma.19G127700.Wm82.a4.v1,0.5202180416407333
Glyma.08G058400.Wm82.a4.v1,0.5202029835163732
Glyma.19G096500.Wm82.a4.v1,0.5201979641415865
Glyma.07G070300.Wm82.a4.v1,0.5201728672676531
Glyma.12G006400.Wm82.a4.v1,0.520097576645853
Glyma.06G231000.Wm82.a4.v1,0.520097576645853
Glyma.06G162500.Wm82.a4.v1,0.5200222860240529
Glyma.11G154200.Wm82.a4.v1,0.5200122472744795
Glyma.20G110400.Wm82.a4.v1,0.5200072278996928
Glyma.03G148700.Wm82.a4.v1,0.5199168791535327
Glyma.07G004500.Wm82.a4.v1,0.5198215110325858
Glyma.15G218000.Wm82.a4.v1,0.5198164916577991
Glyma.20G125700.Wm82.a4.v1,0.5198064529082258
Glyma.07G047300.Wm82.a4.v1,0.5197512397855724
Glyma.16G060500.Wm82.a4.v1,0.5197010460377055
Glyma.15G177400.Wm82.a4.v1,0.5196960266629189
Glyma.14G138000.Wm82.a4.v1,0.5196408135402655
Glyma.18G217900.Wm82.a4.v1,0.5195956391671853
Glyma.09G173200.Wm82.a4.v1,0.5195906197923986
Glyma.08G143500.Wm82.a4.v1,0.5195354066697452
Glyma.04G202600.Wm82.a4.v1,0.5195203485453852
Glyma.06G149900.Wm82.a4.v1,0.5194651354227318
Glyma.09G207900.Wm82.a4.v1,0.5194601160479451
Glyma.20G219800.Wm82.a4.v1,0.5194199610496516
Glyma.16G036400.Wm82.a4.v1,0.519414941674865
Glyma.10G032400.Wm82.a4.v1,0.5193647479269982
Glyma.20G178200.Wm82.a4.v1,0.5193547091774249
Glyma.19G069800.Wm82.a4.v1,0.5192794185556248
Glyma.13G238800.Wm82.a4.v1,0.5191991085590378
Glyma.13G141800.Wm82.a4.v1,0.5191890698094646
Glyma.07G181800.Wm82.a4.v1,0.5191489148111711
Glyma.19G114100.Wm82.a4.v1,0.5190635854397976
Glyma.06G322800.Wm82.a4.v1,0.5190485273154376
Glyma.04G114300.Wm82.a4.v1,0.5189983335675709
Glyma.12G014100.Wm82.a4.v1,0.5189682173188508
Glyma.03G235400.Wm82.a4.v1,0.5187373260786636
Glyma.18G079400.Wm82.a4.v1,0.5187072098299436
Glyma.07G270300.Wm82.a4.v1,0.5186871323307969
Glyma.08G097800.Wm82.a4.v1,0.5186871323307969
Glyma.18G200300.Wm82.a4.v1,0.5186570160820768
Glyma.17G164200.Wm82.a4.v1,0.5185666673359166
Glyma.03G170600.Wm82.a4.v1,0.5185566285863433
Glyma.17G120600.Wm82.a4.v1,0.5185064348384765
Glyma.15G043400.Wm82.a4.v1,0.5184963960889032
Glyma.16G197900.Wm82.a4.v1,0.5184963960889032
Glyma.02G166500.Wm82.a4.v1,0.5184913767141165
Glyma.20G177200.Wm82.a4.v1,0.518436163591463
Glyma.14G046600.Wm82.a4.v1,0.5184160860923164
Glyma.06G122600.Wm82.a4.v1,0.518406047342743
Glyma.10G248100.Wm82.a4.v1,0.5184010279679563
Glyma.02G285800.Wm82.a4.v1,0.518390989218383
Glyma.03G228700.Wm82.a4.v1,0.5183407954705161
Glyma.11G214800.Wm82.a4.v1,0.5183056598470095
Glyma.13G311500.Wm82.a4.v1,0.5183056598470095
Glyma.05G126600.Wm82.a4.v1,0.5182805629730761
Glyma.11G065100.Wm82.a4.v1,0.518235388599996
Glyma.01G016900.Wm82.a4.v1,0.5181550786034091
Glyma.06G316000.Wm82.a4.v1,0.5181249623546891
Glyma.08G011600.Wm82.a4.v1,0.518094846105969
Glyma.13G165500.Wm82.a4.v1,0.5180747686068223
Glyma.05G153000.Wm82.a4.v1,0.518049671732889
Glyma.16G067200.Wm82.a4.v1,0.5179743811110888
Glyma.13G096100.Wm82.a4.v1,0.5179743811110888
Glyma.05G103300.Wm82.a4.v1,0.5179643423615155
Glyma.15G236400.Wm82.a4.v1,0.517924187363222
Glyma.14G040900.Wm82.a4.v1,0.5179141486136487
Glyma.19G209200.Wm82.a4.v1,0.5178187804927018
Glyma.08G032600.Wm82.a4.v1,0.517723412371755
Glyma.17G113900.Wm82.a4.v1,0.5177083542473949
Glyma.04G218800.Wm82.a4.v1,0.5176581604995282
Glyma.08G299000.Wm82.a4.v1,0.5174925211315679
Glyma.13G123300.Wm82.a4.v1,0.5174925211315679
Glyma.17G029000.Wm82.a4.v1,0.5174523661332744
Glyma.09G066500.Wm82.a4.v1,0.5174322886341277
Glyma.20G228200.Wm82.a4.v1,0.5174222498845544
Glyma.12G147400.Wm82.a4.v1,0.517397153010621
Glyma.19G071500.Wm82.a4.v1,0.5173569980123276
Glyma.13G258300.Wm82.a4.v1,0.5173319011383942
Glyma.10G057500.Wm82.a4.v1,0.5173017848896742
Glyma.20G026500.Wm82.a4.v1,0.5172917461401008
Glyma.07G207200.Wm82.a4.v1,0.5172716686409541
Glyma.19G242600.Wm82.a4.v1,0.5172515911418074
Glyma.14G180400.Wm82.a4.v1,0.5172315136426606
Glyma.12G168000.Wm82.a4.v1,0.5172164555183006
Glyma.12G050300.Wm82.a4.v1,0.5172013973939407
Glyma.16G142200.Wm82.a4.v1,0.5171813198947939
Glyma.11G241500.Wm82.a4.v1,0.5170809323990604
Glyma.14G196200.Wm82.a4.v1,0.5170658742747003
Glyma.04G050200.Wm82.a4.v1,0.5169604674041801
Glyma.19G153700.Wm82.a4.v1,0.5169504286546068
Glyma.08G238200.Wm82.a4.v1,0.5169504286546068
Glyma.17G175900.Wm82.a4.v1,0.5169353705302467
Glyma.20G095300.Wm82.a4.v1,0.51693035115546
Glyma.03G241500.Wm82.a4.v1,0.51693035115546
Glyma.08G293000.Wm82.a4.v1,0.5169052542815267
Glyma.09G144800.Wm82.a4.v1,0.51690023490674
Glyma.11G246000.Wm82.a4.v1,0.5168801574075933
Glyma.12G225300.Wm82.a4.v1,0.5168400024093
Glyma.02G027600.Wm82.a4.v1,0.5168048667857932
Glyma.15G102500.Wm82.a4.v1,0.5167948280362198
Glyma.19G154100.Wm82.a4.v1,0.5167847892866465
Glyma.20G130432.Wm82.a4.v1,0.5167647117874997
Glyma.13G195900.Wm82.a4.v1,0.516759692412713
Glyma.01G050400.Wm82.a4.v1,0.5167245567892064
Glyma.14G126700.Wm82.a4.v1,0.5166844017909129
Glyma.11G014600.Wm82.a4.v1,0.5166492661674061
Glyma.10G172500.Wm82.a4.v1,0.5166191499186862
Glyma.17G019900.Wm82.a4.v1,0.5165840142951794
Glyma.02G276900.Wm82.a4.v1,0.5165037042985926
Glyma.10G265400.Wm82.a4.v1,0.5164685686750858
Glyma.04G080400.Wm82.a4.v1,0.5163481036802056
Glyma.16G141800.Wm82.a4.v1,0.5163330455558456
Glyma.07G199900.Wm82.a4.v1,0.5163280261810589
Glyma.17G043300.Wm82.a4.v1,0.5162226193105387
Glyma.15G268500.Wm82.a4.v1,0.5161623868130986
Glyma.14G041500.Wm82.a4.v1,0.5160720380669384
Glyma.20G090100.Wm82.a4.v1,0.5160569799425784
Glyma.04G078700.Wm82.a4.v1,0.516031883068645
Glyma.07G265000.Wm82.a4.v1,0.5159766699459916
Glyma.08G242800.Wm82.a4.v1,0.5159766699459916
Glyma.08G273500.Wm82.a4.v1,0.5158712630754713
Glyma.18G077600.Wm82.a4.v1,0.5158511855763246
Glyma.19G152700.Wm82.a4.v1,0.5157608368301644
Glyma.20G173400.Wm82.a4.v1,0.5157558174553778
Glyma.20G013600.Wm82.a4.v1,0.5157457787058044
Glyma.13G240600.Wm82.a4.v1,0.5156253137109241
Glyma.04G090300.Wm82.a4.v1,0.5156102555865641
Glyma.05G160800.Wm82.a4.v1,0.5156102555865641
Glyma.20G200500.Wm82.a4.v1,0.5155801393378441
Glyma.02G278300.Wm82.a4.v1,0.5155701005882707
Glyma.14G002000.Wm82.a4.v1,0.5155550424639107
Glyma.05G075400.Wm82.a4.v1,0.5155148874656172
Glyma.12G224400.Wm82.a4.v1,0.5154697130925372
Glyma.07G150400.Wm82.a4.v1,0.5154596743429638
Glyma.02G293600.Wm82.a4.v1,0.5154546549681772
Glyma.16G016300.Wm82.a4.v1,0.5154270484068505
Glyma.16G195400.Wm82.a4.v1,0.5153542674724436
Glyma.04G028300.Wm82.a4.v1,0.5153492480976569
Glyma.08G227900.Wm82.a4.v1,0.5153090930993636
Glyma.20G242800.Wm82.a4.v1,0.5152036862288434
Glyma.07G069300.Wm82.a4.v1,0.5151986668540567
Glyma.13G356700.Wm82.a4.v1,0.5151434537314032
Glyma.16G058300.Wm82.a4.v1,0.5151334149818299
Glyma.19G037000.Wm82.a4.v1,0.5151233762322565
Glyma.10G144600.Wm82.a4.v1,0.5150982793583231
Glyma.12G042500.Wm82.a4.v1,0.5150932599835365
Glyma.11G215700.Wm82.a4.v1,0.515068163109603
Glyma.19G129200.Wm82.a4.v1,0.515053104985243
Glyma.04G147700.Wm82.a4.v1,0.5149778143634429
Glyma.05G213200.Wm82.a4.v1,0.5148272331198426
Glyma.18G073400.Wm82.a4.v1,0.5148222137450559
Glyma.15G028800.Wm82.a4.v1,0.5148071556206959
Glyma.12G000900.Wm82.a4.v1,0.5148071556206959
Glyma.14G219400.Wm82.a4.v1,0.5147318649988958
Glyma.03G195000.Wm82.a4.v1,0.514711787499749
Glyma.08G362200.Wm82.a4.v1,0.5146766518762423
Glyma.19G001700.Wm82.a4.v1,0.5146615937518823
Glyma.17G151100.Wm82.a4.v1,0.5146465356275223
Glyma.15G201200.Wm82.a4.v1,0.5145461481317887
Glyma.18G130500.Wm82.a4.v1,0.5145160318830686
Glyma.18G243300.Wm82.a4.v1,0.5145009737587086
Glyma.17G047500.Wm82.a4.v1,0.5144959543839219
Glyma.07G203600.Wm82.a4.v1,0.5144909350091352
Glyma.03G119200.Wm82.a4.v1,0.5144407412612685
Glyma.09G099400.Wm82.a4.v1,0.5144407412612685
Glyma.11G064700.Wm82.a4.v1,0.5142801212680949
Glyma.19G030900.Wm82.a4.v1,0.5142500050193748
Glyma.12G195900.Wm82.a4.v1,0.5142198887706547
Glyma.07G256900.Wm82.a4.v1,0.5141245206497079
Glyma.13G274700.Wm82.a4.v1,0.5141044431505611
Glyma.17G004800.Wm82.a4.v1,0.5140592687774811
Glyma.03G081600.Wm82.a4.v1,0.5140542494026944
Glyma.01G182700.Wm82.a4.v1,0.5140140944044009
Glyma.01G021400.Wm82.a4.v1,0.5139739394061076
Glyma.12G201500.Wm82.a4.v1,0.5139639006565342
Glyma.01G157100.Wm82.a4.v1,0.5139639006565342
Glyma.10G105400.Wm82.a4.v1,0.5138635131608007
Glyma.16G182300.Wm82.a4.v1,0.5138233581625072
Glyma.06G271500.Wm82.a4.v1,0.5138183387877207
Glyma.16G033900.Wm82.a4.v1,0.5138183387877207
Glyma.14G046900.Wm82.a4.v1,0.5138032806633606
Glyma.10G171600.Wm82.a4.v1,0.5137631256650672
Glyma.06G080100.Wm82.a4.v1,0.5137530869154938
Glyma.02G091300.Wm82.a4.v1,0.513717951291987
Glyma.13G009800.Wm82.a4.v1,0.513687835043267
Glyma.12G035900.Wm82.a4.v1,0.5136828156684803
Glyma.13G164300.Wm82.a4.v1,0.5136476800449736
Glyma.15G173100.Wm82.a4.v1,0.5136376412954002
Glyma.03G097600.Wm82.a4.v1,0.5136276025458268
Glyma.14G012700.Wm82.a4.v1,0.5136125444214669
Glyma.08G061100.Wm82.a4.v1,0.5136025056718935
Glyma.20G009600.Wm82.a4.v1,0.5135974862971069
Glyma.02G015300.Wm82.a4.v1,0.5135824281727468
Glyma.04G170100.Wm82.a4.v1,0.5135272150500934
Glyma.20G019700.Wm82.a4.v1,0.51350211817616
Glyma.14G001300.Wm82.a4.v1,0.5134970988013733
Glyma.17G087500.Wm82.a4.v1,0.5134720019274399
Glyma.15G083300.Wm82.a4.v1,0.513361575682133
Glyma.05G017500.Wm82.a4.v1,0.5133264400586263
Glyma.09G035400.Wm82.a4.v1,0.5132712269359728
Glyma.14G004900.Wm82.a4.v1,0.5132611881863995
Glyma.18G242600.Wm82.a4.v1,0.5132009556889594
Glyma.15G188900.Wm82.a4.v1,0.5131808781898127
Glyma.17G063000.Wm82.a4.v1,0.5131507619410927
Glyma.19G034600.Wm82.a4.v1,0.513145742566306
Glyma.13G217900.Wm82.a4.v1,0.5131306844419459
Glyma.13G157300.Wm82.a4.v1,0.5131106069427992
Glyma.16G003200.Wm82.a4.v1,0.5130302969462124
Glyma.10G007800.Wm82.a4.v1,0.513005200072279
Glyma.09G063400.Wm82.a4.v1,0.5129499869496256
Glyma.12G167500.Wm82.a4.v1,0.5128897544521854
Glyma.11G023500.Wm82.a4.v1,0.5128596382034654
Glyma.19G149400.Wm82.a4.v1,0.5128395607043187
Glyma.04G074400.Wm82.a4.v1,0.512834541329532
Glyma.03G001400.Wm82.a4.v1,0.5126538438372117
Glyma.02G124100.Wm82.a4.v1,0.5126438050876383
Glyma.19G004200.Wm82.a4.v1,0.5126136888389182
Glyma.17G194400.Wm82.a4.v1,0.5126086694641315
Glyma.18G268500.Wm82.a4.v1,0.5125333788423314
Glyma.08G111600.Wm82.a4.v1,0.5125183207179713
Glyma.06G059000.Wm82.a4.v1,0.512478165719678
Glyma.03G213500.Wm82.a4.v1,0.5124731463448913
Glyma.18G242900.Wm82.a4.v1,0.5124430300961712
Glyma.17G107500.Wm82.a4.v1,0.5124279719718112
Glyma.06G266800.Wm82.a4.v1,0.5123727588491578
Glyma.02G280700.Wm82.a4.v1,0.5123677394743711
Glyma.14G177100.Wm82.a4.v1,0.5123275844760776
Glyma.05G063000.Wm82.a4.v1,0.512322565101291
Glyma.06G217500.Wm82.a4.v1,0.5122021001064108
Glyma.09G267800.Wm82.a4.v1,0.5121970807316241
Glyma.17G067900.Wm82.a4.v1,0.5121920613568374
Glyma.20G055900.Wm82.a4.v1,0.512166964482904
Glyma.09G075100.Wm82.a4.v1,0.5121268094846106
Glyma.03G031700.Wm82.a4.v1,0.5120966932358906
Glyma.03G229200.Wm82.a4.v1,0.5120314413636637
Glyma.14G104100.Wm82.a4.v1,0.5120163832393038
Glyma.13G309700.Wm82.a4.v1,0.5119159957435702
Glyma.13G065000.Wm82.a4.v1,0.5119059569939969
Glyma.05G029800.Wm82.a4.v1,0.5118658019957034
Glyma.06G114300.Wm82.a4.v1,0.5118356857469833
Glyma.05G219200.Wm82.a4.v1,0.5118306663721967
Glyma.18G040500.Wm82.a4.v1,0.5118156082478367
Glyma.07G016100.Wm82.a4.v1,0.5117603951251832
Glyma.11G145900.Wm82.a4.v1,0.5117051820025298
Glyma.15G054000.Wm82.a4.v1,0.5115746782580761
Glyma.11G186600.Wm82.a4.v1,0.5114943682614893
Glyma.01G195400.Wm82.a4.v1,0.5114742907623426
Glyma.17G248900.Wm82.a4.v1,0.5113939807657558
Glyma.09G247400.Wm82.a4.v1,0.5113488063926758
Glyma.18G231900.Wm82.a4.v1,0.5113387676431024
Glyma.06G053000.Wm82.a4.v1,0.511313670769169
Glyma.05G088300.Wm82.a4.v1,0.5113086513943823
Glyma.02G146500.Wm82.a4.v1,0.5112233220230088
Glyma.08G282800.Wm82.a4.v1,0.5112183026482221
Glyma.20G009400.Wm82.a4.v1,0.511188186399502
Glyma.02G061000.Wm82.a4.v1,0.5111229345272753
Glyma.07G157400.Wm82.a4.v1,0.5111128957777019
Glyma.06G317700.Wm82.a4.v1,0.5110627020298352
Glyma.16G062300.Wm82.a4.v1,0.5110426245306885
Glyma.11G171773.Wm82.a4.v1,0.5109221595358082
Glyma.08G253600.Wm82.a4.v1,0.5109071014114482
Glyma.01G019800.Wm82.a4.v1,0.5108518882887948
Glyma.10G191500.Wm82.a4.v1,0.5108518882887948
Glyma.06G195300.Wm82.a4.v1,0.5108217720400747
Glyma.09G004400.Wm82.a4.v1,0.5107765976669946
Glyma.08G205300.Wm82.a4.v1,0.5107665589174213
Glyma.05G202800.Wm82.a4.v1,0.5107515007930612
Glyma.09G131600.Wm82.a4.v1,0.5107364426687012
Glyma.06G215700.Wm82.a4.v1,0.5107264039191278
Glyma.01G188600.Wm82.a4.v1,0.5106912682956211
Glyma.02G203000.Wm82.a4.v1,0.5106209970486076
Glyma.01G057400.Wm82.a4.v1,0.5106109582990342
Glyma.18G160200.Wm82.a4.v1,0.5106059389242475
Glyma.06G188500.Wm82.a4.v1,0.5105908807998876
Glyma.11G087800.Wm82.a4.v1,0.5105507258015941
Glyma.04G236600.Wm82.a4.v1,0.5103800670588472
Glyma.04G125500.Wm82.a4.v1,0.5103399120605537
Glyma.17G154800.Wm82.a4.v1,0.5103198345614071
Glyma.20G127800.Wm82.a4.v1,0.5102244664404602
Glyma.20G048300.Wm82.a4.v1,0.5102194470656735
Glyma.20G233200.Wm82.a4.v1,0.5102144276908869
Glyma.06G119800.Wm82.a4.v1,0.5100688658220732
Glyma.02G277200.Wm82.a4.v1,0.5100387495733532
Glyma.15G049500.Wm82.a4.v1,0.5100136526994198
Glyma.14G119800.Wm82.a4.v1,0.5099935752002731
Glyma.12G098900.Wm82.a4.v1,0.5099935752002731
Glyma.02G191100.Wm82.a4.v1,0.5099935752002731
Glyma.08G193700.Wm82.a4.v1,0.5099684783263396
Glyma.07G112400.Wm82.a4.v1,0.5099383620776197
Glyma.05G151800.Wm82.a4.v1,0.5099132652036862
Glyma.02G275400.Wm82.a4.v1,0.5098630714558194
Glyma.07G058100.Wm82.a4.v1,0.5098379745818861
Glyma.15G131800.Wm82.a4.v1,0.5098128777079527
Glyma.11G216800.Wm82.a4.v1,0.509807858333166
Glyma.20G236500.Wm82.a4.v1,0.5097827614592326
Glyma.06G192700.Wm82.a4.v1,0.5096873933382858
Glyma.13G217600.Wm82.a4.v1,0.5096723352139257
Glyma.06G235200.Wm82.a4.v1,0.509622141466059
Glyma.10G286200.Wm82.a4.v1,0.5096171220912723
Glyma.11G252700.Wm82.a4.v1,0.5095819864677655
Glyma.03G029900.Wm82.a4.v1,0.5095518702190455
Glyma.19G043700.Wm82.a4.v1,0.5094464633485253
Glyma.14G217400.Wm82.a4.v1,0.5094113277250186
Glyma.12G219500.Wm82.a4.v1,0.5094012889754452
Glyma.18G038600.Wm82.a4.v1,0.5093912502258718
Glyma.04G079800.Wm82.a4.v1,0.5093812114762986
Glyma.16G168300.Wm82.a4.v1,0.5093611339771518
Glyma.01G144800.Wm82.a4.v1,0.5093561146023652
Glyma.14G082600.Wm82.a4.v1,0.5092858433553517
Glyma.19G027900.Wm82.a4.v1,0.509265765856205
Glyma.03G006900.Wm82.a4.v1,0.5092607464814183
Glyma.05G084200.Wm82.a4.v1,0.5090298552412311
Glyma.02G112800.Wm82.a4.v1,0.5090097777420844
Glyma.13G263200.Wm82.a4.v1,0.5089144096211375
Glyma.17G153200.Wm82.a4.v1,0.5088240608749774
Glyma.08G331200.Wm82.a4.v1,0.5088039833758307
Glyma.07G047100.Wm82.a4.v1,0.5087738671271107
Glyma.02G085400.Wm82.a4.v1,0.5087638283775373
Glyma.14G111800.Wm82.a4.v1,0.5087437508783906
Glyma.18G025400.Wm82.a4.v1,0.5087136346296706
Glyma.01G080700.Wm82.a4.v1,0.5086784990061638
Glyma.08G270701.Wm82.a4.v1,0.5086684602565904
Glyma.05G081900.Wm82.a4.v1,0.5086383440078703
Glyma.11G236300.Wm82.a4.v1,0.5086383440078703
Glyma.18G089300.Wm82.a4.v1,0.5085680727608569
Glyma.03G109000.Wm82.a4.v1,0.5085329371373501
Glyma.12G082200.Wm82.a4.v1,0.5085028208886301
Glyma.06G088400.Wm82.a4.v1,0.5084877627642701
Glyma.07G260200.Wm82.a4.v1,0.5084425883911899
Glyma.05G009500.Wm82.a4.v1,0.5084225108920433
Glyma.15G155400.Wm82.a4.v1,0.5083321621458831
Glyma.15G053700.Wm82.a4.v1,0.5083321621458831
Glyma.13G341200.Wm82.a4.v1,0.5083171040215231
Glyma.13G338600.Wm82.a4.v1,0.5082769490232296
Glyma.06G169200.Wm82.a4.v1,0.508271929648443
Glyma.14G132500.Wm82.a4.v1,0.508271929648443
Glyma.12G209800.Wm82.a4.v1,0.5082066777762162
Glyma.20G175400.Wm82.a4.v1,0.5080711546569759
Glyma.10G160000.Wm82.a4.v1,0.5080711546569759
Glyma.06G308200.Wm82.a4.v1,0.5080611159074025
Glyma.18G268800.Wm82.a4.v1,0.5080410384082559
Glyma.04G025100.Wm82.a4.v1,0.5080360190334692
Glyma.11G217000.Wm82.a4.v1,0.5080059027847491
Glyma.08G065300.Wm82.a4.v1,0.5079833155982091
Glyma.13G110300.Wm82.a4.v1,0.5079607284116691
Glyma.15G147300.Wm82.a4.v1,0.5079607284116691
Glyma.13G138900.Wm82.a4.v1,0.5079557090368824
Glyma.04G247500.Wm82.a4.v1,0.5079155540385889
Glyma.18G206400.Wm82.a4.v1,0.5078753990402955
Glyma.07G011300.Wm82.a4.v1,0.5078653602907222
Glyma.13G049900.Wm82.a4.v1,0.5078352440420021
Glyma.19G025800.Wm82.a4.v1,0.5077800309193486
Glyma.17G141500.Wm82.a4.v1,0.5077750115445621
Glyma.13G118100.Wm82.a4.v1,0.5077499146706286
Glyma.19G168800.Wm82.a4.v1,0.5077298371714819
Glyma.13G136000.Wm82.a4.v1,0.5077197984219086
Glyma.12G185400.Wm82.a4.v1,0.5076696046740418
Glyma.13G047700.Wm82.a4.v1,0.5076394884253217
Glyma.19G082900.Wm82.a4.v1,0.5075089846808681
Glyma.02G268000.Wm82.a4.v1,0.5075089846808681
Glyma.08G078600.Wm82.a4.v1,0.5075039653060814
Glyma.20G208500.Wm82.a4.v1,0.5074989459312947
Glyma.13G207200.Wm82.a4.v1,0.5074587909330014
Glyma.06G169400.Wm82.a4.v1,0.5074437328086413
Glyma.16G056700.Wm82.a4.v1,0.5073684421868412
Glyma.09G191700.Wm82.a4.v1,0.5073483646876945
Glyma.01G145300.Wm82.a4.v1,0.5073433453129078
Glyma.11G015700.Wm82.a4.v1,0.5073282871885478
Glyma.18G166800.Wm82.a4.v1,0.5073182484389744
Glyma.20G006400.Wm82.a4.v1,0.5072881321902544
Glyma.08G351000.Wm82.a4.v1,0.5072831128154677
Glyma.01G073400.Wm82.a4.v1,0.5072730740658944
Glyma.19G051500.Wm82.a4.v1,0.5071626478205875
Glyma.07G127600.Wm82.a4.v1,0.5071626478205875
Glyma.10G298700.Wm82.a4.v1,0.5071475896962274
Glyma.07G262600.Wm82.a4.v1,0.507122492822294
Glyma.05G112200.Wm82.a4.v1,0.5071074346979341
Glyma.10G178200.Wm82.a4.v1,0.5071074346979341
Glyma.08G037300.Wm82.a4.v1,0.5070973959483607
Glyma.08G303800.Wm82.a4.v1,0.5069819503282671
Glyma.14G181900.Wm82.a4.v1,0.506951834079547
Glyma.02G094400.Wm82.a4.v1,0.506936775955187
Glyma.13G159900.Wm82.a4.v1,0.5068966209568936
Glyma.07G234800.Wm82.a4.v1,0.5068665047081735
Glyma.15G061600.Wm82.a4.v1,0.5067761559620134
Glyma.07G069900.Wm82.a4.v1,0.5067610978376533
Glyma.06G094900.Wm82.a4.v1,0.5067259622141466
Glyma.20G132500.Wm82.a4.v1,0.5067008653402132
Glyma.09G238200.Wm82.a4.v1,0.5066958459654265
Glyma.02G059300.Wm82.a4.v1,0.5066908265906399
Glyma.09G033400.Wm82.a4.v1,0.5066807878410665
Glyma.10G213900.Wm82.a4.v1,0.5066757684662798
Glyma.04G075400.Wm82.a4.v1,0.5066205553436264
Glyma.05G166500.Wm82.a4.v1,0.5066004778444797
Glyma.19G254700.Wm82.a4.v1,0.506580400345333
Glyma.05G219500.Wm82.a4.v1,0.506580400345333
Glyma.05G222600.Wm82.a4.v1,0.5065101290983195
Glyma.13G039000.Wm82.a4.v1,0.5064599353504528
Glyma.20G092000.Wm82.a4.v1,0.5064147609773727
Glyma.07G188200.Wm82.a4.v1,0.5064047222277993
Glyma.07G036100.Wm82.a4.v1,0.5063997028530126
Glyma.08G147700.Wm82.a4.v1,0.5063645672295058
Glyma.08G279800.Wm82.a4.v1,0.5063645672295058
Glyma.19G012000.Wm82.a4.v1,0.5063645672295058
Glyma.06G164900.Wm82.a4.v1,0.5062491216094124
Glyma.15G184900.Wm82.a4.v1,0.5062139859859056
Glyma.06G189900.Wm82.a4.v1,0.5062089666111189
Glyma.08G019500.Wm82.a4.v1,0.5061939084867589
Glyma.06G155800.Wm82.a4.v1,0.506098540365812
Glyma.08G201000.Wm82.a4.v1,0.506098540365812
Glyma.16G003900.Wm82.a4.v1,0.5060885016162386
Glyma.07G070900.Wm82.a4.v1,0.5060383078683719
Glyma.08G313200.Wm82.a4.v1,0.5060132109944385
Glyma.20G122500.Wm82.a4.v1,0.5059881141205052
Glyma.02G185500.Wm82.a4.v1,0.5059680366213585
Glyma.12G167300.Wm82.a4.v1,0.5059680366213585
Glyma.08G103800.Wm82.a4.v1,0.5059630172465718
Glyma.13G293900.Wm82.a4.v1,0.5059630172465718
Glyma.07G267700.Wm82.a4.v1,0.5059479591222117
Glyma.07G225200.Wm82.a4.v1,0.5059027847491316
Glyma.07G218700.Wm82.a4.v1,0.5058726685004116
Glyma.17G025800.Wm82.a4.v1,0.5058525910012649
Glyma.11G000700.Wm82.a4.v1,0.5058325135021182
Glyma.15G106600.Wm82.a4.v1,0.5057722810046781
Glyma.02G216100.Wm82.a4.v1,0.505757222880318
Glyma.16G144500.Wm82.a4.v1,0.5057020097576646
Glyma.15G171900.Wm82.a4.v1,0.5056467966350111
Glyma.12G239500.Wm82.a4.v1,0.5056367578854378
Glyma.19G260200.Wm82.a4.v1,0.5055815447627844
Glyma.12G007900.Wm82.a4.v1,0.505571506013211
Glyma.20G085800.Wm82.a4.v1,0.5055614672636376
Glyma.16G075400.Wm82.a4.v1,0.5055514285140643
Glyma.11G135500.Wm82.a4.v1,0.5055313510149175
Glyma.01G052400.Wm82.a4.v1,0.5055112735157709
Glyma.06G049700.Wm82.a4.v1,0.5055062541409842
Glyma.19G087200.Wm82.a4.v1,0.5054861766418375
Glyma.14G221100.Wm82.a4.v1,0.5054560603931174
Glyma.02G268600.Wm82.a4.v1,0.5054359828939707
Glyma.13G182100.Wm82.a4.v1,0.5054209247696106
Glyma.06G263000.Wm82.a4.v1,0.5053908085208907
Glyma.05G104200.Wm82.a4.v1,0.5053707310217439
Glyma.13G041500.Wm82.a4.v1,0.5053305760234506
Glyma.10G208800.Wm82.a4.v1,0.5053004597747305
Glyma.19G255600.Wm82.a4.v1,0.5052653241512237
Glyma.03G036600.Wm82.a4.v1,0.505260304776437
Glyma.19G028400.Wm82.a4.v1,0.5052552854016503
Glyma.10G284500.Wm82.a4.v1,0.505230188527717
Glyma.11G190800.Wm82.a4.v1,0.5052201497781437
Glyma.11G110700.Wm82.a4.v1,0.5052101110285703
Glyma.08G086800.Wm82.a4.v1,0.5051850141546369
Glyma.04G067800.Wm82.a4.v1,0.5051799947798502
Glyma.10G051400.Wm82.a4.v1,0.5051649366554902
Glyma.09G088500.Wm82.a4.v1,0.5051047041580501
Glyma.04G061900.Wm82.a4.v1,0.5050645491597566
Glyma.16G155000.Wm82.a4.v1,0.50504447166061
Glyma.07G118501.Wm82.a4.v1,0.5049892585379565
Glyma.06G082100.Wm82.a4.v1,0.5049792197883831
Glyma.15G263400.Wm82.a4.v1,0.5049691810388098
Glyma.04G019600.Wm82.a4.v1,0.5049691810388098
Glyma.17G081050.Wm82.a4.v1,0.5049541229144497
Glyma.04G075000.Wm82.a4.v1,0.5049290260405164
Glyma.10G145500.Wm82.a4.v1,0.5048738129178629
Glyma.16G079400.Wm82.a4.v1,0.504858754793503
Glyma.03G205500.Wm82.a4.v1,0.5048185997952095
Glyma.13G051400.Wm82.a4.v1,0.5047533479229828
Glyma.14G144100.Wm82.a4.v1,0.5047382897986227
Glyma.18G281400.Wm82.a4.v1,0.5047382897986227
Glyma.07G156700.Wm82.a4.v1,0.504733270423836
Glyma.11G029500.Wm82.a4.v1,0.5046680185516093
Glyma.19G119800.Wm82.a4.v1,0.5046629991768226
Glyma.09G009900.Wm82.a4.v1,0.5046379023028892
Glyma.01G189400.Wm82.a4.v1,0.5046278635533158
Glyma.09G019200.Wm82.a4.v1,0.5046077860541691
Glyma.07G132500.Wm82.a4.v1,0.5046027666793824
Glyma.20G238500.Wm82.a4.v1,0.5045826891802357
Glyma.09G209200.Wm82.a4.v1,0.504532495432369
Glyma.19G201800.Wm82.a4.v1,0.5045124179332222
Glyma.10G107700.Wm82.a4.v1,0.5044772823097154
Glyma.16G025800.Wm82.a4.v1,0.5044672435601422
Glyma.08G045500.Wm82.a4.v1,0.5044622241853555
Glyma.08G190800.Wm82.a4.v1,0.5044371273114221
Glyma.06G041000.Wm82.a4.v1,0.504376894813982
Glyma.01G233700.Wm82.a4.v1,0.5043668560644086
Glyma.10G240700.Wm82.a4.v1,0.5043367398156886
Glyma.08G149600.Wm82.a4.v1,0.5043367398156886
Glyma.08G048800.Wm82.a4.v1,0.5043166623165418
Glyma.03G137900.Wm82.a4.v1,0.5043016041921818
Glyma.20G210600.Wm82.a4.v1,0.5042815266930352
Glyma.04G021700.Wm82.a4.v1,0.5042413716947417
Glyma.07G054300.Wm82.a4.v1,0.504191177946875
Glyma.08G252800.Wm82.a4.v1,0.504191177946875
Glyma.20G189700.Wm82.a4.v1,0.5040556548276347
Glyma.18G253400.Wm82.a4.v1,0.5040154998293412
Glyma.13G272600.Wm82.a4.v1,0.5039201317083944
Glyma.16G035200.Wm82.a4.v1,0.5039151123336078
Glyma.05G059400.Wm82.a4.v1,0.5039151123336078
Glyma.10G167300.Wm82.a4.v1,0.503895034834461
Glyma.07G247200.Wm82.a4.v1,0.503864918585741
Glyma.05G195500.Wm82.a4.v1,0.5038498604613809
Glyma.11G054100.Wm82.a4.v1,0.5037193567169274
Glyma.12G222300.Wm82.a4.v1,0.5037042985925673
Glyma.20G217400.Wm82.a4.v1,0.5036842210934206
Glyma.11G103300.Wm82.a4.v1,0.5036792017186339
Glyma.13G323600.Wm82.a4.v1,0.5036340273455538
Glyma.05G210300.Wm82.a4.v1,0.5035888529724738
Glyma.12G043000.Wm82.a4.v1,0.5035637560985403
Glyma.08G240800.Wm82.a4.v1,0.5035486979741803
Glyma.04G154100.Wm82.a4.v1,0.5035486979741803
Glyma.06G088200.Wm82.a4.v1,0.5034533298532334
Glyma.08G173400.Wm82.a4.v1,0.5034483104784468
Glyma.08G058200.Wm82.a4.v1,0.5034382717288735
Glyma.02G091900.Wm82.a4.v1,0.50339811673058
Glyma.02G256800.Wm82.a4.v1,0.50336800048186
Glyma.02G010700.Wm82.a4.v1,0.5033579617322866
Glyma.08G068100.Wm82.a4.v1,0.5032776517356998
Glyma.20G178900.Wm82.a4.v1,0.5032425161121931
Glyma.11G080500.Wm82.a4.v1,0.5031120123677395
Glyma.14G022900.Wm82.a4.v1,0.5030166442467926
Glyma.12G031600.Wm82.a4.v1,0.5029815086232858
Glyma.18G225900.Wm82.a4.v1,0.5029714698737126
Glyma.01G199100.Wm82.a4.v1,0.5029212761258458
Glyma.05G105500.Wm82.a4.v1,0.5028961792519124
Glyma.06G135300.Wm82.a4.v1,0.5028761017527656
Glyma.01G037300.Wm82.a4.v1,0.502856024253619
Glyma.15G091500.Wm82.a4.v1,0.5028459855040456
Glyma.09G002500.Wm82.a4.v1,0.5028359467544723
Glyma.04G141800.Wm82.a4.v1,0.5028008111309655
Glyma.06G056400.Wm82.a4.v1,0.5027857530066056
Glyma.11G167300.Wm82.a4.v1,0.5027757142570322
Glyma.05G117900.Wm82.a4.v1,0.5027355592587387
Glyma.20G106900.Wm82.a4.v1,0.5027305398839521
Glyma.03G214300.Wm82.a4.v1,0.5027104623848053
Glyma.11G011400.Wm82.a4.v1,0.5026954042604453
Glyma.02G086200.Wm82.a4.v1,0.5026753267612986
Glyma.04G059700.Wm82.a4.v1,0.5026401911377919
Glyma.07G058600.Wm82.a4.v1,0.5025799586403518
Glyma.08G115200.Wm82.a4.v1,0.5025247455176983
Glyma.18G122900.Wm82.a4.v1,0.5024343967715381
Glyma.12G119900.Wm82.a4.v1,0.5023992611480314
Glyma.09G097600.Wm82.a4.v1,0.5023540867749513
Glyma.04G015300.Wm82.a4.v1,0.5023239705262312
Glyma.20G014100.Wm82.a4.v1,0.5022536992792178
Glyma.05G010900.Wm82.a4.v1,0.5021382536591242
Glyma.11G055700.Wm82.a4.v1,0.5020880599112575
Glyma.13G299600.Wm82.a4.v1,0.502047904912964
Glyma.11G221800.Wm82.a4.v1,0.5019977111650973
Glyma.11G104000.Wm82.a4.v1,0.5019726142911639
Glyma.12G095800.Wm82.a4.v1,0.5019475174172305
Glyma.11G062100.Wm82.a4.v1,0.5018822655450037
Glyma.03G119900.Wm82.a4.v1,0.5018521492962836
Glyma.08G117000.Wm82.a4.v1,0.501832071797137
Glyma.09G105000.Wm82.a4.v1,0.501832071797137
Glyma.19G131700.Wm82.a4.v1,0.5018069749232036
Glyma.02G101000.Wm82.a4.v1,0.5018069749232036
Glyma.11G103900.Wm82.a4.v1,0.5017768586744835
Glyma.17G032100.Wm82.a4.v1,0.5016563936796032
Glyma.20G222500.Wm82.a4.v1,0.50164635493003
Glyma.03G033300.Wm82.a4.v1,0.5016312968056699
Glyma.16G001100.Wm82.a4.v1,0.5016262774308832
Glyma.13G159800.Wm82.a4.v1,0.5014807155620696
Glyma.05G035300.Wm82.a4.v1,0.5014756961872829
Glyma.13G155600.Wm82.a4.v1,0.5014606380629228
Glyma.15G019300.Wm82.a4.v1,0.5014204830646295
Glyma.06G185500.Wm82.a4.v1,0.5014204830646295
Glyma.12G014200.Wm82.a4.v1,0.5013602505671894
Glyma.12G095400.Wm82.a4.v1,0.5013000180697492
Glyma.08G363800.Wm82.a4.v1,0.5012146886983757
Glyma.13G004100.Wm82.a4.v1,0.501209669323589
Glyma.01G077300.Wm82.a4.v1,0.5011745337000824
Glyma.19G088700.Wm82.a4.v1,0.5011544562009356
Glyma.09G242200.Wm82.a4.v1,0.5011193205774289
Glyma.05G243500.Wm82.a4.v1,0.5010691268295621
Glyma.18G239300.Wm82.a4.v1,0.5009938362077619
Glyma.10G229700.Wm82.a4.v1,0.5009587005842552
Glyma.19G196100.Wm82.a4.v1,0.5009235649607485
Glyma.01G242200.Wm82.a4.v1,0.5009085068363884
Glyma.06G016200.Wm82.a4.v1,0.5008984680868152
Glyma.08G131400.Wm82.a4.v1,0.5008884293372418
Glyma.02G279400.Wm82.a4.v1,0.5008432549641617
Glyma.10G261300.Wm82.a4.v1,0.5008281968398016
Glyma.14G011800.Wm82.a4.v1,0.5007428674684281
Glyma.08G112300.Wm82.a4.v1,0.5007328287188548
Glyma.13G342500.Wm82.a4.v1,0.5006725962214147
Glyma.12G016900.Wm82.a4.v1,0.5006123637239746
Glyma.03G182400.Wm82.a4.v1,0.5005671893508945
Glyma.10G264300.Wm82.a4.v1,0.5005571506013211
Glyma.17G036700.Wm82.a4.v1,0.5005119762282411
Glyma.15G005500.Wm82.a4.v1,0.5005069568534544
Glyma.15G130500.Wm82.a4.v1,0.5004316662316541
Glyma.05G090000.Wm82.a4.v1,0.5003764531090007
Glyma.15G107300.Wm82.a4.v1,0.500356375609854
Glyma.17G026900.Wm82.a4.v1,0.5002961431124139
Glyma.08G363600.Wm82.a4.v1,0.5002409299897604
Glyma.02G124400.Wm82.a4.v1,0.5002208524906138
Glyma.14G106000.Wm82.a4.v1,0.5002158331158271
Glyma.20G244100.Wm82.a4.v1,0.500185716867107
Glyma.08G345100.Wm82.a4.v1,0.5001505812436003
Glyma.12G139100.Wm82.a4.v1,0.5000803099965868
Glyma.20G195200.Wm82.a4.v1,0.50001505812436
Glyma.13G137000.Wm82.a4.v1,0.49996988375127993
Glyma.08G305100.Wm82.a4.v1,0.4999648643764933
Glyma.01G241000.Wm82.a4.v1,0.49993976750255986
Glyma.09G008500.Wm82.a4.v1,0.4999347481277732
Glyma.07G125400.Wm82.a4.v1,0.49990463187905315
Glyma.13G313600.Wm82.a4.v1,0.49988706406729977
Glyma.02G230100.Wm82.a4.v1,0.4998544381311864
Glyma.06G039600.Wm82.a4.v1,0.49984690906900636
Glyma.07G148900.Wm82.a4.v1,0.4997640893850262
Glyma.12G132500.Wm82.a4.v1,0.4997389925110928
Glyma.04G029900.Wm82.a4.v1,0.4997189150119461
Glyma.17G112400.Wm82.a4.v1,0.4996988375127994
Glyma.01G094200.Wm82.a4.v1,0.4996938181380127
Glyma.07G040300.Wm82.a4.v1,0.4996787600136527
Glyma.12G101500.Wm82.a4.v1,0.49966370188929266
Glyma.08G002500.Wm82.a4.v1,0.4996185275162126
Glyma.01G169800.Wm82.a4.v1,0.49957837251791914
Glyma.17G065700.Wm82.a4.v1,0.49950308189611903
Glyma.12G239400.Wm82.a4.v1,0.4994478687734656
Glyma.17G075600.Wm82.a4.v1,0.4994428493986789
Glyma.03G182800.Wm82.a4.v1,0.49943281064910555
Glyma.13G179500.Wm82.a4.v1,0.49939265565081215
Glyma.09G228500.Wm82.a4.v1,0.4993725781516654
Glyma.08G140500.Wm82.a4.v1,0.49919690003413175
Glyma.13G287000.Wm82.a4.v1,0.49919690003413175
Glyma.09G178500.Wm82.a4.v1,0.4991868612845584
Glyma.07G123900.Wm82.a4.v1,0.4991718031601984
Glyma.05G171900.Wm82.a4.v1,0.49916427409801833
Glyma.12G147700.Wm82.a4.v1,0.499161764410625
Glyma.06G048400.Wm82.a4.v1,0.49915674503583835
Glyma.06G089000.Wm82.a4.v1,0.4991216094123316
Glyma.20G099200.Wm82.a4.v1,0.49907141566446483
Glyma.16G037200.Wm82.a4.v1,0.4990513381653181
Glyma.17G152900.Wm82.a4.v1,0.4988656212982111
Glyma.15G007100.Wm82.a4.v1,0.4988003694259843
Glyma.20G018800.Wm82.a4.v1,0.49879535005119763
Glyma.20G165600.Wm82.a4.v1,0.49868994318067744
Glyma.10G086800.Wm82.a4.v1,0.49867990443110405
Glyma.14G221800.Wm82.a4.v1,0.49863473005802394
Glyma.18G028600.Wm82.a4.v1,0.49844399381613025
Glyma.18G297400.Wm82.a4.v1,0.4984188969421969
Glyma.01G230900.Wm82.a4.v1,0.49838376131869017
Glyma.07G072700.Wm82.a4.v1,0.49833356757082337
Glyma.09G213900.Wm82.a4.v1,0.49829341257252996
Glyma.13G261700.Wm82.a4.v1,0.4982733350733833
Glyma.17G119500.Wm82.a4.v1,0.49825325757423655
Glyma.18G091000.Wm82.a4.v1,0.49824823819944986
Glyma.18G170200.Wm82.a4.v1,0.4982331800750898
Glyma.11G027200.Wm82.a4.v1,0.49821812195072984
Glyma.17G002100.Wm82.a4.v1,0.4980775794567029
Glyma.10G295700.Wm82.a4.v1,0.4980675407071295
Glyma.02G044700.Wm82.a4.v1,0.4980374244584095
Glyma.01G132800.Wm82.a4.v1,0.49801734695926275
Glyma.20G111600.Wm82.a4.v1,0.49801232758447606
Glyma.06G059402.Wm82.a4.v1,0.4979922500853294
Glyma.16G010800.Wm82.a4.v1,0.49797217258618265
Glyma.15G097000.Wm82.a4.v1,0.4979470757122493
Glyma.14G094000.Wm82.a4.v1,0.49788684321480914
Glyma.15G251900.Wm82.a4.v1,0.497796494468649
Glyma.13G161200.Wm82.a4.v1,0.497796494468649
Glyma.07G064400.Wm82.a4.v1,0.4977262232216355
Glyma.11G104200.Wm82.a4.v1,0.4977061457224888
Glyma.04G041200.Wm82.a4.v1,0.49765595197462204
Glyma.06G283300.Wm82.a4.v1,0.4976208163511153
Glyma.14G034300.Wm82.a4.v1,0.49742506073443493
Glyma.12G088900.Wm82.a4.v1,0.49738992511092817
Glyma.04G248900.Wm82.a4.v1,0.4973698476117815
Glyma.09G147300.Wm82.a4.v1,0.4973648282369948
Glyma.06G103000.Wm82.a4.v1,0.4973648282369948
Glyma.06G158300.Wm82.a4.v1,0.49736231854960145
Glyma.19G217200.Wm82.a4.v1,0.49734977011263476
Glyma.09G274000.Wm82.a4.v1,0.49727447949083464
Glyma.17G235100.Wm82.a4.v1,0.4972493826169012
Glyma.08G085800.Wm82.a4.v1,0.49722428574296784
Glyma.07G083300.Wm82.a4.v1,0.4972142469933945
Glyma.09G265200.Wm82.a4.v1,0.497128917622021
Glyma.05G032700.Wm82.a4.v1,0.49711385949766096
Glyma.20G150700.Wm82.a4.v1,0.4970988013733009
Glyma.20G166300.Wm82.a4.v1,0.4970937819985143
Glyma.06G107200.Wm82.a4.v1,0.49706868512458086
Glyma.17G251800.Wm82.a4.v1,0.49702853012628745
Glyma.09G190100.Wm82.a4.v1,0.4970184913767141
Glyma.04G045700.Wm82.a4.v1,0.49696829762884737
Glyma.20G146000.Wm82.a4.v1,0.4969381813801273
Glyma.09G090200.Wm82.a4.v1,0.4969130845061939
Glyma.06G008300.Wm82.a4.v1,0.4968729295079005
Glyma.04G253100.Wm82.a4.v1,0.49683277450960706
Glyma.08G052900.Wm82.a4.v1,0.4968076776356737
Glyma.07G156000.Wm82.a4.v1,0.4967675226373803
Glyma.18G299600.Wm82.a4.v1,0.4967223482643002
Glyma.17G091700.Wm82.a4.v1,0.49671230951472684
Glyma.18G014800.Wm82.a4.v1,0.4966771738912201
Glyma.06G176600.Wm82.a4.v1,0.49667215451643343
Glyma.04G232700.Wm82.a4.v1,0.4966570963920734
Glyma.08G188900.Wm82.a4.v1,0.49664203826771336
Glyma.06G233300.Wm82.a4.v1,0.4965918445198466
Glyma.13G055200.Wm82.a4.v1,0.4965717670206999
Glyma.05G011400.Wm82.a4.v1,0.4965717670206999
Glyma.14G051200.Wm82.a4.v1,0.4965416507719798
Glyma.12G146600.Wm82.a4.v1,0.4965115345232598
Glyma.01G126200.Wm82.a4.v1,0.49645632140060636
Glyma.15G033400.Wm82.a4.v1,0.4964011082779529
Glyma.06G008800.Wm82.a4.v1,0.4963559339048728
Glyma.19G060200.Wm82.a4.v1,0.49628566265785934
Glyma.04G096800.Wm82.a4.v1,0.496275623908286
Glyma.08G138100.Wm82.a4.v1,0.49625052703435263
Glyma.18G034200.Wm82.a4.v1,0.49624550765956593
Glyma.06G050700.Wm82.a4.v1,0.4962304495352059
Glyma.13G046500.Wm82.a4.v1,0.49613508141425905
Glyma.09G224300.Wm82.a4.v1,0.49613508141425905
Glyma.13G111700.Wm82.a4.v1,0.49604975204288554
Glyma.04G236100.Wm82.a4.v1,0.4960296745437388
Glyma.16G004400.Wm82.a4.v1,0.49601461641937883
Glyma.08G362100.Wm82.a4.v1,0.49601461641937883
Glyma.11G087000.Wm82.a4.v1,0.49600959704459213
Glyma.12G007600.Wm82.a4.v1,0.4959694420462987
Glyma.19G226600.Wm82.a4.v1,0.49596442267151203
Glyma.13G241100.Wm82.a4.v1,0.4958790933001385
Glyma.19G116200.Wm82.a4.v1,0.49585399642620515
Glyma.03G000800.Wm82.a4.v1,0.4958439576766318
Glyma.16G006700.Wm82.a4.v1,0.4958439576766318
Glyma.05G000500.Wm82.a4.v1,0.4958389383018451
Glyma.03G237200.Wm82.a4.v1,0.4957987833035517
Glyma.05G140600.Wm82.a4.v1,0.49573855080611157
Glyma.14G166900.Wm82.a4.v1,0.49570843455739155
Glyma.03G123400.Wm82.a4.v1,0.49562310518601804
Glyma.13G367000.Wm82.a4.v1,0.4955678920633646
Glyma.12G180400.Wm82.a4.v1,0.4955578533137912
Glyma.04G178000.Wm82.a4.v1,0.4955578533137912
Glyma.18G156500.Wm82.a4.v1,0.4955277370650712
Glyma.05G044200.Wm82.a4.v1,0.49551267894071116
Glyma.06G171900.Wm82.a4.v1,0.4954424076936977
Glyma.01G000400.Wm82.a4.v1,0.4954173108197643
Glyma.09G242400.Wm82.a4.v1,0.49534202019796414
Glyma.13G151300.Wm82.a4.v1,0.49533700082317744
Glyma.03G231900.Wm82.a4.v1,0.49519645832915055
Glyma.13G268402.Wm82.a4.v1,0.49518641957957715
Glyma.13G213600.Wm82.a4.v1,0.4951763808300038
Glyma.08G203400.Wm82.a4.v1,0.49512618708213707
Glyma.08G193800.Wm82.a4.v1,0.49511112895777704
Glyma.06G132900.Wm82.a4.v1,0.495096070833417
Glyma.11G248300.Wm82.a4.v1,0.49508603208384366
Glyma.02G250800.Wm82.a4.v1,0.49508101270905697
Glyma.12G091600.Wm82.a4.v1,0.49508101270905697
Glyma.06G188600.Wm82.a4.v1,0.49506595458469693
Glyma.13G290000.Wm82.a4.v1,0.49494047021503
Glyma.19G185700.Wm82.a4.v1,0.4949304314654567
Glyma.09G198400.Wm82.a4.v1,0.49480494709578976
Glyma.13G335000.Wm82.a4.v1,0.49479992772100306
Glyma.05G044500.Wm82.a4.v1,0.4947346758487763
Glyma.02G216500.Wm82.a4.v1,0.4946945208504829
Glyma.01G029100.Wm82.a4.v1,0.49467444335133615
Glyma.13G334800.Wm82.a4.v1,0.49467444335133615
Glyma.13G154200.Wm82.a4.v1,0.4946694239765495
Glyma.19G225600.Wm82.a4.v1,0.4946644046017628
Glyma.16G204900.Wm82.a4.v1,0.49463428835304274
Glyma.17G190800.Wm82.a4.v1,0.49458911397996264
Glyma.10G198600.Wm82.a4.v1,0.49456401710602926
Glyma.13G182500.Wm82.a4.v1,0.4944535908607224
Glyma.04G155900.Wm82.a4.v1,0.49444857148593574
Glyma.03G121000.Wm82.a4.v1,0.4944335133615757
Glyma.13G269600.Wm82.a4.v1,0.4942979902423354
Glyma.20G020800.Wm82.a4.v1,0.49428293211797536
Glyma.15G000700.Wm82.a4.v1,0.4942779127431887
Glyma.13G240900.Wm82.a4.v1,0.49409721525086836
Glyma.08G256100.Wm82.a4.v1,0.494087176501295
Glyma.18G155900.Wm82.a4.v1,0.4940620796273616
Glyma.06G102700.Wm82.a4.v1,0.4940420021282149
Glyma.08G012100.Wm82.a4.v1,0.4939616921316281
Glyma.19G164300.Wm82.a4.v1,0.49394663400726807
Glyma.06G038700.Wm82.a4.v1,0.49392655650812134
Glyma.17G202500.Wm82.a4.v1,0.49390145963418797
Glyma.17G165100.Wm82.a4.v1,0.49389142088461463
Glyma.08G235600.Wm82.a4.v1,0.49386632401068126
Glyma.03G245500.Wm82.a4.v1,0.4938512658863212
Glyma.20G122200.Wm82.a4.v1,0.4938512658863212
Glyma.19G142400.Wm82.a4.v1,0.4938462465115345
Glyma.08G314800.Wm82.a4.v1,0.4938311883871745
Glyma.02G157200.Wm82.a4.v1,0.49381111088802776
Glyma.06G104200.Wm82.a4.v1,0.49378099463930775
Glyma.17G033400.Wm82.a4.v1,0.4936806071435742
Glyma.17G088100.Wm82.a4.v1,0.49365049089485413
Glyma.06G066400.Wm82.a4.v1,0.4935149677756139
Glyma.04G214500.Wm82.a4.v1,0.49349489027646715
Glyma.08G011100.Wm82.a4.v1,0.4934723030899271
Glyma.04G250500.Wm82.a4.v1,0.4933794446563736
Glyma.07G128400.Wm82.a4.v1,0.4933292509085068
Glyma.04G033600.Wm82.a4.v1,0.4933292509085068
Glyma.02G273100.Wm82.a4.v1,0.49326399903628004
Glyma.12G164100.Wm82.a4.v1,0.49325897966149335
Glyma.05G148700.Wm82.a4.v1,0.49323890216234667
Glyma.08G321000.Wm82.a4.v1,0.4932037665388399
Glyma.07G268900.Wm82.a4.v1,0.49318368903969323
Glyma.20G165700.Wm82.a4.v1,0.4931033790431064
Glyma.06G211400.Wm82.a4.v1,0.4930883209187464
Glyma.08G124200.Wm82.a4.v1,0.49306322404481295
Glyma.05G153400.Wm82.a4.v1,0.49306071435741966
Glyma.05G231700.Wm82.a4.v1,0.4930381271708796
Glyma.05G049600.Wm82.a4.v1,0.4930130302969462
Glyma.04G051900.Wm82.a4.v1,0.49300299154737287
Glyma.15G093600.Wm82.a4.v1,0.4929979721725862
Glyma.13G274800.Wm82.a4.v1,0.49294777842471943
Glyma.16G144800.Wm82.a4.v1,0.4929277009255727
Glyma.09G010100.Wm82.a4.v1,0.4929277009255727
Glyma.13G143600.Wm82.a4.v1,0.492892565302066
Glyma.07G165900.Wm82.a4.v1,0.4928574296785592
Glyma.20G177900.Wm82.a4.v1,0.49282731342983915
Glyma.10G153000.Wm82.a4.v1,0.4927721003071857
Glyma.02G126800.Wm82.a4.v1,0.4927620615576124
Glyma.17G047800.Wm82.a4.v1,0.49268175156102556
Glyma.15G219300.Wm82.a4.v1,0.49264661593751885
Glyma.20G102500.Wm82.a4.v1,0.4926215190635854
Glyma.04G066800.Wm82.a4.v1,0.4926114803140121
Glyma.04G103400.Wm82.a4.v1,0.4926064609392254
Glyma.11G133200.Wm82.a4.v1,0.4925863834400787
Glyma.05G152300.Wm82.a4.v1,0.4925763446905054
Glyma.19G220000.Wm82.a4.v1,0.49256128656614534
Glyma.20G067600.Wm82.a4.v1,0.4924960346939185
Glyma.10G104767.Wm82.a4.v1,0.4924358021964784
Glyma.07G211900.Wm82.a4.v1,0.49241070532254505
Glyma.02G223600.Wm82.a4.v1,0.4923504728251049
Glyma.19G226400.Wm82.a4.v1,0.49232537595117154
Glyma.02G151100.Wm82.a4.v1,0.4923052984520248
Glyma.18G201600.Wm82.a4.v1,0.4923052984520248
Glyma.11G058700.Wm82.a4.v1,0.4923002790772381
Glyma.02G235700.Wm82.a4.v1,0.49228522095287813
Glyma.11G111700.Wm82.a4.v1,0.4922300078302247
Glyma.14G008900.Wm82.a4.v1,0.4922199690806513
Glyma.04G183300.Wm82.a4.v1,0.4921848334571446
Glyma.02G204900.Wm82.a4.v1,0.49216977533278455
Glyma.17G106800.Wm82.a4.v1,0.4921496978336378
Glyma.09G277000.Wm82.a4.v1,0.4921396590840645
Glyma.08G295700.Wm82.a4.v1,0.49206436846226437
Glyma.15G101500.Wm82.a4.v1,0.49203927158833094
Glyma.20G143100.Wm82.a4.v1,0.49201919408918426
Glyma.05G135900.Wm82.a4.v1,0.4919940972152509
Glyma.11G225600.Wm82.a4.v1,0.49189370971951735
Glyma.15G230500.Wm82.a4.v1,0.49189370971951735
Glyma.05G143300.Wm82.a4.v1,0.4918786515951573
Glyma.17G143400.Wm82.a4.v1,0.49176822534985043
Glyma.17G237800.Wm82.a4.v1,0.4916728572289036
Glyma.17G003900.Wm82.a4.v1,0.49165277972975685
Glyma.19G224200.Wm82.a4.v1,0.4916276828558235
Glyma.19G204800.Wm82.a4.v1,0.4915975666071034
Glyma.02G039400.Wm82.a4.v1,0.49157748910795673
Glyma.03G180700.Wm82.a4.v1,0.49157748910795673
Glyma.06G173000.Wm82.a4.v1,0.4915523922340233
Glyma.06G102800.Wm82.a4.v1,0.4914921597365832
Glyma.10G050300.Wm82.a4.v1,0.4914771016122232
Glyma.14G005800.Wm82.a4.v1,0.4914469853635031
Glyma.04G048400.Wm82.a4.v1,0.4914269078643564
Glyma.02G292300.Wm82.a4.v1,0.4913917722408497
Glyma.04G236800.Wm82.a4.v1,0.49130644286947617
Glyma.04G196600.Wm82.a4.v1,0.49127130724596946
Glyma.13G314900.Wm82.a4.v1,0.49118095849980925
Glyma.15G143300.Wm82.a4.v1,0.49109562912843574
Glyma.08G075000.Wm82.a4.v1,0.4910855903788624
Glyma.20G101400.Wm82.a4.v1,0.4910404160057823
Glyma.02G127400.Wm82.a4.v1,0.49103037725620896
Glyma.19G103966.Wm82.a4.v1,0.4909701447587688
Glyma.08G139900.Wm82.a4.v1,0.49090991226132874
Glyma.04G123100.Wm82.a4.v1,0.4908948541369687
Glyma.17G228500.Wm82.a4.v1,0.49086473788824864
Glyma.17G194500.Wm82.a4.v1,0.49086473788824864
Glyma.17G249900.Wm82.a4.v1,0.49084466038910196
Glyma.09G222500.Wm82.a4.v1,0.4907442728933684
Glyma.16G112600.Wm82.a4.v1,0.4906388660228482
Glyma.02G087500.Wm82.a4.v1,0.49060874977412816
Glyma.18G156300.Wm82.a4.v1,0.49060373039934146
Glyma.07G237200.Wm82.a4.v1,0.49051338165318126
Glyma.08G365500.Wm82.a4.v1,0.4904230329070211
Glyma.10G081500.Wm82.a4.v1,0.4904230329070211
Glyma.11G062400.Wm82.a4.v1,0.49041299415744777
Glyma.02G133500.Wm82.a4.v1,0.49038789728351434
Glyma.09G015200.Wm82.a4.v1,0.490377858533941
Glyma.08G164900.Wm82.a4.v1,0.4902925291625675
Glyma.02G066000.Wm82.a4.v1,0.4902925291625675
Glyma.01G008500.Wm82.a4.v1,0.49024233541470075
Glyma.13G239300.Wm82.a4.v1,0.4902122191659807
Glyma.08G078700.Wm82.a4.v1,0.490192141666834
Glyma.10G156000.Wm82.a4.v1,0.49015700604332724
Glyma.01G208100.Wm82.a4.v1,0.4901419479189672
Glyma.16G054600.Wm82.a4.v1,0.49008673479631376
Glyma.19G178500.Wm82.a4.v1,0.4900766960467404
Glyma.17G171100.Wm82.a4.v1,0.4899562310518602
Glyma.20G060100.Wm82.a4.v1,0.4898658823057
Glyma.04G012100.Wm82.a4.v1,0.48985584355612666
Glyma.16G026700.Wm82.a4.v1,0.48985584355612666
Glyma.07G223100.Wm82.a4.v1,0.4898458048065533
Glyma.17G134300.Wm82.a4.v1,0.4898407854317666
Glyma.02G051600.Wm82.a4.v1,0.4898407854317666
Glyma.13G099300.Wm82.a4.v1,0.4898357660569799
Glyma.09G003500.Wm82.a4.v1,0.4898207079326199
Glyma.18G286300.Wm82.a4.v1,0.48980564980825986
Glyma.04G253700.Wm82.a4.v1,0.4897905916838999
Glyma.19G243300.Wm82.a4.v1,0.4897855723091132
Glyma.08G092000.Wm82.a4.v1,0.4897554560603931
Glyma.06G307800.Wm82.a4.v1,0.48966008793944626
Glyma.07G067400.Wm82.a4.v1,0.48964001044029953
Glyma.20G094200.Wm82.a4.v1,0.4896249523159395
Glyma.14G069800.Wm82.a4.v1,0.48961491356636616
Glyma.07G105400.Wm82.a4.v1,0.4895847973176461
Glyma.08G259700.Wm82.a4.v1,0.48956973919328606
Glyma.08G047000.Wm82.a4.v1,0.48952958419499265
Glyma.02G029600.Wm82.a4.v1,0.4894593129479792
Glyma.17G096100.Wm82.a4.v1,0.4894593129479792
Glyma.03G151800.Wm82.a4.v1,0.4894442548236192
Glyma.20G224000.Wm82.a4.v1,0.4893488867026723
Glyma.05G073500.Wm82.a4.v1,0.48934386732788565
Glyma.06G183500.Wm82.a4.v1,0.4892886542052322
Glyma.17G238800.Wm82.a4.v1,0.4892033248338587
Glyma.18G105600.Wm82.a4.v1,0.48919328608428536
Glyma.10G234800.Wm82.a4.v1,0.48918826670949866
Glyma.18G255000.Wm82.a4.v1,0.4891782279599253
Glyma.09G271900.Wm82.a4.v1,0.48904270484068507
Glyma.15G125100.Wm82.a4.v1,0.4889674142188849
Glyma.20G199000.Wm82.a4.v1,0.4889674142188849
Glyma.20G247700.Wm82.a4.v1,0.48893227859537813
Glyma.06G158900.Wm82.a4.v1,0.4889272592205915
Glyma.05G220200.Wm82.a4.v1,0.4888871042222981
Glyma.09G273900.Wm82.a4.v1,0.4888820848475114
Glyma.12G207000.Wm82.a4.v1,0.48887204609793805
Glyma.10G214700.Wm82.a4.v1,0.4888519685987913
Glyma.08G302400.Wm82.a4.v1,0.4888519685987913
Glyma.20G040700.Wm82.a4.v1,0.4888469492240047
Glyma.02G181300.Wm82.a4.v1,0.488841929849218
Glyma.03G238400.Wm82.a4.v1,0.48880679422571127
Glyma.11G142300.Wm82.a4.v1,0.48880679422571127
Glyma.09G234000.Wm82.a4.v1,0.4888017748509246
Glyma.01G231600.Wm82.a4.v1,0.48876161985263117
Glyma.09G072500.Wm82.a4.v1,0.48874154235348444
Glyma.05G176400.Wm82.a4.v1,0.4887315036039111
Glyma.08G335600.Wm82.a4.v1,0.48868130985604435
Glyma.09G247200.Wm82.a4.v1,0.4886612323568976
Glyma.08G333100.Wm82.a4.v1,0.4886060192342442
Glyma.13G130100.Wm82.a4.v1,0.48857088361073747
Glyma.17G107400.Wm82.a4.v1,0.4884554379906439
Glyma.18G040900.Wm82.a4.v1,0.4884554379906439
Glyma.08G137600.Wm82.a4.v1,0.4884152829923505
Glyma.18G301500.Wm82.a4.v1,0.48839520549320375
Glyma.02G275700.Wm82.a4.v1,0.4883801473688437
Glyma.08G108400.Wm82.a4.v1,0.4883801473688437
Glyma.01G062000.Wm82.a4.v1,0.48835003112012365
Glyma.17G098200.Wm82.a4.v1,0.488329953620977
Glyma.19G067100.Wm82.a4.v1,0.4883249342461903
Glyma.16G082400.Wm82.a4.v1,0.48831991487140364
Glyma.12G183700.Wm82.a4.v1,0.4882948179974702
Glyma.11G024300.Wm82.a4.v1,0.4882546629991768
Glyma.13G076300.Wm82.a4.v1,0.48823960487481677
Glyma.18G091600.Wm82.a4.v1,0.4881542755034433
Glyma.12G051500.Wm82.a4.v1,0.4881291786295099
Glyma.03G243100.Wm82.a4.v1,0.48811412050514985
Glyma.06G324900.Wm82.a4.v1,0.4881040817555765
Glyma.16G018100.Wm82.a4.v1,0.48808400425642984
Glyma.07G177000.Wm82.a4.v1,0.48804886863292307
Glyma.01G011200.Wm82.a4.v1,0.4880287911337764
Glyma.13G127800.Wm82.a4.v1,0.4880237717589897
Glyma.08G006500.Wm82.a4.v1,0.4879535005119762
Glyma.09G162300.Wm82.a4.v1,0.4879183648884695
Glyma.05G183600.Wm82.a4.v1,0.4878681711406027
Glyma.13G192200.Wm82.a4.v1,0.48779789989358924
Glyma.01G030800.Wm82.a4.v1,0.4877928805188026
Glyma.16G100500.Wm82.a4.v1,0.48773766739614915
Glyma.04G133100.Wm82.a4.v1,0.48773766739614915
Glyma.13G126600.Wm82.a4.v1,0.4876372799004156
Glyma.09G244900.Wm82.a4.v1,0.4875971249021222
Glyma.09G039300.Wm82.a4.v1,0.4875921055273355
Glyma.08G199900.Wm82.a4.v1,0.48757704740297547
Glyma.06G163300.Wm82.a4.v1,0.48756198927861544
Glyma.16G176000.Wm82.a4.v1,0.4875569699038288
Glyma.06G306500.Wm82.a4.v1,0.48749673740638866
Glyma.10G198300.Wm82.a4.v1,0.48749171803160196
Glyma.18G284500.Wm82.a4.v1,0.4874816792820286
Glyma.13G124700.Wm82.a4.v1,0.4873963499106551
Glyma.15G242900.Wm82.a4.v1,0.48737125303672174
Glyma.04G215500.Wm82.a4.v1,0.487165458670468
Glyma.10G137700.Wm82.a4.v1,0.4871604392956813
Glyma.02G046900.Wm82.a4.v1,0.487150400546108
Glyma.06G225000.Wm82.a4.v1,0.4870751099243078
Glyma.11G118300.Wm82.a4.v1,0.48706507117473447
Glyma.08G015100.Wm82.a4.v1,0.48694962555464094
Glyma.08G145200.Wm82.a4.v1,0.4868843736824141
Glyma.12G122200.Wm82.a4.v1,0.486839199309334
Glyma.13G192100.Wm82.a4.v1,0.4867990443110406
Glyma.08G147400.Wm82.a4.v1,0.4866409340052603
Glyma.10G145200.Wm82.a4.v1,0.48663842431786697
Glyma.08G126200.Wm82.a4.v1,0.48662336619350693
Glyma.07G037600.Wm82.a4.v1,0.48661834681872024
Glyma.02G115400.Wm82.a4.v1,0.48661834681872024
Glyma.17G068400.Wm82.a4.v1,0.48659826931957356
Glyma.06G103100.Wm82.a4.v1,0.4865731724456402
Glyma.04G205700.Wm82.a4.v1,0.48643262995161324
Glyma.17G166000.Wm82.a4.v1,0.48642761057682654
Glyma.04G205600.Wm82.a4.v1,0.48638745557853313
Glyma.02G186300.Wm82.a4.v1,0.48636235870459976
Glyma.01G227300.Wm82.a4.v1,0.486327223081093
Glyma.03G139700.Wm82.a4.v1,0.486297106832373
Glyma.10G182600.Wm82.a4.v1,0.4862920874575863
Glyma.01G223400.Wm82.a4.v1,0.4862569518340795
Glyma.15G059500.Wm82.a4.v1,0.48619671933663944
Glyma.14G156500.Wm82.a4.v1,0.48619169996185274
Glyma.20G171300.Wm82.a4.v1,0.48617162246270607
Glyma.03G200300.Wm82.a4.v1,0.48615154496355933
Glyma.18G159500.Wm82.a4.v1,0.48612644808962596
Glyma.11G006900.Wm82.a4.v1,0.48612644808962596
Glyma.01G196000.Wm82.a4.v1,0.4860963318409059
Glyma.13G208600.Wm82.a4.v1,0.4860963318409059
Glyma.10G214100.Wm82.a4.v1,0.4860913124661192
Glyma.18G134200.Wm82.a4.v1,0.48608127371654586
Glyma.12G061400.Wm82.a4.v1,0.48604613809303915
Glyma.07G265800.Wm82.a4.v1,0.4860260605938924
Glyma.11G058800.Wm82.a4.v1,0.48595578934687894
Glyma.05G090600.Wm82.a4.v1,0.48591563434858553
Glyma.19G135600.Wm82.a4.v1,0.4859055955990122
Glyma.01G067900.Wm82.a4.v1,0.48588551809986547
Glyma.14G096000.Wm82.a4.v1,0.48580520810327865
Glyma.10G151500.Wm82.a4.v1,0.48576003373019855
Glyma.04G069700.Wm82.a4.v1,0.4857499949806252
Glyma.09G285300.Wm82.a4.v1,0.4856897624831851
Glyma.11G137800.Wm82.a4.v1,0.4856897624831851
Glyma.10G040900.Wm82.a4.v1,0.4856897624831851
Glyma.17G064000.Wm82.a4.v1,0.485644588110105
Glyma.19G248000.Wm82.a4.v1,0.48552412311522475
Glyma.12G166100.Wm82.a4.v1,0.485473929367358
Glyma.01G041500.Wm82.a4.v1,0.48542373561949126
Glyma.14G213000.Wm82.a4.v1,0.4854036581203445
Glyma.06G052600.Wm82.a4.v1,0.48539863874555783
Glyma.04G065200.Wm82.a4.v1,0.48537354187162446
Glyma.18G061300.Wm82.a4.v1,0.4853484449976911
Glyma.10G029500.Wm82.a4.v1,0.4853133093741844
Glyma.18G139400.Wm82.a4.v1,0.4853133093741844
Glyma.04G123300.Wm82.a4.v1,0.4853133093741844
Glyma.20G114700.Wm82.a4.v1,0.48529825124982434
Glyma.18G165000.Wm82.a4.v1,0.4851978637540908
Glyma.09G000700.Wm82.a4.v1,0.48517778625494407
Glyma.05G167900.Wm82.a4.v1,0.48513763125665066
Glyma.17G030600.Wm82.a4.v1,0.485117553757504
Glyma.18G237300.Wm82.a4.v1,0.4850723793844239
Glyma.05G172000.Wm82.a4.v1,0.4850673600096372
Glyma.12G040600.Wm82.a4.v1,0.48499206938783707
Glyma.17G052300.Wm82.a4.v1,0.48495191438954366
Glyma.19G133500.Wm82.a4.v1,0.4849167787660369
Glyma.06G301300.Wm82.a4.v1,0.48490674001646356
Glyma.02G202300.Wm82.a4.v1,0.4848013331459433
Glyma.02G282600.Wm82.a4.v1,0.4847260425241432
Glyma.06G194800.Wm82.a4.v1,0.4847210231493565
Glyma.13G281700.Wm82.a4.v1,0.4846808681510631
Glyma.12G028900.Wm82.a4.v1,0.4846808681510631
Glyma.10G113700.Wm82.a4.v1,0.484635693777983
Glyma.03G245200.Wm82.a4.v1,0.48462565502840965
Glyma.05G110200.Wm82.a4.v1,0.4845754612805429
Glyma.15G248200.Wm82.a4.v1,0.48455036440660954
Glyma.10G011700.Wm82.a4.v1,0.4845252675326761
Glyma.05G146100.Wm82.a4.v1,0.48451522878310277
Glyma.06G196400.Wm82.a4.v1,0.48444244784869595
Glyma.06G219200.Wm82.a4.v1,0.4844248800369426
Glyma.06G053100.Wm82.a4.v1,0.48435460878992914
Glyma.20G082000.Wm82.a4.v1,0.48434457004035575
Glyma.07G212500.Wm82.a4.v1,0.4843345312907824
Glyma.03G085900.Wm82.a4.v1,0.48432951191599577
Glyma.15G160400.Wm82.a4.v1,0.4842542212941956
Glyma.07G182100.Wm82.a4.v1,0.4841889694219688
Glyma.16G115700.Wm82.a4.v1,0.4841739112976088
Glyma.08G264900.Wm82.a4.v1,0.48415885317324875
Glyma.17G228100.Wm82.a4.v1,0.4841036400505953
Glyma.08G240300.Wm82.a4.v1,0.48403838817836853
Glyma.03G195400.Wm82.a4.v1,0.48400325255486176
Glyma.20G237300.Wm82.a4.v1,0.48399823318007507
Glyma.07G037800.Wm82.a4.v1,0.48396309755656836
Glyma.09G156800.Wm82.a4.v1,0.4839129038087016
Glyma.02G273200.Wm82.a4.v1,0.48385769068604817
Glyma.03G018500.Wm82.a4.v1,0.48385769068604817
Glyma.10G290000.Wm82.a4.v1,0.48384263256168814
Glyma.04G185600.Wm82.a4.v1,0.4838225550625414
Glyma.05G135400.Wm82.a4.v1,0.48381251631296807
Glyma.06G161400.Wm82.a4.v1,0.4837573031903146
Glyma.08G025500.Wm82.a4.v1,0.48368201256851445
Glyma.20G005400.Wm82.a4.v1,0.4836669544441544
Glyma.05G232600.Wm82.a4.v1,0.48364185757022105
Glyma.13G048200.Wm82.a4.v1,0.48356656694842093
Glyma.05G047900.Wm82.a4.v1,0.4835464894492742
Glyma.02G096800.Wm82.a4.v1,0.4835414700744875
Glyma.09G044600.Wm82.a4.v1,0.4834661794526874
Glyma.17G231700.Wm82.a4.v1,0.48345112132832735
Glyma.18G102900.Wm82.a4.v1,0.4834310438291806
Glyma.11G126500.Wm82.a4.v1,0.4833758307065272
Glyma.06G067300.Wm82.a4.v1,0.48336077258216714
Glyma.16G196700.Wm82.a4.v1,0.4833557532073805
Glyma.03G192100.Wm82.a4.v1,0.48330054008472706
Glyma.03G028800.Wm82.a4.v1,0.48321521071335355
Glyma.13G144300.Wm82.a4.v1,0.4831549782159134
Glyma.05G156400.Wm82.a4.v1,0.48314995884112677
Glyma.07G116700.Wm82.a4.v1,0.48309474571847333
Glyma.09G199700.Wm82.a4.v1,0.4830796875941133
Glyma.09G208300.Wm82.a4.v1,0.4830545907201799
Glyma.13G162500.Wm82.a4.v1,0.4830495713453932
Glyma.13G140300.Wm82.a4.v1,0.48301945509667316
Glyma.08G296500.Wm82.a4.v1,0.48301443572188646
Glyma.10G057100.Wm82.a4.v1,0.4830043969723131
Glyma.20G141700.Wm82.a4.v1,0.482944164474873
Glyma.20G179600.Wm82.a4.v1,0.48286887385307287
Glyma.17G161800.Wm82.a4.v1,0.4828437769791395
Glyma.10G102000.Wm82.a4.v1,0.482758447607766
Glyma.09G209600.Wm82.a4.v1,0.48274338948340595
Glyma.01G100100.Wm82.a4.v1,0.48274338948340595
Glyma.05G243000.Wm82.a4.v1,0.4826931957355392
Glyma.12G087300.Wm82.a4.v1,0.48262794386331237
Glyma.05G016900.Wm82.a4.v1,0.4825978276145923
Glyma.05G073300.Wm82.a4.v1,0.48250245949364545
Glyma.15G118600.Wm82.a4.v1,0.4824874013692854
Glyma.19G096700.Wm82.a4.v1,0.48246230449535205
Glyma.07G071400.Wm82.a4.v1,0.482432188246632
Glyma.16G139700.Wm82.a4.v1,0.48242214949705864
Glyma.13G149900.Wm82.a4.v1,0.48239203324833857
Glyma.13G219600.Wm82.a4.v1,0.48235689762483186
Glyma.12G013000.Wm82.a4.v1,0.48227658762824505
Glyma.02G065400.Wm82.a4.v1,0.482261529503885
Glyma.03G184800.Wm82.a4.v1,0.4821762001325115
Glyma.01G241600.Wm82.a4.v1,0.4821711807577248
Glyma.04G012200.Wm82.a4.v1,0.48208083201156465
Glyma.20G171600.Wm82.a4.v1,0.48207079326199126
Glyma.06G308000.Wm82.a4.v1,0.4820657738872046
Glyma.04G026200.Wm82.a4.v1,0.48204067701327125
Glyma.20G207200.Wm82.a4.v1,0.48199048326540445
Glyma.20G092400.Wm82.a4.v1,0.48197040576625777
Glyma.18G096200.Wm82.a4.v1,0.4819402895175377
Glyma.09G195000.Wm82.a4.v1,0.481935270142751
Glyma.16G005100.Wm82.a4.v1,0.48192523139317767
Glyma.14G216100.Wm82.a4.v1,0.48192021201839097
Glyma.05G192900.Wm82.a4.v1,0.48191017326881763
Glyma.07G030900.Wm82.a4.v1,0.4819001345192443
Glyma.U031224.Wm82.a4.v1,0.4818951151444576
Glyma.07G196900.Wm82.a4.v1,0.4818599795209509
Glyma.04G029400.Wm82.a4.v1,0.48184492139659085
Glyma.04G113700.Wm82.a4.v1,0.48181731483526413
Glyma.14G076700.Wm82.a4.v1,0.4818097857730841
Glyma.08G113000.Wm82.a4.v1,0.481779669524364
Glyma.14G066200.Wm82.a4.v1,0.4817746501495774
Glyma.19G213700.Wm82.a4.v1,0.48176461140000404
Glyma.10G111800.Wm82.a4.v1,0.4816817917160239
Glyma.06G074300.Wm82.a4.v1,0.48167928202863053
Glyma.12G076700.Wm82.a4.v1,0.48164414640512376
Glyma.08G347400.Wm82.a4.v1,0.48155881703375025
Glyma.02G276800.Wm82.a4.v1,0.4815387395346036
Glyma.06G164300.Wm82.a4.v1,0.48151866203545685
Glyma.08G025600.Wm82.a4.v1,0.4815136426606702
Glyma.04G196700.Wm82.a4.v1,0.4814734876623768
Glyma.13G113300.Wm82.a4.v1,0.4814634489128034
Glyma.01G108000.Wm82.a4.v1,0.48144839078844337
Glyma.17G249300.Wm82.a4.v1,0.48144337141365673
Glyma.11G060300.Wm82.a4.v1,0.48141325516493666
Glyma.18G234600.Wm82.a4.v1,0.4813480032927099
Glyma.07G014300.Wm82.a4.v1,0.4813480032927099
Glyma.17G201000.Wm82.a4.v1,0.4813178870439898
Glyma.16G087200.Wm82.a4.v1,0.48124761579697634
Glyma.06G180500.Wm82.a4.v1,0.48121749954825627
Glyma.01G176900.Wm82.a4.v1,0.48121248017346957
Glyma.16G051200.Wm82.a4.v1,0.4811924026743229
Glyma.12G160700.Wm82.a4.v1,0.48117734454996286
Glyma.05G185900.Wm82.a4.v1,0.48117734454996286
Glyma.09G104600.Wm82.a4.v1,0.4811673058003895
Glyma.07G049400.Wm82.a4.v1,0.4811221314273094
Glyma.20G019000.Wm82.a4.v1,0.481066918304656
Glyma.04G126600.Wm82.a4.v1,0.4809615114341358
Glyma.07G018900.Wm82.a4.v1,0.48093641456020236
Glyma.18G287400.Wm82.a4.v1,0.4809313951854157
Glyma.08G085500.Wm82.a4.v1,0.4808862208123356
Glyma.10G263800.Wm82.a4.v1,0.4808711626879756
Glyma.16G069000.Wm82.a4.v1,0.48084857550143556
Glyma.18G158900.Wm82.a4.v1,0.48079085269138877
Glyma.17G016700.Wm82.a4.v1,0.48061517457385505
Glyma.19G091500.Wm82.a4.v1,0.4805298452024816
Glyma.11G004900.Wm82.a4.v1,0.4803642058345213
Glyma.15G154700.Wm82.a4.v1,0.4802236633404943
Glyma.12G186952.Wm82.a4.v1,0.4802186439657076
Glyma.09G010600.Wm82.a4.v1,0.4802186439657076
Glyma.05G205467.Wm82.a4.v1,0.48019856646656095
Glyma.18G117700.Wm82.a4.v1,0.48006304334732064
Glyma.07G091500.Wm82.a4.v1,0.4800530045977473
Glyma.11G072200.Wm82.a4.v1,0.4800530045977473
Glyma.06G001200.Wm82.a4.v1,0.4800329270986006
Glyma.19G106900.Wm82.a4.v1,0.47999277210030716
Glyma.07G088700.Wm82.a4.v1,0.47996265585158715
Glyma.11G098800.Wm82.a4.v1,0.4799475977272271
Glyma.19G107300.Wm82.a4.v1,0.47991748147850705
Glyma.03G228600.Wm82.a4.v1,0.479902423354147
Glyma.03G018800.Wm82.a4.v1,0.47985222960628027
Glyma.06G221900.Wm82.a4.v1,0.4798120746079868
Glyma.19G099000.Wm82.a4.v1,0.47980203585841347
Glyma.07G045900.Wm82.a4.v1,0.47979199710884013
Glyma.13G090900.Wm82.a4.v1,0.4797769389844801
Glyma.07G193700.Wm82.a4.v1,0.4796213383660931
Glyma.02G291000.Wm82.a4.v1,0.479576163993013
Glyma.01G103500.Wm82.a4.v1,0.479576163993013
Glyma.10G005500.Wm82.a4.v1,0.47957114461822636
Glyma.08G157500.Wm82.a4.v1,0.47952095087035956
Glyma.01G212700.Wm82.a4.v1,0.47949083462163955
Glyma.18G060000.Wm82.a4.v1,0.4794707571224928
Glyma.07G006400.Wm82.a4.v1,0.47944566024855945
Glyma.01G240500.Wm82.a4.v1,0.47944064087377275
Glyma.09G164600.Wm82.a4.v1,0.479390447125906
Glyma.17G262100.Wm82.a4.v1,0.47935531150239924
Glyma.20G211600.Wm82.a4.v1,0.4793000983797458
Glyma.15G117200.Wm82.a4.v1,0.4792699821310258
Glyma.13G045500.Wm82.a4.v1,0.4791545365109322
Glyma.03G126400.Wm82.a4.v1,0.4791344590117855
Glyma.05G062400.Wm82.a4.v1,0.47912943963699883
Glyma.19G136900.Wm82.a4.v1,0.479064187764772
Glyma.16G139600.Wm82.a4.v1,0.47893368402031844
Glyma.20G152000.Wm82.a4.v1,0.4788985483968117
Glyma.01G136000.Wm82.a4.v1,0.47888349027245164
Glyma.08G354400.Wm82.a4.v1,0.4788734515228783
Glyma.06G255200.Wm82.a4.v1,0.47884835464894493
Glyma.13G148000.Wm82.a4.v1,0.47884333527415823
Glyma.07G230600.Wm82.a4.v1,0.47877808340193145
Glyma.16G175400.Wm82.a4.v1,0.4787630252775714
Glyma.19G151500.Wm82.a4.v1,0.47873792840363805
Glyma.16G163700.Wm82.a4.v1,0.4787128315297047
Glyma.04G023067.Wm82.a4.v1,0.478707812154918
Glyma.15G212400.Wm82.a4.v1,0.4787027927801313
Glyma.08G004900.Wm82.a4.v1,0.47866765715662457
Glyma.13G251000.Wm82.a4.v1,0.47850703716345094
Glyma.13G111900.Wm82.a4.v1,0.4784819402895175
Glyma.13G312400.Wm82.a4.v1,0.47845684341558414
Glyma.07G074800.Wm82.a4.v1,0.47838657216857067
Glyma.14G114000.Wm82.a4.v1,0.4783614752946373
Glyma.15G099700.Wm82.a4.v1,0.4783263396711306
Glyma.16G199400.Wm82.a4.v1,0.4782962234224105
Glyma.14G145000.Wm82.a4.v1,0.4782811652980505
Glyma.02G172800.Wm82.a4.v1,0.4780904290561568
Glyma.10G161600.Wm82.a4.v1,0.47787961531511636
Glyma.07G010600.Wm82.a4.v1,0.47783946031682295
Glyma.01G228900.Wm82.a4.v1,0.47779428594374285
Glyma.02G122900.Wm82.a4.v1,0.4777792278193828
Glyma.11G213900.Wm82.a4.v1,0.47771397594715603
Glyma.10G288000.Wm82.a4.v1,0.4776587628245026
Glyma.11G172191.Wm82.a4.v1,0.47764370470014256
Glyma.16G221200.Wm82.a4.v1,0.4776236272009958
Glyma.08G016600.Wm82.a4.v1,0.4776085690766358
Glyma.15G060900.Wm82.a4.v1,0.47759853032706245
Glyma.20G084100.Wm82.a4.v1,0.4775784528279158
Glyma.16G199100.Wm82.a4.v1,0.4775734334531291
Glyma.20G192500.Wm82.a4.v1,0.4775684140783424
Glyma.19G040900.Wm82.a4.v1,0.477528259080049
Glyma.12G051200.Wm82.a4.v1,0.4774830847069689
Glyma.03G120200.Wm82.a4.v1,0.4773325034633686
Glyma.07G042800.Wm82.a4.v1,0.4773074065894352
Glyma.10G217600.Wm82.a4.v1,0.4772672515911418
Glyma.11G172500.Wm82.a4.v1,0.47725721284156847
Glyma.15G034600.Wm82.a4.v1,0.477201999718915
Glyma.02G153000.Wm82.a4.v1,0.4771166703475415
Glyma.05G177800.Wm82.a4.v1,0.47708655409882145
Glyma.12G203700.Wm82.a4.v1,0.47705141847531474
Glyma.08G234700.Wm82.a4.v1,0.47702130222659467
Glyma.15G167800.Wm82.a4.v1,0.4769962053526613
Glyma.06G094100.Wm82.a4.v1,0.4769861666030879
Glyma.15G029200.Wm82.a4.v1,0.4769058566065011
Glyma.05G213300.Wm82.a4.v1,0.4769008372317144
Glyma.20G066700.Wm82.a4.v1,0.47689581785692775
Glyma.02G290300.Wm82.a4.v1,0.4768807597325677
Glyma.20G234300.Wm82.a4.v1,0.476875740357781
Glyma.20G198300.Wm82.a4.v1,0.47685566285863434
Glyma.05G100400.Wm82.a4.v1,0.4768406047342743
Glyma.09G140700.Wm82.a4.v1,0.47678539161162087
Glyma.10G069500.Wm82.a4.v1,0.47678037223683417
Glyma.15G092400.Wm82.a4.v1,0.47676531411247414
Glyma.16G040100.Wm82.a4.v1,0.47676531411247414
Glyma.19G116300.Wm82.a4.v1,0.4765896359949405
Glyma.09G166500.Wm82.a4.v1,0.47657959724536714
Glyma.13G266300.Wm82.a4.v1,0.4765595197462204
Glyma.20G010800.Wm82.a4.v1,0.4764390547513402
Glyma.12G235500.Wm82.a4.v1,0.4764390547513402
Glyma.16G141100.Wm82.a4.v1,0.4764039191278334
Glyma.10G280800.Wm82.a4.v1,0.47638384162868674
Glyma.13G180400.Wm82.a4.v1,0.4763236091312466
Glyma.17G178800.Wm82.a4.v1,0.47626337663380647
Glyma.17G089400.Wm82.a4.v1,0.47626337663380647
Glyma.03G223100.Wm82.a4.v1,0.476178047262433
Glyma.19G073200.Wm82.a4.v1,0.4761529503884996
Glyma.19G145600.Wm82.a4.v1,0.47614291163892625
Glyma.08G131600.Wm82.a4.v1,0.4761278535145662
Glyma.03G016500.Wm82.a4.v1,0.47612283413977957
Glyma.18G221100.Wm82.a4.v1,0.4760927178910595
Glyma.10G000800.Wm82.a4.v1,0.4760550725801594
Glyma.09G223700.Wm82.a4.v1,0.4760023691448993
Glyma.16G140200.Wm82.a4.v1,0.4759722528961792
Glyma.02G085200.Wm82.a4.v1,0.4759672335213926
Glyma.17G031700.Wm82.a4.v1,0.475851787901299
Glyma.15G094500.Wm82.a4.v1,0.4757714779047122
Glyma.20G247500.Wm82.a4.v1,0.4756610516594053
Glyma.02G295900.Wm82.a4.v1,0.47559579978717853
Glyma.15G274800.Wm82.a4.v1,0.4755506254140984
Glyma.04G246100.Wm82.a4.v1,0.47530969542433793
Glyma.10G294300.Wm82.a4.v1,0.4753046760495513
Glyma.06G316400.Wm82.a4.v1,0.4752595016764712
Glyma.17G166200.Wm82.a4.v1,0.47523942417732445
Glyma.14G075200.Wm82.a4.v1,0.4752243660529644
Glyma.19G207200.Wm82.a4.v1,0.4752243660529644
Glyma.18G244700.Wm82.a4.v1,0.4752093079286044
Glyma.14G080200.Wm82.a4.v1,0.4751741723050977
Glyma.08G100600.Wm82.a4.v1,0.4751741723050977
Glyma.08G004700.Wm82.a4.v1,0.47515911418073764
Glyma.06G020700.Wm82.a4.v1,0.4751490754311643
Glyma.18G006600.Wm82.a4.v1,0.47512397855723093
Glyma.04G116500.Wm82.a4.v1,0.47511393980765754
Glyma.06G116700.Wm82.a4.v1,0.4750286104362841
Glyma.09G052700.Wm82.a4.v1,0.474998494187564
Glyma.01G166700.Wm82.a4.v1,0.4749934748127773
Glyma.15G067500.Wm82.a4.v1,0.47497339731363064
Glyma.12G238500.Wm82.a4.v1,0.47483787419439033
Glyma.11G255200.Wm82.a4.v1,0.4747425060734435
Glyma.19G127000.Wm82.a4.v1,0.4747023510751501
Glyma.03G146300.Wm82.a4.v1,0.47469231232557674
Glyma.10G233200.Wm82.a4.v1,0.4746822735760034
Glyma.07G144800.Wm82.a4.v1,0.47464211857770994
Glyma.08G224300.Wm82.a4.v1,0.47464211857770994
Glyma.07G069150.Wm82.a4.v1,0.47462204107856326
Glyma.20G020300.Wm82.a4.v1,0.4745618085811231
Glyma.08G046600.Wm82.a4.v1,0.47453671170718975
Glyma.16G147500.Wm82.a4.v1,0.47453169233240305
Glyma.19G152000.Wm82.a4.v1,0.4744814985845363
Glyma.06G061300.Wm82.a4.v1,0.4744011885879495
Glyma.08G228000.Wm82.a4.v1,0.47439114983837616
Glyma.14G061900.Wm82.a4.v1,0.47439114983837616
Glyma.07G187300.Wm82.a4.v1,0.47438613046358946
Glyma.09G034400.Wm82.a4.v1,0.4743710723392294
Glyma.19G157300.Wm82.a4.v1,0.47430582046700265
Glyma.19G257200.Wm82.a4.v1,0.47429578171742925
Glyma.14G026000.Wm82.a4.v1,0.47413014234946893
Glyma.06G050800.Wm82.a4.v1,0.4740849679763889
Glyma.02G186100.Wm82.a4.v1,0.47406990985202885
Glyma.02G167800.Wm82.a4.v1,0.47395948360672197
Glyma.17G139100.Wm82.a4.v1,0.47395948360672197
Glyma.13G085400.Wm82.a4.v1,0.47393438673278854
Glyma.05G025200.Wm82.a4.v1,0.47390928985885517
Glyma.08G086000.Wm82.a4.v1,0.47382396048748165
Glyma.18G045800.Wm82.a4.v1,0.47369847611781474
Glyma.19G257700.Wm82.a4.v1,0.4736282048708013
Glyma.04G060600.Wm82.a4.v1,0.4736081273716546
Glyma.10G275100.Wm82.a4.v1,0.4735830304977212
Glyma.20G072400.Wm82.a4.v1,0.4735378561246411
Glyma.02G011100.Wm82.a4.v1,0.4734977011263477
Glyma.11G093700.Wm82.a4.v1,0.47336217800710745
Glyma.20G017500.Wm82.a4.v1,0.473306964884454
Glyma.10G009300.Wm82.a4.v1,0.47317144176521375
Glyma.02G226200.Wm82.a4.v1,0.4731413255164937
Glyma.05G148100.Wm82.a4.v1,0.4731061898929869
Glyma.18G074200.Wm82.a4.v1,0.47307607364426685
Glyma.11G143000.Wm82.a4.v1,0.47303591864597344
Glyma.01G125600.Wm82.a4.v1,0.47301584114682677
Glyma.15G183500.Wm82.a4.v1,0.4729204730258799
Glyma.14G065800.Wm82.a4.v1,0.47271467865962613
Glyma.02G121200.Wm82.a4.v1,0.47268958178569276
Glyma.07G061300.Wm82.a4.v1,0.4726594655369727
Glyma.10G235700.Wm82.a4.v1,0.4726343686630393
Glyma.20G212200.Wm82.a4.v1,0.47261429116389264
Glyma.03G066000.Wm82.a4.v1,0.47258919428995927
Glyma.11G126900.Wm82.a4.v1,0.4725540586664525
Glyma.07G240600.Wm82.a4.v1,0.4723833999237055
Glyma.10G009900.Wm82.a4.v1,0.4723633224245588
Glyma.09G068600.Wm82.a4.v1,0.47206717931214487
Glyma.07G230100.Wm82.a4.v1,0.47202702431385146
Glyma.10G039000.Wm82.a4.v1,0.4719165980685446
Glyma.02G110700.Wm82.a4.v1,0.4718764430702512
Glyma.11G251600.Wm82.a4.v1,0.4718714236954645
Glyma.20G113400.Wm82.a4.v1,0.47179613307366436
Glyma.12G222600.Wm82.a4.v1,0.47178609432409097
Glyma.10G206100.Wm82.a4.v1,0.4717308812014375
Glyma.04G123700.Wm82.a4.v1,0.4717208424518642
Glyma.18G251300.Wm82.a4.v1,0.4715702612082639
Glyma.01G007700.Wm82.a4.v1,0.47151002871082376
Glyma.12G113200.Wm82.a4.v1,0.4715050093360371
Glyma.04G240900.Wm82.a4.v1,0.471459834962957
Glyma.12G010200.Wm82.a4.v1,0.4714146605898769
Glyma.01G200200.Wm82.a4.v1,0.47127913747063666
Glyma.03G224200.Wm82.a4.v1,0.47127913747063666
Glyma.18G286000.Wm82.a4.v1,0.4712189049731965
Glyma.08G098700.Wm82.a4.v1,0.4712038468488365
Glyma.04G056800.Wm82.a4.v1,0.4711636918505431
Glyma.10G282900.Wm82.a4.v1,0.4711436143513964
Glyma.19G111600.Wm82.a4.v1,0.4711385949766097
Glyma.10G067500.Wm82.a4.v1,0.47111851747746303
Glyma.09G015600.Wm82.a4.v1,0.47110847872788963
Glyma.20G204100.Wm82.a4.v1,0.4710783624791696
Glyma.02G120200.Wm82.a4.v1,0.47103569779348287
Glyma.18G136200.Wm82.a4.v1,0.47099805248258275
Glyma.02G137000.Wm82.a4.v1,0.4709528781095027
Glyma.08G157000.Wm82.a4.v1,0.470947858734716
Glyma.15G053500.Wm82.a4.v1,0.470932800610356
Glyma.13G153600.Wm82.a4.v1,0.47091774248599594
Glyma.19G123600.Wm82.a4.v1,0.47088260686248923
Glyma.19G155000.Wm82.a4.v1,0.4708424518641958
Glyma.20G015400.Wm82.a4.v1,0.4707571224928223
Glyma.19G101100.Wm82.a4.v1,0.47068685124580883
Glyma.14G010200.Wm82.a4.v1,0.4705538378139619
Glyma.08G350900.Wm82.a4.v1,0.47053627000220855
Glyma.15G272900.Wm82.a4.v1,0.47040576625775493
Glyma.16G042800.Wm82.a4.v1,0.47040074688296823
Glyma.11G202700.Wm82.a4.v1,0.47029032063766135
Glyma.15G118900.Wm82.a4.v1,0.4702752625133013
Glyma.19G195900.Wm82.a4.v1,0.4702752625133013
Glyma.02G068400.Wm82.a4.v1,0.4702250687654346
Glyma.15G206200.Wm82.a4.v1,0.4701949525167145
Glyma.03G076500.Wm82.a4.v1,0.47018993314192786
Glyma.11G092700.Wm82.a4.v1,0.47017487501756783
Glyma.03G256300.Wm82.a4.v1,0.4701547975184211
Glyma.17G106600.Wm82.a4.v1,0.4701196618949144
Glyma.14G046800.Wm82.a4.v1,0.47010460377055435
Glyma.20G203200.Wm82.a4.v1,0.4700393518983275
Glyma.05G158000.Wm82.a4.v1,0.4699891581504608
Glyma.08G146700.Wm82.a4.v1,0.46997410002610074
Glyma.05G070266.Wm82.a4.v1,0.46995402252695406
Glyma.19G046200.Wm82.a4.v1,0.46994900315216737
Glyma.02G098000.Wm82.a4.v1,0.46969301503804683
Glyma.03G132800.Wm82.a4.v1,0.46963278254060675
Glyma.16G011100.Wm82.a4.v1,0.4695976469171
Glyma.18G013200.Wm82.a4.v1,0.46956753066838
Glyma.07G049200.Wm82.a4.v1,0.46955247254401994
Glyma.08G236800.Wm82.a4.v1,0.46954745316923324
Glyma.13G149600.Wm82.a4.v1,0.4694872206717931
Glyma.14G107200.Wm82.a4.v1,0.46947216254743307
Glyma.11G040900.Wm82.a4.v1,0.4694520850482864
Glyma.09G150100.Wm82.a4.v1,0.4694470656734997
Glyma.14G135100.Wm82.a4.v1,0.46943702692392636
Glyma.10G022000.Wm82.a4.v1,0.46943200754913966
Glyma.09G244600.Wm82.a4.v1,0.4694219687995663
Glyma.01G044200.Wm82.a4.v1,0.4693667556769129
Glyma.12G162990.Wm82.a4.v1,0.46931656192904614
Glyma.11G126700.Wm82.a4.v1,0.4691760194350192
Glyma.09G155400.Wm82.a4.v1,0.4691659806854458
Glyma.06G098600.Wm82.a4.v1,0.4691659806854458
Glyma.15G086900.Wm82.a4.v1,0.4690605738149256
Glyma.12G065700.Wm82.a4.v1,0.4690555544401389
Glyma.07G261600.Wm82.a4.v1,0.46901038006705886
Glyma.06G109000.Wm82.a4.v1,0.4689852831931255
Glyma.18G127200.Wm82.a4.v1,0.4689802638183388
Glyma.13G165400.Wm82.a4.v1,0.4689551669444054
Glyma.13G277200.Wm82.a4.v1,0.4689350894452587
Glyma.05G235800.Wm82.a4.v1,0.4688648181982452
Glyma.10G165200.Wm82.a4.v1,0.4688597988234586
Glyma.09G214300.Wm82.a4.v1,0.46884474069909854
Glyma.06G076600.Wm82.a4.v1,0.46883470194952515
Glyma.15G042900.Wm82.a4.v1,0.4688096050755918
Glyma.13G247300.Wm82.a4.v1,0.46875439195293833
Glyma.19G182500.Wm82.a4.v1,0.4687192563294316
Glyma.13G102400.Wm82.a4.v1,0.46868412070592486
Glyma.05G086900.Wm82.a4.v1,0.4686791013311382
Glyma.02G170366.Wm82.a4.v1,0.46856867508583133
Glyma.13G059100.Wm82.a4.v1,0.46853353946232457
Glyma.06G189700.Wm82.a4.v1,0.46852852008753787
Glyma.03G175100.Wm82.a4.v1,0.4684783263396711
Glyma.13G131200.Wm82.a4.v1,0.468387977593511
Glyma.11G118800.Wm82.a4.v1,0.46837291946915094
Glyma.03G102900.Wm82.a4.v1,0.4683578613447909
Glyma.04G240100.Wm82.a4.v1,0.4683453129078242
Glyma.11G240900.Wm82.a4.v1,0.46817214447768385
Glyma.10G142800.Wm82.a4.v1,0.4680065051097235
Glyma.11G080700.Wm82.a4.v1,0.4679914469853635
Glyma.02G248700.Wm82.a4.v1,0.46794878229967674
Glyma.11G140900.Wm82.a4.v1,0.4679462726122834
Glyma.03G236700.Wm82.a4.v1,0.46789105948962995
Glyma.02G066400.Wm82.a4.v1,0.46789105948962995
Glyma.10G154000.Wm82.a4.v1,0.4678810207400566
Glyma.09G007700.Wm82.a4.v1,0.4677956913686831
Glyma.02G229600.Wm82.a4.v1,0.46779067199389646
Glyma.04G007500.Wm82.a4.v1,0.46774047824602966
Glyma.16G180600.Wm82.a4.v1,0.46764009075029617
Glyma.07G223400.Wm82.a4.v1,0.4674393157588291
Glyma.15G136100.Wm82.a4.v1,0.46742425763446904
Glyma.08G078300.Wm82.a4.v1,0.46739916076053567
Glyma.17G037800.Wm82.a4.v1,0.46731383138916216
Glyma.15G212200.Wm82.a4.v1,0.46726865701608206
Glyma.12G010500.Wm82.a4.v1,0.46726865701608206
Glyma.17G148800.Wm82.a4.v1,0.4672586182665087
Glyma.08G290100.Wm82.a4.v1,0.46723352139257535
Glyma.10G072100.Wm82.a4.v1,0.4672034051438553
Glyma.07G008900.Wm82.a4.v1,0.4671783082699219
Glyma.08G112000.Wm82.a4.v1,0.46714819202120184
Glyma.04G037700.Wm82.a4.v1,0.46703274640110826
Glyma.08G078000.Wm82.a4.v1,0.46700263015238824
Glyma.10G062700.Wm82.a4.v1,0.4669725139036682
Glyma.01G067100.Wm82.a4.v1,0.4669373782801614
Glyma.11G043900.Wm82.a4.v1,0.4668118939104945
Glyma.19G221200.Wm82.a4.v1,0.4667366032886944
Glyma.10G026151.Wm82.a4.v1,0.46671652578954764
Glyma.17G194200.Wm82.a4.v1,0.4666161382938141
Glyma.11G037900.Wm82.a4.v1,0.466555905796374
Glyma.20G212500.Wm82.a4.v1,0.4664755957997872
Glyma.04G039300.Wm82.a4.v1,0.4664705764250005
Glyma.06G153700.Wm82.a4.v1,0.4664504989258538
Glyma.13G251200.Wm82.a4.v1,0.46637018892926696
Glyma.13G197000.Wm82.a4.v1,0.46628987893268015
Glyma.15G273500.Wm82.a4.v1,0.4662748208083201
Glyma.18G288000.Wm82.a4.v1,0.46624470455960004
Glyma.05G152000.Wm82.a4.v1,0.46621960768566667
Glyma.16G179500.Wm82.a4.v1,0.46619953018652
Glyma.15G219100.Wm82.a4.v1,0.46615937518822653
Glyma.12G117600.Wm82.a4.v1,0.46615937518822653
Glyma.19G193400.Wm82.a4.v1,0.4660389101933463
Glyma.08G145700.Wm82.a4.v1,0.46598871644547957
Glyma.07G091000.Wm82.a4.v1,0.46598369707069287
Glyma.10G214900.Wm82.a4.v1,0.4659786776959062
Glyma.20G054500.Wm82.a4.v1,0.4659786776959062
Glyma.08G139600.Wm82.a4.v1,0.46597365832111953
Glyma.06G300900.Wm82.a4.v1,0.4659636195715462
Glyma.15G245400.Wm82.a4.v1,0.4659586001967595
Glyma.03G190000.Wm82.a4.v1,0.4658833095749593
Glyma.15G242200.Wm82.a4.v1,0.46585319332623926
Glyma.16G146100.Wm82.a4.v1,0.4658431545766659
Glyma.16G022700.Wm82.a4.v1,0.4658431545766659
Glyma.08G030700.Wm82.a4.v1,0.4658381352018793
Glyma.12G116000.Wm82.a4.v1,0.46574778645571907
Glyma.11G091900.Wm82.a4.v1,0.46573272833135904
Glyma.19G016800.Wm82.a4.v1,0.4656975927078523
Glyma.18G164600.Wm82.a4.v1,0.4656975927078523
Glyma.13G257200.Wm82.a4.v1,0.46568755395827893
Glyma.14G073000.Wm82.a4.v1,0.4656423795851989
Glyma.01G155800.Wm82.a4.v1,0.4655570502138254
Glyma.05G141400.Wm82.a4.v1,0.4655570502138254
Glyma.14G095300.Wm82.a4.v1,0.46554701146425204
Glyma.13G197800.Wm82.a4.v1,0.46551689521553197
Glyma.12G083600.Wm82.a4.v1,0.4654867789668119
Glyma.08G342500.Wm82.a4.v1,0.4654616820928785
Glyma.07G060100.Wm82.a4.v1,0.46545666271809183
Glyma.17G095000.Wm82.a4.v1,0.46545164334330513
Glyma.11G036200.Wm82.a4.v1,0.4653964302206517
Glyma.13G310500.Wm82.a4.v1,0.46535125584757164
Glyma.10G283200.Wm82.a4.v1,0.46534121709799825
Glyma.17G253900.Wm82.a4.v1,0.4652910233501315
Glyma.02G103800.Wm82.a4.v1,0.46528098460055817
Glyma.11G213800.Wm82.a4.v1,0.46528098460055817
Glyma.18G244800.Wm82.a4.v1,0.4650802096090911
Glyma.08G148500.Wm82.a4.v1,0.46507519023430444
Glyma.18G061900.Wm82.a4.v1,0.4650551127351577
Glyma.09G193700.Wm82.a4.v1,0.46503503523601103
Glyma.20G102700.Wm82.a4.v1,0.46503503523601103
Glyma.06G075900.Wm82.a4.v1,0.46499488023771757
Glyma.12G198400.Wm82.a4.v1,0.46497982211335753
Glyma.04G125600.Wm82.a4.v1,0.46496476398899755
Glyma.10G281000.Wm82.a4.v1,0.4649095508663441
Glyma.10G120300.Wm82.a4.v1,0.4648141827453972
Glyma.12G020200.Wm82.a4.v1,0.46474893087317043
Glyma.15G260000.Wm82.a4.v1,0.4647137952496637
Glyma.07G055950.Wm82.a4.v1,0.4646535627522236
Glyma.07G061000.Wm82.a4.v1,0.46463348525307685
Glyma.20G053200.Wm82.a4.v1,0.46461842712871687
Glyma.05G124500.Wm82.a4.v1,0.4645782721304234
Glyma.15G085200.Wm82.a4.v1,0.46456321400606343
Glyma.14G210900.Wm82.a4.v1,0.46444776838596985
Glyma.20G174400.Wm82.a4.v1,0.4644327102616098
Glyma.01G011100.Wm82.a4.v1,0.4643473808902363
Glyma.02G012700.Wm82.a4.v1,0.46433734214066297
Glyma.14G182800.Wm82.a4.v1,0.46431726464151624
Glyma.08G246800.Wm82.a4.v1,0.46425703214407615
Glyma.04G205400.Wm82.a4.v1,0.4642319352701427
Glyma.14G104900.Wm82.a4.v1,0.4642319352701427
Glyma.18G230500.Wm82.a4.v1,0.464181741522276
Glyma.09G260200.Wm82.a4.v1,0.4641516252735559
Glyma.05G022800.Wm82.a4.v1,0.46410143152568917
Glyma.04G077900.Wm82.a4.v1,0.46408135402654244
Glyma.01G121300.Wm82.a4.v1,0.4640763346517558
Glyma.19G018100.Wm82.a4.v1,0.46406127652739576
Glyma.19G067400.Wm82.a4.v1,0.46405625715260906
Glyma.06G300800.Wm82.a4.v1,0.4639910052803823
Glyma.13G212100.Wm82.a4.v1,0.4639207340333688
Glyma.05G245100.Wm82.a4.v1,0.4637902302889152
Glyma.08G220100.Wm82.a4.v1,0.46373501716626175
Glyma.17G204800.Wm82.a4.v1,0.4635944746722348
Glyma.12G062500.Wm82.a4.v1,0.4635794165478748
Glyma.12G184600.Wm82.a4.v1,0.4635191840504347
Glyma.20G049300.Wm82.a4.v1,0.463514164675648
Glyma.04G253600.Wm82.a4.v1,0.46350914530086135
Glyma.08G041700.Wm82.a4.v1,0.4634940871765013
Glyma.19G228500.Wm82.a4.v1,0.46342381592948784
Glyma.02G182600.Wm82.a4.v1,0.4633635834320477
Glyma.17G073200.Wm82.a4.v1,0.46327323468588755
Glyma.18G075600.Wm82.a4.v1,0.46326821531110085
Glyma.15G057700.Wm82.a4.v1,0.4632079828136607
Glyma.18G276800.Wm82.a4.v1,0.46317786656494064
Glyma.08G193400.Wm82.a4.v1,0.46316280844058066
Glyma.07G003500.Wm82.a4.v1,0.46313771156664724
Glyma.14G012300.Wm82.a4.v1,0.46311763406750056
Glyma.14G007500.Wm82.a4.v1,0.4631075953179272
Glyma.13G160600.Wm82.a4.v1,0.4631025759431405
Glyma.11G165700.Wm82.a4.v1,0.4630473628204871
Glyma.13G264200.Wm82.a4.v1,0.463002188447407
Glyma.17G134700.Wm82.a4.v1,0.46298713032304695
Glyma.08G142800.Wm82.a4.v1,0.4629369365751802
Glyma.08G204300.Wm82.a4.v1,0.46291685907603347
Glyma.03G158500.Wm82.a4.v1,0.4628867428273134
Glyma.06G017800.Wm82.a4.v1,0.46283654907944666
Glyma.07G198000.Wm82.a4.v1,0.46279137470636655
Glyma.15G259802.Wm82.a4.v1,0.4627361615837131
Glyma.10G147100.Wm82.a4.v1,0.4627261228341398
Glyma.13G204400.Wm82.a4.v1,0.46269098721063306
Glyma.03G004500.Wm82.a4.v1,0.46266589033669964
Glyma.20G157800.Wm82.a4.v1,0.46265083221233966
Glyma.01G150200.Wm82.a4.v1,0.46264581283755296
Glyma.13G202800.Wm82.a4.v1,0.4626106772140462
Glyma.14G136700.Wm82.a4.v1,0.4625454253418194
Glyma.17G029200.Wm82.a4.v1,0.46252032846788604
Glyma.12G156200.Wm82.a4.v1,0.46240488284779246
Glyma.04G101400.Wm82.a4.v1,0.4623095147268456
Glyma.03G014500.Wm82.a4.v1,0.46219406910675204
Glyma.04G160700.Wm82.a4.v1,0.4620987009858052
Glyma.09G024400.Wm82.a4.v1,0.4620685847370852
Glyma.20G190600.Wm82.a4.v1,0.4619882747404983
Glyma.15G149100.Wm82.a4.v1,0.4618728291204048
Glyma.07G225800.Wm82.a4.v1,0.461837693496898
Glyma.02G174600.Wm82.a4.v1,0.4617975384986046
Glyma.13G049800.Wm82.a4.v1,0.46177244162467124
Glyma.17G028300.Wm82.a4.v1,0.4616871122532977
Glyma.15G141200.Wm82.a4.v1,0.461651976629791
Glyma.17G135800.Wm82.a4.v1,0.46157668600799084
Glyma.12G148400.Wm82.a4.v1,0.4615465697592708
Glyma.10G170800.Wm82.a4.v1,0.46153151163491074
Glyma.13G065900.Wm82.a4.v1,0.4614863372618307
Glyma.04G194700.Wm82.a4.v1,0.46146124038789726
Glyma.19G228000.Wm82.a4.v1,0.46146124038789726
Glyma.05G058200.Wm82.a4.v1,0.46138594976609715
Glyma.20G154000.Wm82.a4.v1,0.46138594976609715
Glyma.08G125400.Wm82.a4.v1,0.4613708916417371
Glyma.14G029500.Wm82.a4.v1,0.4612855622703636
Glyma.04G052700.Wm82.a4.v1,0.4612052522737768
Glyma.10G040400.Wm82.a4.v1,0.4611751360250567
Glyma.03G032000.Wm82.a4.v1,0.460984399783163
Glyma.11G082600.Wm82.a4.v1,0.4609793804083763
Glyma.02G259100.Wm82.a4.v1,0.4608990704117895
Glyma.11G132000.Wm82.a4.v1,0.4608940510370028
Glyma.06G097400.Wm82.a4.v1,0.46082377978998934
Glyma.08G281500.Wm82.a4.v1,0.4607484891681892
Glyma.14G060000.Wm82.a4.v1,0.4606832372959624
Glyma.02G233500.Wm82.a4.v1,0.4606681791716024
Glyma.01G009200.Wm82.a4.v1,0.460643082297669
Glyma.06G240600.Wm82.a4.v1,0.46056277230108217
Glyma.12G078200.Wm82.a4.v1,0.4605577529262955
Glyma.02G282100.Wm82.a4.v1,0.46055273355150883
Glyma.20G247000.Wm82.a4.v1,0.46055273355150883
Glyma.13G168600.Wm82.a4.v1,0.46052261730278876
Glyma.18G220700.Wm82.a4.v1,0.4604674041801353
Glyma.07G210200.Wm82.a4.v1,0.46040215230790854
Glyma.11G157140.Wm82.a4.v1,0.46037203605918847
Glyma.05G008100.Wm82.a4.v1,0.4602967454373883
Glyma.14G133600.Wm82.a4.v1,0.46028670668781496
Glyma.06G320100.Wm82.a4.v1,0.4601511835685747
Glyma.15G101900.Wm82.a4.v1,0.46014114481900137
Glyma.18G206200.Wm82.a4.v1,0.46012608669464133
Glyma.07G138300.Wm82.a4.v1,0.4601060091954946
Glyma.08G361700.Wm82.a4.v1,0.4600859316963479
Glyma.18G265000.Wm82.a4.v1,0.4600859316963479
Glyma.15G223100.Wm82.a4.v1,0.4600859316963479
Glyma.03G031200.Wm82.a4.v1,0.46007589294677453
Glyma.10G188500.Wm82.a4.v1,0.46007589294677453
Glyma.10G104300.Wm82.a4.v1,0.46001566044933445
Glyma.12G204300.Wm82.a4.v1,0.4599353504527476
Glyma.07G019000.Wm82.a4.v1,0.45993033107796094
Glyma.14G035600.Wm82.a4.v1,0.4598951954544542
Glyma.02G055400.Wm82.a4.v1,0.45985504045616077
Glyma.02G152200.Wm82.a4.v1,0.4598349629570141
Glyma.15G153100.Wm82.a4.v1,0.45981488545786736
Glyma.13G205900.Wm82.a4.v1,0.4597144979621338
Glyma.15G169800.Wm82.a4.v1,0.45968940108820044
Glyma.07G007400.Wm82.a4.v1,0.4596793623386271
Glyma.03G258500.Wm82.a4.v1,0.45964924608990704
Glyma.07G042700.Wm82.a4.v1,0.459634187965547
Glyma.15G017400.Wm82.a4.v1,0.45961912984118697
Glyma.14G045500.Wm82.a4.v1,0.45958399421768026
Glyma.04G232900.Wm82.a4.v1,0.4595187423454534
Glyma.06G033800.Wm82.a4.v1,0.45926275423133295
Glyma.20G088600.Wm82.a4.v1,0.4592426767321862
Glyma.01G076100.Wm82.a4.v1,0.4592376573573996
Glyma.13G152576.Wm82.a4.v1,0.45922259923303954
Glyma.10G183900.Wm82.a4.v1,0.4592025217338928
Glyma.07G232800.Wm82.a4.v1,0.45919750235910617
Glyma.08G231000.Wm82.a4.v1,0.4590920954885859
Glyma.05G181800.Wm82.a4.v1,0.4590770373642259
Glyma.12G159600.Wm82.a4.v1,0.45890135924669223
Glyma.20G017200.Wm82.a4.v1,0.45874575862830524
Glyma.17G002000.Wm82.a4.v1,0.4587407392535186
Glyma.10G099400.Wm82.a4.v1,0.4587357198787319
Glyma.10G292551.Wm82.a4.v1,0.45871062300479853
Glyma.06G083100.Wm82.a4.v1,0.45856004176119824
Glyma.11G160275.Wm82.a4.v1,0.4584947898889714
Glyma.08G014500.Wm82.a4.v1,0.458454634890678
Glyma.08G114200.Wm82.a4.v1,0.4582237436504909
Glyma.05G021300.Wm82.a4.v1,0.4581986467765575
Glyma.06G011900.Wm82.a4.v1,0.4581384142791174
Glyma.07G056000.Wm82.a4.v1,0.45808822053125064
Glyma.13G182000.Wm82.a4.v1,0.4580330074085972
Glyma.12G240400.Wm82.a4.v1,0.4580129299094505
Glyma.19G027200.Wm82.a4.v1,0.45800289115987713
Glyma.05G183300.Wm82.a4.v1,0.4579878330355171
Glyma.02G261700.Wm82.a4.v1,0.4579878330355171
Glyma.04G111000.Wm82.a4.v1,0.45792760053807696
Glyma.08G069400.Wm82.a4.v1,0.4578573292910635
Glyma.19G075600.Wm82.a4.v1,0.4578272130423435
Glyma.18G234800.Wm82.a4.v1,0.45776698054490333
Glyma.12G103800.Wm82.a4.v1,0.45776698054490333
Glyma.06G094700.Wm82.a4.v1,0.45773184492139657
Glyma.15G153600.Wm82.a4.v1,0.4576314574256631
Glyma.02G270300.Wm82.a4.v1,0.4575963218021563
Glyma.08G047200.Wm82.a4.v1,0.45756620555343624
Glyma.09G052000.Wm82.a4.v1,0.45749091493163613
Glyma.16G118100.Wm82.a4.v1,0.45746581805770276
Glyma.15G048000.Wm82.a4.v1,0.45742064368462265
Glyma.06G310200.Wm82.a4.v1,0.45741562430983596
Glyma.20G129700.Wm82.a4.v1,0.4574005661854759
Glyma.02G234100.Wm82.a4.v1,0.45738048868632925
Glyma.13G138500.Wm82.a4.v1,0.4573604111871825
Glyma.14G183000.Wm82.a4.v1,0.4572851205653824
Glyma.20G235300.Wm82.a4.v1,0.4572801011905957
Glyma.17G205700.Wm82.a4.v1,0.4571245005722087
Glyma.03G128800.Wm82.a4.v1,0.45709940369827534
Glyma.14G193500.Wm82.a4.v1,0.4570843455739153
Glyma.13G166300.Wm82.a4.v1,0.4570793261991286
Glyma.05G059200.Wm82.a4.v1,0.45706426807476863
Glyma.19G253900.Wm82.a4.v1,0.4569789387033951
Glyma.08G183900.Wm82.a4.v1,0.4569387837051017
Glyma.09G002700.Wm82.a4.v1,0.4569237255807417
Glyma.01G018700.Wm82.a4.v1,0.4568785512076616
Glyma.18G298100.Wm82.a4.v1,0.45677816371192803
Glyma.20G106800.Wm82.a4.v1,0.45674804746320796
Glyma.09G015400.Wm82.a4.v1,0.4567229505892746
Glyma.03G202000.Wm82.a4.v1,0.45662758246832774
Glyma.07G068900.Wm82.a4.v1,0.45655229184652757
Glyma.07G032800.Wm82.a4.v1,0.4565372337221676
Glyma.02G261500.Wm82.a4.v1,0.45651213684823416
Glyma.09G088700.Wm82.a4.v1,0.4564418656012207
Glyma.11G087100.Wm82.a4.v1,0.45634649748027384
Glyma.13G092100.Wm82.a4.v1,0.4562963037324071
Glyma.05G030000.Wm82.a4.v1,0.456251129359327
Glyma.18G232400.Wm82.a4.v1,0.4561708193627402
Glyma.10G232300.Wm82.a4.v1,0.45615576123838014
Glyma.08G209700.Wm82.a4.v1,0.45600517999477985
Glyma.U031613.Wm82.a4.v1,0.45584957937639287
Glyma.04G002800.Wm82.a4.v1,0.45581444375288616
Glyma.14G158800.Wm82.a4.v1,0.45575170156805267
Glyma.12G017200.Wm82.a4.v1,0.45561868813620576
Glyma.13G051000.Wm82.a4.v1,0.4555433975144056
Glyma.01G081500.Wm82.a4.v1,0.45553837813961895
Glyma.11G001700.Wm82.a4.v1,0.45548818439175215
Glyma.13G220000.Wm82.a4.v1,0.4554179131447387
Glyma.05G249000.Wm82.a4.v1,0.45541289376995203
Glyma.04G192900.Wm82.a4.v1,0.45538277752123196
Glyma.15G228600.Wm82.a4.v1,0.4552823900254984
Glyma.07G086800.Wm82.a4.v1,0.455242235027205
Glyma.19G179400.Wm82.a4.v1,0.4551619250306182
Glyma.13G191900.Wm82.a4.v1,0.45502640191137794
Glyma.08G111100.Wm82.a4.v1,0.45502138253659125
Glyma.20G144400.Wm82.a4.v1,0.4550113437870179
Glyma.15G165500.Wm82.a4.v1,0.45495111128957777
Glyma.06G095300.Wm82.a4.v1,0.454900917541711
Glyma.09G132500.Wm82.a4.v1,0.45489087879213763
Glyma.13G097500.Wm82.a4.v1,0.4547955106711908
Glyma.13G166400.Wm82.a4.v1,0.4547754331720441
Glyma.03G223300.Wm82.a4.v1,0.4547352781737507
Glyma.13G362900.Wm82.a4.v1,0.45467504567631056
Glyma.13G168700.Wm82.a4.v1,0.45462234224105047
Glyma.09G275100.Wm82.a4.v1,0.4546148131788704
Glyma.08G173100.Wm82.a4.v1,0.4545646194310037
Glyma.16G215500.Wm82.a4.v1,0.45454956130664365
Glyma.18G093200.Wm82.a4.v1,0.4543036119420965
Glyma.11G044600.Wm82.a4.v1,0.45427349569337644
Glyma.16G017800.Wm82.a4.v1,0.4541781275724296
Glyma.14G182100.Wm82.a4.v1,0.4541781275724296
Glyma.14G142300.Wm82.a4.v1,0.4541429919489228
Glyma.16G015800.Wm82.a4.v1,0.4540978175758428
Glyma.17G123600.Wm82.a4.v1,0.45407774007669605
Glyma.11G088600.Wm82.a4.v1,0.45397233320617586
Glyma.02G094300.Wm82.a4.v1,0.4539572750818158
Glyma.17G200600.Wm82.a4.v1,0.4539020619591624
Glyma.14G041200.Wm82.a4.v1,0.4538719457104423
Glyma.11G068300.Wm82.a4.v1,0.45380669383821554
Glyma.08G324000.Wm82.a4.v1,0.45380167446342884
Glyma.05G058300.Wm82.a4.v1,0.4537916357138555
Glyma.20G238600.Wm82.a4.v1,0.45377657758949547
Glyma.10G123200.Wm82.a4.v1,0.45377155821470877
Glyma.15G091800.Wm82.a4.v1,0.45373140321641536
Glyma.12G018800.Wm82.a4.v1,0.4536812094685486
Glyma.08G128300.Wm82.a4.v1,0.45365109321982855
Glyma.14G214600.Wm82.a4.v1,0.4535557250988817
Glyma.11G166300.Wm82.a4.v1,0.45352560885016163
Glyma.13G120300.Wm82.a4.v1,0.45349549260144156
Glyma.01G182000.Wm82.a4.v1,0.45345031822836146
Glyma.03G105700.Wm82.a4.v1,0.4534452988535748
Glyma.02G274800.Wm82.a4.v1,0.4534202019796414
Glyma.19G191000.Wm82.a4.v1,0.45337502760656134
Glyma.05G014000.Wm82.a4.v1,0.45337000823177465
Glyma.09G263300.Wm82.a4.v1,0.45336498885698795
Glyma.03G242300.Wm82.a4.v1,0.4533398919830546
Glyma.05G086400.Wm82.a4.v1,0.45329471760997453
Glyma.19G263700.Wm82.a4.v1,0.453194330114241
Glyma.07G023400.Wm82.a4.v1,0.45313409761680085
Glyma.19G011900.Wm82.a4.v1,0.4531090007428675
Glyma.07G224800.Wm82.a4.v1,0.4530136326219206
Glyma.08G075500.Wm82.a4.v1,0.45298351637320056
Glyma.20G223300.Wm82.a4.v1,0.45290320637661374
Glyma.08G247932.Wm82.a4.v1,0.45281285763045354
Glyma.19G147900.Wm82.a4.v1,0.4528078382556669
Glyma.18G039300.Wm82.a4.v1,0.4528028188808802
Glyma.04G024900.Wm82.a4.v1,0.4527977995060935
Glyma.09G160100.Wm82.a4.v1,0.45270243138514665
Glyma.16G204200.Wm82.a4.v1,0.4526070632641998
Glyma.06G030000.Wm82.a4.v1,0.45258196639026643
Glyma.16G053400.Wm82.a4.v1,0.4525618888911197
Glyma.10G088700.Wm82.a4.v1,0.45253679201718633
Glyma.15G131200.Wm82.a4.v1,0.45240628827273277
Glyma.20G243700.Wm82.a4.v1,0.4524012688979461
Glyma.08G123100.Wm82.a4.v1,0.452215552030839
Glyma.11G045100.Wm82.a4.v1,0.45211516453510553
Glyma.19G211200.Wm82.a4.v1,0.45210512578553214
Glyma.09G186300.Wm82.a4.v1,0.4520950870359588
Glyma.15G035300.Wm82.a4.v1,0.45199971891501195
Glyma.13G320800.Wm82.a4.v1,0.4519394864175718
Glyma.05G167800.Wm82.a4.v1,0.4519244282932118
Glyma.10G039200.Wm82.a4.v1,0.45189431204449176
Glyma.13G125400.Wm82.a4.v1,0.451859176420985
Glyma.05G119100.Wm82.a4.v1,0.4518541570461983
Glyma.10G065100.Wm82.a4.v1,0.4517336920513181
Glyma.18G286200.Wm82.a4.v1,0.4516232658060112
Glyma.19G105900.Wm82.a4.v1,0.45161322705643786
Glyma.12G203300.Wm82.a4.v1,0.45161322705643786
Glyma.13G352400.Wm82.a4.v1,0.45156303330857106
Glyma.05G207000.Wm82.a4.v1,0.4515078201859176
Glyma.10G197500.Wm82.a4.v1,0.4514726845624109
Glyma.02G036200.Wm82.a4.v1,0.4514576264380509
Glyma.14G116000.Wm82.a4.v1,0.4513672776918907
Glyma.13G037100.Wm82.a4.v1,0.45133716144317065
Glyma.18G265300.Wm82.a4.v1,0.45120665769871704
Glyma.17G035200.Wm82.a4.v1,0.45114140582649026
Glyma.06G203300.Wm82.a4.v1,0.45114140582649026
Glyma.17G141200.Wm82.a4.v1,0.4511313670769169
Glyma.10G001400.Wm82.a4.v1,0.4511112895777702
Glyma.17G241800.Wm82.a4.v1,0.45103599895597
Glyma.08G225500.Wm82.a4.v1,0.45090549521151646
Glyma.10G189500.Wm82.a4.v1,0.4507950689662096
Glyma.12G075000.Wm82.a4.v1,0.4507197783444094
Glyma.10G023800.Wm82.a4.v1,0.4506093520991025
Glyma.09G260100.Wm82.a4.v1,0.4505340614773024
Glyma.15G009900.Wm82.a4.v1,0.45046880960507557
Glyma.08G304700.Wm82.a4.v1,0.4503834802337021
Glyma.08G099500.Wm82.a4.v1,0.4503684221093421
Glyma.12G194000.Wm82.a4.v1,0.45035336398498205
Glyma.11G041100.Wm82.a4.v1,0.45034834461019535
Glyma.08G092100.Wm82.a4.v1,0.4503332864858353
Glyma.11G032000.Wm82.a4.v1,0.4503282671110487
Glyma.18G200800.Wm82.a4.v1,0.45031320898668864
Glyma.20G156900.Wm82.a4.v1,0.4502128214909551
Glyma.08G074900.Wm82.a4.v1,0.45011745337000825
Glyma.20G020100.Wm82.a4.v1,0.4500873371212882
Glyma.03G254800.Wm82.a4.v1,0.4499267171281145
Glyma.10G209600.Wm82.a4.v1,0.4498464071315277
Glyma.12G210600.Wm82.a4.v1,0.44969080651314075
Glyma.02G175400.Wm82.a4.v1,0.44964061276527395
Glyma.12G033000.Wm82.a4.v1,0.4496255546409139
Glyma.09G199100.Wm82.a4.v1,0.44956532214347383
Glyma.07G168700.Wm82.a4.v1,0.4493545084024334
Glyma.11G066900.Wm82.a4.v1,0.44932941152850003
Glyma.10G035200.Wm82.a4.v1,0.44932941152850003
Glyma.04G146600.Wm82.a4.v1,0.4493043146545666
Glyma.08G217600.Wm82.a4.v1,0.4492290240327665
Glyma.02G159100.Wm82.a4.v1,0.4491989077840464
Glyma.13G006200.Wm82.a4.v1,0.4491537334109663
Glyma.10G259800.Wm82.a4.v1,0.44913365591181964
Glyma.09G072200.Wm82.a4.v1,0.4491185977874596
Glyma.06G155300.Wm82.a4.v1,0.44908346216395284
Glyma.11G137700.Wm82.a4.v1,0.44899813279257933
Glyma.09G068400.Wm82.a4.v1,0.44881241592547233
Glyma.10G107500.Wm82.a4.v1,0.4487973578011123
Glyma.04G251200.Wm82.a4.v1,0.4487973578011123
Glyma.01G052200.Wm82.a4.v1,0.44866183468187204
Glyma.05G052500.Wm82.a4.v1,0.44863673780793867
Glyma.05G219900.Wm82.a4.v1,0.44854638906177846
Glyma.13G105000.Wm82.a4.v1,0.4483707109442448
Glyma.08G267900.Wm82.a4.v1,0.44835063344509807
Glyma.11G238100.Wm82.a4.v1,0.44833557532073803
Glyma.15G045900.Wm82.a4.v1,0.44831549782159136
Glyma.06G098000.Wm82.a4.v1,0.44831047844680466
Glyma.15G027500.Wm82.a4.v1,0.4482954203224446
Glyma.19G082300.Wm82.a4.v1,0.448290400947658
Glyma.11G228600.Wm82.a4.v1,0.448290400947658
Glyma.12G165700.Wm82.a4.v1,0.44827032344851125
Glyma.11G125500.Wm82.a4.v1,0.44822514907543115
Glyma.04G184900.Wm82.a4.v1,0.4482050715762845
Glyma.10G220100.Wm82.a4.v1,0.4481749553275644
Glyma.05G239000.Wm82.a4.v1,0.44810468408055093
Glyma.06G029700.Wm82.a4.v1,0.44799425783524405
Glyma.08G132800.Wm82.a4.v1,0.4479741803360973
Glyma.01G017800.Wm82.a4.v1,0.447956612524344
Glyma.13G044600.Wm82.a4.v1,0.44795410283695064
Glyma.02G209600.Wm82.a4.v1,0.4478737928403638
Glyma.09G010000.Wm82.a4.v1,0.4478486959664304
Glyma.06G069800.Wm82.a4.v1,0.44766799847411004
Glyma.04G162800.Wm82.a4.v1,0.44764792097496336
Glyma.13G310600.Wm82.a4.v1,0.44762784347581663
Glyma.12G152600.Wm82.a4.v1,0.4476127853514566
Glyma.08G326500.Wm82.a4.v1,0.4475023591061497
Glyma.17G054200.Wm82.a4.v1,0.44743208785913624
Glyma.04G017400.Wm82.a4.v1,0.4474220491095629
Glyma.19G240700.Wm82.a4.v1,0.44739193286084283
Glyma.02G162600.Wm82.a4.v1,0.4473618166121228
Glyma.06G225100.Wm82.a4.v1,0.44732668098861605
Glyma.08G168200.Wm82.a4.v1,0.4472564097416026
Glyma.14G023700.Wm82.a4.v1,0.44721625474330917
Glyma.02G100200.Wm82.a4.v1,0.4472112353685225
Glyma.06G139900.Wm82.a4.v1,0.4471510028710824
Glyma.03G221500.Wm82.a4.v1,0.4471459834962957
Glyma.01G150400.Wm82.a4.v1,0.44692513100568193
Glyma.09G044400.Wm82.a4.v1,0.4468799566326018
Glyma.15G033200.Wm82.a4.v1,0.4468749372578152
Glyma.05G121100.Wm82.a4.v1,0.4468347822595218
Glyma.19G149800.Wm82.a4.v1,0.44666412351677476
Glyma.02G097500.Wm82.a4.v1,0.4466540847672014
Glyma.03G228900.Wm82.a4.v1,0.4465486778966812
Glyma.16G079100.Wm82.a4.v1,0.4464784066496677
Glyma.03G228200.Wm82.a4.v1,0.44647338727488106
Glyma.18G222500.Wm82.a4.v1,0.44644829040094763
Glyma.06G111400.Wm82.a4.v1,0.446443271026161
Glyma.15G266900.Wm82.a4.v1,0.4464181741522276
Glyma.06G049000.Wm82.a4.v1,0.4463278254060674
Glyma.02G224900.Wm82.a4.v1,0.4463228060312807
Glyma.13G091800.Wm82.a4.v1,0.4462525347842673
Glyma.02G196800.Wm82.a4.v1,0.4462224185355472
Glyma.20G112800.Wm82.a4.v1,0.44621739916076053
Glyma.10G023600.Wm82.a4.v1,0.4462073604111872
Glyma.05G207600.Wm82.a4.v1,0.4461722247876804
Glyma.06G189600.Wm82.a4.v1,0.4460818760415203
Glyma.09G255800.Wm82.a4.v1,0.4458911397996266
Glyma.08G169800.Wm82.a4.v1,0.4458811010500532
Glyma.14G181300.Wm82.a4.v1,0.44587608167526654
Glyma.19G169000.Wm82.a4.v1,0.4458208685526131
Glyma.19G005000.Wm82.a4.v1,0.44580079105346637
Glyma.19G158300.Wm82.a4.v1,0.4457355391812396
Glyma.06G178400.Wm82.a4.v1,0.4457104423073062
Glyma.12G026400.Wm82.a4.v1,0.44564017106029274
Glyma.16G131900.Wm82.a4.v1,0.44564017106029274
Glyma.11G215100.Wm82.a4.v1,0.44563515168550605
Glyma.14G209700.Wm82.a4.v1,0.44556989981327927
Glyma.18G092900.Wm82.a4.v1,0.4454594735679724
Glyma.12G237800.Wm82.a4.v1,0.4454293573192523
Glyma.13G103500.Wm82.a4.v1,0.4454142991948923
Glyma.11G190500.Wm82.a4.v1,0.44532896982351877
Glyma.04G033700.Wm82.a4.v1,0.44532395044873213
Glyma.13G198800.Wm82.a4.v1,0.4453088923243721
Glyma.17G008100.Wm82.a4.v1,0.44525367920171866
Glyma.11G105000.Wm82.a4.v1,0.44524865982693196
Glyma.07G026400.Wm82.a4.v1,0.44511815608247834
Glyma.08G136100.Wm82.a4.v1,0.4450629429598249
Glyma.11G009900.Wm82.a4.v1,0.44501776858674486
Glyma.20G216500.Wm82.a4.v1,0.44497259421366475
Glyma.13G131300.Wm82.a4.v1,0.444952516714518
Glyma.06G045500.Wm82.a4.v1,0.44481699359527777
Glyma.19G056400.Wm82.a4.v1,0.44473668359869095
Glyma.19G143700.Wm82.a4.v1,0.44469150922561085
Glyma.13G344100.Wm82.a4.v1,0.4446814704760375
Glyma.12G016600.Wm82.a4.v1,0.444596141104664
Glyma.13G317500.Wm82.a4.v1,0.44454594735679726
Glyma.15G256500.Wm82.a4.v1,0.44442046298713034
Glyma.13G145400.Wm82.a4.v1,0.44439536611319697
Glyma.13G343300.Wm82.a4.v1,0.4443602304896902
Glyma.04G055700.Wm82.a4.v1,0.4443351336157568
Glyma.06G234800.Wm82.a4.v1,0.44430501736703676
Glyma.08G042400.Wm82.a4.v1,0.4442899592426767
Glyma.08G018500.Wm82.a4.v1,0.44421968799566325
Glyma.16G179100.Wm82.a4.v1,0.44418455237215654
Glyma.13G066800.Wm82.a4.v1,0.4441494167486498
Glyma.11G145500.Wm82.a4.v1,0.4440440098781296
Glyma.03G190700.Wm82.a4.v1,0.4440088742546228
Glyma.12G111700.Wm82.a4.v1,0.4439737386311161
Glyma.06G181900.Wm82.a4.v1,0.443928564258036
Glyma.11G078100.Wm82.a4.v1,0.44392354488324937
Glyma.18G227900.Wm82.a4.v1,0.44389844800931594
Glyma.20G223700.Wm82.a4.v1,0.4438532736362359
Glyma.01G173050.Wm82.a4.v1,0.44382817676230246
Glyma.09G255600.Wm82.a4.v1,0.44379806051358245
Glyma.20G173100.Wm82.a4.v1,0.4437830023892224
Glyma.09G211000.Wm82.a4.v1,0.4437177505169956
Glyma.02G082600.Wm82.a4.v1,0.4437026923926356
Glyma.01G034300.Wm82.a4.v1,0.44368763426827557
Glyma.14G053400.Wm82.a4.v1,0.44367257614391553
Glyma.18G013400.Wm82.a4.v1,0.44356214989860865
Glyma.17G017300.Wm82.a4.v1,0.4435370530246752
Glyma.13G323200.Wm82.a4.v1,0.4435019174011685
Glyma.06G017500.Wm82.a4.v1,0.44342662677936834
Glyma.11G195300.Wm82.a4.v1,0.443416588029795
Glyma.11G080400.Wm82.a4.v1,0.4433965105306483
Glyma.18G176200.Wm82.a4.v1,0.44321079366354127
Glyma.09G186800.Wm82.a4.v1,0.44319071616439454
Glyma.09G167900.Wm82.a4.v1,0.4431154255425944
Glyma.06G315900.Wm82.a4.v1,0.4429447667998474
Glyma.02G273500.Wm82.a4.v1,0.44292970867548737
Glyma.02G146200.Wm82.a4.v1,0.4428795149276206
Glyma.16G034700.Wm82.a4.v1,0.44271889493444694
Glyma.11G117300.Wm82.a4.v1,0.44269379806051357
Glyma.08G010000.Wm82.a4.v1,0.44267873993615353
Glyma.04G077700.Wm82.a4.v1,0.4426436043126468
Glyma.12G210300.Wm82.a4.v1,0.4425934105647801
Glyma.06G082400.Wm82.a4.v1,0.44256329431606
Glyma.13G306700.Wm82.a4.v1,0.44250808119340657
Glyma.19G006900.Wm82.a4.v1,0.44241773244724636
Glyma.13G119400.Wm82.a4.v1,0.4424026743228863
Glyma.02G134600.Wm82.a4.v1,0.442392635573313
Glyma.02G051100.Wm82.a4.v1,0.4421266087096191
Glyma.10G172900.Wm82.a4.v1,0.4421215893348325
Glyma.06G021900.Wm82.a4.v1,0.4420713955869657
Glyma.07G047500.Wm82.a4.v1,0.442051318087819
Glyma.06G071300.Wm82.a4.v1,0.44203124058867227
Glyma.04G146800.Wm82.a4.v1,0.4419208143433654
Glyma.07G190800.Wm82.a4.v1,0.4419208143433654
Glyma.20G151500.Wm82.a4.v1,0.44187062059549864
Glyma.02G021700.Wm82.a4.v1,0.4418455237215652
Glyma.01G244400.Wm82.a4.v1,0.44171501997711166
Glyma.05G066700.Wm82.a4.v1,0.44171501997711166
Glyma.15G016200.Wm82.a4.v1,0.4416949424779649
Glyma.13G211600.Wm82.a4.v1,0.44149918686128453
Glyma.02G052200.Wm82.a4.v1,0.44147910936213786
Glyma.04G023400.Wm82.a4.v1,0.4414590318629911
Glyma.20G235800.Wm82.a4.v1,0.44143393498905775
Glyma.19G033300.Wm82.a4.v1,0.44138876061597765
Glyma.14G127800.Wm82.a4.v1,0.441383741241191
Glyma.20G004600.Wm82.a4.v1,0.44124821812195075
Glyma.08G332800.Wm82.a4.v1,0.44123817937237736
Glyma.03G232800.Wm82.a4.v1,0.4411930049992973
Glyma.03G013000.Wm82.a4.v1,0.44113779187664387
Glyma.13G360300.Wm82.a4.v1,0.44111269500271044
Glyma.06G314700.Wm82.a4.v1,0.44107254000441704
Glyma.03G191200.Wm82.a4.v1,0.44097968157086354
Glyma.16G219200.Wm82.a4.v1,0.4408843134499167
Glyma.02G100900.Wm82.a4.v1,0.4406709900214829
Glyma.02G165400.Wm82.a4.v1,0.44066597064669627
Glyma.08G125700.Wm82.a4.v1,0.44065091252233624
Glyma.07G228200.Wm82.a4.v1,0.44064589314754954
Glyma.11G108100.Wm82.a4.v1,0.44057060252574937
Glyma.17G118400.Wm82.a4.v1,0.44053546690224266
Glyma.08G081700.Wm82.a4.v1,0.44040998253257574
Glyma.02G003300.Wm82.a4.v1,0.44038990503342906
Glyma.19G113200.Wm82.a4.v1,0.4402744594133355
Glyma.05G077034.Wm82.a4.v1,0.4402242656654687
Glyma.18G030200.Wm82.a4.v1,0.4400787037966551
Glyma.16G002400.Wm82.a4.v1,0.4399732969261349
Glyma.05G033500.Wm82.a4.v1,0.43995823880177487
Glyma.06G098700.Wm82.a4.v1,0.43993816130262814
Glyma.09G135800.Wm82.a4.v1,0.43990804505390807
Glyma.01G189600.Wm82.a4.v1,0.4398829481799747
Glyma.11G206100.Wm82.a4.v1,0.43982773505732126
Glyma.07G173700.Wm82.a4.v1,0.43970727006244104
Glyma.15G150000.Wm82.a4.v1,0.43968217318850766
Glyma.06G245100.Wm82.a4.v1,0.43967715381372097
Glyma.10G236200.Wm82.a4.v1,0.4396470375650009
Glyma.10G296800.Wm82.a4.v1,0.43959182444234746
Glyma.09G031700.Wm82.a4.v1,0.43955166944405405
Glyma.04G171300.Wm82.a4.v1,0.43939606882566706
Glyma.16G164900.Wm82.a4.v1,0.43916015821069326
Glyma.14G008300.Wm82.a4.v1,0.4391099644628265
Glyma.07G247300.Wm82.a4.v1,0.4390949063384665
Glyma.08G201300.Wm82.a4.v1,0.43907984821410645
Glyma.17G129300.Wm82.a4.v1,0.43907984821410645
Glyma.15G253200.Wm82.a4.v1,0.4390647900897464
Glyma.04G253000.Wm82.a4.v1,0.43903467384102635
Glyma.07G232900.Wm82.a4.v1,0.43901459634187967
Glyma.18G228000.Wm82.a4.v1,0.43895938321922623
Glyma.10G203700.Wm82.a4.v1,0.43893428634529286
Glyma.06G163100.Wm82.a4.v1,0.4389041700965728
Glyma.17G196400.Wm82.a4.v1,0.43888409259742606
Glyma.04G201300.Wm82.a4.v1,0.43867327885638563
Glyma.U031313.Wm82.a4.v1,0.4386180657337322
Glyma.15G126000.Wm82.a4.v1,0.4385929688597988
Glyma.11G123500.Wm82.a4.v1,0.4385829301102255
Glyma.12G180200.Wm82.a4.v1,0.4385176782379987
Glyma.14G048700.Wm82.a4.v1,0.438512658863212
Glyma.08G084500.Wm82.a4.v1,0.4385076394884253
Glyma.10G231600.Wm82.a4.v1,0.43849258136406527
Glyma.18G241300.Wm82.a4.v1,0.43846246511534526
Glyma.13G059400.Wm82.a4.v1,0.43841729074226515
Glyma.11G122600.Wm82.a4.v1,0.4383118838717449
Glyma.19G040100.Wm82.a4.v1,0.43817636075250466
Glyma.05G025900.Wm82.a4.v1,0.438156283253358
Glyma.07G091800.Wm82.a4.v1,0.43813118637942455
Glyma.06G182600.Wm82.a4.v1,0.43807095388198447
Glyma.08G308800.Wm82.a4.v1,0.43805589575762444
Glyma.20G077000.Wm82.a4.v1,0.438000682634971
Glyma.06G177000.Wm82.a4.v1,0.4379555082618909
Glyma.07G239700.Wm82.a4.v1,0.4379429598249242
Glyma.20G161700.Wm82.a4.v1,0.4379354307627442
Glyma.15G035200.Wm82.a4.v1,0.4379354307627442
Glyma.12G190500.Wm82.a4.v1,0.4379103338888108
Glyma.13G330200.Wm82.a4.v1,0.4378701788905174
Glyma.05G138600.Wm82.a4.v1,0.43786515951573074
Glyma.19G148700.Wm82.a4.v1,0.43778484951914387
Glyma.02G270000.Wm82.a4.v1,0.43777983014435723
Glyma.17G228600.Wm82.a4.v1,0.43777983014435723
Glyma.19G170300.Wm82.a4.v1,0.4376844620234104
Glyma.07G057900.Wm82.a4.v1,0.4376543457746903
Glyma.02G205500.Wm82.a4.v1,0.4375740357781035
Glyma.13G085900.Wm82.a4.v1,0.4375690164033168
Glyma.09G057800.Wm82.a4.v1,0.43754391952938343
Glyma.08G082200.Wm82.a4.v1,0.43753890015459673
Glyma.12G036800.Wm82.a4.v1,0.4374987451563033
Glyma.19G258500.Wm82.a4.v1,0.4374535707832232
Glyma.11G026500.Wm82.a4.v1,0.437333105788343
Glyma.02G208500.Wm82.a4.v1,0.4372176601682494
Glyma.14G076800.Wm82.a4.v1,0.43714738892123595
Glyma.04G229500.Wm82.a4.v1,0.43707209829943583
Glyma.01G138800.Wm82.a4.v1,0.4370570401750758
Glyma.02G072500.Wm82.a4.v1,0.436991788302849
Glyma.13G100800.Wm82.a4.v1,0.43692151705583554
Glyma.08G247400.Wm82.a4.v1,0.43681109081052866
Glyma.10G101400.Wm82.a4.v1,0.4367809745618086
Glyma.03G081800.Wm82.a4.v1,0.43676089706266186
Glyma.11G204766.Wm82.a4.v1,0.4367508583130885
Glyma.17G207100.Wm82.a4.v1,0.4367408195635152
Glyma.15G152700.Wm82.a4.v1,0.4367107033147951
Glyma.02G019000.Wm82.a4.v1,0.4366956451904351
Glyma.06G325200.Wm82.a4.v1,0.43668058706607504
Glyma.18G286100.Wm82.a4.v1,0.43664545144256833
Glyma.13G187300.Wm82.a4.v1,0.43661031581906157
Glyma.04G148200.Wm82.a4.v1,0.4365801995703415
Glyma.01G000600.Wm82.a4.v1,0.4365551026964081
Glyma.05G235000.Wm82.a4.v1,0.4364998895737547
Glyma.01G224300.Wm82.a4.v1,0.43648985082418135
Glyma.14G148500.Wm82.a4.v1,0.436479812074608
Glyma.09G078400.Wm82.a4.v1,0.436464753950248
Glyma.06G077800.Wm82.a4.v1,0.43632923083100766
Glyma.15G074200.Wm82.a4.v1,0.4361184170899673
Glyma.11G009100.Wm82.a4.v1,0.43610335896560726
Glyma.02G123400.Wm82.a4.v1,0.43601301021944705
Glyma.10G192000.Wm82.a4.v1,0.4360029714698737
Glyma.03G146200.Wm82.a4.v1,0.435982893970727
Glyma.05G193000.Wm82.a4.v1,0.43594775834722027
Glyma.05G214200.Wm82.a4.v1,0.4359427389724336
Glyma.14G218900.Wm82.a4.v1,0.43593771959764693
Glyma.09G192100.Wm82.a4.v1,0.43589254522456683
Glyma.18G273900.Wm82.a4.v1,0.43574196398096654
Glyma.02G087400.Wm82.a4.v1,0.4356064408617263
Glyma.18G075400.Wm82.a4.v1,0.43559138273736625
Glyma.13G225400.Wm82.a4.v1,0.4355713052382195
Glyma.07G117800.Wm82.a4.v1,0.4355311502399261
Glyma.06G167700.Wm82.a4.v1,0.43547593711727267
Glyma.09G245300.Wm82.a4.v1,0.43546087899291264
Glyma.17G133300.Wm82.a4.v1,0.4354106852450459
Glyma.15G117100.Wm82.a4.v1,0.4352902202501656
Glyma.17G003200.Wm82.a4.v1,0.435285200875379
Glyma.18G125700.Wm82.a4.v1,0.43524002650229887
Glyma.04G134900.Wm82.a4.v1,0.4351697552552854
Glyma.10G217900.Wm82.a4.v1,0.435144658381352
Glyma.12G051900.Wm82.a4.v1,0.43511956150741865
Glyma.13G063600.Wm82.a4.v1,0.43487863151765815
Glyma.12G060500.Wm82.a4.v1,0.4348685927680848
Glyma.10G002300.Wm82.a4.v1,0.4348535346437248
Glyma.03G004600.Wm82.a4.v1,0.43484349589415144
Glyma.16G156400.Wm82.a4.v1,0.4348234183950047
Glyma.08G177600.Wm82.a4.v1,0.434818399020218
Glyma.14G017500.Wm82.a4.v1,0.43471299214969783
Glyma.14G156400.Wm82.a4.v1,0.434632682153111
Glyma.09G274300.Wm82.a4.v1,0.4344821009095107
Glyma.11G041200.Wm82.a4.v1,0.43436665528941715
Glyma.09G258600.Wm82.a4.v1,0.4343566165398438
Glyma.13G227000.Wm82.a4.v1,0.43432650029112374
Glyma.10G222300.Wm82.a4.v1,0.43426124841889696
Glyma.09G202600.Wm82.a4.v1,0.4342261127953902
Glyma.04G203000.Wm82.a4.v1,0.4341508221735901
Glyma.18G055000.Wm82.a4.v1,0.43412070592487
Glyma.04G175900.Wm82.a4.v1,0.4341156865500833
Glyma.08G201800.Wm82.a4.v1,0.4340102796795631
Glyma.10G201500.Wm82.a4.v1,0.4338697371855362
Glyma.06G101400.Wm82.a4.v1,0.43381452406288273
Glyma.20G017100.Wm82.a4.v1,0.4338044853133094
Glyma.06G029100.Wm82.a4.v1,0.4337994659385227
Glyma.07G233000.Wm82.a4.v1,0.433794446563736
Glyma.07G255700.Wm82.a4.v1,0.433764330315016
Glyma.11G210662.Wm82.a4.v1,0.4337241753167225
Glyma.03G198800.Wm82.a4.v1,0.4336890396932158
Glyma.19G007300.Wm82.a4.v1,0.4336739815688558
Glyma.08G119300.Wm82.a4.v1,0.4335284197000422
Glyma.05G180500.Wm82.a4.v1,0.4335183809504688
Glyma.10G276300.Wm82.a4.v1,0.43350834220089546
Glyma.07G269500.Wm82.a4.v1,0.4333979159555886
Glyma.08G309000.Wm82.a4.v1,0.43335274158250847
Glyma.18G215400.Wm82.a4.v1,0.43330756720942837
Glyma.09G098600.Wm82.a4.v1,0.4332925090850684
Glyma.02G102500.Wm82.a4.v1,0.43323227658762825
Glyma.17G092000.Wm82.a4.v1,0.43303150159616116
Glyma.05G018300.Wm82.a4.v1,0.4330114240970145
Glyma.14G083900.Wm82.a4.v1,0.43299134659786775
Glyma.04G038200.Wm82.a4.v1,0.4329009978517076
Glyma.15G271700.Wm82.a4.v1,0.43288092035256087
Glyma.14G043900.Wm82.a4.v1,0.4328508041038408
Glyma.02G165500.Wm82.a4.v1,0.43280562973076075
Glyma.06G109400.Wm82.a4.v1,0.43280061035597406
Glyma.18G024700.Wm82.a4.v1,0.4327755134820407
Glyma.10G001900.Wm82.a4.v1,0.4327403778585339
Glyma.13G181400.Wm82.a4.v1,0.4326851647358805
Glyma.11G155677.Wm82.a4.v1,0.4326600678619471
Glyma.05G222500.Wm82.a4.v1,0.43265504848716047
Glyma.12G027900.Wm82.a4.v1,0.432584777240147
Glyma.12G096800.Wm82.a4.v1,0.4324743509948401
Glyma.07G155300.Wm82.a4.v1,0.4324542734956934
Glyma.13G166800.Wm82.a4.v1,0.4324241572469733
Glyma.10G160600.Wm82.a4.v1,0.43218322725721287
Glyma.18G036450.Wm82.a4.v1,0.43213303350934607
Glyma.01G097700.Wm82.a4.v1,0.43211797538498603
Glyma.17G253600.Wm82.a4.v1,0.4320778203866926
Glyma.06G036100.Wm82.a4.v1,0.43205272351275925
Glyma.11G223700.Wm82.a4.v1,0.43197241351617244
Glyma.18G018800.Wm82.a4.v1,0.4319623747665991
Glyma.09G029300.Wm82.a4.v1,0.4319623747665991
Glyma.15G187700.Wm82.a4.v1,0.43189712289437227
Glyma.05G189000.Wm82.a4.v1,0.4318318710221455
Glyma.08G062200.Wm82.a4.v1,0.43182183227257215
Glyma.03G152400.Wm82.a4.v1,0.4318067741482121
Glyma.11G242000.Wm82.a4.v1,0.4317917160238521
Glyma.11G138400.Wm82.a4.v1,0.4317415222759853
Glyma.18G224500.Wm82.a4.v1,0.4317214447768386
Glyma.18G011100.Wm82.a4.v1,0.4316511735298251
Glyma.08G292400.Wm82.a4.v1,0.4316110185315317
Glyma.13G235600.Wm82.a4.v1,0.431590941032385
Glyma.17G088500.Wm82.a4.v1,0.43154576665930494
Glyma.05G146300.Wm82.a4.v1,0.4313801272913446
Glyma.04G021300.Wm82.a4.v1,0.43119441042423756
Glyma.08G288700.Wm82.a4.v1,0.4311642941755175
Glyma.02G018600.Wm82.a4.v1,0.431078964804144
Glyma.06G190200.Wm82.a4.v1,0.4310588873049973
Glyma.03G127600.Wm82.a4.v1,0.4310438291806373
Glyma.01G174700.Wm82.a4.v1,0.43096351918405046
Glyma.04G081200.Wm82.a4.v1,0.43091834481097036
Glyma.11G114600.Wm82.a4.v1,0.4308982673118236
Glyma.16G044100.Wm82.a4.v1,0.43076776356737007
Glyma.09G257800.Wm82.a4.v1,0.43063224044812975
Glyma.05G133700.Wm82.a4.v1,0.430582046700263
Glyma.18G252100.Wm82.a4.v1,0.430582046700263
Glyma.06G230600.Wm82.a4.v1,0.4305418917019696
Glyma.06G313200.Wm82.a4.v1,0.43051177545324953
Glyma.15G007700.Wm82.a4.v1,0.43048667857931616
Glyma.09G067200.Wm82.a4.v1,0.4304766398297428
Glyma.19G121400.Wm82.a4.v1,0.43045154295580945
Glyma.01G229200.Wm82.a4.v1,0.43032103921135584
Glyma.10G205500.Wm82.a4.v1,0.4303009617122091
Glyma.10G025400.Wm82.a4.v1,0.4302708454634891
Glyma.06G099100.Wm82.a4.v1,0.4301754773425422
Glyma.07G077600.Wm82.a4.v1,0.4301353223442488
Glyma.11G090900.Wm82.a4.v1,0.43008010922159534
Glyma.08G161000.Wm82.a4.v1,0.43006003172244867
Glyma.17G000300.Wm82.a4.v1,0.43000983797458187
Glyma.17G109700.Wm82.a4.v1,0.4299194892284217
Glyma.06G220900.Wm82.a4.v1,0.4298592567309816
Glyma.05G017900.Wm82.a4.v1,0.42981910173268817
Glyma.08G116000.Wm82.a4.v1,0.42977894673439476
Glyma.01G111900.Wm82.a4.v1,0.4297638886100347
Glyma.10G003500.Wm82.a4.v1,0.42963338486558117
Glyma.10G048400.Wm82.a4.v1,0.4296233461160078
Glyma.16G010400.Wm82.a4.v1,0.42961330736643444
Glyma.06G023600.Wm82.a4.v1,0.42960828799164774
Glyma.11G027800.Wm82.a4.v1,0.4295932298672877
Glyma.03G088400.Wm82.a4.v1,0.42957817174292773
Glyma.09G169600.Wm82.a4.v1,0.42938241612624733
Glyma.05G044900.Wm82.a4.v1,0.42931214487923386
Glyma.13G184500.Wm82.a4.v1,0.4292117573835003
Glyma.12G214600.Wm82.a4.v1,0.42914650551127353
Glyma.18G292300.Wm82.a4.v1,0.4290059630172466
Glyma.14G142100.Wm82.a4.v1,0.42894573051980645
Glyma.09G208400.Wm82.a4.v1,0.4289156142710864
Glyma.11G031500.Wm82.a4.v1,0.42862449053345913
Glyma.09G001100.Wm82.a4.v1,0.4286094324090991
Glyma.05G151700.Wm82.a4.v1,0.4285090449133656
Glyma.16G091800.Wm82.a4.v1,0.42828317304796515
Glyma.18G006900.Wm82.a4.v1,0.428222940550525
Glyma.04G255000.Wm82.a4.v1,0.42811251430521813
Glyma.10G140000.Wm82.a4.v1,0.4281074949304315
Glyma.19G173600.Wm82.a4.v1,0.42795691368683114
Glyma.13G234900.Wm82.a4.v1,0.4279017005641777
Glyma.10G171500.Wm82.a4.v1,0.4278715843154577
Glyma.03G062500.Wm82.a4.v1,0.4277561386953641
Glyma.04G084600.Wm82.a4.v1,0.4276758286987773
Glyma.04G252900.Wm82.a4.v1,0.427525247455177
Glyma.15G003400.Wm82.a4.v1,0.4275202280803903
Glyma.12G032500.Wm82.a4.v1,0.4275202280803903
Glyma.10G084500.Wm82.a4.v1,0.42751018933081697
Glyma.19G117300.Wm82.a4.v1,0.42730439496456324
Glyma.01G200700.Wm82.a4.v1,0.4272692593410565
Glyma.05G089400.Wm82.a4.v1,0.4272692593410565
Glyma.11G229000.Wm82.a4.v1,0.42725420121669644
Glyma.05G135800.Wm82.a4.v1,0.42710361997309615
Glyma.01G214700.Wm82.a4.v1,0.427028329351296
Glyma.20G225500.Wm82.a4.v1,0.42693296123034913
Glyma.19G253000.Wm82.a4.v1,0.42686268998333565
Glyma.05G134500.Wm82.a4.v1,0.4268375931094023
Glyma.09G059900.Wm82.a4.v1,0.42675728311281547
Glyma.03G185200.Wm82.a4.v1,0.42672214748930876
Glyma.10G170500.Wm82.a4.v1,0.4266067018692152
Glyma.11G146000.Wm82.a4.v1,0.4265765856204951
Glyma.06G224300.Wm82.a4.v1,0.42648623687433496
Glyma.01G162700.Wm82.a4.v1,0.42643604312646816
Glyma.13G048500.Wm82.a4.v1,0.4262955006324412
Glyma.11G102900.Wm82.a4.v1,0.4261951131367077
Glyma.16G042500.Wm82.a4.v1,0.4261047643905475
Glyma.20G184400.Wm82.a4.v1,0.4260646093922541
Glyma.08G185300.Wm82.a4.v1,0.4259039893990805
Glyma.17G040500.Wm82.a4.v1,0.42587889252514705
Glyma.09G062000.Wm82.a4.v1,0.42564800128495994
Glyma.11G121600.Wm82.a4.v1,0.4254321681691329
Glyma.16G163600.Wm82.a4.v1,0.42534683879775936
Glyma.03G190600.Wm82.a4.v1,0.4252765675507459
Glyma.15G003900.Wm82.a4.v1,0.4252464513020258
Glyma.06G126700.Wm82.a4.v1,0.4251862188045857
Glyma.19G014100.Wm82.a4.v1,0.4251786897424057
Glyma.20G191400.Wm82.a4.v1,0.42517618005501234
Glyma.09G244200.Wm82.a4.v1,0.42515610255586567
Glyma.16G143500.Wm82.a4.v1,0.4250757925592788
Glyma.12G028800.Wm82.a4.v1,0.42494026944003854
Glyma.03G117600.Wm82.a4.v1,0.42493525006525185
Glyma.03G250000.Wm82.a4.v1,0.42491517256610517
Glyma.09G217000.Wm82.a4.v1,0.4247696106972915
Glyma.06G253700.Wm82.a4.v1,0.42470435882506474
Glyma.17G063800.Wm82.a4.v1,0.42455377758146445
Glyma.01G098700.Wm82.a4.v1,0.424342963840424
Glyma.15G074000.Wm82.a4.v1,0.42431284759170396
Glyma.17G118500.Wm82.a4.v1,0.42419238259682374
Glyma.05G104300.Wm82.a4.v1,0.42412713072459696
Glyma.18G291600.Wm82.a4.v1,0.4240719176019435
Glyma.04G219500.Wm82.a4.v1,0.42392635573312987
Glyma.10G294500.Wm82.a4.v1,0.4238661232356898
Glyma.09G270100.Wm82.a4.v1,0.423830987612183
Glyma.13G139400.Wm82.a4.v1,0.42376573573995624
Glyma.02G119600.Wm82.a4.v1,0.42369044511815607
Glyma.10G019100.Wm82.a4.v1,0.42365530949464936
Glyma.02G066700.Wm82.a4.v1,0.42365530949464936
Glyma.08G159800.Wm82.a4.v1,0.4235499026241291
Glyma.07G213700.Wm82.a4.v1,0.4235398638745558
Glyma.04G002700.Wm82.a4.v1,0.4232738370108619
Glyma.10G188200.Wm82.a4.v1,0.423148352641195
Glyma.03G005200.Wm82.a4.v1,0.4230680426446082
Glyma.10G011100.Wm82.a4.v1,0.42303290702110147
Glyma.05G041300.Wm82.a4.v1,0.42296765514887463
Glyma.10G284900.Wm82.a4.v1,0.4228321320296344
Glyma.13G330100.Wm82.a4.v1,0.4227217057843275
Glyma.13G152100.Wm82.a4.v1,0.42258116329030054
Glyma.01G013800.Wm82.a4.v1,0.4225259501676471
Glyma.09G025000.Wm82.a4.v1,0.42249583391892703
Glyma.09G204200.Wm82.a4.v1,0.4224857951693537
Glyma.04G101500.Wm82.a4.v1,0.4224857951693537
Glyma.15G038000.Wm82.a4.v1,0.42248077579456705
Glyma.01G131900.Wm82.a4.v1,0.4224155239223402
Glyma.10G042900.Wm82.a4.v1,0.4224155239223402
Glyma.04G016500.Wm82.a4.v1,0.42237034954926017
Glyma.01G095100.Wm82.a4.v1,0.4223603107996868
Glyma.18G008200.Wm82.a4.v1,0.42235027205011344
Glyma.11G193700.Wm82.a4.v1,0.42234525267532674
Glyma.01G123900.Wm82.a4.v1,0.42226494267873993
Glyma.14G031400.Wm82.a4.v1,0.4222498845543799
Glyma.04G124300.Wm82.a4.v1,0.42223984580480656
Glyma.15G203400.Wm82.a4.v1,0.422124400184713
Glyma.11G139400.Wm82.a4.v1,0.42208926456120627
Glyma.17G122700.Wm82.a4.v1,0.42203907081333947
Glyma.07G105900.Wm82.a4.v1,0.4219738189411127
Glyma.14G016900.Wm82.a4.v1,0.421953741441966
Glyma.08G104800.Wm82.a4.v1,0.4219035476940992
Glyma.03G069600.Wm82.a4.v1,0.42180316019836567
Glyma.15G147200.Wm82.a4.v1,0.4217881020740057
Glyma.02G161600.Wm82.a4.v1,0.42168269520348545
Glyma.20G124800.Wm82.a4.v1,0.4216575983295521
Glyma.13G084300.Wm82.a4.v1,0.421627482080832
Glyma.13G262100.Wm82.a4.v1,0.42161744333125867
Glyma.15G063300.Wm82.a4.v1,0.4213062420944847
Glyma.14G187700.Wm82.a4.v1,0.4212058545987512
Glyma.02G166300.Wm82.a4.v1,0.42117071897524444
Glyma.02G005700.Wm82.a4.v1,0.42113056397695103
Glyma.03G008400.Wm82.a4.v1,0.4211104864778043
Glyma.11G248200.Wm82.a4.v1,0.4210703314795109
Glyma.07G181500.Wm82.a4.v1,0.4210452346055775
Glyma.15G056300.Wm82.a4.v1,0.4209498664846307
Glyma.04G215300.Wm82.a4.v1,0.42089465336197723
Glyma.18G043600.Wm82.a4.v1,0.4208846146124039
Glyma.13G185300.Wm82.a4.v1,0.4208846146124039
Glyma.09G023400.Wm82.a4.v1,0.4208344208645371
Glyma.13G072700.Wm82.a4.v1,0.420804304615817
Glyma.01G026500.Wm82.a4.v1,0.4207239946192302
Glyma.18G262500.Wm82.a4.v1,0.42067380087136347
Glyma.10G071500.Wm82.a4.v1,0.4206436846226434
Glyma.11G242300.Wm82.a4.v1,0.42058847149998996
Glyma.10G279900.Wm82.a4.v1,0.4205131808781898
Glyma.12G235700.Wm82.a4.v1,0.4203826771337362
Glyma.11G208400.Wm82.a4.v1,0.4203726383841629
Glyma.11G026600.Wm82.a4.v1,0.4202873090127894
Glyma.02G127200.Wm82.a4.v1,0.42027727026321604
Glyma.04G065500.Wm82.a4.v1,0.42020197964141587
Glyma.12G158800.Wm82.a4.v1,0.42018692151705583
Glyma.03G262800.Wm82.a4.v1,0.4201467665187624
Glyma.17G069400.Wm82.a4.v1,0.41987572028028186
Glyma.09G209900.Wm82.a4.v1,0.4198506234063485
Glyma.11G046900.Wm82.a4.v1,0.4197853715341217
Glyma.11G100000.Wm82.a4.v1,0.41973517778625496
Glyma.16G100600.Wm82.a4.v1,0.41973517778625496
Glyma.14G134100.Wm82.a4.v1,0.4196398096653081
Glyma.13G096500.Wm82.a4.v1,0.41959965466701465
Glyma.01G196600.Wm82.a4.v1,0.419579577167868
Glyma.11G092100.Wm82.a4.v1,0.41955949966872125
Glyma.13G128600.Wm82.a4.v1,0.41952436404521454
Glyma.13G026901.Wm82.a4.v1,0.41948922842170777
Glyma.06G301500.Wm82.a4.v1,0.41945911217298776
Glyma.05G117300.Wm82.a4.v1,0.41936374405204085
Glyma.04G204800.Wm82.a4.v1,0.41932358905374745
Glyma.05G037500.Wm82.a4.v1,0.4191755174975405
Glyma.15G203700.Wm82.a4.v1,0.4191177946874937
Glyma.08G316100.Wm82.a4.v1,0.4191077559379204
Glyma.19G051000.Wm82.a4.v1,0.4189170196960267
Glyma.11G087600.Wm82.a4.v1,0.41881663220029314
Glyma.18G221700.Wm82.a4.v1,0.418756399702853
Glyma.15G104200.Wm82.a4.v1,0.4182946172224788
Glyma.18G216400.Wm82.a4.v1,0.41812897785451847
Glyma.16G005800.Wm82.a4.v1,0.41806372598229163
Glyma.10G052700.Wm82.a4.v1,0.41804364848314496
Glyma.12G061900.Wm82.a4.v1,0.41804364848314496
Glyma.20G123700.Wm82.a4.v1,0.4179733772361315
Glyma.11G026400.Wm82.a4.v1,0.4179683578613448
Glyma.04G214800.Wm82.a4.v1,0.41791816411347804
Glyma.03G193800.Wm82.a4.v1,0.41791816411347804
Glyma.06G071600.Wm82.a4.v1,0.4178629509908246
Glyma.07G007300.Wm82.a4.v1,0.41784287349167787
Glyma.18G089600.Wm82.a4.v1,0.4178378541168912
Glyma.19G149600.Wm82.a4.v1,0.41779769911859777
Glyma.11G159857.Wm82.a4.v1,0.41767221474893085
Glyma.06G209100.Wm82.a4.v1,0.4175567691288373
Glyma.13G044900.Wm82.a4.v1,0.4175065753809705
Glyma.17G189600.Wm82.a4.v1,0.4174513622583171
Glyma.02G273300.Wm82.a4.v1,0.4174112072600237
Glyma.01G179900.Wm82.a4.v1,0.41740116851045034
Glyma.09G153600.Wm82.a4.v1,0.4173509747625836
Glyma.06G168300.Wm82.a4.v1,0.4173007810147168
Glyma.13G061700.Wm82.a4.v1,0.4172932519525368
Glyma.10G294200.Wm82.a4.v1,0.41725560664163674
Glyma.02G269700.Wm82.a4.v1,0.41723552914249
Glyma.13G206500.Wm82.a4.v1,0.41721043226855664
Glyma.09G009400.Wm82.a4.v1,0.41717027727026323
Glyma.15G183400.Wm82.a4.v1,0.41716023852068984
Glyma.05G020500.Wm82.a4.v1,0.41710000602324976
Glyma.01G110900.Wm82.a4.v1,0.41701969602666294
Glyma.18G212800.Wm82.a4.v1,0.41700965727708955
Glyma.03G176100.Wm82.a4.v1,0.41697452165358284
Glyma.18G233600.Wm82.a4.v1,0.4167436304133957
Glyma.02G221300.Wm82.a4.v1,0.4167034754151023
Glyma.20G097200.Wm82.a4.v1,0.4166382235428755
Glyma.19G084400.Wm82.a4.v1,0.41657799104543536
Glyma.04G217200.Wm82.a4.v1,0.4163772160539683
Glyma.02G001600.Wm82.a4.v1,0.4162969060573815
Glyma.07G155400.Wm82.a4.v1,0.4162718091834481
Glyma.11G222900.Wm82.a4.v1,0.41620153793643466
Glyma.05G136800.Wm82.a4.v1,0.41617644106250123
Glyma.07G231900.Wm82.a4.v1,0.4160810729415544
Glyma.11G050600.Wm82.a4.v1,0.41606601481719435
Glyma.16G041500.Wm82.a4.v1,0.41595056919710083
Glyma.11G138100.Wm82.a4.v1,0.415885317324874
Glyma.12G041100.Wm82.a4.v1,0.4158652398257273
Glyma.04G205100.Wm82.a4.v1,0.41584014295179395
Glyma.15G129100.Wm82.a4.v1,0.4158200654526472
Glyma.02G150400.Wm82.a4.v1,0.41572469733170037
Glyma.02G022400.Wm82.a4.v1,0.4156494067099002
Glyma.14G162800.Wm82.a4.v1,0.4155841548376734
Glyma.01G124602.Wm82.a4.v1,0.4155490192141667
Glyma.03G028400.Wm82.a4.v1,0.41547874796715323
Glyma.12G181500.Wm82.a4.v1,0.41542855421928643
Glyma.01G201100.Wm82.a4.v1,0.41535828297227295
Glyma.13G340000.Wm82.a4.v1,0.4152729536008995
Glyma.09G206600.Wm82.a4.v1,0.41524283735217943
Glyma.09G249500.Wm82.a4.v1,0.415202682353886
Glyma.03G179100.Wm82.a4.v1,0.41501194611199227
Glyma.14G181100.Wm82.a4.v1,0.4149115586162588
Glyma.05G041600.Wm82.a4.v1,0.41477101612223183
Glyma.13G339000.Wm82.a4.v1,0.41476599674744513
Glyma.10G191400.Wm82.a4.v1,0.4146706286264983
Glyma.09G123500.Wm82.a4.v1,0.4146254542534182
Glyma.03G258600.Wm82.a4.v1,0.4144447567610978
Glyma.06G120500.Wm82.a4.v1,0.41442467926195115
Glyma.05G129800.Wm82.a4.v1,0.4143594273897243
Glyma.17G108300.Wm82.a4.v1,0.41426405926877746
Glyma.10G178000.Wm82.a4.v1,0.41423394302005745
Glyma.02G045700.Wm82.a4.v1,0.4142188848956974
Glyma.02G059200.Wm82.a4.v1,0.41406830365209707
Glyma.15G158300.Wm82.a4.v1,0.41399301303029695
Glyma.19G067900.Wm82.a4.v1,0.41394783865721685
Glyma.16G146400.Wm82.a4.v1,0.4138775674102034
Glyma.04G115700.Wm82.a4.v1,0.41382737366233663
Glyma.05G004500.Wm82.a4.v1,0.4137671411648965
Glyma.09G231400.Wm82.a4.v1,0.41371694741702975
Glyma.18G005200.Wm82.a4.v1,0.4135312305499227
Glyma.13G087200.Wm82.a4.v1,0.4135061336759893
Glyma.17G003400.Wm82.a4.v1,0.4134459011785492
Glyma.04G053300.Wm82.a4.v1,0.41340072680546913
Glyma.09G213600.Wm82.a4.v1,0.41316481619049533
Glyma.02G078100.Wm82.a4.v1,0.41315477744092194
Glyma.01G156600.Wm82.a4.v1,0.41311964181741523
Glyma.03G229500.Wm82.a4.v1,0.413029293071255
Glyma.04G209000.Wm82.a4.v1,0.4129941574477483
Glyma.08G220800.Wm82.a4.v1,0.41296906057381494
Glyma.20G217000.Wm82.a4.v1,0.41292388620073484
Glyma.04G063900.Wm82.a4.v1,0.4128887505772281
Glyma.02G152700.Wm82.a4.v1,0.4127431887084145
Glyma.20G018300.Wm82.a4.v1,0.41266287871182766
Glyma.09G231000.Wm82.a4.v1,0.4126528399622543
Glyma.14G017800.Wm82.a4.v1,0.4125574718413074
Glyma.04G148400.Wm82.a4.v1,0.41253739434216075
Glyma.06G314300.Wm82.a4.v1,0.412487200594294
Glyma.20G166800.Wm82.a4.v1,0.4123215612263336
Glyma.20G140800.Wm82.a4.v1,0.4122713674784669
Glyma.02G308000.Wm82.a4.v1,0.41222117373060013
Glyma.16G045700.Wm82.a4.v1,0.41221113498102674
Glyma.02G312000.Wm82.a4.v1,0.41207059248699984
Glyma.15G114400.Wm82.a4.v1,0.41194008874254623
Glyma.06G001400.Wm82.a4.v1,0.4118949143694661
Glyma.13G074600.Wm82.a4.v1,0.41176441062501257
Glyma.01G113000.Wm82.a4.v1,0.4117292750015058
Glyma.07G271000.Wm82.a4.v1,0.41169915875278573
Glyma.08G004100.Wm82.a4.v1,0.4116037906318389
Glyma.20G162500.Wm82.a4.v1,0.4113327443933584
Glyma.06G169100.Wm82.a4.v1,0.4111721244001847
Glyma.15G107100.Wm82.a4.v1,0.41116710502539805
Glyma.12G189700.Wm82.a4.v1,0.41108177565402454
Glyma.15G073300.Wm82.a4.v1,0.4110667175296645
Glyma.15G269200.Wm82.a4.v1,0.410981388158291
Glyma.02G227300.Wm82.a4.v1,0.4109060975364909
Glyma.12G220900.Wm82.a4.v1,0.41084586503905074
Glyma.09G281200.Wm82.a4.v1,0.41084084566426404
Glyma.07G134000.Wm82.a4.v1,0.4107906519163973
Glyma.03G233000.Wm82.a4.v1,0.4107655550424639
Glyma.06G141500.Wm82.a4.v1,0.4105898769249302
Glyma.13G069300.Wm82.a4.v1,0.41049450880398336
Glyma.03G096300.Wm82.a4.v1,0.4104744313048367
Glyma.18G010500.Wm82.a4.v1,0.41046941193005
Glyma.13G312600.Wm82.a4.v1,0.4103589856847431
Glyma.10G192200.Wm82.a4.v1,0.4102485594394362
Glyma.08G016900.Wm82.a4.v1,0.41022346256550285
Glyma.15G133700.Wm82.a4.v1,0.4102084044411428
Glyma.17G200500.Wm82.a4.v1,0.4102084044411428
Glyma.11G147500.Wm82.a4.v1,0.41017326881763605
Glyma.03G161100.Wm82.a4.v1,0.41010299757062263
Glyma.05G238800.Wm82.a4.v1,0.4100829200714759
Glyma.16G097200.Wm82.a4.v1,0.4100427650731825
Glyma.09G002200.Wm82.a4.v1,0.41003272632360915
Glyma.15G257600.Wm82.a4.v1,0.4099775132009557
Glyma.17G051500.Wm82.a4.v1,0.4099122613287289
Glyma.01G019600.Wm82.a4.v1,0.4098118738329954
Glyma.10G203800.Wm82.a4.v1,0.4096060794667416
Glyma.14G105900.Wm82.a4.v1,0.40960106009195496
Glyma.11G161000.Wm82.a4.v1,0.4095759632180216
Glyma.08G325300.Wm82.a4.v1,0.4095709438432349
Glyma.02G081500.Wm82.a4.v1,0.40932499447868775
Glyma.04G231600.Wm82.a4.v1,0.4093099363543277
Glyma.10G185100.Wm82.a4.v1,0.40921456823338087
Glyma.17G032500.Wm82.a4.v1,0.40919951010902084
Glyma.13G211200.Wm82.a4.v1,0.40919951010902084
Glyma.14G080400.Wm82.a4.v1,0.409134258236794
Glyma.08G319800.Wm82.a4.v1,0.40895356074447364
Glyma.10G141400.Wm82.a4.v1,0.408948541369687
Glyma.08G285700.Wm82.a4.v1,0.40865741763205976
Glyma.19G122700.Wm82.a4.v1,0.40853193326239284
Glyma.11G145854.Wm82.a4.v1,0.40846668139016606
Glyma.08G223200.Wm82.a4.v1,0.408436565141446
Glyma.20G122400.Wm82.a4.v1,0.4082458288995523
Glyma.17G069800.Wm82.a4.v1,0.40813540265424536
Glyma.16G130700.Wm82.a4.v1,0.4080299957837252
Glyma.20G147400.Wm82.a4.v1,0.40794466641235166
Glyma.01G162800.Wm82.a4.v1,0.4079195695384183
Glyma.08G358300.Wm82.a4.v1,0.40781918204268475
Glyma.11G235200.Wm82.a4.v1,0.4077288332965246
Glyma.18G242500.Wm82.a4.v1,0.40771879454695126
Glyma.13G300700.Wm82.a4.v1,0.407613387676431
Glyma.08G272800.Wm82.a4.v1,0.40754311642941754
Glyma.01G089900.Wm82.a4.v1,0.40748288393197746
Glyma.14G150400.Wm82.a4.v1,0.4073674383118839
Glyma.03G256600.Wm82.a4.v1,0.4072921476900837
Glyma.18G099700.Wm82.a4.v1,0.40722187644307023
Glyma.13G359800.Wm82.a4.v1,0.40701106270202986
Glyma.16G147900.Wm82.a4.v1,0.40696086895416306
Glyma.03G220300.Wm82.a4.v1,0.4069558495793764
Glyma.17G002600.Wm82.a4.v1,0.40677515208705606
Glyma.16G208600.Wm82.a4.v1,0.4067400164635493
Glyma.02G019400.Wm82.a4.v1,0.40663962896781575
Glyma.09G206000.Wm82.a4.v1,0.40656935772080227
Glyma.11G141500.Wm82.a4.v1,0.40656935772080227
Glyma.04G064100.Wm82.a4.v1,0.40640873772762864
Glyma.01G153600.Wm82.a4.v1,0.40612765273957474
Glyma.13G239900.Wm82.a4.v1,0.40609753649085467
Glyma.12G004000.Wm82.a4.v1,0.4060824783664947
Glyma.02G022500.Wm82.a4.v1,0.40606240086734796
Glyma.13G042100.Wm82.a4.v1,0.40590178087417433
Glyma.09G241100.Wm82.a4.v1,0.4057712771297207
Glyma.02G101500.Wm82.a4.v1,0.405766257754934
Glyma.06G024600.Wm82.a4.v1,0.405736141506214
Glyma.20G191700.Wm82.a4.v1,0.40565583150962714
Glyma.01G215800.Wm82.a4.v1,0.405580540887827
Glyma.18G068800.Wm82.a4.v1,0.4055253277651736
Glyma.10G073800.Wm82.a4.v1,0.4054550565181601
Glyma.01G131300.Wm82.a4.v1,0.4054349790190134
Glyma.03G256800.Wm82.a4.v1,0.4052593009014797
Glyma.20G225000.Wm82.a4.v1,0.4051789909048929
Glyma.17G149300.Wm82.a4.v1,0.40512377778223946
Glyma.04G012400.Wm82.a4.v1,0.405053506535226
Glyma.19G147700.Wm82.a4.v1,0.4049832352882125
Glyma.06G112800.Wm82.a4.v1,0.4048175959202522
Glyma.16G146900.Wm82.a4.v1,0.4047674021723854
Glyma.10G023900.Wm82.a4.v1,0.40444114281125143
Glyma.10G158000.Wm82.a4.v1,0.4044210653121047
Glyma.18G238000.Wm82.a4.v1,0.4043959684381713
Glyma.08G244900.Wm82.a4.v1,0.40433071656594455
Glyma.01G045200.Wm82.a4.v1,0.4043156584415845
Glyma.08G105800.Wm82.a4.v1,0.40428554219286444
Glyma.06G270300.Wm82.a4.v1,0.4040797478266107
Glyma.09G273200.Wm82.a4.v1,0.4040395928283173
Glyma.10G252200.Wm82.a4.v1,0.40402453470395727
Glyma.20G099300.Wm82.a4.v1,0.40397936033087717
Glyma.09G116000.Wm82.a4.v1,0.40394422470737046
Glyma.08G285500.Wm82.a4.v1,0.40394422470737046
Glyma.02G257200.Wm82.a4.v1,0.40358282972272974
Glyma.04G171200.Wm82.a4.v1,0.4035727909731564
Glyma.10G260500.Wm82.a4.v1,0.40350753910092957
Glyma.01G137300.Wm82.a4.v1,0.4035025197261429
Glyma.03G228500.Wm82.a4.v1,0.4034473066034895
Glyma.14G211000.Wm82.a4.v1,0.4034372678539161
Glyma.09G140300.Wm82.a4.v1,0.40343224847912945
Glyma.15G222400.Wm82.a4.v1,0.4033971128556227
Glyma.08G362600.Wm82.a4.v1,0.40338205473126265
Glyma.20G116000.Wm82.a4.v1,0.4032917059851025
Glyma.07G123600.Wm82.a4.v1,0.40327664786074247
Glyma.20G145800.Wm82.a4.v1,0.4032013572389423
Glyma.03G236500.Wm82.a4.v1,0.40302567912140863
Glyma.06G262900.Wm82.a4.v1,0.4030156403718353
Glyma.08G346000.Wm82.a4.v1,0.4029704659987552
Glyma.20G222100.Wm82.a4.v1,0.4029353303752485
Glyma.15G230300.Wm82.a4.v1,0.40263918726283454
Glyma.08G314600.Wm82.a4.v1,0.40260405163932783
Glyma.07G171600.Wm82.a4.v1,0.4025086835183809
Glyma.17G194700.Wm82.a4.v1,0.4024133153974341
Glyma.05G023300.Wm82.a4.v1,0.4022426566546871
Glyma.09G237300.Wm82.a4.v1,0.40213223040938023
Glyma.15G043600.Wm82.a4.v1,0.40206195916236676
Glyma.07G042400.Wm82.a4.v1,0.4019615716666332
Glyma.10G058300.Wm82.a4.v1,0.40191137791876647
Glyma.04G020900.Wm82.a4.v1,0.401871222920473
Glyma.03G152100.Wm82.a4.v1,0.4018360872969663
Glyma.02G226100.Wm82.a4.v1,0.4018360872969663
Glyma.20G075100.Wm82.a4.v1,0.4017156223020861
Glyma.19G245100.Wm82.a4.v1,0.40130905294436525
Glyma.10G134200.Wm82.a4.v1,0.4012538398217118
Glyma.14G018000.Wm82.a4.v1,0.4012136848234184
Glyma.16G040900.Wm82.a4.v1,0.40096773545887127
Glyma.03G230200.Wm82.a4.v1,0.40087236733792436
Glyma.07G244600.Wm82.a4.v1,0.40087236733792436
Glyma.18G130100.Wm82.a4.v1,0.4008673479631377
Glyma.06G028100.Wm82.a4.v1,0.4006565342220973
Glyma.05G205200.Wm82.a4.v1,0.40056618547593714
Glyma.11G210335.Wm82.a4.v1,0.4003905073584034
Glyma.14G210700.Wm82.a4.v1,0.4003905073584034
Glyma.02G267800.Wm82.a4.v1,0.40036039110968336
Glyma.13G312200.Wm82.a4.v1,0.40021984861565646
Glyma.09G253100.Wm82.a4.v1,0.40019475174172303
Glyma.02G271100.Wm82.a4.v1,0.40002409299897607
Glyma.19G200100.Wm82.a4.v1,0.4000140542494027
Glyma.09G193900.Wm82.a4.v1,0.3998283373822957
Glyma.15G100800.Wm82.a4.v1,0.3998032405083623
Glyma.01G234700.Wm82.a4.v1,0.399682775513482
Glyma.15G048600.Wm82.a4.v1,0.3996727367639087
Glyma.14G162600.Wm82.a4.v1,0.399482000522015
Glyma.07G092600.Wm82.a4.v1,0.3993514967775614
Glyma.20G224500.Wm82.a4.v1,0.3989599855442006
Glyma.15G202000.Wm82.a4.v1,0.39890477242154715
Glyma.07G101700.Wm82.a4.v1,0.3987039974300801
Glyma.16G153300.Wm82.a4.v1,0.39867890055614674
Glyma.12G001700.Wm82.a4.v1,0.39867388118136005
Glyma.17G145500.Wm82.a4.v1,0.39862870680827994
Glyma.10G285900.Wm82.a4.v1,0.398488164314253
Glyma.17G224700.Wm82.a4.v1,0.3984128736924529
Glyma.19G021700.Wm82.a4.v1,0.3984128736924529
Glyma.15G153500.Wm82.a4.v1,0.39831248619671933
Glyma.10G221900.Wm82.a4.v1,0.39818198245226577
Glyma.08G068000.Wm82.a4.v1,0.3981769630774791
Glyma.05G098800.Wm82.a4.v1,0.3981719437026924
Glyma.11G217500.Wm82.a4.v1,0.3981518662035457
Glyma.08G202900.Wm82.a4.v1,0.39813680807918567
Glyma.11G184700.Wm82.a4.v1,0.39813178870439897
Glyma.18G279600.Wm82.a4.v1,0.39809665308089226
Glyma.18G300600.Wm82.a4.v1,0.3980615174573855
Glyma.12G055100.Wm82.a4.v1,0.3980314012086654
Glyma.01G025200.Wm82.a4.v1,0.3980213624590921
Glyma.14G092400.Wm82.a4.v1,0.39789587808942517
Glyma.13G345200.Wm82.a4.v1,0.3977854518441183
Glyma.12G108000.Wm82.a4.v1,0.3977201999718915
Glyma.06G171500.Wm82.a4.v1,0.39758467685265125
Glyma.08G340800.Wm82.a4.v1,0.3975696187282912
Glyma.14G170800.Wm82.a4.v1,0.3975545606039312
Glyma.04G086900.Wm82.a4.v1,0.3974692312325577
Glyma.10G221800.Wm82.a4.v1,0.39736884373682413
Glyma.05G238600.Wm82.a4.v1,0.39722328186801054
Glyma.09G012500.Wm82.a4.v1,0.39715301062099706
Glyma.13G153120.Wm82.a4.v1,0.3970425843756902
Glyma.18G217100.Wm82.a4.v1,0.3970074487521834
Glyma.20G104300.Wm82.a4.v1,0.3970074487521834
Glyma.01G169700.Wm82.a4.v1,0.39697733250346334
Glyma.06G323700.Wm82.a4.v1,0.3968418093842231
Glyma.03G096400.Wm82.a4.v1,0.39683177063464975
Glyma.14G166100.Wm82.a4.v1,0.39682675125986305
Glyma.02G072000.Wm82.a4.v1,0.39678659626156965
Glyma.02G264000.Wm82.a4.v1,0.39668118939104946
Glyma.20G179500.Wm82.a4.v1,0.3966460537675427
Glyma.17G097800.Wm82.a4.v1,0.3965657437709559
Glyma.15G004700.Wm82.a4.v1,0.3965456662718092
Glyma.11G006400.Wm82.a4.v1,0.39651555002308914
Glyma.02G247800.Wm82.a4.v1,0.39651053064830244
Glyma.05G114300.Wm82.a4.v1,0.39648041439958237
Glyma.05G027700.Wm82.a4.v1,0.39647037565000903
Glyma.07G212700.Wm82.a4.v1,0.396284658782902
Glyma.13G096800.Wm82.a4.v1,0.39611901941494165
Glyma.11G202100.Wm82.a4.v1,0.39607886441664825
Glyma.20G136900.Wm82.a4.v1,0.3960487481679282
Glyma.17G120200.Wm82.a4.v1,0.3960236512939948
Glyma.04G116700.Wm82.a4.v1,0.39600357379484813
Glyma.04G197900.Wm82.a4.v1,0.39592828317304796
Glyma.08G176600.Wm82.a4.v1,0.3959031862991146
Glyma.17G079900.Wm82.a4.v1,0.3958580119260345
Glyma.04G063700.Wm82.a4.v1,0.3958178569277411
Glyma.13G122200.Wm82.a4.v1,0.39569739193286085
Glyma.17G063500.Wm82.a4.v1,0.3956622563093541
Glyma.06G156400.Wm82.a4.v1,0.3956421788102074
Glyma.U041300.Wm82.a4.v1,0.39556688818840724
Glyma.09G091200.Wm82.a4.v1,0.39552171381532714
Glyma.17G017700.Wm82.a4.v1,0.39546148131788705
Glyma.07G072200.Wm82.a4.v1,0.39546148131788705
Glyma.05G185700.Wm82.a4.v1,0.39542132631959365
Glyma.18G298600.Wm82.a4.v1,0.39541630694480695
Glyma.09G126300.Wm82.a4.v1,0.3951502800811131
Glyma.08G192500.Wm82.a4.v1,0.39513522195675305
Glyma.12G030400.Wm82.a4.v1,0.395090047583673
Glyma.13G277100.Wm82.a4.v1,0.3950498925853796
Glyma.03G212300.Wm82.a4.v1,0.3950498925853796
Glyma.14G190900.Wm82.a4.v1,0.3949746019635794
Glyma.13G298000.Wm82.a4.v1,0.3949645632140061
Glyma.09G018000.Wm82.a4.v1,0.394778846346899
Glyma.08G176000.Wm82.a4.v1,0.3946533619772321
Glyma.10G244000.Wm82.a4.v1,0.39442749011183165
Glyma.11G138800.Wm82.a4.v1,0.394266870118658
Glyma.18G034700.Wm82.a4.v1,0.39423675386993795
Glyma.06G121300.Wm82.a4.v1,0.3942166763707913
Glyma.12G078800.Wm82.a4.v1,0.39420161824643124
Glyma.14G076200.Wm82.a4.v1,0.3939807657558175
Glyma.10G296700.Wm82.a4.v1,0.393910494508804
Glyma.06G123100.Wm82.a4.v1,0.3938853976348706
Glyma.08G020300.Wm82.a4.v1,0.3938703395105106
Glyma.09G017400.Wm82.a4.v1,0.3937799907643504
Glyma.19G168500.Wm82.a4.v1,0.3936946613929769
Glyma.01G233200.Wm82.a4.v1,0.39368462264340354
Glyma.10G042800.Wm82.a4.v1,0.3936243901459634
Glyma.13G330400.Wm82.a4.v1,0.3935892545224567
Glyma.17G255900.Wm82.a4.v1,0.3935641576485233
Glyma.04G154500.Wm82.a4.v1,0.39348886702672314
Glyma.03G120000.Wm82.a4.v1,0.3933884795309896
Glyma.01G176300.Wm82.a4.v1,0.3933182082839761
Glyma.09G116100.Wm82.a4.v1,0.3930421426707089
Glyma.12G189800.Wm82.a4.v1,0.39301704579677554
Glyma.10G220800.Wm82.a4.v1,0.39298191017326883
Glyma.14G081700.Wm82.a4.v1,0.39297187142369544
Glyma.13G041200.Wm82.a4.v1,0.3927510189330817
Glyma.02G276400.Wm82.a4.v1,0.3922791977031341
Glyma.02G195000.Wm82.a4.v1,0.39199309334029353
Glyma.14G132600.Wm82.a4.v1,0.3919830545907202
Glyma.18G289000.Wm82.a4.v1,0.3919479189672134
Glyma.01G207300.Wm82.a4.v1,0.39188266709498665
Glyma.03G059200.Wm82.a4.v1,0.39177224084967976
Glyma.10G002100.Wm82.a4.v1,0.39110968337783847
Glyma.13G348800.Wm82.a4.v1,0.39110466400305177
Glyma.08G150200.Wm82.a4.v1,0.3907733852671311
Glyma.06G290600.Wm82.a4.v1,0.3906479008974642
Glyma.03G235800.Wm82.a4.v1,0.3906428815226775
Glyma.10G159800.Wm82.a4.v1,0.39062782339831753
Glyma.15G123900.Wm82.a4.v1,0.390527435902584
Glyma.04G251800.Wm82.a4.v1,0.39050735840343725
Glyma.13G161700.Wm82.a4.v1,0.39038689340855703
Glyma.10G089200.Wm82.a4.v1,0.3903366996606903
Glyma.15G255600.Wm82.a4.v1,0.3902463509145301
Glyma.09G138300.Wm82.a4.v1,0.3902413315397434
Glyma.08G008300.Wm82.a4.v1,0.39008573092135645
Glyma.01G203300.Wm82.a4.v1,0.390030517798703
Glyma.08G090600.Wm82.a4.v1,0.3898197040576626
Glyma.11G123000.Wm82.a4.v1,0.38969421968799567
Glyma.10G215100.Wm82.a4.v1,0.3895586965687554
Glyma.10G142600.Wm82.a4.v1,0.38944827032344853
Glyma.10G060700.Wm82.a4.v1,0.38937799907643506
Glyma.18G078600.Wm82.a4.v1,0.3893428634529283
Glyma.13G088200.Wm82.a4.v1,0.3892324372076214
Glyma.03G006500.Wm82.a4.v1,0.3891722047101813
Glyma.01G172000.Wm82.a4.v1,0.3891671853353946
Glyma.06G322300.Wm82.a4.v1,0.38914208846146126
Glyma.13G276500.Wm82.a4.v1,0.38896641034392754
Glyma.01G226900.Wm82.a4.v1,0.3889212359708475
Glyma.16G026300.Wm82.a4.v1,0.3889162165960608
Glyma.18G234100.Wm82.a4.v1,0.38867026723151366
Glyma.14G218200.Wm82.a4.v1,0.3886351316080069
Glyma.03G083200.Wm82.a4.v1,0.38863011223322025
Glyma.01G004500.Wm82.a4.v1,0.3885748991105668
Glyma.03G177400.Wm82.a4.v1,0.38851968598791337
Glyma.12G189100.Wm82.a4.v1,0.3884895697391933
Glyma.10G034300.Wm82.a4.v1,0.38847953098961996
Glyma.17G151300.Wm82.a4.v1,0.38845443411568653
Glyma.08G061000.Wm82.a4.v1,0.3884092597426065
Glyma.05G056300.Wm82.a4.v1,0.38839420161824645
Glyma.09G047200.Wm82.a4.v1,0.38830385287208624
Glyma.02G236700.Wm82.a4.v1,0.3879424578874455
Glyma.07G018400.Wm82.a4.v1,0.3877818378942719
Glyma.07G190200.Wm82.a4.v1,0.3876613728993917
Glyma.01G019400.Wm82.a4.v1,0.3874656172827113
Glyma.07G087500.Wm82.a4.v1,0.38744553978356455
Glyma.08G241300.Wm82.a4.v1,0.38732005541389763
Glyma.01G006700.Wm82.a4.v1,0.38727488104081753
Glyma.10G057000.Wm82.a4.v1,0.3872196679181641
Glyma.13G092300.Wm82.a4.v1,0.38716947417029735
Glyma.13G114700.Wm82.a4.v1,0.3870490091754171
Glyma.13G326400.Wm82.a4.v1,0.38704398980063043
Glyma.20G022400.Wm82.a4.v1,0.38702391230148375
Glyma.08G336800.Wm82.a4.v1,0.38702391230148375
Glyma.06G038600.Wm82.a4.v1,0.38701889292669706
Glyma.20G153700.Wm82.a4.v1,0.3869410926175036
Glyma.09G107600.Wm82.a4.v1,0.38678298231172326
Glyma.20G202900.Wm82.a4.v1,0.38662738169333627
Glyma.12G170300.Wm82.a4.v1,0.3866073041941896
Glyma.19G240400.Wm82.a4.v1,0.38659224606982956
Glyma.15G084100.Wm82.a4.v1,0.3865771879454695
Glyma.11G222000.Wm82.a4.v1,0.38645672295058925
Glyma.08G315300.Wm82.a4.v1,0.386321199831349
Glyma.13G361000.Wm82.a4.v1,0.386321199831349
Glyma.19G017200.Wm82.a4.v1,0.3862107735860421
Glyma.17G191500.Wm82.a4.v1,0.3861957154616821
Glyma.03G216300.Wm82.a4.v1,0.38603509546850845
Glyma.U031420.Wm82.a4.v1,0.3859598048467083
Glyma.19G131600.Wm82.a4.v1,0.3858293011022547
Glyma.12G046200.Wm82.a4.v1,0.3857489911056679
Glyma.04G065900.Wm82.a4.v1,0.3856335454855743
Glyma.03G023401.Wm82.a4.v1,0.38536249924709376
Glyma.19G105100.Wm82.a4.v1,0.38536249924709376
Glyma.07G200400.Wm82.a4.v1,0.3852771698757203
Glyma.17G123800.Wm82.a4.v1,0.3852721505009336
Glyma.11G251700.Wm82.a4.v1,0.38523701487742684
Glyma.18G078200.Wm82.a4.v1,0.38522195675306686
Glyma.09G277602.Wm82.a4.v1,0.3851868211295601
Glyma.14G192900.Wm82.a4.v1,0.38511153050776
Glyma.19G064700.Wm82.a4.v1,0.38496596863894633
Glyma.08G055600.Wm82.a4.v1,0.3848806392675728
Glyma.03G000100.Wm82.a4.v1,0.38481538739534604
Glyma.01G042400.Wm82.a4.v1,0.384800329270986
Glyma.13G063500.Wm82.a4.v1,0.3845644186560122
Glyma.15G028000.Wm82.a4.v1,0.38451422490814546
Glyma.16G003000.Wm82.a4.v1,0.3844841086594254
Glyma.13G276000.Wm82.a4.v1,0.38433854679061175
Glyma.02G032800.Wm82.a4.v1,0.38425823679402493
Glyma.03G234700.Wm82.a4.v1,0.38425321741923824
Glyma.06G102600.Wm82.a4.v1,0.3840875780512779
Glyma.15G173200.Wm82.a4.v1,0.3839721324311844
Glyma.20G112200.Wm82.a4.v1,0.38367096994398375
Glyma.04G254600.Wm82.a4.v1,0.3836609311944104
Glyma.16G013100.Wm82.a4.v1,0.38352540807517016
Glyma.17G076400.Wm82.a4.v1,0.3834601562029434
Glyma.20G160900.Wm82.a4.v1,0.38335474933242314
Glyma.20G054900.Wm82.a4.v1,0.3832744393358363
Glyma.06G073200.Wm82.a4.v1,0.38307868371915593
Glyma.12G051700.Wm82.a4.v1,0.38292810247555564
Glyma.17G205300.Wm82.a4.v1,0.38290300560162227
Glyma.18G280600.Wm82.a4.v1,0.3826018431144217
Glyma.11G148000.Wm82.a4.v1,0.3825215331178348
Glyma.08G039800.Wm82.a4.v1,0.3824713393699681
Glyma.16G153200.Wm82.a4.v1,0.38245126187082135
Glyma.09G000500.Wm82.a4.v1,0.3823358162507278
Glyma.07G020800.Wm82.a4.v1,0.3823207581263678
Glyma.13G187100.Wm82.a4.v1,0.38228311281546773
Glyma.01G097900.Wm82.a4.v1,0.38222539000542094
Glyma.20G141300.Wm82.a4.v1,0.38210492501054066
Glyma.13G314500.Wm82.a4.v1,0.3819694018913004
Glyma.04G021000.Wm82.a4.v1,0.3819242275182203
Glyma.13G225600.Wm82.a4.v1,0.3818941112695003
Glyma.18G077500.Wm82.a4.v1,0.3817836850241934
Glyma.05G175100.Wm82.a4.v1,0.3817836850241934
Glyma.13G211500.Wm82.a4.v1,0.38170337502760654
Glyma.02G144400.Wm82.a4.v1,0.38136707691689925
Glyma.02G174300.Wm82.a4.v1,0.3811813600497922
Glyma.04G199500.Wm82.a4.v1,0.38112112755235206
Glyma.18G220900.Wm82.a4.v1,0.380749693818138
Glyma.01G081600.Wm82.a4.v1,0.38041339570743066
Glyma.14G038800.Wm82.a4.v1,0.3804033569578573
Glyma.03G195700.Wm82.a4.v1,0.3803983375830707
Glyma.14G117800.Wm82.a4.v1,0.3802778725881904
Glyma.07G034600.Wm82.a4.v1,0.3801523882185235
Glyma.06G112300.Wm82.a4.v1,0.3801172525950168
Glyma.08G060800.Wm82.a4.v1,0.3800921557210834
Glyma.16G101100.Wm82.a4.v1,0.3799365551026964
Glyma.07G178400.Wm82.a4.v1,0.37971570261208265
Glyma.12G224500.Wm82.a4.v1,0.37966550886421585
Glyma.01G050500.Wm82.a4.v1,0.3796153151163491
Glyma.10G170300.Wm82.a4.v1,0.3795801794928424
Glyma.20G177500.Wm82.a4.v1,0.3794245788744554
Glyma.18G211200.Wm82.a4.v1,0.3786716726564539
Glyma.06G167200.Wm82.a4.v1,0.37862147890858716
Glyma.13G268800.Wm82.a4.v1,0.37861645953380046
Glyma.02G029300.Wm82.a4.v1,0.3783253357961732
Glyma.04G085900.Wm82.a4.v1,0.37826008392394644
Glyma.11G068800.Wm82.a4.v1,0.37795390206195917
Glyma.15G149300.Wm82.a4.v1,0.3778836308149457
Glyma.03G245000.Wm82.a4.v1,0.37771297207219867
Glyma.17G170400.Wm82.a4.v1,0.3772863252153312
Glyma.10G093600.Wm82.a4.v1,0.37708555022386414
Glyma.05G058700.Wm82.a4.v1,0.37699018210291724
Glyma.08G187600.Wm82.a4.v1,0.3769600658541972
Glyma.18G228900.Wm82.a4.v1,0.3769600658541972
Glyma.10G287600.Wm82.a4.v1,0.3769048527315438
Glyma.20G248000.Wm82.a4.v1,0.3767894071114502
Glyma.09G002600.Wm82.a4.v1,0.3767894071114502
Glyma.15G081600.Wm82.a4.v1,0.37656855462083644
Glyma.12G067800.Wm82.a4.v1,0.3763376633806493
Glyma.20G174300.Wm82.a4.v1,0.3763125665067159
Glyma.08G172400.Wm82.a4.v1,0.3760415202682354
Glyma.17G051600.Wm82.a4.v1,0.37600638464472863
Glyma.06G029400.Wm82.a4.v1,0.3759210552733552
Glyma.20G111100.Wm82.a4.v1,0.3756550284096613
Glyma.09G091600.Wm82.a4.v1,0.3756098540365812
Glyma.09G046900.Wm82.a4.v1,0.3753689240468207
Glyma.05G048800.Wm82.a4.v1,0.3752635171763005
Glyma.06G254500.Wm82.a4.v1,0.37500752906218
Glyma.02G103700.Wm82.a4.v1,0.3748971028168731
Glyma.16G155700.Wm82.a4.v1,0.3744303009617122
Glyma.20G054300.Wm82.a4.v1,0.374309835966832
Glyma.02G064800.Wm82.a4.v1,0.3742747003433252
Glyma.06G019600.Wm82.a4.v1,0.37422952597024517
Glyma.05G101300.Wm82.a4.v1,0.37401871222920474
Glyma.06G320600.Wm82.a4.v1,0.37395346035697796
Glyma.08G304300.Wm82.a4.v1,0.37389824723432447
Glyma.18G109900.Wm82.a4.v1,0.37382797598731105
Glyma.13G310300.Wm82.a4.v1,0.37374264661593753
Glyma.16G033100.Wm82.a4.v1,0.37362218162105726
Glyma.19G255700.Wm82.a4.v1,0.37354187162447045
Glyma.17G047000.Wm82.a4.v1,0.37346658100267033
Glyma.17G121000.Wm82.a4.v1,0.37343144537916356
Glyma.04G163400.Wm82.a4.v1,0.3732909028851366
Glyma.16G036100.Wm82.a4.v1,0.3731001666432429
Glyma.11G092000.Wm82.a4.v1,0.37302487602144274
Glyma.03G001800.Wm82.a4.v1,0.3730148372718694
Glyma.13G113400.Wm82.a4.v1,0.37291946915092256
Glyma.17G249600.Wm82.a4.v1,0.3728993916517759
Glyma.14G009700.Wm82.a4.v1,0.37268355853594876
Glyma.17G192000.Wm82.a4.v1,0.37259822916457525
Glyma.20G243400.Wm82.a4.v1,0.3725881904150019
Glyma.02G081800.Wm82.a4.v1,0.37244262854618826
Glyma.08G309400.Wm82.a4.v1,0.37237235729917484
Glyma.11G034100.Wm82.a4.v1,0.37221675668078785
Glyma.03G055900.Wm82.a4.v1,0.37204107856325414
Glyma.07G070800.Wm82.a4.v1,0.37200092356496073
Glyma.06G035800.Wm82.a4.v1,0.37197582669102736
Glyma.08G250800.Wm82.a4.v1,0.37182022607264037
Glyma.04G087100.Wm82.a4.v1,0.37181018732306703
Glyma.20G034600.Wm82.a4.v1,0.37180516794828034
Glyma.10G199300.Wm82.a4.v1,0.37170478045254685
Glyma.12G107700.Wm82.a4.v1,0.3714738892123597
Glyma.05G005000.Wm82.a4.v1,0.37138354046619954
Glyma.04G149900.Wm82.a4.v1,0.37108237797899896
Glyma.14G039000.Wm82.a4.v1,0.3707661573674383
Glyma.08G091200.Wm82.a4.v1,0.37076113799265165
Glyma.07G084700.Wm82.a4.v1,0.3703395105105708
Glyma.02G026000.Wm82.a4.v1,0.37032445238621076
Glyma.08G067600.Wm82.a4.v1,0.3703194330114241
Glyma.19G011500.Wm82.a4.v1,0.3700734836468769
Glyma.02G113700.Wm82.a4.v1,0.36994799927721
Glyma.15G172500.Wm82.a4.v1,0.36993294115285
Glyma.06G116800.Wm82.a4.v1,0.3697873792840364
Glyma.09G111700.Wm82.a4.v1,0.3696819724135162
Glyma.10G180400.Wm82.a4.v1,0.36958158491778265
Glyma.01G200000.Wm82.a4.v1,0.3695665267934226
Glyma.06G016100.Wm82.a4.v1,0.3692904611801554
Glyma.02G001200.Wm82.a4.v1,0.3690143955668882
Glyma.03G058000.Wm82.a4.v1,0.3689491436946614
Glyma.16G122200.Wm82.a4.v1,0.3688236593249945
Glyma.12G050200.Wm82.a4.v1,0.3687282912040476
Glyma.01G225400.Wm82.a4.v1,0.3687031943301142
Glyma.17G003600.Wm82.a4.v1,0.3683819543437669
Glyma.08G041800.Wm82.a4.v1,0.3683719155941936
Glyma.08G149000.Wm82.a4.v1,0.36824643122452666
Glyma.12G062900.Wm82.a4.v1,0.3681410243540065
Glyma.16G108300.Wm82.a4.v1,0.3681360049792198
Glyma.01G165100.Wm82.a4.v1,0.36804063685827293
Glyma.02G031200.Wm82.a4.v1,0.367915152488606
Glyma.02G066500.Wm82.a4.v1,0.36784488124159254
Glyma.12G030000.Wm82.a4.v1,0.3677495131206457
Glyma.03G177700.Wm82.a4.v1,0.36764912562491214
Glyma.04G086700.Wm82.a4.v1,0.3675537575039653
Glyma.08G081900.Wm82.a4.v1,0.3671722850201779
Glyma.07G223000.Wm82.a4.v1,0.3670116650270042
Glyma.15G135500.Wm82.a4.v1,0.3669313550304174
Glyma.07G037200.Wm82.a4.v1,0.36671552191459034
Glyma.13G308400.Wm82.a4.v1,0.3666101150440701
Glyma.16G021300.Wm82.a4.v1,0.3664996887987632
Glyma.03G122300.Wm82.a4.v1,0.3663842431786697
Glyma.08G011800.Wm82.a4.v1,0.36636918505430965
Glyma.14G112600.Wm82.a4.v1,0.3659927319453089
Glyma.05G088000.Wm82.a4.v1,0.3653502519726143
Glyma.01G052800.Wm82.a4.v1,0.36525990322645413
Glyma.06G162300.Wm82.a4.v1,0.3651695544802939
Glyma.18G293800.Wm82.a4.v1,0.36510430260806714
Glyma.05G144700.Wm82.a4.v1,0.3649386632401068
Glyma.01G074400.Wm82.a4.v1,0.3647479269982131
Glyma.05G199400.Wm82.a4.v1,0.3646124038789728
Glyma.10G165900.Wm82.a4.v1,0.36456221013110607
Glyma.01G066600.Wm82.a4.v1,0.36413556327423857
Glyma.17G216700.Wm82.a4.v1,0.36396992390627825
Glyma.01G197300.Wm82.a4.v1,0.36365370329471763
Glyma.06G312400.Wm82.a4.v1,0.3636286064207842
Glyma.14G151400.Wm82.a4.v1,0.3633324633083703
Glyma.09G273600.Wm82.a4.v1,0.3632672114361435
Glyma.13G286600.Wm82.a4.v1,0.3630814945690365
Glyma.01G052300.Wm82.a4.v1,0.3630764751942498
Glyma.10G179800.Wm82.a4.v1,0.3630313008211697
Glyma.10G118900.Wm82.a4.v1,0.36286566145320936
Glyma.08G349000.Wm82.a4.v1,0.3628606420784227
Glyma.10G213400.Wm82.a4.v1,0.3628506033288494
Glyma.11G104400.Wm82.a4.v1,0.362840564579276
Glyma.13G367100.Wm82.a4.v1,0.3627702933322625
Glyma.06G174900.Wm82.a4.v1,0.36275021583311584
Glyma.20G198200.Wm82.a4.v1,0.3626146927138756
Glyma.20G241900.Wm82.a4.v1,0.3626146927138756
Glyma.14G010600.Wm82.a4.v1,0.3625394020920754
Glyma.07G042100.Wm82.a4.v1,0.3622181621057281
Glyma.06G232400.Wm82.a4.v1,0.36184170899672735
Glyma.19G148900.Wm82.a4.v1,0.361816612122794
Glyma.19G047400.Wm82.a4.v1,0.3615756821330335
Glyma.04G195700.Wm82.a4.v1,0.36149035276166
Glyma.06G115100.Wm82.a4.v1,0.3614351396390066
Glyma.06G097200.Wm82.a4.v1,0.3613949846407132
Glyma.07G009800.Wm82.a4.v1,0.3613498102676331
Glyma.19G021800.Wm82.a4.v1,0.3613498102676331
Glyma.13G320100.Wm82.a4.v1,0.36117413215009936
Glyma.17G049400.Wm82.a4.v1,0.36110386090308594
Glyma.19G168400.Wm82.a4.v1,0.36082277591503203
Glyma.11G051700.Wm82.a4.v1,0.3607625434175919
Glyma.17G172500.Wm82.a4.v1,0.36060192342441827
Glyma.16G015500.Wm82.a4.v1,0.3604864778043247
Glyma.04G178200.Wm82.a4.v1,0.3604162065573112
Glyma.15G019400.Wm82.a4.v1,0.36034593531029774
Glyma.09G070500.Wm82.a4.v1,0.3602304896902042
Glyma.18G285000.Wm82.a4.v1,0.35999959845001706
Glyma.06G052000.Wm82.a4.v1,0.3599895597004437
Glyma.14G196800.Wm82.a4.v1,0.35995944345172365
Glyma.13G002400.Wm82.a4.v1,0.3598289397072701
Glyma.13G075600.Wm82.a4.v1,0.35979882345855
Glyma.13G273300.Wm82.a4.v1,0.35964824221494973
Glyma.17G062000.Wm82.a4.v1,0.3595478547192162
Glyma.16G157600.Wm82.a4.v1,0.35940229285040254
Glyma.03G150800.Wm82.a4.v1,0.3588551809986548
Glyma.14G046500.Wm82.a4.v1,0.3585590378862409
Glyma.11G154632.Wm82.a4.v1,0.35854397976188085
Glyma.09G245600.Wm82.a4.v1,0.3585188828879475
Glyma.09G007100.Wm82.a4.v1,0.3583432047704138
Glyma.12G061200.Wm82.a4.v1,0.35809223603108
Glyma.10G014700.Wm82.a4.v1,0.357765976669946
Glyma.U032305.Wm82.a4.v1,0.3576655891742125
Glyma.17G000900.Wm82.a4.v1,0.35736944606179855
Glyma.15G214500.Wm82.a4.v1,0.35697793482843776
Glyma.05G172100.Wm82.a4.v1,0.3569478185797177
Glyma.08G055000.Wm82.a4.v1,0.3568775473327042
Glyma.12G043700.Wm82.a4.v1,0.3568022567109041
Glyma.19G217400.Wm82.a4.v1,0.35679221796133076
Glyma.08G322700.Wm82.a4.v1,0.35678217921175737
Glyma.17G254000.Wm82.a4.v1,0.3567520629630373
Glyma.20G026800.Wm82.a4.v1,0.3566767723412372
Glyma.09G171000.Wm82.a4.v1,0.35666673359166384
Glyma.10G154700.Wm82.a4.v1,0.35653622984721023
Glyma.07G057300.Wm82.a4.v1,0.35642580360190335
Glyma.15G068200.Wm82.a4.v1,0.35631537735659646
Glyma.04G203200.Wm82.a4.v1,0.3561396992390628
Glyma.08G265200.Wm82.a4.v1,0.3558987692493023
Glyma.17G245800.Wm82.a4.v1,0.35558756801252833
Glyma.12G204100.Wm82.a4.v1,0.3554269480193547
Glyma.08G144000.Wm82.a4.v1,0.35540687052020803
Glyma.07G185800.Wm82.a4.v1,0.3553817736462746
Glyma.17G212100.Wm82.a4.v1,0.3552613086513944
Glyma.04G103000.Wm82.a4.v1,0.35518099865480757
Glyma.18G114700.Wm82.a4.v1,0.35518099865480757
Glyma.07G082100.Wm82.a4.v1,0.3551559017808742
Glyma.20G188400.Wm82.a4.v1,0.3550856305338607
Glyma.16G093600.Wm82.a4.v1,0.35501535928684724
Glyma.07G069800.Wm82.a4.v1,0.3548396811693135
Glyma.03G248000.Wm82.a4.v1,0.3548045455458068
Glyma.03G172700.Wm82.a4.v1,0.35475435179794007
Glyma.14G038900.Wm82.a4.v1,0.3545284799325396
Glyma.16G043900.Wm82.a4.v1,0.35441303431244603
Glyma.01G233300.Wm82.a4.v1,0.3541670849478989
Glyma.11G238700.Wm82.a4.v1,0.3539462324572851
Glyma.11G190700.Wm82.a4.v1,0.35360491497179114
Glyma.06G320400.Wm82.a4.v1,0.35333888810809727
Glyma.13G040600.Wm82.a4.v1,0.35305278374525667
Glyma.13G030700.Wm82.a4.v1,0.3527114662597627
Glyma.01G148300.Wm82.a4.v1,0.35259100126488246
Glyma.07G028400.Wm82.a4.v1,0.3524805750195756
Glyma.07G271300.Wm82.a4.v1,0.35238520689862873
Glyma.15G053300.Wm82.a4.v1,0.35234505190033527
Glyma.06G180400.Wm82.a4.v1,0.3522045094063084
Glyma.01G220900.Wm82.a4.v1,0.35217941253237495
Glyma.09G014800.Wm82.a4.v1,0.35209910253578813
Glyma.16G089300.Wm82.a4.v1,0.35205392816270803
Glyma.10G216600.Wm82.a4.v1,0.35198867629048125
Glyma.13G328100.Wm82.a4.v1,0.3517678237998675
Glyma.18G292900.Wm82.a4.v1,0.35167747505370733
Glyma.05G068600.Wm82.a4.v1,0.3516573975545606
Glyma.10G049800.Wm82.a4.v1,0.35160720380669386
Glyma.10G108600.Wm82.a4.v1,0.3512257313229064
Glyma.07G238900.Wm82.a4.v1,0.35122071194811977
Glyma.02G257400.Wm82.a4.v1,0.3509546850844259
Glyma.10G127100.Wm82.a4.v1,0.35073383259381213
Glyma.13G253000.Wm82.a4.v1,0.3506284257232919
Glyma.01G157500.Wm82.a4.v1,0.3506033288493585
Glyma.10G263300.Wm82.a4.v1,0.3503071857369446
Glyma.08G247300.Wm82.a4.v1,0.3502871082377979
Glyma.13G266700.Wm82.a4.v1,0.35022687574035777
Glyma.08G318300.Wm82.a4.v1,0.3499307326279439
Glyma.05G150300.Wm82.a4.v1,0.3496195313911699
Glyma.11G250300.Wm82.a4.v1,0.3496094926415966
Glyma.08G104100.Wm82.a4.v1,0.3493033107796093
Glyma.17G109500.Wm82.a4.v1,0.34881141205051497
Glyma.09G285400.Wm82.a4.v1,0.3485303270624611
Glyma.15G235500.Wm82.a4.v1,0.34845001706587425
Glyma.09G235400.Wm82.a4.v1,0.3484449976910876
Glyma.18G011600.Wm82.a4.v1,0.3481890095769671
Glyma.17G124400.Wm82.a4.v1,0.3478527114662598
Glyma.14G086900.Wm82.a4.v1,0.34759672335213926
Glyma.06G185400.Wm82.a4.v1,0.3474411227337523
Glyma.13G215551.Wm82.a4.v1,0.3471550183709117
Glyma.17G091500.Wm82.a4.v1,0.3469843596281647
Glyma.06G321400.Wm82.a4.v1,0.346949224004658
Glyma.08G311000.Wm82.a4.v1,0.34671833276447084
Glyma.15G165200.Wm82.a4.v1,0.3467133133896842
Glyma.14G206100.Wm82.a4.v1,0.3464974802738571
Glyma.11G124100.Wm82.a4.v1,0.346452305900777
Glyma.15G234500.Wm82.a4.v1,0.3462766277832433
Glyma.09G232500.Wm82.a4.v1,0.3461160077900697
Glyma.05G221300.Wm82.a4.v1,0.3460758527917763
Glyma.19G064200.Wm82.a4.v1,0.34599052342040276
Glyma.20G106400.Wm82.a4.v1,0.3456391671853354
Glyma.17G075300.Wm82.a4.v1,0.34563414781054874
Glyma.10G073400.Wm82.a4.v1,0.34531290782420143
Glyma.14G012500.Wm82.a4.v1,0.34503182283614753
Glyma.06G061600.Wm82.a4.v1,0.3448210090951071
Glyma.04G137000.Wm82.a4.v1,0.34479089284638703
Glyma.05G074400.Wm82.a4.v1,0.34464533097757344
Glyma.08G284600.Wm82.a4.v1,0.34453992410705325
Glyma.17G097000.Wm82.a4.v1,0.34445459473567974
Glyma.09G181200.Wm82.a4.v1,0.3443542072399462
Glyma.17G020700.Wm82.a4.v1,0.3441584516232658
Glyma.20G060300.Wm82.a4.v1,0.34408316100146563
Glyma.11G164700.Wm82.a4.v1,0.34389744413435863
Glyma.02G010900.Wm82.a4.v1,0.34373682414118495
Glyma.10G139400.Wm82.a4.v1,0.3437167466420383
Glyma.07G071800.Wm82.a4.v1,0.3436213785210914
Glyma.11G213700.Wm82.a4.v1,0.3434908747766378
Glyma.05G116700.Wm82.a4.v1,0.34343064227919773
Glyma.14G066600.Wm82.a4.v1,0.34324994478687737
Glyma.08G173000.Wm82.a4.v1,0.34320477041379727
Glyma.17G076600.Wm82.a4.v1,0.3428584335535166
Glyma.09G242000.Wm82.a4.v1,0.3427881623065031
Glyma.06G108800.Wm82.a4.v1,0.34254221294195597
Glyma.07G260100.Wm82.a4.v1,0.34252213544280924
Glyma.12G028200.Wm82.a4.v1,0.3423615154496356
Glyma.13G246800.Wm82.a4.v1,0.3423414379504889
Glyma.07G157900.Wm82.a4.v1,0.34220089545646193
Glyma.02G281300.Wm82.a4.v1,0.34220089545646193
Glyma.11G139300.Wm82.a4.v1,0.34193486859276806
Glyma.18G003900.Wm82.a4.v1,0.3416537836047142
Glyma.12G044200.Wm82.a4.v1,0.3410062842572329
Glyma.02G276200.Wm82.a4.v1,0.34025337803923145
Glyma.01G119500.Wm82.a4.v1,0.3399823318007509
Glyma.10G106900.Wm82.a4.v1,0.33997229305117754
Glyma.03G234800.Wm82.a4.v1,0.33930471620454955
Glyma.01G155900.Wm82.a4.v1,0.3392846387054029
Glyma.13G181100.Wm82.a4.v1,0.3390989218382958
Glyma.05G204700.Wm82.a4.v1,0.33898347621820224
Glyma.13G303000.Wm82.a4.v1,0.33853675186218807
Glyma.03G225000.Wm82.a4.v1,0.3383108799967876
Glyma.08G073700.Wm82.a4.v1,0.3379595237617202
Glyma.07G110600.Wm82.a4.v1,0.3379444656373602
Glyma.10G231200.Wm82.a4.v1,0.3377537293954665
Glyma.07G090800.Wm82.a4.v1,0.33750276065613266
Glyma.14G157700.Wm82.a4.v1,0.33699580380267835
Glyma.04G254300.Wm82.a4.v1,0.33687031943301143
Glyma.12G194300.Wm82.a4.v1,0.3366394281928243
Glyma.03G083100.Wm82.a4.v1,0.3365139438231574
Glyma.13G245500.Wm82.a4.v1,0.3362529363342502
Glyma.08G190500.Wm82.a4.v1,0.3361876844620234
Glyma.06G220300.Wm82.a4.v1,0.33609231634107656
Glyma.16G210900.Wm82.a4.v1,0.33592165759832954
Glyma.10G276000.Wm82.a4.v1,0.3355552432389022
Glyma.17G188600.Wm82.a4.v1,0.3353996426205152
Glyma.15G236100.Wm82.a4.v1,0.3352892163752083
Glyma.03G176400.Wm82.a4.v1,0.33525408075170154
Glyma.05G117600.Wm82.a4.v1,0.33517377075511473
Glyma.10G051900.Wm82.a4.v1,0.33502318951151444
Glyma.18G099600.Wm82.a4.v1,0.33498303451322103
Glyma.15G123000.Wm82.a4.v1,0.3348525307687674
Glyma.06G082900.Wm82.a4.v1,0.3348475113939808
Glyma.11G070800.Wm82.a4.v1,0.3348173951452607
Glyma.17G254400.Wm82.a4.v1,0.3343807095388198
Glyma.18G278800.Wm82.a4.v1,0.3343405545405264
Glyma.05G127400.Wm82.a4.v1,0.33429538016744637
Glyma.10G130700.Wm82.a4.v1,0.3341046439255526
Glyma.15G121200.Wm82.a4.v1,0.334099624550766
Glyma.03G104400.Wm82.a4.v1,0.3340243339289658
Glyma.15G031900.Wm82.a4.v1,0.3336278033208184
Glyma.06G132400.Wm82.a4.v1,0.3332312727126709
Glyma.16G008950.Wm82.a4.v1,0.33321621458831086
Glyma.18G233000.Wm82.a4.v1,0.3326490252374164
Glyma.01G009400.Wm82.a4.v1,0.33259381211476297
Glyma.19G010300.Wm82.a4.v1,0.3324181339972293
Glyma.13G082800.Wm82.a4.v1,0.33238801774850923
Glyma.14G034800.Wm82.a4.v1,0.3322725721284157
Glyma.04G183100.Wm82.a4.v1,0.3319714096412151
Glyma.11G135900.Wm82.a4.v1,0.3319714096412151
Glyma.15G099000.Wm82.a4.v1,0.33189611901941496
Glyma.04G242100.Wm82.a4.v1,0.3317957315236814
Glyma.03G261000.Wm82.a4.v1,0.3315798984078543
Glyma.11G152542.Wm82.a4.v1,0.331429317164254
Glyma.04G134300.Wm82.a4.v1,0.3313941815407473
Glyma.13G215500.Wm82.a4.v1,0.3308370309394262
Glyma.06G305600.Wm82.a4.v1,0.3305961009496657
Glyma.03G180300.Wm82.a4.v1,0.33058606220009235
Glyma.09G019500.Wm82.a4.v1,0.32968759411327725
Glyma.03G193300.Wm82.a4.v1,0.3295872066175437
Glyma.08G315800.Wm82.a4.v1,0.329552070994037
Glyma.08G145900.Wm82.a4.v1,0.3290802497640894
Glyma.06G108600.Wm82.a4.v1,0.3283424016704479
Glyma.06G321800.Wm82.a4.v1,0.3279860260605939
Glyma.02G304100.Wm82.a4.v1,0.3276597666994599
Glyma.18G294900.Wm82.a4.v1,0.32752926295500634
Glyma.10G290400.Wm82.a4.v1,0.32747906920713954
Glyma.10G071700.Wm82.a4.v1,0.3273586042122593
Glyma.10G152500.Wm82.a4.v1,0.32673118236392473
Glyma.08G340600.Wm82.a4.v1,0.32643001987672415
Glyma.02G162000.Wm82.a4.v1,0.32614893488867025
Glyma.17G136000.Wm82.a4.v1,0.32580761740317626
Glyma.16G202700.Wm82.a4.v1,0.3254662999176823
Glyma.19G245900.Wm82.a4.v1,0.3252755636757885
Glyma.02G220400.Wm82.a4.v1,0.32507980805910813
Glyma.05G202700.Wm82.a4.v1,0.3237697512397856
Glyma.02G279100.Wm82.a4.v1,0.32332302688377135
Glyma.07G151300.Wm82.a4.v1,0.32312727126709095
Glyma.18G184100.Wm82.a4.v1,0.3230820968940109
Glyma.08G303900.Wm82.a4.v1,0.3224797719196097
Glyma.14G025400.Wm82.a4.v1,0.322118376934969
Glyma.04G196200.Wm82.a4.v1,0.32148091633706105
Glyma.14G032200.Wm82.a4.v1,0.3209789788583934
Glyma.09G035500.Wm82.a4.v1,0.32088863011223323
Glyma.17G222100.Wm82.a4.v1,0.32041680888228563
Glyma.05G120600.Wm82.a4.v1,0.32034151826048546
Glyma.05G053500.Wm82.a4.v1,0.3203364988856988
Glyma.02G295400.Wm82.a4.v1,0.3200353363984982
Glyma.04G003800.Wm82.a4.v1,0.3196086895416307
Glyma.06G130100.Wm82.a4.v1,0.31959865079205735
Glyma.15G066900.Wm82.a4.v1,0.31939787580059026
Glyma.02G297400.Wm82.a4.v1,0.31935772080229685
Glyma.12G226700.Wm82.a4.v1,0.3193025076796434
Glyma.09G283700.Wm82.a4.v1,0.31832874897102814
Glyma.12G094900.Wm82.a4.v1,0.3182735358483747
Glyma.16G131600.Wm82.a4.v1,0.3182133033509346
Glyma.17G043800.Wm82.a4.v1,0.31794727648724075
Glyma.01G170300.Wm82.a4.v1,0.31786194711586724
Glyma.06G173700.Wm82.a4.v1,0.31752062963037325
Glyma.01G046500.Wm82.a4.v1,0.3172897383901861
Glyma.01G016800.Wm82.a4.v1,0.3171843315196659
Glyma.U031908.Wm82.a4.v1,0.31715421527094584
Glyma.07G196500.Wm82.a4.v1,0.31711406027265243
Glyma.09G251200.Wm82.a4.v1,0.3170136727769189
Glyma.08G253100.Wm82.a4.v1,0.31662216154355816
Glyma.20G226800.Wm82.a4.v1,0.3164314253016644
Glyma.11G117400.Wm82.a4.v1,0.31636115405465093
Glyma.09G009300.Wm82.a4.v1,0.316205553436264
Glyma.06G155750.Wm82.a4.v1,0.31617543718754393
Glyma.06G066500.Wm82.a4.v1,0.31551287971570263
Glyma.17G036500.Wm82.a4.v1,0.3154576665930492
Glyma.19G061900.Wm82.a4.v1,0.3150159616118216
Glyma.09G187600.Wm82.a4.v1,0.3145090047583673
Glyma.20G093600.Wm82.a4.v1,0.3142479972694601
Glyma.14G184101.Wm82.a4.v1,0.31418274539723334
Glyma.16G088200.Wm82.a4.v1,0.3141174935250065
Glyma.10G028900.Wm82.a4.v1,0.3135402654245387
Glyma.01G152500.Wm82.a4.v1,0.31310859919288453
Glyma.19G193800.Wm82.a4.v1,0.31289276607705746
Glyma.11G218700.Wm82.a4.v1,0.3125012548436967
Glyma.07G082200.Wm82.a4.v1,0.31249121609412334
Glyma.15G261800.Wm82.a4.v1,0.31242094484710986
Glyma.06G232300.Wm82.a4.v1,0.31224526672957614
Glyma.16G070800.Wm82.a4.v1,0.3113769148914811
Glyma.10G047200.Wm82.a4.v1,0.31102555865641374
Glyma.11G165710.Wm82.a4.v1,0.31092015178589355
Glyma.05G174700.Wm82.a4.v1,0.31081976429016
Glyma.20G208100.Wm82.a4.v1,0.31052864055253276
Glyma.09G283200.Wm82.a4.v1,0.3101973618166121
Glyma.10G053900.Wm82.a4.v1,0.3101120324452386
Glyma.10G229500.Wm82.a4.v1,0.3100718774469452
Glyma.12G079700.Wm82.a4.v1,0.309810869958038
Glyma.16G129200.Wm82.a4.v1,0.30942939747425063
Glyma.06G015700.Wm82.a4.v1,0.3093189712289437
Glyma.19G173000.Wm82.a4.v1,0.3091332543618367
Glyma.08G264100.Wm82.a4.v1,0.30895255686951634
Glyma.03G204400.Wm82.a4.v1,0.3088220531250627
Glyma.15G054800.Wm82.a4.v1,0.30844058064127533
Glyma.19G028800.Wm82.a4.v1,0.3083602706446885
Glyma.04G091300.Wm82.a4.v1,0.30820467002630153
Glyma.19G113300.Wm82.a4.v1,0.3079537012869677
Glyma.10G176900.Wm82.a4.v1,0.3069448069548457
Glyma.08G231200.Wm82.a4.v1,0.3067289738390186
Glyma.19G131200.Wm82.a4.v1,0.3064980825988315
Glyma.14G141800.Wm82.a4.v1,0.30635754010480454
Glyma.17G219300.Wm82.a4.v1,0.3063475013552312
Glyma.16G044600.Wm82.a4.v1,0.30586564137571026
Glyma.15G142700.Wm82.a4.v1,0.3049571345393218
Glyma.08G191100.Wm82.a4.v1,0.30423936394482703
Glyma.12G219800.Wm82.a4.v1,0.30419418957174693
Glyma.06G077900.Wm82.a4.v1,0.3041791314473869
Glyma.08G279400.Wm82.a4.v1,0.3040586664525067
Glyma.16G222000.Wm82.a4.v1,0.3034713996024655
Glyma.15G032700.Wm82.a4.v1,0.303401128355452
Glyma.11G232500.Wm82.a4.v1,0.3033609733571586
Glyma.01G023200.Wm82.a4.v1,0.30303471399602466
Glyma.08G197300.Wm82.a4.v1,0.3027636677575441
Glyma.11G029800.Wm82.a4.v1,0.30266829963659725
Glyma.09G244800.Wm82.a4.v1,0.3024524665207702
Glyma.07G168100.Wm82.a4.v1,0.30158411468267515
Glyma.03G195300.Wm82.a4.v1,0.3012678940711145
Glyma.08G192100.Wm82.a4.v1,0.3010771578292208
Glyma.01G097100.Wm82.a4.v1,0.3007258015941534
Glyma.10G249300.Wm82.a4.v1,0.30071074346979343
Glyma.13G158800.Wm82.a4.v1,0.2999427791274319
Glyma.09G164500.Wm82.a4.v1,0.29969682976288475
Glyma.16G175900.Wm82.a4.v1,0.299320376653884
Glyma.17G141800.Wm82.a4.v1,0.29909952416327024
Glyma.05G232200.Wm82.a4.v1,0.2986879354307627
Glyma.02G216800.Wm82.a4.v1,0.2986477804324693
Glyma.04G142300.Wm82.a4.v1,0.2984520248157889
Glyma.11G003800.Wm82.a4.v1,0.2983817535687755
Glyma.11G118500.Wm82.a4.v1,0.297985222960628
Glyma.19G218300.Wm82.a4.v1,0.29752845985504045
Glyma.11G161500.Wm82.a4.v1,0.2974983436063204
Glyma.08G079500.Wm82.a4.v1,0.2970465998755195
Glyma.13G194700.Wm82.a4.v1,0.29703907081333947
Glyma.06G156200.Wm82.a4.v1,0.2966149336438653
Glyma.05G174600.Wm82.a4.v1,0.296107976790411
Glyma.20G171800.Wm82.a4.v1,0.29591724054851726
Glyma.18G030000.Wm82.a4.v1,0.2958670468006505
Glyma.02G087000.Wm82.a4.v1,0.2948029393458751
Glyma.17G235900.Wm82.a4.v1,0.2945268737326079
Glyma.05G134900.Wm82.a4.v1,0.2943712731142209
Glyma.14G047200.Wm82.a4.v1,0.2943662537394342
Glyma.06G117300.Wm82.a4.v1,0.29432107936635415
Glyma.18G224900.Wm82.a4.v1,0.2938592968859799
Glyma.15G166600.Wm82.a4.v1,0.29384423876161986
Glyma.18G211400.Wm82.a4.v1,0.2937940450137531
Glyma.03G068800.Wm82.a4.v1,0.29340755315517897
Glyma.08G170400.Wm82.a4.v1,0.2933874756560323
Glyma.03G251400.Wm82.a4.v1,0.2931164294175517
Glyma.20G130200.Wm82.a4.v1,0.29238360069869695
Glyma.08G239900.Wm82.a4.v1,0.2923735619491236
Glyma.02G065300.Wm82.a4.v1,0.2920071475896962
Glyma.18G007900.Wm82.a4.v1,0.29164073323026884
Glyma.07G082700.Wm82.a4.v1,0.29106350512980106
Glyma.18G022300.Wm82.a4.v1,0.29106350512980106
Glyma.12G013800.Wm82.a4.v1,0.2903256570361596
Glyma.18G010600.Wm82.a4.v1,0.290195153291706
Glyma.02G078000.Wm82.a4.v1,0.2900144557993856
Glyma.18G021700.Wm82.a4.v1,0.2881321902543819
Glyma.19G209000.Wm82.a4.v1,0.28774067902102113
Glyma.02G078600.Wm82.a4.v1,0.286982753428233
Glyma.04G235700.Wm82.a4.v1,0.2865661453209388
Glyma.09G226100.Wm82.a4.v1,0.28610436284056456
Glyma.15G145400.Wm82.a4.v1,0.2860993434657779
Glyma.13G227600.Wm82.a4.v1,0.28602405284397775
Glyma.17G116400.Wm82.a4.v1,0.2856225028610436
Glyma.12G042800.Wm82.a4.v1,0.2853113016242697
Glyma.13G306600.Wm82.a4.v1,0.2850653522597225
Glyma.03G007400.Wm82.a4.v1,0.2838105085630534
Glyma.19G183500.Wm82.a4.v1,0.2827012267351979
Glyma.16G089400.Wm82.a4.v1,0.28224948300439695
Glyma.17G122400.Wm82.a4.v1,0.2813861505410886
Glyma.04G003700.Wm82.a4.v1,0.28068845744574056
Glyma.15G085900.Wm82.a4.v1,0.28058305057522037
Glyma.08G062600.Wm82.a4.v1,0.28032706246109984
Glyma.06G218300.Wm82.a4.v1,0.2793683618768446
Glyma.17G250200.Wm82.a4.v1,0.27852008753789625
Glyma.17G059700.Wm82.a4.v1,0.2781285763045355
Glyma.07G195000.Wm82.a4.v1,0.27796795631136184
Glyma.05G089900.Wm82.a4.v1,0.2771799144698536
Glyma.07G231500.Wm82.a4.v1,0.27699921697753327
Glyma.19G060600.Wm82.a4.v1,0.2763466982552653
Glyma.19G046600.Wm82.a4.v1,0.2750667576846628
Glyma.19G179800.Wm82.a4.v1,0.27499146706286265
Glyma.18G263900.Wm82.a4.v1,0.272642399662698
Glyma.17G132300.Wm82.a4.v1,0.27263738028791135
Glyma.08G058500.Wm82.a4.v1,0.27257212841568457
Glyma.11G160484.Wm82.a4.v1,0.2719497259421366
Glyma.06G088300.Wm82.a4.v1,0.27188447406990984
Glyma.19G089600.Wm82.a4.v1,0.27180416407332303
Glyma.07G245800.Wm82.a4.v1,0.2710562772301082
Glyma.11G084100.Wm82.a4.v1,0.27070492099504084
Glyma.15G037400.Wm82.a4.v1,0.2691991085590379
Glyma.14G164700.Wm82.a4.v1,0.26880257795089046
Glyma.07G020900.Wm82.a4.v1,0.26711104864778046
Glyma.01G179400.Wm82.a4.v1,0.2662828518079788
Glyma.02G009700.Wm82.a4.v1,0.2660519605677917
Glyma.08G319100.Wm82.a4.v1,0.26603188306864495
Glyma.14G024100.Wm82.a4.v1,0.26565542995964425
Glyma.10G111700.Wm82.a4.v1,0.26549982934125727
Glyma.08G332200.Wm82.a4.v1,0.26524886060192343
Glyma.07G085900.Wm82.a4.v1,0.2644859156343486
Glyma.15G140000.Wm82.a4.v1,0.26412954002449457
Glyma.16G096600.Wm82.a4.v1,0.26348706005179995
Glyma.02G238800.Wm82.a4.v1,0.2631507619410926
Glyma.02G183700.Wm82.a4.v1,0.2628044250808119
Glyma.12G016700.Wm82.a4.v1,0.2624530688457446
Glyma.01G036200.Wm82.a4.v1,0.26242797197181117
Glyma.18G115700.Wm82.a4.v1,0.2621719838576907
Glyma.12G043900.Wm82.a4.v1,0.2615847170076495
Glyma.12G108900.Wm82.a4.v1,0.2609673339088883
Glyma.12G237700.Wm82.a4.v1,0.25948159897203205
Glyma.12G192100.Wm82.a4.v1,0.25936615335193847
Glyma.12G141000.Wm82.a4.v1,0.2590700102395246
Glyma.04G130300.Wm82.a4.v1,0.25900977774208445
Glyma.14G207300.Wm82.a4.v1,0.2586333246330837
Glyma.11G060200.Wm82.a4.v1,0.2574638103077881
Glyma.20G118300.Wm82.a4.v1,0.25480354167084945
Glyma.02G149700.Wm82.a4.v1,0.25370931796735396
Glyma.03G244400.Wm82.a4.v1,0.2531923223643263
Glyma.07G231800.Wm82.a4.v1,0.25281084988053887
Glyma.19G193300.Wm82.a4.v1,0.2524042805228181
Glyma.10G034800.Wm82.a4.v1,0.2521583311582709
Glyma.10G116500.Wm82.a4.v1,0.25120966932358907
Glyma.12G005700.Wm82.a4.v1,0.25118959182444234
Glyma.05G214000.Wm82.a4.v1,0.24457405585560263
Glyma.08G221600.Wm82.a4.v1,0.24351496777561388
Glyma.13G048100.Wm82.a4.v1,0.2426767321862389
Glyma.02G259600.Wm82.a4.v1,0.24263657718794546
Glyma.04G250000.Wm82.a4.v1,0.24170297347762362
Glyma.06G002200.Wm82.a4.v1,0.240207199791194
Glyma.02G018200.Wm82.a4.v1,0.24004657979802035
Glyma.06G295700.Wm82.a4.v1,0.2390527435902584
Glyma.09G009100.Wm82.a4.v1,0.23899753046760497
Glyma.17G147700.Wm82.a4.v1,0.23865621298211095
Glyma.01G022800.Wm82.a4.v1,0.23820446925131006
Glyma.20G100400.Wm82.a4.v1,0.23765233802477564
Glyma.08G063400.Wm82.a4.v1,0.23698978055293432
Glyma.02G094900.Wm82.a4.v1,0.23684923805890737
Glyma.15G073500.Wm82.a4.v1,0.23660328869436023
Glyma.20G130366.Wm82.a4.v1,0.2356496074848917
Glyma.12G096900.Wm82.a4.v1,0.2349820306382637
Glyma.13G067500.Wm82.a4.v1,0.23338586945610054
Glyma.12G240600.Wm82.a4.v1,0.23302949384624652
Glyma.19G088400.Wm82.a4.v1,0.23232176200132512
Glyma.20G187400.Wm82.a4.v1,0.23055996145120164
Glyma.03G163600.Wm82.a4.v1,0.22963639649045314
Glyma.12G139800.Wm82.a4.v1,0.22935531150239927
Glyma.08G046100.Wm82.a4.v1,0.22886843214809163
Glyma.07G213600.Wm82.a4.v1,0.2267954303611942
Glyma.07G056200.Wm82.a4.v1,0.22562591603589857
Glyma.16G114900.Wm82.a4.v1,0.22289537615194652
Glyma.11G152124.Wm82.a4.v1,0.22152508683518382
Glyma.15G268900.Wm82.a4.v1,0.21802156323408356
Glyma.20G031400.Wm82.a4.v1,0.21654586704680065
Glyma.04G163200.Wm82.a4.v1,0.2161744333125866
Glyma.08G241600.Wm82.a4.v1,0.21578794145401248
Glyma.15G005100.Wm82.a4.v1,0.20211014516031883
Glyma.17G257400.Wm82.a4.v1,0.19692513100568193
Glyma.09G190600.Wm82.a4.v1,0.1962073604111872
Glyma.19G077300.Wm82.a4.v1,0.19403397112855622
Glyma.12G074000.Wm82.a4.v1,0.191042423755697
Glyma.01G025000.Wm82.a4.v1,0.19027445941333548
Glyma.14G113600.Wm82.a4.v1,0.18836709699439838
Glyma.01G015900.Wm82.a4.v1,0.18803581825847773
Glyma.08G093500.Wm82.a4.v1,0.18784006264179734
Glyma.14G113900.Wm82.a4.v1,0.1878049270182906
Glyma.19G185600.Wm82.a4.v1,0.18589254522456683
Glyma.07G124000.Wm82.a4.v1,0.1847180115244845
Glyma.13G186500.Wm82.a4.v1,0.17826309554881845
Glyma.20G213300.Wm82.a4.v1,0.16856064408617263
Glyma.10G015900.Wm82.a4.v1,0.16374204429096312
Glyma.19G222500.Wm82.a4.v1,0.1621207862348666
Glyma.17G092400.Wm82.a4.v1,0.15704619832553657
Glyma.03G256500.Wm82.a4.v1,0.154385929688598
Glyma.08G047800.Wm82.a4.v1,0.14940670990021482
Glyma.02G081000.Wm82.a4.v1,0.14287148392796192
Glyma.09G087200.Wm82.a4.v1,0.13897142971871423
Glyma.09G071100.Wm82.a4.v1,0.12623727588491576
Glyma.13G174300.Wm82.a4.v1,0.12279900415604232
Glyma.12G185600.Wm82.a4.v1,0.10399642620515188
Glyma.03G014300.Wm82.a4.v1,0.04801031983456141
