GeneID,Means-CK,Means-DH_24,"log2Ratio (DH_24/CK)","Up-Down-Regulation (DH_24/CK)",Probability
GLYMA11G21190,10.48333333,47.45666667,2.178513254,Up,0.827492892
GLYMA13G39450,0.15,4.816666667,5.005000681,Up,0.813039205
GLYMA14G12194,61.19333333,17.14333333,-1.835726835,Down,0.804089011
GLYMA16G04190,117.46,2725.426667,4.536240654,Up,0.953016742
GLYMA07G39960,1.713333333,15.57333333,3.18420001,Up,0.848875083
GLYMA03G31420,20.05666667,70.88333333,1.821364593,Up,0.804590923
GLYMA07G07360,1.01,29.32666667,4.859785902,Up,0.933782598
GLYMA02G07990,65.27,15.58,-2.066724806,Down,0.826471517
GLYMA15G00885,5.473333333,25.17,2.20121359,Up,0.811386052
GLYMA11G15870,0.063333333,40.24,9.311449577,Up,0.978937208
GLYMA08G04920,11.39333333,1.696666667,-2.747414836,Down,0.80467867
GLYMA02G45810,1.69,26.21,3.955022202,Up,0.901102102
GLYMA04G35320,1.76,20.59666667,3.548763539,Up,0.875929241
GLYMA14G02970,0.363333333,17.38333333,5.580267213,Up,0.929949809
GLYMA13G35550,24.82333333,421.06,4.084257066,Up,0.935218139
GLYMA12G06950,0.77,8.406666667,3.448603519,Up,0.815148643
GLYMA12G08010,77.19666667,3.973333333,-4.280116819,Down,0.935302376
GLYMA18G12660,0.513333333,9.11,4.149483204,Up,0.850580885
GLYMA15G02010,4.636666667,37.15,3.002202292,Up,0.872759819
GLYMA10G38710,3.323333333,65.09,4.291733005,Up,0.933242076
GLYMA11G37920,149.1133333,30.32333333,-2.297909008,Down,0.847123653
GLYMA12G22880,2.743333333,103.8,5.241732704,Up,0.963521814
GLYMA04G35270,1.24,15.22,3.617556333,Up,0.865838335
GLYMA07G15640,50.45,9.463333333,-2.414433921,Down,0.845386262
GLYMA08G01470,0.02,5.046666667,7.979186989,Up,0.851665438
GLYMA18G04940,66.97,12.12,-2.466125269,Down,0.852595556
GLYMA10G35521,46.62333333,442.3,3.245901184,Up,0.903773121
GLYMA16G04050,37.25,8.283333333,-2.168957075,Down,0.821568215
GLYMA06G14810,68.23,5.23,-3.705523365,Down,0.914292233
GLYMA05G00570,2.28,13.55666667,2.571896761,Up,0.804081991
GLYMA14G34590,19.43,165.66,3.091867488,Up,0.893619038
GLYMA09G31110,9.6,0.613333333,-3.96829114,Down,0.848141518
GLYMA03G05460,1.036666667,8.75,3.077330937,Up,0.80293426
GLYMA07G12741,0.24,9.81,5.353146825,Up,0.89061458
GLYMA06G20960,1086.123333,295.34,-1.878739267,Down,0.820111614
GLYMA02G34670,18.29,0.566666667,-5.012410924,Down,0.920111614
GLYMA05G24730,0.663333333,29.93333333,5.495875109,Up,0.948313503
GLYMA08G06340,1.913333333,20.29333333,3.406845717,Up,0.86948861
GLYMA02G10740,0.2,6.233333333,4.961931959,Up,0.841479766
GLYMA05G31800,10.31333333,0.3,-5.103404385,Down,0.888926328
GLYMA17G35650,293.2666667,34.24333333,-3.098318051,Down,0.895809203
GLYMA06G41370,99.17,5.493333333,-4.174150014,Down,0.934877681
GLYMA20G21301,612.5133333,183.16,-1.741636779,Down,0.807641009
GLYMA19G22560,5.833333333,38.07333333,2.706388463,Up,0.856280931
GLYMA06G41360,37.57666667,2.46,-3.933106874,Down,0.910754273
GLYMA01G28396,233.2,49.70333333,-2.230153275,Down,0.845210768
GLYMA08G15960,83.67333333,6.27,-3.738230561,Down,0.916938682
GLYMA02G10940,9.58,57.10333333,2.575477402,Up,0.860148819
GLYMA02G00730,0.47,10.15333333,4.433148874,Up,0.868853322
GLYMA02G37520,3.276666667,16.98,2.373535638,Up,0.808058685
GLYMA02G29100,15.85,0.826666667,-4.261033315,Down,0.891765821
GLYMA13G11700,5.34,41.11,2.944577725,Up,0.869232389
GLYMA08G45320,23.29,0.45,-5.693641828,Down,0.943715559
GLYMA06G41392,97.63666667,12.29666667,-2.989155754,Down,0.88327191
GLYMA03G32830,3.03,24.13666667,2.993836751,Up,0.855217437
GLYMA03G40730,134.2833333,27.91666667,-2.26608166,Down,0.844986136
GLYMA15G35435,182.96,45.56,-2.005688619,Down,0.830897476
GLYMA02G12400,3.1,18.26333333,2.558609982,Up,0.819922081
GLYMA05G15191,10.55333333,1.006666667,-3.390040801,Down,0.832073286
GLYMA14G05980,269.7866667,82.34666667,-1.712036893,Down,0.803485311
GLYMA03G33840,1.78,23.78666667,3.740203968,Up,0.890242533
GLYMA17G00670,23.24333333,2.33,-3.318415121,Down,0.873363518
GLYMA10G36140,0.493333333,6.47,3.713131037,Up,0.804180267
GLYMA03G06420,546.24,29.52333333,-4.20960744,Down,0.941585062
GLYMA10G39150,0.01,11.24,10.13442632,Up,0.927801762
GLYMA02G05350,995.91,303.3366667,-1.715095474,Down,0.806184409
GLYMA20G10840,38.46333333,7.353333333,-2.387013506,Down,0.838794707
GLYMA02G03301,43.19666667,0.916666667,-5.558378966,Down,0.958499175
GLYMA16G00291,24.64333333,4.07,-2.598096713,Down,0.839486154
GLYMA03G34780,0.05,10.39666667,7.699977242,Up,0.918963883
GLYMA17G04220,13.09333333,63.15333333,2.270026455,Up,0.837657506
GLYMA17G07720,2.256666667,52.37666667,4.536659009,Up,0.937997964
GLYMA07G32110,0.053333333,5.98,6.808964175,Up,0.865669861
GLYMA07G35520,0.496666667,7.393333333,3.89587513,Up,0.822715945
GLYMA15G10400,33.11333333,7.053333333,-2.231035119,Down,0.821670001
GLYMA13G29760,24.27666667,5.22,-2.217448633,Down,0.811207048
GLYMA13G31895,455.0133333,61.50333333,-2.887172313,Down,0.887150328
GLYMA16G29750,6.83,30.78666667,2.172348189,Up,0.816510477
GLYMA15G14040,18.59666667,121.4866667,2.707682029,Up,0.872766839
GLYMA13G34066,11.81666667,1.18,-3.323964362,Down,0.838914043
GLYMA01G24360,23.27,295,3.664171839,Up,0.919827314
GLYMA08G11240,0.506666667,6.763333333,3.738625636,Up,0.808964234
GLYMA18G52080,0.043333333,17.92666667,8.692414322,Up,0.952465691
GLYMA03G00970,2.786666667,18.70666667,2.746940162,Up,0.833305254
GLYMA03G36450,12.27333333,1.033333333,-3.570149506,Down,0.849113755
GLYMA20G27990,2.383333333,70.99,4.896563168,Up,0.951861992
GLYMA20G25990,12.69,61.18333333,2.269446639,Up,0.837116984
GLYMA15G42680,49.85666667,2.943333333,-4.082263588,Down,0.920497701
GLYMA09G05090,30.65666667,1.996666667,-3.940535432,Down,0.90557369
GLYMA20G26140,5.77,42.61333333,2.884661684,Up,0.868368959
GLYMA16G23140,3.303333333,27.49666667,3.057262274,Up,0.865852374
GLYMA06G03960,19.34666667,77.33333333,1.999005381,Up,0.824095328
GLYMA15G05740,51.60666667,12.4,-2.057217328,Down,0.821926222
GLYMA01G00730,65.25666667,12.92666667,-2.335774993,Down,0.846305851
GLYMA06G43290,13.14,1.55,-3.083625155,Down,0.832722614
GLYMA13G09820,57.40666667,4.923333333,-3.543510962,Down,0.903183461
GLYMA07G07760,210.12,43.78666667,-2.262649958,Down,0.84662876
GLYMA18G41410,3.413333333,19.42,2.508289986,Up,0.820732863
GLYMA09G05820,21.37333333,83.94333333,1.973603828,Up,0.818602366
GLYMA08G07340,0.186666667,61.65666667,8.367648759,Up,0.985676178
GLYMA06G43050,2.103333333,20.33333333,3.273097332,Up,0.863416517
GLYMA02G15571,0.723333333,8.953333333,3.629692357,Up,0.830181461
GLYMA20G02940,4.266666667,36.42666667,3.093813673,Up,0.874398933
GLYMA04G37140,107.2366667,8.746666667,-3.615921156,Down,0.914597592
GLYMA10G42270,42.81,4.136666667,-3.371407221,Down,0.891439402
GLYMA17G32100,92.39,17.28666667,-2.418077002,Down,0.854371556
GLYMA17G05290,3.743333333,19.79666667,2.402862105,Up,0.816945702
GLYMA19G43420,104.06,21.19666667,-2.295506299,Down,0.844779053
GLYMA18G04410,6.006666667,28.27666667,2.234975551,Up,0.817086097
GLYMA06G10520,0.443333333,14.40333333,5.02186708,Up,0.908293847
GLYMA14G05650,2.29,191.6966667,6.387333842,Up,0.985012811
GLYMA19G41090,49.91666667,1.513333333,-5.043719895,Down,0.950686182
GLYMA14G07570,0.883333333,14.22,4.008819701,Up,0.877206837
GLYMA08G24420,0.15,4.886666667,5.025816292,Up,0.814874873
GLYMA03G36840,162.9933333,36.04666667,-2.176875197,Down,0.840981363
GLYMA04G01020,2048.59,645.0866667,-1.667066373,Down,0.80118634
GLYMA13G01570,21.86,134.78,2.624241125,Up,0.870457337
GLYMA17G29590,27.78333333,6.733333333,-2.044826906,Down,0.80499456
GLYMA04G11005,24.23,2.983333333,-3.021797318,Down,0.860545435
GLYMA13G28390,125.3133333,25.82333333,-2.278792781,Down,0.845080903
GLYMA19G33300,1.53,10.65333333,2.79970135,Up,0.801253027
GLYMA02G38360,0.05,25.43666667,8.990765816,Up,0.966241971
GLYMA11G33590,4.456666667,21.14666667,2.246393306,Up,0.807304061
GLYMA06G20730,16.30666667,2.07,-2.97775923,Down,0.837801411
GLYMA04G03600,0.723333333,12.73333333,4.13780569,Up,0.874451581
GLYMA01G42390,45.39,317.78,2.807581936,Up,0.884423151
GLYMA18G43430,1.413333333,12.30666667,3.122266383,Up,0.829349619
GLYMA19G44430,35.20666667,7.85,-2.165084082,Down,0.820023867
GLYMA13G35100,8.95,278.57,4.960008406,Up,0.962349514
GLYMA20G25291,44.57333333,11.72333333,-1.92679802,Down,0.805163034
GLYMA17G02160,2.783333333,19.50666667,2.809081667,Up,0.841837773
GLYMA01G31300,272.5333333,40.64666667,-2.745223745,Down,0.877631533
GLYMA02G07940,0.423333333,16.29,5.266048702,Up,0.92024148
GLYMA08G14670,10.64333333,106.0766667,3.317085389,Up,0.903179952
GLYMA19G05760,17.78,2.956666667,-2.588211815,Down,0.825165842
GLYMA13G09781,8.34,0.62,-3.749707263,Down,0.829075849
GLYMA19G33381,9.89,43.25333333,2.128768893,Up,0.822680847
GLYMA0405S00200,1.026666667,21.41,4.38224504,Up,0.90819908
GLYMA08G18190,2.216666667,16.39333333,2.886645489,Up,0.835600716
GLYMA08G28190,5.953333333,55.87,3.230304241,Up,0.890267102
GLYMA13G36780,0.02,10.12666667,8.983943654,Up,0.919602682
GLYMA11G20000.14,0.01,4.333333333,8.759333407,Up,0.833845776
GLYMA09G08150,9.14,108.4033333,3.568071144,Up,0.910684076
GLYMA01G07100,17.46333333,85.75,2.29580771,Up,0.843045172
GLYMA14G08820,66.61666667,18.79666667,-1.825406325,Down,0.804559335
GLYMA13G28630,29.80333333,226.2966667,2.924669732,Up,0.886272858
GLYMA20G22700,3.12,85.37333333,4.774167575,Up,0.951167035
GLYMA13G09730,171.61,14.67,-3.548192847,Down,0.913232249
GLYMA11G04250,2.956666667,16.08,2.443223898,Up,0.808472851
GLYMA18G12670,1.563333333,12.57,3.007287323,Up,0.827931628
GLYMA02G00820,7.553333333,0.403333333,-4.227068909,Down,0.837808431
GLYMA07G15290,1.05,12.22,3.540783052,Up,0.848425819
GLYMA02G46610,40.77,141.1366667,1.79151298,Up,0.808125373
GLYMA10G09557,394.86,115.2866667,-1.776115558,Down,0.810715665
GLYMA11G26240,26.42666667,5.1,-2.37342531,Down,0.82697694
GLYMA12G35411,2.563333333,116.57,5.507031642,Up,0.970008073
GLYMA06G11870,1.496666667,13.12666667,3.132675761,Up,0.833775578
GLYMA01G26360,7.73,0.526666667,-3.875506356,Down,0.826654031
GLYMA13G21401,84.10333333,22.37333333,-1.910382766,Down,0.813899126
GLYMA04G12040,3.476666667,32.05666667,3.204847761,Up,0.877575375
GLYMA15G38125,1304.41,268.73,-2.279168114,Down,0.850422941
GLYMA08G41251,0.25,16.84333333,6.074105774,Up,0.935870977
GLYMA01G08056,0.373333333,10.11,4.759174861,Up,0.879319785
GLYMA10G01610,23.56333333,157.9233333,2.7446088,Up,0.875220245
GLYMA09G42020,0.89,28.64666667,5.00841813,Up,0.936576463
GLYMA18G47970,5.89,46.59333333,2.983784007,Up,0.872910744
GLYMA12G36150,627.7,184.0666667,-1.769846822,Down,0.810417325
GLYMA03G00790,5.126666667,51.16333333,3.319017257,Up,0.894250816
GLYMA18G04580,0.286666667,15.88666667,5.792298481,Up,0.929058299
GLYMA10G39780.11,0.78,90.08333333,6.851642278,Up,0.984117792
GLYMA12G14420,25.58,105.9466667,2.050250028,Up,0.830518409
GLYMA08G40150,17.79333333,3.323333333,-2.420633896,Down,0.812828613
GLYMA06G33380,14.38666667,82.10666667,2.512767003,Up,0.856860061
GLYMA13G11550,0.063333333,4.243333333,6.06608919,Up,0.816685971
GLYMA01G11180,7448.453333,2109.296667,-1.820178862,Down,0.815464533
GLYMA14G35330,14.13,2.413333333,-2.549662364,Down,0.806001895
GLYMA03G16510,7.926666667,69.35,3.129109668,Up,0.887343372
GLYMA08G16050,35.48666667,6.32,-2.489280602,Down,0.840925204
GLYMA03G28050,29.45,3.06,-3.266664076,Down,0.876427644
GLYMA09G31810,67.20333333,14.38,-2.224469118,Down,0.835709522
GLYMA06G12470,99.22333333,23.58333333,-2.072911777,Down,0.831357271
GLYMA13G24461,1.676666667,21.59,3.686695439,Up,0.882934962
GLYMA11G06590,40.17,8.346666667,-2.2668464,Down,0.828893335
GLYMA01G40620,0.67,8.126666667,3.600430719,Up,0.821863044
GLYMA18G07380,28.50666667,5.043333333,-2.498849866,Down,0.835249728
GLYMA01G35570,12.26,54.17,2.143535112,Up,0.827759643
GLYMA11G08770,9.706666667,1.33,-2.867549704,Down,0.801056474
GLYMA02G06020,15.15333333,1.406666667,-3.42928278,Down,0.855768488
GLYMA06G43440,12.78333333,0.683333333,-4.225530763,Down,0.877800007
GLYMA11G13111,0.88,8.33,3.242741067,Up,0.806633674
GLYMA12G13315,68.38,482.0733333,2.817606299,Up,0.885433997
GLYMA05G21346,357.1033333,63.90333333,-2.482378508,Down,0.863128707
GLYMA16G11370,1.483333333,39.38333333,4.730670483,Up,0.937492542
GLYMA07G27370,27.38333333,4.066666667,-2.751379427,Down,0.848499526
GLYMA10G28680,15.24666667,121.0466667,2.988997581,Up,0.884921554
GLYMA01G02800,0.733333333,10.18666667,3.796069115,Up,0.845379243
GLYMA07G09960,18.23,3.31,-2.461411439,Down,0.815657576
GLYMA06G41664,9.49,0.08,-6.890264277,Down,0.908142922
GLYMA15G10660,216.5833333,53.61666667,-2.014168793,Down,0.831613492
GLYMA18G44560,84.32666667,16.91,-2.318112268,Down,0.848948791
GLYMA02G06400,2.493333333,23.98333333,3.265884512,Up,0.869832579
GLYMA05G04290,15.77,334.73,4.407743292,Up,0.947309677
GLYMA11G02530,0.886666667,10.21666667,3.526388923,Up,0.835569127
GLYMA08G11870,44.16,8.99,-2.296347151,Down,0.832533081
GLYMA03G28920,5.543333333,31.49,2.50606809,Up,0.83842617
GLYMA07G05360,12.98666667,1.03,-3.656314934,Down,0.857456741
GLYMA11G31151,0.1,8.716666667,6.445704636,Up,0.897799305
GLYMA14G22700,2.356666667,49.76333333,4.400263506,Up,0.933013934
GLYMA01G24550,14.05666667,55.64333333,1.984954327,Up,0.813523569
GLYMA11G09700,0.876666667,8.146666667,3.216109581,Up,0.804296094
GLYMA04G17710,1.78,18.05333333,3.342316092,Up,0.863019901
GLYMA10G05800,0.01,4.426666667,8.790076931,Up,0.836983609
GLYMA02G08680,0.126666667,11.97666667,6.563045707,Up,0.922077147
GLYMA01G22770,0.01,7.62,9.573647187,Up,0.897325471
GLYMA10G23560,0.056666667,5.383333333,6.569855608,Up,0.851770735
GLYMA07G15170,20.96,85.59,2.029803531,Up,0.827096276
GLYMA08G45580,0.646666667,16.83333333,4.70215483,Up,0.908648345
GLYMA11G05680,4.176666667,20.30333333,2.28129269,Up,0.807156646
GLYMA14G35720,18.57333333,88.4,2.250813612,Up,0.840647924
GLYMA10G21570,3.033333333,18.23666667,2.587866105,Up,0.82640132
GLYMA10G34120,0.63,22.70666667,5.171620295,Up,0.932747183
GLYMA05G03110,121.87,20.74333333,-2.55462338,Down,0.861728265
GLYMA15G38091,695.6466667,84.69666667,-3.037977621,Down,0.895977677
GLYMA07G08470,21.27666667,1.75,-3.60384532,Down,0.881313397
GLYMA01G42950,3.8,23.32,2.617496465,Up,0.838278755
GLYMA18G45420,3.976666667,20.94333333,2.396859537,Up,0.819402618
GLYMA18G06063,83.92333333,13.15333333,-2.673643526,Down,0.868579551
GLYMA13G38240,0.92,60.83666667,6.047163436,Up,0.972022744
GLYMA08G07570,1.646666667,32.00666667,4.280751989,Up,0.918721702
GLYMA13G29350,6.66,37.96333333,2.51101259,Up,0.843441789
GLYMA05G35501,0.34,27.44666667,6.334952391,Up,0.95747078
GLYMA12G09660,20.56,154.2133333,2.907015337,Up,0.884370503
GLYMA01G02850,15.95,63.65333333,1.996679642,Up,0.821480468
GLYMA13G00850,8.13,60.81666667,2.903139488,Up,0.875437858
GLYMA15G19910,4.846666667,61.88666667,3.674563849,Up,0.90937489
GLYMA08G40680,1.916666667,14.65,2.934229304,Up,0.83079218
GLYMA18G15390,0.046666667,5.28,6.822001698,Up,0.851654909
GLYMA08G05361,0.01,20.08333333,10.97178303,Up,0.958685199
GLYMA20G31810,44.99,6.023333333,-2.900970361,Down,0.870011583
GLYMA17G04160,4.08,76.65333333,4.231707473,Up,0.932912148
GLYMA07G30710,0.576666667,26.19666667,5.505501809,Up,0.944263101
GLYMA20G26411,5.42,39.25,2.856327897,Up,0.86598575
GLYMA16G19580,6.863333333,27.79666667,2.017930558,Up,0.803488821
GLYMA16G04760,0.726666667,17.52333333,4.591839695,Up,0.907184725
GLYMA09G09236,11.46666667,0.01,-10.16323035,Down,0.929181145
GLYMA11G14580,24.42333333,153.6466667,2.653284448,Up,0.872208768
GLYMA11G14820,109.97,21.97333333,-2.323284361,Down,0.851219683
GLYMA16G13601,10.08666667,0.033333333,-8.241268177,Down,0.918128532
GLYMA05G37350,1.613333333,48.81666667,4.919257335,Up,0.947179811
GLYMA17G14921,21.33,4.47,-2.254537229,Down,0.807648029
GLYMA07G32030,0.01,4.74,8.888743249,Up,0.845719701
GLYMA06G08190,60.04666667,12.63666667,-2.248468205,Down,0.835713032
GLYMA02G11480,32.98333333,8.42,-1.969845068,Down,0.801119652
GLYMA06G38160,40.47,6.483333333,-2.642045195,Down,0.855473658
GLYMA12G05900,0.956666667,14.31666667,3.903535489,Up,0.8715454
GLYMA06G13890,1.41,14.33333333,3.345607091,Up,0.851174055
GLYMA13G34720,8.876666667,63.93666667,2.848553603,Up,0.874974553
GLYMA15G01350,0.113333333,7.85,6.114048503,Up,0.885714787
GLYMA06G42935,11.54666667,0.843333333,-3.77522964,Down,0.854210101
GLYMA07G33870,14.19666667,86.83333333,2.612696738,Up,0.866677196
GLYMA13G19560,7.756666667,92.64333333,3.578178453,Up,0.913042715
GLYMA07G36805,22.85,4.686666667,-2.285560072,Down,0.812751395
GLYMA08G21510,0.163333333,10.72333333,6.036790377,Up,0.909234495
GLYMA18G53954,68.93666667,18.59,-1.890744771,Down,0.809852234
GLYMA05G17432,261.03,26.04,-3.325414271,Down,0.907739286
GLYMA13G35010,0.01,8.88,9.794415866,Up,0.910111965
GLYMA10G28300,5.373333333,115.5066667,4.426014973,Up,0.943160998
GLYMA18G32211,383.2466667,108.79,-1.816727294,Down,0.814183426
GLYMA16G27148,7.39,183.3633333,4.632987001,Up,0.951479415
GLYMA20G29040,2.65,27.72,3.386862993,Up,0.880425397
GLYMA14G04000,2.746666667,16.82666667,2.614995668,Up,0.823295076
GLYMA13G17770,2.95,22.78,2.948980887,Up,0.852114703
GLYMA06G04353,20.6,103.3233333,2.32644985,Up,0.851072268
GLYMA12G02385,129.1033333,23.93666667,-2.431232083,Down,0.857326875
GLYMA14G13770,0.486666667,13.65,4.809823178,Up,0.900424696
GLYMA11G04950,1.073333333,9.236666667,3.105274117,Up,0.80792531
GLYMA12G28750,114.6933333,433.96,1.919780534,Up,0.822217542
GLYMA01G32440,0.266666667,12.94333333,5.601027897,Up,0.914506335
GLYMA13G25870,36.92,174.6066667,2.241634186,Up,0.8445825
GLYMA05G18342,0.59,8.743333333,3.889396542,Up,0.83724685
GLYMA06G06145,0.043333333,4.43,6.675685671,Up,0.828781019
GLYMA2269S00200,2.956666667,34.82666667,3.558148887,Up,0.893060967
GLYMA07G01660,0.106666667,5.366666667,5.652844973,Up,0.839812572
GLYMA19G36620,3.413333333,17.83,2.385053488,Up,0.811610684
GLYMA18G46161,24.38,3.896666667,-2.645385697,Down,0.841019971
GLYMA07G30460,8.373333333,33.55,2.002438803,Up,0.808076235
GLYMA08G08800,10.23333333,0.703333333,-3.862923752,Down,0.849352427
GLYMA15G29630,74.88,9.486666667,-2.980607274,Down,0.880586852
GLYMA04G17650,13.64666667,71.5,2.38939464,Up,0.850229897
GLYMA19G22570,0.01,4.97,8.957102042,Up,0.851556632
GLYMA02G44200,25.58666667,96.06333333,1.908593659,Up,0.815208311
GLYMA16G28980,0.733333333,7.743333333,3.400413725,Up,0.806949563
GLYMA12G32725,11.49333333,0.923333333,-3.637801893,Down,0.849243621
GLYMA09G01320,47.15,205.9033333,2.12663751,Up,0.839142185
GLYMA11G29350,16.84,58.99666667,1.808741306,Up,0.801112632
GLYMA0737S00250,36.32666667,8.556666667,-2.085908195,Down,0.816047173
GLYMA19G41580,3.16,103.9866667,5.040330187,Up,0.959696044
GLYMA16G33451,0.306666667,23.94,6.286607982,Up,0.952830718
GLYMA12G15430,186.01,41.61333333,-2.160262422,Down,0.840416272
GLYMA08G40705,13.03,1.676666667,-2.958169279,Down,0.824502474
GLYMA08G03200,2.696666667,16.81666667,2.640642662,Up,0.824460356
GLYMA13G27510,24.39,5.77,-2.079646534,Down,0.803014987
GLYMA01G01400,7.726666667,45.84666667,2.568898779,Up,0.849991225
GLYMA07G38780,139.0566667,14.37,-3.274540945,Down,0.900347478
GLYMA06G03140,15.39666667,56.23,1.868722001,Up,0.805412235
GLYMA08G29130,24.85,85.39,1.780821274,Up,0.803408094
GLYMA04G05500,0.153333333,20.81333333,7.084692866,Up,0.953824015
GLYMA13G34910,3.16,26.99666667,3.094784822,Up,0.866052438
GLYMA11G33180,12.53333333,86.26333333,2.782977304,Up,0.87214208
GLYMA12G35290,25.1,0.67,-5.227382458,Down,0.93724685
GLYMA16G31401,12.65333333,1.65,-2.938979562,Down,0.822045558
GLYMA07G04810,35.02666667,1.406666667,-4.638101296,Down,0.932947246
GLYMA19G41900,13.56666667,0.52,-4.70541086,Down,0.897248254
GLYMA03G41580,0.01,4.923333333,8.94349161,Up,0.850307115
GLYMA15G07465,4.74,27.35333333,2.528757689,Up,0.835000526
GLYMA08G17100,0.163333333,79.26666667,8.922751251,Up,0.989519497
GLYMA20G16920,158.3233333,33.33666667,-2.247692131,Down,0.844694816
GLYMA0819S00210,24.34,242.8966667,3.318941618,Up,0.907412867
GLYMA04G10151,585.5066667,179.2233333,-1.707927121,Down,0.804773437
GLYMA04G13490,23.27,145.3633333,2.643120292,Up,0.871594539
GLYMA20G29840,5.93,34.35,2.534206089,Up,0.841690358
GLYMA03G38150,0.223333333,20.98,6.553672273,Up,0.95043347
GLYMA19G40680,2.27,46.77666667,4.365024855,Up,0.930111263
GLYMA14G09760,12.58333333,51.97333333,2.046257446,Up,0.821326033
GLYMA03G04470,1.66,53.69333333,5.015487825,Up,0.95103015
GLYMA03G24320,0.67,37.18,5.794221864,Up,0.959141483
GLYMA18G46060,25.62333333,4.706666667,-2.44468058,Down,0.829146046
GLYMA13G01631,3.44,34.38333333,3.321228945,Up,0.885437507
GLYMA11G21756,28.57333333,6.53,-2.129514452,Down,0.811694921
GLYMA13G42340,2.966666667,26.82,3.176394497,Up,0.871963076
GLYMA13G01300,26.52,1.633333333,-4.021189622,Down,0.904299603
GLYMA08G18200,24.59666667,0.01,-11.2642471,Down,0.96627707
GLYMA05G33340,0.223333333,137.2266667,9.263146551,Up,0.994005124
GLYMA18G03930,8.346666667,103.13,3.6271201,Up,0.914467727
GLYMA17G08020,1.213333333,194.0066667,7.320986469,Up,0.99148503
GLYMA15G19390,30.45666667,6.903333333,-2.141393002,Down,0.814401039
GLYMA04G41240,0.87,12.16333333,3.805379439,Up,0.860791127
GLYMA12G01450,1.733333333,30.94333333,4.15800759,Up,0.912568881
GLYMA07G17000,5.57,25.73333333,2.207889114,Up,0.812635569
GLYMA13G02740,14.31333333,65.73666667,2.199338613,Up,0.834259942
GLYMA02G01850,31.59,6.816666667,-2.212329595,Down,0.819304342
GLYMA12G26836,11.78666667,50.96,2.112209504,Up,0.82463234
GLYMA01G42661,7.436666667,53.61,2.849774122,Up,0.872194728
GLYMA10G36680,18.92,79.84666667,2.077320092,Up,0.829756765
GLYMA14G15250,156.3233333,41.22,-1.923116726,Down,0.819128848
GLYMA12G00370,0.076666667,17.47666667,7.832614874,Up,0.949461233
GLYMA13G37750,31.5,3.833333333,-3.038680468,Down,0.869390334
GLYMA11G36030,1.71,35.42333333,4.372631746,Up,0.923898775
GLYMA06G17540,0.03,5.29,7.462161411,Up,0.855463129
GLYMA10G30340,24.77,4.436666667,-2.481045798,Down,0.829402267
GLYMA20G33800,11.69333333,0.293333333,-5.317001414,Down,0.903046576
GLYMA06G11050,9.833333333,1.12,-3.134181816,Down,0.813291917
GLYMA10G32410,8.88,1.056666667,-3.071039337,Down,0.803987224
GLYMA06G11790,12.93666667,48.22666667,1.898365165,Up,0.804503176
GLYMA07G11810,1.313333333,17.21666667,3.712500814,Up,0.876203011
GLYMA01G26570,0.313333333,173.7266667,9.11490525,Up,0.995072128
GLYMA10G39460,1925.913333,549.58,-1.809141374,Down,0.814597592
GLYMA19G32650,13.6,1.683333333,-3.014213859,Down,0.833080622
GLYMA05G00540,3.37,41.40666667,3.619042571,Up,0.901417992
GLYMA09G31731,0.063333333,6.496666667,6.680590862,Up,0.873135376
GLYMA20G38450,2.156666667,12.86,2.576015526,Up,0.8067495
GLYMA11G18640,1476.946667,288.6766667,-2.355091324,Down,0.85925029
GLYMA19G25314,12.53666667,54.64333333,2.123891687,Up,0.826808466
GLYMA17G06780,11.9,0.646666667,-4.201795517,Down,0.872942333
GLYMA13G05080,0.38,6.276666667,4.04592727,Up,0.812730336
GLYMA15G03930,8.396666667,43.87666667,2.385565306,Up,0.841816714
GLYMA13G11570,10.58666667,125.92,3.572187129,Up,0.911779158
GLYMA13G38531,6.336666667,0.39,-4.022178097,Down,0.813355095
GLYMA11G21580,153.6833333,30.22,-2.34638515,Down,0.854459303
GLYMA03G19920,40.25666667,6.61,-2.606505542,Down,0.854175003
GLYMA17G09240,1.69,15.62,3.208299302,Up,0.849591099
GLYMA15G04900,18.33666667,0.37,-5.631062321,Down,0.933105191
GLYMA15G07330,2.893333333,16.92333333,2.548209312,Up,0.815738303
GLYMA14G37440,0.343333333,13.28,5.273501405,Up,0.909276614
GLYMA01G30670,0.04,10.59666667,8.0493948,Up,0.9214208
GLYMA18G01720,5.663333333,141.8133333,4.646197925,Up,0.951788284
GLYMA17G04040,4.643333333,24.4,2.393648391,Up,0.82520796
GLYMA08G16310,16.8,104.5933333,2.638257761,Up,0.869428942
GLYMA12G32230,0.41,21.19666667,5.692069688,Up,0.940237268
GLYMA16G33130,0.07,33.11,8.885696373,Up,0.973879471
GLYMA15G25060,0.266666667,74.11666667,8.118616689,Up,0.987564494
GLYMA18G46033,29.25666667,5.533333333,-2.402544666,Down,0.831859184
GLYMA11G33450,36.83333333,144.14,1.968386882,Up,0.822698396
GLYMA18G07970,1.553333333,70.42,5.502545868,Up,0.965490857
GLYMA07G30170,2.623333333,15.36,2.549705176,Up,0.810747254
GLYMA11G07516,34.5,3.59,-3.264540613,Down,0.880660559
GLYMA13G40470,12.45333333,46.92333333,1.913773549,Up,0.804731319
GLYMA05G18376,41.92333333,656.7833333,3.969592182,Up,0.932659436
GLYMA15G41940,18.96666667,4.076666667,-2.218004249,Down,0.800677407
GLYMA07G39470,3.56,22.14666667,2.637140426,Up,0.837145063
GLYMA10G26690,38.15666667,7.136666667,-2.418612849,Down,0.839851181
GLYMA09G28920,20.96333333,4.046666667,-2.373062214,Down,0.817924959
GLYMA11G09120,2.403333333,24.39,3.343181094,Up,0.875402759
GLYMA15G21400,0.21,4.89,4.541373232,Up,0.801554877
GLYMA18G49520,0.646666667,9.383333333,3.859006365,Up,0.842606437
GLYMA07G23480,30.26333333,3.496666667,-3.113518724,Down,0.869706223
GLYMA10G41260,7.483333333,52.51333333,2.810930831,Up,0.870752167
GLYMA06G45040,79.86,7.11,-3.489551607,Down,0.907065389
GLYMA10G00430,28.15,317.8266667,3.497033349,Up,0.914629181
GLYMA08G20810,0.916666667,12.87,3.811471031,Up,0.864539679
GLYMA07G08011,58.64666667,2.466666667,-4.571414436,Down,0.940016145
GLYMA02G04840,2.146666667,17.44666667,3.022781331,Up,0.846572602
GLYMA01G37720,2.873333333,24.62,3.099033488,Up,0.86304096
GLYMA06G15990,0.583333333,53.14,6.509333901,Up,0.974711312
GLYMA08G45590,4.773333333,221.1333333,5.533775614,Up,0.973763645
GLYMA13G17580,0.436666667,95.53333333,7.773327988,Up,0.989010565
GLYMA08G12570,1.466666667,14.5,3.305439972,Up,0.847327226
GLYMA04G04170,11.13,60.24666667,2.436427829,Up,0.84985083
GLYMA03G21720,224.4733333,36.64333333,-2.614921416,Down,0.872394791
GLYMA11G20050,0.043333333,4.953333333,6.836778682,Up,0.844031449
GLYMA08G07880,343.3066667,86.33,-1.99156398,Down,0.826997999
GLYMA20G36226,3.65,48.67666667,3.737262008,Up,0.909171317
GLYMA12G12240,61.57666667,1.64,-5.230616052,Down,0.957997262
GLYMA09G26080,2.386666667,79.4,5.056070015,Up,0.957421642
GLYMA04G10600,6.586666667,39.79,2.594785453,Up,0.853139588
GLYMA13G24930,6.826666667,38.29333333,2.487840034,Up,0.842771401
GLYMA12G31031,1.773333333,16.04333333,3.177438272,Up,0.850405391
GLYMA09G11235,2.05,20.25333333,3.304463554,Up,0.863823664
GLYMA18G04770,15.08,122.5033333,3.022112672,Up,0.890189885
GLYMA02G43510,2.083333333,16.61333333,2.995375973,Up,0.843648872
GLYMA03G28210,4.14,19.15333333,2.209892819,Up,0.800459794
GLYMA06G11190,5.736666667,56.71,3.30531856,Up,0.891923765
GLYMA14G24220,17.69666667,95.95333333,2.438855284,Up,0.855575445
GLYMA18G42850,1.25,10.61,3.085424656,Up,0.818146081
GLYMA13G06450,250.73,57.05666667,-2.135667256,Down,0.840430311
GLYMA18G52650,0.593333333,7.71,3.69981612,Up,0.821473448
GLYMA08G20650,31.05333333,5.753333333,-2.432278175,Down,0.834832052
GLYMA05G31960,4.226666667,24.05,2.508444649,Up,0.829683058
GLYMA09G12252,788.21,245.4233333,-1.683307635,Down,0.802098908
GLYMA19G42060,1704.223333,471.5866667,-1.853519575,Down,0.817921449
GLYMA10G01820,15.38333333,70.74666667,2.201294028,Up,0.835274297
GLYMA11G18570,0.166666667,102.5766667,9.265521286,Up,0.992036082
GLYMA18G39880,19.06,3.34,-2.512628111,Down,0.819788705
GLYMA01G05440,2.946666667,18.73666667,2.66870854,Up,0.830746552
GLYMA14G02980,5.593333333,0.333333333,-4.068670811,Down,0.800108806
GLYMA08G07330,0.106666667,16.41666667,7.265908009,Up,0.944428065
GLYMA11G13960,14.94666667,60.2,2.00993971,Up,0.821168088
GLYMA15G19510,30.97666667,1.83,-4.081266354,Down,0.909462637
GLYMA15G11530,5.39,73.48,3.768994448,Up,0.915875189
GLYMA13G29090,0.07,8.04,6.843696769,Up,0.894538626
GLYMA14G32430,0.516666667,111.03,7.747500016,Up,0.990144256
GLYMA08G18980,38.10666667,7.08,-2.42822215,Down,0.840289916
GLYMA13G29270,6.323333333,37.31333333,2.560934069,Up,0.845021235
GLYMA19G01860,43.16333333,143.72,1.735382653,Up,0.803688884
GLYMA05G27960,13.65,1.556666667,-3.132368997,Down,0.836162297
GLYMA13G17980,0.086666667,58.43333333,9.397098658,Up,0.986009617
GLYMA14G40400,40.92333333,173.4733333,2.083718339,Up,0.835291847
GLYMA18G40480,15.52666667,58.35333333,1.910066931,Up,0.808830859
GLYMA19G31960,2.97,22.28666667,2.907646018,Up,0.850061423
GLYMA19G29180,18.29666667,106.6066667,2.542644916,Up,0.860387491
GLYMA13G09755,36.37666667,5.006666667,-2.861091037,Down,0.864118494
GLYMA09G05700,13.10666667,1.113333333,-3.557343314,Down,0.853171177
GLYMA17G23821,1.17,13.89,3.569466164,Up,0.856730196
GLYMA15G09605,0.72,12.21666667,4.084709981,Up,0.868825243
GLYMA09G09865,7.803333333,0.786666667,-3.31026617,Down,0.802193675
GLYMA10G08871,0.376666667,9.526666667,4.660611239,Up,0.871752483
GLYMA07G16810,20.24,460.6333333,4.508337619,Up,0.950100032
GLYMA19G42010,1.4,18.66666667,3.736965594,Up,0.880309571
GLYMA0405S00330,0.01,34.12666667,11.73668379,Up,0.975788846
GLYMA04G37320,0.29,7.97,4.780454919,Up,0.860520866
GLYMA05G22180,46.20333333,12.24666667,-1.915607813,Down,0.805096346
GLYMA07G05320,1088.766667,233.14,-2.223426348,Down,0.847039416
GLYMA07G40100,12.33333333,0.816666667,-3.916671616,Down,0.865487347
GLYMA10G32000,0.636666667,50.97333333,6.323060657,Up,0.972240357
GLYMA10G02610,19.89333333,0.57,-5.125179305,Down,0.926622442
GLYMA06G20830,74.18666667,9.073333333,-3.031455353,Down,0.886104384
GLYMA01G44670,1.623333333,22.2,3.7735285,Up,0.887996209
GLYMA16G25860,587.05,177.9266667,-1.722200635,Down,0.805780773
GLYMA10G34460,18.90333333,0.856666667,-4.463762892,Down,0.90673897
GLYMA07G09980,39.65,10.04333333,-1.981082694,Down,0.806542417
GLYMA11G15200,0.806666667,16.54333333,4.358133502,Up,0.896584886
GLYMA08G42660,6.783333333,35.71666667,2.39653115,Up,0.837334597
GLYMA19G32920,0.146666667,180.1733333,10.26262876,Up,0.996026815
GLYMA13G02231,68.62666667,8.57,-3.001402172,Down,0.884321365
GLYMA14G06910,0.04,77.38333333,10.91780716,Up,0.99031273
GLYMA01G03090,6.99,30,2.10159814,Up,0.811403601
GLYMA05G32360,22.78,92.56666667,2.022725024,Up,0.827250711
GLYMA02G06650,210.3633333,29.77666667,-2.820629096,Down,0.883475483
GLYMA0859S50,0.376666667,10.05666667,4.738720019,Up,0.877543786
GLYMA16G01440,0.12,102.95,9.744693709,Up,0.992418659
GLYMA06G42520,2.273333333,17.00333333,2.902936456,Up,0.837646976
GLYMA13G23180,8.38,39.82,2.248471072,Up,0.827499912
GLYMA15G19970,17.61333333,73.79333333,2.06682252,Up,0.82814924
GLYMA17G12080,16.50333333,1.763333333,-3.226380322,Down,0.852753501
GLYMA04G08831,6.403333333,0.2,-5.000751208,Down,0.845323084
GLYMA19G01400,9.25,38.35,2.051701307,Up,0.814853813
GLYMA02G09210,236.7166667,16.40333333,-3.851100366,Down,0.92699098
GLYMA04G17591,97.90333333,21.71,-2.172998254,Down,0.8372293
GLYMA18G47361,10.53666667,47.19,2.163062637,Up,0.826166158
GLYMA13G43910,2.923333333,49.96333333,4.095183483,Up,0.923242427
GLYMA12G08930,771.7466667,132.22,-2.545186927,Down,0.867066793
GLYMA09G32790,3.23,17.40666667,2.430033887,Up,0.812158225
GLYMA18G07090,19.72333333,2.3,-3.100197628,Down,0.854136394
GLYMA20G04820,0.256666667,6.48,4.658025963,Up,0.837183672
GLYMA08G03850,8.676666667,143.6066667,4.048838009,Up,0.931511705
GLYMA10G07133,7.923333333,43.42,2.454180323,Up,0.844084097
GLYMA15G06100,34.81333333,185.39,2.412851565,Up,0.858218385
GLYMA04G08290,2.62,14.32333333,2.45072856,Up,0.802428837
GLYMA12G36200,228.2333333,12.32333333,-4.211045064,Down,0.939665157
GLYMA18G44300,3.45,26.05333333,2.9167997,Up,0.856049279
GLYMA12G30770,0.71,7.926666667,3.48082338,Up,0.81435541
GLYMA02G45170,14.37666667,1.736666667,-3.049336438,Down,0.837320557
GLYMA03G38080,1.64,11.31666667,2.786681354,Up,0.805398196
GLYMA20G26830,1.86,41.51333333,4.480200252,Up,0.931430978
GLYMA15G20970,119.6433333,17.13333333,-2.803862247,Down,0.875227265
GLYMA04G33610,207.8333333,22.88,-3.183268102,Down,0.900603699
GLYMA04G37040,7.746666667,185.6366667,4.582762224,Up,0.951360079
GLYMA09G41850,13.94666667,0.576666667,-4.596038909,Down,0.895486294
GLYMA06G14090,48.50333333,163.9766667,1.757334735,Up,0.806117721
GLYMA0892S50,22.22,2.85,-2.962824992,Down,0.85132498
GLYMA15G14170,0.166666667,4.673333333,4.809414444,Up,0.804327682
GLYMA14G10320,0.266666667,6.95,4.703903573,Up,0.846074199
GLYMA20G23200,0.4,10.91333333,4.769948011,Up,0.884946123
GLYMA02G13120,4.006666667,57.58666667,3.84526042,Up,0.915998034
GLYMA11G02040,1.103333333,17.05,3.949831118,Up,0.883710645
GLYMA18G46111,20.22666667,3.733333333,-2.437722353,Down,0.819732547
GLYMA05G23170,13.46333333,1.393333333,-3.272423299,Down,0.842546769
GLYMA09G24410,14.33666667,176.6033333,3.622731038,Up,0.917633639
GLYMA16G02570,4.603333333,0.096666667,-5.573516609,Down,0.819441227
GLYMA01G39320,2.29,18.60333333,3.022141642,Up,0.849629708
GLYMA07G30950,14.84,82.78666667,2.479907339,Up,0.855645642
GLYMA16G31930,8.98,43.65333333,2.281304471,Up,0.831325682
GLYMA02G12520,76.79,315.23,2.037414488,Up,0.834730266
GLYMA19G42160,13.25666667,1.84,-2.84894039,Down,0.822631708
GLYMA18G06076,50.42,5.05,-3.319640825,Down,0.893973536
GLYMA18G44820,3.563333333,29.84333333,3.066109333,Up,0.868425117
GLYMA06G15640,0.383333333,7.073333333,4.20571889,Up,0.831311642
GLYMA03G04960,0.05,38.45666667,9.587089908,Up,0.978087817
GLYMA06G18750,0.163333333,6.733333333,5.365429734,Up,0.858976519
GLYMA16G23850,13.01,2.196666667,-2.566233092,Down,0.801484679
GLYMA16G25350,24.25,5.636666667,-2.105070588,Down,0.804531255
GLYMA08G09290,1.83,14.37666667,2.973813662,Up,0.830757081
GLYMA08G14070,2.393333333,31.01333333,3.695795348,Up,0.898101155
GLYMA04G41490,4.6,41.5,3.17340557,Up,0.883454424
GLYMA13G40200,2.83,22.68333333,3.002758703,Up,0.857604156
GLYMA04G08410,95.79333333,736.1933333,2.942087524,Up,0.889112351
GLYMA04G38620,0.01,22.34,11.12541347,Up,0.962865466
GLYMA04G05720,2.22,51.51666667,4.536407667,Up,0.937678565
GLYMA08G26410,3.606666667,104.65,4.858762408,Up,0.955385911
GLYMA17G14750,8.453333333,89.10666667,3.397941129,Up,0.902993928
GLYMA18G15770,0.33,11.32,5.100264123,Up,0.895577551
GLYMA15G20240,0.41,10.01333333,4.610154592,Up,0.873777684
GLYMA17G15690,13.31,1.123333333,-3.566652575,Down,0.854217121
GLYMA16G33991,6.08,0.423333333,-3.844205327,Down,0.802119968
GLYMA15G01100,8.223333333,152.72,4.215021888,Up,0.938092731
GLYMA11G20010,34.52,2.78,-3.634275676,Down,0.897128918
GLYMA08G08850,3.21,16.99333333,2.40432367,Up,0.80968376
GLYMA11G37780,28.46,262.68,3.206298793,Up,0.901930434
GLYMA04G40790,0.16,16.55333333,6.692906045,Up,0.941163876
GLYMA01G02330,3.27,16.81333333,2.362243234,Up,0.807005721
GLYMA08G21300,1.95,13.27333333,2.766984691,Up,0.815443473
GLYMA08G21790,0.55,8.083333333,3.877446818,Up,0.830757081
GLYMA12G10670,0.62,9.743333333,3.974075303,Up,0.849299779
GLYMA16G31231,1.24,13.27333333,3.420118695,Up,0.84809238
GLYMA09G08330,12.06333333,140.9666667,3.546653548,Up,0.912189814
GLYMA01G02840,7.793333333,58.90666667,2.918118489,Up,0.875486996
GLYMA14G16704,157.06,44.4,-1.822684221,Down,0.811379032
GLYMA06G06900,34.92666667,6.3,-2.470905228,Down,0.839724825
GLYMA20G30140,2.23,22.15,3.312191084,Up,0.867487979
GLYMA14G38985,9701.713333,2704.04,-1.843123058,Down,0.817131726
GLYMA04G01181,0.736666667,90.51333333,6.940974554,Up,0.98474255
GLYMA07G04860,2.383333333,181.42,6.250208958,Up,0.983314029
GLYMA08G14270,13.12,0.34,-5.270089163,Down,0.908648345
GLYMA07G34480,0.35,12.72333333,5.183977954,Up,0.904917342
GLYMA17G37020,30.48333333,6.373333333,-2.257900647,Down,0.821171598
GLYMA04G10100,1.45,14.14333333,3.285997373,Up,0.84576182
GLYMA03G36080,66.68333333,1.85,-5.171729047,Down,0.958165737
GLYMA18G44310,37.29,3.243333333,-3.523239588,Down,0.894324524
GLYMA17G31330,60.22,10.04666667,-2.583525792,Down,0.86100874
GLYMA08G45240,37.04,6.813333333,-2.442651403,Down,0.840037205
GLYMA16G03190,4.33,23.81,2.459128691,Up,0.827229651
GLYMA07G32020,38.18333333,241.5266667,2.661167526,Up,0.874546348
GLYMA03G38260,164.57,13.12333333,-3.648495249,Down,0.917654698
GLYMA13G18960,4.64,24.97666667,2.42838424,Up,0.827738584
GLYMA09G04420,1.263333333,12.26666667,3.279436013,Up,0.83664315
GLYMA06G43470,9.14,0.213333333,-5.421012856,Down,0.88651855
GLYMA18G51320,583.68,109.71,-2.411482602,Down,0.860977151
GLYMA19G01810,84.13,20.08333333,-2.066621604,Down,0.829746236
GLYMA11G27050,0.093333333,10.58333333,6.825185954,Up,0.915962936
GLYMA13G41460,16.72666667,99.23333333,2.568674846,Up,0.860882384
GLYMA18G09516,65.68666667,6.496666667,-3.337828967,Down,0.898480222
GLYMA09G03780,0.77,18.81,4.610497593,Up,0.91056123
GLYMA14G06110,8.786666667,0.22,-5.319740536,Down,0.881973255
GLYMA02G37990,129.5066667,6.116666667,-4.404136899,Down,0.943603243
GLYMA16G28080,1.25,9.566666667,2.936088236,Up,0.801828648
GLYMA12G10580,2.27,32.76,3.851171154,Up,0.904071461
GLYMA09G31740,3.39,2796.576667,9.688160893,Up,0.999308554
GLYMA09G12050,0.45,23.81,5.725498809,Up,0.945561756
GLYMA12G06460,8.64,52.76333333,2.610432492,Up,0.859776772
GLYMA07G31510,2.336666667,14.76333333,2.659494648,Up,0.818311046
GLYMA02G03280,16.95666667,1.543333333,-3.457730996,Down,0.865722509
GLYMA07G38030,4.253333333,37.02666667,3.121898848,Up,0.875413288
GLYMA13G27230,3.363333333,22.65333333,2.751759678,Up,0.841620161
GLYMA08G16251,33.37,7.246666667,-2.203162247,Down,0.820273069
GLYMA02G03230,794.89,209.1533333,-1.926194238,Down,0.823681162
GLYMA09G07100,74.86666667,20.17666667,-1.891635672,Down,0.810929767
GLYMA09G37020,40.63333333,201.0666667,2.306938303,Up,0.848885613
GLYMA14G02220,10.08666667,41.35,2.035437843,Up,0.815857639
GLYMA13G23790,14.43333333,84.11333333,2.542929985,Up,0.858306132
GLYMA19G44645,5.18,0.12,-5.431845787,Down,0.831525745
GLYMA13G04670,16.17666667,0.403333333,-5.325797907,Down,0.921448879
GLYMA10G03021,24.59333333,5.073333333,-2.27726143,Down,0.814990699
GLYMA16G01610,0.01,6.776666667,9.404431999,Up,0.88620266
GLYMA17G05580,10.88,41.56666667,1.933748503,Up,0.803608157
GLYMA06G00445,0.47,6.316666667,3.748430781,Up,0.802221754
GLYMA19G28574,539.86,95.55333333,-2.49820722,Down,0.864704644
GLYMA02G46580,2.63,15.59333333,2.567794656,Up,0.812119617
GLYMA12G30410,3.183333333,16.22666667,2.34975653,Up,0.804545295
GLYMA10G33030,58.60666667,12.67,-2.20964826,Down,0.833094661
GLYMA11G06491,197.0366667,41.25666667,-2.255764958,Down,0.84633042
GLYMA15G21890,133.5433333,709.8266667,2.410158818,Up,0.861177214
GLYMA15G15730,16.71,1.136666667,-3.87783059,Down,0.879330315
GLYMA20G36520,6.266666667,64.02,3.352752516,Up,0.898262609
GLYMA14G26450,2.016666667,20.2,3.324310746,Up,0.867842477
GLYMA16G00410,65.71,258.2933333,1.97482556,Up,0.825141273
GLYMA07G06943,24.77,4.636666667,-2.417433949,Down,0.826924292
GLYMA11G10445,818.68,120.39,-2.765584089,Down,0.879934014
GLYMA10G01690,127.8333333,4.013333333,-4.993319281,Down,0.959176582
GLYMA17G11401,125.6133333,764.1033333,2.604778146,Up,0.874293637
GLYMA19G36550,0.096666667,20.78333333,7.74819285,Up,0.956726686
GLYMA01G31320,12.69333333,0.966666667,-3.714908673,Down,0.859678495
GLYMA07G32070,3.823333333,92.89333333,4.602672172,Up,0.947099084
GLYMA06G41380,30.38666667,6.083333333,-2.320504461,Down,0.829212734
GLYMA15G40110,20.65333333,90.84333333,2.137006001,Up,0.834793444
GLYMA07G06260,0.01,24.77666667,11.27476639,Up,0.966445544
GLYMA19G00620,11.99,1.856666667,-2.691044927,Down,0.806124741
GLYMA12G29471,40.83666667,9.943333333,-2.038063633,Down,0.815583869
GLYMA15G40761,9.043333333,270.5966667,4.903145616,Up,0.960064582
GLYMA01G45200,43.42333333,11.59,-1.90558991,Down,0.803036046
GLYMA11G32070,14.79666667,1.346666667,-3.457807511,Down,0.858716788
GLYMA12G36220,4.573333333,0.076666667,-5.89850281,Down,0.824404198
GLYMA16G08940,56.03666667,6.053333333,-3.210569438,Down,0.89002141
GLYMA06G13210,1.3,26.32,4.339575961,Up,0.915229371
GLYMA02G02790,20.73333333,0.686666667,-4.916198338,Down,0.923256467
GLYMA17G08090,45.41666667,1.866666667,-4.604685592,Down,0.937201221
GLYMA18G08210,29.93,6.343333333,-2.238279218,Down,0.819427188
GLYMA08G10250,1.236666667,11.81666667,3.256294536,Up,0.833912464
GLYMA14G38640,125.3366667,18.83666667,-2.734192937,Down,0.873539012
GLYMA05G25810,2902.513333,452.6433333,-2.680856083,Down,0.877687691
GLYMA18G50860,1.25,12.08666667,3.273416424,Up,0.835695483
GLYMA02G03890,1.09,12.59666667,3.530641978,Up,0.850303605
GLYMA07G38550,0.96,9.05,3.236811481,Up,0.813463901
GLYMA02G38210,0.893333333,12.84333333,3.84567728,Up,0.86482047
GLYMA04G40960,3.453333333,28.33,3.036269099,Up,0.86628058
GLYMA13G37320,7.876666667,62.00666667,2.976766207,Up,0.877845635
GLYMA20G01690,1.213333333,24.97666667,4.363533096,Up,0.91379032
GLYMA03G35260,3.68,38.92,3.402734039,Up,0.88973711
GLYMA12G36098,1531.513333,289.66,-2.40252555,Down,0.861268471
GLYMA17G04720,3.08,28.52666667,3.211308922,Up,0.874360324
GLYMA06G38410,6.29,82.64333333,3.715766523,Up,0.916566635
GLYMA09G05440,22.77666667,3.213333333,-2.825414075,Down,0.848773297
GLYMA11G01710,22.42666667,4.976666667,-2.17196354,Down,0.805141975
GLYMA15G16990,10.40333333,1.32,-2.978436022,Down,0.80939244
GLYMA01G03150,126.6166667,16.35666667,-2.952516645,Down,0.88444772
GLYMA06G43880,3.7,21.08666667,2.510733879,Up,0.82434453
GLYMA12G04340,2.963333333,16.62666667,2.488206141,Up,0.812354779
GLYMA06G09410,31.44333333,2.613333333,-3.588791108,Down,0.894156049
GLYMA08G07350,0.313333333,58.34333333,7.540725748,Up,0.982541855
GLYMA18G02210,64.89,1937.596667,4.900128312,Up,0.962219648
GLYMA10G23460,42.89333333,6.266666667,-2.774983274,Down,0.860808676
GLYMA08G26100,0.066666667,30.31333333,8.828771194,Up,0.971429574
GLYMA09G25470,19.92333333,156.6833333,2.975320779,Up,0.886269348
GLYMA04G06520,3.793333333,39.34,3.374458901,Up,0.889589695
GLYMA05G18393,17.06,230.0666667,3.753362421,Up,0.923151171
GLYMA03G35990,49.74333333,324.6833333,2.706458238,Up,0.876806711
GLYMA16G26070,3.513333333,25.89333333,2.881668334,Up,0.85483837
GLYMA18G02430,42.88666667,11.36,-1.916566353,Down,0.803450212
GLYMA09G01080,24.44666667,128.23,2.391024156,Up,0.855582465
GLYMA01G24530,0.446666667,45.36666667,6.666290256,Up,0.973265242
GLYMA10G35100,0.01,5.49,9.100662339,Up,0.86335334
GLYMA20G36000,1.15,9.413333333,3.033071822,Up,0.807447966
GLYMA03G38251,63.00333333,5.73,-3.458821116,Down,0.903566038
GLYMA07G07150,52.05333333,3.84,-3.760812336,Down,0.910592819
GLYMA15G11220,10.35333333,1.036666667,-3.320071344,Down,0.82932154
GLYMA07G06620,3.676666667,35.68,3.278645325,Up,0.88182935
GLYMA19G02370,64.39,18.52666667,-1.797233316,Down,0.801484679
GLYMA09G09220,86.56,5.88,-3.879812439,Down,0.921487487
GLYMA05G30870,13.35333333,81.46333333,2.608950928,Up,0.86598926
GLYMA13G28360,69.25333333,225.66,1.704195294,Up,0.802035731
GLYMA02G45690,1.136666667,41.01666667,5.173329108,Up,0.94954547
GLYMA03G39940,0.23,7.423333333,5.012361386,Up,0.860236566
GLYMA14G25450,11.49333333,1.706666667,-2.751544059,Down,0.805331508
GLYMA03G34230,3.073333333,18.82,2.614390473,Up,0.828668702
GLYMA18G10270,27.87666667,111.38,1.99836023,Up,0.827591169
GLYMA12G10235,5275.723333,1563.913333,-1.754208344,Down,0.809241515
GLYMA03G02940,8.496666667,115.6,3.76610062,Up,0.919876452
GLYMA15G11910,56.29333333,497.89,3.144791056,Up,0.897585202
GLYMA13G11830,0.01,22.07,11.10787091,Up,0.962405672
GLYMA01G35580,0.76,8.65,3.508628809,Up,0.822361447
GLYMA20G26420,8.476666667,47.39,2.4830137,Up,0.847102594
GLYMA08G06040,19.05333333,4.09,-2.219870667,Down,0.800849391
GLYMA12G29810,27.15333333,108.2133333,1.994677051,Up,0.822108736
GLYMA16G07081,122.1966667,12.59333333,-3.278472825,Down,0.899750798
GLYMA01G43880,22.21666667,1.93,-3.524969622,Down,0.878505493
GLYMA08G00940,4.086666667,35.99333333,3.138733238,Up,0.87506581
GLYMA05G31350,0.9,9.5,3.399930607,Up,0.824172546
GLYMA14G39800,18.02666667,892.2366667,5.629221881,Up,0.977877224
GLYMA19G44350,19.18666667,70.96,1.886901918,Up,0.810234811
GLYMA14G01130,1556.25,369.8533333,-2.073048654,Down,0.838345442
GLYMA05G28260,10.24,125.99,3.621021609,Up,0.915783932
GLYMA02G38611,26.49333333,5.68,-2.221666537,Down,0.81436243
GLYMA05G37751,7.88,0.25,-4.97819563,Down,0.864564248
GLYMA06G08070,1.253333333,28.85333333,4.524895932,Up,0.923947913
GLYMA09G08550,7.116666667,59.53333333,3.064424106,Up,0.883601839
GLYMA08G22540,0.283333333,12.18333333,5.426264755,Up,0.907991997
GLYMA19G31630,3.6,24.44333333,2.763372227,Up,0.844736934
GLYMA18G40100,162.2166667,44.04666667,-1.880817305,Down,0.816373592
GLYMA07G05370,10.24,0.27,-5.245112498,Down,0.892043101
GLYMA14G40170,5.283333333,22.42,2.085265938,Up,0.800182514
GLYMA03G41430,7.543333333,0.62,-3.604862058,Down,0.814994209
GLYMA03G20380,3.106666667,20.45333333,2.718896623,Up,0.836309712
GLYMA13G39280,2.443333333,33.35333333,3.770908349,Up,0.90087747
GLYMA15G38190,2.593333333,18.98666667,2.872107086,Up,0.842311607
GLYMA08G02840,31.00333333,176.8966667,2.512411622,Up,0.862223158
GLYMA14G35790,10.74333333,52.67333333,2.293631073,Up,0.835660384
GLYMA03G12080,0.01,7.573333333,9.564784619,Up,0.89677442
GLYMA13G08050,6.776666667,35.42,2.385916498,Up,0.836762486
GLYMA19G43110,0.973333333,16.15,4.052456391,Up,0.884349444
GLYMA11G17160,0.036666667,6.383333333,7.443697058,Up,0.876020498
GLYMA03G03670,8.9,63.17666667,2.827514578,Up,0.874248008
GLYMA18G13840,1.386666667,57.43666667,5.372279092,Up,0.96011372
GLYMA06G35680,3.323333333,18.36,2.46586315,Up,0.816370082
GLYMA07G34530,1.753333333,12.09,2.785642041,Up,0.809989119
GLYMA07G37280,60.77333333,5.223333333,-3.540395745,Down,0.904085501
GLYMA18G14750,1.346666667,13.74333333,3.351267263,Up,0.848875083
GLYMA02G12380,18.57333333,132.3,2.832508399,Up,0.881492401
GLYMA08G22370,0.386666667,7.473333333,4.272589568,Up,0.839043909
GLYMA03G14980,16.72,63.50666667,1.925333201,Up,0.811645783
GLYMA20G02110,19.18333333,69.57,1.858611893,Up,0.8076375
GLYMA20G31480,0.803333333,19.71,4.616785226,Up,0.912625039
GLYMA16G27950,0.123333333,12.19,6.626991546,Up,0.923983012
GLYMA11G07580,0.956666667,8.49,3.149676318,Up,0.802112948
GLYMA15G18930,0.156666667,7.19,5.520221609,Up,0.868586571
GLYMA18G03090,11.46666667,42.98666667,1.906443179,Up,0.802811414
GLYMA06G13100,28.60666667,163.3833333,2.513837517,Up,0.861833561
GLYMA02G10320,8.516666667,41.12,2.271479474,Up,0.829511074
GLYMA19G29955,718.3,218.4366667,-1.717371469,Down,0.805984346
GLYMA04G05861,51.73666667,11.42666667,-2.178782497,Down,0.829247833
GLYMA03G07841,18.49,1.956666667,-3.240275317,Down,0.858541294
GLYMA08G45150,1.043333333,13.58333333,3.702565497,Up,0.863539363
GLYMA07G03633,0.093333333,10.70333333,6.841452028,Up,0.916773718
GLYMA06G45950,1.843333333,54.36666667,4.882333491,Up,0.947822119
GLYMA02G47870,0.213333333,8.153333333,5.256208689,Up,0.874314696
GLYMA09G39200,5.03,58.04666667,3.528582917,Up,0.903190481
GLYMA07G12630,0.86,27.39,4.993168796,Up,0.934200274
GLYMA17G35430,35.70333333,162.45,2.185865065,Up,0.841511354
GLYMA17G04920,2.733333333,66.38333333,4.60208776,Up,0.943589204
GLYMA04G14361,35.66666667,9.23,-1.950173838,Down,0.801565407
GLYMA11G13920,2.73,24.16,3.145647598,Up,0.863381419
GLYMA18G32201,1817.373333,553.3,-1.715720986,Down,0.806377453
GLYMA19G31470,7.146666667,34.25666667,2.261042372,Up,0.824386648
GLYMA13G37720,33.68666667,3.436666667,-3.293095847,Down,0.88065705
GLYMA13G01580,23.29333333,94.68666667,2.023244179,Up,0.827457794
GLYMA17G03040,0.053333333,23.52333333,8.784839295,Up,0.963556913
GLYMA03G39010,0.356666667,7.043333333,4.303610066,Up,0.833631673
GLYMA06G41310,40.67666667,5.553333333,-2.872775559,Down,0.86715103
GLYMA13G09865,32.46333333,3.273333333,-3.309978714,Down,0.879891896
GLYMA06G05740,1.963333333,41.54,4.403124178,Up,0.92933558
GLYMA12G27340,10.26333333,48.93,2.253219916,Up,0.831989049
GLYMA16G18480,14.85666667,306.4,4.366233932,Up,0.945382752
GLYMA14G10290,18.57666667,2.773333333,-2.74379872,Down,0.832599768
GLYMA13G09700,80.97333333,9.28,-3.125250158,Down,0.889189569
GLYMA08G06790,5.253333333,23.86333333,2.183490545,Up,0.808346495
GLYMA05G32491,0.596666667,51.52666667,6.432250274,Up,0.973440736
GLYMA07G38710,4.573333333,22.33333333,2.287880614,Up,0.811754589
GLYMA11G13270,20.88666667,4.39,-2.250289424,Down,0.806788109
GLYMA05G02600,9.933333333,0.776666667,-3.676910471,Down,0.839103577
GLYMA10G39740,0.94,14.21666667,3.918778674,Up,0.873875961
GLYMA12G09010,22.65333333,124.53,2.458698081,Up,0.858323681
GLYMA02G17351,231.48,28.89,-3.00224544,Down,0.892822295
GLYMA07G05800,1.776666667,130.8266667,6.202339796,Up,0.981043136
GLYMA02G06870,0.156666667,10.65,6.087011364,Up,0.909315222
GLYMA04G09770,4.773333333,36.16666667,2.921591645,Up,0.865518936
GLYMA05G35830,1.63,26.85,4.041978219,Up,0.904847145
GLYMA15G14710,7.633333333,31.21,2.03162326,Up,0.80791127
GLYMA13G21580,0.516666667,15.34666667,4.892547713,Up,0.908192061
GLYMA01G43180,1.446666667,16.86666667,3.543370437,Up,0.866614018
GLYMA14G39350,18.01,123.7733333,2.780830437,Up,0.874939455
GLYMA13G32090,1.1,25.89666667,4.557190982,Up,0.920883788
GLYMA19G40041,19.72,155.5066667,2.979244974,Up,0.88623074
GLYMA11G33936,0.186666667,6.6,5.143929793,Up,0.851493454
GLYMA13G33290,1.516666667,16.07666667,3.40599236,Up,0.858457057
GLYMA18G47130,1.776666667,21.65666667,3.607566267,Up,0.882134709
GLYMA07G33950,77.28333333,18.00333333,-2.101893273,Down,0.830641255
GLYMA11G04620,0.51,7.53,3.884080713,Up,0.824298901
GLYMA07G01840,0.136666667,6.126666667,5.486369047,Up,0.85162683
GLYMA15G42774,4.676666667,33.22666667,2.828789059,Up,0.86098417
GLYMA11G02810,11.84,1.683333333,-2.814276289,Down,0.813997403
GLYMA01G39040,1.18,14.43,3.612212535,Up,0.862858447
GLYMA08G47113,14.58333333,2.806666667,-2.377390879,Down,0.800410656
GLYMA01G43040,53.04333333,14.10666667,-1.910794313,Down,0.807149626
GLYMA08G18340,3.083333333,20.52666667,2.734936597,Up,0.836773016
GLYMA13G43870,29.59333333,5.546666667,-2.415579275,Down,0.833031484
GLYMA06G19540,0.316666667,9.076666667,4.841125659,Up,0.872450949
GLYMA05G06130,3.36,19.87666667,2.564542698,Up,0.823986522
GLYMA14G39130,3.22,89.80666667,4.801689952,Up,0.951665438
GLYMA09G04337,58.19,6.136666667,-3.24524412,Down,0.891295497
GLYMA19G39480,145.9866667,37.42666667,-1.963698142,Down,0.822013969
GLYMA05G33140,7.623333333,39.84666667,2.385965177,Up,0.839630059
GLYMA15G13370,30.1,6.13,-2.295804508,Down,0.822912499
GLYMA06G14920,6.863333333,35.79,2.382575215,Up,0.836509775
GLYMA09G29840,38.71,655.2866667,4.081347964,Up,0.935881506
GLYMA01G42025,4.603333333,21.66,2.234282424,Up,0.807100488
GLYMA07G12980,18.2,70.75333333,1.958859667,Up,0.815636517
GLYMA06G14880,8.65,83.88,3.277554824,Up,0.896725282
GLYMA17G05240,2.4,75.14333333,4.968538804,Up,0.954778702
GLYMA01G37820,14.35333333,1.153333333,-3.637504377,Down,0.862935664
GLYMA04G03641,0.886666667,8.283333333,3.223747701,Up,0.80585448
GLYMA16G06940,29.83,4.753333333,-2.649752497,Down,0.847716823
GLYMA12G16270,3.206666667,40.65666667,3.664345639,Up,0.901516268
GLYMA13G42850,1.723333333,91.45666667,5.729814653,Up,0.972359693
GLYMA15G40260,1.46,16.01,3.454933034,Up,0.858881752
GLYMA13G30463,18.97666667,0.82,-4.532458879,Down,0.909016883
GLYMA16G34360,23.89333333,114.05,2.254986405,Up,0.842739813
GLYMA13G22300,4.79,36.58,2.932957514,Up,0.866129655
GLYMA13G06860,1.14,59.61,5.708448644,Up,0.966957987
GLYMA15G21361,1.746666667,14.49666667,3.053044992,Up,0.837755783
GLYMA20G37370,8.553333333,41.19666667,2.26796894,Up,0.829539153
GLYMA02G16890,1.72,12.2,2.826400678,Up,0.816636833
GLYMA10G29990,4.933333333,28.89333333,2.550101978,Up,0.837703134
GLYMA08G18400,0.38,21.51333333,5.823087848,Up,0.943136429
GLYMA08G44470,17.85333333,73.77666667,2.046971148,Up,0.826794426
GLYMA12G36430,0.093333333,5.276666667,5.821090618,Up,0.84075322
GLYMA15G05755,34.83,6.45,-2.432959407,Down,0.838043593
GLYMA13G26990,2.416666667,23.20666667,3.263448914,Up,0.868428627
GLYMA15G39765,168.7166667,49.23666667,-1.776797498,Down,0.808171001
GLYMA15G42490,30.07333333,2.62,-3.520846068,Down,0.888543751
GLYMA17G29220,126.0233333,34.43333333,-1.871813121,Down,0.814397529
GLYMA19G37460,0.01,25.36666667,11.30871824,Up,0.967172089
GLYMA10G06580,6.15,26.75666667,2.121240081,Up,0.808897547
GLYMA02G31460,0.496666667,9.553333333,4.265654374,Up,0.859629357
GLYMA06G10190,7.916666667,65.71333333,3.053221113,Up,0.884840827
GLYMA08G03780,6.066666667,67.27333333,3.471058794,Up,0.90467867
GLYMA16G33030,951.4266667,278.3933333,-1.772967798,Down,0.810715665
GLYMA19G35770,3.756666667,58.22666667,3.954155016,Up,0.919665859
GLYMA09G32850,1.88,31.42666667,4.063184691,Up,0.909697799
GLYMA02G04420,97.41333333,3.786666667,-4.685118919,Down,0.949359447
GLYMA09G14090,28.01333333,106.84,1.931266315,Up,0.817570461
GLYMA13G38050,1.783333333,30.97,4.118223087,Up,0.91232319
GLYMA17G26590,7.046666667,59.30333333,3.073100322,Up,0.883735215
GLYMA01G34236,2.333333333,47.31,4.341680834,Up,0.930153382
GLYMA04G04500,24.43333333,1.07,-4.513167996,Down,0.917068548
GLYMA13G35480,221.1533333,48.24333333,-2.19664549,Down,0.843417219
GLYMA09G37290,114.2433333,568.2266667,2.314356559,Up,0.851258292
GLYMA12G09940,12.43333333,1.363333333,-3.189002882,Down,0.83578323
GLYMA15G41880,0.136666667,8.046666667,5.879657956,Up,0.884991752
GLYMA15G38120,2605.693333,493.58,-2.400311459,Down,0.861356218
GLYMA13G05480,2.22,20.47666667,3.205349301,Up,0.862535538
GLYMA11G11620,8.64,34.50333333,1.997632528,Up,0.80879225
GLYMA12G08740,38.25666667,176.7266667,2.207736667,Up,0.843003054
GLYMA16G18700,0.71,40.13,5.820718321,Up,0.961359728
GLYMA18G06550,19.28666667,3.406666667,-2.501171127,Down,0.819960689
GLYMA07G16830,17.75,229.1633333,3.690485298,Up,0.919420168
GLYMA06G07810,0.096666667,5.343333333,5.788577715,Up,0.841893931
GLYMA06G36590,3.733333333,75.14,4.331044884,Up,0.9372293
GLYMA04G37440,1.736666667,12.18333333,2.810516129,Up,0.815983995
GLYMA17G17860,0.58,194.46,8.389204811,Up,0.994661472
GLYMA06G17625,0.056666667,16.60333333,8.194756854,Up,0.948074831
GLYMA08G08810,9.916666667,0.28,-5.14635653,Down,0.886995893
GLYMA03G39190,90.30333333,11.82666667,-2.932735733,Down,0.881278298
GLYMA05G08060,49.16333333,13.36666667,-1.878943,Down,0.803457232
GLYMA19G35810,14.52666667,1.16,-3.646506985,Down,0.863732407
GLYMA12G13680,31.33,3.133333333,-3.321774609,Down,0.882917413
GLYMA10G35010,0.01,11.09333333,10.11547722,Up,0.926861114
GLYMA02G47380,9.543333333,55.5,2.539922602,Up,0.852644695
GLYMA11G15420,1.03,14.12666667,3.777704844,Up,0.866726335
GLYMA18G17120,5.686666667,129.75,4.512007488,Up,0.945849567
GLYMA14G26460,2.16,34.68666667,4.005277989,Up,0.911905514
GLYMA06G11560,22.89333333,3.78,-2.598469399,Down,0.836713348
GLYMA13G24440,4.28,92.57333333,4.434913969,Up,0.9413499
GLYMA01G32760,0.2,7.363333333,5.202287108,Up,0.863423537
GLYMA14G40670,288.1033333,931.61,1.693139773,Up,0.803158892
GLYMA02G02560,16.16,226.1833333,3.806993523,Up,0.926517146
GLYMA11G06770,0.073333333,4.583333333,5.965784285,Up,0.82552034
GLYMA06G43630,11.31666667,0.853333333,-3.729195859,Down,0.852223509
GLYMA18G46380,5.66,24.86333333,2.135145768,Up,0.807419887
GLYMA02G02340,14.39666667,51.56666667,1.840703975,Up,0.801081043
GLYMA17G10950,0.283333333,31.55333333,6.799148271,Up,0.965645291
GLYMA18G16490,1.026666667,21.64333333,4.397882953,Up,0.910248851
GLYMA09G35831,18.5,3.623333333,-2.352135831,Down,0.811171949
GLYMA15G20080,5.67,24.88333333,2.133759119,Up,0.806896915
GLYMA07G03920,2.526666667,20.36333333,3.010666487,Up,0.853388789
GLYMA07G39650,5.683333333,61.37,3.432724345,Up,0.898894388
GLYMA09G34710,14.31666667,69.92666667,2.288147104,Up,0.840089853
GLYMA20G30720,127.6033333,1167.483333,3.193664033,Up,0.903594117
GLYMA11G36850,45.02333333,3.06,-3.879069314,Down,0.911831807
GLYMA14G11580,9.323333333,0.21,-5.472384615,Down,0.889491418
GLYMA07G15800,825.0233333,4134.643333,2.325256056,Up,0.857986733
GLYMA10G38050,0.09,151.9,10.72090925,Up,0.995279211
GLYMA09G17115,420.65,103.4066667,-2.024291145,Down,0.833856305
GLYMA16G04740,192.9266667,52.76333333,-1.870444954,Down,0.816626303
GLYMA08G15220,0.433333333,25.32,5.868656377,Up,0.949541961
GLYMA13G07490,4.7,31.51,2.745077092,Up,0.852514829
GLYMA17G11670,11.48666667,0.596666667,-4.266891209,Down,0.873072198
GLYMA02G14880,7.7,47.39,2.62165231,Up,0.858081499
GLYMA08G18990,19.08333333,89.79666667,2.234348699,Up,0.839675687
GLYMA07G32090,0.263333333,22.03333333,6.386653808,Up,0.950872205
GLYMA08G03940,45.77333333,6.296666667,-2.861847156,Down,0.869379804
GLYMA16G02350,33.23333333,6.57,-2.338665728,Down,0.832364606
GLYMA07G16800,2.3,13.21333333,2.522288696,Up,0.800537012
GLYMA13G09722,35.42,6,-2.561529806,Down,0.84369801
GLYMA08G05521,25.83666667,6.17,-2.066077557,Down,0.804447018
GLYMA12G13500,8.656666667,54.07666667,2.643122712,Up,0.861405356
GLYMA13G44020,0.26,473.48,10.83057615,Up,0.998687305
GLYMA15G23520,5.206666667,0.233333333,-4.479895721,Down,0.807009231
GLYMA03G41590,5.163333333,54.54333333,3.401028228,Up,0.896546278
GLYMA14G33490,0.203333333,7.27,5.160036717,Up,0.861307079
GLYMA19G40550,2.016666667,81.33,5.333743067,Up,0.963820154
GLYMA05G00970,29.52,5.446666667,-2.438247239,Down,0.833842266
GLYMA10G07090,1.806666667,15.52333333,3.103036125,Up,0.842718753
GLYMA11G18410,4.816666667,27.03,2.48845452,Up,0.832992875
GLYMA13G09807,51.22,7.136666667,-2.843384958,Down,0.871103155
GLYMA12G01820,8.42,119.5366667,3.827489175,Up,0.923614475
GLYMA11G37990,0.546666667,17.22666667,4.97783835,Up,0.91641922
GLYMA12G36580,0.01,6.76,9.400879436,Up,0.885949949
GLYMA03G30040,0.01,97.16333333,13.24619627,Up,0.992537994
GLYMA08G36180,0.05,5.03,6.652486495,Up,0.844438595
GLYMA06G19400,0.266666667,12.13666667,5.508190931,Up,0.908887017
GLYMA08G45310,62.33333333,1.116666667,-5.802733364,Down,0.969056895
GLYMA15G10480,33.76,127.01,1.911555281,Up,0.817237022
GLYMA20G38635,164.3033333,45.16666667,-1.863031399,Down,0.814864343
GLYMA04G03820,335.2533333,81.75333333,-2.035902217,Down,0.834839072
GLYMA10G05830,16.2,90.65333333,2.484366256,Up,0.856614369
GLYMA18G16710,4.896666667,97.92333333,4.321780773,Up,0.939668667
GLYMA06G43430,12.03,1.236666667,-3.282108051,Down,0.835509459
GLYMA10G30940,12.93666667,70.2,2.440005098,Up,0.852072584
GLYMA17G04130,8.803333333,49.50666667,2.491501014,Up,0.848422309
GLYMA03G39870,0.07,68.18666667,9.927919022,Up,0.98856481
GLYMA09G08290,26.10333333,103.1266667,1.982111483,Up,0.821255835
GLYMA18G46550,1.776666667,110.2733333,5.955767113,Up,0.977178758
GLYMA02G03250,120.6133333,29.72333333,-2.020721579,Down,0.829282931
GLYMA11G11430,4.246666667,83.68,4.300480075,Up,0.936246534
GLYMA06G12910,6.886666667,0.573333333,-3.586359784,Down,0.80557018
GLYMA13G06151,4.226666667,47.38,3.486685954,Up,0.899175178
GLYMA15G06081,11.91666667,1.63,-2.870036872,Down,0.816233196
GLYMA11G07260,0.01,9.333333333,9.866248611,Up,0.914025482
GLYMA12G06910,86.09666667,328.6433333,1.932493431,Up,0.822512372
GLYMA02G43040,17.75333333,111.2066667,2.647081445,Up,0.870180057
GLYMA17G18380,3.936666667,19.53666667,2.311137873,Up,0.80673897
GLYMA06G15010,12.20666667,1.77,-2.785848025,Down,0.810701625
GLYMA11G19350,24.89666667,5.95,-2.064991024,Down,0.802530624
GLYMA05G05660,75.12666667,518.6733333,2.787429201,Up,0.880028781
GLYMA08G37670,9.82,0.496666667,-4.305373195,Down,0.861893229
GLYMA08G16220,46.83333333,12.11,-1.95133686,Down,0.807876171
GLYMA01G38530,4.116666667,46.48,3.497061528,Up,0.898947036
GLYMA09G35580,4.693333333,0.086666667,-5.7589919,Down,0.825674774
GLYMA14G02350,2.666666667,21.10333333,2.98436149,Up,0.84985785
GLYMA04G33210,2.303333333,22.73666667,3.303225647,Up,0.868372468
GLYMA14G37020,25.6,4.92,-2.37941359,Down,0.826331122
GLYMA17G09810,0.73,7.506666667,3.362204052,Up,0.803250149
GLYMA20G34610,39.89,7.013333333,-2.50785492,Down,0.844670247
GLYMA09G33770,62.19,303.1133333,2.285102792,Up,0.849303289
GLYMA12G31471,0.01,4.313333333,8.752659401,Up,0.833210488
GLYMA15G37980,157.9866667,23.93,-2.722910505,Down,0.874602506
GLYMA02G01250,5.38,33.89333333,2.655323452,Up,0.851809343
GLYMA14G39560,11.38,59.39333333,2.383800446,Up,0.847025376
GLYMA19G03000,7.97,0.55,-3.8570762,Down,0.829265382
GLYMA15G17160,0.01,7.283333333,9.508455064,Up,0.893204872
GLYMA20G32005,62.04333333,477.27,2.943457551,Up,0.88857534
GLYMA19G11770,0.29,23.31,6.328752294,Up,0.95220947
GLYMA14G23702,173.1033333,33.31333333,-2.377461884,Down,0.856723176
GLYMA12G06606,18.73666667,2.876666667,-2.70339435,Down,0.831746867
GLYMA07G15930,57.71,5.146666667,-3.487111079,Down,0.902597311
GLYMA05G36100,23.46333333,2.183333333,-3.425803674,Down,0.875504545
GLYMA09G11460,536.52,156.82,-1.774522387,Down,0.810238321
GLYMA11G33030,0.873333333,11.19333333,3.679963513,Up,0.84779755
GLYMA17G05760,34.29333333,7.646666667,-2.165025251,Down,0.81935699
GLYMA10G39780,62.99333333,16.76666667,-1.909603255,Down,0.810076866
GLYMA11G08550,29.74,5.303333333,-2.487433312,Down,0.835986803
GLYMA10G33810,7.65,0.57,-3.746425923,Down,0.821347092
GLYMA04G39970,5.243333333,76.73666667,3.871359928,Up,0.920153733
GLYMA01G43350,0.24,7.143333333,4.895491133,Up,0.853132568
GLYMA09G29360,1.813333333,46.24333333,4.672529339,Up,0.939342248
GLYMA17G13120,0.08,22.65666667,8.145719907,Up,0.961085957
GLYMA05G31920,7.563333333,31.51666667,2.059020849,Up,0.810417325
GLYMA12G35550,30.58666667,272.94,3.157609045,Up,0.896746341
GLYMA15G06900,112.5866667,32.64666667,-1.786028383,Down,0.8067495
GLYMA01G34300,0.433333333,9.076666667,4.388613454,Up,0.859931206
GLYMA18G46560,1.993333333,90.51,5.504822308,Up,0.967979362
GLYMA10G33650,161.4933333,35.51,-2.185177344,Down,0.841479766
GLYMA08G18801,0.773333333,143.9466667,7.540228266,Up,0.990993647
GLYMA05G31070,98.61666667,26.09,-1.918334545,Down,0.8161279
GLYMA03G33340,11.52,0.68,-4.08246216,Down,0.864915236
GLYMA10G34205,0.24,24.36666667,6.665730689,Up,0.956968867
GLYMA02G39320,4.473333333,30.33666667,2.761640403,Up,0.851672458
GLYMA20G38930,21.54333333,3.08,-2.806239235,Down,0.846084729
GLYMA18G40652,9.986666667,0.453333333,-4.461359067,Down,0.86949563
GLYMA16G03320,0.98,22.20333333,4.501850722,Up,0.913530589
GLYMA17G10290,4.896666667,57.82,3.561696714,Up,0.90353094
GLYMA04G03740,1.02,21.64666667,4.407503827,Up,0.910312028
GLYMA19G27200,26.14333333,127.3933333,2.284774777,Up,0.845224808
GLYMA18G44450,0.71,15.16333333,4.416624099,Up,0.894166579
GLYMA05G28250,5.743333333,54.98,3.258946706,Up,0.890568952
GLYMA17G22808,1.853333333,19.41666667,3.389101262,Up,0.86715805
GLYMA11G18460,20.76666667,97.02666667,2.224111647,Up,0.839914359
GLYMA04G01950,6.893333333,41.94333333,2.605167835,Up,0.855048963
GLYMA05G36990,2.68,30.11,3.489937802,Up,0.888129585
GLYMA17G12420,0.696666667,15.19666667,4.447142562,Up,0.894447369
GLYMA01G37810,11.5,1.493333333,-2.945025724,Down,0.815934857
GLYMA13G42330,31.26333333,258.38,3.046950889,Up,0.894352603
GLYMA01G26300,17.42,65.02,1.900138932,Up,0.809729388
GLYMA11G03070,70.97666667,17.54,-2.016696074,Down,0.824162016
GLYMA05G22770,0.053333333,7.31,7.098690097,Up,0.887785617
GLYMA20G22311,4.346666667,422.92,6.604331513,Up,0.988954407
GLYMA04G20640,3619.513333,360.67,-3.327044399,Down,0.910073356
GLYMA13G09130,3.866666667,23.93,2.629658092,Up,0.839626549
GLYMA09G05300,1.643333333,44.25666667,4.751197743,Up,0.941416588
GLYMA09G07070,63.02333333,16.70666667,-1.915462147,Down,0.810736724
GLYMA10G04210,17.49666667,0.166666667,-6.713970692,Down,0.943908603
GLYMA06G44300,10.03,43.07333333,2.102473368,Up,0.820799551
GLYMA15G22820,7.826666667,47.88666667,2.613154107,Up,0.857888456
GLYMA02G07180,831.09,223.98,-1.891634803,Down,0.820764452
GLYMA08G05010,1.226666667,31.21,4.669193187,Up,0.930055105
GLYMA10G31590,14.25666667,129.3633333,3.181720147,Up,0.89824857
GLYMA19G39740,2.436666667,30.67333333,3.654004145,Up,0.894198168
GLYMA13G36120,7.456666667,74.22666667,3.315334827,Up,0.899933312
GLYMA07G02240,718.6466667,211.9233333,-1.761740181,Down,0.809518795
GLYMA10G36990,220.63,18.99333333,-3.538063948,Down,0.914116739
GLYMA10G14980,49.41,8.003333333,-2.626130153,Down,0.859281878
GLYMA07G15070,80.37666667,18.79666667,-2.096299906,Down,0.831129128
GLYMA19G02710,2.15,61.27666667,4.832929255,Up,0.948601313
GLYMA03G40860,93.71333333,19.93666667,-2.232830109,Down,0.840110912
GLYMA01G42840,4.466666667,138.1166667,4.950545016,Up,0.959562669
GLYMA01G15930,62.03666667,4.896666667,-3.663249275,Down,0.909329262
GLYMA08G13960,3.613333333,51.06333333,3.820885462,Up,0.913758731
GLYMA02G40670,26.58333333,6.56,-2.018754298,Down,0.801930434
GLYMA04G05290,50.73333333,14.21666667,-1.835350712,Down,0.800730055
GLYMA15G16960,11.24333333,42.08666667,1.904293433,Up,0.801604015
GLYMA06G11030,6.033333333,33.28666667,2.463917209,Up,0.838012004
GLYMA08G16640,0.293333333,96.73,8.365278566,Up,0.990498754
GLYMA03G41780,7.413333333,0.636666667,-3.541512245,Down,0.808953705
GLYMA03G06780,0.18,18.50666667,6.68390435,Up,0.94631989
GLYMA10G05420,8.783333333,1.036666667,-3.082816476,Down,0.803397564
GLYMA01G43540,8.833333333,167.6033333,4.245949078,Up,0.940672493
GLYMA17G12040,21.24333333,3.916666667,-2.439311904,Down,0.821733179
GLYMA01G37670,2.02,17.53666667,3.117947351,Up,0.849085676
GLYMA11G21001,6.036666667,69.14333333,3.517766111,Up,0.905787793
GLYMA07G06660,703.0366667,163.8233333,-2.10145908,Down,0.839837142
GLYMA07G01430,0.656666667,11.08333333,4.077086806,Up,0.862216138
GLYMA03G42230,0.336666667,9.01,4.742134314,Up,0.869042856
GLYMA15G07930,1.676666667,18.03333333,3.426998289,Up,0.864476501
GLYMA17G06160,0.31,30.81333333,6.635142733,Up,0.963869292
GLYMA10G35640,46.64,5.726666667,-3.025800253,Down,0.878554631
GLYMA04G36920,0.23,21.88333333,6.572054839,Up,0.95220245
GLYMA13G19190,737.15,156.2933333,-2.237701976,Down,0.8478151
GLYMA12G30870,9.886666667,1.113333333,-3.15059859,Down,0.814130778
GLYMA05G08350,0.47,6.776666667,3.849843147,Up,0.813421782
GLYMA17G23811,1.806666667,15.73333333,3.122422103,Up,0.843771717
GLYMA14G17260,4.696666667,0.043333333,-6.760016178,Down,0.836801095
GLYMA18G14620,3.156666667,17.36666667,2.459847042,Up,0.813330525
GLYMA13G06441,45.11,10.17,-2.149127607,Down,0.824755186
GLYMA12G08800,0.036666667,6.736666667,7.521421988,Up,0.881871468
GLYMA16G34030,15.84,2.57,-2.623732071,Down,0.820567899
GLYMA15G00581,110.4633333,29.95666667,-1.882618561,Down,0.814099189
GLYMA15G16870,324.01,83.78,-1.951360551,Down,0.824151486
GLYMA11G13070,2.933333333,64.91,4.467827828,Up,0.939387877
GLYMA06G43760,23.23333333,2.083333333,-3.479230561,Down,0.879674283
GLYMA10G31580,1.59,12.67666667,2.995076768,Up,0.828265066
GLYMA06G05300,55.49333333,9.243333333,-2.585829349,Down,0.859871538
GLYMA18G32231,246.9466667,66.34,-1.896248578,Down,0.819532484
GLYMA08G15610,1.546666667,10.87,2.813117731,Up,0.807816503
GLYMA10G28290,2.81,19.75666667,2.813697521,Up,0.842346706
GLYMA01G42500,7.19,30.47666667,2.083641443,Up,0.810673546
GLYMA08G02200,0.296666667,5.73,4.271620399,Up,0.81142817
GLYMA11G02821,8.12,0.553333333,-3.875258987,Down,0.831136148
GLYMA03G41600,1.776666667,34.85666667,4.294189674,Up,0.921034713
GLYMA15G38116,907.2333333,218.64,-2.052916283,Down,0.836804605
GLYMA19G43410,115.33,26.24666667,-2.135561723,Down,0.83666772
GLYMA03G34420,15.84,96.41,2.60561046,Up,0.867631884
GLYMA17G23870,52.02333333,498.55,3.260507455,Up,0.904159208
GLYMA02G42220,141.3733333,542.4566667,1.939997878,Up,0.824133937
GLYMA06G11430,58.24666667,3.256666667,-4.160707523,Down,0.926229336
GLYMA08G40420,84.07333333,14.64,-2.52173272,Down,0.857512899
GLYMA07G10220,238.48,71.8,-1.731812531,Down,0.804913832
GLYMA08G06660,2.106666667,34.56333333,4.036208397,Up,0.912042399
GLYMA01G28810,1304.296667,308.9733333,-2.077717819,Down,0.838871924
GLYMA01G03700,5.943333333,31.52,2.406923333,Up,0.834196764
GLYMA06G17950,7.703333333,116.3666667,3.917051192,Up,0.926738268
GLYMA0079S00250,13.63,0.01,-10.41256985,Down,0.939788003
GLYMA19G41550,0.536666667,37.80333333,6.138343358,Up,0.964013197
GLYMA13G28970,0.573333333,16.71666667,4.865769231,Up,0.912421466
GLYMA0950S00200,2.203333333,34.99,3.989182988,Up,0.909588993
GLYMA06G01471,74.31333333,20.05666667,-1.889539227,Down,0.81083851
GLYMA12G33820,5.36,24.12666667,2.170323701,Up,0.808156962
GLYMA03G33070,14.13,86.74666667,2.618046856,Up,0.867070303
GLYMA11G07510,3.613333333,0.03,-6.91222404,Down,0.802678039
GLYMA13G03770,30.17333333,3.756666667,-3.005749069,Down,0.867294935
GLYMA18G15340,0.11,18.70333333,7.409648078,Up,0.951138956
GLYMA09G31670,490.83,101.6133333,-2.272133711,Down,0.849131305
GLYMA15G42500,36.93666667,1.04,-5.150398243,Down,0.946232143
GLYMA05G05430,0.01,16.42,10.68123841,Up,0.949636727
GLYMA17G13690,13.57666667,1.016666667,-3.739210667,Down,0.864020217
GLYMA11G03530,15.00666667,1.853333333,-3.017409269,Down,0.838745569
GLYMA12G35450,0.1,4.506666667,5.493988841,Up,0.815492612
GLYMA19G28550,33.18,166.85,2.330165895,Up,0.854041627
GLYMA08G44041,1.936666667,14.79666667,2.93362464,Up,0.831273034
GLYMA15G03050,58.11666667,317.5466667,2.449944763,Up,0.861668597
GLYMA10G08680,13.78,51.69333333,1.907402346,Up,0.806672282
GLYMA03G12240,0.103333333,28.75666667,8.12044693,Up,0.968712927
GLYMA17G01130,3.66,59.18,4.015194143,Up,0.922856341
GLYMA04G01130,239.39,904.84,1.918299819,Up,0.822979186
GLYMA15G17221,19.53,1.073333333,-4.185521856,Down,0.899343652
GLYMA08G23960,0.01,3.6,8.491853096,Up,0.808353515
GLYMA06G17910,140.3266667,32.01,-2.132194612,Down,0.837362676
GLYMA16G34570,51.53666667,241.12,2.226080189,Up,0.845312555
GLYMA15G38060,3.02,20.29333333,2.748385403,Up,0.83694851
GLYMA03G31570,15.27666667,53.77,1.815471687,Up,0.800242182
GLYMA03G33810,0.01,9.086666667,9.827607346,Up,0.91203187
GLYMA04G43180,2.52,17.3,2.779276399,Up,0.830455231
GLYMA03G33120,5.616666667,32.22333333,2.52031965,Up,0.839559861
GLYMA09G00260,2.186666667,20.27,3.21254087,Up,0.862051174
GLYMA17G03390,11.15333333,49.07666667,2.137562318,Up,0.825878348
GLYMA0090S00300,5.56,0.01,-9.118941073,Down,0.864781861
GLYMA14G00993,494.6033333,48.70333333,-3.344179542,Down,0.909248535
GLYMA07G16310,4.456666667,25.79333333,2.532961263,Up,0.833077112
GLYMA0041S00290,2.316666667,20.57666667,3.150886908,Up,0.85718297
GLYMA03G40770,236.3066667,36.09333333,-2.710856039,Down,0.87596083
GLYMA09G24530,4.003333333,19.78333333,2.305011879,Up,0.807293531
GLYMA13G19610,114.25,11.52,-3.309981543,Down,0.899687621
GLYMA16G26130,818.2033333,210.8266667,-1.956402055,Down,0.826159138
GLYMA02G08115,3.183333333,59.36666667,4.221042973,Up,0.929409287
GLYMA08G00613,94.94333333,27.73,-1.775619085,Down,0.804478607
GLYMA02G38041,1.686666667,44.21333333,4.712234717,Up,0.939949458
GLYMA05G09130,69.98333333,12.94,-2.435173765,Down,0.852026956
GLYMA11G19450,18.82666667,114.3566667,2.60269098,Up,0.868498824
GLYMA11G31120,0.473333333,6.35,3.745828163,Up,0.802779825
GLYMA11G02630,3.82,395.4266667,6.693693718,Up,0.989568636
GLYMA03G29440,2.55,94.48666667,5.211541608,Up,0.962654873
GLYMA08G45301,705.1266667,78.14,-3.173749281,Down,0.902962339
GLYMA15G24610,5.186666667,56.25666667,3.439144513,Up,0.89766242
GLYMA05G37420,23.99666667,4.083333333,-2.555014769,Down,0.831557334
GLYMA18G21870,1.11,9.713333333,3.129406795,Up,0.812368818
GLYMA11G35310,5.76,51.15,3.150593523,Up,0.882927942
GLYMA01G02580,0.28,31.01666667,6.791473012,Up,0.965189007
GLYMA15G38141,0.353333333,10.67666667,4.917287628,Up,0.887139799
GLYMA10G43760,44.41666667,5.576666667,-2.993626182,Down,0.872064863
GLYMA10G37770,24.23333333,94.52,1.963626766,Up,0.819002492
GLYMA06G45043,355.01,1397.21,1.976617305,Up,0.827893019
GLYMA04G43130,63.22,14.28666667,-2.145711686,Down,0.830865887
GLYMA02G17200,8.253333333,0.81,-3.348983096,Down,0.81173353
GLYMA16G26210,21.01666667,3.133333333,-2.745763709,Down,0.838534976
GLYMA12G34420,5.706666667,35.72333333,2.646146503,Up,0.852746481
GLYMA09G38600,61.01333333,9.036666667,-2.755261939,Down,0.867059773
GLYMA07G08710,6.316666667,26.78333333,2.084100176,Up,0.806359903
GLYMA02G39531,0.513333333,7.043333333,3.778290511,Up,0.813758731
GLYMA18G01000,61.02333333,250.67,2.038356453,Up,0.834144116
GLYMA17G08230,1.32,10.56666667,3.000910505,Up,0.815562809
GLYMA13G05010,4.873333333,0.07,-6.121410173,Down,0.835042645
GLYMA04G26800,129.3333333,28.74666667,-2.169627569,Down,0.839187814
GLYMA06G40670,5.43,0.25,-4.440952198,Down,0.810248851
GLYMA20G08275,250.6233333,65.70666667,-1.931409077,Down,0.821831456
GLYMA18G52230,1.596666667,33.26666667,4.380942254,Up,0.92228774
GLYMA18G32221,328.51,70.60666667,-2.218060974,Down,0.845628444
GLYMA20G28890,12.78333333,626.9133333,5.615930032,Up,0.977585904
GLYMA11G01940,3.4,81.82333333,4.58890566,Up,0.945951353
GLYMA17G25390,2.866666667,22.63666667,2.981215467,Up,0.852567477
GLYMA04G08670,280.23,81.84,-1.775733361,Down,0.810010179
GLYMA07G25390,48.79,469.7466667,3.267225536,Up,0.904257485
GLYMA13G35800,1432.343333,318.28,-2.170008939,Down,0.844371907
GLYMA16G02390,0.126666667,47.6,8.553780845,Up,0.981664385
GLYMA08G07540,162.8533333,12.10333333,-3.750096915,Down,0.921754238
GLYMA13G35680,0.01,4.286666667,8.743712427,Up,0.832596258
GLYMA18G47720,19.52666667,4.276666667,-2.190887023,Down,0.80029834
GLYMA13G15140,6.703333333,26.84333333,2.001613252,Up,0.801109122
GLYMA08G07490,6.58,56.46666667,3.10123998,Up,0.883647468
GLYMA04G08750,4.513333333,61.06,3.757962351,Up,0.91319013
GLYMA15G04120,0.29,31.77666667,6.775771085,Up,0.965726019
GLYMA17G16620,0.056666667,17.95666667,8.307803509,Up,0.9519006
GLYMA06G44430,40.93,205.7766667,2.32984883,Up,0.854982275
GLYMA10G41840,0.656666667,10.3,3.971339303,Up,0.853458987
GLYMA09G05376,12.72333333,1.17,-3.442896251,Down,0.84573374
GLYMA08G16190,55.39,5.5,-3.332122015,Down,0.895686357
GLYMA03G19705,2.833333333,14.8,2.38502493,Up,0.801811098
GLYMA07G33670,6054.93,641.58,-3.238409207,Down,0.904720789
GLYMA11G05550,49.84666667,10.51,-2.245734363,Down,0.832343547
GLYMA01G41520,21.98666667,3.356666667,-2.711527715,Down,0.839201853
GLYMA14G03840,1204.41,302.82,-1.991794194,Down,0.828345793
GLYMA01G43450,4.826666667,24.57,2.347798756,Up,0.823217858
GLYMA02G47560,688.8666667,186.97,-1.881417967,Down,0.819837844
GLYMA09G38990,11.62666667,85.25333333,2.874318704,Up,0.879249588
GLYMA11G31515,14.21333333,2.33,-2.608843077,Down,0.814190446
GLYMA01G16360,0.256666667,7.16,4.801991737,Up,0.85072479
GLYMA10G27971,2.363333333,14.03333333,2.569962701,Up,0.806279176
GLYMA14G04180,8.513333333,37.54333333,2.140760723,Up,0.820009828
GLYMA14G09420,0.663333333,22.28,5.069871398,Up,0.929402267
GLYMA08G12340,2.963333333,37.21,3.650397567,Up,0.899273455
GLYMA06G21495,47.66666667,9.866666667,-2.272346066,Down,0.832676986
GLYMA11G34410,3.4,114.4566667,5.07312294,Up,0.960552455
GLYMA13G34650,5.576666667,25.39333333,2.186974843,Up,0.811122811
GLYMA13G19220,8.603333333,0.406666667,-4.402977089,Down,0.855691271
GLYMA13G17100,2.206666667,14.94666667,2.759883156,Up,0.82228423
GLYMA10G34580,11.33,42.57333333,1.909802191,Up,0.802614861
GLYMA11G16070,27.94333333,231.01,3.047379271,Up,0.894008634
GLYMA08G16850,2.283333333,24.56,3.427097168,Up,0.87711558
GLYMA12G11835,28.69,5.933333333,-2.273633228,Down,0.819830824
GLYMA02G37070,0.03,10.49666667,8.450753041,Up,0.921561195
GLYMA17G09850,3.273333333,30.14,3.202846988,Up,0.875785336
GLYMA15G26370,30.94333333,4.22,-2.874313714,Down,0.86011372
GLYMA06G35550,0.45,19.17333333,5.413032363,Up,0.930911516
GLYMA02G11100,15.06666667,1.95,-2.949814243,Down,0.832827911
GLYMA12G09850,8.27,35.37666667,2.096838883,Up,0.815980485
GLYMA01G38990,0.26,8.493333333,5.029747343,Up,0.87183672
GLYMA02G16620,75.06,17.50333333,-2.100414595,Down,0.830234109
GLYMA09G07670,11.44,66.74,2.544464634,Up,0.85542452
GLYMA18G24740,1.45,14.12,3.283615283,Up,0.845481029
GLYMA18G43460,7.75,42.67666667,2.461179281,Up,0.844164824
GLYMA07G08311,1.876666667,19.77333333,3.39731177,Up,0.868140816
GLYMA18G42204,51.93,8.963333333,-2.534460971,Down,0.850973992
GLYMA13G34920,14.24666667,53.18666667,1.900440215,Up,0.806391492
GLYMA20G35530,392.8733333,88.34666667,-2.152816639,Down,0.842044856
GLYMA08G11330,34,8.12,-2.065983114,Down,0.813035695
GLYMA01G04780,9.206666667,0.903333333,-3.349348563,Down,0.820680215
GLYMA11G35880,1.916666667,29.44666667,3.941432971,Up,0.904362781
GLYMA06G22210,0.216666667,28.18,7.023050584,Up,0.963809624
GLYMA08G47870,1477.943333,359.17,-2.040852198,Down,0.836306202
GLYMA18G45895,0.723333333,16.34333333,4.497897814,Up,0.899964901
GLYMA13G24490,15.42333333,156.04,3.3387294,Up,0.905931698
GLYMA06G12750,0.173333333,7.87,5.504742608,Up,0.876287249
GLYMA08G23540,361.84,81.35333333,-2.153078537,Down,0.841904461
GLYMA14G36860,1.926666667,55.81333333,4.856430914,Up,0.948229265
GLYMA17G11590,28.65333333,5.73,-2.322095938,Down,0.827394616
GLYMA12G01160,7.273333333,0.423333333,-4.1027507,Down,0.830630725
GLYMA01G04830,3.313333333,38.00666667,3.519897245,Up,0.894752729
GLYMA10G09750,130.3833333,19.48,-2.742693882,Down,0.87419536
GLYMA14G11430,0.05,5.126666667,6.679949192,Up,0.847028886
GLYMA04G08770,1.596666667,14.22666667,3.155462615,Up,0.839152715
GLYMA06G04740,9.33,0.843333333,-3.467702197,Down,0.827752624
GLYMA11G04080,0.14,21.94333333,7.29221206,Up,0.957060124
GLYMA05G24350,15.69333333,2.676666667,-2.551642428,Down,0.811817767
GLYMA20G32290,0.503333333,7.136666667,3.825664341,Up,0.818437401
GLYMA14G01750,0.036666667,15.32,8.706731464,Up,0.944831701
GLYMA03G29790,3.766666667,0.04,-6.557144557,Down,0.806022955
GLYMA09G08170,29.74333333,116.9533333,1.975294737,Up,0.822108736
GLYMA08G28391,0.073333333,10.15666667,7.113742166,Up,0.914573023
GLYMA08G25480,6.853333333,42.71333333,2.639808726,Up,0.856674037
GLYMA08G20820,4.263333333,72.84,4.094677159,Up,0.928886315
GLYMA05G03080,0.043333333,58.21333333,10.3916567,Up,0.986448352
GLYMA04G34790,1.516666667,12.04666667,2.989658056,Up,0.82022042
GLYMA16G10000,4.626666667,45.80666667,3.307512515,Up,0.888031308
GLYMA05G23150,25.19666667,90.7,1.847869662,Up,0.810136534
GLYMA18G08910,15.11666667,82.53666667,2.448895125,Up,0.854462813
GLYMA01G45241,3.473333333,81.07,4.544775366,Up,0.944059528
GLYMA07G37200,3.743333333,36.17666667,3.272664057,Up,0.882068021
GLYMA13G34980,0.883333333,8.39,3.247640952,Up,0.807567302
GLYMA05G28820,16.47333333,3.146666667,-2.388236246,Down,0.807605911
GLYMA04G04760,55.46,186.7633333,1.751691722,Up,0.805966797
GLYMA08G16301,19.35666667,68.02333333,1.813199171,Up,0.803285248
GLYMA08G06110,2.176666667,50.11,4.524906142,Up,0.937099435
GLYMA08G19290,1.766666667,15.41333333,3.125077133,Up,0.842897757
GLYMA06G04930,2.643333333,15.91333333,2.589805795,Up,0.819543014
GLYMA01G02290,11.91,1.643333333,-2.857476362,Down,0.81582605
GLYMA02G02070,22.42333333,78.59,1.809344994,Up,0.805131445
GLYMA08G08660,29.86,101.85,1.77015991,Up,0.804148679
GLYMA15G10150,66.40333333,12.32333333,-2.429863121,Down,0.850882735
GLYMA18G32241,151.0733333,40.75333333,-1.890259055,Down,0.816822856
GLYMA18G41320,1.266666667,22.11,4.125590202,Up,0.901414482
GLYMA03G38420,2.986666667,56.55333333,4.243003925,Up,0.928700291
GLYMA17G12710,16.51666667,73.59333333,2.155652525,Up,0.83344565
GLYMA13G11958,29.47333333,3.046666667,-3.274106664,Down,0.876466253
GLYMA08G39280,2.283333333,15.26666667,2.741171705,Up,0.822744024
GLYMA09G25830,0.026666667,13.44666667,8.977995369,Up,0.93812432
GLYMA12G13300,0.01,5.026666667,8.973458213,Up,0.852999193
GLYMA15G00450,15.01,0.473333333,-4.986923643,Down,0.909445088
GLYMA13G17250,5.79,158.3233333,4.773166734,Up,0.955473658
GLYMA12G09731,430.57,92.12,-2.224661487,Down,0.846126847
GLYMA03G04370,0.08,15.56666667,7.604244334,Up,0.943013583
GLYMA07G40110,29.03666667,7.05,-2.042180683,Down,0.80645116
GLYMA10G32080,863.38,240.93,-1.841381628,Down,0.816763188
GLYMA19G32280,29.09666667,139.5766667,2.262131992,Up,0.844733425
GLYMA18G52480,31.70666667,4.013333333,-2.981913323,Down,0.863599031
GLYMA09G03490,61.75333333,14.18333333,-2.122320382,Down,0.828833667
GLYMA03G29721,165.5133333,29.60666667,-2.482953466,Down,0.860626163
GLYMA09G38610,1023.84,226.7833333,-2.174603753,Down,0.844245551
GLYMA05G29400,16.97,72.44666667,2.093932747,Up,0.829153066
GLYMA19G36690,11.34,42.60666667,1.909658546,Up,0.80264645
GLYMA20G02270,23.49,94.20666667,2.003782444,Up,0.826274964
GLYMA14G09110,0.113333333,4.436666667,5.290832015,Up,0.80880629
GLYMA06G14160,2.023333333,28.22666667,3.802252848,Up,0.896381313
GLYMA11G02980,38.15,182.1966667,2.255741603,Up,0.84603208
GLYMA11G20650,4.223333333,22.21666667,2.395188351,Up,0.821954301
GLYMA02G17210,0.01,4.826666667,8.914883386,Up,0.848078341
GLYMA05G01640,138.7,34.56,-2.004792665,Down,0.828991611
GLYMA05G37300,22.06666667,76.58666667,1.795224532,Up,0.803713453
GLYMA05G28240,0.946666667,20.02333333,4.402681829,Up,0.907188235
GLYMA12G04760,84.24666667,16.94666667,-2.313618076,Down,0.843276824
GLYMA07G05130,9.696666667,45.18666667,2.22033634,Up,0.828788038
GLYMA06G00990,84.15333333,296.1633333,1.815300715,Up,0.813663964
GLYMA07G12840,8.946666667,49.23666667,2.460310924,Up,0.847151732
GLYMA03G33160,17.04666667,67.62333333,1.988031472,Up,0.817043979
GLYMA14G07800,2.91,16.29666667,2.485485846,Up,0.811277245
GLYMA20G22255,0.01,3.506666667,8.453956489,Up,0.804552315
GLYMA07G03490,2.86,25.56,3.159800784,Up,0.865539995
GLYMA06G18030,5.21,22.57333333,2.115264195,Up,0.802404268
GLYMA14G37980,3.33,17.44333333,2.389081676,Up,0.810487522
GLYMA17G36850,75.21,13.25666667,-2.504206435,Down,0.855473658
GLYMA08G14590,2.893333333,18.75333333,2.696342605,Up,0.831746867
GLYMA08G22630,0.11,68.63666667,9.285332156,Up,0.988206802
GLYMA04G40130,22.42,2.796666667,-3.003006063,Down,0.857151381
GLYMA11G00920,4.306666667,28.11333333,2.706610952,Up,0.848043242
GLYMA11G37280,1.266666667,21.32666667,4.073549669,Up,0.897027131
GLYMA02G38750,0.426666667,13.53333333,4.987264012,Up,0.903731003
GLYMA20G38580,3.423333333,17.28333333,2.335907807,Up,0.80733565
GLYMA16G01870,773.0666667,190.96,-2.017322361,Down,0.83458987
GLYMA15G10840,122.2233333,34.99666667,-1.804230311,Down,0.808030606
GLYMA11G33690,0.413333333,6.22,3.91153696,Up,0.807830543
GLYMA02G44660,127.36,36.74333333,-1.793357823,Down,0.807521674
GLYMA17G01930,18.59666667,1.436666667,-3.694246777,Down,0.876561019
GLYMA08G44010,30.63333333,5.796666667,-2.401806929,Down,0.83313327
GLYMA04G29490,18.04,1.983333333,-3.185200266,Down,0.856333579
GLYMA08G10950,0.393333333,9.356666667,4.572170299,Up,0.866757924
GLYMA01G15906,6.213333333,102.07,4.038047633,Up,0.929132007
GLYMA07G37240,201.2666667,11.14,-4.175287118,Down,0.939026359
GLYMA08G07670,1.39,10.94333333,2.976895461,Up,0.813148012
GLYMA03G26590,6.876666667,159.6766667,4.537300283,Up,0.948875083
GLYMA18G32760,0.01,4.333333333,8.759333407,Up,0.833845776
GLYMA15G05820,8.596666667,0.03,-8.162671056,Down,0.905612299
GLYMA07G09220,48.76666667,8.403333333,-2.536861746,Down,0.850201818
GLYMA08G08770,1944.58,482.5,-2.010857741,Down,0.834284511
GLYMA02G44070,109.4566667,23.75,-2.204360409,Down,0.839679197
GLYMA17G23130,6.646666667,0.5,-3.732631004,Down,0.807061879
GLYMA13G33780,27.11666667,1.753333333,-3.951007641,Down,0.902021691
GLYMA12G06760,128.8666667,18.97,-2.764087553,Down,0.874697273
GLYMA18G17190,28.91,7.046666667,-2.036555733,Down,0.806244077
GLYMA09G11111,23.27,289.9866667,3.639443452,Up,0.919574603
GLYMA08G42500,0.63,29.76666667,5.562202036,Up,0.949317328
GLYMA15G39740,7.993333333,55.07,2.78439745,Up,0.866013829
GLYMA04G01400,74.77666667,6.923333333,-3.433049446,Down,0.901663683
GLYMA02G09000,6.58,42.75333333,2.699877417,Up,0.858692219
GLYMA02G13210,1.28,11.38,3.152284842,Up,0.82463234
GLYMA14G35060,1.62,31.74666667,4.292539402,Up,0.918577796
GLYMA11G38220,62.32,369.0266667,2.565957934,Up,0.866680706
GLYMA13G31931,18.16,83.68,2.204118649,Up,0.837411814
GLYMA07G03360,16.46333333,104.6366667,2.668060115,Up,0.870495946
GLYMA13G29370,0.77,20.03,4.701160165,Up,0.916521007
GLYMA01G42420,21.36666667,4.466666667,-2.258091356,Down,0.808262258
GLYMA02G46810,24.62666667,5.68,-2.116258531,Down,0.805910638
GLYMA20G28980,52.07,291.7,2.485961074,Up,0.863079569
GLYMA07G03434,3.376666667,19.31333333,2.51592551,Up,0.820887298
GLYMA11G08570,22.74,3.226666667,-2.817115802,Down,0.848422309
GLYMA04G33290,136.1866667,38.98666667,-1.804532748,Down,0.808693974
GLYMA07G07100,35.32666667,3.753333333,-3.2345133,Down,0.880660559
GLYMA08G04230,0.8,17.18666667,4.425145953,Up,0.900544031
GLYMA05G31450,191.64,2161.07,3.49527518,Up,0.916377102
GLYMA07G05010,0.446666667,6.816666667,3.931795937,Up,0.817416026
GLYMA17G35860,1.736666667,16.52,3.24982091,Up,0.853216805
GLYMA11G06320,2.913333333,17.6,2.594832745,Up,0.824751676
GLYMA06G15441,22.62333333,3.493333333,-2.695135296,Down,0.839924889
GLYMA06G06550,9.293333333,58.14666667,2.645428429,Up,0.862868976
GLYMA15G16630,2.8,49.72,4.150327564,Up,0.923530238
GLYMA10G40701,92.29666667,414.01,2.165315165,Up,0.843301393
GLYMA18G49440,1.076666667,42.7,5.309592501,Up,0.952992173
GLYMA02G30524,71.16,20.15666667,-1.819809432,Down,0.804629532
GLYMA09G08340,45.68666667,159.9033333,1.807354922,Up,0.810663016
GLYMA13G31430,10.02666667,54.12666667,2.432497478,Up,0.847734372
GLYMA06G09660,0.88,7.953333333,3.175984208,Up,0.801123162
GLYMA15G13880,22.52666667,2.3,-3.291928083,Down,0.867853006
GLYMA17G13751,122.8,21.88333333,-2.488406145,Down,0.859338037
GLYMA04G14790,39.89666667,10.35333333,-1.946172887,Down,0.804317153
GLYMA06G17690,0.316666667,11.83666667,5.224154037,Up,0.901432031
GLYMA02G44821,0.38,33.82333333,6.475875617,Up,0.96479941
GLYMA14G38580,9.863333333,38.01333333,1.946358343,Up,0.803148363
GLYMA08G47106,51.81,13.35666667,-1.955670575,Down,0.810624408
GLYMA06G45031,142.2,12.38333333,-3.52144985,Down,0.911902004
GLYMA04G05570,18.97666667,1.636666667,-3.53539417,Down,0.872110491
GLYMA18G49930,2.403333333,25.01,3.379396394,Up,0.876978695
GLYMA13G36050,1.433333333,10.63333333,2.891147859,Up,0.80851848
GLYMA07G00740,1.55,12.85,3.051428239,Up,0.830444702
GLYMA19G44190,7.483333333,36.25,2.276228051,Up,0.82698045
GLYMA07G33780,20.59,80.32666667,1.96393518,Up,0.81730722
GLYMA14G03990,0.606666667,7.456666667,3.619554901,Up,0.814102699
GLYMA01G31750,58.68666667,14.85666667,-1.981922307,Down,0.814432628
GLYMA05G17470,0.833333333,22.98666667,4.785759774,Up,0.923498649
GLYMA17G34220,0.13,4.776666667,5.199420675,Up,0.816054193
GLYMA13G43800,5.933333333,35.33333333,2.574115118,Up,0.843933172
GLYMA06G17610,3.456666667,37.11,3.424354608,Up,0.889007055
GLYMA08G18891,10.97,101.9933333,3.216839424,Up,0.897307922
GLYMA11G00900,5.576666667,0.01,-9.123259229,Down,0.865206556
GLYMA19G29031,45.09,231.4566667,2.359862702,Up,0.856796883
GLYMA18G01830,336.0033333,56.99666667,-2.559526092,Down,0.866217402
GLYMA12G10780,0.78,58.22666667,6.222062096,Up,0.97331789
GLYMA04G33360,1613.343333,332.7266667,-2.277644087,Down,0.850496648
GLYMA18G52690,20.55,0.736666667,-4.80198262,Down,0.919237654
GLYMA02G02620,1.896666667,15.78666667,3.057168523,Up,0.842588888
GLYMA06G43490,45.53,7.943333333,-2.519001009,Down,0.848025692
GLYMA13G17930,11.28333333,0.916666667,-3.62165231,Down,0.847590467
GLYMA12G33990,13.27333333,2.33,-2.51012886,Down,0.800333439
GLYMA06G11880,7.636666667,36.41,2.253319783,Up,0.825415043
GLYMA07G37265,180.0133333,14.50333333,-3.633647348,Down,0.917837212
GLYMA09G03620,0.816666667,8.086666667,3.307725896,Up,0.805429785
GLYMA02G13910,2.75,15.07333333,2.454494968,Up,0.805356077
GLYMA02G42960,0.356666667,8.306666667,4.541621367,Up,0.85717946
GLYMA06G12340,26.33,4.766666667,-2.465654875,Down,0.831258994
GLYMA04G37431,0.516666667,20.48333333,5.30907289,Up,0.931336211
GLYMA18G41590,44.51333333,10.52666667,-2.080188869,Down,0.820178302
GLYMA05G37410,1.966666667,25.48333333,3.695729642,Up,0.892236145
GLYMA03G19260,42.68,611.6166667,3.84099564,Up,0.928879295
GLYMA19G29210,234.68,2386.11,3.345893751,Up,0.910375206
GLYMA07G07386,16.45,2.426666667,-2.761039729,Down,0.827306869
GLYMA17G07431,7.05,0.41,-4.103927443,Down,0.827671896
GLYMA16G04200,0.713333333,22.22666667,4.961571403,Up,0.927106806
GLYMA13G21310,5.55,24.94333333,2.168094598,Up,0.809332772
GLYMA09G06290,3.05,15.53,2.348176682,Up,0.802211225
GLYMA08G02250,36.82333333,155.9633333,2.08251476,Up,0.834793444
GLYMA10G07146,6.666666667,27.89333333,2.064882852,Up,0.806570496
GLYMA04G22801,0.776666667,12.89333333,4.053185935,Up,0.871956056
GLYMA09G32300,3.39,28.43,3.068056921,Up,0.867017655
GLYMA13G27725,77.59333333,10.81666667,-2.842676727,Down,0.87741392
GLYMA09G27180,25.56,94.22333333,1.882196535,Up,0.812761925
GLYMA08G25020,2.243333333,25.10333333,3.484163035,Up,0.882387421
GLYMA09G41840,28.58,1.62,-4.140940198,Down,0.910055807
GLYMA06G19820,20.53666667,92.26666667,2.167607502,Up,0.836674739
GLYMA15G15370,31.81333333,1.936666667,-4.037983974,Down,0.909908392
GLYMA02G37500,11.12,45.30666667,2.026566564,Up,0.817058018
GLYMA15G00710,1.91,13.41,2.811664694,Up,0.822224562
GLYMA05G36850,0.863333333,33.39333333,5.273498609,Up,0.946432207
GLYMA08G01531,12.73666667,0.8,-3.992843947,Down,0.868305781
GLYMA02G30956,1.19,33.91,4.832677306,Up,0.93666772
GLYMA13G00520,7.383333333,35.1,2.249126832,Up,0.824428767
GLYMA15G12570,3.16,16.17666667,2.355917896,Up,0.804917342
GLYMA01G29873,0.01,3.47,8.438791853,Up,0.802786845
GLYMA07G16130,149.3833333,29.23,-2.353497462,Down,0.854332947
GLYMA17G03590,20.80666667,76.37333333,1.876023135,Up,0.810403285
GLYMA03G27740,7.06,31.9,2.175816335,Up,0.817924959
GLYMA06G03110,0.01,3.456666667,8.433237678,Up,0.8023446
GLYMA20G01930,3.723333333,32.98666667,3.147216314,Up,0.872987961
GLYMA14G34170,37.15333333,6.276666667,-2.565421153,Down,0.845189709
GLYMA01G41330,0.19,139,9.514869749,Up,0.994296444
GLYMA19G01460,23.19666667,4.49,-2.369130157,Down,0.822133305
GLYMA14G02990,29.24333333,6.663333333,-2.133791796,Down,0.812474115
GLYMA10G30130,37.49333333,5.976666667,-2.649221106,Down,0.853922291
GLYMA06G04346,4.046666667,25.91666667,2.679074254,Up,0.844354358
GLYMA14G22690,0.33,14.82333333,5.489260069,Up,0.920332737
GLYMA10G38910,1.36,98.82,6.183124499,Up,0.978828402
GLYMA06G16380,0.096666667,20.42666667,7.723219587,Up,0.955943982
GLYMA09G01110,2.49,16.92,2.764511921,Up,0.828844196
GLYMA05G38290,42.45,6.59,-2.687414183,Down,0.858151697
GLYMA09G00950,1.773333333,13.50333333,2.928779934,Up,0.826053842
GLYMA13G27680,8.186666667,0.48,-4.092169844,Down,0.841399038
GLYMA09G07240,0.246666667,7.303333333,4.887920403,Up,0.855273595
GLYMA01G44910,1.303333333,55.02,5.399678128,Up,0.959948756
GLYMA03G15800,0.643333333,17.76333333,4.78719208,Up,0.912772454
GLYMA15G09260,10.93666667,44.73333333,2.032177173,Up,0.816822856
GLYMA17G13820,3.613333333,24.40333333,2.755675968,Up,0.844649187
GLYMA05G33650,25.16333333,112.5266667,2.160871982,Up,0.837573269
GLYMA18G06840,141.7566667,1082.823333,2.933309391,Up,0.889094802
GLYMA07G19050,0.663333333,10.56666667,3.993642504,Up,0.855505247
GLYMA15G03966,1.393333333,13.08,3.230750194,Up,0.839928398
GLYMA19G04010,40.18,2.393333333,-4.069384316,Down,0.915987505
GLYMA15G06280,10.41,40.42333333,1.957218224,Up,0.805447334
GLYMA14G03470,53.91666667,252.7566667,2.228945933,Up,0.84545295
GLYMA11G05960,4.466666667,44.99666667,3.332547631,Up,0.891832509
GLYMA06G08670,8.54,58.09,2.765981855,Up,0.86656488
GLYMA19G34960,133.4166667,31.81666667,-2.0680843,Down,0.833361412
GLYMA11G14410,228.79,58.80333333,-1.960054153,Down,0.823986522
GLYMA04G07040,27.27666667,6.483333333,-2.072859697,Down,0.806405532
GLYMA17G34480,221.94,0.526666667,-8.719063838,Down,0.995577551
GLYMA15G16075,0.01,3.606666667,8.494522283,Up,0.808781721
GLYMA02G39421,21.35,4.553333333,-2.229241087,Down,0.806496788
GLYMA17G16130,15.69333333,70.42,2.165833408,Up,0.833564985
GLYMA16G28605,680.8333333,139.0066667,-2.292147597,Down,0.850573865
GLYMA17G07470,36.9,1.346666667,-4.776156119,Down,0.937425854
GLYMA13G28370,19.26666667,1.753333333,-3.457934788,Down,0.871689305
GLYMA11G06400,39.66,10.09666667,-1.9738056,Down,0.805815872
GLYMA15G38480,5.786666667,0.283333333,-4.352160296,Down,0.815067916
GLYMA11G13210,1.526666667,13.26333333,3.118986396,Up,0.834186234
GLYMA11G03470,8.676666667,0.71,-3.611249976,Down,0.82757011
GLYMA03G35710,13.86,2.393333333,-2.533834009,Down,0.803938086
GLYMA10G40210,49.48666667,11.93333333,-2.052042781,Down,0.820427503
GLYMA13G01930,38.72,151.0066667,1.963461386,Up,0.822217542
GLYMA12G33530,19.08333333,3.486666667,-2.452392842,Down,0.817261591
GLYMA08G25520,38.15333333,145.5733333,1.93186509,Up,0.819528974
GLYMA13G09742,29.83,3.616666667,-3.044031436,Down,0.867793338
GLYMA09G25056,66.23666667,6.81,-3.281903368,Down,0.89384016
GLYMA20G37670,0.03,4.693333333,7.289506617,Up,0.840051244
GLYMA17G06901,9.96,0.693333333,-3.844524715,Down,0.847049946
GLYMA07G11800,0.94,73.85,6.295793354,Up,0.977564845
GLYMA12G30750,4.62,36.35333333,2.976122898,Up,0.867217718
GLYMA10G34150,14.21,66.81,2.233157504,Up,0.836109649
GLYMA17G07420,206.4366667,63.11333333,-1.709682514,Down,0.802611351
GLYMA13G27800,134.3766667,28.85666667,-2.219306085,Down,0.842195781
GLYMA01G26606,703.6066667,156.25,-2.170912963,Down,0.844013899
GLYMA04G40450,17.85666667,61.93333333,1.794253301,Up,0.800094767
GLYMA15G40220,0.23,12.09666667,5.716831885,Up,0.912561862
GLYMA05G20400,0.906666667,10.17333333,3.488076406,Up,0.834674108
GLYMA07G03190,654.1566667,153.87,-2.087924217,Down,0.839114106
GLYMA15G40070,4.926666667,516.7566667,6.712729422,Up,0.990256572
GLYMA01G04791,7.893333333,0.723333333,-3.447902133,Down,0.809571444
GLYMA09G36640,12.12333333,0.356666667,-5.087066224,Down,0.900182514
GLYMA19G29690,11.21,51.16,2.190229986,Up,0.829588291
GLYMA19G01440,0.193333333,218.4566667,10.14204102,Up,0.996651574
GLYMA03G40720,75.03,19.86333333,-1.917359812,Down,0.813123442
GLYMA02G39340,7.67,72.83666667,3.247366417,Up,0.894664982
GLYMA19G24415,64.76666667,17.57,-1.882137304,Down,0.808237689
GLYMA02G01510,15.73333333,98.2,2.641898666,Up,0.868948089
GLYMA02G41750,20.12666667,89.87666667,2.158838363,Up,0.835730582
GLYMA18G53480,20.36666667,2.296666667,-3.148596492,Down,0.856667018
GLYMA03G06410,33.47333333,5.513333333,-2.60201549,Down,0.849078656
GLYMA01G25040,9.61,37.11666667,1.949458816,Up,0.802579762
GLYMA02G42800,0.796666667,9.026666667,3.502145216,Up,0.82551332
GLYMA09G28310,1.076666667,65.20333333,5.920302151,Up,0.971450634
GLYMA07G05910,200.7466667,27.84666667,-2.849799485,Down,0.884110772
GLYMA11G10460,198.9166667,49.91,-1.994763352,Down,0.825450142
GLYMA01G01510,39.44,0.776666667,-5.666220192,Down,0.95864308
GLYMA04G08740,1.313333333,72.56666667,5.788001968,Up,0.971004879
GLYMA17G04550,0.023333333,29.21333333,10.29001885,Up,0.971345337
GLYMA16G29340,12.98666667,47.54,1.872110727,Up,0.802186655
GLYMA09G24190,6.703333333,32.95,2.297327884,Up,0.825383454
GLYMA06G10830.10,30.01666667,6.64,-2.176508629,Down,0.816243726
GLYMA11G02050,4.72,48.23666667,3.35327145,Up,0.893597978
GLYMA14G06080,0.9,12.63333333,3.811166536,Up,0.863374399
GLYMA01G22260,51.88,10.44666667,-2.312135801,Down,0.836221965
GLYMA13G20170,0.026666667,8.223333333,8.268542,Up,0.902162086
GLYMA06G20200,6.673333333,31.61666667,2.244205799,Up,0.820925906
GLYMA18G52471,8.34,0.223333333,-5.222776884,Down,0.875265873
GLYMA07G00440,0.726666667,14.41,4.309632796,Up,0.887192447
GLYMA14G06900,0.046666667,28.37333333,9.247927513,Up,0.969836089
GLYMA13G41130,9.213333333,36.17,1.972998483,Up,0.803534449
GLYMA02G42160,32.33,7.74,-2.062468036,Down,0.81114036
GLYMA14G05960,2.61,19.32,2.887973382,Up,0.843620793
GLYMA02G40800,10.58333333,79.33333333,2.906133077,Up,0.879358394
GLYMA06G11060,15.39333333,2.11,-2.866990768,Down,0.831785476
GLYMA09G06840,0.226666667,19.11,6.397611722,Up,0.94516865
GLYMA12G03390,58.40333333,3.003333333,-4.281414202,Down,0.931455547
GLYMA15G14540,0.583333333,7.65,3.713067326,Up,0.820925906
GLYMA06G07800,5.47,49.25,3.170510986,Up,0.886981854
GLYMA09G38440,6.896666667,28.14666667,2.028992933,Up,0.804566354
GLYMA05G02710,7,33.72666667,2.268462911,Up,0.824491945
GLYMA14G36470,0.036666667,13.89333333,8.565707944,Up,0.939517742
GLYMA05G01300,1.053333333,14.29,3.761971954,Up,0.86715805
GLYMA13G17830,90.69333333,361.0333333,1.993063633,Up,0.827117335
GLYMA02G13790,14.73333333,69.18666667,2.231410166,Up,0.836579973
GLYMA13G33080,5.123333333,22.06666667,2.106714052,Up,0.800680917
GLYMA06G17860,5.07,109.3533333,4.43086764,Up,0.942690674
GLYMA13G35220,85.25333333,7.196666667,-3.566355501,Down,0.908774701
GLYMA01G22554,68.38,12.97333333,-2.398025213,Down,0.849994735
GLYMA13G37451,0.996666667,13.05333333,3.711163375,Up,0.861415886
GLYMA17G04120,2.253333333,16.32666667,2.857097622,Up,0.834551262
GLYMA16G04700,26.09666667,115.82,2.149946954,Up,0.837278439
GLYMA02G41070,38.29,239.73,2.646370895,Up,0.874061984
GLYMA20G32865,665.1633333,201.73,-1.721282995,Down,0.805928188
GLYMA10G07773,0.5,9.246666667,4.208933382,Up,0.854596188
GLYMA17G08300,4.78,32.69333333,2.773913955,Up,0.854136394
GLYMA19G02270,0.306666667,16.17333333,5.720801879,Up,0.928651153
GLYMA01G32750,1192.523333,4697.65,1.977921734,Up,0.828054473
GLYMA03G40941,14.39333333,1.336666667,-3.428689102,Down,0.852876347
GLYMA13G26930,208.8866667,47.16666667,-2.146880855,Down,0.840405742
GLYMA10G35260,0.296666667,6.513333333,4.456481321,Up,0.831859184
GLYMA12G35070,203.7766667,22.48666667,-3.179847143,Down,0.900537012
GLYMA17G14793,29.36333333,6.513333333,-2.172547786,Down,0.81496613
GLYMA18G43640,0.123333333,7.326666667,5.892522305,Up,0.876631217
GLYMA06G03920,79.85333333,11.23333333,-2.829566541,Down,0.87741743
GLYMA15G00515,255.9866667,55.07333333,-2.216642832,Down,0.845003685
GLYMA02G36990,8.12,37.93666667,2.224041288,Up,0.824863992
GLYMA19G31330,1.763333333,11.18666667,2.665403088,Up,0.800544031
GLYMA02G41150,25.06,94.98,1.922237342,Up,0.815780422
GLYMA09G06491,399.3833333,83.84666667,-2.251948793,Down,0.847618546
GLYMA0405S00280,41.38,6.493333333,-2.671902468,Down,0.857056614
GLYMA16G09850,1.16,9.96,3.102020937,Up,0.813681513
GLYMA20G26940,21.91666667,284.7,3.699342194,Up,0.9231617
GLYMA18G36840,13.56666667,56.28666667,2.05272692,Up,0.822803692
GLYMA03G25280,2.28,14.14666667,2.633356426,Up,0.814783616
GLYMA07G12680,4.05,23.73,2.550718287,Up,0.830820259
GLYMA15G15260,0.113333333,5.096666667,5.49090985,Up,0.830634235
GLYMA10G42330,8.36,0.846666667,-3.303636946,Down,0.808255238
GLYMA17G23840,2.243333333,13.64,2.604127735,Up,0.811235127
GLYMA1251S50,10.20333333,114.8033333,3.492052082,Up,0.910094416
GLYMA06G06370,14.96,61.65666667,2.04314672,Up,0.823639044
GLYMA02G41030,7.133333333,0.196666667,-5.180752032,Down,0.860478748
GLYMA15G40065,2.016666667,282.63,7.130798158,Up,0.991706153
GLYMA11G05591,0.576666667,8.006666667,3.795392208,Up,0.826127549
GLYMA06G16490,3.723333333,26.81,2.848104534,Up,0.855259556
GLYMA03G12070,10.23333333,478.1866667,5.546225844,Up,0.976073146
GLYMA02G37060,6.84,46.53666667,2.766299647,Up,0.862521498
GLYMA02G15370,1.983333333,19.05,3.263791925,Up,0.860240076
GLYMA14G39320,20.93,4.006666667,-2.385097916,Down,0.818942824
GLYMA18G47875,5.953333333,28.87333333,2.277968092,Up,0.82052929
GLYMA10G04790,817.4766667,150.5433333,-2.440998731,Down,0.862714541
GLYMA17G13730,19.35333333,191.0433333,3.303245938,Up,0.902463936
GLYMA12G05830,7.47,69.95666667,3.2272814,Up,0.893692745
GLYMA08G43330,105.3633333,25.00333333,-2.075180547,Down,0.832375136
GLYMA01G35600,1.873333333,17.41666667,3.216789002,Up,0.85512969
GLYMA06G18720,591.4633333,3139.15,2.408013329,Up,0.861672107
GLYMA03G38570,13.1,47.83333333,1.868449519,Up,0.802316521
GLYMA09G37430,7.323333333,0.4,-4.194428559,Down,0.834586361
GLYMA07G39950,0.503333333,10.09333333,4.325744751,Up,0.866238461
GLYMA14G09620,34.01666667,158.1833333,2.21728392,Up,0.843080271
GLYMA02G14331,29.93333333,2.636666667,-3.504965845,Down,0.888112035
GLYMA04G02330,36.79,210.4,2.515749123,Up,0.863367379
GLYMA11G29080,1.92,16.17333333,3.074438834,Up,0.844108666
GLYMA15G07691,16.29333333,2.513333333,-2.696607857,Down,0.825035976
GLYMA0079S00240,21.87333333,3.646666667,-2.584522856,Down,0.834431926
GLYMA07G12590,4.523333333,21.04,2.217676485,Up,0.805478923
GLYMA19G01470,9.906666667,1.41,-2.812704547,Down,0.800968727
GLYMA08G05000,5.726666667,39.78666667,2.796517499,Up,0.859882068
GLYMA15G32270,132.97,32.58666667,-2.0287471,Down,0.83049735
GLYMA10G40010,16.63333333,2.203333333,-2.916317639,Down,0.837148573
GLYMA02G11060,175.5666667,25.39333333,-2.789497266,Down,0.877178758
GLYMA11G25660,4.026666667,46.80333333,3.538953328,Up,0.899596364
GLYMA07G39580,14.59666667,2.6,-2.489055421,Down,0.805352567
GLYMA03G29090,3.346666667,23.20333333,2.793535306,Up,0.843666421
GLYMA20G00410,3.416666667,23.73666667,2.796455943,Up,0.844652697
GLYMA09G39650,35.43,3.113333333,-3.508439511,Down,0.892871433
GLYMA16G31331,0.01,3.88,8.599912842,Up,0.818904215
GLYMA15G19580,211.1033333,946.7666667,2.165059554,Up,0.844213962
GLYMA18G49031,13.12666667,1.616666667,-3.021406459,Down,0.8310835
GLYMA14G07841,58.65,15.00666667,-1.966527552,Down,0.813639395
GLYMA11G25670,10.56,52.80666667,2.322110242,Up,0.84224141
GLYMA08G22600,8.013333333,34.7,2.114461267,Up,0.815983995
GLYMA06G46450,1.83,36.02,4.298882628,Up,0.921863044
GLYMA07G30510,0.106666667,14.82333333,7.118616689,Up,0.938331403
GLYMA14G20450,66.39666667,233.3333333,1.813209701,Up,0.812245972
GLYMA06G44600,4.996666667,49.82,3.317687139,Up,0.893731354
GLYMA06G47780,1.35,24.95,4.208008503,Up,0.908858938
GLYMA19G03040,16.74,74.48666667,2.153682674,Up,0.83313327
GLYMA05G25690,0.233333333,196.9033333,9.720879398,Up,0.996104033
GLYMA08G06440,1.65,21.70666667,3.717600269,Up,0.886529079
GLYMA19G31080,112.75,18.78666667,-2.585346417,Down,0.868010951
GLYMA18G44250,0.203333333,35.69333333,7.455664086,Up,0.972461479
GLYMA16G29370,25.16666667,163.5166667,2.699851643,Up,0.874209399
GLYMA04G42960,2.613333333,18.68666667,2.838046185,Up,0.840633884
GLYMA11G12410,43.99333333,5.843333333,-2.912421422,Down,0.869850128
GLYMA08G43120,41.06666667,10.54333333,-1.961636795,Down,0.805815872
GLYMA18G43320,0.01,6.42,9.326429487,Up,0.880537714
GLYMA14G39820,113.75,16.92333333,-2.748780881,Down,0.873517953
GLYMA11G20040,19.54333333,81.39666667,2.058293159,Up,0.828788038
GLYMA02G09710,0.01,4.236666667,8.726785814,Up,0.831020322
GLYMA09G03370,0.026666667,4.91,7.524541715,Up,0.846593661
GLYMA11G29460,42.94,446.1633333,3.377177858,Up,0.909799586
GLYMA10G29980,10.28666667,48.91,2.249353903,Up,0.83196799
GLYMA06G15220,156.8466667,11.69333333,-3.745596717,Down,0.921575234
GLYMA16G29400,3.59,31.84,3.148784587,Up,0.872015724
GLYMA06G48260,0.743333333,17.72666667,4.575768162,Up,0.907644519
GLYMA08G21410,4.843333333,33.03333333,2.769850354,Up,0.854424204
GLYMA19G23640,262.6166667,74.17666667,-1.823921135,Down,0.813376154
GLYMA09G35190,0.25,7.276666667,4.863277724,Up,0.854862939
GLYMA19G44805,101.35,13.77333333,-2.87939643,Down,0.880874662
GLYMA03G37140,0.326666667,133.6266667,8.676172978,Up,0.99325401
GLYMA17G13720,2.163333333,146.9833333,6.086252787,Up,0.980548243
GLYMA14G01360,3.25,21.55333333,2.729399383,Up,0.83899126
GLYMA06G07560,12.62666667,46.63333333,1.884887727,Up,0.802379699
GLYMA08G39340,3.15,42.74,3.762163174,Up,0.90673897
GLYMA13G37130,0.01,4.27,8.73809226,Up,0.832003089
GLYMA10G43720,11.98,0.07,-7.419057271,Down,0.927598189
GLYMA08G22455,0.976666667,29.62,4.922561572,Up,0.935326945
GLYMA08G41403,2.916666667,27.30333333,3.226684672,Up,0.873395107
GLYMA06G08390,4.02,26.08333333,2.697860845,Up,0.845200239
GLYMA11G19800,49.07,203.29,2.050626073,Up,0.834070408
GLYMA05G33610,0.216666667,13.97333333,6.011055189,Up,0.925464182
GLYMA18G08750,231.5233333,61.82666667,-1.904856467,Down,0.819300832
GLYMA18G43676,10.23,0.816666667,-3.646914991,Down,0.840802359
GLYMA12G36106,4299.98,695.1733333,-2.628885303,Down,0.87595381
GLYMA07G06936,35.59,7.13,-2.319497951,Down,0.833572005
GLYMA18G42730,7.983333333,0.253333333,-4.977882427,Down,0.865718999
GLYMA11G35130,186.2533333,51.59666667,-1.851916475,Down,0.8146713
GLYMA13G27260,0.1,20.10333333,7.651290924,Up,0.955048963
GLYMA18G03220,345.7233333,101.6133333,-1.766528257,Down,0.809557404
GLYMA08G41120,29.40333333,2.333333333,-3.65551539,Down,0.893089046
GLYMA15G03040,4.106666667,69.28333333,4.076468587,Up,0.925741462
GLYMA16G27900,0.123333333,6.273333333,5.668597547,Up,0.857449721
GLYMA02G16320,13.65666667,48.89666667,1.840130727,Up,0.800045628
GLYMA09G17260,38.48333333,5.373333333,-2.840344524,Down,0.865034572
GLYMA10G40400,23.76333333,162.3366667,2.77217977,Up,0.876220561
GLYMA06G17216,26.01666667,3.843333333,-2.759006119,Down,0.846941139
GLYMA14G10200,6.913333333,28.75666667,2.056443062,Up,0.807493594
GLYMA20G37390,2.596666667,17.20333333,2.727955397,Up,0.828623074
GLYMA13G01870,13.38,301.5966667,4.494470463,Up,0.949166403
GLYMA18G34280,11.66666667,0.01,-10.18817671,Down,0.930374504
GLYMA02G30973,2.35,18.93666667,3.01044974,Up,0.850264996
GLYMA18G08760,28.33333333,5.713333333,-2.310095732,Down,0.821347092
GLYMA17G24193,346.9866667,1383.35,1.995214086,Up,0.833694851
GLYMA08G45070,41.92,145.0466667,1.790806519,Up,0.808262258
GLYMA15G08420,0.596666667,36.43666667,5.932321991,Up,0.960773578
GLYMA18G46120,88.67666667,14.56333333,-2.606213936,Down,0.866898319
GLYMA12G07861,43.41,3.876666667,-3.485138827,Down,0.89736057
GLYMA08G06100,19.17666667,86.58333333,2.174737374,Up,0.836109649
GLYMA16G04380,48.89333333,213.4833333,2.126413772,Up,0.83930013
GLYMA19G44451,21.11666667,1.69,-3.643286967,Down,0.881541539
GLYMA09G32440,0.906666667,10.88333333,3.585404435,Up,0.84456495
GLYMA08G38740,19.61,71.91,1.874602874,Up,0.809118669
GLYMA09G16972,14.29,1.436666667,-3.314208643,Down,0.846586641
GLYMA15G34720,12.39333333,52.65666667,2.087051928,Up,0.824190095
GLYMA06G11090,18.32666667,2.373333333,-2.948957761,Down,0.842715243
GLYMA05G08950,1.853333333,146.21,6.301775795,Up,0.982871784
GLYMA08G45281,145.5866667,28.35666667,-2.360118376,Down,0.854757643
GLYMA12G33420,1.623333333,11.17666667,2.783458806,Up,0.804211856
GLYMA06G04840,36.67666667,141.3466667,1.946303429,Up,0.821006634
GLYMA15G38231,3.62,26.45333333,2.869387923,Up,0.855340283
GLYMA18G16130,0.05,4.146666667,6.373880175,Up,0.817282651
GLYMA01G36590,10.80666667,1.403333333,-2.944991952,Down,0.811112281
GLYMA01G20700,7.746666667,91.80333333,3.56689897,Up,0.909360851
GLYMA07G16840,3.28,24.71333333,2.913521894,Up,0.853985469
GLYMA19G27930,14.37,119.2433333,3.052776643,Up,0.890758485
GLYMA19G43680,27.69,215.89,2.962859461,Up,0.887231055
GLYMA15G10686,21.45666667,2.536666667,-3.08042011,Down,0.857333895
GLYMA15G16780,12.88,0.373333333,-5.108524457,Down,0.903906497
GLYMA18G00450,23.16,5.123333333,-2.176480589,Down,0.807075919
GLYMA02G45460,1.183333333,9.423333333,2.993380953,Up,0.801986592
GLYMA09G37250,0.103333333,7.923333333,6.260729878,Up,0.888073427
GLYMA03G40395,0.436666667,10.09,4.530249958,Up,0.872296515
GLYMA07G39680,4.666666667,36.60666667,2.971642084,Up,0.867140501
GLYMA13G42210,19.77,4.356666667,-2.182016231,Down,0.800270261
GLYMA05G31440,0.26,9.43,5.180674243,Up,0.884047594
GLYMA16G32740,3.143333333,21.00333333,2.740251134,Up,0.838176968
GLYMA14G37480,19.10666667,162.6133333,3.089297541,Up,0.89354884
GLYMA0079S00330,13.52333333,0.793333333,-4.091379824,Down,0.877606964
GLYMA13G01760,5.8,30.86666667,2.411924887,Up,0.833638693
GLYMA08G02690,0.686666667,19.02666667,4.792269092,Up,0.916015584
GLYMA08G11490,13.55,67.93666667,2.325897582,Up,0.846512934
GLYMA06G09310.12,0.01,6.263333333,9.290786851,Up,0.877733319
GLYMA06G15540,2175.67,453.08,-2.263622035,Down,0.849471763
GLYMA06G05020.10,11.64666667,0.956666667,-3.605756966,Down,0.849661297
GLYMA17G03600,1.44,31.38666667,4.446011103,Up,0.922747534
GLYMA12G06730,21.54333333,2.12,-3.345105321,Down,0.870892563
GLYMA13G37300,2.316666667,46.78666667,4.335975065,Up,0.929928749
GLYMA18G05700,10.48666667,45.8,2.126791428,Up,0.823867186
GLYMA08G18150,4.223333333,29.71333333,2.814656436,Up,0.857277737
GLYMA16G29430,1.753333333,13.26333333,2.919271194,Up,0.824586712
GLYMA16G21865,1.646666667,15.96333333,3.277141489,Up,0.852076094
GLYMA14G11151,0.483333333,8.766666667,4.180937994,Up,0.850008775
GLYMA10G36910,12.03666667,50.23666667,2.061304821,Up,0.821392721
GLYMA06G10830,137.3933333,33.80333333,-2.02307458,Down,0.830083184
GLYMA14G22575,1.093333333,23.41333333,4.420525125,Up,0.913383174
GLYMA18G52610,3.673333333,22.20666667,2.59583113,Up,0.835593696
GLYMA06G04320,1.563333333,16.68,3.415421962,Up,0.860520866
GLYMA15G14790,3.663333333,27.63,2.915006677,Up,0.85806044
GLYMA04G16880,16.79,2.553333333,-2.717148434,Down,0.827173493
GLYMA11G13911,0.146666667,10.19333333,6.118941073,Up,0.906387982
GLYMA10G24620,4.206666667,22.22666667,2.401542194,Up,0.82199291
GLYMA08G22420,0.03,6.27,7.707359132,Up,0.875114949
GLYMA16G29420,0.92,10.15666667,3.464649328,Up,0.834140606
GLYMA19G43590,6.73,0.07,-6.587107773,Down,0.876052087
GLYMA05G38220,12.86666667,55.78333333,2.116195798,Up,0.827148924
GLYMA11G15580,57.64,6.676666667,-3.109870415,Down,0.884114282
GLYMA07G03700,2.04,32.14333333,3.97787849,Up,0.907293531
GLYMA14G24860,0.05,36.15,9.497851837,Up,0.976585588
GLYMA11G38230,0.346666667,5.826666667,4.071049751,Up,0.804604963
GLYMA13G43581,11.45666667,1.673333333,-2.775390582,Down,0.805893089
GLYMA02G04850,1.346666667,11.21,3.057321581,Up,0.821476958
GLYMA11G27720,62.09,394.9433333,2.669212833,Up,0.876009968
GLYMA11G13880,1.223333333,13.80333333,3.496127235,Up,0.855375382
GLYMA08G18170,22.97333333,2.05,-3.486264386,Down,0.879368924
GLYMA07G09510,0.92,16.16333333,4.134947082,Up,0.887487277
GLYMA18G32250,83.36666667,22.2,-1.908910975,Down,0.81379383
GLYMA19G40210,0.073333333,35.84666667,8.933154138,Up,0.9759503
GLYMA09G29900,1.186666667,12.25,3.367795104,Up,0.841999228
GLYMA06G10710,84.99333333,6.35,-3.742521187,Down,0.917107157
GLYMA05G32850,69.52666667,20.25666667,-1.779169633,Down,0.800800253
GLYMA14G09510,959.3833333,125.3733333,-2.935876855,Down,0.889266786
GLYMA17G36860,171.85,32.74333333,-2.391876748,Down,0.857221579
GLYMA02G34171,244.4366667,51.05333333,-2.259383648,Down,0.847127163
GLYMA16G15790,326.63,77.73,-2.071113883,Down,0.836801095
GLYMA04G33720,8.51,53.11,2.641752492,Up,0.861071917
GLYMA06G42950,16.42333333,0.1,-7.359603161,Down,0.944772033
GLYMA02G31971,5328.876667,673.68,-2.983696068,Down,0.890590011
GLYMA08G21860,0.153333333,7.54,5.619821258,Up,0.874799059
GLYMA13G27820,2.26,20.76666667,3.199874985,Up,0.862963743
GLYMA04G40861,173.07,26.63666667,-2.69987021,Down,0.87448668
GLYMA19G04410,1.07,45.55666667,5.411979489,Up,0.956582781
GLYMA02G46991,0.01,17.46666667,10.7703886,Up,0.95248324
GLYMA15G12580,4.623333333,23.52666667,2.347291642,Up,0.821578744
GLYMA02G06240,13.66666667,2.25,-2.602664502,Down,0.811329894
GLYMA08G19000,6.203333333,28.74,2.211944507,Up,0.816482398
GLYMA02G36700,0.063333333,28.03,8.789791016,Up,0.969067425
GLYMA15G11950,8.296666667,44.79333333,2.4326803,Up,0.843947211
GLYMA12G05150,74.38666667,675.4433333,3.182718783,Up,0.903064126
GLYMA02G18090,1.696666667,35.69333333,4.394879578,Up,0.925720403
GLYMA19G07557,1979.473333,536.1366667,-1.884443922,Down,0.820259029
GLYMA04G39370,811.98,252.9066667,-1.682839125,Down,0.802119968
GLYMA03G18990,2.536666667,18.79,2.888959209,Up,0.842280018
GLYMA12G01700,23.18,2.636666667,-3.136093467,Down,0.861598399
GLYMA20G33380,30.13333333,124.29,2.044278049,Up,0.830893967
GLYMA02G16365,9.933333333,46.31666667,2.221181599,Up,0.829261872
GLYMA18G38802,2.376666667,43.75333333,4.202381451,Up,0.92374785
GLYMA02G43790,11.66666667,57.33333333,2.296981738,Up,0.837668036
GLYMA17G10500,1.33,15.93666667,3.582851754,Up,0.867775789
GLYMA13G16510,0.096666667,7.143333333,6.20743514,Up,0.87830894
GLYMA15G11800,2.15,39.65666667,4.205154852,Up,0.921662981
GLYMA13G32930,17.13666667,3.483333333,-2.29854607,Down,0.800136885
GLYMA02G11640,1.88,27.32,3.861152917,Up,0.898855779
GLYMA13G23090,10.79,42.68666667,1.984090644,Up,0.808195571
GLYMA10G26380,143.38,34.22,-2.066932132,Down,0.833828226
GLYMA06G19450,3.336666667,19.66333333,2.559028435,Up,0.823400372
GLYMA07G06750,0.02,4.936666667,7.947393425,Up,0.848941771
GLYMA14G07210,33.93666667,156.7666667,2.207702059,Up,0.842381805
GLYMA05G05180,30.26,6.523333333,-2.213730732,Down,0.818167141
GLYMA05G34870,444.93,94.12333333,-2.240954058,Down,0.847179811
GLYMA10G38760,55.37666667,233.69,2.07724588,Up,0.836530834
GLYMA17G15860,4.416666667,35.86666667,3.021613813,Up,0.872247376
GLYMA05G32380,0.416666667,6.206666667,3.896853073,Up,0.804794497
GLYMA12G13090,0.066666667,12.19333333,7.514911265,Up,0.929068829
GLYMA03G21690,6.223333333,38.08,2.613274052,Up,0.852813169
GLYMA17G06980,2.183333333,13.76,2.655876159,Up,0.814243094
GLYMA09G30171,22,5.02,-2.131744254,Down,0.801990102
GLYMA07G39490,0.266666667,6.386666667,4.581953751,Up,0.833758029
GLYMA05G31616,30.84666667,6.866666667,-2.167432761,Down,0.816528026
GLYMA15G17070,36.86666667,128.4666667,1.801005186,Up,0.808346495
GLYMA10G02600,6.38,0.333333333,-4.258518925,Down,0.823126601
GLYMA07G32050,11.57333333,168.7166667,3.865726145,Up,0.925895897
GLYMA08G19180,3.903333333,0.07,-5.801207938,Down,0.801414482
GLYMA17G07740,38.95,199.4733333,2.356500659,Up,0.856235302
GLYMA12G35000,11.36,268.4933333,4.562851527,Up,0.950893265
GLYMA16G33710,0.953333333,17.22666667,4.175519018,Up,0.893489172
GLYMA02G09470,21.96666667,2.453333333,-3.162500794,Down,0.859994384
GLYMA01G24811,12.48,1.103333333,-3.499677313,Down,0.849201502
GLYMA19G43530,3.216666667,16.58,2.36580566,Up,0.80674599
GLYMA15G14290,0.18,9.036666667,5.649721896,Up,0.89032677
GLYMA16G22060,14.41,82.40333333,2.515632362,Up,0.857298796
GLYMA11G12990,18.20333333,95.45333333,2.390592923,Up,0.853451967
GLYMA09G14100,5.416666667,0.276666667,-4.291184571,Down,0.80527184
GLYMA02G12950,12.38333333,86.92333333,2.81134379,Up,0.877800007
GLYMA07G03910,36.55,125.1066667,1.775215358,Up,0.806479239
GLYMA12G31090,2.766666667,19.19666667,2.79463508,Up,0.835793759
GLYMA10G37335,0.27,9.553333333,5.144972891,Up,0.884030045
GLYMA08G27010,8.94,82.97,3.21424305,Up,0.895405567
GLYMA18G03740,0.936666667,10.73666667,3.518866625,Up,0.839156225
GLYMA03G04920,3.803333333,88.32333333,4.53745833,Up,0.944793093
GLYMA01G33070,10.21666667,1.2,-3.089818262,Down,0.815464533
GLYMA03G05530,12.14666667,0.573333333,-4.405042489,Down,0.881253729
GLYMA18G43980,0.736666667,19.77333333,4.746400323,Up,0.917486224
GLYMA12G25740,18.52333333,2.73,-2.762370883,Down,0.833052543
GLYMA05G23680,1.54,83.14333333,5.754598333,Up,0.971973606
GLYMA19G37860,0.4,11.31,4.821455119,Up,0.888771893
GLYMA02G39350,4.57,27.84666667,2.607238572,Up,0.844217472
GLYMA17G02670,16.68333333,83.22333333,2.318580505,Up,0.848829455
GLYMA09G00560,25.72666667,4.633333333,-2.473142161,Down,0.83050788
GLYMA10G44041,34.67333333,7.86,-2.14122532,Down,0.81789337
GLYMA04G35040,15.51666667,83.55666667,2.428936273,Up,0.853792426
GLYMA01G33350,0.04,5.256666667,7.038004444,Up,0.852686813
GLYMA20G29770,0.756666667,574.7266667,9.569002383,Up,0.998494261
GLYMA02G40360,32.98333333,6.433333333,-2.35809886,Down,0.833189428
GLYMA11G11470,6.53,35.15333333,2.428506599,Up,0.838282265
GLYMA20G29860,3.5,21.17333333,2.596821585,Up,0.833508827
GLYMA16G03410,5.796666667,26.71666667,2.204444588,Up,0.813530589
GLYMA17G06660,6.783333333,52.87666667,2.962564939,Up,0.874834158
GLYMA04G03330,17.99333333,1.016666667,-4.145543829,Down,0.892857394
GLYMA10G28610,1.486666667,91.48666667,5.943408385,Up,0.975307992
GLYMA12G32010,143.67,23.41,-2.617562002,Down,0.870776737
GLYMA19G34410,392.64,83.33333333,-2.23624156,Down,0.846983258
GLYMA14G00750,2.676666667,44.75666667,4.063593201,Up,0.918212769
GLYMA13G33620,6.153333333,45.22,2.87752094,Up,0.869621986
GLYMA05G36700,10.1,73.93,2.87180462,Up,0.877617493
GLYMA09G33070,37.64666667,182.6533333,2.278514047,Up,0.847134183
GLYMA17G15710,0.01,17.57666667,10.77944578,Up,0.952806149
GLYMA08G01740,25.84333333,3.533333333,-2.8706904,Down,0.854596188
GLYMA02G17190,23.28333333,0.833333333,-4.804260116,Down,0.924007581
GLYMA18G50501,4.306666667,0.126666667,-5.087462841,Down,0.800529992
GLYMA07G10030,1.75,320.0333333,7.514723446,Up,0.993689235
GLYMA11G10415,16.83666667,2.47,-2.769023594,Down,0.828882805
GLYMA20G27190,12.54666667,0.346666667,-5.177611195,Down,0.904081991
GLYMA13G25181,45.15,1.226666667,-5.201910817,Down,0.951661928
GLYMA08G44090,31.80666667,4,-2.99125728,Down,0.863886841
GLYMA16G04240,51.43333333,345.4766667,2.747812714,Up,0.878217683
GLYMA20G26660,911.4633333,164.7366667,-2.468022918,Down,0.863974588
GLYMA15G02350,5.086666667,25.63666667,2.33341623,Up,0.823923344
GLYMA07G19120,51.34333333,1.2,-5.419070651,Down,0.958846653
GLYMA08G02591,4.47,22.97333333,2.361613464,Up,0.821311993
GLYMA01G16140,0.243333333,6.133333333,4.655665492,Up,0.831655611
GLYMA19G35530,0.19,5.716666667,4.911102847,Up,0.830876417
GLYMA11G08240,1.686666667,15.18333333,3.170241764,Up,0.847341266
GLYMA08G18230,1.33,50.59333333,5.249449143,Up,0.955519287
GLYMA04G40350,12.59666667,67.71,2.426326901,Up,0.851152996
GLYMA09G33170,16.59333333,72.97666667,2.136831525,Up,0.832297919
GLYMA17G33870,8.733333333,0.13,-6.069948878,Down,0.89384367
GLYMA20G29030,2.026666667,23.69,3.547097471,Up,0.881330947
GLYMA08G45291,64.75,9.803333333,-2.723535909,Down,0.866736864
GLYMA04G34530,11.02666667,0.566666667,-4.282352583,Down,0.870334492
GLYMA05G08240,21.9,105.06,2.262210715,Up,0.842795971
GLYMA18G02160,0.19,5.496666667,4.854485669,Up,0.824179565
GLYMA06G43553,159.6266667,26.7,-2.579790036,Down,0.869965954
GLYMA08G10001,81.48,18.05333333,-2.174180742,Down,0.835463831
GLYMA13G09794,33.58333333,4.733333333,-2.826817004,Down,0.861268471
GLYMA03G37441,2.616666667,56.72333333,4.438140256,Up,0.935453301
GLYMA03G03685,1513.116667,337.57,-2.164264627,Down,0.84369099
GLYMA16G21852,1.65,24.18,3.873276315,Up,0.894998421
GLYMA09G05230,206.34,26.63333333,-2.953718614,Down,0.886876558
GLYMA18G06930,1.413333333,10.14666667,2.843832189,Up,0.803534449
GLYMA16G08470,18.55666667,101.7466667,2.454972043,Up,0.856375698
GLYMA09G40860,9.52,0.633333333,-3.909924656,Down,0.846846373
GLYMA08G05940,68.57333333,13.42,-2.353262981,Down,0.84749921
GLYMA17G14350,6.303333333,53.55,3.086699712,Up,0.882590994
GLYMA13G34100,26.62333333,1.163333333,-4.516354772,Down,0.921483977
GLYMA06G02380,12.92333333,449.2833333,5.119575405,Up,0.966473623
GLYMA03G28850,37.61,0.073333333,-9.002431473,Down,0.977161209
GLYMA07G01730,75.16666667,1902.966667,4.662013453,Up,0.956533642
GLYMA17G37900,66.09,3.806666667,-4.117831846,Down,0.927900039
GLYMA06G40740,32.54,4.59,-2.825648192,Down,0.860380471
GLYMA13G19460,41.79666667,4.77,-3.131326719,Down,0.878393177
GLYMA06G21440,69.29,19.1,-1.859074518,Down,0.807584851
GLYMA14G03580,53.77666667,4.616666667,-3.542056857,Down,0.902119968
GLYMA09G02170,23.64333333,86.51,1.871433462,Up,0.811421151
GLYMA10G36200,3.103333333,90.29333333,4.8627289,Up,0.954157453
GLYMA15G40200,86.52,409.54,2.242898797,Up,0.847042926
GLYMA07G16770,1.13,46.70333333,5.369130845,Up,0.956526622
GLYMA02G11600,17.49666667,97.93666667,2.484768997,Up,0.857295286
GLYMA10G07410,0.043333333,14.27666667,8.363966244,Up,0.940574216
GLYMA01G07390,0.53,41.90666667,6.305043602,Up,0.968235583
GLYMA18G49400,13.95,56.73666667,2.024016271,Up,0.82083465
GLYMA14G37500,9.463333333,67.97666667,2.844619271,Up,0.875602822
GLYMA11G10080,83.64,10.32333333,-3.01828418,Down,0.887136289
GLYMA20G27580,18.50333333,0.47,-5.298980625,Down,0.927026078
GLYMA01G39350,11.13666667,81.80333333,2.87684215,Up,0.878965287
GLYMA18G02400,13.45333333,127.9866667,3.249957943,Up,0.899462988
GLYMA16G09120,33.73666667,6.756666667,-2.319933848,Down,0.832118915
GLYMA01G17590,14.97333333,0.01,-10.54817971,Down,0.944757994
GLYMA07G39540,14.44333333,78.23666667,2.437441169,Up,0.853504615
GLYMA12G05890,0.086666667,6.116666667,6.14112463,Up,0.861458004