,conservation_score
Glyma.07G185500.Wm82.a4.v1,1.0002521491041703
Glyma.15G221300.Wm82.a4.v1,1.0002241325370402
Glyma.09G155500.Wm82.a4.v1,1.000107396840665
Glyma.16G211700.Wm82.a4.v1,1.00010272741281
Glyma.14G063700.Wm82.a4.v1,1.000004669427855
Glyma.16G033700.Wm82.a4.v1,0.99996264457716
Glyma.08G181000.Wm82.a4.v1,0.99996264457716
Glyma.18G106300.Wm82.a4.v1,0.9998879337314799
Glyma.09G135700.Wm82.a4.v1,0.9998832643036248
Glyma.08G350800.Wm82.a4.v1,0.9997992146022348
Glyma.14G063800.Wm82.a4.v1,0.9997431814679747
Glyma.02G104600.Wm82.a4.v1,0.9997104954729897
Glyma.10G032200.Wm82.a4.v1,0.9996638011944396
Glyma.09G072100.Wm82.a4.v1,0.9996124374880346
Glyma.08G238100.Wm82.a4.v1,0.999544730784137
Glyma.08G063700.Wm82.a4.v1,0.9995377266423545
Glyma.02G205600.Wm82.a4.v1,0.9995003712195145
Glyma.02G270200.Wm82.a4.v1,0.9994957017916595
Glyma.11G053400.Wm82.a4.v1,0.9994723546523845
Glyma.15G186400.Wm82.a4.v1,0.9994536769409644
Glyma.09G089600.Wm82.a4.v1,0.9993369412445893
Glyma.15G052400.Wm82.a4.v1,0.9993229329610243
Glyma.06G324300.Wm82.a4.v1,0.9992809081103292
Glyma.16G175000.Wm82.a4.v1,0.9992528915431992
Glyma.18G143700.Wm82.a4.v1,0.9992202055482142
Glyma.15G253700.Wm82.a4.v1,0.9992132014064317
Glyma.17G253500.Wm82.a4.v1,0.9991688418418091
Glyma.19G211700.Wm82.a4.v1,0.9991454947025341
Glyma.06G020400.Wm82.a4.v1,0.9991361558468241
Glyma.07G001300.Wm82.a4.v1,0.999089461568274
Glyma.07G019700.Wm82.a4.v1,0.9990217548643765
Glyma.08G304200.Wm82.a4.v1,0.998996073011174
Glyma.16G158100.Wm82.a4.v1,0.9989587175883339
Glyma.06G150300.Wm82.a4.v1,0.9989283663072763
Glyma.19G123800.Wm82.a4.v1,0.9988466513198138
Glyma.16G150600.Wm82.a4.v1,0.9988419818919588
Glyma.20G144700.Wm82.a4.v1,0.9988022917551912
Glyma.08G320900.Wm82.a4.v1,0.9987952876134087
Glyma.02G309500.Wm82.a4.v1,0.9987415891930762
Glyma.18G103500.Wm82.a4.v1,0.9987299156234387
Glyma.16G091100.Wm82.a4.v1,0.9986925602005986
Glyma.14G099900.Wm82.a4.v1,0.9986692130613236
Glyma.02G252800.Wm82.a4.v1,0.9986668783473961
Glyma.01G180800.Wm82.a4.v1,0.9986645436334686
Glyma.11G093900.Wm82.a4.v1,0.9986411964941936
Glyma.08G212000.Wm82.a4.v1,0.9986388617802661
Glyma.06G242900.Wm82.a4.v1,0.9986318576384836
Glyma.02G064700.Wm82.a4.v1,0.9986178493549186
Glyma.14G050900.Wm82.a4.v1,0.9986131799270636
Glyma.08G068800.Wm82.a4.v1,0.9985991716434985
Glyma.02G282500.Wm82.a4.v1,0.9985804939320785
Glyma.18G114900.Wm82.a4.v1,0.998559481506731
Glyma.07G258700.Wm82.a4.v1,0.9985571467928035
Glyma.01G106800.Wm82.a4.v1,0.9985361343674559
Glyma.01G010200.Wm82.a4.v1,0.9985221260838909
Glyma.10G042000.Wm82.a4.v1,0.9984941095167609
Glyma.01G198100.Wm82.a4.v1,0.9984917748028334
Glyma.16G205200.Wm82.a4.v1,0.9984707623774859
Glyma.11G226900.Wm82.a4.v1,0.9984660929496308
Glyma.07G200500.Wm82.a4.v1,0.9984497499521383
Glyma.10G177200.Wm82.a4.v1,0.9984450805242834
Glyma.09G250800.Wm82.a4.v1,0.9984404110964283
Glyma.10G163300.Wm82.a4.v1,0.9983983862457333
Glyma.15G148500.Wm82.a4.v1,0.9983890473900233
Glyma.16G028500.Wm82.a4.v1,0.9983470225393283
Glyma.18G193600.Wm82.a4.v1,0.9983330142557633
Glyma.11G111400.Wm82.a4.v1,0.9982653075518657
Glyma.20G115500.Wm82.a4.v1,0.9982629728379382
Glyma.14G138200.Wm82.a4.v1,0.9982536339822281
Glyma.20G231600.Wm82.a4.v1,0.9982489645543732
Glyma.13G311600.Wm82.a4.v1,0.9981929314201131
Glyma.03G239000.Wm82.a4.v1,0.9981509065694181
Glyma.05G050100.Wm82.a4.v1,0.9981509065694181
Glyma.17G127000.Wm82.a4.v1,0.9981368982858531
Glyma.15G101800.Wm82.a4.v1,0.9981368982858531
Glyma.01G145200.Wm82.a4.v1,0.998132228857998
Glyma.13G204800.Wm82.a4.v1,0.998099542863013
Glyma.03G190100.Wm82.a4.v1,0.998099542863013
Glyma.03G236200.Wm82.a4.v1,0.9980295014451879
Glyma.07G200300.Wm82.a4.v1,0.9980108237337679
Glyma.03G121600.Wm82.a4.v1,0.9980014848780578
Glyma.08G215300.Wm82.a4.v1,0.9979874765944928
Glyma.20G015900.Wm82.a4.v1,0.9979874765944928
Glyma.02G249600.Wm82.a4.v1,0.9978497284727702
Glyma.15G174200.Wm82.a4.v1,0.9978333854752777
Glyma.07G200000.Wm82.a4.v1,0.9977750176270902
Glyma.11G061300.Wm82.a4.v1,0.9977726829131627
Glyma.14G220700.Wm82.a4.v1,0.9977680134853076
Glyma.17G072400.Wm82.a4.v1,0.9977353274903226
Glyma.05G199300.Wm82.a4.v1,0.9977306580624676
Glyma.12G219300.Wm82.a4.v1,0.9977213192067576
Glyma.08G180000.Wm82.a4.v1,0.9977119803510476
Glyma.02G141700.Wm82.a4.v1,0.9976933026396275
Glyma.20G225900.Wm82.a4.v1,0.9976699555003525
Glyma.16G012000.Wm82.a4.v1,0.9976652860724975
Glyma.06G194900.Wm82.a4.v1,0.9976185917939475
Glyma.10G157100.Wm82.a4.v1,0.9976045835103825
Glyma.07G163600.Wm82.a4.v1,0.9975999140825275
Glyma.13G231300.Wm82.a4.v1,0.9975952446546724
Glyma.18G241700.Wm82.a4.v1,0.9975952446546724
Glyma.10G237800.Wm82.a4.v1,0.9975578892318324
Glyma.16G143600.Wm82.a4.v1,0.9975532198039774
Glyma.07G019500.Wm82.a4.v1,0.9975345420925574
Glyma.11G027000.Wm82.a4.v1,0.9975298726647024
Glyma.04G167900.Wm82.a4.v1,0.9975298726647024
Glyma.08G069000.Wm82.a4.v1,0.9974785089582974
Glyma.07G069700.Wm82.a4.v1,0.9974691701025873
Glyma.09G154700.Wm82.a4.v1,0.9974598312468773
Glyma.05G152500.Wm82.a4.v1,0.9974364841076023
Glyma.15G107900.Wm82.a4.v1,0.9974178063961823
Glyma.02G069100.Wm82.a4.v1,0.9973991286847622
Glyma.07G047600.Wm82.a4.v1,0.9973827856872698
Glyma.08G178500.Wm82.a4.v1,0.9973757815454872
Glyma.07G142700.Wm82.a4.v1,0.9973384261226472
Glyma.10G176400.Wm82.a4.v1,0.9972940665580247
Glyma.03G262300.Wm82.a4.v1,0.9972730541326771
Glyma.16G202500.Wm82.a4.v1,0.9972356987098371
Glyma.10G026600.Wm82.a4.v1,0.9971983432869971
Glyma.10G249000.Wm82.a4.v1,0.997179665575577
Glyma.13G175700.Wm82.a4.v1,0.997137640724882
Glyma.12G037400.Wm82.a4.v1,0.997109624157752
Glyma.03G215100.Wm82.a4.v1,0.9970582604513469
Glyma.01G215500.Wm82.a4.v1,0.9970255744563619
Glyma.06G119500.Wm82.a4.v1,0.9970022273170869
Glyma.11G140500.Wm82.a4.v1,0.9969695413221018
Glyma.13G282000.Wm82.a4.v1,0.9969625371803192
Glyma.13G176000.Wm82.a4.v1,0.9968738180510742
Glyma.04G230000.Wm82.a4.v1,0.9968294584864517
Glyma.08G126800.Wm82.a4.v1,0.9968154502028866
Glyma.01G152900.Wm82.a4.v1,0.9968107807750316
Glyma.14G031800.Wm82.a4.v1,0.9967827642079016
Glyma.10G042100.Wm82.a4.v1,0.9967687559243366
Glyma.08G204800.Wm82.a4.v1,0.9967454087850616
Glyma.04G112800.Wm82.a4.v1,0.9967360699293516
Glyma.06G054700.Wm82.a4.v1,0.996691710364729
Glyma.07G200200.Wm82.a4.v1,0.9966473508001065
Glyma.01G199400.Wm82.a4.v1,0.9966426813722514
Glyma.03G006600.Wm82.a4.v1,0.9966240036608315
Glyma.07G059600.Wm82.a4.v1,0.9966146648051214
Glyma.05G051300.Wm82.a4.v1,0.9966099953772665
Glyma.01G115900.Wm82.a4.v1,0.9965936523797739
Glyma.20G008600.Wm82.a4.v1,0.9965446233872963
Glyma.12G122700.Wm82.a4.v1,0.9965212762480213
Glyma.09G210900.Wm82.a4.v1,0.9965072679644563
Glyma.18G030400.Wm82.a4.v1,0.9965002638226738
Glyma.13G347700.Wm82.a4.v1,0.9964932596808913
Glyma.04G057800.Wm82.a4.v1,0.9964559042580513
Glyma.15G275700.Wm82.a4.v1,0.9964138794073563
Glyma.05G172300.Wm82.a4.v1,0.9963881975541536
Glyma.05G075100.Wm82.a4.v1,0.9963718545566612
Glyma.15G264600.Wm82.a4.v1,0.9963415032756037
Glyma.17G214100.Wm82.a4.v1,0.9963344991338211
Glyma.20G021500.Wm82.a4.v1,0.9963018131388361
Glyma.04G055300.Wm82.a4.v1,0.9962317717210111
Glyma.03G119500.Wm82.a4.v1,0.9961920815842434
Glyma.06G055500.Wm82.a4.v1,0.9961687344449685
Glyma.05G046400.Wm82.a4.v1,0.9961523914474759
Glyma.08G186200.Wm82.a4.v1,0.9961430525917659
Glyma.03G086200.Wm82.a4.v1,0.9960263168953908
Glyma.01G040200.Wm82.a4.v1,0.9960076391839708
Glyma.19G106800.Wm82.a4.v1,0.9959866267586233
Glyma.17G214400.Wm82.a4.v1,0.9959305936243632
Glyma.19G190400.Wm82.a4.v1,0.9958535480647557
Glyma.16G044900.Wm82.a4.v1,0.9958442092090456
Glyma.04G215800.Wm82.a4.v1,0.9958255314976256
Glyma.10G274400.Wm82.a4.v1,0.9957788372190756
Glyma.09G160000.Wm82.a4.v1,0.9957414817962356
Glyma.20G158500.Wm82.a4.v1,0.9956714403784105
Glyma.16G172600.Wm82.a4.v1,0.9956294155277154
Glyma.15G077700.Wm82.a4.v1,0.9956224113859329
Glyma.01G193600.Wm82.a4.v1,0.9955873906770203
Glyma.07G035600.Wm82.a4.v1,0.9955873906770203
Glyma.06G193600.Wm82.a4.v1,0.9955453658263252
Glyma.11G221000.Wm82.a4.v1,0.9955266881149053
Glyma.16G206200.Wm82.a4.v1,0.9955126798313403
Glyma.04G066000.Wm82.a4.v1,0.9954893326920652
Glyma.11G111100.Wm82.a4.v1,0.9954823285502827
Glyma.14G071100.Wm82.a4.v1,0.9954473078413701
Glyma.09G087700.Wm82.a4.v1,0.9954239607020952
Glyma.03G219400.Wm82.a4.v1,0.9953609234260526
Glyma.05G022900.Wm82.a4.v1,0.9953562539981976
Glyma.07G027200.Wm82.a4.v1,0.9953539192842701
Glyma.07G014100.Wm82.a4.v1,0.99533524157285
Glyma.06G202200.Wm82.a4.v1,0.99527920843859
Glyma.17G023100.Wm82.a4.v1,0.99526986958288
Glyma.03G114600.Wm82.a4.v1,0.995218505876475
Glyma.17G100700.Wm82.a4.v1,0.9952138364486199
Glyma.05G007100.Wm82.a4.v1,0.9951601380282874
Glyma.01G198500.Wm82.a4.v1,0.9950690841851147
Glyma.06G015900.Wm82.a4.v1,0.9950504064736948
Glyma.08G173700.Wm82.a4.v1,0.9950037121951447
Glyma.03G230000.Wm82.a4.v1,0.9949803650558697
Glyma.04G062200.Wm82.a4.v1,0.9949803650558697
Glyma.11G248900.Wm82.a4.v1,0.9949663567723047
Glyma.12G199400.Wm82.a4.v1,0.9949546832026672
Glyma.08G106700.Wm82.a4.v1,0.9949453443469571
Glyma.19G227700.Wm82.a4.v1,0.9949173277798271
Glyma.08G332000.Wm82.a4.v1,0.9949149930658996
Glyma.11G150300.Wm82.a4.v1,0.9949103236380447
Glyma.19G216300.Wm82.a4.v1,0.9949079889241171
Glyma.09G067700.Wm82.a4.v1,0.9948729682152045
Glyma.04G221700.Wm82.a4.v1,0.9948589599316395
Glyma.02G019200.Wm82.a4.v1,0.9948542905037846
Glyma.07G222500.Wm82.a4.v1,0.9948169350809445
Glyma.04G054400.Wm82.a4.v1,0.9948146003670171
Glyma.16G209400.Wm82.a4.v1,0.9947982573695245
Glyma.09G130500.Wm82.a4.v1,0.9947795796581045
Glyma.15G238600.Wm82.a4.v1,0.9947282159516995
Glyma.13G357300.Wm82.a4.v1,0.9947095382402794
Glyma.04G229800.Wm82.a4.v1,0.9947095382402794
Glyma.12G052500.Wm82.a4.v1,0.9947048688124244
Glyma.13G161500.Wm82.a4.v1,0.9947001993845694
Glyma.16G029300.Wm82.a4.v1,0.9946721828174394
Glyma.02G047600.Wm82.a4.v1,0.9945577818349918
Glyma.17G133200.Wm82.a4.v1,0.9945554471210643
Glyma.10G178400.Wm82.a4.v1,0.9945507776932092
Glyma.17G142700.Wm82.a4.v1,0.9945461082653543
Glyma.07G061500.Wm82.a4.v1,0.9945297652678617
Glyma.08G245100.Wm82.a4.v1,0.9944807362753841
Glyma.10G089300.Wm82.a4.v1,0.9944480502803992
Glyma.12G202500.Wm82.a4.v1,0.9943733394347191
Glyma.07G021600.Wm82.a4.v1,0.994312636872604
Glyma.16G017600.Wm82.a4.v1,0.994275281449764
Glyma.12G092000.Wm82.a4.v1,0.9942472648826339
Glyma.06G321900.Wm82.a4.v1,0.9942332565990689
Glyma.08G154300.Wm82.a4.v1,0.9942145788876489
Glyma.03G142800.Wm82.a4.v1,0.9941351986141138
Glyma.17G214900.Wm82.a4.v1,0.9940978431912738
Glyma.09G134600.Wm82.a4.v1,0.9940838349077088
Glyma.12G117900.Wm82.a4.v1,0.9940674919102163
Glyma.03G259400.Wm82.a4.v1,0.9940651571962887
Glyma.12G222200.Wm82.a4.v1,0.9940651571962887
Glyma.20G007900.Wm82.a4.v1,0.9940091240620287
Glyma.20G018500.Wm82.a4.v1,0.9939857769227537
Glyma.18G284900.Wm82.a4.v1,0.9939764380670436
Glyma.16G145800.Wm82.a4.v1,0.9939764380670436
Glyma.08G243600.Wm82.a4.v1,0.9939250743606386
Glyma.07G032500.Wm82.a4.v1,0.9938877189377986
Glyma.11G150400.Wm82.a4.v1,0.9938737106542336
Glyma.11G060100.Wm82.a4.v1,0.9938597023706686
Glyma.19G011400.Wm82.a4.v1,0.993857367656741
Glyma.01G231900.Wm82.a4.v1,0.9938363552313935
Glyma.05G128000.Wm82.a4.v1,0.9937943303806984
Glyma.15G043200.Wm82.a4.v1,0.9937429666742934
Glyma.12G022700.Wm82.a4.v1,0.9937196195350184
Glyma.08G220200.Wm82.a4.v1,0.9937149501071634
Glyma.01G022100.Wm82.a4.v1,0.9936916029678884
Glyma.04G020300.Wm82.a4.v1,0.9936589169729033
Glyma.15G250800.Wm82.a4.v1,0.9936495781171933
Glyma.13G127200.Wm82.a4.v1,0.9936309004057733
Glyma.08G163500.Wm82.a4.v1,0.9936215615500633
Glyma.17G243700.Wm82.a4.v1,0.9936122226943532
Glyma.08G199500.Wm82.a4.v1,0.9935188341372532
Glyma.06G204200.Wm82.a4.v1,0.9935141647093981
Glyma.04G035900.Wm82.a4.v1,0.9934581315751381
Glyma.10G089500.Wm82.a4.v1,0.993430115008008
Glyma.20G118600.Wm82.a4.v1,0.9934114372965881
Glyma.13G302900.Wm82.a4.v1,0.993392759585168
Glyma.10G281400.Wm82.a4.v1,0.9933834207294581
Glyma.08G348500.Wm82.a4.v1,0.9933320570230529
Glyma.03G120300.Wm82.a4.v1,0.993313379311633
Glyma.01G229800.Wm82.a4.v1,0.993308709883778
Glyma.11G127800.Wm82.a4.v1,0.9932900321723579
Glyma.08G230400.Wm82.a4.v1,0.993271354460938
Glyma.08G068700.Wm82.a4.v1,0.9932573461773729
Glyma.01G214300.Wm82.a4.v1,0.9932573461773729
Glyma.03G105000.Wm82.a4.v1,0.9932153213266779
Glyma.05G038800.Wm82.a4.v1,0.9931826353316928
Glyma.13G129500.Wm82.a4.v1,0.9930915814885202
Glyma.15G090300.Wm82.a4.v1,0.9930705690631727
Glyma.13G129400.Wm82.a4.v1,0.9930565607796077
Glyma.18G049600.Wm82.a4.v1,0.9929771805060726
Glyma.13G308200.Wm82.a4.v1,0.9929678416503626
Glyma.13G138600.Wm82.a4.v1,0.9929631722225076
Glyma.10G263000.Wm82.a4.v1,0.9929444945110876
Glyma.13G176200.Wm82.a4.v1,0.9929351556553776
Glyma.20G091300.Wm82.a4.v1,0.9928464365261325
Glyma.05G003200.Wm82.a4.v1,0.9928324282425675
Glyma.04G200700.Wm82.a4.v1,0.9928137505311474
Glyma.01G238600.Wm82.a4.v1,0.9928114158172199
Glyma.15G124700.Wm82.a4.v1,0.9927810645361624
Glyma.13G286300.Wm82.a4.v1,0.9926689982676422
Glyma.09G247900.Wm82.a4.v1,0.9925756097105422
Glyma.13G033500.Wm82.a4.v1,0.9924542045863121
Glyma.01G044000.Wm82.a4.v1,0.992435526874892
Glyma.16G016100.Wm82.a4.v1,0.992384163168487
Glyma.11G096600.Wm82.a4.v1,0.9923608160292119
Glyma.13G299200.Wm82.a4.v1,0.9923421383177919
Glyma.15G041600.Wm82.a4.v1,0.9923327994620819
Glyma.06G176900.Wm82.a4.v1,0.9923001134670969
Glyma.15G016300.Wm82.a4.v1,0.9922720968999669
Glyma.16G039800.Wm82.a4.v1,0.9922487497606918
Glyma.14G003400.Wm82.a4.v1,0.9922347414771268
Glyma.10G174700.Wm82.a4.v1,0.9922020554821418
Glyma.13G132100.Wm82.a4.v1,0.9921693694871567
Glyma.07G258500.Wm82.a4.v1,0.9921436876339542
Glyma.08G332900.Wm82.a4.v1,0.9921226752086066
Glyma.19G007700.Wm82.a4.v1,0.9921203404946792
Glyma.01G016500.Wm82.a4.v1,0.9920993280693317
Glyma.05G051600.Wm82.a4.v1,0.9920339560793616
Glyma.17G037700.Wm82.a4.v1,0.9920246172236515
Glyma.04G174400.Wm82.a4.v1,0.9919779229451016
Glyma.05G022200.Wm82.a4.v1,0.9919405675222615
Glyma.06G097300.Wm82.a4.v1,0.9918705261044364
Glyma.06G289000.Wm82.a4.v1,0.9918471789651614
Glyma.13G277900.Wm82.a4.v1,0.9918425095373063
Glyma.02G218300.Wm82.a4.v1,0.9918285012537413
Glyma.17G064600.Wm82.a4.v1,0.9917818069751914
Glyma.07G220200.Wm82.a4.v1,0.9917211044130763
Glyma.11G099400.Wm82.a4.v1,0.9917000919877288
Glyma.19G173400.Wm82.a4.v1,0.9916557324231062
Glyma.08G354700.Wm82.a4.v1,0.9916323852838311
Glyma.08G175800.Wm82.a4.v1,0.9915880257192087
Glyma.06G221100.Wm82.a4.v1,0.9915576744381511
Glyma.19G139300.Wm82.a4.v1,0.991464285881051
Glyma.12G078100.Wm82.a4.v1,0.9914502775974859
Glyma.19G161400.Wm82.a4.v1,0.991426930458211
Glyma.12G215900.Wm82.a4.v1,0.9913335419011109
Glyma.17G174500.Wm82.a4.v1,0.9912658351972133
Glyma.10G230600.Wm82.a4.v1,0.9911981284933157
Glyma.10G005700.Wm82.a4.v1,0.9911561036426206
Glyma.19G145800.Wm82.a4.v1,0.9911187482197806
Glyma.04G219100.Wm82.a4.v1,0.9911047399362156
Glyma.16G012100.Wm82.a4.v1,0.9910113513791156
Glyma.06G157000.Wm82.a4.v1,0.9910020125234055
Glyma.02G209000.Wm82.a4.v1,0.9909436446752179
Glyma.11G228800.Wm82.a4.v1,0.9909132933941605
Glyma.11G245400.Wm82.a4.v1,0.9908619296877553
Glyma.09G218100.Wm82.a4.v1,0.9907732105585103
Glyma.13G333900.Wm82.a4.v1,0.9906564748621352
Glyma.07G020000.Wm82.a4.v1,0.9906424665785701
Glyma.02G061100.Wm82.a4.v1,0.9905934375860925
Glyma.13G335600.Wm82.a4.v1,0.9905864334443101
Glyma.03G186500.Wm82.a4.v1,0.990544408593615
Glyma.01G209400.Wm82.a4.v1,0.99052106145434
Glyma.05G178200.Wm82.a4.v1,0.99050238374292
Glyma.04G008300.Wm82.a4.v1,0.9904626936061525
Glyma.14G222500.Wm82.a4.v1,0.9904346770390224
Glyma.02G001500.Wm82.a4.v1,0.9904230034693849
Glyma.10G261200.Wm82.a4.v1,0.9903389537679949
Glyma.12G028500.Wm82.a4.v1,0.9903389537679949
Glyma.09G104000.Wm82.a4.v1,0.9903202760565748
Glyma.10G179400.Wm82.a4.v1,0.9903202760565748
Glyma.14G185700.Wm82.a4.v1,0.9902315569273297
Glyma.20G083800.Wm82.a4.v1,0.9902315569273297
Glyma.02G308700.Wm82.a4.v1,0.9902082097880547
Glyma.12G215500.Wm82.a4.v1,0.9901942015044897
Glyma.17G186500.Wm82.a4.v1,0.9901334989423746
Glyma.11G103700.Wm82.a4.v1,0.9901288295145196
Glyma.10G169600.Wm82.a4.v1,0.9901101518030996
Glyma.11G200300.Wm82.a4.v1,0.9900681269524045
Glyma.08G200100.Wm82.a4.v1,0.9900681269524045
Glyma.11G201200.Wm82.a4.v1,0.9900587880966946
Glyma.04G190400.Wm82.a4.v1,0.9900447798131295
Glyma.14G011600.Wm82.a4.v1,0.9899887466788695
Glyma.08G124900.Wm82.a4.v1,0.9899350482585368
Glyma.10G097800.Wm82.a4.v1,0.9899350482585368
Glyma.15G194300.Wm82.a4.v1,0.9899303788306819
Glyma.09G249400.Wm82.a4.v1,0.9898393249875093
Glyma.11G043400.Wm82.a4.v1,0.9898253167039442
Glyma.08G242100.Wm82.a4.v1,0.9897692835696842
Glyma.05G048000.Wm82.a4.v1,0.9896642214429466
Glyma.04G200000.Wm82.a4.v1,0.9896572173011641
Glyma.15G258500.Wm82.a4.v1,0.9896572173011641
Glyma.04G001500.Wm82.a4.v1,0.989629200734034
Glyma.02G048400.Wm82.a4.v1,0.9893817210577188
Glyma.07G201300.Wm82.a4.v1,0.9893677127741538
Glyma.17G188500.Wm82.a4.v1,0.9893303573513137
Glyma.05G166800.Wm82.a4.v1,0.9892276299385037
Glyma.17G214600.Wm82.a4.v1,0.9892182910827936
Glyma.08G082900.Wm82.a4.v1,0.9892136216549386
Glyma.11G067100.Wm82.a4.v1,0.9891622579485335
Glyma.15G193000.Wm82.a4.v1,0.9891482496649685
Glyma.04G133900.Wm82.a4.v1,0.9890875471028535
Glyma.18G065900.Wm82.a4.v1,0.9890688693914335
Glyma.05G184100.Wm82.a4.v1,0.9890361833964484
Glyma.14G096800.Wm82.a4.v1,0.9890034974014634
Glyma.05G149900.Wm82.a4.v1,0.9889661419786233
Glyma.02G002000.Wm82.a4.v1,0.9889614725507684
Glyma.19G172500.Wm82.a4.v1,0.9889287865557833
Glyma.02G138600.Wm82.a4.v1,0.9888961005607982
Glyma.04G014500.Wm82.a4.v1,0.9888167202872632
Glyma.13G176300.Wm82.a4.v1,0.9887887037201332
Glyma.18G138300.Wm82.a4.v1,0.9887676912947857
Glyma.15G261900.Wm82.a4.v1,0.9887256664440907
Glyma.09G131500.Wm82.a4.v1,0.9887186623023081
Glyma.17G015600.Wm82.a4.v1,0.988713992874453
Glyma.20G055800.Wm82.a4.v1,0.9886813068794681
Glyma.02G251000.Wm82.a4.v1,0.988643951456628
Glyma.10G040600.Wm82.a4.v1,0.988629943173063
Glyma.16G178000.Wm82.a4.v1,0.988597257178078
Glyma.08G297400.Wm82.a4.v1,0.988592587750223
Glyma.01G030500.Wm82.a4.v1,0.9885809141805855
Glyma.05G156300.Wm82.a4.v1,0.9885739100388029
Glyma.15G243300.Wm82.a4.v1,0.988569240610948
Glyma.13G136300.Wm82.a4.v1,0.9885458934716729
Glyma.17G181000.Wm82.a4.v1,0.9885365546159629
Glyma.09G146500.Wm82.a4.v1,0.9884805214817028
Glyma.03G172500.Wm82.a4.v1,0.9883170915067777
Glyma.07G060700.Wm82.a4.v1,0.9882937443675026
Glyma.12G040200.Wm82.a4.v1,0.9882750666560827
Glyma.05G139800.Wm82.a4.v1,0.9882657278003726
Glyma.07G030500.Wm82.a4.v1,0.9881956863825475
Glyma.07G049000.Wm82.a4.v1,0.98811864082294
Glyma.13G286000.Wm82.a4.v1,0.9881163061090125
Glyma.14G008000.Wm82.a4.v1,0.9880182481240574
Glyma.07G013500.Wm82.a4.v1,0.9879015124276822
Glyma.17G130100.Wm82.a4.v1,0.9878968429998273
Glyma.03G146100.Wm82.a4.v1,0.9878875041441172
Glyma.04G015900.Wm82.a4.v1,0.9878454792934221
Glyma.15G015100.Wm82.a4.v1,0.9878268015820022
Glyma.15G209000.Wm82.a4.v1,0.9877660990198871
Glyma.13G230500.Wm82.a4.v1,0.9877567601641771
Glyma.03G166700.Wm82.a4.v1,0.9877380824527571
Glyma.01G031400.Wm82.a4.v1,0.9877380824527571
Glyma.13G137100.Wm82.a4.v1,0.987640024467802
Glyma.03G110100.Wm82.a4.v1,0.9875466359107019
Glyma.18G195200.Wm82.a4.v1,0.9875232887714268
Glyma.08G305400.Wm82.a4.v1,0.9875139499157168
Glyma.18G158100.Wm82.a4.v1,0.9874765944928768
Glyma.11G142100.Wm82.a4.v1,0.9874765944928768
Glyma.16G135200.Wm82.a4.v1,0.9874719250650218
Glyma.16G094600.Wm82.a4.v1,0.9874299002143268
Glyma.04G055400.Wm82.a4.v1,0.9873995489332692
Glyma.04G161600.Wm82.a4.v1,0.9872991562343866
Glyma.10G122200.Wm82.a4.v1,0.9872991562343866
Glyma.01G205400.Wm82.a4.v1,0.9872944868065316
Glyma.11G101500.Wm82.a4.v1,0.9872898173786766
Glyma.05G001100.Wm82.a4.v1,0.9872384536722716
Glyma.16G203100.Wm82.a4.v1,0.987222110674779
Glyma.14G208900.Wm82.a4.v1,0.9872197759608515
Glyma.18G186800.Wm82.a4.v1,0.9871917593937215
Glyma.06G263900.Wm82.a4.v1,0.9871637428265915
Glyma.03G063200.Wm82.a4.v1,0.9871590733987364
Glyma.09G138400.Wm82.a4.v1,0.9871403956873165
Glyma.19G126000.Wm82.a4.v1,0.9870329988466513
Glyma.07G057200.Wm82.a4.v1,0.9869349408616962
Glyma.06G309000.Wm82.a4.v1,0.9868648994438711
Glyma.01G234600.Wm82.a4.v1,0.9868415523045961
Glyma.11G037500.Wm82.a4.v1,0.9868275440210311
Glyma.18G244900.Wm82.a4.v1,0.986818205165321
Glyma.08G260500.Wm82.a4.v1,0.986790188598191
Glyma.12G169500.Wm82.a4.v1,0.986734155463931
Glyma.11G171355.Wm82.a4.v1,0.9866921306132359
Glyma.08G145600.Wm82.a4.v1,0.9866034114839909
Glyma.11G181100.Wm82.a4.v1,0.9865240312104557
Glyma.16G136600.Wm82.a4.v1,0.9864820063597607
Glyma.08G062300.Wm82.a4.v1,0.9864633286483407
Glyma.13G046700.Wm82.a4.v1,0.9863676053773132
Glyma.02G303000.Wm82.a4.v1,0.9862205183998805
Glyma.10G216700.Wm82.a4.v1,0.9861925018327504
Glyma.20G149400.Wm82.a4.v1,0.9861784935491854
Glyma.13G334300.Wm82.a4.v1,0.9861504769820554
Glyma.13G003000.Wm82.a4.v1,0.9861411381263454
Glyma.04G226700.Wm82.a4.v1,0.9861084521313603
Glyma.14G150500.Wm82.a4.v1,0.9860967785617228
Glyma.18G174600.Wm82.a4.v1,0.9860150635742603
Glyma.01G199700.Wm82.a4.v1,0.9859263444450151
Glyma.14G031200.Wm82.a4.v1,0.9858796501664651
Glyma.03G086400.Wm82.a4.v1,0.9858563030271901
Glyma.01G211200.Wm82.a4.v1,0.9858422947436251
Glyma.16G144700.Wm82.a4.v1,0.985814278176495
Glyma.11G207000.Wm82.a4.v1,0.98580960874864
Glyma.10G075000.Wm82.a4.v1,0.98570688133583
Glyma.14G004200.Wm82.a4.v1,0.9855901456394548
Glyma.15G185000.Wm82.a4.v1,0.9855714679280347
Glyma.10G000600.Wm82.a4.v1,0.9855527902166148
Glyma.08G074000.Wm82.a4.v1,0.9855014265102097
Glyma.11G121900.Wm82.a4.v1,0.9854547322316597
Glyma.03G171100.Wm82.a4.v1,0.9854080379531096
Glyma.15G008800.Wm82.a4.v1,0.9854033685252546
Glyma.09G073900.Wm82.a4.v1,0.9853986990973996
Glyma.09G147500.Wm82.a4.v1,0.9853193188238645
Glyma.03G216900.Wm82.a4.v1,0.9852959716845895
Glyma.15G179600.Wm82.a4.v1,0.9852772939731694
Glyma.03G232400.Wm82.a4.v1,0.9852586162617495
Glyma.13G177900.Wm82.a4.v1,0.9851418805653743
Glyma.19G090000.Wm82.a4.v1,0.9851278722818093
Glyma.07G095000.Wm82.a4.v1,0.9851232028539543
Glyma.13G220900.Wm82.a4.v1,0.9851185334260993
Glyma.15G163100.Wm82.a4.v1,0.9851045251425343
Glyma.18G061800.Wm82.a4.v1,0.9851045251425343
Glyma.17G046500.Wm82.a4.v1,0.9850858474311143
Glyma.18G299200.Wm82.a4.v1,0.9850578308639842
Glyma.20G175300.Wm82.a4.v1,0.9850484920082743
Glyma.02G127600.Wm82.a4.v1,0.9850298142968542
Glyma.15G250500.Wm82.a4.v1,0.9850111365854342
Glyma.11G152600.Wm82.a4.v1,0.9849924588740142
Glyma.18G243000.Wm82.a4.v1,0.9849621075929567
Glyma.10G056600.Wm82.a4.v1,0.9849364257397542
Glyma.U031127.Wm82.a4.v1,0.9849270868840441
Glyma.08G165500.Wm82.a4.v1,0.9849177480283341
Glyma.13G262200.Wm82.a4.v1,0.9849177480283341
Glyma.08G103700.Wm82.a4.v1,0.9849084091726241
Glyma.09G209700.Wm82.a4.v1,0.984899070316914
Glyma.08G200200.Wm82.a4.v1,0.9848523760383641
Glyma.18G116900.Wm82.a4.v1,0.9847449791976989
Glyma.06G055900.Wm82.a4.v1,0.9846375823570338
Glyma.11G182100.Wm82.a4.v1,0.9845535326556437
Glyma.14G066400.Wm82.a4.v1,0.9845068383770936
Glyma.20G082800.Wm82.a4.v1,0.9844834912378186
Glyma.05G112100.Wm82.a4.v1,0.9844834912378186
Glyma.13G113200.Wm82.a4.v1,0.9844041109642836
Glyma.18G049200.Wm82.a4.v1,0.9843947721085735
Glyma.09G102400.Wm82.a4.v1,0.9843807638250085
Glyma.17G075900.Wm82.a4.v1,0.9843620861135886
Glyma.11G141600.Wm82.a4.v1,0.9843294001186035
Glyma.10G162200.Wm82.a4.v1,0.9842780364121985
Glyma.17G247300.Wm82.a4.v1,0.9842500198450684
Glyma.20G218902.Wm82.a4.v1,0.9842079949943734
Glyma.16G026200.Wm82.a4.v1,0.9840398955915932
Glyma.14G024600.Wm82.a4.v1,0.9840212178801732
Glyma.03G190200.Wm82.a4.v1,0.983918490467363
Glyma.19G027400.Wm82.a4.v1,0.983918490467363
Glyma.07G266500.Wm82.a4.v1,0.9838717961888129
Glyma.11G189600.Wm82.a4.v1,0.9838577879052479
Glyma.16G026400.Wm82.a4.v1,0.983839110193828
Glyma.14G093600.Wm82.a4.v1,0.9838297713381179
Glyma.05G178000.Wm82.a4.v1,0.9838157630545529
Glyma.12G194400.Wm82.a4.v1,0.9838017547709879
Glyma.11G189500.Wm82.a4.v1,0.9837690687760029
Glyma.09G143200.Wm82.a4.v1,0.9837643993481479
Glyma.05G230700.Wm82.a4.v1,0.9837130356417428
Glyma.08G184100.Wm82.a4.v1,0.9836103082289327
Glyma.11G099300.Wm82.a4.v1,0.9835636139503826
Glyma.01G096200.Wm82.a4.v1,0.9835589445225277
Glyma.10G293500.Wm82.a4.v1,0.9835379320971801
Glyma.02G080900.Wm82.a4.v1,0.9835215890996876
Glyma.07G023300.Wm82.a4.v1,0.9835075808161226
Glyma.14G177200.Wm82.a4.v1,0.9834702253932825
Glyma.02G263200.Wm82.a4.v1,0.9834655559654275
Glyma.09G198900.Wm82.a4.v1,0.9834328699704425
Glyma.07G023000.Wm82.a4.v1,0.9833908451197475
Glyma.15G040300.Wm82.a4.v1,0.9833581591247624
Glyma.12G073000.Wm82.a4.v1,0.9833254731297774
Glyma.04G054300.Wm82.a4.v1,0.9833208037019224
Glyma.03G261500.Wm82.a4.v1,0.9833161342740674
Glyma.12G184900.Wm82.a4.v1,0.9832974565626473
Glyma.14G029700.Wm82.a4.v1,0.9831993985776922
Glyma.08G218600.Wm82.a4.v1,0.9831573737269972
Glyma.08G071100.Wm82.a4.v1,0.9831480348712872
Glyma.08G042300.Wm82.a4.v1,0.9831386960155772
Glyma.19G214500.Wm82.a4.v1,0.9830966711648822
Glyma.15G040200.Wm82.a4.v1,0.9830779934534621
Glyma.20G129500.Wm82.a4.v1,0.9830756587395346
Glyma.13G237800.Wm82.a4.v1,0.9830453074584771
Glyma.08G214000.Wm82.a4.v1,0.9830196256052746
Glyma.20G094500.Wm82.a4.v1,0.983003282607782
Glyma.19G232500.Wm82.a4.v1,0.9829822701824346
Glyma.19G181300.Wm82.a4.v1,0.982923902334247
Glyma.08G012400.Wm82.a4.v1,0.9829192329063919
Glyma.14G162100.Wm82.a4.v1,0.9828818774835519
Glyma.10G182500.Wm82.a4.v1,0.9828118360657269
Glyma.13G046200.Wm82.a4.v1,0.9828118360657269
Glyma.03G171400.Wm82.a4.v1,0.9827464640757568
Glyma.15G167400.Wm82.a4.v1,0.9827324557921918
Glyma.08G134300.Wm82.a4.v1,0.9827324557921918
Glyma.06G175100.Wm82.a4.v1,0.9826670838022217
Glyma.20G027200.Wm82.a4.v1,0.9826203895236717
Glyma.07G006900.Wm82.a4.v1,0.9825830341008316
Glyma.15G152900.Wm82.a4.v1,0.9825550175337016
Glyma.18G237400.Wm82.a4.v1,0.9825223315387166
Glyma.03G048200.Wm82.a4.v1,0.9825176621108616
Glyma.12G050700.Wm82.a4.v1,0.9824943149715866
Glyma.04G019100.Wm82.a4.v1,0.9824849761158765
Glyma.03G137000.Wm82.a4.v1,0.982482641401949
Glyma.17G228800.Wm82.a4.v1,0.9824662984044565
Glyma.16G127300.Wm82.a4.v1,0.982421938839834
Glyma.11G180500.Wm82.a4.v1,0.9824009264144864
Glyma.13G285600.Wm82.a4.v1,0.9823962569866315
Glyma.19G260600.Wm82.a4.v1,0.9823729098473564
Glyma.12G162300.Wm82.a4.v1,0.9823402238523714
Glyma.16G087100.Wm82.a4.v1,0.9823308849966613
Glyma.11G141800.Wm82.a4.v1,0.9823075378573863
Glyma.09G130400.Wm82.a4.v1,0.9822795212902563
Glyma.19G124900.Wm82.a4.v1,0.9822328270117062
Glyma.05G114900.Wm82.a4.v1,0.9821534467381712
Glyma.15G275600.Wm82.a4.v1,0.9821207607431861
Glyma.07G181900.Wm82.a4.v1,0.9821067524596211
Glyma.05G238000.Wm82.a4.v1,0.9820693970367811
Glyma.18G036400.Wm82.a4.v1,0.982064727608926
Glyma.09G224200.Wm82.a4.v1,0.982050719325361
Glyma.15G088100.Wm82.a4.v1,0.9820040250468111
Glyma.20G116100.Wm82.a4.v1,0.981966669623971
Glyma.04G156200.Wm82.a4.v1,0.9819246447732759
Glyma.20G131500.Wm82.a4.v1,0.981919975345421
Glyma.11G175800.Wm82.a4.v1,0.9819012976340009
Glyma.04G002300.Wm82.a4.v1,0.9818686116390158
Glyma.07G089200.Wm82.a4.v1,0.9818546033554508
Glyma.02G125900.Wm82.a4.v1,0.9818546033554508
Glyma.06G145700.Wm82.a4.v1,0.9818312562161758
Glyma.12G013300.Wm82.a4.v1,0.9818079090769009
Glyma.06G109300.Wm82.a4.v1,0.9817098510919458
Glyma.07G198500.Wm82.a4.v1,0.9817005122362357
Glyma.15G040400.Wm82.a4.v1,0.9816351402462656
Glyma.04G022900.Wm82.a4.v1,0.9815837765398606
Glyma.09G187300.Wm82.a4.v1,0.9815837765398606
Glyma.13G065300.Wm82.a4.v1,0.9815464211170205
Glyma.18G079900.Wm82.a4.v1,0.9814903879827604
Glyma.06G289300.Wm82.a4.v1,0.9814810491270505
Glyma.01G185800.Wm82.a4.v1,0.9814763796991954
Glyma.08G302600.Wm82.a4.v1,0.9814717102713405
Glyma.14G094700.Wm82.a4.v1,0.9814600367017029
Glyma.08G135000.Wm82.a4.v1,0.9814343548485004
Glyma.17G088200.Wm82.a4.v1,0.9813503051471103
Glyma.17G128400.Wm82.a4.v1,0.9812942720128502
Glyma.18G028400.Wm82.a4.v1,0.9812382388785902
Glyma.09G248600.Wm82.a4.v1,0.9812008834557502
Glyma.04G065600.Wm82.a4.v1,0.9811378461797076
Glyma.04G188700.Wm82.a4.v1,0.9811308420379251
Glyma.17G101700.Wm82.a4.v1,0.981084147759375
Glyma.12G064000.Wm82.a4.v1,0.9810654700479551
Glyma.13G230600.Wm82.a4.v1,0.9809860897744199
Glyma.06G147100.Wm82.a4.v1,0.9809720814908549
Glyma.18G215500.Wm82.a4.v1,0.9809580732072899
Glyma.09G042400.Wm82.a4.v1,0.9808833623616098
Glyma.02G062400.Wm82.a4.v1,0.9808740235058998
Glyma.11G151300.Wm82.a4.v1,0.9808506763666248
Glyma.05G200500.Wm82.a4.v1,0.9807876390905822
Glyma.07G092900.Wm82.a4.v1,0.9807619572373797
Glyma.04G178500.Wm82.a4.v1,0.9807432795259596
Glyma.12G206600.Wm82.a4.v1,0.9807012546752646
Glyma.03G123100.Wm82.a4.v1,0.9806638992524246
Glyma.03G234600.Wm82.a4.v1,0.9806592298245695
Glyma.10G000900.Wm82.a4.v1,0.9806498909688596
Glyma.19G045800.Wm82.a4.v1,0.9806125355460196
Glyma.05G184000.Wm82.a4.v1,0.9805985272624546
Glyma.17G084300.Wm82.a4.v1,0.9805938578345995
Glyma.07G112000.Wm82.a4.v1,0.9805611718396144
Glyma.08G030900.Wm82.a4.v1,0.9805471635560494
Glyma.08G142700.Wm82.a4.v1,0.9805191469889194
Glyma.12G169600.Wm82.a4.v1,0.9804491055710943
Glyma.06G113200.Wm82.a4.v1,0.9804094154343268
Glyma.08G359600.Wm82.a4.v1,0.9804047460064719
Glyma.20G243500.Wm82.a4.v1,0.9803183615911543
Glyma.18G040100.Wm82.a4.v1,0.9803090227354442
Glyma.11G226800.Wm82.a4.v1,0.9802810061683142
Glyma.02G308900.Wm82.a4.v1,0.9802483201733292
Glyma.01G153300.Wm82.a4.v1,0.9802389813176191
Glyma.02G253500.Wm82.a4.v1,0.9802203036061992
Glyma.12G227800.Wm82.a4.v1,0.980154931616229
Glyma.07G019400.Wm82.a4.v1,0.9801362539048091
Glyma.06G143300.Wm82.a4.v1,0.9801362539048091
Glyma.12G169400.Wm82.a4.v1,0.980112906765534
Glyma.03G159100.Wm82.a4.v1,0.980108237337679
Glyma.12G221000.Wm82.a4.v1,0.980052204203419
Glyma.20G168100.Wm82.a4.v1,0.9799541462184639
Glyma.15G127500.Wm82.a4.v1,0.9799074519399138
Glyma.13G071400.Wm82.a4.v1,0.9798981130842038
Glyma.12G065100.Wm82.a4.v1,0.9798794353727838
Glyma.12G012800.Wm82.a4.v1,0.9798794353727838
Glyma.08G168700.Wm82.a4.v1,0.9797206748257136
Glyma.10G044400.Wm82.a4.v1,0.9796786499750185
Glyma.11G157976.Wm82.a4.v1,0.979666976405381
Glyma.20G232900.Wm82.a4.v1,0.9796459639800336
Glyma.16G027200.Wm82.a4.v1,0.9796226168407585
Glyma.20G107800.Wm82.a4.v1,0.9795572448507884
Glyma.05G199700.Wm82.a4.v1,0.9795525754229334
Glyma.04G241000.Wm82.a4.v1,0.9795292282836584
Glyma.18G184000.Wm82.a4.v1,0.9795152200000934
Glyma.08G141700.Wm82.a4.v1,0.9795012117165284
Glyma.14G070400.Wm82.a4.v1,0.9794778645772534
Glyma.12G032800.Wm82.a4.v1,0.9794498480101234
Glyma.03G158200.Wm82.a4.v1,0.9793471205973132
Glyma.14G041700.Wm82.a4.v1,0.9793424511694582
Glyma.14G010900.Wm82.a4.v1,0.9793097651744732
Glyma.07G114900.Wm82.a4.v1,0.9793004263187631
Glyma.10G221600.Wm82.a4.v1,0.9792957568909082
Glyma.01G191300.Wm82.a4.v1,0.9792817486073432
Glyma.20G155600.Wm82.a4.v1,0.9792070377616631
Glyma.07G198600.Wm82.a4.v1,0.9791696823388231
Glyma.07G269600.Wm82.a4.v1,0.979165012910968
Glyma.16G041400.Wm82.a4.v1,0.9790669549260129
Glyma.17G134100.Wm82.a4.v1,0.9790436077867379
Glyma.06G218000.Wm82.a4.v1,0.9790342689310279
Glyma.11G176000.Wm82.a4.v1,0.9789945787942603
Glyma.17G032200.Wm82.a4.v1,0.9789735663689129
Glyma.01G201000.Wm82.a4.v1,0.9789548886574928
Glyma.11G022300.Wm82.a4.v1,0.9789222026625077
Glyma.11G042200.Wm82.a4.v1,0.9788615001003927
Glyma.15G029500.Wm82.a4.v1,0.9788568306725377
Glyma.16G041700.Wm82.a4.v1,0.9788474918168277
Glyma.04G132400.Wm82.a4.v1,0.9788241446775526
Glyma.08G204600.Wm82.a4.v1,0.9787961281104226
Glyma.13G280300.Wm82.a4.v1,0.9787821198268576
Glyma.08G070500.Wm82.a4.v1,0.9787587726875826
Glyma.19G168300.Wm82.a4.v1,0.9787587726875826
Glyma.10G157300.Wm82.a4.v1,0.9787494338318726
Glyma.10G002200.Wm82.a4.v1,0.9787120784090325
Glyma.01G203500.Wm82.a4.v1,0.9786934006976126
Glyma.08G274400.Wm82.a4.v1,0.9786607147026275
Glyma.16G003700.Wm82.a4.v1,0.9786326981354975
Glyma.09G109200.Wm82.a4.v1,0.9786000121405124
Glyma.11G048300.Wm82.a4.v1,0.9785579872898174
Glyma.13G232500.Wm82.a4.v1,0.9785533178619624
Glyma.18G035300.Wm82.a4.v1,0.9785439790062523
Glyma.10G095200.Wm82.a4.v1,0.9785299707226873
Glyma.18G285100.Wm82.a4.v1,0.9784832764441374
Glyma.12G070100.Wm82.a4.v1,0.9784645987327173
Glyma.11G030400.Wm82.a4.v1,0.9784599293048623
Glyma.04G020000.Wm82.a4.v1,0.9784505904491523
Glyma.04G242000.Wm82.a4.v1,0.9784038961706022
Glyma.08G024100.Wm82.a4.v1,0.9783945573148922
Glyma.13G069100.Wm82.a4.v1,0.9783712101756172
Glyma.12G065200.Wm82.a4.v1,0.9783572018920522
Glyma.06G260100.Wm82.a4.v1,0.9783478630363421
Glyma.02G126500.Wm82.a4.v1,0.9783058381856471
Glyma.18G281600.Wm82.a4.v1,0.9782918299020821
Glyma.15G082000.Wm82.a4.v1,0.978249805051387
Glyma.02G274400.Wm82.a4.v1,0.9782404661956771
Glyma.06G101600.Wm82.a4.v1,0.9781237304993019
Glyma.13G136200.Wm82.a4.v1,0.9780770362207518
Glyma.05G234800.Wm82.a4.v1,0.9780443502257669
Glyma.01G087900.Wm82.a4.v1,0.9780163336586368
Glyma.13G354600.Wm82.a4.v1,0.9779182756736817
Glyma.20G104000.Wm82.a4.v1,0.9778482342558567
Glyma.12G138800.Wm82.a4.v1,0.9778108788330165
Glyma.11G201700.Wm82.a4.v1,0.9778062094051616
Glyma.03G122100.Wm82.a4.v1,0.9776661265695115
Glyma.09G227200.Wm82.a4.v1,0.9776427794302364
Glyma.06G236200.Wm82.a4.v1,0.9775727380124113
Glyma.19G036100.Wm82.a4.v1,0.9775353825895713
Glyma.07G049900.Wm82.a4.v1,0.9774793494553112
Glyma.13G344700.Wm82.a4.v1,0.9774746800274562
Glyma.20G212400.Wm82.a4.v1,0.9774419940324712
Glyma.19G167800.Wm82.a4.v1,0.9773532749032261
Glyma.03G243700.Wm82.a4.v1,0.977203853211866
Glyma.08G297100.Wm82.a4.v1,0.9771945143561559
Glyma.18G119400.Wm82.a4.v1,0.9771805060725909
Glyma.15G059900.Wm82.a4.v1,0.9771571589333159
Glyma.13G151600.Wm82.a4.v1,0.9771384812218958
Glyma.11G096700.Wm82.a4.v1,0.9770871175154908
Glyma.11G049900.Wm82.a4.v1,0.9770684398040708
Glyma.04G229000.Wm82.a4.v1,0.9770637703762158
Glyma.06G097000.Wm82.a4.v1,0.9770591009483608
Glyma.03G030400.Wm82.a4.v1,0.9770474273787233
Glyma.09G024000.Wm82.a4.v1,0.9770264149533757
Glyma.08G263000.Wm82.a4.v1,0.9770264149533757
Glyma.13G103300.Wm82.a4.v1,0.9769563735355506
Glyma.15G018100.Wm82.a4.v1,0.9769517041076957
Glyma.12G181400.Wm82.a4.v1,0.9769283569684206
Glyma.02G245100.Wm82.a4.v1,0.9768443072670305
Glyma.04G167400.Wm82.a4.v1,0.9768443072670305
Glyma.02G098600.Wm82.a4.v1,0.9768069518441905
Glyma.13G357200.Wm82.a4.v1,0.9767836047049155
Glyma.10G029400.Wm82.a4.v1,0.9767789352770605
Glyma.04G191700.Wm82.a4.v1,0.9766925508617429
Glyma.11G244500.Wm82.a4.v1,0.9766902161478154
Glyma.11G050900.Wm82.a4.v1,0.9765641415957302
Glyma.10G145300.Wm82.a4.v1,0.9765454638843103
Glyma.11G114300.Wm82.a4.v1,0.9765267861728902
Glyma.17G106200.Wm82.a4.v1,0.9764987696057602
Glyma.09G255500.Wm82.a4.v1,0.9764894307500502
Glyma.02G133800.Wm82.a4.v1,0.9764427364715002
Glyma.13G217100.Wm82.a4.v1,0.9764427364715002
Glyma.08G327500.Wm82.a4.v1,0.9764193893322252
Glyma.06G261400.Wm82.a4.v1,0.9764100504765151
Glyma.13G294300.Wm82.a4.v1,0.97633067020298
Glyma.08G184300.Wm82.a4.v1,0.97629331478014
Glyma.01G221400.Wm82.a4.v1,0.976279306496575
Glyma.06G055600.Wm82.a4.v1,0.9762559593572999
Glyma.01G048600.Wm82.a4.v1,0.9762186039344599
Glyma.14G004000.Wm82.a4.v1,0.9762092650787499
Glyma.09G254302.Wm82.a4.v1,0.9760971988102298
Glyma.07G222900.Wm82.a4.v1,0.9760411656759698
Glyma.18G150000.Wm82.a4.v1,0.9759104216960296
Glyma.03G245100.Wm82.a4.v1,0.9758870745567546
Glyma.02G283400.Wm82.a4.v1,0.9758683968453346
Glyma.11G249700.Wm82.a4.v1,0.9758497191339145
Glyma.04G249700.Wm82.a4.v1,0.9758450497060596
Glyma.17G201600.Wm82.a4.v1,0.9757516611489594
Glyma.18G061700.Wm82.a4.v1,0.9757469917211045
Glyma.06G083200.Wm82.a4.v1,0.9757283140096844
Glyma.06G064200.Wm82.a4.v1,0.9757283140096844
Glyma.09G187800.Wm82.a4.v1,0.9756956280146993
Glyma.17G212200.Wm82.a4.v1,0.9756629420197144
Glyma.09G027900.Wm82.a4.v1,0.9756582725918593
Glyma.08G205500.Wm82.a4.v1,0.9756349254525843
Glyma.13G280600.Wm82.a4.v1,0.9756022394575993
Glyma.15G014400.Wm82.a4.v1,0.9755602146069042
Glyma.02G198400.Wm82.a4.v1,0.9755508757511943
Glyma.16G005300.Wm82.a4.v1,0.9755508757511943
Glyma.20G166400.Wm82.a4.v1,0.9754925079030067
Glyma.03G197600.Wm82.a4.v1,0.9754574871940941
Glyma.09G071400.Wm82.a4.v1,0.9752426935127639
Glyma.16G002500.Wm82.a4.v1,0.9752240158013439
Glyma.08G364600.Wm82.a4.v1,0.9752053380899238
Glyma.16G137200.Wm82.a4.v1,0.9751959992342139
Glyma.19G110700.Wm82.a4.v1,0.9751539743835188
Glyma.10G039900.Wm82.a4.v1,0.9751399660999538
Glyma.15G091900.Wm82.a4.v1,0.9751259578163888
Glyma.15G273300.Wm82.a4.v1,0.9751259578163888
Glyma.02G206700.Wm82.a4.v1,0.9750419081149987
Glyma.09G045700.Wm82.a4.v1,0.9749718666971736
Glyma.01G078800.Wm82.a4.v1,0.9749485195578985
Glyma.05G019600.Wm82.a4.v1,0.9747850895829734
Glyma.08G007200.Wm82.a4.v1,0.9747360605904959
Glyma.07G144100.Wm82.a4.v1,0.9747337258765684
Glyma.02G171100.Wm82.a4.v1,0.9747103787372933
Glyma.11G222600.Wm82.a4.v1,0.9746963704537283
Glyma.06G163500.Wm82.a4.v1,0.9746356678916133
Glyma.16G116300.Wm82.a4.v1,0.9746076513244832
Glyma.09G077600.Wm82.a4.v1,0.9746076513244832
Glyma.20G132300.Wm82.a4.v1,0.9745983124687732
Glyma.12G074500.Wm82.a4.v1,0.9745656264737882
Glyma.11G192700.Wm82.a4.v1,0.9744955850559631
Glyma.13G111500.Wm82.a4.v1,0.974472237916688
Glyma.13G153400.Wm82.a4.v1,0.974472237916688
Glyma.12G009600.Wm82.a4.v1,0.974411535354573
Glyma.05G026200.Wm82.a4.v1,0.974378849359588
Glyma.01G026700.Wm82.a4.v1,0.9743111426556904
Glyma.17G063200.Wm82.a4.v1,0.9742994690860529
Glyma.10G236000.Wm82.a4.v1,0.9742784566607053
Glyma.08G223900.Wm82.a4.v1,0.9742527748075028
Glyma.12G024100.Wm82.a4.v1,0.9742107499568078
Glyma.17G092700.Wm82.a4.v1,0.9741967416732428
Glyma.05G079700.Wm82.a4.v1,0.9741220308275627
Glyma.01G183300.Wm82.a4.v1,0.9741220308275627
Glyma.13G100200.Wm82.a4.v1,0.9740753365490127
Glyma.04G050700.Wm82.a4.v1,0.9740193034147526
Glyma.02G305400.Wm82.a4.v1,0.9739796132779851
Glyma.13G220500.Wm82.a4.v1,0.9739726091362025
Glyma.06G173200.Wm82.a4.v1,0.9739679397083475
Glyma.02G309800.Wm82.a4.v1,0.9739539314247825
Glyma.06G014500.Wm82.a4.v1,0.973946927283
Glyma.20G133300.Wm82.a4.v1,0.9739212454297975
Glyma.18G143900.Wm82.a4.v1,0.9738978982905224
Glyma.15G172200.Wm82.a4.v1,0.9738325263005524
Glyma.10G075900.Wm82.a4.v1,0.9737764931662923
Glyma.07G043600.Wm82.a4.v1,0.9737438071713073
Glyma.04G253300.Wm82.a4.v1,0.9737251294598873
Glyma.09G131100.Wm82.a4.v1,0.9736784351813372
Glyma.06G307100.Wm82.a4.v1,0.9736737657534822
Glyma.05G215900.Wm82.a4.v1,0.9736644268977722
Glyma.18G075000.Wm82.a4.v1,0.9736224020470772
Glyma.03G075300.Wm82.a4.v1,0.9735943854799471
Glyma.18G243200.Wm82.a4.v1,0.9735943854799471
Glyma.05G000300.Wm82.a4.v1,0.9735080010646295
Glyma.14G110000.Wm82.a4.v1,0.973491658067137
Glyma.17G030700.Wm82.a4.v1,0.973482319211427
Glyma.13G333800.Wm82.a4.v1,0.973463641500007
Glyma.11G025700.Wm82.a4.v1,0.973458972072152
Glyma.18G075300.Wm82.a4.v1,0.973426286077167
Glyma.03G211000.Wm82.a4.v1,0.9734076083657469
Glyma.15G016400.Wm82.a4.v1,0.9733982695100369
Glyma.06G146700.Wm82.a4.v1,0.9733235586643568
Glyma.07G146800.Wm82.a4.v1,0.9733142198086469
Glyma.05G119500.Wm82.a4.v1,0.9733095503807918
Glyma.04G233500.Wm82.a4.v1,0.9733095503807918
Glyma.07G185400.Wm82.a4.v1,0.9732978768111543
Glyma.12G015800.Wm82.a4.v1,0.9732862032415168
Glyma.01G114800.Wm82.a4.v1,0.9732768643858069
Glyma.01G217400.Wm82.a4.v1,0.9732535172465318
Glyma.10G245700.Wm82.a4.v1,0.9732255006794017
Glyma.03G120700.Wm82.a4.v1,0.9731741369729967
Glyma.19G047300.Wm82.a4.v1,0.9731694675451417
Glyma.20G207100.Wm82.a4.v1,0.9731507898337217
Glyma.12G049500.Wm82.a4.v1,0.9730153764259265
Glyma.07G108900.Wm82.a4.v1,0.9730153764259265
Glyma.06G185200.Wm82.a4.v1,0.9730060375702165
Glyma.13G112900.Wm82.a4.v1,0.9729173184409714
Glyma.02G100300.Wm82.a4.v1,0.9728893018738414
Glyma.09G183300.Wm82.a4.v1,0.9728706241624214
Glyma.20G169500.Wm82.a4.v1,0.9728332687395813
Glyma.15G156900.Wm82.a4.v1,0.9728239298838713
Glyma.06G018400.Wm82.a4.v1,0.9727865744610313
Glyma.01G174000.Wm82.a4.v1,0.9727819050331763
Glyma.09G185500.Wm82.a4.v1,0.9727749008913937
Glyma.02G168000.Wm82.a4.v1,0.9727305413267713
Glyma.14G038200.Wm82.a4.v1,0.9726978553317862
Glyma.11G173700.Wm82.a4.v1,0.9726791776203662
Glyma.20G021200.Wm82.a4.v1,0.9726371527696711
Glyma.13G254900.Wm82.a4.v1,0.9726184750582512
Glyma.19G012900.Wm82.a4.v1,0.9726184750582512
Glyma.02G195400.Wm82.a4.v1,0.9725577724961361
Glyma.08G151700.Wm82.a4.v1,0.972553103068281
Glyma.04G118700.Wm82.a4.v1,0.972525086501151
Glyma.06G135800.Wm82.a4.v1,0.9725204170732961
Glyma.07G089500.Wm82.a4.v1,0.972483061650456
Glyma.10G117200.Wm82.a4.v1,0.9724410367997609
Glyma.02G087800.Wm82.a4.v1,0.972422359088341
Glyma.08G253800.Wm82.a4.v1,0.972408350804776
Glyma.04G139200.Wm82.a4.v1,0.9724013466629934
Glyma.16G042000.Wm82.a4.v1,0.9723756648097909
Glyma.08G005700.Wm82.a4.v1,0.9723709953819358
Glyma.19G209800.Wm82.a4.v1,0.9723663259540809
Glyma.18G289100.Wm82.a4.v1,0.9723336399590958
Glyma.13G245300.Wm82.a4.v1,0.9723196316755308
Glyma.15G003200.Wm82.a4.v1,0.9722892803944733
Glyma.17G133600.Wm82.a4.v1,0.9722612638273432
Glyma.01G186000.Wm82.a4.v1,0.9722542596855607
Glyma.08G304000.Wm82.a4.v1,0.9721702099841706
Glyma.09G103500.Wm82.a4.v1,0.9721095074220556
Glyma.12G079500.Wm82.a4.v1,0.9721048379942006
Glyma.20G085900.Wm82.a4.v1,0.9720114494371005
Glyma.11G069000.Wm82.a4.v1,0.9720067800092455
Glyma.11G034700.Wm82.a4.v1,0.9720021105813904
Glyma.13G169000.Wm82.a4.v1,0.9719974411535355
Glyma.16G159700.Wm82.a4.v1,0.9719507468749854
Glyma.19G130800.Wm82.a4.v1,0.9719507468749854
Glyma.08G089700.Wm82.a4.v1,0.9718760360293053
Glyma.19G228100.Wm82.a4.v1,0.9718620277457403
Glyma.17G148200.Wm82.a4.v1,0.9718526888900303
Glyma.12G236300.Wm82.a4.v1,0.9718153334671903
Glyma.11G164300.Wm82.a4.v1,0.9718153334671903
Glyma.16G189100.Wm82.a4.v1,0.9717826474722052
Glyma.13G145200.Wm82.a4.v1,0.9717546309050752
Glyma.02G026200.Wm82.a4.v1,0.9716612423479751
Glyma.17G058600.Wm82.a4.v1,0.9716052092137151
Glyma.14G093100.Wm82.a4.v1,0.971595870358005
Glyma.02G047800.Wm82.a4.v1,0.971530498368035
Glyma.12G182500.Wm82.a4.v1,0.9715281636541074
Glyma.05G043200.Wm82.a4.v1,0.9715118206566149
Glyma.03G216600.Wm82.a4.v1,0.97150715122876
Glyma.17G224300.Wm82.a4.v1,0.971493142945195
Glyma.02G038100.Wm82.a4.v1,0.9714838040894849
Glyma.03G253200.Wm82.a4.v1,0.9714651263780649
Glyma.18G157300.Wm82.a4.v1,0.9714511180944999
Glyma.17G062200.Wm82.a4.v1,0.9714324403830799
Glyma.17G223900.Wm82.a4.v1,0.9714324403830799
Glyma.10G048500.Wm82.a4.v1,0.9713997543880948
Glyma.05G016000.Wm82.a4.v1,0.9713530601095448
Glyma.05G063500.Wm82.a4.v1,0.9712876881195747
Glyma.09G214400.Wm82.a4.v1,0.9712783492638647
Glyma.14G046100.Wm82.a4.v1,0.9711476052839245
Glyma.07G237600.Wm82.a4.v1,0.9711289275725046
Glyma.19G257900.Wm82.a4.v1,0.9710822332939545
Glyma.08G239000.Wm82.a4.v1,0.9710635555825344
Glyma.14G215200.Wm82.a4.v1,0.9710168613039845
Glyma.17G112000.Wm82.a4.v1,0.9709841753089994
Glyma.18G291900.Wm82.a4.v1,0.9709468198861594
Glyma.02G228200.Wm82.a4.v1,0.9709374810304493
Glyma.15G112500.Wm82.a4.v1,0.9709281421747393
Glyma.09G205500.Wm82.a4.v1,0.9709071297493919
Glyma.20G123100.Wm82.a4.v1,0.9708207453340743
Glyma.13G192600.Wm82.a4.v1,0.9708067370505092
Glyma.08G331900.Wm82.a4.v1,0.9707973981947992
Glyma.16G129700.Wm82.a4.v1,0.9707880593390892
Glyma.15G179400.Wm82.a4.v1,0.9707693816276691
Glyma.04G075800.Wm82.a4.v1,0.9707693816276691
Glyma.01G213700.Wm82.a4.v1,0.9707110137794815
Glyma.15G206100.Wm82.a4.v1,0.9707086790655541
Glyma.12G184800.Wm82.a4.v1,0.9706900013541341
Glyma.08G045200.Wm82.a4.v1,0.9706759930705691
Glyma.13G338500.Wm82.a4.v1,0.970661984787004
Glyma.02G168900.Wm82.a4.v1,0.970601282224889
Glyma.11G075700.Wm82.a4.v1,0.970568596229904
Glyma.03G216400.Wm82.a4.v1,0.970563926802049
Glyma.03G138000.Wm82.a4.v1,0.9705125630956439
Glyma.08G024900.Wm82.a4.v1,0.9704752076728038
Glyma.09G263100.Wm82.a4.v1,0.9704611993892388
Glyma.12G120500.Wm82.a4.v1,0.9704285133942538
Glyma.02G280800.Wm82.a4.v1,0.9703818191157038
Glyma.11G124900.Wm82.a4.v1,0.9703724802599938
Glyma.20G213200.Wm82.a4.v1,0.9703491331207187
Glyma.14G187800.Wm82.a4.v1,0.9703304554092987
Glyma.05G025300.Wm82.a4.v1,0.9702884305586037
Glyma.02G188300.Wm82.a4.v1,0.9702557445636186
Glyma.11G192500.Wm82.a4.v1,0.9701390088672435
Glyma.06G069600.Wm82.a4.v1,0.9700923145886935
Glyma.14G095500.Wm82.a4.v1,0.9700783063051285
Glyma.03G246300.Wm82.a4.v1,0.9700502897379985
Glyma.04G257200.Wm82.a4.v1,0.9700456203101434
Glyma.19G052400.Wm82.a4.v1,0.9700409508822884
Glyma.20G135200.Wm82.a4.v1,0.9700222731708684
Glyma.07G034800.Wm82.a4.v1,0.9698354960566682
Glyma.05G120400.Wm82.a4.v1,0.9698121489173932
Glyma.06G132600.Wm82.a4.v1,0.9697561157831331
Glyma.08G222100.Wm82.a4.v1,0.9696720660817431
Glyma.13G283600.Wm82.a4.v1,0.9695646692410779
Glyma.15G124600.Wm82.a4.v1,0.9695319832460929
Glyma.02G107100.Wm82.a4.v1,0.9694992972511078
Glyma.20G066100.Wm82.a4.v1,0.9694759501118329
Glyma.08G175900.Wm82.a4.v1,0.9694712806839778
Glyma.02G004100.Wm82.a4.v1,0.9694666112561228
Glyma.11G048600.Wm82.a4.v1,0.9693965698382977
Glyma.10G104700.Wm82.a4.v1,0.9693825615547327
Glyma.11G148362.Wm82.a4.v1,0.9693125201369076
Glyma.10G171300.Wm82.a4.v1,0.9693031812811976
Glyma.07G273000.Wm82.a4.v1,0.9692798341419225
Glyma.10G153100.Wm82.a4.v1,0.9692704952862126
Glyma.02G242000.Wm82.a4.v1,0.9692471481469376
Glyma.13G193200.Wm82.a4.v1,0.9692051232962425
Glyma.07G199800.Wm82.a4.v1,0.9691864455848225
Glyma.01G176400.Wm82.a4.v1,0.9691864455848225
Glyma.11G049800.Wm82.a4.v1,0.9691584290176924
Glyma.06G045400.Wm82.a4.v1,0.9691537595898374
Glyma.13G007200.Wm82.a4.v1,0.9691164041669974
Glyma.17G202300.Wm82.a4.v1,0.9690603710327373
Glyma.19G123400.Wm82.a4.v1,0.9690276850377523
Glyma.17G192200.Wm82.a4.v1,0.9689996684706222
Glyma.01G182600.Wm82.a4.v1,0.9689949990427673
Glyma.10G225400.Wm82.a4.v1,0.9689763213313473
Glyma.05G067400.Wm82.a4.v1,0.9689529741920723
Glyma.02G296600.Wm82.a4.v1,0.9688969410578122
Glyma.02G118500.Wm82.a4.v1,0.9688782633463922
Glyma.17G149600.Wm82.a4.v1,0.968766197077872
Glyma.19G244700.Wm82.a4.v1,0.968752188794307
Glyma.20G076300.Wm82.a4.v1,0.968747519366452
Glyma.05G097800.Wm82.a4.v1,0.968742849938597
Glyma.11G150452.Wm82.a4.v1,0.968682147376482
Glyma.02G147000.Wm82.a4.v1,0.968682147376482
Glyma.01G236600.Wm82.a4.v1,0.968682147376482
Glyma.09G066200.Wm82.a4.v1,0.9686774779486269
Glyma.06G159400.Wm82.a4.v1,0.9686634696650619
Glyma.13G210800.Wm82.a4.v1,0.9686634696650619
Glyma.07G190100.Wm82.a4.v1,0.9686494613814969
Glyma.13G332700.Wm82.a4.v1,0.9686354530979319
Glyma.20G180100.Wm82.a4.v1,0.9686354530979319
Glyma.19G220100.Wm82.a4.v1,0.9685887588193819
Glyma.11G017800.Wm82.a4.v1,0.9685794199636718
Glyma.06G259800.Wm82.a4.v1,0.9685654116801068
Glyma.15G202300.Wm82.a4.v1,0.9684393371280217
Glyma.05G236300.Wm82.a4.v1,0.9684253288444566
Glyma.11G231200.Wm82.a4.v1,0.9684066511330367
Glyma.08G062800.Wm82.a4.v1,0.9683739651380516
Glyma.19G005900.Wm82.a4.v1,0.9682058657352715
Glyma.05G218800.Wm82.a4.v1,0.9681545020288664
Glyma.06G039700.Wm82.a4.v1,0.9680657828996213
Glyma.08G343800.Wm82.a4.v1,0.9680564440439113
Glyma.05G052300.Wm82.a4.v1,0.9680424357603463
Glyma.11G195900.Wm82.a4.v1,0.9679957414817962
Glyma.18G223100.Wm82.a4.v1,0.9679770637703762
Glyma.01G212800.Wm82.a4.v1,0.9679210306361161
Glyma.12G054700.Wm82.a4.v1,0.9679070223525511
Glyma.01G089300.Wm82.a4.v1,0.9678696669297111
Glyma.04G243800.Wm82.a4.v1,0.9678416503625811
Glyma.05G223800.Wm82.a4.v1,0.9678276420790161
Glyma.04G147800.Wm82.a4.v1,0.967799625511886
Glyma.08G056600.Wm82.a4.v1,0.967794956084031
Glyma.11G216300.Wm82.a4.v1,0.9677902866561761
Glyma.01G050100.Wm82.a4.v1,0.967748261805481
Glyma.09G168700.Wm82.a4.v1,0.967706236954786
Glyma.06G175400.Wm82.a4.v1,0.9677015675269309
Glyma.11G090800.Wm82.a4.v1,0.9676782203876559
Glyma.01G097100.Wm82.a4.v1,0.9676642121040909
Glyma.15G131500.Wm82.a4.v1,0.9676548732483808
Glyma.15G021400.Wm82.a4.v1,0.9676431996787433
Glyma.07G043700.Wm82.a4.v1,0.9676361955369609
Glyma.03G253500.Wm82.a4.v1,0.9675778276887733
Glyma.01G050900.Wm82.a4.v1,0.9675007821291657
Glyma.08G012200.Wm82.a4.v1,0.9674961127013108
Glyma.13G147000.Wm82.a4.v1,0.9673980547163556
Glyma.06G001500.Wm82.a4.v1,0.9673093355871105
Glyma.09G052100.Wm82.a4.v1,0.9672999967314005
Glyma.08G135200.Wm82.a4.v1,0.9672906578756905
Glyma.12G084600.Wm82.a4.v1,0.9672859884478355
Glyma.04G232400.Wm82.a4.v1,0.9672766495921254
Glyma.07G149300.Wm82.a4.v1,0.9672579718807055
Glyma.03G214400.Wm82.a4.v1,0.9672533024528505
Glyma.15G019600.Wm82.a4.v1,0.9672439635971405
Glyma.03G074800.Wm82.a4.v1,0.9671038807614903
Glyma.17G123300.Wm82.a4.v1,0.9670385087715202
Glyma.11G154214.Wm82.a4.v1,0.9669964839208252
Glyma.12G236500.Wm82.a4.v1,0.9669871450651152
Glyma.14G027400.Wm82.a4.v1,0.9669871450651152
Glyma.12G014400.Wm82.a4.v1,0.9669824756372601
Glyma.12G163008.Wm82.a4.v1,0.9669684673536951
Glyma.15G121400.Wm82.a4.v1,0.9669497896422752
Glyma.06G089700.Wm82.a4.v1,0.9669497896422752
Glyma.11G027400.Wm82.a4.v1,0.96684239280161
Glyma.05G192600.Wm82.a4.v1,0.96681437623448
Glyma.19G231600.Wm82.a4.v1,0.96676768195593
Glyma.04G222100.Wm82.a4.v1,0.9666976405381049
Glyma.05G173100.Wm82.a4.v1,0.9666696239709749
Glyma.18G115500.Wm82.a4.v1,0.9666322685481348
Glyma.05G232800.Wm82.a4.v1,0.9666089214088598
Glyma.17G080200.Wm82.a4.v1,0.9665949131252948
Glyma.13G073200.Wm82.a4.v1,0.9665762354138747
Glyma.10G186300.Wm82.a4.v1,0.9665388799910347
Glyma.05G197600.Wm82.a4.v1,0.9664454914339345
Glyma.18G286500.Wm82.a4.v1,0.9664361525782246
Glyma.09G095400.Wm82.a4.v1,0.9663801194439645
Glyma.07G004200.Wm82.a4.v1,0.9663100780261394
Glyma.02G002800.Wm82.a4.v1,0.9662680531754444
Glyma.19G189600.Wm82.a4.v1,0.9662447060361694
Glyma.19G259100.Wm82.a4.v1,0.9662260283247494
Glyma.12G041300.Wm82.a4.v1,0.9662026811854744
Glyma.08G100000.Wm82.a4.v1,0.9661980117576193
Glyma.09G075500.Wm82.a4.v1,0.9661046232005193
Glyma.16G177900.Wm82.a4.v1,0.9660952843448092
Glyma.06G135100.Wm82.a4.v1,0.9660602636358967
Glyma.08G293100.Wm82.a4.v1,0.9660299123548391
Glyma.05G183500.Wm82.a4.v1,0.9660252429269841
Glyma.06G170900.Wm82.a4.v1,0.9660018957877091
Glyma.07G128300.Wm82.a4.v1,0.9660018957877091
Glyma.12G042600.Wm82.a4.v1,0.9659832180762891
Glyma.17G004300.Wm82.a4.v1,0.965913176658464
Glyma.19G242700.Wm82.a4.v1,0.965903837802754
Glyma.11G008400.Wm82.a4.v1,0.9658431352406389
Glyma.15G275900.Wm82.a4.v1,0.9658291269570739
Glyma.18G007500.Wm82.a4.v1,0.965824457529219
Glyma.06G317400.Wm82.a4.v1,0.9658197881013639
Glyma.12G108900.Wm82.a4.v1,0.9657964409620889
Glyma.07G222700.Wm82.a4.v1,0.9657917715342339
Glyma.02G002300.Wm82.a4.v1,0.9657590855392488
Glyma.07G184800.Wm82.a4.v1,0.9657450772556838
Glyma.06G195600.Wm82.a4.v1,0.9657263995442639
Glyma.08G177200.Wm82.a4.v1,0.9656376804150187
Glyma.16G173500.Wm82.a4.v1,0.9655536307136287
Glyma.02G147300.Wm82.a4.v1,0.9655116058629336
Glyma.16G187500.Wm82.a4.v1,0.9655069364350786
Glyma.11G254900.Wm82.a4.v1,0.9654835892958036
Glyma.09G056800.Wm82.a4.v1,0.9654228867336885
Glyma.13G167200.Wm82.a4.v1,0.9653948701665584
Glyma.11G100800.Wm82.a4.v1,0.9653948701665584
Glyma.15G095400.Wm82.a4.v1,0.9653621841715735
Glyma.05G197000.Wm82.a4.v1,0.9653528453158634
Glyma.11G063900.Wm82.a4.v1,0.9653014816094584
Glyma.11G050500.Wm82.a4.v1,0.9652921427537484
Glyma.03G207500.Wm82.a4.v1,0.9652267707637783
Glyma.17G003900.Wm82.a4.v1,0.9652080930523583
Glyma.11G178100.Wm82.a4.v1,0.9652080930523583
Glyma.18G136900.Wm82.a4.v1,0.9652034236245033
Glyma.06G019400.Wm82.a4.v1,0.9651613987738082
Glyma.12G183100.Wm82.a4.v1,0.9651520599180983
Glyma.11G012700.Wm82.a4.v1,0.9651193739231132
Glyma.08G167900.Wm82.a4.v1,0.9650960267838382
Glyma.08G312800.Wm82.a4.v1,0.9650399936495782
Glyma.14G078100.Wm82.a4.v1,0.965002638226738
Glyma.06G153400.Wm82.a4.v1,0.9649932993710281
Glyma.11G095400.Wm82.a4.v1,0.9648158611125379
Glyma.06G205400.Wm82.a4.v1,0.9647971834011179
Glyma.05G166900.Wm82.a4.v1,0.9647785056896978
Glyma.01G242300.Wm82.a4.v1,0.9647644974061328
Glyma.16G107300.Wm82.a4.v1,0.9647271419832928
Glyma.08G031400.Wm82.a4.v1,0.9646804477047427
Glyma.10G158900.Wm82.a4.v1,0.9645683814362226
Glyma.08G028000.Wm82.a4.v1,0.9645543731526576
Glyma.14G061100.Wm82.a4.v1,0.9645543731526576
Glyma.18G137500.Wm82.a4.v1,0.9645310260133826
Glyma.17G090900.Wm82.a4.v1,0.9644890011626875
Glyma.19G074500.Wm82.a4.v1,0.9644609845955575
Glyma.15G041100.Wm82.a4.v1,0.9644469763119925
Glyma.10G094900.Wm82.a4.v1,0.9644096208891525
Glyma.06G161100.Wm82.a4.v1,0.9643722654663124
Glyma.10G002600.Wm82.a4.v1,0.9643535877548924
Glyma.07G139300.Wm82.a4.v1,0.9642788769092123
Glyma.06G144400.Wm82.a4.v1,0.9642648686256473
Glyma.06G318400.Wm82.a4.v1,0.9642135049192423
Glyma.13G057500.Wm82.a4.v1,0.9641434635014172
Glyma.10G066500.Wm82.a4.v1,0.9641294552178522
Glyma.08G236000.Wm82.a4.v1,0.9640920997950121
Glyma.18G057500.Wm82.a4.v1,0.9640920997950121
Glyma.11G000800.Wm82.a4.v1,0.9640734220835921
Glyma.11G116800.Wm82.a4.v1,0.9640594138000271
Glyma.16G076300.Wm82.a4.v1,0.9640594138000271
Glyma.08G189600.Wm82.a4.v1,0.964036066660752
Glyma.06G121400.Wm82.a4.v1,0.9639636905289994
Glyma.08G003500.Wm82.a4.v1,0.9639380086757969
Glyma.04G063000.Wm82.a4.v1,0.9639240003922319
Glyma.14G065900.Wm82.a4.v1,0.9639240003922319
Glyma.09G018500.Wm82.a4.v1,0.963905322680812
Glyma.20G083300.Wm82.a4.v1,0.9638959838251019
Glyma.19G190600.Wm82.a4.v1,0.9638539589744068
Glyma.16G148500.Wm82.a4.v1,0.9638492895465519
Glyma.07G058200.Wm82.a4.v1,0.9638025952680018
Glyma.03G177200.Wm82.a4.v1,0.9637092067109018
Glyma.09G071600.Wm82.a4.v1,0.9637045372830467
Glyma.12G174900.Wm82.a4.v1,0.9636765207159167
Glyma.17G134200.Wm82.a4.v1,0.9636368305791492
Glyma.04G083100.Wm82.a4.v1,0.9636204875816566
Glyma.15G240600.Wm82.a4.v1,0.9635971404423816
Glyma.15G243100.Wm82.a4.v1,0.9635971404423816
Glyma.19G258300.Wm82.a4.v1,0.9635831321588166
Glyma.13G175100.Wm82.a4.v1,0.9635457767359765
Glyma.11G043000.Wm82.a4.v1,0.9634850741738614
Glyma.06G283400.Wm82.a4.v1,0.9634757353181514
Glyma.10G256000.Wm82.a4.v1,0.9634430493231664
Glyma.02G019600.Wm82.a4.v1,0.9634383798953114
Glyma.06G174200.Wm82.a4.v1,0.9634103633281814
Glyma.17G154151.Wm82.a4.v1,0.9633730079053413
Glyma.14G062900.Wm82.a4.v1,0.9633123053432263
Glyma.14G052067.Wm82.a4.v1,0.9633029664875162
Glyma.10G124200.Wm82.a4.v1,0.9632866234900238
Glyma.10G158400.Wm82.a4.v1,0.9632562722089663
Glyma.13G101100.Wm82.a4.v1,0.9632422639254012
Glyma.12G025400.Wm82.a4.v1,0.9632095779304162
Glyma.06G118000.Wm82.a4.v1,0.9631512100822286
Glyma.09G240200.Wm82.a4.v1,0.9631301976568811
Glyma.10G058500.Wm82.a4.v1,0.9631161893733161
Glyma.19G143600.Wm82.a4.v1,0.9631021810897511
Glyma.20G192700.Wm82.a4.v1,0.963041478527636
Glyma.06G021200.Wm82.a4.v1,0.9630157966744335
Glyma.07G127500.Wm82.a4.v1,0.9629854453933759
Glyma.19G178000.Wm82.a4.v1,0.9629714371098109
Glyma.16G198600.Wm82.a4.v1,0.9629480899705359
Glyma.13G361400.Wm82.a4.v1,0.9628967262641308
Glyma.15G026500.Wm82.a4.v1,0.9628967262641308
Glyma.12G082100.Wm82.a4.v1,0.9628920568362759
Glyma.13G312000.Wm82.a4.v1,0.9628920568362759
Glyma.08G197500.Wm82.a4.v1,0.9628873874084208
Glyma.19G211800.Wm82.a4.v1,0.9628406931298708
Glyma.12G197100.Wm82.a4.v1,0.9628033377070307
Glyma.13G316400.Wm82.a4.v1,0.9627613128563357
Glyma.15G271200.Wm82.a4.v1,0.9627566434284807
Glyma.05G175500.Wm82.a4.v1,0.9627543087145533
Glyma.09G084600.Wm82.a4.v1,0.9626866020106556
Glyma.08G141300.Wm82.a4.v1,0.9626305688763955
Glyma.03G245300.Wm82.a4.v1,0.9626072217371205
Glyma.20G207500.Wm82.a4.v1,0.9626072217371205
Glyma.06G164800.Wm82.a4.v1,0.9625885440257005
Glyma.18G207200.Wm82.a4.v1,0.9625325108914404
Glyma.07G139700.Wm82.a4.v1,0.9625231720357305
Glyma.19G177600.Wm82.a4.v1,0.9625138331800205
Glyma.20G127500.Wm82.a4.v1,0.9624858166128905
Glyma.15G078300.Wm82.a4.v1,0.9624624694736154
Glyma.02G220000.Wm82.a4.v1,0.9624624694736154
Glyma.16G221700.Wm82.a4.v1,0.9624484611900503
Glyma.10G078400.Wm82.a4.v1,0.9624437917621954
Glyma.18G057900.Wm82.a4.v1,0.9624297834786304
Glyma.13G357900.Wm82.a4.v1,0.9624157751950654
Glyma.15G259600.Wm82.a4.v1,0.9624017669115004
Glyma.05G045800.Wm82.a4.v1,0.9623504032050952
Glyma.12G175300.Wm82.a4.v1,0.9623457337772403
Glyma.05G007200.Wm82.a4.v1,0.9623130477822552
Glyma.03G241100.Wm82.a4.v1,0.9623037089265453
Glyma.10G158100.Wm82.a4.v1,0.9622850312151252
Glyma.10G290700.Wm82.a4.v1,0.9622149897973001
Glyma.18G064100.Wm82.a4.v1,0.9622056509415902
Glyma.08G110100.Wm82.a4.v1,0.9621729649466051
Glyma.15G041500.Wm82.a4.v1,0.9621636260908951
Glyma.19G026800.Wm82.a4.v1,0.96211226238449
Glyma.05G002000.Wm82.a4.v1,0.96210292352878
Glyma.06G204100.Wm82.a4.v1,0.962088915245215
Glyma.05G233700.Wm82.a4.v1,0.96207490696165
Glyma.08G222300.Wm82.a4.v1,0.9619768489766949
Glyma.18G259100.Wm82.a4.v1,0.9619768489766949
Glyma.13G112000.Wm82.a4.v1,0.9619628406931299
Glyma.09G218800.Wm82.a4.v1,0.9619535018374199
Glyma.04G056000.Wm82.a4.v1,0.9619348241259998
Glyma.07G075100.Wm82.a4.v1,0.9618881298474498
Glyma.19G030200.Wm82.a4.v1,0.9618834604195948
Glyma.03G212900.Wm82.a4.v1,0.9618414355688998
Glyma.09G263400.Wm82.a4.v1,0.9618367661410447
Glyma.19G000900.Wm82.a4.v1,0.9617947412903497
Glyma.11G149600.Wm82.a4.v1,0.9616593278825546
Glyma.08G114100.Wm82.a4.v1,0.9616453195989896
Glyma.11G046200.Wm82.a4.v1,0.9615332533304695
Glyma.18G077700.Wm82.a4.v1,0.9615285839026144
Glyma.13G003200.Wm82.a4.v1,0.9614865590519194
Glyma.19G186900.Wm82.a4.v1,0.9614772201962094
Glyma.19G213200.Wm82.a4.v1,0.9614748854822819
Glyma.06G131300.Wm82.a4.v1,0.9614305259176593
Glyma.06G126000.Wm82.a4.v1,0.9614071787783843
Glyma.04G252400.Wm82.a4.v1,0.9613651539276893
Glyma.04G238900.Wm82.a4.v1,0.9613184596491392
Glyma.11G124800.Wm82.a4.v1,0.9613091207934292
Glyma.18G270600.Wm82.a4.v1,0.9612997819377191
Glyma.15G252000.Wm82.a4.v1,0.961122343679229
Glyma.13G306600.Wm82.a4.v1,0.961094327112099
Glyma.14G198700.Wm82.a4.v1,0.961080318828534
Glyma.08G295500.Wm82.a4.v1,0.961056971689259
Glyma.02G300200.Wm82.a4.v1,0.9610289551221289
Glyma.15G076500.Wm82.a4.v1,0.9610242856942739
Glyma.18G101600.Wm82.a4.v1,0.9609915996992888
Glyma.05G038600.Wm82.a4.v1,0.9609822608435789
Glyma.14G015800.Wm82.a4.v1,0.9609495748485938
Glyma.13G249900.Wm82.a4.v1,0.9609449054207388
Glyma.19G141100.Wm82.a4.v1,0.9609402359928838
Glyma.07G127300.Wm82.a4.v1,0.9609215582814638
Glyma.16G094300.Wm82.a4.v1,0.9609122194257538
Glyma.15G108000.Wm82.a4.v1,0.9608421780079287
Glyma.13G116600.Wm82.a4.v1,0.9608094920129436
Glyma.11G237200.Wm82.a4.v1,0.9608001531572337
Glyma.07G228300.Wm82.a4.v1,0.9607534588786836
Glyma.20G084000.Wm82.a4.v1,0.9607207728836986
Glyma.07G166300.Wm82.a4.v1,0.9606554008937285
Glyma.20G128600.Wm82.a4.v1,0.9606040371873235
Glyma.03G255000.Wm82.a4.v1,0.9605666817644833
Glyma.16G028800.Wm82.a4.v1,0.9605223221998609
Glyma.04G122700.Wm82.a4.v1,0.9604592849238183
Glyma.10G048100.Wm82.a4.v1,0.9604172600731232
Glyma.06G223500.Wm82.a4.v1,0.9603799046502832
Glyma.02G161100.Wm82.a4.v1,0.9603612269388632
Glyma.09G096800.Wm82.a4.v1,0.9602818466653281
Glyma.18G200500.Wm82.a4.v1,0.9602258135310681
Glyma.11G190900.Wm82.a4.v1,0.960169780396808
Glyma.16G088000.Wm82.a4.v1,0.9601324249739679
Glyma.03G122000.Wm82.a4.v1,0.960127755546113
Glyma.15G161100.Wm82.a4.v1,0.9600997389789829
Glyma.19G013800.Wm82.a4.v1,0.9600997389789829
Glyma.07G023900.Wm82.a4.v1,0.9600483752725778
Glyma.01G121700.Wm82.a4.v1,0.9600226934193753
Glyma.01G041400.Wm82.a4.v1,0.9600203587054478
Glyma.10G223450.Wm82.a4.v1,0.9599689949990428
Glyma.10G006200.Wm82.a4.v1,0.9599269701483477
Glyma.20G169900.Wm82.a4.v1,0.9598382510191026
Glyma.06G165200.Wm82.a4.v1,0.9598102344519726
Glyma.17G071200.Wm82.a4.v1,0.9598055650241176
Glyma.10G049400.Wm82.a4.v1,0.9597448624620025
Glyma.18G025600.Wm82.a4.v1,0.9597261847505825
Glyma.16G043400.Wm82.a4.v1,0.9596934987555975
Glyma.08G345300.Wm82.a4.v1,0.9596888293277425
Glyma.10G291500.Wm82.a4.v1,0.9596654821884675
Glyma.12G057800.Wm82.a4.v1,0.9596421350491924
Glyma.10G241000.Wm82.a4.v1,0.9596187879099174
Glyma.17G058000.Wm82.a4.v1,0.9596047796263524
Glyma.17G140600.Wm82.a4.v1,0.9595534159199474
Glyma.16G199500.Wm82.a4.v1,0.9595417423503099
Glyma.13G165200.Wm82.a4.v1,0.9595300687806723
Glyma.08G022300.Wm82.a4.v1,0.9594927133578323
Glyma.15G090500.Wm82.a4.v1,0.9594226719400072
Glyma.06G190300.Wm82.a4.v1,0.9593619693778921
Glyma.14G067000.Wm82.a4.v1,0.959319944527197
Glyma.08G353900.Wm82.a4.v1,0.959319944527197
Glyma.17G242000.Wm82.a4.v1,0.9592965973879221
Glyma.05G129100.Wm82.a4.v1,0.959291927960067
Glyma.12G046000.Wm82.a4.v1,0.9592872585322121
Glyma.11G201500.Wm82.a4.v1,0.9592872585322121
Glyma.10G244900.Wm82.a4.v1,0.959259241965082
Glyma.17G001900.Wm82.a4.v1,0.959259241965082
Glyma.13G051000.Wm82.a4.v1,0.959254572537227
Glyma.13G042800.Wm82.a4.v1,0.959249903109372
Glyma.13G194000.Wm82.a4.v1,0.959198539402967
Glyma.12G079000.Wm82.a4.v1,0.9591798616915469
Glyma.11G166128.Wm82.a4.v1,0.9591705228358369
Glyma.16G169200.Wm82.a4.v1,0.9591238285572868
Glyma.13G136400.Wm82.a4.v1,0.9591191591294319
Glyma.11G195100.Wm82.a4.v1,0.9591004814180119
Glyma.03G215300.Wm82.a4.v1,0.9590864731344468
Glyma.19G019600.Wm82.a4.v1,0.9589650680102167
Glyma.09G099100.Wm82.a4.v1,0.9588950265923917
Glyma.08G114400.Wm82.a4.v1,0.9588670100252616
Glyma.05G145200.Wm82.a4.v1,0.9588670100252616
Glyma.13G164900.Wm82.a4.v1,0.9588436628859865
Glyma.13G318200.Wm82.a4.v1,0.9588389934581316
Glyma.18G231800.Wm82.a4.v1,0.9588249851745666
Glyma.05G187300.Wm82.a4.v1,0.9587782908960165
Glyma.08G354000.Wm82.a4.v1,0.9587409354731765
Glyma.12G215300.Wm82.a4.v1,0.9586568857717864
Glyma.19G254600.Wm82.a4.v1,0.9586335386325113
Glyma.16G012200.Wm82.a4.v1,0.9586055220653813
Glyma.05G216400.Wm82.a4.v1,0.9586008526375264
Glyma.15G253000.Wm82.a4.v1,0.9585961832096713
Glyma.18G096400.Wm82.a4.v1,0.9585868443539614
Glyma.12G178800.Wm82.a4.v1,0.9585494889311212
Glyma.08G072200.Wm82.a4.v1,0.9585448195032663
Glyma.04G124800.Wm82.a4.v1,0.9584467615183112
Glyma.02G251700.Wm82.a4.v1,0.9584374226626011
Glyma.06G059600.Wm82.a4.v1,0.9584327532347462
Glyma.07G030600.Wm82.a4.v1,0.9584327532347462
Glyma.04G033500.Wm82.a4.v1,0.9584024019536886
Glyma.11G095600.Wm82.a4.v1,0.9583767201004861
Glyma.18G276200.Wm82.a4.v1,0.958367381244776
Glyma.19G105700.Wm82.a4.v1,0.958330025821936
Glyma.08G297200.Wm82.a4.v1,0.958283331543386
Glyma.15G006900.Wm82.a4.v1,0.9582553149762559
Glyma.05G013000.Wm82.a4.v1,0.958208620697706
Glyma.04G179400.Wm82.a4.v1,0.9581899429862859
Glyma.15G021700.Wm82.a4.v1,0.9581759347027209
Glyma.08G286800.Wm82.a4.v1,0.9581385792798809
Glyma.14G094800.Wm82.a4.v1,0.9581385792798809
Glyma.03G205800.Wm82.a4.v1,0.9581058932848958
Glyma.19G195500.Wm82.a4.v1,0.9580638684342008
Glyma.20G150100.Wm82.a4.v1,0.9580078352999407
Glyma.02G290200.Wm82.a4.v1,0.9579844881606657
Glyma.10G255200.Wm82.a4.v1,0.9579704798771007
Glyma.03G030267.Wm82.a4.v1,0.9579494674517531
Glyma.13G318000.Wm82.a4.v1,0.9579237855985506
Glyma.19G177700.Wm82.a4.v1,0.9578444053250156
Glyma.17G137600.Wm82.a4.v1,0.957823392899668
Glyma.13G369800.Wm82.a4.v1,0.9576996530615104
Glyma.13G340500.Wm82.a4.v1,0.9576763059222353
Glyma.15G088500.Wm82.a4.v1,0.9576015950765553
Glyma.20G249600.Wm82.a4.v1,0.9575875867929903
Glyma.06G114000.Wm82.a4.v1,0.9575595702258602
Glyma.05G029400.Wm82.a4.v1,0.9574988676637451
Glyma.20G190200.Wm82.a4.v1,0.9574988676637451
Glyma.09G230500.Wm82.a4.v1,0.9574848593801801
Glyma.02G220600.Wm82.a4.v1,0.9574334956737751
Glyma.04G240500.Wm82.a4.v1,0.9574054791066451
Glyma.11G030500.Wm82.a4.v1,0.9573401071166749
Glyma.15G250100.Wm82.a4.v1,0.9573167599774
Glyma.01G006100.Wm82.a4.v1,0.9573027516938349
Glyma.02G271400.Wm82.a4.v1,0.95727940455456
Glyma.15G047000.Wm82.a4.v1,0.9572513879874299
Glyma.10G057300.Wm82.a4.v1,0.9572467185595749
Glyma.05G034600.Wm82.a4.v1,0.9572233714202999
Glyma.11G040400.Wm82.a4.v1,0.9571906854253148
Glyma.06G036300.Wm82.a4.v1,0.9571579994303298
Glyma.16G007700.Wm82.a4.v1,0.9571113051517798
Glyma.18G111900.Wm82.a4.v1,0.9570879580125047
Glyma.12G225500.Wm82.a4.v1,0.9570879580125047
Glyma.11G044800.Wm82.a4.v1,0.9570179165946796
Glyma.12G160300.Wm82.a4.v1,0.9570085777389696
Glyma.06G294100.Wm82.a4.v1,0.9570039083111146
Glyma.02G301200.Wm82.a4.v1,0.9569758917439846
Glyma.15G063700.Wm82.a4.v1,0.9569665528882746
Glyma.11G106900.Wm82.a4.v1,0.9569385363211446
Glyma.04G164400.Wm82.a4.v1,0.9569245280375795
Glyma.08G036300.Wm82.a4.v1,0.9568684949033195
Glyma.06G047700.Wm82.a4.v1,0.9568591560476095
Glyma.11G039200.Wm82.a4.v1,0.9568311394804795
Glyma.01G208000.Wm82.a4.v1,0.9566817177891193
Glyma.15G021000.Wm82.a4.v1,0.9566770483612643
Glyma.05G218500.Wm82.a4.v1,0.9566770483612643
Glyma.07G007000.Wm82.a4.v1,0.9566490317941343
Glyma.17G108300.Wm82.a4.v1,0.9566396929384242
Glyma.05G247800.Wm82.a4.v1,0.9566350235105693
Glyma.01G145400.Wm82.a4.v1,0.9565789903763092
Glyma.08G063800.Wm82.a4.v1,0.9565743209484542
Glyma.04G060000.Wm82.a4.v1,0.9565182878141941
Glyma.15G091400.Wm82.a4.v1,0.9564949406749191
Glyma.20G229100.Wm82.a4.v1,0.956485601819209
Glyma.14G217900.Wm82.a4.v1,0.9564739282495716
Glyma.11G204300.Wm82.a4.v1,0.9564669241077891
Glyma.12G027400.Wm82.a4.v1,0.9564622546799341
Glyma.06G158200.Wm82.a4.v1,0.956448246396369
Glyma.18G092500.Wm82.a4.v1,0.9563595272671239
Glyma.01G005400.Wm82.a4.v1,0.956354857839269
Glyma.12G024600.Wm82.a4.v1,0.956340849555704
Glyma.17G125700.Wm82.a4.v1,0.9563034941328639
Glyma.14G072400.Wm82.a4.v1,0.9562848164214439
Glyma.01G159600.Wm82.a4.v1,0.9562661387100239
Glyma.15G102000.Wm82.a4.v1,0.9562194444314738
Glyma.12G033700.Wm82.a4.v1,0.9562194444314738
Glyma.16G001900.Wm82.a4.v1,0.9561867584364888
Glyma.16G178800.Wm82.a4.v1,0.9561820890086338
Glyma.02G005200.Wm82.a4.v1,0.9561680807250688
Glyma.03G001200.Wm82.a4.v1,0.9561073781629537
Glyma.20G243900.Wm82.a4.v1,0.9560887004515337
Glyma.13G107200.Wm82.a4.v1,0.9560466756008387
Glyma.06G001100.Wm82.a4.v1,0.9560420061729836
Glyma.13G302100.Wm82.a4.v1,0.9560326673172737
Glyma.08G139100.Wm82.a4.v1,0.955955621757666
Glyma.11G078300.Wm82.a4.v1,0.9559392787601735
Glyma.04G057900.Wm82.a4.v1,0.9559252704766085
Glyma.19G259800.Wm82.a4.v1,0.9559206010487535
Glyma.10G293900.Wm82.a4.v1,0.9559019233373335
Glyma.17G158500.Wm82.a4.v1,0.9558972539094784
Glyma.16G156200.Wm82.a4.v1,0.9558972539094784
Glyma.09G094800.Wm82.a4.v1,0.9558879150537685
Glyma.15G100200.Wm82.a4.v1,0.9558505596309285
Glyma.08G041100.Wm82.a4.v1,0.9557758487852483
Glyma.10G103000.Wm82.a4.v1,0.9557665099295384
Glyma.20G135800.Wm82.a4.v1,0.9557665099295384
Glyma.10G000200.Wm82.a4.v1,0.9557571710738283
Glyma.20G210400.Wm82.a4.v1,0.9557384933624083
Glyma.15G034400.Wm82.a4.v1,0.9557198156509883
Glyma.09G018900.Wm82.a4.v1,0.9556170882381781
Glyma.09G054800.Wm82.a4.v1,0.9555844022431932
Glyma.06G100200.Wm82.a4.v1,0.9555750633874831
Glyma.02G067400.Wm82.a4.v1,0.9555563856760632
Glyma.14G015700.Wm82.a4.v1,0.9555330385367881
Glyma.06G064100.Wm82.a4.v1,0.9555096913975131
Glyma.20G025700.Wm82.a4.v1,0.955467666546818
Glyma.10G253900.Wm82.a4.v1,0.955430311123978
Glyma.02G297900.Wm82.a4.v1,0.955416302840413
Glyma.17G114800.Wm82.a4.v1,0.955388286273283
Glyma.06G078400.Wm82.a4.v1,0.9553462614225879
Glyma.13G177800.Wm82.a4.v1,0.9553369225668779
Glyma.17G258300.Wm82.a4.v1,0.9552902282883279
Glyma.08G212900.Wm82.a4.v1,0.9552622117211979
Glyma.16G109900.Wm82.a4.v1,0.9552482034376328
Glyma.17G120100.Wm82.a4.v1,0.9552015091590828
Glyma.08G182100.Wm82.a4.v1,0.9551828314476627
Glyma.01G166100.Wm82.a4.v1,0.9551127900298376
Glyma.07G018200.Wm82.a4.v1,0.9550987817462726
Glyma.20G105800.Wm82.a4.v1,0.9550894428905626
Glyma.03G002200.Wm82.a4.v1,0.9550194014727376
Glyma.19G159900.Wm82.a4.v1,0.9549867154777525
Glyma.17G063100.Wm82.a4.v1,0.9549260129156375
Glyma.02G238600.Wm82.a4.v1,0.9549073352042174
Glyma.20G170000.Wm82.a4.v1,0.9549026657763624
Glyma.16G150400.Wm82.a4.v1,0.9548933269206524
Glyma.09G196000.Wm82.a4.v1,0.9548886574927974
Glyma.14G074700.Wm82.a4.v1,0.9548653103535224
Glyma.03G105200.Wm82.a4.v1,0.9548606409256674
Glyma.14G134900.Wm82.a4.v1,0.9548559714978124
Glyma.07G133200.Wm82.a4.v1,0.9548232855028274
Glyma.11G253900.Wm82.a4.v1,0.9547765912242773
Glyma.11G128900.Wm82.a4.v1,0.9547205580900172
Glyma.02G109100.Wm82.a4.v1,0.9547112192343072
Glyma.07G029900.Wm82.a4.v1,0.9546925415228872
Glyma.19G201600.Wm82.a4.v1,0.9546785332393222
Glyma.06G245200.Wm82.a4.v1,0.9546551861000472
Glyma.15G227500.Wm82.a4.v1,0.9546505166721921
Glyma.01G015100.Wm82.a4.v1,0.9546458472443371
Glyma.03G012000.Wm82.a4.v1,0.9546131612493521
Glyma.02G239700.Wm82.a4.v1,0.9545944835379321
Glyma.13G347800.Wm82.a4.v1,0.954575805826512
Glyma.05G053600.Wm82.a4.v1,0.9545431198315271
Glyma.13G045800.Wm82.a4.v1,0.954533780975817
Glyma.14G125200.Wm82.a4.v1,0.954519772692252
Glyma.15G073900.Wm82.a4.v1,0.954515103264397
Glyma.01G165400.Wm82.a4.v1,0.954505764408687
Glyma.03G007100.Wm82.a4.v1,0.9544917561251219
Glyma.04G072300.Wm82.a4.v1,0.954487086697267
Glyma.12G218900.Wm82.a4.v1,0.9544637395579919
Glyma.08G252500.Wm82.a4.v1,0.9543656815730368
Glyma.04G192600.Wm82.a4.v1,0.9543563427173268
Glyma.18G294100.Wm82.a4.v1,0.9542909707273568
Glyma.17G127900.Wm82.a4.v1,0.9542162598816767
Glyma.12G029100.Wm82.a4.v1,0.9541835738866916
Glyma.12G074100.Wm82.a4.v1,0.9541742350309816
Glyma.01G063700.Wm82.a4.v1,0.9541648961752717
Glyma.04G007800.Wm82.a4.v1,0.9541508878917067
Glyma.03G128300.Wm82.a4.v1,0.9540855159017365
Glyma.04G194800.Wm82.a4.v1,0.9540691729042441
Glyma.06G165700.Wm82.a4.v1,0.9540621687624615
Glyma.10G271600.Wm82.a4.v1,0.9540108050560565
Glyma.08G356300.Wm82.a4.v1,0.9539781190610714
Glyma.10G048600.Wm82.a4.v1,0.9539687802053615
Glyma.09G152100.Wm82.a4.v1,0.9539594413496514
Glyma.18G023100.Wm82.a4.v1,0.9539501024939414
Glyma.12G049400.Wm82.a4.v1,0.9539454330660864
Glyma.08G272600.Wm82.a4.v1,0.9539360942103764
Glyma.11G135900.Wm82.a4.v1,0.9539220859268114
Glyma.15G156200.Wm82.a4.v1,0.9539174164989563
Glyma.04G038900.Wm82.a4.v1,0.9538940693596814
Glyma.18G246400.Wm82.a4.v1,0.9538100196582913
Glyma.12G058000.Wm82.a4.v1,0.9537353088126111
Glyma.13G280200.Wm82.a4.v1,0.9536839451062061
Glyma.16G046500.Wm82.a4.v1,0.9536792756783511
Glyma.01G038600.Wm82.a4.v1,0.953637250827656
Glyma.02G085800.Wm82.a4.v1,0.9536185731162361
Glyma.15G156500.Wm82.a4.v1,0.953585887121251
Glyma.12G218100.Wm82.a4.v1,0.9534878291362959
Glyma.14G014100.Wm82.a4.v1,0.9534364654298909
Glyma.11G157700.Wm82.a4.v1,0.9533757628677758
Glyma.15G015800.Wm82.a4.v1,0.9533757628677758
Glyma.15G130500.Wm82.a4.v1,0.9533010520220957
Glyma.02G184800.Wm82.a4.v1,0.9532823743106758
Glyma.15G008700.Wm82.a4.v1,0.9532730354549657
Glyma.04G015400.Wm82.a4.v1,0.9532450188878356
Glyma.04G132900.Wm82.a4.v1,0.9531843163257206
Glyma.19G149100.Wm82.a4.v1,0.9531843163257206
Glyma.02G232600.Wm82.a4.v1,0.9531562997585906
Glyma.08G181300.Wm82.a4.v1,0.9530955971964755
Glyma.08G174200.Wm82.a4.v1,0.9530862583407655
Glyma.06G122400.Wm82.a4.v1,0.9530442334900705
Glyma.04G213800.Wm82.a4.v1,0.9530255557786504
Glyma.14G135900.Wm82.a4.v1,0.9529648532165353
Glyma.12G084900.Wm82.a4.v1,0.9528948117987103
Glyma.12G085900.Wm82.a4.v1,0.9528294398087402
Glyma.11G125100.Wm82.a4.v1,0.9527687372466251
Glyma.14G009900.Wm82.a4.v1,0.9527173735402201
Glyma.09G279000.Wm82.a4.v1,0.9526800181173801
Glyma.14G132800.Wm82.a4.v1,0.9526660098338151
Glyma.19G165400.Wm82.a4.v1,0.95261464612741
Glyma.19G154700.Wm82.a4.v1,0.95258662956028
Glyma.11G246700.Wm82.a4.v1,0.9525586129931499
Glyma.06G138700.Wm82.a4.v1,0.9525305964260199
Glyma.13G243700.Wm82.a4.v1,0.9525119187146
Glyma.05G201500.Wm82.a4.v1,0.9525119187146
Glyma.20G106600.Wm82.a4.v1,0.9524839021474699
Glyma.09G168300.Wm82.a4.v1,0.9524745632917598
Glyma.19G242800.Wm82.a4.v1,0.9524698938639049
Glyma.07G248600.Wm82.a4.v1,0.9524605550081948
Glyma.04G002000.Wm82.a4.v1,0.9524465467246298
Glyma.06G297000.Wm82.a4.v1,0.9524372078689198
Glyma.15G115500.Wm82.a4.v1,0.9524185301574998
Glyma.20G175900.Wm82.a4.v1,0.9524045218739348
Glyma.03G068100.Wm82.a4.v1,0.9523998524460798
Glyma.18G292600.Wm82.a4.v1,0.9523905135903697
Glyma.14G178800.Wm82.a4.v1,0.9523578275953848
Glyma.16G198500.Wm82.a4.v1,0.9523484887396747
Glyma.01G001000.Wm82.a4.v1,0.9523111333168347
Glyma.15G017000.Wm82.a4.v1,0.9523017944611247
Glyma.04G002900.Wm82.a4.v1,0.9522737778939947
Glyma.17G205000.Wm82.a4.v1,0.9522737778939947
Glyma.14G094200.Wm82.a4.v1,0.9522457613268647
Glyma.20G227900.Wm82.a4.v1,0.9522410918990096
Glyma.14G208600.Wm82.a4.v1,0.9522270836154446
Glyma.11G121700.Wm82.a4.v1,0.9521477033419096
Glyma.11G113800.Wm82.a4.v1,0.9521477033419096
Glyma.12G063400.Wm82.a4.v1,0.9521477033419096
Glyma.12G037200.Wm82.a4.v1,0.9521383644861995
Glyma.10G009100.Wm82.a4.v1,0.9520543147848094
Glyma.03G263200.Wm82.a4.v1,0.9520403065012444
Glyma.01G188100.Wm82.a4.v1,0.9520169593619694
Glyma.12G038800.Wm82.a4.v1,0.9519702650834193
Glyma.17G049700.Wm82.a4.v1,0.9519329096605793
Glyma.08G009000.Wm82.a4.v1,0.9519189013770143
Glyma.16G004800.Wm82.a4.v1,0.9518441905313342
Glyma.13G189500.Wm82.a4.v1,0.9518255128199141
Glyma.18G003200.Wm82.a4.v1,0.9518208433920592
Glyma.06G254900.Wm82.a4.v1,0.9517928268249292
Glyma.17G188300.Wm82.a4.v1,0.9517648102577991
Glyma.07G132000.Wm82.a4.v1,0.951648074561424
Glyma.08G362400.Wm82.a4.v1,0.951638735705714
Glyma.08G005000.Wm82.a4.v1,0.9515780331435989
Glyma.01G201200.Wm82.a4.v1,0.9514239420243837
Glyma.05G082200.Wm82.a4.v1,0.9513679088901237
Glyma.04G017500.Wm82.a4.v1,0.9513679088901237
Glyma.09G044800.Wm82.a4.v1,0.9513632394622686
Glyma.05G218000.Wm82.a4.v1,0.9513539006065587
Glyma.09G218600.Wm82.a4.v1,0.9513539006065587
Glyma.13G275800.Wm82.a4.v1,0.9513492311787036
Glyma.10G130200.Wm82.a4.v1,0.9513305534672837
Glyma.10G167800.Wm82.a4.v1,0.9513165451837187
Glyma.11G061100.Wm82.a4.v1,0.9513165451837187
Glyma.11G192300.Wm82.a4.v1,0.9512698509051686
Glyma.07G048000.Wm82.a4.v1,0.9512605120494586
Glyma.08G176300.Wm82.a4.v1,0.9512231566266185
Glyma.13G319500.Wm82.a4.v1,0.9511811317759234
Glyma.19G192800.Wm82.a4.v1,0.9511764623480685
Glyma.08G140400.Wm82.a4.v1,0.9510924126466784
Glyma.08G055300.Wm82.a4.v1,0.9510830737909683
Glyma.05G221500.Wm82.a4.v1,0.9510737349352584
Glyma.06G275400.Wm82.a4.v1,0.9510130323731433
Glyma.13G053800.Wm82.a4.v1,0.9509523298110283
Glyma.15G042300.Wm82.a4.v1,0.9509196438160432
Glyma.12G139200.Wm82.a4.v1,0.9508215858310881
Glyma.16G094900.Wm82.a4.v1,0.9507702221246831
Glyma.06G118300.Wm82.a4.v1,0.950751544413263
Glyma.08G339400.Wm82.a4.v1,0.950714188990423
Glyma.10G200700.Wm82.a4.v1,0.950714188990423
Glyma.10G207500.Wm82.a4.v1,0.950714188990423
Glyma.06G047400.Wm82.a4.v1,0.9505787755826278
Glyma.04G226900.Wm82.a4.v1,0.9505647672990628
Glyma.19G177900.Wm82.a4.v1,0.9505647672990628
Glyma.18G004100.Wm82.a4.v1,0.9505600978712079
Glyma.11G048100.Wm82.a4.v1,0.9505600978712079
Glyma.13G078400.Wm82.a4.v1,0.9505320813040778
Glyma.13G106600.Wm82.a4.v1,0.9505274118762228
Glyma.01G104100.Wm82.a4.v1,0.9505274118762228
Glyma.20G079300.Wm82.a4.v1,0.9504947258812377
Glyma.18G238700.Wm82.a4.v1,0.9504667093141077
Glyma.U031221.Wm82.a4.v1,0.9504667093141077
Glyma.08G185000.Wm82.a4.v1,0.9504620398862528
Glyma.05G200000.Wm82.a4.v1,0.9504246844634127
Glyma.15G017500.Wm82.a4.v1,0.9504013373241377
Glyma.03G108000.Wm82.a4.v1,0.9503593124734426
Glyma.18G074400.Wm82.a4.v1,0.9503546430455876
Glyma.09G098700.Wm82.a4.v1,0.9503499736177327
Glyma.14G074402.Wm82.a4.v1,0.9503172876227476
Glyma.08G282100.Wm82.a4.v1,0.9503126181948925
Glyma.03G090200.Wm82.a4.v1,0.9502986099113275
Glyma.02G182800.Wm82.a4.v1,0.9502962751974
Glyma.02G014800.Wm82.a4.v1,0.9502846016277625
Glyma.15G051000.Wm82.a4.v1,0.9502472462049225
Glyma.12G021500.Wm82.a4.v1,0.9502379073492125
Glyma.06G272500.Wm82.a4.v1,0.9502332379213575
Glyma.13G331900.Wm82.a4.v1,0.9502052213542275
Glyma.01G010400.Wm82.a4.v1,0.9502005519263724
Glyma.16G089000.Wm82.a4.v1,0.9501958824985175
Glyma.13G369700.Wm82.a4.v1,0.9501818742149525
Glyma.15G068500.Wm82.a4.v1,0.9501772047870974
Glyma.02G255500.Wm82.a4.v1,0.9501538576478225
Glyma.07G271200.Wm82.a4.v1,0.9501165022249823
Glyma.01G001600.Wm82.a4.v1,0.9500744773742873
Glyma.11G137300.Wm82.a4.v1,0.9500651385185773
Glyma.10G268000.Wm82.a4.v1,0.9500184442400272
Glyma.12G002200.Wm82.a4.v1,0.9500137748121723
Glyma.10G121600.Wm82.a4.v1,0.9500044359564622
Glyma.10G221500.Wm82.a4.v1,0.9499670805336222
Glyma.01G054950.Wm82.a4.v1,0.9499250556829272
Glyma.07G039900.Wm82.a4.v1,0.9499063779715071
Glyma.05G059600.Wm82.a4.v1,0.949784972847277
Glyma.04G157300.Wm82.a4.v1,0.9497756339915671
Glyma.02G301000.Wm82.a4.v1,0.949761625708002
Glyma.13G215300.Wm82.a4.v1,0.9497102620015969
Glyma.07G240000.Wm82.a4.v1,0.9496729065787569
Glyma.06G110100.Wm82.a4.v1,0.9496402205837718
Glyma.18G290000.Wm82.a4.v1,0.9495888568773668
Glyma.20G240700.Wm82.a4.v1,0.9495655097380918
Glyma.16G016700.Wm82.a4.v1,0.9495655097380918
Glyma.02G012500.Wm82.a4.v1,0.9495468320266718
Glyma.19G007800.Wm82.a4.v1,0.9495281543152517
Glyma.12G164400.Wm82.a4.v1,0.9494907988924117
Glyma.02G209900.Wm82.a4.v1,0.9493974103353117
Glyma.08G101800.Wm82.a4.v1,0.9493693937681816
Glyma.09G227100.Wm82.a4.v1,0.9493600549124716
Glyma.06G140800.Wm82.a4.v1,0.9492946829225015
Glyma.09G103400.Wm82.a4.v1,0.9492526580718065
Glyma.18G076000.Wm82.a4.v1,0.9492153026489665
Glyma.16G070800.Wm82.a4.v1,0.9491452612311414
Glyma.19G023200.Wm82.a4.v1,0.9491405918032864
Glyma.12G081500.Wm82.a4.v1,0.9491172446640114
Glyma.01G238000.Wm82.a4.v1,0.9491079058083013
Glyma.02G245700.Wm82.a4.v1,0.9490612115297513
Glyma.14G195200.Wm82.a4.v1,0.9490285255347662
Glyma.10G004300.Wm82.a4.v1,0.9489841659701437
Glyma.19G149200.Wm82.a4.v1,0.9489771618283611
Glyma.04G225300.Wm82.a4.v1,0.9489538146890861
Glyma.05G036900.Wm82.a4.v1,0.9489398064055211
Glyma.10G233300.Wm82.a4.v1,0.9489141245523186
Glyma.20G118500.Wm82.a4.v1,0.9488744344155511
Glyma.09G249200.Wm82.a4.v1,0.948827740137001
Glyma.06G082200.Wm82.a4.v1,0.948813731853436
Glyma.16G106300.Wm82.a4.v1,0.948790384714161
Glyma.06G271200.Wm82.a4.v1,0.948785715286306
Glyma.12G130000.Wm82.a4.v1,0.9487717070027409
Glyma.18G243800.Wm82.a4.v1,0.9487110044406258
Glyma.06G130900.Wm82.a4.v1,0.9486783184456409
Glyma.09G016600.Wm82.a4.v1,0.9486503018785108
Glyma.01G229400.Wm82.a4.v1,0.9486222853113808
Glyma.01G192300.Wm82.a4.v1,0.9486082770278158
Glyma.03G017200.Wm82.a4.v1,0.9486082770278158
Glyma.16G095000.Wm82.a4.v1,0.9485755910328307
Glyma.11G008300.Wm82.a4.v1,0.9485522438935557
Glyma.16G127800.Wm82.a4.v1,0.9485475744657007
Glyma.15G083500.Wm82.a4.v1,0.9483888139186305
Glyma.12G022500.Wm82.a4.v1,0.9483467890679355
Glyma.03G210100.Wm82.a4.v1,0.9482580699386904
Glyma.20G097700.Wm82.a4.v1,0.9482534005108354
Glyma.10G002400.Wm82.a4.v1,0.9482487310829804
Glyma.09G185300.Wm82.a4.v1,0.9482253839437054
Glyma.12G099700.Wm82.a4.v1,0.9482160450879954
Glyma.11G029200.Wm82.a4.v1,0.9481926979487203
Glyma.11G102300.Wm82.a4.v1,0.9481600119537353
Glyma.18G039800.Wm82.a4.v1,0.9481553425258803
Glyma.13G337200.Wm82.a4.v1,0.9481226565308952
Glyma.14G082200.Wm82.a4.v1,0.9481039788194753
Glyma.04G151600.Wm82.a4.v1,0.9480105902623751
Glyma.10G168100.Wm82.a4.v1,0.9479919125509552
Glyma.18G026100.Wm82.a4.v1,0.9479638959838251
Glyma.05G210900.Wm82.a4.v1,0.9479358794166951
Glyma.09G215000.Wm82.a4.v1,0.9478424908595949
Glyma.04G171400.Wm82.a4.v1,0.947823813148175
Glyma.20G160400.Wm82.a4.v1,0.9478144742924649
Glyma.11G169700.Wm82.a4.v1,0.9477631105860599
Glyma.14G070600.Wm82.a4.v1,0.9477584411582048
Glyma.02G295200.Wm82.a4.v1,0.9476883997403798
Glyma.10G051100.Wm82.a4.v1,0.9476697220289598
Glyma.18G203200.Wm82.a4.v1,0.9476463748896847
Glyma.07G221900.Wm82.a4.v1,0.9476276971782648
Glyma.19G114700.Wm82.a4.v1,0.9475436474768747
Glyma.11G174701.Wm82.a4.v1,0.9475156309097447
Glyma.04G186300.Wm82.a4.v1,0.9474082340690795
Glyma.06G033700.Wm82.a4.v1,0.9473802175019495
Glyma.13G069800.Wm82.a4.v1,0.9473708786462395
Glyma.15G195500.Wm82.a4.v1,0.9472961678005594
Glyma.08G051100.Wm82.a4.v1,0.9472448040941543
Glyma.10G291200.Wm82.a4.v1,0.9472354652384444
Glyma.03G178300.Wm82.a4.v1,0.9471841015320392
Glyma.07G002700.Wm82.a4.v1,0.9471514155370543
Glyma.08G232600.Wm82.a4.v1,0.9471047212585042
Glyma.04G200400.Wm82.a4.v1,0.9470066632735491
Glyma.09G045000.Wm82.a4.v1,0.9470019938456941
Glyma.13G028100.Wm82.a4.v1,0.9469412912835791
Glyma.12G093100.Wm82.a4.v1,0.946931952427869
Glyma.03G241300.Wm82.a4.v1,0.9468619110100439
Glyma.13G264400.Wm82.a4.v1,0.946857241582189
Glyma.10G230000.Wm82.a4.v1,0.9468525721543339
Glyma.11G149900.Wm82.a4.v1,0.9468525721543339
Glyma.19G262000.Wm82.a4.v1,0.9468479027264789
Glyma.10G051200.Wm82.a4.v1,0.9467872001643639
Glyma.13G060100.Wm82.a4.v1,0.9467778613086538
Glyma.05G188200.Wm82.a4.v1,0.9467545141693788
Glyma.06G138100.Wm82.a4.v1,0.9467171587465388
Glyma.12G136800.Wm82.a4.v1,0.9466237701894387
Glyma.03G056300.Wm82.a4.v1,0.9466004230501637
Glyma.16G165900.Wm82.a4.v1,0.9465770759108887
Glyma.19G160500.Wm82.a4.v1,0.9465583981994686
Glyma.07G223700.Wm82.a4.v1,0.9465070344930636
Glyma.06G265000.Wm82.a4.v1,0.9465046997791361
Glyma.12G200200.Wm82.a4.v1,0.9464603402145135
Glyma.03G014000.Wm82.a4.v1,0.9464603402145135
Glyma.03G213300.Wm82.a4.v1,0.9464556707866585
Glyma.13G162900.Wm82.a4.v1,0.9464416625030935
Glyma.10G155600.Wm82.a4.v1,0.9463856293688334
Glyma.10G012900.Wm82.a4.v1,0.9463482739459934
Glyma.02G269700.Wm82.a4.v1,0.9463155879510083
Glyma.03G174300.Wm82.a4.v1,0.9463062490952984
Glyma.15G234700.Wm82.a4.v1,0.9462875713838783
Glyma.02G035200.Wm82.a4.v1,0.9462595548167483
Glyma.10G256400.Wm82.a4.v1,0.9462035216824882
Glyma.12G215100.Wm82.a4.v1,0.9461988522546333
Glyma.06G276300.Wm82.a4.v1,0.9461801745432132
Glyma.20G142000.Wm82.a4.v1,0.9461381496925182
Glyma.18G216800.Wm82.a4.v1,0.9461148025532432
Glyma.10G017900.Wm82.a4.v1,0.9461148025532432
Glyma.19G132800.Wm82.a4.v1,0.9461101331253882
Glyma.04G001600.Wm82.a4.v1,0.9460774471304031
Glyma.04G204500.Wm82.a4.v1,0.9460634388468381
Glyma.10G063800.Wm82.a4.v1,0.9460494305632731
Glyma.05G121000.Wm82.a4.v1,0.946002736284723
Glyma.13G058600.Wm82.a4.v1,0.946002736284723
Glyma.07G135300.Wm82.a4.v1,0.945993397429013
Glyma.14G017100.Wm82.a4.v1,0.945988728001158
Glyma.08G070800.Wm82.a4.v1,0.945942033722608
Glyma.17G112200.Wm82.a4.v1,0.9459326948668979
Glyma.06G244900.Wm82.a4.v1,0.9459233560111879
Glyma.20G098500.Wm82.a4.v1,0.9459046782997679
Glyma.06G325300.Wm82.a4.v1,0.945900008871913
Glyma.01G227400.Wm82.a4.v1,0.9458813311604929
Glyma.06G116300.Wm82.a4.v1,0.9458719923047829
Glyma.05G156100.Wm82.a4.v1,0.9458673228769279
Glyma.06G017900.Wm82.a4.v1,0.9458533145933629
Glyma.02G034300.Wm82.a4.v1,0.9457365788969877
Glyma.02G274000.Wm82.a4.v1,0.9457319094691328
Glyma.16G177300.Wm82.a4.v1,0.9456852151905827
Glyma.13G027300.Wm82.a4.v1,0.9456245126284676
Glyma.17G164200.Wm82.a4.v1,0.9456198432006127
Glyma.14G207500.Wm82.a4.v1,0.9456198432006127
Glyma.10G174200.Wm82.a4.v1,0.9455824877777725
Glyma.13G094600.Wm82.a4.v1,0.9455591406384976
Glyma.06G108100.Wm82.a4.v1,0.9455591406384976
Glyma.19G013200.Wm82.a4.v1,0.9455544712106425
Glyma.03G070600.Wm82.a4.v1,0.9455357934992226
Glyma.17G233900.Wm82.a4.v1,0.9455264546435125
Glyma.14G015900.Wm82.a4.v1,0.9455171157878025
Glyma.19G240100.Wm82.a4.v1,0.9455124463599475
Glyma.10G180100.Wm82.a4.v1,0.9453910412357174
Glyma.05G041900.Wm82.a4.v1,0.9453676940964424
Glyma.06G267300.Wm82.a4.v1,0.9453443469571673
Glyma.08G224600.Wm82.a4.v1,0.9452976526786173
Glyma.01G242902.Wm82.a4.v1,0.9452929832507623
Glyma.19G180000.Wm82.a4.v1,0.9452649666836322
Glyma.07G141900.Wm82.a4.v1,0.9452602972557772
Glyma.09G068000.Wm82.a4.v1,0.9452159376911548
Glyma.16G022300.Wm82.a4.v1,0.9452042641215171
Glyma.18G151800.Wm82.a4.v1,0.9451949252658072
Glyma.07G273600.Wm82.a4.v1,0.9451575698429672
Glyma.02G267800.Wm82.a4.v1,0.9451342227036921
Glyma.16G071100.Wm82.a4.v1,0.9450875284251421
Glyma.08G134400.Wm82.a4.v1,0.945050173002302
Glyma.14G115500.Wm82.a4.v1,0.945040834146592
Glyma.19G203300.Wm82.a4.v1,0.945022156435172
Glyma.17G036600.Wm82.a4.v1,0.9448960818830868
Glyma.07G060000.Wm82.a4.v1,0.9448774041716669
Glyma.02G287600.Wm82.a4.v1,0.9448774041716669
Glyma.16G220200.Wm82.a4.v1,0.9448540570323918
Glyma.17G097600.Wm82.a4.v1,0.9448493876045369
Glyma.18G072700.Wm82.a4.v1,0.9448400487488268
Glyma.05G201300.Wm82.a4.v1,0.9448260404652618
Glyma.05G205300.Wm82.a4.v1,0.9448143668956243
Glyma.09G129400.Wm82.a4.v1,0.9447980238981317
Glyma.13G243100.Wm82.a4.v1,0.9447326519081617
Glyma.11G097200.Wm82.a4.v1,0.9447139741967416
Glyma.10G127800.Wm82.a4.v1,0.9447093047688867
Glyma.04G087000.Wm82.a4.v1,0.9446952964853217
Glyma.15G267000.Wm82.a4.v1,0.9446906270574666
Glyma.02G200700.Wm82.a4.v1,0.9446672799181917
Glyma.17G033400.Wm82.a4.v1,0.9446439327789166
Glyma.08G172200.Wm82.a4.v1,0.9446205856396416
Glyma.10G245200.Wm82.a4.v1,0.9445972385003666
Glyma.08G162800.Wm82.a4.v1,0.9444104613861664
Glyma.03G156600.Wm82.a4.v1,0.9443544282519063
Glyma.18G096500.Wm82.a4.v1,0.9443450893961963
Glyma.17G233000.Wm82.a4.v1,0.9442890562619363
Glyma.08G177400.Wm82.a4.v1,0.9442657091226612
Glyma.19G255300.Wm82.a4.v1,0.9442657091226612
Glyma.18G258900.Wm82.a4.v1,0.9442610396948062
Glyma.19G203900.Wm82.a4.v1,0.9442563702669512
Glyma.20G003100.Wm82.a4.v1,0.9442470314112412
Glyma.05G060500.Wm82.a4.v1,0.9442330231276762
Glyma.05G055500.Wm82.a4.v1,0.9442306884137487
Glyma.15G063000.Wm82.a4.v1,0.9442213495580386
Glyma.04G008900.Wm82.a4.v1,0.9441816594212711
Glyma.06G002800.Wm82.a4.v1,0.944125626287011
Glyma.20G170200.Wm82.a4.v1,0.9441209568591561
Glyma.19G260900.Wm82.a4.v1,0.9441069485755911
Glyma.16G172700.Wm82.a4.v1,0.944078932008461
Glyma.16G219500.Wm82.a4.v1,0.944060254297041
Glyma.13G349900.Wm82.a4.v1,0.944050915441331
Glyma.02G203300.Wm82.a4.v1,0.943994882307071
Glyma.14G068600.Wm82.a4.v1,0.9439715351677959
Glyma.06G191300.Wm82.a4.v1,0.9439528574563759
Glyma.06G001600.Wm82.a4.v1,0.9439435186006658
Glyma.20G136100.Wm82.a4.v1,0.9438781466106958
Glyma.05G027800.Wm82.a4.v1,0.9438127746207258
Glyma.12G049700.Wm82.a4.v1,0.9437987663371608
Glyma.03G107000.Wm82.a4.v1,0.9437847580535957
Glyma.20G237200.Wm82.a4.v1,0.9437707497700307
Glyma.13G279600.Wm82.a4.v1,0.9437193860636256
Glyma.07G077700.Wm82.a4.v1,0.9437147166357707
Glyma.15G111700.Wm82.a4.v1,0.9437100472079156
Glyma.09G223600.Wm82.a4.v1,0.9436773612129306
Glyma.17G006800.Wm82.a4.v1,0.9436633529293655
Glyma.16G137000.Wm82.a4.v1,0.9436119892229605
Glyma.07G036000.Wm82.a4.v1,0.9435979809393955
Glyma.02G133900.Wm82.a4.v1,0.9435839726558305
Glyma.12G059600.Wm82.a4.v1,0.9435699643722655
Glyma.19G140800.Wm82.a4.v1,0.9435419478051355
Glyma.02G185000.Wm82.a4.v1,0.9435186006658605
Glyma.19G193200.Wm82.a4.v1,0.9434952535265854
Glyma.16G098900.Wm82.a4.v1,0.9434532286758903
Glyma.18G200200.Wm82.a4.v1,0.9434438898201803
Glyma.11G071400.Wm82.a4.v1,0.9433831872580652
Glyma.05G174300.Wm82.a4.v1,0.9433038069845302
Glyma.11G020100.Wm82.a4.v1,0.9432804598452552
Glyma.12G201700.Wm82.a4.v1,0.943187071288155
Glyma.14G190200.Wm82.a4.v1,0.943159054721025
Glyma.05G087100.Wm82.a4.v1,0.94314504643746
Glyma.02G273400.Wm82.a4.v1,0.94313570758175
Glyma.17G243100.Wm82.a4.v1,0.943121699298185
Glyma.02G103600.Wm82.a4.v1,0.9430843438753449
Glyma.20G233800.Wm82.a4.v1,0.9430563273082149
Glyma.06G255900.Wm82.a4.v1,0.9430236413132299
Glyma.06G049400.Wm82.a4.v1,0.9430049636018099
Glyma.02G245400.Wm82.a4.v1,0.9430002941739548
Glyma.12G167700.Wm82.a4.v1,0.9429722776068248
Glyma.01G124300.Wm82.a4.v1,0.9429349221839848
Glyma.13G323400.Wm82.a4.v1,0.9429022361889997
Glyma.10G192400.Wm82.a4.v1,0.9429022361889997
Glyma.03G178000.Wm82.a4.v1,0.9428742196218697
Glyma.19G201300.Wm82.a4.v1,0.9428555419104497
Glyma.02G084300.Wm82.a4.v1,0.9428508724825947
Glyma.13G295100.Wm82.a4.v1,0.9428415336268847
Glyma.10G168200.Wm82.a4.v1,0.9428158517736822
Glyma.08G173800.Wm82.a4.v1,0.9428135170597547
Glyma.17G048900.Wm82.a4.v1,0.9427761616369146
Glyma.09G024500.Wm82.a4.v1,0.9427714922090596
Glyma.07G253400.Wm82.a4.v1,0.9427621533533496
Glyma.03G262900.Wm82.a4.v1,0.9427434756419296
Glyma.06G070400.Wm82.a4.v1,0.9427294673583646
Glyma.10G197000.Wm82.a4.v1,0.9427247979305096
Glyma.11G024100.Wm82.a4.v1,0.9426827730798145
Glyma.10G239200.Wm82.a4.v1,0.9426594259405395
Glyma.11G054000.Wm82.a4.v1,0.9426360788012644
Glyma.04G190100.Wm82.a4.v1,0.9426220705176994
Glyma.02G231100.Wm82.a4.v1,0.9425707068112944
Glyma.07G038500.Wm82.a4.v1,0.9425473596720194
Glyma.08G123300.Wm82.a4.v1,0.9425333513884544
Glyma.10G037300.Wm82.a4.v1,0.9425006653934693
Glyma.09G146700.Wm82.a4.v1,0.9424493016870643
Glyma.03G097300.Wm82.a4.v1,0.9424446322592093
Glyma.19G152600.Wm82.a4.v1,0.9424306239756443
Glyma.20G010600.Wm82.a4.v1,0.9424259545477892
Glyma.17G230100.Wm82.a4.v1,0.9423979379806592
Glyma.11G119300.Wm82.a4.v1,0.9423652519856742
Glyma.15G213600.Wm82.a4.v1,0.9423629172717467
Glyma.13G359500.Wm82.a4.v1,0.942257855145009
Glyma.12G039900.Wm82.a4.v1,0.9422531857171541
Glyma.05G188300.Wm82.a4.v1,0.9422251691500241
Glyma.08G146300.Wm82.a4.v1,0.9422111608664591
Glyma.06G110500.Wm82.a4.v1,0.942187813727184
Glyma.02G305600.Wm82.a4.v1,0.9421457888764889
Glyma.13G338400.Wm82.a4.v1,0.942136450020779
Glyma.07G043800.Wm82.a4.v1,0.942136450020779
Glyma.13G204700.Wm82.a4.v1,0.9421037640257939
Glyma.18G102100.Wm82.a4.v1,0.9420804168865189
Glyma.19G249000.Wm82.a4.v1,0.9420197143244038
Glyma.05G184700.Wm82.a4.v1,0.9420103754686938
Glyma.02G133600.Wm82.a4.v1,0.9419590117622888
Glyma.15G123800.Wm82.a4.v1,0.9418936397723187
Glyma.09G088300.Wm82.a4.v1,0.9418095900709286
Glyma.08G243000.Wm82.a4.v1,0.9417909123595086
Glyma.17G079100.Wm82.a4.v1,0.9417535569366685
Glyma.18G099500.Wm82.a4.v1,0.9417232056556111
Glyma.19G225400.Wm82.a4.v1,0.9417208709416836
Glyma.03G130800.Wm82.a4.v1,0.9417115320859735
Glyma.13G349100.Wm82.a4.v1,0.9416578336656409
Glyma.07G003400.Wm82.a4.v1,0.9416461600960034
Glyma.09G073050.Wm82.a4.v1,0.9416461600960034
Glyma.15G017900.Wm82.a4.v1,0.9416274823845834
Glyma.12G112000.Wm82.a4.v1,0.9416134741010184
Glyma.15G022700.Wm82.a4.v1,0.9415994658174534
Glyma.10G179500.Wm82.a4.v1,0.9415994658174534
Glyma.05G015200.Wm82.a4.v1,0.9415527715389034
Glyma.11G246600.Wm82.a4.v1,0.9415200855439183
Glyma.10G134100.Wm82.a4.v1,0.9414827301210783
Glyma.15G018000.Wm82.a4.v1,0.9414733912653682
Glyma.05G061400.Wm82.a4.v1,0.9414500441260932
Glyma.13G068000.Wm82.a4.v1,0.9414266969868182
Glyma.02G243800.Wm82.a4.v1,0.9413426472854282
Glyma.03G150600.Wm82.a4.v1,0.9413333084297181
Glyma.05G246900.Wm82.a4.v1,0.9413099612904431
Glyma.10G238800.Wm82.a4.v1,0.9411792173105029
Glyma.04G076600.Wm82.a4.v1,0.9411652090269379
Glyma.07G090400.Wm82.a4.v1,0.9411558701712279
Glyma.02G069000.Wm82.a4.v1,0.9411325230319529
Glyma.05G177000.Wm82.a4.v1,0.9410834940394753
Glyma.03G187000.Wm82.a4.v1,0.9410811593255478
Glyma.17G200600.Wm82.a4.v1,0.9410297956191428
Glyma.06G323000.Wm82.a4.v1,0.9410157873355778
Glyma.19G232700.Wm82.a4.v1,0.9410064484798678
Glyma.09G212600.Wm82.a4.v1,0.9409971096241577
Glyma.11G096300.Wm82.a4.v1,0.9409410764898977
Glyma.08G045100.Wm82.a4.v1,0.9409270682063327
Glyma.17G007100.Wm82.a4.v1,0.9409083904949127
Glyma.19G125800.Wm82.a4.v1,0.9408943822113477
Glyma.03G232700.Wm82.a4.v1,0.9408757044999276
Glyma.17G101300.Wm82.a4.v1,0.9408616962163626
Glyma.09G050800.Wm82.a4.v1,0.9408570267885076
Glyma.15G196400.Wm82.a4.v1,0.9408336796492326
Glyma.01G203100.Wm82.a4.v1,0.9408150019378125
Glyma.19G194936.Wm82.a4.v1,0.9407589688035525
Glyma.11G120800.Wm82.a4.v1,0.9407589688035525
Glyma.07G184300.Wm82.a4.v1,0.9407122745250025
Glyma.01G014700.Wm82.a4.v1,0.9407029356692924
Glyma.16G018500.Wm82.a4.v1,0.9407029356692924
Glyma.02G211200.Wm82.a4.v1,0.9406889273857274
Glyma.12G147300.Wm82.a4.v1,0.9406889273857274
Glyma.18G214000.Wm82.a4.v1,0.9406795885300174
Glyma.19G020800.Wm82.a4.v1,0.9406749191021624
Glyma.09G018600.Wm82.a4.v1,0.9406048776843373
Glyma.13G279900.Wm82.a4.v1,0.9406048776843373
Glyma.15G115600.Wm82.a4.v1,0.9405208279829472
Glyma.11G005500.Wm82.a4.v1,0.9404274394258472
Glyma.06G051500.Wm82.a4.v1,0.9404227699979921
Glyma.17G022700.Wm82.a4.v1,0.9403994228587171
Glyma.08G131500.Wm82.a4.v1,0.9403807451472971
Glyma.16G095100.Wm82.a4.v1,0.9403714062915871
Glyma.01G188700.Wm82.a4.v1,0.940324712013037
Glyma.02G143700.Wm82.a4.v1,0.940301364873762
Glyma.08G130400.Wm82.a4.v1,0.940268678878777
Glyma.02G017800.Wm82.a4.v1,0.940259340023067
Glyma.15G080200.Wm82.a4.v1,0.940250001167357
Glyma.09G197000.Wm82.a4.v1,0.9402406623116469
Glyma.14G215100.Wm82.a4.v1,0.940235992883792
Glyma.09G018200.Wm82.a4.v1,0.940231323455937
Glyma.18G019400.Wm82.a4.v1,0.940217315172372
Glyma.11G067300.Wm82.a4.v1,0.9402126457445169
Glyma.05G129300.Wm82.a4.v1,0.9401846291773869
Glyma.15G205900.Wm82.a4.v1,0.9401659514659668
Glyma.11G252900.Wm82.a4.v1,0.9401612820381119
Glyma.19G232100.Wm82.a4.v1,0.9401192571874168
Glyma.08G205400.Wm82.a4.v1,0.9401052489038518
Glyma.19G011300.Wm82.a4.v1,0.9400585546253017
Glyma.12G223400.Wm82.a4.v1,0.9400492157695918
Glyma.03G152200.Wm82.a4.v1,0.9400305380581717
Glyma.09G177100.Wm82.a4.v1,0.9399931826353317
Glyma.05G126500.Wm82.a4.v1,0.9399745049239117
Glyma.06G307000.Wm82.a4.v1,0.9399418189289266
Glyma.11G158500.Wm82.a4.v1,0.9399231412175066
Glyma.15G137900.Wm82.a4.v1,0.9399231412175066
Glyma.02G216200.Wm82.a4.v1,0.9398577692275365
Glyma.20G094800.Wm82.a4.v1,0.9398344220882615
Glyma.17G199600.Wm82.a4.v1,0.9398297526604065
Glyma.15G048700.Wm82.a4.v1,0.9398157443768415
Glyma.04G028400.Wm82.a4.v1,0.9397830583818565
Glyma.07G043900.Wm82.a4.v1,0.9397690500982915
Glyma.12G166200.Wm82.a4.v1,0.9397386988172339
Glyma.09G002100.Wm82.a4.v1,0.939729359961524
Glyma.04G256100.Wm82.a4.v1,0.9396943392526114
Glyma.20G203900.Wm82.a4.v1,0.9396803309690464
Glyma.11G117100.Wm82.a4.v1,0.9396149589790763
Glyma.09G213800.Wm82.a4.v1,0.9395729341283813
Glyma.06G157400.Wm82.a4.v1,0.9395402481333962
Glyma.02G035000.Wm82.a4.v1,0.9395309092776862
Glyma.11G197900.Wm82.a4.v1,0.9395262398498312
Glyma.03G203000.Wm82.a4.v1,0.9395122315662662
Glyma.08G246400.Wm82.a4.v1,0.9395075621384111
Glyma.01G193200.Wm82.a4.v1,0.9394258471509486
Glyma.03G149600.Wm82.a4.v1,0.939386157014181
Glyma.01G203600.Wm82.a4.v1,0.939372148730616
Glyma.19G049200.Wm82.a4.v1,0.939334793307776
Glyma.08G014400.Wm82.a4.v1,0.939306776740646
Glyma.04G061800.Wm82.a4.v1,0.939306776740646
Glyma.14G056900.Wm82.a4.v1,0.9392320658949659
Glyma.02G297700.Wm82.a4.v1,0.9392087187556909
Glyma.12G052700.Wm82.a4.v1,0.9391666939049959
Glyma.09G278100.Wm82.a4.v1,0.9391666939049959
Glyma.05G120700.Wm82.a4.v1,0.9391246690543008
Glyma.08G086600.Wm82.a4.v1,0.9391199996264458
Glyma.12G144400.Wm82.a4.v1,0.9391153301985907
Glyma.01G001100.Wm82.a4.v1,0.9390966524871708
Glyma.05G024200.Wm82.a4.v1,0.9390873136314607
Glyma.20G179100.Wm82.a4.v1,0.9390873136314607
Glyma.19G216500.Wm82.a4.v1,0.9390779747757507
Glyma.02G057900.Wm82.a4.v1,0.9390172722136356
Glyma.05G243300.Wm82.a4.v1,0.9390032639300706
Glyma.19G218400.Wm82.a4.v1,0.9389799167907956
Glyma.19G045600.Wm82.a4.v1,0.9389519002236656
Glyma.12G239100.Wm82.a4.v1,0.9389378919401006
Glyma.17G120900.Wm82.a4.v1,0.9388911976615505
Glyma.01G114000.Wm82.a4.v1,0.9388678505222755
Glyma.03G251600.Wm82.a4.v1,0.9388445033830005
Glyma.11G077800.Wm82.a4.v1,0.9388258256715805
Glyma.08G107300.Wm82.a4.v1,0.938814152101943
Glyma.18G060600.Wm82.a4.v1,0.9387651231094654
Glyma.07G258400.Wm82.a4.v1,0.9387511148259003
Glyma.15G075600.Wm82.a4.v1,0.9385690071395552
Glyma.07G115900.Wm82.a4.v1,0.938382230025355
Glyma.17G147900.Wm82.a4.v1,0.938298180323965
Glyma.03G008400.Wm82.a4.v1,0.9382608249011248
Glyma.10G026400.Wm82.a4.v1,0.9381861140554448
Glyma.06G323700.Wm82.a4.v1,0.9381767751997347
Glyma.06G259400.Wm82.a4.v1,0.9381487586326047
Glyma.14G016600.Wm82.a4.v1,0.9381207420654747
Glyma.02G026300.Wm82.a4.v1,0.9381207420654747
Glyma.17G071600.Wm82.a4.v1,0.9381160726376198
Glyma.17G059100.Wm82.a4.v1,0.9380973949261997
Glyma.01G062100.Wm82.a4.v1,0.9380880560704897
Glyma.02G001000.Wm82.a4.v1,0.9380553700755047
Glyma.02G213700.Wm82.a4.v1,0.9380273535083746
Glyma.10G186400.Wm82.a4.v1,0.9379292955234195
Glyma.07G211400.Wm82.a4.v1,0.9379199566677096
Glyma.10G072000.Wm82.a4.v1,0.9378685929613044
Glyma.10G258502.Wm82.a4.v1,0.9378499152498845
Glyma.13G253800.Wm82.a4.v1,0.9378359069663195
Glyma.11G112600.Wm82.a4.v1,0.9378218986827545
Glyma.17G098600.Wm82.a4.v1,0.9377938821156244
Glyma.18G105900.Wm82.a4.v1,0.9376397909964093
Glyma.01G069500.Wm82.a4.v1,0.9375417330114542
Glyma.11G068600.Wm82.a4.v1,0.9375230553000341
Glyma.20G095700.Wm82.a4.v1,0.9375230553000341
Glyma.08G164500.Wm82.a4.v1,0.9374856998771941
Glyma.14G033200.Wm82.a4.v1,0.9374436750264991
Glyma.07G217900.Wm82.a4.v1,0.937387641892239
Glyma.11G110000.Wm82.a4.v1,0.937345617041544
Glyma.06G312500.Wm82.a4.v1,0.9373316087579789
Glyma.04G165151.Wm82.a4.v1,0.9373222699022689
Glyma.11G142900.Wm82.a4.v1,0.9373222699022689
Glyma.18G037900.Wm82.a4.v1,0.9373082616187038
Glyma.07G069600.Wm82.a4.v1,0.9372989227629939
Glyma.01G047000.Wm82.a4.v1,0.9372989227629939
Glyma.01G149300.Wm82.a4.v1,0.9372942533351388
Glyma.17G069600.Wm82.a4.v1,0.9372755756237188
Glyma.15G000400.Wm82.a4.v1,0.9372335507730237
Glyma.08G319900.Wm82.a4.v1,0.9372008647780388
Glyma.17G134800.Wm82.a4.v1,0.9371915259223287
Glyma.18G295000.Wm82.a4.v1,0.9371588399273437
Glyma.06G223700.Wm82.a4.v1,0.9371541704994887
Glyma.14G186700.Wm82.a4.v1,0.9370934679373736
Glyma.07G090700.Wm82.a4.v1,0.9370607819423886
Glyma.12G205100.Wm82.a4.v1,0.9370514430866785
Glyma.07G096100.Wm82.a4.v1,0.9370280959474035
Glyma.03G220202.Wm82.a4.v1,0.9369206991067385
Glyma.12G014300.Wm82.a4.v1,0.9368973519674634
Glyma.15G271300.Wm82.a4.v1,0.9368973519674634
Glyma.11G077300.Wm82.a4.v1,0.9368786742560434
Glyma.16G046000.Wm82.a4.v1,0.9368366494053484
Glyma.15G003700.Wm82.a4.v1,0.9367385914203933
Glyma.04G245200.Wm82.a4.v1,0.9366592111468581
Glyma.08G308600.Wm82.a4.v1,0.9366311945797281
Glyma.07G049500.Wm82.a4.v1,0.9366311945797281
Glyma.18G239200.Wm82.a4.v1,0.936551814306193
Glyma.03G190900.Wm82.a4.v1,0.9365424754504831
Glyma.04G083900.Wm82.a4.v1,0.936514458883353
Glyma.08G291800.Wm82.a4.v1,0.936467764604803
Glyma.13G110700.Wm82.a4.v1,0.936458425749093
Glyma.12G026900.Wm82.a4.v1,0.936458425749093
Glyma.02G256000.Wm82.a4.v1,0.936453756321238
Glyma.01G118900.Wm82.a4.v1,0.936444417465528
Glyma.07G129200.Wm82.a4.v1,0.9364257397541079
Glyma.18G003000.Wm82.a4.v1,0.936416400898398
Glyma.02G101300.Wm82.a4.v1,0.9363463594805729
Glyma.01G157900.Wm82.a4.v1,0.9363416900527178
Glyma.02G048800.Wm82.a4.v1,0.9362903263463128
Glyma.17G246300.Wm82.a4.v1,0.9362763180627478
Glyma.11G104500.Wm82.a4.v1,0.9362529709234727
Glyma.07G241700.Wm82.a4.v1,0.9362202849284877
Glyma.03G056700.Wm82.a4.v1,0.9361969377892126
Glyma.18G024000.Wm82.a4.v1,0.9361782600777927
Glyma.07G046800.Wm82.a4.v1,0.9361549129385176
Glyma.18G074100.Wm82.a4.v1,0.9361128880878226
Glyma.10G045900.Wm82.a4.v1,0.9360895409485476
Glyma.12G057600.Wm82.a4.v1,0.9360755326649826
Glyma.20G107100.Wm82.a4.v1,0.9360335078142875
Glyma.10G031900.Wm82.a4.v1,0.9360288383864325
Glyma.02G101100.Wm82.a4.v1,0.9360288383864325
Glyma.13G095600.Wm82.a4.v1,0.9360194995307225
Glyma.02G046800.Wm82.a4.v1,0.9360148301028675
Glyma.06G249300.Wm82.a4.v1,0.9359167721179124
Glyma.05G196100.Wm82.a4.v1,0.9358770819811448
Glyma.03G107900.Wm82.a4.v1,0.9358514001279423
Glyma.02G285100.Wm82.a4.v1,0.9358233835608123
Glyma.06G184600.Wm82.a4.v1,0.9358047058493922
Glyma.10G293300.Wm82.a4.v1,0.9357720198544073
Glyma.15G177700.Wm82.a4.v1,0.9356973090087272
Glyma.10G183800.Wm82.a4.v1,0.9356179287351921
Glyma.05G003900.Wm82.a4.v1,0.9356132593073371
Glyma.02G073000.Wm82.a4.v1,0.9356132593073371
Glyma.10G147200.Wm82.a4.v1,0.9355992510237721
Glyma.15G120400.Wm82.a4.v1,0.935533879033802
Glyma.02G074000.Wm82.a4.v1,0.935533879033802
Glyma.08G047300.Wm82.a4.v1,0.935519870750237
Glyma.15G015500.Wm82.a4.v1,0.935519870750237
Glyma.13G068400.Wm82.a4.v1,0.9354731764716869
Glyma.08G001700.Wm82.a4.v1,0.9354591681881219
Glyma.13G300200.Wm82.a4.v1,0.9354591681881219
Glyma.20G223600.Wm82.a4.v1,0.9354381557627743
Glyma.06G224200.Wm82.a4.v1,0.9354264821931368
Glyma.20G160500.Wm82.a4.v1,0.9354031350538619
Glyma.20G058400.Wm82.a4.v1,0.9353471019196018
Glyma.08G354800.Wm82.a4.v1,0.9353424324917468
Glyma.15G023700.Wm82.a4.v1,0.9353330936360368
Glyma.18G045900.Wm82.a4.v1,0.9353284242081817
Glyma.11G233800.Wm82.a4.v1,0.9353097464967618
Glyma.17G236800.Wm82.a4.v1,0.9352443745067917
Glyma.06G137100.Wm82.a4.v1,0.9352256967953717
Glyma.13G227900.Wm82.a4.v1,0.9351556553775466
Glyma.02G073900.Wm82.a4.v1,0.9351509859496916
Glyma.13G063400.Wm82.a4.v1,0.9351369776661266
Glyma.15G100900.Wm82.a4.v1,0.9351323082382715
Glyma.10G019400.Wm82.a4.v1,0.9351042916711415
Glyma.15G058000.Wm82.a4.v1,0.9349595394076364
Glyma.05G066100.Wm82.a4.v1,0.9349595394076364
Glyma.12G053700.Wm82.a4.v1,0.9349455311240714
Glyma.15G166700.Wm82.a4.v1,0.9349408616962164
Glyma.10G160300.Wm82.a4.v1,0.9348801591341013
Glyma.06G191200.Wm82.a4.v1,0.9348708202783913
Glyma.09G002300.Wm82.a4.v1,0.9348334648555513
Glyma.11G003600.Wm82.a4.v1,0.9347867705770012
Glyma.01G238200.Wm82.a4.v1,0.9347821011491462
Glyma.15G006600.Wm82.a4.v1,0.9347727622934362
Glyma.17G121600.Wm82.a4.v1,0.9347494151541612
Glyma.17G051200.Wm82.a4.v1,0.9347354068705962
Glyma.08G147900.Wm82.a4.v1,0.9347307374427412
Glyma.03G211200.Wm82.a4.v1,0.9347167291591761
Glyma.01G163300.Wm82.a4.v1,0.9346980514477561
Glyma.08G346500.Wm82.a4.v1,0.934642018313496
Glyma.14G193000.Wm82.a4.v1,0.934567307467816
Glyma.04G074200.Wm82.a4.v1,0.934525282617121
Glyma.08G367400.Wm82.a4.v1,0.9344318940600208
Glyma.17G010500.Wm82.a4.v1,0.9344225552043108
Glyma.11G178673.Wm82.a4.v1,0.9344015427789633
Glyma.17G259600.Wm82.a4.v1,0.9343851997814707
Glyma.17G143200.Wm82.a4.v1,0.9343758609257607
Glyma.07G111100.Wm82.a4.v1,0.9343431749307757
Glyma.06G192500.Wm82.a4.v1,0.9343338360750657
Glyma.04G202900.Wm82.a4.v1,0.9342918112243707
Glyma.19G153300.Wm82.a4.v1,0.9342171003786905
Glyma.16G090000.Wm82.a4.v1,0.9342077615229806
Glyma.13G034200.Wm82.a4.v1,0.9341657366722855
Glyma.15G038700.Wm82.a4.v1,0.9341470589608655
Glyma.17G237900.Wm82.a4.v1,0.9340956952544605
Glyma.08G303700.Wm82.a4.v1,0.9340956952544605
Glyma.05G011900.Wm82.a4.v1,0.9340163149809254
Glyma.20G109900.Wm82.a4.v1,0.9340069761252153
Glyma.16G139500.Wm82.a4.v1,0.9340069761252153
Glyma.10G076400.Wm82.a4.v1,0.9339929678416503
Glyma.09G085300.Wm82.a4.v1,0.9339229264238252
Glyma.06G073600.Wm82.a4.v1,0.9338482155781452
Glyma.12G073900.Wm82.a4.v1,0.9338342072945802
Glyma.15G134900.Wm82.a4.v1,0.9338201990110152
Glyma.15G166800.Wm82.a4.v1,0.93367544674751
Glyma.13G324700.Wm82.a4.v1,0.9336661078918
Glyma.08G200500.Wm82.a4.v1,0.9336287524689599
Glyma.19G238600.Wm82.a4.v1,0.9335913970461199
Glyma.05G086400.Wm82.a4.v1,0.9335913970461199
Glyma.15G061500.Wm82.a4.v1,0.9335447027675698
Glyma.13G114900.Wm82.a4.v1,0.9334746613497448
Glyma.10G157000.Wm82.a4.v1,0.9334606530661798
Glyma.02G113800.Wm82.a4.v1,0.9334513142104698
Glyma.20G023100.Wm82.a4.v1,0.9334326364990497
Glyma.09G139200.Wm82.a4.v1,0.9333766033647897
Glyma.08G054100.Wm82.a4.v1,0.9333719339369347
Glyma.10G260200.Wm82.a4.v1,0.9333719339369347
Glyma.20G036400.Wm82.a4.v1,0.9333485867976596
Glyma.01G213300.Wm82.a4.v1,0.9333018925191097
Glyma.10G093400.Wm82.a4.v1,0.9332365205291395
Glyma.13G062900.Wm82.a4.v1,0.9332225122455745
Glyma.09G193300.Wm82.a4.v1,0.9332085039620095
Glyma.08G038100.Wm82.a4.v1,0.9332038345341546
Glyma.08G122500.Wm82.a4.v1,0.9331991651062995
Glyma.08G017500.Wm82.a4.v1,0.9331944956784445
Glyma.10G283900.Wm82.a4.v1,0.9331664791113145
Glyma.07G120500.Wm82.a4.v1,0.9331664791113145
Glyma.06G195200.Wm82.a4.v1,0.9331618096834595
Glyma.20G031700.Wm82.a4.v1,0.9331618096834595
Glyma.11G003700.Wm82.a4.v1,0.9331524708277494
Glyma.20G228100.Wm82.a4.v1,0.9331384625441844
Glyma.20G020200.Wm82.a4.v1,0.9331104459770544
Glyma.10G224200.Wm82.a4.v1,0.9330917682656344
Glyma.14G050000.Wm82.a4.v1,0.9330404045592293
Glyma.18G203800.Wm82.a4.v1,0.9328816440121592
Glyma.06G265100.Wm82.a4.v1,0.9328816440121592
Glyma.19G009200.Wm82.a4.v1,0.9328816440121592
Glyma.19G208400.Wm82.a4.v1,0.9328723051564491
Glyma.19G003100.Wm82.a4.v1,0.9328676357285942
Glyma.13G114800.Wm82.a4.v1,0.9328536274450292
Glyma.04G085000.Wm82.a4.v1,0.932746230604364
Glyma.06G201600.Wm82.a4.v1,0.9327415611765091
Glyma.04G023200.Wm82.a4.v1,0.932680858614394
Glyma.10G028800.Wm82.a4.v1,0.932643503191554
Glyma.12G001000.Wm82.a4.v1,0.932629494907989
Glyma.12G009700.Wm82.a4.v1,0.932629494907989
Glyma.08G161400.Wm82.a4.v1,0.9325921394851489
Glyma.11G006600.Wm82.a4.v1,0.9325547840623089
Glyma.05G191500.Wm82.a4.v1,0.9325547840623089
Glyma.10G018200.Wm82.a4.v1,0.9324894120723388
Glyma.20G234000.Wm82.a4.v1,0.9324800732166287
Glyma.12G232000.Wm82.a4.v1,0.9324380483659337
Glyma.19G147400.Wm82.a4.v1,0.9323656722341811
Glyma.15G000300.Wm82.a4.v1,0.9323399903809786
Glyma.02G086600.Wm82.a4.v1,0.9323376556670511
Glyma.02G245000.Wm82.a4.v1,0.9323353209531237
Glyma.06G202500.Wm82.a4.v1,0.932295630816356
Glyma.20G172300.Wm82.a4.v1,0.9322886266745736
Glyma.16G031100.Wm82.a4.v1,0.9322746183910086
Glyma.13G311000.Wm82.a4.v1,0.9322325935403135
Glyma.13G045400.Wm82.a4.v1,0.9322185852567485
Glyma.10G294100.Wm82.a4.v1,0.9321812298339085
Glyma.02G063000.Wm82.a4.v1,0.9321718909781984
Glyma.10G221400.Wm82.a4.v1,0.9321718909781984
Glyma.12G242500.Wm82.a4.v1,0.9321018495603733
Glyma.08G064600.Wm82.a4.v1,0.9320971801325184
Glyma.11G104100.Wm82.a4.v1,0.9320971801325184
Glyma.05G135200.Wm82.a4.v1,0.9320785024210984
Glyma.13G237000.Wm82.a4.v1,0.9320504858539683
Glyma.17G056900.Wm82.a4.v1,0.9320177998589833
Glyma.15G070700.Wm82.a4.v1,0.9320131304311283
Glyma.08G052800.Wm82.a4.v1,0.9320131304311283
Glyma.17G053800.Wm82.a4.v1,0.9320037915754182
Glyma.03G155200.Wm82.a4.v1,0.9319197418740282
Glyma.04G218900.Wm82.a4.v1,0.9318753823094056
Glyma.17G240700.Wm82.a4.v1,0.9318730475954782
Glyma.20G129600.Wm82.a4.v1,0.9318590393119132
Glyma.11G014300.Wm82.a4.v1,0.9318170144612181
Glyma.07G113400.Wm82.a4.v1,0.931793667321943
Glyma.17G223200.Wm82.a4.v1,0.931793667321943
Glyma.08G004200.Wm82.a4.v1,0.9317889978940881
Glyma.03G098800.Wm82.a4.v1,0.931742303615538
Glyma.03G122500.Wm82.a4.v1,0.9316255679191628
Glyma.18G223300.Wm82.a4.v1,0.9316208984913079
Glyma.10G225800.Wm82.a4.v1,0.9316068902077429
Glyma.03G142200.Wm82.a4.v1,0.9315928819241779
Glyma.20G104900.Wm82.a4.v1,0.9315882124963228
Glyma.15G100100.Wm82.a4.v1,0.9315601959291928
Glyma.03G017500.Wm82.a4.v1,0.9315345140759903
Glyma.19G110900.Wm82.a4.v1,0.9315041627949328
Glyma.07G079500.Wm82.a4.v1,0.9314948239392228
Glyma.13G070100.Wm82.a4.v1,0.9314948239392228
Glyma.12G021100.Wm82.a4.v1,0.9314948239392228
Glyma.06G170700.Wm82.a4.v1,0.9314854850835127
Glyma.02G049300.Wm82.a4.v1,0.9314761462278027
Glyma.09G116600.Wm82.a4.v1,0.9314621379442377
Glyma.06G098300.Wm82.a4.v1,0.9314527990885276
Glyma.20G218200.Wm82.a4.v1,0.9314527990885276
Glyma.06G109200.Wm82.a4.v1,0.9314294519492526
Glyma.07G005600.Wm82.a4.v1,0.9314294519492526
Glyma.07G028800.Wm82.a4.v1,0.9313127162528775
Glyma.20G031600.Wm82.a4.v1,0.9313033773971675
Glyma.08G326000.Wm82.a4.v1,0.9312753608300375
Glyma.06G193200.Wm82.a4.v1,0.9312333359793424
Glyma.08G251900.Wm82.a4.v1,0.9311726334172273
Glyma.06G319900.Wm82.a4.v1,0.9311539557058074
Glyma.19G229700.Wm82.a4.v1,0.9311446168500973
Glyma.01G212700.Wm82.a4.v1,0.9311282738526049
Glyma.19G148100.Wm82.a4.v1,0.9311166002829673
Glyma.16G204332.Wm82.a4.v1,0.9310745754322722
Glyma.08G213900.Wm82.a4.v1,0.9310418894372873
Glyma.13G010500.Wm82.a4.v1,0.9310325505815772
Glyma.13G344200.Wm82.a4.v1,0.9309671785916072
Glyma.18G281200.Wm82.a4.v1,0.9309625091637521
Glyma.17G258000.Wm82.a4.v1,0.9309438314523322
Glyma.16G136400.Wm82.a4.v1,0.9309298231687672
Glyma.01G209800.Wm82.a4.v1,0.930878459462362
Glyma.06G069100.Wm82.a4.v1,0.9308597817509421
Glyma.03G150700.Wm82.a4.v1,0.930803748616682
Glyma.07G058100.Wm82.a4.v1,0.930803748616682
Glyma.17G039800.Wm82.a4.v1,0.9307523849102769
Glyma.19G145100.Wm82.a4.v1,0.9307290377710019
Glyma.02G266200.Wm82.a4.v1,0.9307010212038719
Glyma.04G233300.Wm82.a4.v1,0.9306846782063793
Glyma.19G079000.Wm82.a4.v1,0.9306169715024818
Glyma.13G246900.Wm82.a4.v1,0.9305982937910617
Glyma.08G087200.Wm82.a4.v1,0.9305422606568017
Glyma.13G079900.Wm82.a4.v1,0.9305352565150192
Glyma.09G049800.Wm82.a4.v1,0.9304908969503967
Glyma.04G169200.Wm82.a4.v1,0.9304535415275567
Glyma.01G202500.Wm82.a4.v1,0.9304488720997016
Glyma.08G133800.Wm82.a4.v1,0.9304488720997016
Glyma.03G245900.Wm82.a4.v1,0.9304161861047165
Glyma.15G202800.Wm82.a4.v1,0.9304068472490066
Glyma.09G011200.Wm82.a4.v1,0.9303835001097316
Glyma.14G059200.Wm82.a4.v1,0.9303694918261666
Glyma.17G232600.Wm82.a4.v1,0.9303648223983115
Glyma.15G030400.Wm82.a4.v1,0.9303461446868915
Glyma.08G017300.Wm82.a4.v1,0.9303274669754715
Glyma.08G107200.Wm82.a4.v1,0.9302854421247765
Glyma.04G225700.Wm82.a4.v1,0.9302714338412115
Glyma.18G264600.Wm82.a4.v1,0.9302387478462264
Glyma.13G333200.Wm82.a4.v1,0.9302340784183714
Glyma.04G240300.Wm82.a4.v1,0.9301640370005463
Glyma.10G193500.Wm82.a4.v1,0.9301500287169813
Glyma.16G024600.Wm82.a4.v1,0.9301500287169813
Glyma.19G110300.Wm82.a4.v1,0.9300286235927512
Glyma.04G208600.Wm82.a4.v1,0.9300286235927512
Glyma.06G132500.Wm82.a4.v1,0.9300006070256212
Glyma.18G074000.Wm82.a4.v1,0.9299819293142011
Glyma.14G008700.Wm82.a4.v1,0.9299632516027811
Glyma.02G152400.Wm82.a4.v1,0.929865193617826
Glyma.12G120800.Wm82.a4.v1,0.929841846478551
Glyma.15G266300.Wm82.a4.v1,0.9297577967771609
Glyma.06G236676.Wm82.a4.v1,0.9297531273493059
Glyma.13G356600.Wm82.a4.v1,0.9297251107821759
Glyma.12G009200.Wm82.a4.v1,0.9297251107821759
Glyma.04G078900.Wm82.a4.v1,0.9297111024986109
Glyma.15G092700.Wm82.a4.v1,0.9296550693643508
Glyma.18G273100.Wm82.a4.v1,0.9296270527972208
Glyma.18G024600.Wm82.a4.v1,0.9296083750858007
Glyma.17G020600.Wm82.a4.v1,0.9295710196629607
Glyma.14G098200.Wm82.a4.v1,0.9295710196629607
Glyma.10G284100.Wm82.a4.v1,0.9295243253844107
Glyma.13G191700.Wm82.a4.v1,0.9294869699615707
Glyma.08G164800.Wm82.a4.v1,0.9294542839665856
Glyma.20G132651.Wm82.a4.v1,0.9294496145387305
Glyma.16G029000.Wm82.a4.v1,0.9294029202601806
Glyma.17G046900.Wm82.a4.v1,0.9293935814044705
Glyma.08G287600.Wm82.a4.v1,0.9293468871259205
Glyma.02G008500.Wm82.a4.v1,0.9293468871259205
Glyma.17G089100.Wm82.a4.v1,0.9293328788423555
Glyma.13G356100.Wm82.a4.v1,0.9293095317030804
Glyma.18G291500.Wm82.a4.v1,0.9292955234195154
Glyma.10G133100.Wm82.a4.v1,0.9292908539916604
Glyma.07G001400.Wm82.a4.v1,0.9292721762802404
Glyma.15G090800.Wm82.a4.v1,0.9292534985688203
Glyma.05G165600.Wm82.a4.v1,0.9292441597131104
Glyma.18G046700.Wm82.a4.v1,0.9292348208574004
Glyma.10G201200.Wm82.a4.v1,0.9291974654345603
Glyma.02G244600.Wm82.a4.v1,0.9291881265788503
Glyma.10G177000.Wm82.a4.v1,0.9291461017281553
Glyma.06G274200.Wm82.a4.v1,0.9291414323003002
Glyma.04G249400.Wm82.a4.v1,0.9291320934445902
Glyma.13G223900.Wm82.a4.v1,0.9291274240167352
Glyma.08G070600.Wm82.a4.v1,0.9291087463053153
Glyma.18G289500.Wm82.a4.v1,0.9290900685938952
Glyma.11G121100.Wm82.a4.v1,0.9290573825989101
Glyma.16G147700.Wm82.a4.v1,0.9290387048874902
Glyma.13G321700.Wm82.a4.v1,0.928959324613955
Glyma.06G301900.Wm82.a4.v1,0.9289499857582451
Glyma.15G071600.Wm82.a4.v1,0.9289266386189701
Glyma.19G184600.Wm82.a4.v1,0.92891729976326
Glyma.18G005800.Wm82.a4.v1,0.928912630335405
Glyma.13G129300.Wm82.a4.v1,0.928884613768275
Glyma.04G096100.Wm82.a4.v1,0.92884258891758
Glyma.10G166900.Wm82.a4.v1,0.928828580634015
Glyma.04G032000.Wm82.a4.v1,0.928828580634015
Glyma.08G349700.Wm82.a4.v1,0.9288005640668849
Glyma.08G233702.Wm82.a4.v1,0.9287912252111749
Glyma.01G038250.Wm82.a4.v1,0.9287351920769148
Glyma.13G097400.Wm82.a4.v1,0.9287211837933498
Glyma.20G131600.Wm82.a4.v1,0.9286884977983648
Glyma.08G293300.Wm82.a4.v1,0.9286604812312348
Glyma.02G269600.Wm82.a4.v1,0.9285951092412646
Glyma.08G099200.Wm82.a4.v1,0.9285904398134097
Glyma.03G223000.Wm82.a4.v1,0.9285811009576996
Glyma.07G014500.Wm82.a4.v1,0.9285670926741346
Glyma.07G149032.Wm82.a4.v1,0.9285157289677296
Glyma.16G219400.Wm82.a4.v1,0.9283663072763694
Glyma.01G243300.Wm82.a4.v1,0.9283476295649494
Glyma.15G173000.Wm82.a4.v1,0.9283429601370944
Glyma.03G217300.Wm82.a4.v1,0.9283289518535294
Glyma.12G198200.Wm82.a4.v1,0.9282449021521393
Glyma.17G104100.Wm82.a4.v1,0.9282308938685743
Glyma.19G243400.Wm82.a4.v1,0.9281701913064592
Glyma.10G289600.Wm82.a4.v1,0.9281328358836192
Glyma.04G139100.Wm82.a4.v1,0.9281094887443442
Glyma.18G132200.Wm82.a4.v1,0.9281094887443442
Glyma.07G076000.Wm82.a4.v1,0.927950728197274
Glyma.02G266900.Wm82.a4.v1,0.927922711630144
Glyma.07G027400.Wm82.a4.v1,0.927885356207304
Glyma.15G003300.Wm82.a4.v1,0.9278806867794489
Glyma.01G118350.Wm82.a4.v1,0.9277359345159437
Glyma.05G162700.Wm82.a4.v1,0.9277219262323787
Glyma.12G050600.Wm82.a4.v1,0.9277172568045238
Glyma.14G129400.Wm82.a4.v1,0.9276612236702637
Glyma.17G200700.Wm82.a4.v1,0.9276425459588437
Glyma.17G038800.Wm82.a4.v1,0.9275584962574536
Glyma.04G170400.Wm82.a4.v1,0.9275538268295985
Glyma.08G067700.Wm82.a4.v1,0.9275351491181786
Glyma.05G186700.Wm82.a4.v1,0.9275164714067585
Glyma.16G137600.Wm82.a4.v1,0.9274744465560635
Glyma.19G054500.Wm82.a4.v1,0.9273857274268184
Glyma.17G090500.Wm82.a4.v1,0.9273810579989634
Glyma.15G147700.Wm82.a4.v1,0.9273530414318334
Glyma.06G191600.Wm82.a4.v1,0.9273437025761233
Glyma.07G152900.Wm82.a4.v1,0.9272830000140083
Glyma.13G316500.Wm82.a4.v1,0.9271475866062131
Glyma.15G162500.Wm82.a4.v1,0.9271289088947932
Glyma.02G127300.Wm82.a4.v1,0.927035520337693
Glyma.10G030600.Wm82.a4.v1,0.927035520337693
Glyma.12G207500.Wm82.a4.v1,0.927021512054128
Glyma.20G005200.Wm82.a4.v1,0.927016842626273
Glyma.18G299500.Wm82.a4.v1,0.927016842626273
Glyma.04G234400.Wm82.a4.v1,0.9269934954869979
Glyma.14G089078.Wm82.a4.v1,0.9269421317805929
Glyma.14G080800.Wm82.a4.v1,0.926932792924883
Glyma.09G035300.Wm82.a4.v1,0.9269281234970279
Glyma.09G086100.Wm82.a4.v1,0.9269281234970279
Glyma.18G158700.Wm82.a4.v1,0.9269141152134629
Glyma.11G057600.Wm82.a4.v1,0.9269141152134629
Glyma.12G078500.Wm82.a4.v1,0.9269047763577529
Glyma.03G178900.Wm82.a4.v1,0.9268674209349128
Glyma.18G240400.Wm82.a4.v1,0.9267927100892328
Glyma.08G002300.Wm82.a4.v1,0.9266899826764227
Glyma.01G029200.Wm82.a4.v1,0.9265965941193226
Glyma.07G136200.Wm82.a4.v1,0.9265545692686276
Glyma.01G167300.Wm82.a4.v1,0.9265265527014975
Glyma.03G108500.Wm82.a4.v1,0.9265218832736425
Glyma.03G073714.Wm82.a4.v1,0.9265125444179325
Glyma.08G217700.Wm82.a4.v1,0.9264751889950924
Glyma.18G025900.Wm82.a4.v1,0.9264284947165424
Glyma.02G288600.Wm82.a4.v1,0.9264098170051224
Glyma.10G244200.Wm82.a4.v1,0.9263864698658474
Glyma.07G047700.Wm82.a4.v1,0.9263397755872973
Glyma.18G092600.Wm82.a4.v1,0.9262837424530372
Glyma.10G253200.Wm82.a4.v1,0.9262463870301972
Glyma.19G045400.Wm82.a4.v1,0.9262277093187772
Glyma.16G168000.Wm82.a4.v1,0.9262207051769946
Glyma.17G102000.Wm82.a4.v1,0.9262090316073571
Glyma.08G107100.Wm82.a4.v1,0.9261623373288072
Glyma.07G158200.Wm82.a4.v1,0.925980229642462
Glyma.03G260900.Wm82.a4.v1,0.9258775022296518
Glyma.02G143300.Wm82.a4.v1,0.9258401468068118
Glyma.10G006500.Wm82.a4.v1,0.9258308079511017
Glyma.15G089300.Wm82.a4.v1,0.9258167996675367
Glyma.01G182700.Wm82.a4.v1,0.9257981219561168
Glyma.02G116500.Wm82.a4.v1,0.9257607665332767
Glyma.10G129800.Wm82.a4.v1,0.9257280805382917
Glyma.19G252700.Wm82.a4.v1,0.9257023986850891
Glyma.17G157100.Wm82.a4.v1,0.9256673779761766
Glyma.15G161000.Wm82.a4.v1,0.9256533696926116
Glyma.01G010600.Wm82.a4.v1,0.9256346919811915
Glyma.01G234300.Wm82.a4.v1,0.9255693199912215
Glyma.04G164100.Wm82.a4.v1,0.9255553117076565
Glyma.20G141100.Wm82.a4.v1,0.9255459728519464
Glyma.05G143700.Wm82.a4.v1,0.9255319645683814
Glyma.12G133700.Wm82.a4.v1,0.925529629854454
Glyma.20G172100.Wm82.a4.v1,0.9255226257126714
Glyma.18G290200.Wm82.a4.v1,0.9255086174291064
Glyma.06G084200.Wm82.a4.v1,0.9254806008619764
Glyma.07G101600.Wm82.a4.v1,0.9254432454391364
Glyma.02G214400.Wm82.a4.v1,0.9254432454391364
Glyma.06G163800.Wm82.a4.v1,0.9254292371555713
Glyma.08G095100.Wm82.a4.v1,0.9254245677277163
Glyma.01G159900.Wm82.a4.v1,0.9253965511605863
Glyma.06G247200.Wm82.a4.v1,0.9253685345934562
Glyma.08G316500.Wm82.a4.v1,0.9253218403149062
Glyma.10G074900.Wm82.a4.v1,0.9252984931756312
Glyma.08G255000.Wm82.a4.v1,0.9252938237477761
Glyma.06G153200.Wm82.a4.v1,0.9252704766085011
Glyma.03G202900.Wm82.a4.v1,0.925209774046386
Glyma.13G233400.Wm82.a4.v1,0.9251490714842711
Glyma.13G105600.Wm82.a4.v1,0.925130393772851
Glyma.10G159500.Wm82.a4.v1,0.925125724344996
Glyma.18G065700.Wm82.a4.v1,0.925121054917141
Glyma.08G023800.Wm82.a4.v1,0.9250183275043309
Glyma.05G041700.Wm82.a4.v1,0.9250136580764758
Glyma.18G098400.Wm82.a4.v1,0.9250089886486209
Glyma.03G005900.Wm82.a4.v1,0.9249622943700708
Glyma.14G067100.Wm82.a4.v1,0.9249272736611583
Glyma.15G069200.Wm82.a4.v1,0.9249062612358108
Glyma.07G015000.Wm82.a4.v1,0.9248502281015507
Glyma.06G012900.Wm82.a4.v1,0.9248082032508557
Glyma.12G002000.Wm82.a4.v1,0.9247848561115807
Glyma.10G169300.Wm82.a4.v1,0.9247334924051756
Glyma.15G098300.Wm82.a4.v1,0.9247334924051756
Glyma.14G044400.Wm82.a4.v1,0.9247288229773206
Glyma.12G098600.Wm82.a4.v1,0.9247241535494656
Glyma.14G132300.Wm82.a4.v1,0.9246774592709155
Glyma.05G180600.Wm82.a4.v1,0.9246681204152055
Glyma.02G120000.Wm82.a4.v1,0.9246307649923655
Glyma.01G040700.Wm82.a4.v1,0.9246027484252355
Glyma.08G101400.Wm82.a4.v1,0.9245280375795554
Glyma.07G165200.Wm82.a4.v1,0.9245233681517003
Glyma.12G164800.Wm82.a4.v1,0.9245093598681353
Glyma.02G116900.Wm82.a4.v1,0.9244976862984978
Glyma.07G107500.Wm82.a4.v1,0.9244953515845703
Glyma.08G151900.Wm82.a4.v1,0.9243179133260802
Glyma.19G200800.Wm82.a4.v1,0.9243085744703702
Glyma.03G092500.Wm82.a4.v1,0.9242898967589501
Glyma.17G161900.Wm82.a4.v1,0.9241965082018501
Glyma.04G084200.Wm82.a4.v1,0.924182499918285
Glyma.09G227900.Wm82.a4.v1,0.92417783049043
Glyma.13G336200.Wm82.a4.v1,0.9240657642219099
Glyma.15G213700.Wm82.a4.v1,0.9240377476547799
Glyma.14G016300.Wm82.a4.v1,0.9240377476547799
Glyma.15G012500.Wm82.a4.v1,0.9240237393712148
Glyma.12G227200.Wm82.a4.v1,0.9240003922319399
Glyma.11G229100.Wm82.a4.v1,0.9240003922319399
Glyma.09G192400.Wm82.a4.v1,0.9239863839483748
Glyma.01G118800.Wm82.a4.v1,0.9239630368090997
Glyma.02G119500.Wm82.a4.v1,0.9239210119584047
Glyma.04G067900.Wm82.a4.v1,0.9238649788241446
Glyma.06G154800.Wm82.a4.v1,0.9238603093962897
Glyma.10G283100.Wm82.a4.v1,0.9238322928291597
Glyma.15G143232.Wm82.a4.v1,0.9237902679784646
Glyma.10G275400.Wm82.a4.v1,0.9237482431277696
Glyma.20G024400.Wm82.a4.v1,0.9237062182770746
Glyma.08G334000.Wm82.a4.v1,0.9236968794213645
Glyma.05G190100.Wm82.a4.v1,0.9236875405656545
Glyma.10G037400.Wm82.a4.v1,0.9236641934263795
Glyma.02G165000.Wm82.a4.v1,0.9235801437249894
Glyma.19G113400.Wm82.a4.v1,0.9235614660135694
Glyma.08G125600.Wm82.a4.v1,0.9235567965857143
Glyma.07G102200.Wm82.a4.v1,0.9235241105907294
Glyma.02G294900.Wm82.a4.v1,0.9234960940235993
Glyma.17G160600.Wm82.a4.v1,0.9234820857400343
Glyma.10G113802.Wm82.a4.v1,0.9234587386007592
Glyma.20G170300.Wm82.a4.v1,0.9234587386007592
Glyma.07G237000.Wm82.a4.v1,0.9234353914614842
Glyma.07G056600.Wm82.a4.v1,0.9233046474815441
Glyma.18G158800.Wm82.a4.v1,0.9233046474815441
Glyma.05G046000.Wm82.a4.v1,0.9232999780536891
Glyma.05G052600.Wm82.a4.v1,0.923262622630849
Glyma.10G229000.Wm82.a4.v1,0.9232579532029941
Glyma.03G193100.Wm82.a4.v1,0.9232579532029941
Glyma.06G277600.Wm82.a4.v1,0.923173903501604
Glyma.20G231400.Wm82.a4.v1,0.923173903501604
Glyma.13G310300.Wm82.a4.v1,0.923159895218039
Glyma.18G019600.Wm82.a4.v1,0.9230711760887939
Glyma.12G131800.Wm82.a4.v1,0.9230618372330839
Glyma.08G274300.Wm82.a4.v1,0.9230198123823888
Glyma.02G222200.Wm82.a4.v1,0.9230104735266788
Glyma.13G231500.Wm82.a4.v1,0.9229637792481288
Glyma.08G312300.Wm82.a4.v1,0.9229591098202737
Glyma.17G099600.Wm82.a4.v1,0.9228937378303037
Glyma.13G100100.Wm82.a4.v1,0.9228096881289136
Glyma.13G244300.Wm82.a4.v1,0.9227956798453486
Glyma.09G192800.Wm82.a4.v1,0.922751320280726
Glyma.04G023700.Wm82.a4.v1,0.9227443161389435
Glyma.19G082100.Wm82.a4.v1,0.9227069607161035
Glyma.11G175400.Wm82.a4.v1,0.9226789441489734
Glyma.02G120500.Wm82.a4.v1,0.9226696052932634
Glyma.03G163000.Wm82.a4.v1,0.9226182415868583
Glyma.11G160300.Wm82.a4.v1,0.9226135721590033
Glyma.U031222.Wm82.a4.v1,0.9225948944475834
Glyma.05G225700.Wm82.a4.v1,0.9225575390247432
Glyma.01G034700.Wm82.a4.v1,0.9225061753183382
Glyma.07G227200.Wm82.a4.v1,0.9224968364626283
Glyma.01G110600.Wm82.a4.v1,0.9224968364626283
Glyma.09G157700.Wm82.a4.v1,0.9224688198954982
Glyma.19G220200.Wm82.a4.v1,0.9224454727562231
Glyma.02G202900.Wm82.a4.v1,0.922333406487703
Glyma.13G159600.Wm82.a4.v1,0.9223287370598481
Glyma.02G065000.Wm82.a4.v1,0.9223147287762831
Glyma.12G122900.Wm82.a4.v1,0.922305389920573
Glyma.16G023800.Wm82.a4.v1,0.922258695642023
Glyma.06G080600.Wm82.a4.v1,0.9222120013634729
Glyma.01G147700.Wm82.a4.v1,0.922202662507763
Glyma.06G030100.Wm82.a4.v1,0.9221886542241979
Glyma.07G091400.Wm82.a4.v1,0.9221466293735029
Glyma.05G194700.Wm82.a4.v1,0.9221279516620828
Glyma.13G309300.Wm82.a4.v1,0.9220952656670978
Glyma.08G298500.Wm82.a4.v1,0.9220579102442578
Glyma.19G161600.Wm82.a4.v1,0.9220485713885478
Glyma.01G006000.Wm82.a4.v1,0.9220485713885478
Glyma.20G139000.Wm82.a4.v1,0.9220158853935627
Glyma.02G013700.Wm82.a4.v1,0.9219831993985776
Glyma.08G315600.Wm82.a4.v1,0.9219691911150126
Glyma.10G154300.Wm82.a4.v1,0.9219224968364627
Glyma.06G074900.Wm82.a4.v1,0.9219178274086076
Glyma.02G173600.Wm82.a4.v1,0.9219038191250426
Glyma.20G244500.Wm82.a4.v1,0.9218804719857676
Glyma.01G184600.Wm82.a4.v1,0.9218758025579126
Glyma.19G226200.Wm82.a4.v1,0.9218711331300575
Glyma.03G130300.Wm82.a4.v1,0.9218617942743476
Glyma.02G202500.Wm82.a4.v1,0.9216936948715674
Glyma.16G012300.Wm82.a4.v1,0.9216843560158574
Glyma.20G206400.Wm82.a4.v1,0.9216796865880024
Glyma.05G191900.Wm82.a4.v1,0.9216516700208723
Glyma.19G190800.Wm82.a4.v1,0.9216329923094523
Glyma.07G187500.Wm82.a4.v1,0.9216283228815974
Glyma.02G225300.Wm82.a4.v1,0.9214835706180922
Glyma.15G073100.Wm82.a4.v1,0.9214789011902371
Glyma.19G172700.Wm82.a4.v1,0.9214789011902371
Glyma.01G167600.Wm82.a4.v1,0.9214508846231071
Glyma.11G082800.Wm82.a4.v1,0.9214462151952522
Glyma.18G021400.Wm82.a4.v1,0.9214368763395421
Glyma.03G146600.Wm82.a4.v1,0.9214135292002671
Glyma.08G176900.Wm82.a4.v1,0.9214041903445571
Glyma.01G015600.Wm82.a4.v1,0.9213901820609921
Glyma.11G005300.Wm82.a4.v1,0.921371504349572
Glyma.14G029100.Wm82.a4.v1,0.9212967935038919
Glyma.08G153200.Wm82.a4.v1,0.9212594380810519
Glyma.16G121300.Wm82.a4.v1,0.9212547686531969
Glyma.07G214700.Wm82.a4.v1,0.921250099225342
Glyma.09G098900.Wm82.a4.v1,0.9212407603696319
Glyma.18G278100.Wm82.a4.v1,0.9211053469618368
Glyma.12G016500.Wm82.a4.v1,0.9210399749718667
Glyma.05G183100.Wm82.a4.v1,0.9210306361161567
Glyma.02G086100.Wm82.a4.v1,0.9210306361161567
Glyma.01G011300.Wm82.a4.v1,0.9210026195490266
Glyma.13G110000.Wm82.a4.v1,0.9209979501211717
Glyma.01G097200.Wm82.a4.v1,0.9209932806933167
Glyma.06G265500.Wm82.a4.v1,0.9209652641261866
Glyma.03G077300.Wm82.a4.v1,0.9209559252704766
Glyma.08G204500.Wm82.a4.v1,0.9209559252704766
Glyma.11G235500.Wm82.a4.v1,0.9209512558426216
Glyma.15G170700.Wm82.a4.v1,0.9209372475590566
Glyma.14G212900.Wm82.a4.v1,0.9209279087033466
Glyma.13G300300.Wm82.a4.v1,0.9209185698476365
Glyma.14G000800.Wm82.a4.v1,0.9208765449969415
Glyma.13G303800.Wm82.a4.v1,0.9208718755690866
Glyma.19G172200.Wm82.a4.v1,0.9208298507183915
Glyma.07G244300.Wm82.a4.v1,0.9208205118626814
Glyma.03G088800.Wm82.a4.v1,0.9208111730069715
Glyma.07G255400.Wm82.a4.v1,0.9207924952955514
Glyma.13G027800.Wm82.a4.v1,0.9207644787284214
Glyma.13G126400.Wm82.a4.v1,0.9207598093005664
Glyma.03G081300.Wm82.a4.v1,0.9207131150220164
Glyma.09G120200.Wm82.a4.v1,0.9206570818877563
Glyma.06G242800.Wm82.a4.v1,0.9206430736041913
Glyma.14G152700.Wm82.a4.v1,0.9206243958927712
Glyma.14G033700.Wm82.a4.v1,0.9206243958927712
Glyma.19G071300.Wm82.a4.v1,0.9206150570370613
Glyma.07G057700.Wm82.a4.v1,0.9206010487534962
Glyma.19G032000.Wm82.a4.v1,0.9205777016142213
Glyma.07G055900.Wm82.a4.v1,0.9205029907685411
Glyma.04G224700.Wm82.a4.v1,0.9204749742014111
Glyma.20G180000.Wm82.a4.v1,0.9204703047735561
Glyma.12G020400.Wm82.a4.v1,0.9204586312039186
Glyma.09G217900.Wm82.a4.v1,0.920456296489991
Glyma.06G039900.Wm82.a4.v1,0.920372246788601
Glyma.01G240000.Wm82.a4.v1,0.920325552510051
Glyma.05G160301.Wm82.a4.v1,0.920320883082196
Glyma.17G259100.Wm82.a4.v1,0.9203068747986309
Glyma.13G103900.Wm82.a4.v1,0.9202438375225883
Glyma.17G180100.Wm82.a4.v1,0.9202368333808059
Glyma.08G240100.Wm82.a4.v1,0.9201387753958508
Glyma.11G041400.Wm82.a4.v1,0.9201294365401408
Glyma.02G167900.Wm82.a4.v1,0.9200033619880557
Glyma.13G272100.Wm82.a4.v1,0.9199940231323456
Glyma.11G054800.Wm82.a4.v1,0.9199753454209256
Glyma.13G066900.Wm82.a4.v1,0.9199753454209256
Glyma.17G256900.Wm82.a4.v1,0.9199753454209256
Glyma.08G333900.Wm82.a4.v1,0.9199706759930706
Glyma.06G054600.Wm82.a4.v1,0.9199333205702306
Glyma.18G081700.Wm82.a4.v1,0.9198959651473905
Glyma.14G046700.Wm82.a4.v1,0.9198539402966954
Glyma.09G267100.Wm82.a4.v1,0.9197979071624354
Glyma.08G329100.Wm82.a4.v1,0.9197325351724653
Glyma.08G259000.Wm82.a4.v1,0.9197138574610453
Glyma.14G124300.Wm82.a4.v1,0.9197091880331902
Glyma.12G007600.Wm82.a4.v1,0.9196671631824952
Glyma.05G102100.Wm82.a4.v1,0.9196624937546403
Glyma.01G049100.Wm82.a4.v1,0.9196438160432202
Glyma.06G137000.Wm82.a4.v1,0.9195691051975401
Glyma.08G329000.Wm82.a4.v1,0.91948505549615
Glyma.13G084000.Wm82.a4.v1,0.9194803860682951
Glyma.19G223600.Wm82.a4.v1,0.91938232808334
Glyma.15G055500.Wm82.a4.v1,0.919368319799775
Glyma.17G262400.Wm82.a4.v1,0.9193543115162099
Glyma.16G207300.Wm82.a4.v1,0.9193309643769348
Glyma.16G155100.Wm82.a4.v1,0.9193216255212249
Glyma.10G207800.Wm82.a4.v1,0.9192842700983849
Glyma.02G226700.Wm82.a4.v1,0.9192048898248497
Glyma.11G222100.Wm82.a4.v1,0.9191722038298648
Glyma.18G236000.Wm82.a4.v1,0.9191441872627347
Glyma.15G180900.Wm82.a4.v1,0.9191161706956047
Glyma.08G205900.Wm82.a4.v1,0.9191068318398946
Glyma.02G112000.Wm82.a4.v1,0.9191021624120397
Glyma.09G276600.Wm82.a4.v1,0.9190788152727646
Glyma.10G143900.Wm82.a4.v1,0.9190694764170546
Glyma.12G219600.Wm82.a4.v1,0.9190367904220695
Glyma.19G251000.Wm82.a4.v1,0.9190181127106496
Glyma.08G146400.Wm82.a4.v1,0.9189947655713745
Glyma.19G155000.Wm82.a4.v1,0.9189480712928245
Glyma.04G142800.Wm82.a4.v1,0.9188920381585645
Glyma.20G076400.Wm82.a4.v1,0.9188360050243044
Glyma.20G064100.Wm82.a4.v1,0.9188266661685943
Glyma.08G344000.Wm82.a4.v1,0.9188079884571744
Glyma.06G116500.Wm82.a4.v1,0.9187986496014643
Glyma.17G153300.Wm82.a4.v1,0.9187753024621893
Glyma.13G085100.Wm82.a4.v1,0.9187286081836392
Glyma.16G017700.Wm82.a4.v1,0.9187052610443642
Glyma.08G149300.Wm82.a4.v1,0.9186889180468717
Glyma.15G044500.Wm82.a4.v1,0.9186632361936692
Glyma.01G094900.Wm82.a4.v1,0.9186165419151191
Glyma.17G101400.Wm82.a4.v1,0.9185931947758441
Glyma.11G231000.Wm82.a4.v1,0.9185651782087141
Glyma.19G212900.Wm82.a4.v1,0.918509145074454
Glyma.11G010400.Wm82.a4.v1,0.918467120223759
Glyma.10G070900.Wm82.a4.v1,0.9184647855098315
Glyma.07G048500.Wm82.a4.v1,0.918429764800919
Glyma.18G084800.Wm82.a4.v1,0.9183924093780789
Glyma.05G191700.Wm82.a4.v1,0.9183924093780789
Glyma.08G126700.Wm82.a4.v1,0.9183643928109488
Glyma.06G325100.Wm82.a4.v1,0.9183597233830939
Glyma.05G052400.Wm82.a4.v1,0.9183550539552389
Glyma.17G081800.Wm82.a4.v1,0.9183550539552389
Glyma.07G118600.Wm82.a4.v1,0.9183317068159639
Glyma.19G178800.Wm82.a4.v1,0.9183130291045438
Glyma.13G250500.Wm82.a4.v1,0.9183083596766888
Glyma.09G249700.Wm82.a4.v1,0.9182896819652688
Glyma.09G181400.Wm82.a4.v1,0.9182896819652688
Glyma.11G140600.Wm82.a4.v1,0.9182850125374138
Glyma.05G202000.Wm82.a4.v1,0.9182686695399213
Glyma.01G004300.Wm82.a4.v1,0.9182616653981388
Glyma.17G090200.Wm82.a4.v1,0.9182616653981388
Glyma.07G047900.Wm82.a4.v1,0.9182429876867187
Glyma.16G142800.Wm82.a4.v1,0.9181122437067786
Glyma.03G242600.Wm82.a4.v1,0.9179161277368684
Glyma.12G106600.Wm82.a4.v1,0.9179114583090134
Glyma.13G112700.Wm82.a4.v1,0.9179067888811584
Glyma.09G119200.Wm82.a4.v1,0.9179021194533034
Glyma.13G371900.Wm82.a4.v1,0.9179021194533034
Glyma.13G370200.Wm82.a4.v1,0.9178974500254484
Glyma.13G159100.Wm82.a4.v1,0.9177947226126383
Glyma.03G234200.Wm82.a4.v1,0.9177783796151457
Glyma.13G221700.Wm82.a4.v1,0.9177573671897983
Glyma.01G103200.Wm82.a4.v1,0.9177410241923057
Glyma.20G196900.Wm82.a4.v1,0.9177176770530306
Glyma.11G187500.Wm82.a4.v1,0.9177153423391032
Glyma.03G235000.Wm82.a4.v1,0.9176779869162631
Glyma.01G044100.Wm82.a4.v1,0.9176453009212782
Glyma.20G052800.Wm82.a4.v1,0.9176406314934231
Glyma.11G060200.Wm82.a4.v1,0.9176172843541481
Glyma.04G069200.Wm82.a4.v1,0.9175845983591631
Glyma.06G018300.Wm82.a4.v1,0.917579928931308
Glyma.06G292500.Wm82.a4.v1,0.9175612512198881
Glyma.15G263700.Wm82.a4.v1,0.917537904080613
Glyma.17G017100.Wm82.a4.v1,0.917509887513483
Glyma.15G089500.Wm82.a4.v1,0.917500548657773
Glyma.07G214900.Wm82.a4.v1,0.917491209802063
Glyma.06G183900.Wm82.a4.v1,0.917477201518498
Glyma.11G134700.Wm82.a4.v1,0.917472532090643
Glyma.13G144000.Wm82.a4.v1,0.917463193234933
Glyma.04G068800.Wm82.a4.v1,0.9173464575385578
Glyma.12G211000.Wm82.a4.v1,0.9173277798271378
Glyma.03G158100.Wm82.a4.v1,0.9173044326878628
Glyma.16G073100.Wm82.a4.v1,0.9171269944293726
Glyma.12G075500.Wm82.a4.v1,0.9171269944293726
Glyma.07G078100.Wm82.a4.v1,0.9170382753001275
Glyma.18G107900.Wm82.a4.v1,0.9169729033101575
Glyma.04G025000.Wm82.a4.v1,0.9169658991683749
Glyma.08G278600.Wm82.a4.v1,0.9169588950265924
Glyma.10G210800.Wm82.a4.v1,0.9169308784594624
Glyma.01G241500.Wm82.a4.v1,0.9169122007480424
Glyma.06G044400.Wm82.a4.v1,0.9169005271784049
Glyma.06G062600.Wm82.a4.v1,0.9168841841809123
Glyma.15G128400.Wm82.a4.v1,0.9168141427630873
Glyma.07G120400.Wm82.a4.v1,0.9168094733352322
Glyma.17G106800.Wm82.a4.v1,0.9167674484845372
Glyma.05G245600.Wm82.a4.v1,0.9167394319174071
Glyma.02G066800.Wm82.a4.v1,0.916608687937467
Glyma.04G147100.Wm82.a4.v1,0.916547985375352
Glyma.01G151300.Wm82.a4.v1,0.916547985375352
Glyma.13G054800.Wm82.a4.v1,0.9164592662461069
Glyma.16G003300.Wm82.a4.v1,0.9164545968182518
Glyma.11G012200.Wm82.a4.v1,0.9164452579625418
Glyma.19G126700.Wm82.a4.v1,0.9164405885346868
Glyma.04G155100.Wm82.a4.v1,0.9164359191068319
Glyma.04G193400.Wm82.a4.v1,0.9163845554004267
Glyma.07G016700.Wm82.a4.v1,0.9163378611218768
Glyma.16G111200.Wm82.a4.v1,0.9163355264079492
Glyma.14G051300.Wm82.a4.v1,0.9163331916940217
Glyma.14G002500.Wm82.a4.v1,0.9163331916940217
Glyma.06G197300.Wm82.a4.v1,0.9163145139826017
Glyma.02G255000.Wm82.a4.v1,0.9163098445547467
Glyma.04G098000.Wm82.a4.v1,0.9162678197040517
Glyma.18G129200.Wm82.a4.v1,0.9162164559976466
Glyma.11G176309.Wm82.a4.v1,0.9161977782862266
Glyma.02G017500.Wm82.a4.v1,0.9161697617190966
Glyma.17G170600.Wm82.a4.v1,0.9161417451519666
Glyma.17G232300.Wm82.a4.v1,0.9161043897291264
Glyma.17G122500.Wm82.a4.v1,0.9160997203012715
Glyma.05G185000.Wm82.a4.v1,0.9160950508734165
Glyma.09G285700.Wm82.a4.v1,0.9160950508734165
Glyma.06G179200.Wm82.a4.v1,0.9160903814455614
Glyma.18G171900.Wm82.a4.v1,0.9160343483113014
Glyma.15G047200.Wm82.a4.v1,0.9160250094555914
Glyma.17G232235.Wm82.a4.v1,0.9159783151770413
Glyma.08G002000.Wm82.a4.v1,0.9159269514706363
Glyma.12G206300.Wm82.a4.v1,0.9158849266199413
Glyma.19G150300.Wm82.a4.v1,0.9158755877642313
Glyma.13G313500.Wm82.a4.v1,0.9158522406249562
Glyma.17G256102.Wm82.a4.v1,0.9158522406249562
Glyma.11G030700.Wm82.a4.v1,0.9158429017692462
Glyma.09G035800.Wm82.a4.v1,0.9158288934856812
Glyma.06G056200.Wm82.a4.v1,0.9158195546299712
Glyma.08G223300.Wm82.a4.v1,0.9157448437842911
Glyma.11G114100.Wm82.a4.v1,0.9157401743564361
Glyma.12G129100.Wm82.a4.v1,0.915712157789306
Glyma.05G163700.Wm82.a4.v1,0.9157074883614511
Glyma.02G221900.Wm82.a4.v1,0.915698149505741
Glyma.10G109400.Wm82.a4.v1,0.915688810650031
Glyma.13G116300.Wm82.a4.v1,0.915674802366466
Glyma.11G252100.Wm82.a4.v1,0.915670132938611
Glyma.12G201900.Wm82.a4.v1,0.915637446943626
Glyma.02G262500.Wm82.a4.v1,0.9155767443815109
Glyma.16G195900.Wm82.a4.v1,0.9155580666700909
Glyma.13G311200.Wm82.a4.v1,0.9155440583865259
Glyma.16G217900.Wm82.a4.v1,0.9155207112472509
Glyma.03G157700.Wm82.a4.v1,0.9155113723915409
Glyma.16G138000.Wm82.a4.v1,0.9155067029636859
Glyma.16G202400.Wm82.a4.v1,0.9154973641079759
Glyma.08G352600.Wm82.a4.v1,0.9154880252522658
Glyma.16G075800.Wm82.a4.v1,0.9154740169687008
Glyma.02G043500.Wm82.a4.v1,0.9154600086851358
Glyma.01G033800.Wm82.a4.v1,0.9154506698294258
Glyma.10G231700.Wm82.a4.v1,0.9154460004015708
Glyma.05G044000.Wm82.a4.v1,0.9154366615458608
Glyma.10G193200.Wm82.a4.v1,0.9154319921180057
Glyma.13G330600.Wm82.a4.v1,0.9154086449787308
Glyma.03G241900.Wm82.a4.v1,0.9152825704266456
Glyma.19G178100.Wm82.a4.v1,0.9152685621430806
Glyma.07G110900.Wm82.a4.v1,0.9152498844316606
Glyma.02G293300.Wm82.a4.v1,0.9152452150038056
Glyma.19G260400.Wm82.a4.v1,0.9151658347302705
Glyma.07G179400.Wm82.a4.v1,0.9151518264467055
Glyma.02G222300.Wm82.a4.v1,0.9151471570188505
Glyma.01G223500.Wm82.a4.v1,0.9151378181631404
Glyma.14G178500.Wm82.a4.v1,0.9151144710238655
Glyma.13G259400.Wm82.a4.v1,0.9151051321681555
Glyma.18G019700.Wm82.a4.v1,0.9151004627403004
Glyma.06G161000.Wm82.a4.v1,0.9150490990338954
Glyma.02G207800.Wm82.a4.v1,0.9150210824667654
Glyma.20G224100.Wm82.a4.v1,0.9150117436110553
Glyma.12G150300.Wm82.a4.v1,0.9150024047553453
Glyma.15G087200.Wm82.a4.v1,0.9149136856261002
Glyma.09G158200.Wm82.a4.v1,0.9148809996311152
Glyma.14G003200.Wm82.a4.v1,0.9147876110740151
Glyma.08G036900.Wm82.a4.v1,0.9147876110740151
Glyma.04G088800.Wm82.a4.v1,0.9147829416461601
Glyma.08G113200.Wm82.a4.v1,0.9147829416461601
Glyma.14G118200.Wm82.a4.v1,0.9147829416461601
Glyma.06G270500.Wm82.a4.v1,0.914759594506885
Glyma.10G127000.Wm82.a4.v1,0.9147129002283351
Glyma.06G238200.Wm82.a4.v1,0.91465219766622
Glyma.13G080100.Wm82.a4.v1,0.9146475282383649
Glyma.09G173500.Wm82.a4.v1,0.9146101728155249
Glyma.13G128500.Wm82.a4.v1,0.9145588091091199
Glyma.17G052700.Wm82.a4.v1,0.9144514122684547
Glyma.13G182600.Wm82.a4.v1,0.9144280651291797
Glyma.07G156100.Wm82.a4.v1,0.9143720319949197
Glyma.07G022700.Wm82.a4.v1,0.9143673625670646
Glyma.11G056200.Wm82.a4.v1,0.9143580237113547
Glyma.13G119600.Wm82.a4.v1,0.9143580237113547
Glyma.15G177500.Wm82.a4.v1,0.9143346765720797
Glyma.07G004300.Wm82.a4.v1,0.9143253377163696
Glyma.15G065600.Wm82.a4.v1,0.9143206682885147
Glyma.04G112700.Wm82.a4.v1,0.9142693045821095
Glyma.09G028000.Wm82.a4.v1,0.9142552962985445
Glyma.07G112600.Wm82.a4.v1,0.9141899243085745
Glyma.03G035400.Wm82.a4.v1,0.914164242455372
Glyma.11G002400.Wm82.a4.v1,0.9141432300300244
Glyma.11G028200.Wm82.a4.v1,0.9141152134628944
Glyma.15G037300.Wm82.a4.v1,0.9141152134628944
Glyma.09G267500.Wm82.a4.v1,0.9140358331893593
Glyma.18G006100.Wm82.a4.v1,0.9139938083386643
Glyma.09G062700.Wm82.a4.v1,0.9139914736247368
Glyma.04G247700.Wm82.a4.v1,0.9139564529158242
Glyma.05G236700.Wm82.a4.v1,0.9139564529158242
Glyma.09G125800.Wm82.a4.v1,0.9139564529158242
Glyma.05G070000.Wm82.a4.v1,0.9138817420701442
Glyma.16G198400.Wm82.a4.v1,0.9138677337865792
Glyma.05G221800.Wm82.a4.v1,0.9138210395080291
Glyma.18G001800.Wm82.a4.v1,0.913769675801624
Glyma.18G020000.Wm82.a4.v1,0.913755667518059
Glyma.17G211700.Wm82.a4.v1,0.913741659234494
Glyma.17G128500.Wm82.a4.v1,0.913741659234494
Glyma.12G180600.Wm82.a4.v1,0.913699634383799
Glyma.04G018100.Wm82.a4.v1,0.9136436012495389
Glyma.13G100700.Wm82.a4.v1,0.9136436012495389
Glyma.14G179200.Wm82.a4.v1,0.9136436012495389
Glyma.18G039500.Wm82.a4.v1,0.9135828986874238
Glyma.03G192300.Wm82.a4.v1,0.9135455432645838
Glyma.13G107500.Wm82.a4.v1,0.9134801712746137
Glyma.05G103200.Wm82.a4.v1,0.9134638282771212
Glyma.12G131700.Wm82.a4.v1,0.9134568241353387
Glyma.14G145900.Wm82.a4.v1,0.9134474852796287
Glyma.08G225400.Wm82.a4.v1,0.9134241381403536
Glyma.08G057000.Wm82.a4.v1,0.9134194687124987
Glyma.07G263100.Wm82.a4.v1,0.9134054604289337
Glyma.20G133200.Wm82.a4.v1,0.9134007910010786
Glyma.19G124200.Wm82.a4.v1,0.9133914521453687
Glyma.18G025100.Wm82.a4.v1,0.9133914521453687
Glyma.15G008300.Wm82.a4.v1,0.9133774438618036
Glyma.08G143000.Wm82.a4.v1,0.9133260801553985
Glyma.14G057400.Wm82.a4.v1,0.9133260801553985
Glyma.20G164300.Wm82.a4.v1,0.9133074024439786
Glyma.02G000900.Wm82.a4.v1,0.913263042879356
Glyma.06G125700.Wm82.a4.v1,0.9132513693097185
Glyma.08G075100.Wm82.a4.v1,0.9132513693097185
Glyma.18G003500.Wm82.a4.v1,0.9131906667476034
Glyma.07G059900.Wm82.a4.v1,0.9131719890361834
Glyma.01G191900.Wm82.a4.v1,0.9131206253297783
Glyma.09G184700.Wm82.a4.v1,0.9131206253297783
Glyma.16G077500.Wm82.a4.v1,0.9130926087626483
Glyma.20G126800.Wm82.a4.v1,0.9130879393347933
Glyma.15G105600.Wm82.a4.v1,0.9130832699069383
Glyma.17G211900.Wm82.a4.v1,0.9130786004790833
Glyma.15G086200.Wm82.a4.v1,0.9130225673448232
Glyma.14G039100.Wm82.a4.v1,0.9129618647827081
Glyma.20G124000.Wm82.a4.v1,0.9129618647827081
Glyma.07G052100.Wm82.a4.v1,0.9129338482155781
Glyma.17G259400.Wm82.a4.v1,0.9129151705041582
Glyma.17G078400.Wm82.a4.v1,0.9129058316484481
Glyma.08G279800.Wm82.a4.v1,0.9128824845091731
Glyma.17G012000.Wm82.a4.v1,0.912877815081318
Glyma.13G054400.Wm82.a4.v1,0.9128684762256081
Glyma.11G120900.Wm82.a4.v1,0.912840459658478
Glyma.13G098100.Wm82.a4.v1,0.9128311208027681
Glyma.16G173700.Wm82.a4.v1,0.9127517405292329
Glyma.14G087900.Wm82.a4.v1,0.9127377322456679
Glyma.14G089015.Wm82.a4.v1,0.9126770296835529
Glyma.13G059000.Wm82.a4.v1,0.9126583519721329
Glyma.08G059800.Wm82.a4.v1,0.9125696328428877
Glyma.16G017400.Wm82.a4.v1,0.9125649634150328
Glyma.07G244200.Wm82.a4.v1,0.9125416162757577
Glyma.14G089093.Wm82.a4.v1,0.9125369468479028
Glyma.18G216300.Wm82.a4.v1,0.9125322774200477
Glyma.17G013600.Wm82.a4.v1,0.9124762442857877
Glyma.06G322000.Wm82.a4.v1,0.9124248805793826
Glyma.10G001200.Wm82.a4.v1,0.9124015334401075
Glyma.11G001000.Wm82.a4.v1,0.9123735168729775
Glyma.15G102550.Wm82.a4.v1,0.9123688474451226
Glyma.19G108500.Wm82.a4.v1,0.9123595085894125
Glyma.05G203000.Wm82.a4.v1,0.9123081448830075
Glyma.12G020900.Wm82.a4.v1,0.9122614506044574
Glyma.04G107100.Wm82.a4.v1,0.9122474423208924
Glyma.11G231100.Wm82.a4.v1,0.9121914091866323
Glyma.09G252100.Wm82.a4.v1,0.9121727314752124
Glyma.08G065100.Wm82.a4.v1,0.9121540537637923
Glyma.16G030300.Wm82.a4.v1,0.9121213677688073
Glyma.16G093800.Wm82.a4.v1,0.9121213677688073
Glyma.20G113300.Wm82.a4.v1,0.9120746734902573
Glyma.10G033100.Wm82.a4.v1,0.9120326486395622
Glyma.04G041700.Wm82.a4.v1,0.9119999626445772
Glyma.20G237400.Wm82.a4.v1,0.9119439295103171
Glyma.20G070800.Wm82.a4.v1,0.911925251798897
Glyma.01G194800.Wm82.a4.v1,0.9119019046596221
Glyma.15G203100.Wm82.a4.v1,0.911887896376057
Glyma.11G133800.Wm82.a4.v1,0.911887896376057
Glyma.09G286000.Wm82.a4.v1,0.9118785575203471
Glyma.10G080000.Wm82.a4.v1,0.911869218664637
Glyma.11G188800.Wm82.a4.v1,0.911808516102522
Glyma.11G013700.Wm82.a4.v1,0.911780499535392
Glyma.12G013100.Wm82.a4.v1,0.9117244664011319
Glyma.05G235800.Wm82.a4.v1,0.9117104581175669
Glyma.18G240500.Wm82.a4.v1,0.9116731026947268
Glyma.19G139700.Wm82.a4.v1,0.9116357472718868
Glyma.01G040900.Wm82.a4.v1,0.9115797141376267
Glyma.13G372900.Wm82.a4.v1,0.9115750447097717
Glyma.01G082700.Wm82.a4.v1,0.9115610364262067
Glyma.14G049700.Wm82.a4.v1,0.9115470281426417
Glyma.12G063700.Wm82.a4.v1,0.9115330198590766
Glyma.14G089042.Wm82.a4.v1,0.9115096727198017
Glyma.04G080500.Wm82.a4.v1,0.9115050032919466
Glyma.18G129800.Wm82.a4.v1,0.9114956644362366
Glyma.01G161900.Wm82.a4.v1,0.9114909950083816
Glyma.15G275000.Wm82.a4.v1,0.9114863255805267
Glyma.08G138200.Wm82.a4.v1,0.9114349618741215
Glyma.12G226600.Wm82.a4.v1,0.9114349618741215
Glyma.18G054100.Wm82.a4.v1,0.9114022758791366
Glyma.06G079800.Wm82.a4.v1,0.9113649204562965
Glyma.08G285900.Wm82.a4.v1,0.9113602510284415
Glyma.03G141200.Wm82.a4.v1,0.9113369038891664
Glyma.07G010200.Wm82.a4.v1,0.9113228956056014
Glyma.18G077600.Wm82.a4.v1,0.9113135567498915
Glyma.15G212800.Wm82.a4.v1,0.9112715318991964
Glyma.09G207700.Wm82.a4.v1,0.9112575236156314
Glyma.01G236400.Wm82.a4.v1,0.9112295070485014
Glyma.04G137800.Wm82.a4.v1,0.9112201681927914
Glyma.11G031200.Wm82.a4.v1,0.9112061599092264
Glyma.10G295100.Wm82.a4.v1,0.9111641350585313
Glyma.04G011100.Wm82.a4.v1,0.9111547962028212
Glyma.20G200000.Wm82.a4.v1,0.9111081019242713
Glyma.18G006700.Wm82.a4.v1,0.9110987630685612
Glyma.19G133800.Wm82.a4.v1,0.9110800853571412
Glyma.13G272300.Wm82.a4.v1,0.9110754159292862
Glyma.12G242300.Wm82.a4.v1,0.9110473993621562
Glyma.07G102100.Wm82.a4.v1,0.9110427299343011
Glyma.06G135900.Wm82.a4.v1,0.9110287216507361
Glyma.13G187000.Wm82.a4.v1,0.9110240522228811
Glyma.10G086600.Wm82.a4.v1,0.9110007050836061
Glyma.01G080200.Wm82.a4.v1,0.910996035655751
Glyma.12G117700.Wm82.a4.v1,0.9109773579443311
Glyma.04G117800.Wm82.a4.v1,0.9109493413772011
Glyma.04G048100.Wm82.a4.v1,0.9108559528201009
Glyma.09G227400.Wm82.a4.v1,0.9108185973972609
Glyma.18G070500.Wm82.a4.v1,0.9107812419744209
Glyma.09G185900.Wm82.a4.v1,0.9107719031187108
Glyma.11G248500.Wm82.a4.v1,0.9107112005565958
Glyma.02G124500.Wm82.a4.v1,0.9106691757059008
Glyma.01G225300.Wm82.a4.v1,0.9106645062780457
Glyma.19G076300.Wm82.a4.v1,0.9106598368501907
Glyma.03G253000.Wm82.a4.v1,0.9106224814273507
Glyma.13G101600.Wm82.a4.v1,0.9105197540145405
Glyma.02G026700.Wm82.a4.v1,0.9104637208802805
Glyma.05G099500.Wm82.a4.v1,0.9104637208802805
Glyma.02G150200.Wm82.a4.v1,0.9103796711788904
Glyma.04G082900.Wm82.a4.v1,0.9103750017510355
Glyma.01G076100.Wm82.a4.v1,0.9103469851839054
Glyma.19G028700.Wm82.a4.v1,0.9103423157560504
Glyma.15G131100.Wm82.a4.v1,0.9103002909053554
Glyma.20G209000.Wm82.a4.v1,0.9102372536293128
Glyma.19G102000.Wm82.a4.v1,0.9101742163532702
Glyma.04G158100.Wm82.a4.v1,0.9101321915025752
Glyma.08G322000.Wm82.a4.v1,0.9101321915025752
Glyma.16G101000.Wm82.a4.v1,0.9101041749354452
Glyma.06G107400.Wm82.a4.v1,0.9100948360797352
Glyma.05G218400.Wm82.a4.v1,0.9100901666518801
Glyma.18G170900.Wm82.a4.v1,0.9100761583683151
Glyma.19G076500.Wm82.a4.v1,0.9100247946619101
Glyma.15G046600.Wm82.a4.v1,0.9100247946619101
Glyma.10G082400.Wm82.a4.v1,0.9100154558062
Glyma.04G206300.Wm82.a4.v1,0.909954753244085
Glyma.04G195100.Wm82.a4.v1,0.9099173978212449
Glyma.18G204000.Wm82.a4.v1,0.9099173978212449
Glyma.12G095900.Wm82.a4.v1,0.90991272839339
Glyma.03G218500.Wm82.a4.v1,0.9099033895376799
Glyma.02G161200.Wm82.a4.v1,0.9098893812541149
Glyma.13G234500.Wm82.a4.v1,0.9097679761298848
Glyma.07G121300.Wm82.a4.v1,0.9097633067020298
Glyma.15G111600.Wm82.a4.v1,0.9097399595627548
Glyma.06G081500.Wm82.a4.v1,0.9097166124234798
Glyma.02G177500.Wm82.a4.v1,0.9096839264284947
Glyma.11G110900.Wm82.a4.v1,0.9096839264284947
Glyma.11G143400.Wm82.a4.v1,0.9096699181449297
Glyma.01G140600.Wm82.a4.v1,0.9096372321499446
Glyma.01G044500.Wm82.a4.v1,0.9096325627220897
Glyma.06G216800.Wm82.a4.v1,0.9096138850106696
Glyma.05G042700.Wm82.a4.v1,0.9096045461549597
Glyma.13G158400.Wm82.a4.v1,0.9095998767271046
Glyma.06G133700.Wm82.a4.v1,0.9095578518764096
Glyma.16G046600.Wm82.a4.v1,0.9095345047371346
Glyma.12G154300.Wm82.a4.v1,0.9094644633193095
Glyma.03G002600.Wm82.a4.v1,0.9094130996129044
Glyma.19G120100.Wm82.a4.v1,0.9093430581950793
Glyma.06G077400.Wm82.a4.v1,0.9093337193393694
Glyma.18G217000.Wm82.a4.v1,0.9092823556329643
Glyma.04G095200.Wm82.a4.v1,0.9092403307822693
Glyma.13G057700.Wm82.a4.v1,0.9092356613544142
Glyma.02G127800.Wm82.a4.v1,0.9091656199365892
Glyma.09G246300.Wm82.a4.v1,0.9091609505087341
Glyma.05G013400.Wm82.a4.v1,0.9091235950858941
Glyma.14G137100.Wm82.a4.v1,0.9091189256580391
Glyma.03G140500.Wm82.a4.v1,0.9090862396630541
Glyma.19G153200.Wm82.a4.v1,0.909062892523779
Glyma.15G010300.Wm82.a4.v1,0.9090535536680691
Glyma.19G166200.Wm82.a4.v1,0.9090442148123591
Glyma.11G181300.Wm82.a4.v1,0.908997520533809
Glyma.15G064300.Wm82.a4.v1,0.9089788428223889
Glyma.10G243800.Wm82.a4.v1,0.908955495683114
Glyma.20G141600.Wm82.a4.v1,0.908955495683114
Glyma.03G214900.Wm82.a4.v1,0.9089508262552589
Glyma.08G203200.Wm82.a4.v1,0.9088901236931439
Glyma.U008800.Wm82.a4.v1,0.9088714459817239
Glyma.08G362000.Wm82.a4.v1,0.9088480988424489
Glyma.20G105900.Wm82.a4.v1,0.9088154128474638
Glyma.08G269600.Wm82.a4.v1,0.9087080160067987
Glyma.17G088400.Wm82.a4.v1,0.9086986771510887
Glyma.07G262000.Wm82.a4.v1,0.9086893382953787
Glyma.13G029900.Wm82.a4.v1,0.9086706605839586
Glyma.08G295600.Wm82.a4.v1,0.9086519828725387
Glyma.08G040500.Wm82.a4.v1,0.9086192968775536
Glyma.16G199700.Wm82.a4.v1,0.9086052885939886
Glyma.06G166600.Wm82.a4.v1,0.9086006191661335
Glyma.08G268300.Wm82.a4.v1,0.9085912803104236
Glyma.18G083900.Wm82.a4.v1,0.9085539248875836
Glyma.09G070600.Wm82.a4.v1,0.9085445860318735
Glyma.16G042200.Wm82.a4.v1,0.9084511974747734
Glyma.03G131000.Wm82.a4.v1,0.9084511974747734
Glyma.18G081100.Wm82.a4.v1,0.9084371891912084
Glyma.09G014700.Wm82.a4.v1,0.9084045031962233
Glyma.15G192300.Wm82.a4.v1,0.9083951643405134
Glyma.15G104300.Wm82.a4.v1,0.9083578089176734
Glyma.07G051400.Wm82.a4.v1,0.9083531394898183
Glyma.08G315100.Wm82.a4.v1,0.9083461353480358
Glyma.16G076800.Wm82.a4.v1,0.9083344617783983
Glyma.09G183900.Wm82.a4.v1,0.9083297923505433
Glyma.13G125000.Wm82.a4.v1,0.9083204534948333
Glyma.02G015600.Wm82.a4.v1,0.9083157840669783
Glyma.04G192300.Wm82.a4.v1,0.9083111146391233
Glyma.02G153800.Wm82.a4.v1,0.9083017757834133
Glyma.07G182200.Wm82.a4.v1,0.9082644203605732
Glyma.15G158500.Wm82.a4.v1,0.9082223955098782
Glyma.18G026000.Wm82.a4.v1,0.9082223955098782
Glyma.14G217200.Wm82.a4.v1,0.9081943789427481
Glyma.04G232000.Wm82.a4.v1,0.9081943789427481
Glyma.13G264900.Wm82.a4.v1,0.9081897095148932
Glyma.08G132300.Wm82.a4.v1,0.908133676380633
Glyma.17G105900.Wm82.a4.v1,0.908124337524923
Glyma.20G111800.Wm82.a4.v1,0.908110329241358
Glyma.07G234900.Wm82.a4.v1,0.908040287823533
Glyma.10G151000.Wm82.a4.v1,0.9079935935449829
Glyma.07G109000.Wm82.a4.v1,0.9079655769778529
Glyma.01G004100.Wm82.a4.v1,0.9079188826993029
Glyma.15G058900.Wm82.a4.v1,0.9078815272764628
Glyma.08G046000.Wm82.a4.v1,0.9078745231346803
Glyma.10G297700.Wm82.a4.v1,0.9078675189928977
Glyma.20G237900.Wm82.a4.v1,0.9078068164307828
Glyma.18G119100.Wm82.a4.v1,0.9078021470029277
Glyma.08G333000.Wm82.a4.v1,0.9077601221522327
Glyma.19G125600.Wm82.a4.v1,0.9077274361572476
Glyma.16G154700.Wm82.a4.v1,0.9077087584458277
Glyma.06G285200.Wm82.a4.v1,0.9076947501622626
Glyma.14G077900.Wm82.a4.v1,0.9076620641672776
Glyma.04G065100.Wm82.a4.v1,0.9075966921773075
Glyma.09G210700.Wm82.a4.v1,0.9075079730480624
Glyma.06G154400.Wm82.a4.v1,0.9074846259087874
Glyma.17G059300.Wm82.a4.v1,0.9074706176252224
Glyma.05G243800.Wm82.a4.v1,0.9074285927745274
Glyma.11G113901.Wm82.a4.v1,0.9074099150631073
Glyma.03G200700.Wm82.a4.v1,0.9073585513567023
Glyma.05G211100.Wm82.a4.v1,0.9073492125009922
Glyma.02G009100.Wm82.a4.v1,0.9073071876502972
Glyma.17G158400.Wm82.a4.v1,0.9072745016553122
Glyma.10G064500.Wm82.a4.v1,0.9072558239438921
Glyma.08G125000.Wm82.a4.v1,0.9072278073767621
Glyma.14G223900.Wm82.a4.v1,0.9072184685210521
Glyma.18G015100.Wm82.a4.v1,0.9071904519539221
Glyma.18G227700.Wm82.a4.v1,0.907167104814647
Glyma.15G048200.Wm82.a4.v1,0.907167104814647
Glyma.10G204400.Wm82.a4.v1,0.9071624353867921
Glyma.13G349500.Wm82.a4.v1,0.9071484271032271
Glyma.07G046500.Wm82.a4.v1,0.9071484271032271
Glyma.02G254200.Wm82.a4.v1,0.907115741108242
Glyma.12G077300.Wm82.a4.v1,0.9070830551132569
Glyma.02G250200.Wm82.a4.v1,0.9070036748397219
Glyma.06G234500.Wm82.a4.v1,0.9069803277004469
Glyma.06G156300.Wm82.a4.v1,0.9069756582725919
Glyma.16G155300.Wm82.a4.v1,0.9069709888447368
Glyma.10G040000.Wm82.a4.v1,0.9069709888447368
Glyma.03G008200.Wm82.a4.v1,0.9069663194168819
Glyma.06G072500.Wm82.a4.v1,0.9069523111333169
Glyma.16G010200.Wm82.a4.v1,0.9069476417054618
Glyma.09G107600.Wm82.a4.v1,0.9069476417054618
Glyma.18G275100.Wm82.a4.v1,0.9069383028497519
Glyma.12G043301.Wm82.a4.v1,0.9069289639940418
Glyma.18G054600.Wm82.a4.v1,0.9069149557104768
Glyma.19G182800.Wm82.a4.v1,0.9068962779990568
Glyma.17G092900.Wm82.a4.v1,0.9068729308597817
Glyma.08G038200.Wm82.a4.v1,0.9068168977255217
Glyma.03G248600.Wm82.a4.v1,0.9067515257355516
Glyma.12G204400.Wm82.a4.v1,0.9067001620291466
Glyma.10G120400.Wm82.a4.v1,0.9066908231734365
Glyma.16G016400.Wm82.a4.v1,0.9066908231734365
Glyma.02G157002.Wm82.a4.v1,0.9066768148898715
Glyma.08G226700.Wm82.a4.v1,0.9066347900391765
Glyma.03G207700.Wm82.a4.v1,0.9066347900391765
Glyma.14G086300.Wm82.a4.v1,0.9066207817556114
Glyma.10G089700.Wm82.a4.v1,0.9066067734720464
Glyma.08G040800.Wm82.a4.v1,0.9065180543428014
Glyma.10G137800.Wm82.a4.v1,0.9064993766313814
Glyma.03G087500.Wm82.a4.v1,0.9064760294921064
Glyma.20G224600.Wm82.a4.v1,0.9064433434971213
Glyma.12G169200.Wm82.a4.v1,0.9064433434971213
Glyma.02G311333.Wm82.a4.v1,0.9064340046414113
Glyma.08G213000.Wm82.a4.v1,0.9064246657857012
Glyma.16G049000.Wm82.a4.v1,0.9064059880742813
Glyma.19G206000.Wm82.a4.v1,0.9064013186464263
Glyma.14G200200.Wm82.a4.v1,0.9063966492185712
Glyma.15G052300.Wm82.a4.v1,0.9063873103628612
Glyma.13G217200.Wm82.a4.v1,0.9063826409350062
Glyma.15G019700.Wm82.a4.v1,0.9063592937957312
Glyma.09G264100.Wm82.a4.v1,0.9063452855121662
Glyma.06G106900.Wm82.a4.v1,0.9063266078007461
Glyma.08G318900.Wm82.a4.v1,0.9063125995171811
Glyma.03G202100.Wm82.a4.v1,0.9062985912336161
Glyma.18G124500.Wm82.a4.v1,0.906139830686546
Glyma.18G244100.Wm82.a4.v1,0.906125822402981
Glyma.02G031700.Wm82.a4.v1,0.9060651198408659
Glyma.11G098700.Wm82.a4.v1,0.9059857395673309
Glyma.15G169200.Wm82.a4.v1,0.9059530535723458
Glyma.13G001100.Wm82.a4.v1,0.9059437147166358
Glyma.20G045500.Wm82.a4.v1,0.9059156981495058
Glyma.09G044200.Wm82.a4.v1,0.9059016898659408
Glyma.05G185300.Wm82.a4.v1,0.9058783427266657
Glyma.20G156800.Wm82.a4.v1,0.9058596650152457
Glyma.10G259300.Wm82.a4.v1,0.9058409873038257
Glyma.02G096600.Wm82.a4.v1,0.9058129707366956
Glyma.11G052700.Wm82.a4.v1,0.9058036318809857
Glyma.20G246100.Wm82.a4.v1,0.9057522681745805
Glyma.06G315300.Wm82.a4.v1,0.9057335904631606
Glyma.12G012400.Wm82.a4.v1,0.9057335904631606
Glyma.14G220200.Wm82.a4.v1,0.9056775573289005
Glyma.10G280500.Wm82.a4.v1,0.9056261936224954
Glyma.11G014700.Wm82.a4.v1,0.9056215241946405
Glyma.13G089200.Wm82.a4.v1,0.9055794993439454
Glyma.06G001800.Wm82.a4.v1,0.9055421439211053
Glyma.13G279500.Wm82.a4.v1,0.9055047884982653
Glyma.07G000500.Wm82.a4.v1,0.9055047884982653
Glyma.10G145900.Wm82.a4.v1,0.9054861107868453
Glyma.03G121000.Wm82.a4.v1,0.9054487553640053
Glyma.11G207500.Wm82.a4.v1,0.9054207387968752
Glyma.01G188500.Wm82.a4.v1,0.9054113999411653
Glyma.09G037900.Wm82.a4.v1,0.9053880528018902
Glyma.18G039400.Wm82.a4.v1,0.9053647056626152
Glyma.11G232200.Wm82.a4.v1,0.9052573088219501
Glyma.17G233100.Wm82.a4.v1,0.905215283971255
Glyma.10G014800.Wm82.a4.v1,0.905215283971255
Glyma.18G267200.Wm82.a4.v1,0.9051732591205599
Glyma.08G184600.Wm82.a4.v1,0.9051592508369949
Glyma.02G297000.Wm82.a4.v1,0.90515458140914
Glyma.07G012800.Wm82.a4.v1,0.9051499119812849
Glyma.08G028300.Wm82.a4.v1,0.9051405731255749
Glyma.02G142600.Wm82.a4.v1,0.9050938788470249
Glyma.03G089700.Wm82.a4.v1,0.9050892094191698
Glyma.05G243200.Wm82.a4.v1,0.9049678042949397
Glyma.20G108500.Wm82.a4.v1,0.9049467918695923
Glyma.09G066700.Wm82.a4.v1,0.9049071017328246
Glyma.11G009300.Wm82.a4.v1,0.9048697463099846
Glyma.01G002000.Wm82.a4.v1,0.9048534033124921
Glyma.12G071300.Wm82.a4.v1,0.9048510685985646
Glyma.19G219100.Wm82.a4.v1,0.9048230520314345
Glyma.07G053200.Wm82.a4.v1,0.9047903660364496
Glyma.09G061900.Wm82.a4.v1,0.9047623494693195
Glyma.20G232200.Wm82.a4.v1,0.9047483411857545
Glyma.12G132000.Wm82.a4.v1,0.9047156551907695
Glyma.10G217300.Wm82.a4.v1,0.9046969774793494
Glyma.06G157800.Wm82.a4.v1,0.9046876386236394
Glyma.15G055400.Wm82.a4.v1,0.9046829691957844
Glyma.02G060002.Wm82.a4.v1,0.9046736303400744
Glyma.06G265200.Wm82.a4.v1,0.9045662334994093
Glyma.10G121542.Wm82.a4.v1,0.9045288780765692
Glyma.02G045100.Wm82.a4.v1,0.9045288780765692
Glyma.16G010000.Wm82.a4.v1,0.9044354895194692
Glyma.15G158400.Wm82.a4.v1,0.9044354895194692
Glyma.09G168900.Wm82.a4.v1,0.9044261506637592
Glyma.16G205500.Wm82.a4.v1,0.9043934646687741
Glyma.18G009200.Wm82.a4.v1,0.9043701175294991
Glyma.18G293300.Wm82.a4.v1,0.9043561092459341
Glyma.04G177700.Wm82.a4.v1,0.904272059544544
Glyma.20G177100.Wm82.a4.v1,0.9042206958381389
Glyma.11G238400.Wm82.a4.v1,0.9041459849924589
Glyma.07G263300.Wm82.a4.v1,0.9041413155646039
Glyma.18G049400.Wm82.a4.v1,0.9040992907139088
Glyma.01G040400.Wm82.a4.v1,0.9040852824303438
Glyma.17G259300.Wm82.a4.v1,0.9040852824303438
Glyma.09G050100.Wm82.a4.v1,0.9040759435746338
Glyma.06G075300.Wm82.a4.v1,0.9040292492960837
Glyma.20G099600.Wm82.a4.v1,0.9040199104403738
Glyma.15G038200.Wm82.a4.v1,0.9039872244453887
Glyma.15G044700.Wm82.a4.v1,0.9039732161618237
Glyma.16G047400.Wm82.a4.v1,0.9039078441718537
Glyma.19G240400.Wm82.a4.v1,0.9039055094579261
Glyma.16G030600.Wm82.a4.v1,0.9038658193211586
Glyma.16G013500.Wm82.a4.v1,0.9038284638983185
Glyma.04G231500.Wm82.a4.v1,0.9038237944704636
Glyma.05G132000.Wm82.a4.v1,0.9036837116348134
Glyma.11G009700.Wm82.a4.v1,0.9036743727791033
Glyma.04G229300.Wm82.a4.v1,0.9036510256398284
Glyma.03G178500.Wm82.a4.v1,0.9036463562119733
Glyma.09G152700.Wm82.a4.v1,0.9036416867841184
Glyma.10G257800.Wm82.a4.v1,0.9036416867841184
Glyma.15G041300.Wm82.a4.v1,0.9035529676548733
Glyma.09G176132.Wm82.a4.v1,0.9035482982270182
Glyma.12G010600.Wm82.a4.v1,0.9035296205155983
Glyma.14G181400.Wm82.a4.v1,0.9034969345206132
Glyma.08G049300.Wm82.a4.v1,0.9034922650927582
Glyma.03G186900.Wm82.a4.v1,0.9034829262370482
Glyma.12G108100.Wm82.a4.v1,0.9034549096699181
Glyma.05G082400.Wm82.a4.v1,0.9034362319584981
Glyma.16G153900.Wm82.a4.v1,0.9034035459635131
Glyma.11G074400.Wm82.a4.v1,0.9033475128292531
Glyma.13G030900.Wm82.a4.v1,0.903319496262123
Glyma.13G138700.Wm82.a4.v1,0.903291479694993
Glyma.18G169800.Wm82.a4.v1,0.903291479694993
Glyma.10G207900.Wm82.a4.v1,0.9032447854164429
Glyma.13G062200.Wm82.a4.v1,0.9032447854164429
Glyma.10G255700.Wm82.a4.v1,0.9032167688493129
Glyma.12G066700.Wm82.a4.v1,0.9031934217100379
Glyma.07G253300.Wm82.a4.v1,0.9031560662871978
Glyma.04G256800.Wm82.a4.v1,0.9031420580036328
Glyma.12G024400.Wm82.a4.v1,0.9030953637250828
Glyma.08G066700.Wm82.a4.v1,0.9030906942972278
Glyma.08G194700.Wm82.a4.v1,0.9030766860136628
Glyma.07G081600.Wm82.a4.v1,0.9029412726058677
Glyma.14G223600.Wm82.a4.v1,0.9028618923323325
Glyma.05G239300.Wm82.a4.v1,0.9028525534766225
Glyma.18G299900.Wm82.a4.v1,0.9028245369094925
Glyma.02G091200.Wm82.a4.v1,0.9027544954916674
Glyma.13G320200.Wm82.a4.v1,0.9027264789245374
Glyma.03G025600.Wm82.a4.v1,0.9027054664991898
Glyma.13G091800.Wm82.a4.v1,0.9026844540738423
Glyma.06G007300.Wm82.a4.v1,0.9026284209395823
Glyma.04G208300.Wm82.a4.v1,0.9025443712381922
Glyma.13G362200.Wm82.a4.v1,0.9025397018103372
Glyma.07G060400.Wm82.a4.v1,0.9025210240989172
Glyma.02G281000.Wm82.a4.v1,0.9025163546710622
Glyma.04G221400.Wm82.a4.v1,0.9025163546710622
Glyma.09G240900.Wm82.a4.v1,0.9025070158153522
Glyma.08G055400.Wm82.a4.v1,0.9024603215368021
Glyma.20G214000.Wm82.a4.v1,0.9024509826810921
Glyma.04G112500.Wm82.a4.v1,0.9024369743975271
Glyma.12G173500.Wm82.a4.v1,0.9024323049696721
Glyma.11G161400.Wm82.a4.v1,0.902376271835412
Glyma.19G000200.Wm82.a4.v1,0.902366932979702
Glyma.08G267700.Wm82.a4.v1,0.902343585840427
Glyma.10G101800.Wm82.a4.v1,0.9023015609897319
Glyma.18G023200.Wm82.a4.v1,0.9022968915618769
Glyma.11G009500.Wm82.a4.v1,0.9022922221340219
Glyma.11G107200.Wm82.a4.v1,0.9022455278554719
Glyma.12G198100.Wm82.a4.v1,0.9022175112883418
Glyma.11G085400.Wm82.a4.v1,0.9021334615869517
Glyma.12G228800.Wm82.a4.v1,0.9020867673084016
Glyma.20G201400.Wm82.a4.v1,0.9020400730298517
Glyma.13G276700.Wm82.a4.v1,0.9019980481791566
Glyma.13G144800.Wm82.a4.v1,0.9019933787513016
Glyma.17G206300.Wm82.a4.v1,0.9019887093234465
Glyma.02G215800.Wm82.a4.v1,0.9019560233284616
Glyma.04G009400.Wm82.a4.v1,0.9019046596220565
Glyma.14G036900.Wm82.a4.v1,0.9018906513384914
Glyma.14G159600.Wm82.a4.v1,0.9018719736270715
Glyma.17G034600.Wm82.a4.v1,0.9017599073585514
Glyma.05G241200.Wm82.a4.v1,0.9017272213635663
Glyma.03G226600.Wm82.a4.v1,0.9017225519357113
Glyma.05G139500.Wm82.a4.v1,0.9017178825078563
Glyma.14G017600.Wm82.a4.v1,0.9016945353685812
Glyma.08G316700.Wm82.a4.v1,0.9016011468114812
Glyma.13G345400.Wm82.a4.v1,0.9016011468114812
Glyma.01G167500.Wm82.a4.v1,0.9015871385279162
Glyma.14G218200.Wm82.a4.v1,0.9015684608164961
Glyma.02G011800.Wm82.a4.v1,0.9015497831050762
Glyma.08G141400.Wm82.a4.v1,0.9014890805429611
Glyma.20G126000.Wm82.a4.v1,0.9014657334036861
Glyma.06G131500.Wm82.a4.v1,0.901428377980846
Glyma.07G122400.Wm82.a4.v1,0.901405030841571
Glyma.11G230100.Wm82.a4.v1,0.901381683702296
Glyma.02G228700.Wm82.a4.v1,0.9012836257173409
Glyma.05G135100.Wm82.a4.v1,0.9012696174337759
Glyma.10G298900.Wm82.a4.v1,0.9012392661527183
Glyma.12G195700.Wm82.a4.v1,0.9012042454438057
Glyma.17G082000.Wm82.a4.v1,0.9011342040259807
Glyma.19G115400.Wm82.a4.v1,0.9011061874588506
Glyma.08G296300.Wm82.a4.v1,0.9010641626081556
Glyma.19G000400.Wm82.a4.v1,0.9010501543245906
Glyma.18G067300.Wm82.a4.v1,0.9010408154688806
Glyma.15G231700.Wm82.a4.v1,0.9010221377574605
Glyma.15G148900.Wm82.a4.v1,0.9010034600460406
Glyma.04G122100.Wm82.a4.v1,0.9009987906181856
Glyma.03G182600.Wm82.a4.v1,0.9009941211903305
Glyma.04G248100.Wm82.a4.v1,0.9009754434789106
Glyma.19G165900.Wm82.a4.v1,0.9009754434789106
Glyma.10G263400.Wm82.a4.v1,0.9009754434789106
Glyma.17G244600.Wm82.a4.v1,0.9009614351953456
Glyma.04G167200.Wm82.a4.v1,0.9009567657674905
Glyma.03G196900.Wm82.a4.v1,0.9009427574839255
Glyma.08G093400.Wm82.a4.v1,0.9009147409167955
Glyma.06G225800.Wm82.a4.v1,0.9009100714889404
Glyma.11G154400.Wm82.a4.v1,0.9009054020610855
Glyma.02G214900.Wm82.a4.v1,0.9008960632053754
Glyma.07G002100.Wm82.a4.v1,0.9008820549218104
Glyma.12G058900.Wm82.a4.v1,0.9008633772103904
Glyma.09G132200.Wm82.a4.v1,0.9008493689268254
Glyma.04G002600.Wm82.a4.v1,0.9008446994989704
Glyma.10G244600.Wm82.a4.v1,0.9008400300711153
Glyma.19G027800.Wm82.a4.v1,0.9008306912154054
Glyma.04G023800.Wm82.a4.v1,0.9008213523596954
Glyma.06G169300.Wm82.a4.v1,0.9008213523596954
Glyma.04G235200.Wm82.a4.v1,0.9008026746482753
Glyma.01G238300.Wm82.a4.v1,0.9007980052204203
Glyma.10G021800.Wm82.a4.v1,0.9007886663647103
Glyma.04G159600.Wm82.a4.v1,0.9007699886532903
Glyma.09G191300.Wm82.a4.v1,0.9007326332304503
Glyma.10G189300.Wm82.a4.v1,0.9007092860911753
Glyma.15G097700.Wm82.a4.v1,0.9006952778076103
Glyma.13G336100.Wm82.a4.v1,0.9006625918126252
Glyma.04G202300.Wm82.a4.v1,0.9006532529569152
Glyma.14G178300.Wm82.a4.v1,0.9006018892505101
Glyma.14G198600.Wm82.a4.v1,0.9005551949719601
Glyma.01G109800.Wm82.a4.v1,0.90048048412628
Glyma.18G286400.Wm82.a4.v1,0.90041511213631
Glyma.18G008700.Wm82.a4.v1,0.9003824261413249
Glyma.04G184400.Wm82.a4.v1,0.9003684178577599
Glyma.19G217700.Wm82.a4.v1,0.9003450707184849
Glyma.17G154900.Wm82.a4.v1,0.9003170541513549
Glyma.06G117700.Wm82.a4.v1,0.9003170541513549
Glyma.08G087000.Wm82.a4.v1,0.9003123847234998
Glyma.20G054600.Wm82.a4.v1,0.9002376738778197
Glyma.01G032100.Wm82.a4.v1,0.9001956490271247
Glyma.05G199200.Wm82.a4.v1,0.9001769713157047
Glyma.02G234800.Wm82.a4.v1,0.9001723018878497
Glyma.20G249300.Wm82.a4.v1,0.9001069298978797
Glyma.05G076800.Wm82.a4.v1,0.9000789133307496
Glyma.04G023900.Wm82.a4.v1,0.9000415579079095
Glyma.04G047200.Wm82.a4.v1,0.9000415579079095
Glyma.13G190800.Wm82.a4.v1,0.9000415579079095
Glyma.08G257100.Wm82.a4.v1,0.9000182107686345
Glyma.10G207400.Wm82.a4.v1,0.9000088719129246
Glyma.06G185300.Wm82.a4.v1,0.8999901942015045
Glyma.11G073400.Wm82.a4.v1,0.8999248222115345
Glyma.11G028600.Wm82.a4.v1,0.8998127559430144
Glyma.18G231300.Wm82.a4.v1,0.8998034170873043
Glyma.07G123500.Wm82.a4.v1,0.8997100285302042
Glyma.18G229100.Wm82.a4.v1,0.8997100285302042
Glyma.19G173200.Wm82.a4.v1,0.8997006896744942
Glyma.08G228100.Wm82.a4.v1,0.8996820119630742
Glyma.20G122600.Wm82.a4.v1,0.8996586648237992
Glyma.20G102900.Wm82.a4.v1,0.8996446565402342
Glyma.10G199900.Wm82.a4.v1,0.8996446565402342
Glyma.20G176400.Wm82.a4.v1,0.8996073011173941
Glyma.10G266900.Wm82.a4.v1,0.899518581988149
Glyma.04G211000.Wm82.a4.v1,0.899509243132439
Glyma.09G284800.Wm82.a4.v1,0.899504573704584
Glyma.11G250900.Wm82.a4.v1,0.8994672182817439
Glyma.08G115600.Wm82.a4.v1,0.8994205240031939
Glyma.16G210600.Wm82.a4.v1,0.8993831685803538
Glyma.20G080900.Wm82.a4.v1,0.8993598214410788
Glyma.09G061200.Wm82.a4.v1,0.8993411437296588
Glyma.02G085300.Wm82.a4.v1,0.8992617634561237
Glyma.10G220000.Wm82.a4.v1,0.8992290774611387
Glyma.04G101000.Wm82.a4.v1,0.8992010608940086
Glyma.11G016000.Wm82.a4.v1,0.8992010608940086
Glyma.02G258200.Wm82.a4.v1,0.8991870526104436
Glyma.09G112200.Wm82.a4.v1,0.8991823831825886
Glyma.15G136200.Wm82.a4.v1,0.8991683748990236
Glyma.12G081300.Wm82.a4.v1,0.8991660401850962
Glyma.16G113000.Wm82.a4.v1,0.8991590360433136
Glyma.08G024600.Wm82.a4.v1,0.8991543666154586
Glyma.16G044400.Wm82.a4.v1,0.8990843251976335
Glyma.04G065300.Wm82.a4.v1,0.8990749863419235
Glyma.12G167800.Wm82.a4.v1,0.8990469697747935
Glyma.09G239000.Wm82.a4.v1,0.8990282920633734
Glyma.02G027100.Wm82.a4.v1,0.8990049449240984
Glyma.10G212000.Wm82.a4.v1,0.8990002754962434
Glyma.14G126300.Wm82.a4.v1,0.8989909366405334
Glyma.16G127500.Wm82.a4.v1,0.8989815977848234
Glyma.05G028600.Wm82.a4.v1,0.8989395729341284
Glyma.18G134700.Wm82.a4.v1,0.8989208952227083
Glyma.11G127100.Wm82.a4.v1,0.8989022175112883
Glyma.09G265500.Wm82.a4.v1,0.8988415149491733
Glyma.06G180300.Wm82.a4.v1,0.8988088289541882
Glyma.04G198900.Wm82.a4.v1,0.8987714735313482
Glyma.08G199800.Wm82.a4.v1,0.8987154403970882
Glyma.14G036300.Wm82.a4.v1,0.8987154403970882
Glyma.17G213700.Wm82.a4.v1,0.8986827544021031
Glyma.19G173500.Wm82.a4.v1,0.8986407295514081
Glyma.08G293900.Wm82.a4.v1,0.898598704700713
Glyma.17G108200.Wm82.a4.v1,0.898547340994308
Glyma.16G011500.Wm82.a4.v1,0.8984866384321929
Glyma.06G100600.Wm82.a4.v1,0.8984866384321929
Glyma.05G023200.Wm82.a4.v1,0.8984586218650629
Glyma.05G078000.Wm82.a4.v1,0.8984446135814979
Glyma.15G201100.Wm82.a4.v1,0.8984352747257879
Glyma.19G159500.Wm82.a4.v1,0.8983652333079628
Glyma.10G064200.Wm82.a4.v1,0.8983558944522527
Glyma.03G103600.Wm82.a4.v1,0.8982718447508626
Glyma.10G012300.Wm82.a4.v1,0.8982531670394427
Glyma.20G081600.Wm82.a4.v1,0.8981644479101976
Glyma.02G007800.Wm82.a4.v1,0.8980850676366625
Glyma.01G183800.Wm82.a4.v1,0.8980803982088075
Glyma.13G038900.Wm82.a4.v1,0.8980570510695325
Glyma.06G024100.Wm82.a4.v1,0.8980383733581124
Glyma.10G089600.Wm82.a4.v1,0.8980337039302574
Glyma.05G146800.Wm82.a4.v1,0.8980337039302574
Glyma.14G192100.Wm82.a4.v1,0.8979263070895923
Glyma.19G186000.Wm82.a4.v1,0.8979029599503173
Glyma.19G005600.Wm82.a4.v1,0.8978609350996223
Glyma.01G068000.Wm82.a4.v1,0.8978445921021297
Glyma.13G126200.Wm82.a4.v1,0.8977675465425221
Glyma.02G036000.Wm82.a4.v1,0.8977488688311022
Glyma.13G148300.Wm82.a4.v1,0.8977395299753921
Glyma.19G026600.Wm82.a4.v1,0.8977301911196821
Glyma.08G301300.Wm82.a4.v1,0.8976788274132771
Glyma.09G224600.Wm82.a4.v1,0.897669488557567
Glyma.17G113600.Wm82.a4.v1,0.8976508108461471
Glyma.18G196000.Wm82.a4.v1,0.897594777711887
Glyma.01G048700.Wm82.a4.v1,0.897580769428322
Glyma.16G158700.Wm82.a4.v1,0.897566761144757
Glyma.13G205300.Wm82.a4.v1,0.8975247362940619
Glyma.19G213500.Wm82.a4.v1,0.8975247362940619
Glyma.12G040500.Wm82.a4.v1,0.8974640337319468
Glyma.04G238000.Wm82.a4.v1,0.8974336824508893
Glyma.12G135700.Wm82.a4.v1,0.8974266783091068
Glyma.07G032200.Wm82.a4.v1,0.8974266783091068
Glyma.01G055400.Wm82.a4.v1,0.8973519674634267
Glyma.06G261500.Wm82.a4.v1,0.8972352317670516
Glyma.01G026100.Wm82.a4.v1,0.8972212234834865
Glyma.17G069100.Wm82.a4.v1,0.8971932069163565
Glyma.17G092500.Wm82.a4.v1,0.8971838680606465
Glyma.08G035400.Wm82.a4.v1,0.8971698597770815
Glyma.02G107700.Wm82.a4.v1,0.8971605209213716
Glyma.09G084300.Wm82.a4.v1,0.8971325043542415
Glyma.07G211100.Wm82.a4.v1,0.8970951489314014
Glyma.04G034500.Wm82.a4.v1,0.8970297769414314
Glyma.17G229100.Wm82.a4.v1,0.8970297769414314
Glyma.10G158500.Wm82.a4.v1,0.8969970909464463
Glyma.20G189900.Wm82.a4.v1,0.8969924215185914
Glyma.06G182900.Wm82.a4.v1,0.8969830826628813
Glyma.07G037000.Wm82.a4.v1,0.8969550660957513
Glyma.15G216400.Wm82.a4.v1,0.8969457272400413
Glyma.08G226600.Wm82.a4.v1,0.8968336609715212
Glyma.01G148800.Wm82.a4.v1,0.8968056444043911
Glyma.19G241300.Wm82.a4.v1,0.8967729584094061
Glyma.14G085300.Wm82.a4.v1,0.8967589501258411
Glyma.11G136900.Wm82.a4.v1,0.8965955201509159
Glyma.08G290000.Wm82.a4.v1,0.8965815118673509
Glyma.13G201900.Wm82.a4.v1,0.8965628341559309
Glyma.13G169500.Wm82.a4.v1,0.8965254787330909
Glyma.12G122400.Wm82.a4.v1,0.8964927927381058
Glyma.16G072400.Wm82.a4.v1,0.8964927927381058
Glyma.11G182400.Wm82.a4.v1,0.8964787844545408
Glyma.17G237100.Wm82.a4.v1,0.8964671108849033
Glyma.08G333200.Wm82.a4.v1,0.8963760570417306
Glyma.09G204500.Wm82.a4.v1,0.8963527099024556
Glyma.01G084700.Wm82.a4.v1,0.8963527099024556
Glyma.08G211200.Wm82.a4.v1,0.8962686602010655
Glyma.20G066800.Wm82.a4.v1,0.8962593213453556
Glyma.20G133500.Wm82.a4.v1,0.8961612633604005
Glyma.10G102200.Wm82.a4.v1,0.8961472550768355
Glyma.04G111500.Wm82.a4.v1,0.8961192385097054
Glyma.07G226400.Wm82.a4.v1,0.8961052302261404
Glyma.20G006500.Wm82.a4.v1,0.8961005607982854
Glyma.12G061400.Wm82.a4.v1,0.8960958913704303
Glyma.10G138700.Wm82.a4.v1,0.8960632053754454
Glyma.06G322700.Wm82.a4.v1,0.8960632053754454
Glyma.07G102700.Wm82.a4.v1,0.8960165110968953
Glyma.13G236500.Wm82.a4.v1,0.8959418002512152
Glyma.20G229800.Wm82.a4.v1,0.8959277919676502
Glyma.07G081900.Wm82.a4.v1,0.8959277919676502
Glyma.03G134800.Wm82.a4.v1,0.8959184531119402
Glyma.13G141500.Wm82.a4.v1,0.8959044448283752
Glyma.01G060300.Wm82.a4.v1,0.8958951059726652
Glyma.18G029300.Wm82.a4.v1,0.8958857671169551
Glyma.02G259000.Wm82.a4.v1,0.8958624199776801
Glyma.07G270800.Wm82.a4.v1,0.8958507464080426
Glyma.19G263900.Wm82.a4.v1,0.8958063868434201
Glyma.13G174900.Wm82.a4.v1,0.895801717415565
Glyma.01G022600.Wm82.a4.v1,0.8957830397041451
Glyma.08G084600.Wm82.a4.v1,0.89575035370916
Glyma.15G110300.Wm82.a4.v1,0.89575035370916
Glyma.17G110300.Wm82.a4.v1,0.89574101485345
Glyma.05G233300.Wm82.a4.v1,0.89574101485345
Glyma.09G134500.Wm82.a4.v1,0.89568498171919
Glyma.01G030300.Wm82.a4.v1,0.8956803122913349
Glyma.11G094500.Wm82.a4.v1,0.8956756428634799
Glyma.18G297900.Wm82.a4.v1,0.8956196097292198
Glyma.08G283700.Wm82.a4.v1,0.8956102708735099
Glyma.08G329900.Wm82.a4.v1,0.8956056014456548
Glyma.12G026700.Wm82.a4.v1,0.8955448988835398
Glyma.18G159800.Wm82.a4.v1,0.8955355600278297
Glyma.07G004900.Wm82.a4.v1,0.8955238864581923
Glyma.10G171900.Wm82.a4.v1,0.8955215517442647
Glyma.07G189400.Wm82.a4.v1,0.8955168823164098
Glyma.04G193500.Wm82.a4.v1,0.8955028740328448
Glyma.13G199600.Wm82.a4.v1,0.8953814689086146
Glyma.11G255300.Wm82.a4.v1,0.8953674606250496
Glyma.17G197500.Wm82.a4.v1,0.8953394440579195
Glyma.02G066600.Wm82.a4.v1,0.8951946917944145
Glyma.07G249800.Wm82.a4.v1,0.8951573363715744
Glyma.16G189500.Wm82.a4.v1,0.8951013032373143
Glyma.13G072800.Wm82.a4.v1,0.8951013032373143
Glyma.08G188800.Wm82.a4.v1,0.8950872949537493
Glyma.04G226600.Wm82.a4.v1,0.8950452701030542
Glyma.13G112500.Wm82.a4.v1,0.8949612204016641
Glyma.02G103500.Wm82.a4.v1,0.8949285344066792
Glyma.14G009300.Wm82.a4.v1,0.894863162416709
Glyma.01G185400.Wm82.a4.v1,0.8948304764217241
Glyma.07G103000.Wm82.a4.v1,0.8948304764217241
Glyma.18G151400.Wm82.a4.v1,0.894825806993869
Glyma.14G089075.Wm82.a4.v1,0.8948164681381591
Glyma.19G238800.Wm82.a4.v1,0.894797790426739
Glyma.08G265900.Wm82.a4.v1,0.894793120998884
Glyma.08G348000.Wm82.a4.v1,0.894746426720334
Glyma.11G075500.Wm82.a4.v1,0.894732418436769
Glyma.13G051800.Wm82.a4.v1,0.8947277490089139
Glyma.13G099200.Wm82.a4.v1,0.8946903935860739
Glyma.10G118900.Wm82.a4.v1,0.8946857241582189
Glyma.08G072000.Wm82.a4.v1,0.8946483687353789
Glyma.08G142400.Wm82.a4.v1,0.8945643190339888
Glyma.18G192800.Wm82.a4.v1,0.8945549801782787
Glyma.19G020100.Wm82.a4.v1,0.8945549801782787
Glyma.07G136500.Wm82.a4.v1,0.8944896081883087
Glyma.08G157600.Wm82.a4.v1,0.8944615916211787
Glyma.19G143200.Wm82.a4.v1,0.8944382444819037
Glyma.05G205100.Wm82.a4.v1,0.8944335750540486
Glyma.13G276300.Wm82.a4.v1,0.8944242361983387
Glyma.19G176300.Wm82.a4.v1,0.8943261782133836
Glyma.09G083800.Wm82.a4.v1,0.8942981616462535
Glyma.15G095300.Wm82.a4.v1,0.8942981616462535
Glyma.02G001900.Wm82.a4.v1,0.8942981616462535
Glyma.19G006400.Wm82.a4.v1,0.8942561367955585
Glyma.17G127200.Wm82.a4.v1,0.8942467979398484
Glyma.01G147800.Wm82.a4.v1,0.8942141119448634
Glyma.13G043900.Wm82.a4.v1,0.8942094425170084
Glyma.16G083500.Wm82.a4.v1,0.8941954342334434
Glyma.07G224400.Wm82.a4.v1,0.8941720870941684
Glyma.09G198300.Wm82.a4.v1,0.8941253928156183
Glyma.09G179400.Wm82.a4.v1,0.8940320042585183
Glyma.06G156500.Wm82.a4.v1,0.8939993182635332
Glyma.18G111000.Wm82.a4.v1,0.8939899794078232
Glyma.13G352000.Wm82.a4.v1,0.8939339462735632
Glyma.16G128900.Wm82.a4.v1,0.8939292768457081
Glyma.02G197600.Wm82.a4.v1,0.8939199379899981
Glyma.17G016300.Wm82.a4.v1,0.8938895867089406
Glyma.08G081300.Wm82.a4.v1,0.8938498965721731
Glyma.08G210900.Wm82.a4.v1,0.893845227144318
Glyma.17G166400.Wm82.a4.v1,0.893803202293623
Glyma.11G178300.Wm82.a4.v1,0.8937144831643778
Glyma.13G130000.Wm82.a4.v1,0.8937098137365229
Glyma.04G099100.Wm82.a4.v1,0.8936771277415378
Glyma.02G282000.Wm82.a4.v1,0.8936351028908428
Glyma.12G134200.Wm82.a4.v1,0.8936070863237128
Glyma.16G071500.Wm82.a4.v1,0.8935463837615977
Glyma.08G235900.Wm82.a4.v1,0.8935417143337426
Glyma.15G262600.Wm82.a4.v1,0.8934156397816575
Glyma.10G066200.Wm82.a4.v1,0.8933596066473974
Glyma.17G003000.Wm82.a4.v1,0.8933175817967024
Glyma.06G324700.Wm82.a4.v1,0.8933129123688475
Glyma.03G066700.Wm82.a4.v1,0.8933129123688475
Glyma.18G260400.Wm82.a4.v1,0.8933129123688475
Glyma.14G085200.Wm82.a4.v1,0.8933082429409924
Glyma.03G074600.Wm82.a4.v1,0.8932125196699648
Glyma.19G022700.Wm82.a4.v1,0.8931821683889073
Glyma.04G003000.Wm82.a4.v1,0.8931774989610523
Glyma.05G047400.Wm82.a4.v1,0.8931448129660673
Glyma.14G206700.Wm82.a4.v1,0.8930514244089671
Glyma.09G251500.Wm82.a4.v1,0.8930374161254021
Glyma.19G166600.Wm82.a4.v1,0.8930234078418371
Glyma.10G269400.Wm82.a4.v1,0.8930000607025621
Glyma.17G255800.Wm82.a4.v1,0.8930000607025621
Glyma.06G097800.Wm82.a4.v1,0.8929860524189971
Glyma.10G224500.Wm82.a4.v1,0.8929767135632871
Glyma.08G140900.Wm82.a4.v1,0.892930019284737
Glyma.11G233700.Wm82.a4.v1,0.892925349856882
Glyma.08G203300.Wm82.a4.v1,0.892925349856882
Glyma.09G266600.Wm82.a4.v1,0.892925349856882
Glyma.07G166700.Wm82.a4.v1,0.8929206804290271
Glyma.02G164700.Wm82.a4.v1,0.892911341573317
Glyma.19G208000.Wm82.a4.v1,0.892897333289752
Glyma.06G153500.Wm82.a4.v1,0.892878655578332
Glyma.05G028000.Wm82.a4.v1,0.892850639011202
Glyma.14G139700.Wm82.a4.v1,0.8928272918719269
Glyma.10G144800.Wm82.a4.v1,0.8927946058769419
Glyma.02G223400.Wm82.a4.v1,0.8927805975933769
Glyma.13G167500.Wm82.a4.v1,0.8927619198819569
Glyma.09G025600.Wm82.a4.v1,0.8927292338869718
Glyma.02G133400.Wm82.a4.v1,0.8927012173198418
Glyma.14G088300.Wm82.a4.v1,0.8926358453298717
Glyma.07G172700.Wm82.a4.v1,0.8926311759020167
Glyma.19G211000.Wm82.a4.v1,0.8926311759020167
Glyma.05G021700.Wm82.a4.v1,0.8926265064741618
Glyma.08G301200.Wm82.a4.v1,0.8926265064741618
Glyma.09G156302.Wm82.a4.v1,0.8925611344841916
Glyma.01G163700.Wm82.a4.v1,0.8925191096334966
Glyma.19G128300.Wm82.a4.v1,0.8925144402056416
Glyma.06G240500.Wm82.a4.v1,0.8924584070713816
Glyma.17G000700.Wm82.a4.v1,0.8924443987878166
Glyma.11G117600.Wm82.a4.v1,0.8924303905042515
Glyma.15G160700.Wm82.a4.v1,0.8924023739371215
Glyma.13G364200.Wm82.a4.v1,0.8923977045092665
Glyma.06G143700.Wm82.a4.v1,0.8922762993850364
Glyma.18G195900.Wm82.a4.v1,0.8922576216736163
Glyma.07G055200.Wm82.a4.v1,0.8922436133900513
Glyma.05G020300.Wm82.a4.v1,0.8922062579672113
Glyma.08G311200.Wm82.a4.v1,0.8921782414000813
Glyma.13G336300.Wm82.a4.v1,0.8921782414000813
Glyma.19G198500.Wm82.a4.v1,0.8921735719722262
Glyma.09G267700.Wm82.a4.v1,0.8921735719722262
Glyma.13G161100.Wm82.a4.v1,0.8921735719722262
Glyma.19G129400.Wm82.a4.v1,0.8921222082658212
Glyma.20G235500.Wm82.a4.v1,0.8921081999822562
Glyma.08G082600.Wm82.a4.v1,0.8920988611265461
Glyma.14G027900.Wm82.a4.v1,0.8920334891365761
Glyma.13G280000.Wm82.a4.v1,0.8920194808530111
Glyma.17G021000.Wm82.a4.v1,0.891991464285881
Glyma.20G162400.Wm82.a4.v1,0.891963447718751
Glyma.01G189500.Wm82.a4.v1,0.891954108863041
Glyma.11G009200.Wm82.a4.v1,0.891926092295911
Glyma.10G264900.Wm82.a4.v1,0.8919167534402009
Glyma.09G285100.Wm82.a4.v1,0.8919027451566359
Glyma.13G306800.Wm82.a4.v1,0.8918653897337959
Glyma.15G173500.Wm82.a4.v1,0.8918327037388109
Glyma.18G209900.Wm82.a4.v1,0.8918280343109559
Glyma.08G196500.Wm82.a4.v1,0.8918233648831009
Glyma.03G156800.Wm82.a4.v1,0.8917906788881158
Glyma.12G142900.Wm82.a4.v1,0.8917813400324058
Glyma.04G041900.Wm82.a4.v1,0.8917579928931308
Glyma.09G174400.Wm82.a4.v1,0.8917579928931308
Glyma.13G152916.Wm82.a4.v1,0.8917206374702907
Glyma.10G050000.Wm82.a4.v1,0.8916832820474507
Glyma.08G174700.Wm82.a4.v1,0.8916809473335232
Glyma.06G138400.Wm82.a4.v1,0.8916552654803207
Glyma.08G238600.Wm82.a4.v1,0.8915572074953656
Glyma.20G184000.Wm82.a4.v1,0.8915431992118006
Glyma.11G235400.Wm82.a4.v1,0.8915385297839455
Glyma.18G023300.Wm82.a4.v1,0.8915058437889606
Glyma.19G102100.Wm82.a4.v1,0.8914918355053956
Glyma.10G054900.Wm82.a4.v1,0.8914871660775405
Glyma.14G066000.Wm82.a4.v1,0.8914684883661205
Glyma.15G051500.Wm82.a4.v1,0.8914311329432805
Glyma.08G046400.Wm82.a4.v1,0.8914217940875705
Glyma.07G219000.Wm82.a4.v1,0.8914124552318604
Glyma.02G278600.Wm82.a4.v1,0.8913797692368755
Glyma.09G191000.Wm82.a4.v1,0.8913750998090204
Glyma.11G206300.Wm82.a4.v1,0.8913610915254554
Glyma.20G207000.Wm82.a4.v1,0.8913564220976004
Glyma.13G092000.Wm82.a4.v1,0.8913470832418904
Glyma.20G129400.Wm82.a4.v1,0.8913190666747604
Glyma.11G112000.Wm82.a4.v1,0.8913143972469053
Glyma.14G035700.Wm82.a4.v1,0.8913143972469053
Glyma.02G137800.Wm82.a4.v1,0.8912723723962103
Glyma.02G145200.Wm82.a4.v1,0.8912536946847903
Glyma.13G256400.Wm82.a4.v1,0.8911929921226752
Glyma.19G001900.Wm82.a4.v1,0.8911369589884152
Glyma.08G086100.Wm82.a4.v1,0.8911276201327052
Glyma.01G087000.Wm82.a4.v1,0.8911229507048501
Glyma.19G133000.Wm82.a4.v1,0.8911089424212851
Glyma.07G142300.Wm82.a4.v1,0.8910529092870251
Glyma.12G180300.Wm82.a4.v1,0.8910435704313151
Glyma.02G026400.Wm82.a4.v1,0.89101088443633
Glyma.13G331400.Wm82.a4.v1,0.891006215008475
Glyma.06G276200.Wm82.a4.v1,0.8909828678692
Glyma.01G053300.Wm82.a4.v1,0.890968859585635
Glyma.17G197200.Wm82.a4.v1,0.890968859585635
Glyma.06G152800.Wm82.a4.v1,0.8909268347349399
Glyma.11G243400.Wm82.a4.v1,0.8909128264513749
Glyma.08G188700.Wm82.a4.v1,0.8909011528817374
Glyma.12G058400.Wm82.a4.v1,0.8908941487399549
Glyma.05G016600.Wm82.a4.v1,0.8908801404563899
Glyma.01G161700.Wm82.a4.v1,0.8908754710285349
Glyma.06G139100.Wm82.a4.v1,0.8908661321728248
Glyma.18G099900.Wm82.a4.v1,0.8907867518992898
Glyma.06G269500.Wm82.a4.v1,0.8907820824714348
Glyma.04G088000.Wm82.a4.v1,0.8907400576207397
Glyma.13G223400.Wm82.a4.v1,0.8907400576207397
Glyma.05G216500.Wm82.a4.v1,0.8907400576207397
Glyma.06G072700.Wm82.a4.v1,0.8907120410536097
Glyma.01G017400.Wm82.a4.v1,0.8906233219243646
Glyma.18G274400.Wm82.a4.v1,0.8906046442129446
Glyma.02G035800.Wm82.a4.v1,0.8905812970736695
Glyma.06G152500.Wm82.a4.v1,0.8905626193622496
Glyma.09G260600.Wm82.a4.v1,0.8905579499343945
Glyma.13G360800.Wm82.a4.v1,0.8905346027951195
Glyma.13G175600.Wm82.a4.v1,0.8905299333672645
Glyma.10G014400.Wm82.a4.v1,0.8905252639394095
Glyma.13G290400.Wm82.a4.v1,0.8904785696608595
Glyma.15G091600.Wm82.a4.v1,0.8904458836658744
Glyma.20G021100.Wm82.a4.v1,0.8904272059544543
Glyma.09G151700.Wm82.a4.v1,0.8903945199594694
Glyma.17G069900.Wm82.a4.v1,0.8903945199594694
Glyma.02G109900.Wm82.a4.v1,0.8903711728201943
Glyma.01G212200.Wm82.a4.v1,0.8903011314023692
Glyma.18G249400.Wm82.a4.v1,0.8902871231188042
Glyma.15G203000.Wm82.a4.v1,0.8902544371238192
Glyma.11G056700.Wm82.a4.v1,0.8902310899845441
Glyma.04G238800.Wm82.a4.v1,0.8901843957059942
Glyma.02G106100.Wm82.a4.v1,0.8901470402831541
Glyma.10G258800.Wm82.a4.v1,0.890119023716024
Glyma.06G142500.Wm82.a4.v1,0.890091007148894
Glyma.02G137500.Wm82.a4.v1,0.890081668293184
Glyma.10G197700.Wm82.a4.v1,0.890058321153909
Glyma.12G183200.Wm82.a4.v1,0.890016296303214
Glyma.08G320400.Wm82.a4.v1,0.8899649325968089
Glyma.13G089700.Wm82.a4.v1,0.8899602631689539
Glyma.20G200300.Wm82.a4.v1,0.8899275771739689
Glyma.17G134500.Wm82.a4.v1,0.8899182383182589
Glyma.09G078700.Wm82.a4.v1,0.8898972258929113
Glyma.02G278300.Wm82.a4.v1,0.8898762134675638
Glyma.13G225900.Wm82.a4.v1,0.8898528663282887
Glyma.04G026000.Wm82.a4.v1,0.8898295191890138
Glyma.18G094600.Wm82.a4.v1,0.8898108414775937
Glyma.13G274100.Wm82.a4.v1,0.8898061720497388
Glyma.16G122700.Wm82.a4.v1,0.8897828249104637
Glyma.03G086800.Wm82.a4.v1,0.8897361306319137
Glyma.07G196200.Wm82.a4.v1,0.8896894363533636
Glyma.15G272000.Wm82.a4.v1,0.8896660892140886
Glyma.03G127300.Wm82.a4.v1,0.8896614197862336
Glyma.15G268800.Wm82.a4.v1,0.8896334032191036
Glyma.14G060500.Wm82.a4.v1,0.8895960477962636
Glyma.07G267200.Wm82.a4.v1,0.8895306758062934
Glyma.05G152200.Wm82.a4.v1,0.8895166675227284
Glyma.02G030100.Wm82.a4.v1,0.8895073286670184
Glyma.05G185200.Wm82.a4.v1,0.8894933203834534
Glyma.20G145700.Wm82.a4.v1,0.8894793120998884
Glyma.02G284500.Wm82.a4.v1,0.8894746426720334
Glyma.04G158600.Wm82.a4.v1,0.8894699732441784
Glyma.12G044500.Wm82.a4.v1,0.8893859235427883
Glyma.19G055000.Wm82.a4.v1,0.8893765846870783
Glyma.14G014000.Wm82.a4.v1,0.8893765846870783
Glyma.01G215100.Wm82.a4.v1,0.8893252209806732
Glyma.17G071000.Wm82.a4.v1,0.8893112126971082
Glyma.18G031100.Wm82.a4.v1,0.8892738572742682
Glyma.11G244600.Wm82.a4.v1,0.8892411712792831
Glyma.03G244800.Wm82.a4.v1,0.8892038158564431
Glyma.13G221400.Wm82.a4.v1,0.8891851381450231
Glyma.03G250700.Wm82.a4.v1,0.889180468717168
Glyma.08G082500.Wm82.a4.v1,0.889152452150038
Glyma.11G139600.Wm82.a4.v1,0.8891197661550531
Glyma.12G135100.Wm82.a4.v1,0.889115096727198
Glyma.04G022700.Wm82.a4.v1,0.889101088443633
Glyma.20G094700.Wm82.a4.v1,0.889096419015778
Glyma.18G272000.Wm82.a4.v1,0.8890170387422429
Glyma.08G025700.Wm82.a4.v1,0.8889983610308229
Glyma.18G035000.Wm82.a4.v1,0.8889796833194029
Glyma.11G175700.Wm82.a4.v1,0.8889703444636928
Glyma.18G071900.Wm82.a4.v1,0.8889376584687079
Glyma.11G134200.Wm82.a4.v1,0.8889236501851429
Glyma.12G113302.Wm82.a4.v1,0.8889236501851429
Glyma.12G010800.Wm82.a4.v1,0.8888536087673178
Glyma.01G161500.Wm82.a4.v1,0.8888536087673178
Glyma.08G300800.Wm82.a4.v1,0.8888396004837528
Glyma.05G078300.Wm82.a4.v1,0.8887975756330577
Glyma.04G135300.Wm82.a4.v1,0.8887368730709426
Glyma.18G123500.Wm82.a4.v1,0.8886831746506101
Glyma.04G180100.Wm82.a4.v1,0.8886715010809726
Glyma.11G243700.Wm82.a4.v1,0.8886154679467125
Glyma.16G138300.Wm82.a4.v1,0.8886014596631475
Glyma.02G301700.Wm82.a4.v1,0.8885687736681624
Glyma.19G107500.Wm82.a4.v1,0.8884847239667724
Glyma.17G118200.Wm82.a4.v1,0.8884847239667724
Glyma.14G201000.Wm82.a4.v1,0.8884730503971349
Glyma.17G087000.Wm82.a4.v1,0.8884473685439324
Glyma.06G059700.Wm82.a4.v1,0.8884426991160773
Glyma.15G152200.Wm82.a4.v1,0.8884006742653823
Glyma.03G225400.Wm82.a4.v1,0.8883726576982522
Glyma.13G194100.Wm82.a4.v1,0.8883306328475572
Glyma.04G162600.Wm82.a4.v1,0.8883119551361371
Glyma.03G202700.Wm82.a4.v1,0.8882886079968622
Glyma.10G058000.Wm82.a4.v1,0.8882559220018771
Glyma.08G201900.Wm82.a4.v1,0.888139186305502
Glyma.02G132100.Wm82.a4.v1,0.8880878225990969
Glyma.20G013500.Wm82.a4.v1,0.8879290620520268
Glyma.08G306200.Wm82.a4.v1,0.8879290620520268
Glyma.10G049200.Wm82.a4.v1,0.8878870372013318
Glyma.07G116000.Wm82.a4.v1,0.8878636900620567
Glyma.07G071900.Wm82.a4.v1,0.8878029874999417
Glyma.03G091800.Wm82.a4.v1,0.8877936486442316
Glyma.09G094200.Wm82.a4.v1,0.8877703015049566
Glyma.13G212600.Wm82.a4.v1,0.8877376155099715
Glyma.14G025900.Wm82.a4.v1,0.8876769129478564
Glyma.06G173500.Wm82.a4.v1,0.8876582352364365
Glyma.19G133100.Wm82.a4.v1,0.8876582352364365
Glyma.11G244000.Wm82.a4.v1,0.8876535658085815
Glyma.17G035700.Wm82.a4.v1,0.8876348880971614
Glyma.06G165500.Wm82.a4.v1,0.8876348880971614
Glyma.07G247500.Wm82.a4.v1,0.8876115409578864
Glyma.01G132500.Wm82.a4.v1,0.8876022021021764
Glyma.13G352200.Wm82.a4.v1,0.8875835243907564
Glyma.02G075900.Wm82.a4.v1,0.8875788549629013
Glyma.12G196800.Wm82.a4.v1,0.8875788549629013
Glyma.08G276400.Wm82.a4.v1,0.8875648466793363
Glyma.13G167300.Wm82.a4.v1,0.8875625119654089
Glyma.16G217700.Wm82.a4.v1,0.8875555078236264
Glyma.20G170600.Wm82.a4.v1,0.8875414995400613
Glyma.08G332600.Wm82.a4.v1,0.8875228218286413
Glyma.07G041700.Wm82.a4.v1,0.8874807969779462
Glyma.06G298100.Wm82.a4.v1,0.8874481109829613
Glyma.06G046000.Wm82.a4.v1,0.8874107555601212
Glyma.14G138980.Wm82.a4.v1,0.8873920778487012
Glyma.07G249600.Wm82.a4.v1,0.8873827389929911
Glyma.09G091100.Wm82.a4.v1,0.8872940198637461
Glyma.07G253700.Wm82.a4.v1,0.8872800115801811
Glyma.20G237000.Wm82.a4.v1,0.887261333868761
Glyma.13G367900.Wm82.a4.v1,0.887242656157341
Glyma.13G185000.Wm82.a4.v1,0.8871305898888209
Glyma.05G132900.Wm82.a4.v1,0.8871259204609659
Glyma.04G046700.Wm82.a4.v1,0.8871119121774009
Glyma.07G272500.Wm82.a4.v1,0.8870979038938359
Glyma.08G184700.Wm82.a4.v1,0.8870652178988508
Glyma.19G201000.Wm82.a4.v1,0.8870091847645908
Glyma.12G163700.Wm82.a4.v1,0.8869811681974608
Glyma.04G025400.Wm82.a4.v1,0.8869718293417508
Glyma.13G329600.Wm82.a4.v1,0.8869718293417508
Glyma.18G147700.Wm82.a4.v1,0.8869484822024757
Glyma.10G083300.Wm82.a4.v1,0.8869344739189107
Glyma.08G162200.Wm82.a4.v1,0.8868644325010856
Glyma.20G187100.Wm82.a4.v1,0.8867897216554056
Glyma.14G020000.Wm82.a4.v1,0.8867803827996955
Glyma.16G001000.Wm82.a4.v1,0.8867056719540155
Glyma.20G211200.Wm82.a4.v1,0.8867056719540155
Glyma.15G185800.Wm82.a4.v1,0.8866543082476104
Glyma.14G174500.Wm82.a4.v1,0.8866262916804803
Glyma.19G261600.Wm82.a4.v1,0.8865889362576403
Glyma.04G161000.Wm82.a4.v1,0.8865655891183654
Glyma.11G139400.Wm82.a4.v1,0.8865422419790903
Glyma.17G018600.Wm82.a4.v1,0.8865002171283952
Glyma.05G200300.Wm82.a4.v1,0.8864908782726852
Glyma.05G149800.Wm82.a4.v1,0.8864815394169753
Glyma.08G015300.Wm82.a4.v1,0.8864255062827152
Glyma.13G132400.Wm82.a4.v1,0.8864114979991502
Glyma.15G078800.Wm82.a4.v1,0.8863694731484552
Glyma.11G147108.Wm82.a4.v1,0.8863694731484552
Glyma.14G023200.Wm82.a4.v1,0.8863367871534701
Glyma.02G229800.Wm82.a4.v1,0.88629009287492
Glyma.18G144100.Wm82.a4.v1,0.8862854234470651
Glyma.11G001200.Wm82.a4.v1,0.88626207630779
Glyma.11G082400.Wm82.a4.v1,0.88624339859637
Glyma.03G081700.Wm82.a4.v1,0.8861920348899649
Glyma.11G243800.Wm82.a4.v1,0.88618736546211
Glyma.05G135700.Wm82.a4.v1,0.8861826960342549
Glyma.08G264900.Wm82.a4.v1,0.8861640183228349
Glyma.06G086600.Wm82.a4.v1,0.8861616836089073
Glyma.17G037900.Wm82.a4.v1,0.8861546794671249
Glyma.07G130600.Wm82.a4.v1,0.8861453406114149
Glyma.04G103100.Wm82.a4.v1,0.8861453406114149
Glyma.10G277800.Wm82.a4.v1,0.8860939769050098
Glyma.15G115300.Wm82.a4.v1,0.8860939769050098
Glyma.02G304700.Wm82.a4.v1,0.8860379437707497
Glyma.01G078200.Wm82.a4.v1,0.8859912494921998
Glyma.05G138900.Wm82.a4.v1,0.8859912494921998
Glyma.07G253800.Wm82.a4.v1,0.8859865800643447
Glyma.11G014400.Wm82.a4.v1,0.8859398857857946
Glyma.05G090500.Wm82.a4.v1,0.8859305469300847
Glyma.05G196400.Wm82.a4.v1,0.8859258775022296
Glyma.06G135500.Wm82.a4.v1,0.8858885220793896
Glyma.18G013300.Wm82.a4.v1,0.8858745137958246
Glyma.16G218000.Wm82.a4.v1,0.8858698443679696
Glyma.14G101000.Wm82.a4.v1,0.8858278195172745
Glyma.09G252200.Wm82.a4.v1,0.8858091418058546
Glyma.10G011900.Wm82.a4.v1,0.8857671169551595
Glyma.01G205700.Wm82.a4.v1,0.8857671169551595
Glyma.16G036100.Wm82.a4.v1,0.8857671169551595
Glyma.10G289700.Wm82.a4.v1,0.8857437698158844
Glyma.15G181800.Wm82.a4.v1,0.8857391003880295
Glyma.06G062800.Wm82.a4.v1,0.8857297615323194
Glyma.08G051000.Wm82.a4.v1,0.8857017449651894
Glyma.10G054400.Wm82.a4.v1,0.8856643895423494
Glyma.02G005500.Wm82.a4.v1,0.8856457118309293
Glyma.19G205100.Wm82.a4.v1,0.8856363729752194
Glyma.13G210300.Wm82.a4.v1,0.8856363729752194
Glyma.08G152600.Wm82.a4.v1,0.8855990175523794
Glyma.20G199800.Wm82.a4.v1,0.8855896786966693
Glyma.12G224600.Wm82.a4.v1,0.8855756704131043
Glyma.02G271800.Wm82.a4.v1,0.8855710009852493
Glyma.03G184400.Wm82.a4.v1,0.8855710009852493
Glyma.18G153300.Wm82.a4.v1,0.8855616621295392
Glyma.07G080800.Wm82.a4.v1,0.8855476538459742
Glyma.16G085900.Wm82.a4.v1,0.8855289761345543
Glyma.20G239700.Wm82.a4.v1,0.8855102984231342
Glyma.18G235800.Wm82.a4.v1,0.8854869512838592
Glyma.02G292800.Wm82.a4.v1,0.8854752777142216
Glyma.20G061700.Wm82.a4.v1,0.885379554443194
Glyma.02G212000.Wm82.a4.v1,0.8853562073039191
Glyma.20G005900.Wm82.a4.v1,0.885314182453224
Glyma.20G125100.Wm82.a4.v1,0.885262818746819
Glyma.17G050600.Wm82.a4.v1,0.885248810463254
Glyma.08G335500.Wm82.a4.v1,0.885220793896124
Glyma.13G221500.Wm82.a4.v1,0.8851927773289939
Glyma.04G213700.Wm82.a4.v1,0.8851087276276038
Glyma.12G101400.Wm82.a4.v1,0.8850923846301113
Glyma.05G082500.Wm82.a4.v1,0.8850760416326188
Glyma.18G159900.Wm82.a4.v1,0.8850760416326188
Glyma.07G084100.Wm82.a4.v1,0.8850667027769088
Glyma.08G053500.Wm82.a4.v1,0.8849966613590837
Glyma.12G084700.Wm82.a4.v1,0.8849686447919537
Glyma.11G108900.Wm82.a4.v1,0.8849499670805336
Glyma.17G085400.Wm82.a4.v1,0.8849312893691136
Glyma.13G066500.Wm82.a4.v1,0.8848612479512885
Glyma.03G210800.Wm82.a4.v1,0.8848005453891734
Glyma.19G177300.Wm82.a4.v1,0.8847958759613185
Glyma.04G246200.Wm82.a4.v1,0.8847631899663334
Glyma.19G022900.Wm82.a4.v1,0.8847585205384784
Glyma.14G214800.Wm82.a4.v1,0.8847445122549134
Glyma.12G015700.Wm82.a4.v1,0.8847398428270584
Glyma.08G006500.Wm82.a4.v1,0.8846324459863932
Glyma.06G267400.Wm82.a4.v1,0.8846231071306833
Glyma.05G021500.Wm82.a4.v1,0.8846090988471182
Glyma.02G037100.Wm82.a4.v1,0.8846044294192632
Glyma.06G088000.Wm82.a4.v1,0.8845250491457282
Glyma.12G010100.Wm82.a4.v1,0.8845157102900182
Glyma.09G096700.Wm82.a4.v1,0.8844690160114681
Glyma.06G172400.Wm82.a4.v1,0.8844596771557581
Glyma.01G023300.Wm82.a4.v1,0.8844550077279031
Glyma.07G262100.Wm82.a4.v1,0.8844293258747006
Glyma.13G136500.Wm82.a4.v1,0.8844269911607731
Glyma.12G038600.Wm82.a4.v1,0.8844176523050631
Glyma.07G057400.Wm82.a4.v1,0.8844036440214981
Glyma.02G257800.Wm82.a4.v1,0.884370958026513
Glyma.20G007100.Wm82.a4.v1,0.884361619170803
Glyma.06G034900.Wm82.a4.v1,0.884361619170803
Glyma.11G091400.Wm82.a4.v1,0.8843522803150929
Glyma.07G149600.Wm82.a4.v1,0.884333602603673
Glyma.10G205500.Wm82.a4.v1,0.8843242637479629
Glyma.18G017700.Wm82.a4.v1,0.8842168669072978
Glyma.18G051700.Wm82.a4.v1,0.8841421560616177
Glyma.01G014900.Wm82.a4.v1,0.8840954617830677
Glyma.16G127400.Wm82.a4.v1,0.8840721146437927
Glyma.20G068300.Wm82.a4.v1,0.8840394286488077
Glyma.13G303500.Wm82.a4.v1,0.8840300897930976
Glyma.08G206000.Wm82.a4.v1,0.8840277550791702
Glyma.13G041700.Wm82.a4.v1,0.8839927343702576
Glyma.07G066700.Wm82.a4.v1,0.8839693872309826
Glyma.15G227600.Wm82.a4.v1,0.8839693872309826
Glyma.14G212700.Wm82.a4.v1,0.8839273623802876
Glyma.10G142500.Wm82.a4.v1,0.8838946763853025
Glyma.12G044000.Wm82.a4.v1,0.8838853375295925
Glyma.11G130200.Wm82.a4.v1,0.8838759986738824
Glyma.03G136200.Wm82.a4.v1,0.8838619903903174
Glyma.07G252900.Wm82.a4.v1,0.8838106266839124
Glyma.11G218000.Wm82.a4.v1,0.8838059572560574
Glyma.20G033900.Wm82.a4.v1,0.8837966184003474
Glyma.09G072400.Wm82.a4.v1,0.8837732712610724
Glyma.17G254200.Wm82.a4.v1,0.8837592629775074
Glyma.12G182800.Wm82.a4.v1,0.8837545935496524
Glyma.18G266400.Wm82.a4.v1,0.8837312464103774
Glyma.13G339200.Wm82.a4.v1,0.8837078992711023
Glyma.19G187000.Wm82.a4.v1,0.8836798827039722
Glyma.17G051900.Wm82.a4.v1,0.8836612049925523
Glyma.15G219700.Wm82.a4.v1,0.8836471967089873
Glyma.04G193700.Wm82.a4.v1,0.8836331884254223
Glyma.07G212800.Wm82.a4.v1,0.8836098412861472
Glyma.17G262700.Wm82.a4.v1,0.8835584775797422
Glyma.18G021500.Wm82.a4.v1,0.8835491387240322
Glyma.14G022300.Wm82.a4.v1,0.8835304610126121
Glyma.01G082400.Wm82.a4.v1,0.8835257915847571
Glyma.08G207200.Wm82.a4.v1,0.8835164527290471
Glyma.11G085100.Wm82.a4.v1,0.8834790973062071
Glyma.01G117900.Wm82.a4.v1,0.883441741883367
Glyma.15G140800.Wm82.a4.v1,0.883395047604817
Glyma.18G067200.Wm82.a4.v1,0.8833857087491069
Glyma.10G244300.Wm82.a4.v1,0.883376369893397
Glyma.01G244300.Wm82.a4.v1,0.8833717004655419
Glyma.15G245800.Wm82.a4.v1,0.8832596341970218
Glyma.06G153900.Wm82.a4.v1,0.8832502953413118
Glyma.07G083500.Wm82.a4.v1,0.8832362870577468
Glyma.13G271400.Wm82.a4.v1,0.8832082704906168
Glyma.15G098500.Wm82.a4.v1,0.8831989316349068
Glyma.03G080200.Wm82.a4.v1,0.8831849233513418
Glyma.12G014900.Wm82.a4.v1,0.8831709150677768
Glyma.10G150300.Wm82.a4.v1,0.8831055430778066
Glyma.20G132400.Wm82.a4.v1,0.8830845306524592
Glyma.05G228700.Wm82.a4.v1,0.8830681876549666
Glyma.02G094900.Wm82.a4.v1,0.8830635182271116
Glyma.18G175800.Wm82.a4.v1,0.8830495099435466
Glyma.02G087700.Wm82.a4.v1,0.8830495099435466
Glyma.06G079000.Wm82.a4.v1,0.8830448405156917
Glyma.17G120833.Wm82.a4.v1,0.8830074850928515
Glyma.20G221500.Wm82.a4.v1,0.8830074850928515
Glyma.20G053400.Wm82.a4.v1,0.8829934768092865
Glyma.19G194922.Wm82.a4.v1,0.8829747990978666
Glyma.01G168200.Wm82.a4.v1,0.8829234353914615
Glyma.14G080100.Wm82.a4.v1,0.8829000882521865
Glyma.20G180800.Wm82.a4.v1,0.8828767411129115
Glyma.16G049600.Wm82.a4.v1,0.8828393856900714
Glyma.08G005500.Wm82.a4.v1,0.8827740137001013
Glyma.07G082600.Wm82.a4.v1,0.8827600054165363
Glyma.10G009700.Wm82.a4.v1,0.8827039722822763
Glyma.13G147700.Wm82.a4.v1,0.8826946334265663
Glyma.07G086500.Wm82.a4.v1,0.8826619474315812
Glyma.07G041400.Wm82.a4.v1,0.8826432697201612
Glyma.10G031500.Wm82.a4.v1,0.8826292614365961
Glyma.15G158900.Wm82.a4.v1,0.8825872365859011
Glyma.06G125951.Wm82.a4.v1,0.8825592200187711
Glyma.14G150600.Wm82.a4.v1,0.8825545505909161
Glyma.12G073200.Wm82.a4.v1,0.8825405423073511
Glyma.09G249800.Wm82.a4.v1,0.8825218645959311
Glyma.13G215400.Wm82.a4.v1,0.882517195168076
Glyma.09G151400.Wm82.a4.v1,0.882461162033816
Glyma.10G020300.Wm82.a4.v1,0.882442484322396
Glyma.15G024800.Wm82.a4.v1,0.8824261413249035
Glyma.20G205000.Wm82.a4.v1,0.8822977320588908
Glyma.13G041200.Wm82.a4.v1,0.8822883932031809
Glyma.18G000300.Wm82.a4.v1,0.8822837237753258
Glyma.09G143800.Wm82.a4.v1,0.8822837237753258
Glyma.14G033600.Wm82.a4.v1,0.8822767196335433
Glyma.14G134800.Wm82.a4.v1,0.8822043435017908
Glyma.14G021800.Wm82.a4.v1,0.8822043435017908
Glyma.01G226700.Wm82.a4.v1,0.8821996740739357
Glyma.08G183600.Wm82.a4.v1,0.8821716575068057
Glyma.03G131800.Wm82.a4.v1,0.8821436409396757
Glyma.04G161300.Wm82.a4.v1,0.8821436409396757
Glyma.04G226500.Wm82.a4.v1,0.8821156243725456
Glyma.05G232700.Wm82.a4.v1,0.8820735995218506
Glyma.12G040400.Wm82.a4.v1,0.8820689300939956
Glyma.03G128900.Wm82.a4.v1,0.8820502523825756
Glyma.02G081200.Wm82.a4.v1,0.8820409135268655
Glyma.13G159500.Wm82.a4.v1,0.8820362440990106
Glyma.20G236800.Wm82.a4.v1,0.8820362440990106
Glyma.15G233400.Wm82.a4.v1,0.8819942192483156
Glyma.04G245700.Wm82.a4.v1,0.8819942192483156
Glyma.06G260000.Wm82.a4.v1,0.8819802109647505
Glyma.11G056000.Wm82.a4.v1,0.8819101695469254
Glyma.12G063200.Wm82.a4.v1,0.8818961612633603
Glyma.01G182500.Wm82.a4.v1,0.8818634752683754
Glyma.08G083700.Wm82.a4.v1,0.8818588058405203
Glyma.15G137000.Wm82.a4.v1,0.8818494669848104
Glyma.06G170300.Wm82.a4.v1,0.8818447975569553
Glyma.11G155400.Wm82.a4.v1,0.8818354587012454
Glyma.08G072100.Wm82.a4.v1,0.8818074421341153
Glyma.19G200700.Wm82.a4.v1,0.8817327312884352
Glyma.18G230300.Wm82.a4.v1,0.8817093841491602
Glyma.05G197200.Wm82.a4.v1,0.8817047147213052
Glyma.11G163900.Wm82.a4.v1,0.8816860370098851
Glyma.08G130900.Wm82.a4.v1,0.8816813675820302
Glyma.05G183600.Wm82.a4.v1,0.8816720287263201
Glyma.11G245000.Wm82.a4.v1,0.8816580204427551
Glyma.14G220000.Wm82.a4.v1,0.8816580204427551
Glyma.01G100900.Wm82.a4.v1,0.8816486815870451
Glyma.03G126300.Wm82.a4.v1,0.881601987308495
Glyma.09G131800.Wm82.a4.v1,0.8815599624578
Glyma.16G147800.Wm82.a4.v1,0.88148525161212
Glyma.11G042400.Wm82.a4.v1,0.88148525161212
Glyma.10G233900.Wm82.a4.v1,0.8814665739006999
Glyma.19G229500.Wm82.a4.v1,0.8814198796221498
Glyma.17G138500.Wm82.a4.v1,0.8813591770600349
Glyma.13G121500.Wm82.a4.v1,0.8813311604929048
Glyma.15G043800.Wm82.a4.v1,0.8813124827814848
Glyma.09G079400.Wm82.a4.v1,0.8812424413636597
Glyma.12G094800.Wm82.a4.v1,0.8811957470851096
Glyma.08G092300.Wm82.a4.v1,0.8811723999458346
Glyma.07G171200.Wm82.a4.v1,0.8811116973837195
Glyma.18G051400.Wm82.a4.v1,0.8810883502444445
Glyma.06G283600.Wm82.a4.v1,0.8809949616873445
Glyma.18G209800.Wm82.a4.v1,0.8809529368366494
Glyma.17G149900.Wm82.a4.v1,0.8809389285530844
Glyma.06G183000.Wm82.a4.v1,0.8809202508416644
Glyma.16G087700.Wm82.a4.v1,0.8808455399959843
Glyma.14G191300.Wm82.a4.v1,0.8808362011402743
Glyma.08G185800.Wm82.a4.v1,0.8807941762895792
Glyma.13G341100.Wm82.a4.v1,0.8807241348717542
Glyma.14G211700.Wm82.a4.v1,0.8806774405932041
Glyma.12G021400.Wm82.a4.v1,0.8806727711653491
Glyma.01G173300.Wm82.a4.v1,0.8806540934539291
Glyma.13G117900.Wm82.a4.v1,0.8806540934539291
Glyma.10G150000.Wm82.a4.v1,0.880560704896829
Glyma.06G129400.Wm82.a4.v1,0.880556035468974
Glyma.09G276900.Wm82.a4.v1,0.8805233494739889
Glyma.10G155400.Wm82.a4.v1,0.8804953329068589
Glyma.02G162500.Wm82.a4.v1,0.8804579774840189
Glyma.06G310100.Wm82.a4.v1,0.8804252914890338
Glyma.08G185500.Wm82.a4.v1,0.8804206220611789
Glyma.11G006800.Wm82.a4.v1,0.8803459112154988
Glyma.10G280000.Wm82.a4.v1,0.8803412417876437
Glyma.14G058400.Wm82.a4.v1,0.8803038863648037
Glyma.02G244300.Wm82.a4.v1,0.8802338449469786
Glyma.01G120400.Wm82.a4.v1,0.8802245060912687
Glyma.01G215400.Wm82.a4.v1,0.8802104978077037
Glyma.01G169900.Wm82.a4.v1,0.8801778118127186
Glyma.13G253400.Wm82.a4.v1,0.8801357869620235
Glyma.16G020400.Wm82.a4.v1,0.8801264481063136
Glyma.02G063300.Wm82.a4.v1,0.8801171092506035
Glyma.02G010200.Wm82.a4.v1,0.8801077703948935
Glyma.11G251100.Wm82.a4.v1,0.8800984315391835
Glyma.14G058300.Wm82.a4.v1,0.8800844232556185
Glyma.20G227200.Wm82.a4.v1,0.8800844232556185
Glyma.19G246400.Wm82.a4.v1,0.8800283901213585
Glyma.01G021700.Wm82.a4.v1,0.8800283901213585
Glyma.13G148400.Wm82.a4.v1,0.8800190512656484
Glyma.07G062900.Wm82.a4.v1,0.8800143818377935
Glyma.10G003800.Wm82.a4.v1,0.8799863652706634
Glyma.13G296400.Wm82.a4.v1,0.8799816958428084
Glyma.15G167100.Wm82.a4.v1,0.8799443404199684
Glyma.02G167600.Wm82.a4.v1,0.8799303321364034
Glyma.08G047100.Wm82.a4.v1,0.8799256627085483
Glyma.12G015900.Wm82.a4.v1,0.8799209932806933
Glyma.17G129200.Wm82.a4.v1,0.8799163238528384
Glyma.06G196800.Wm82.a4.v1,0.8799163238528384
Glyma.02G138000.Wm82.a4.v1,0.8798509518628682
Glyma.13G212500.Wm82.a4.v1,0.8798369435793032
Glyma.19G247600.Wm82.a4.v1,0.8798276047235932
Glyma.10G298400.Wm82.a4.v1,0.8798276047235932
Glyma.14G102600.Wm82.a4.v1,0.8798042575843182
Glyma.03G116600.Wm82.a4.v1,0.8797902493007532
Glyma.17G042100.Wm82.a4.v1,0.8797762410171882
Glyma.03G082100.Wm82.a4.v1,0.8797622327336232
Glyma.13G244500.Wm82.a4.v1,0.8797295467386381
Glyma.01G087700.Wm82.a4.v1,0.8797248773107831
Glyma.03G012600.Wm82.a4.v1,0.8797202078829282
Glyma.10G045800.Wm82.a4.v1,0.8796921913157981
Glyma.13G336800.Wm82.a4.v1,0.879640827609393
Glyma.14G174200.Wm82.a4.v1,0.879640827609393
Glyma.17G202700.Wm82.a4.v1,0.879608141614408
Glyma.01G180200.Wm82.a4.v1,0.879598802758698
Glyma.19G241200.Wm82.a4.v1,0.879552108480148
Glyma.02G250400.Wm82.a4.v1,0.8795287613408729
Glyma.14G088800.Wm82.a4.v1,0.8794587199230478
Glyma.09G062600.Wm82.a4.v1,0.8794213645002078
Glyma.18G228700.Wm82.a4.v1,0.8793256412291802
Glyma.20G230500.Wm82.a4.v1,0.8793092982316877
Glyma.12G193000.Wm82.a4.v1,0.8792626039531376
Glyma.10G109200.Wm82.a4.v1,0.8791832236796026
Glyma.15G138500.Wm82.a4.v1,0.8791785542517475
Glyma.02G296400.Wm82.a4.v1,0.8791505376846175
Glyma.02G239600.Wm82.a4.v1,0.8791458682567626
Glyma.08G148300.Wm82.a4.v1,0.8791411988289075
Glyma.09G129500.Wm82.a4.v1,0.8791131822617775
Glyma.01G074000.Wm82.a4.v1,0.8791131822617775
Glyma.10G192300.Wm82.a4.v1,0.8790991739782125
Glyma.05G207500.Wm82.a4.v1,0.8790991739782125
Glyma.07G091166.Wm82.a4.v1,0.8790898351225025
Glyma.02G041400.Wm82.a4.v1,0.8790338019882424
Glyma.03G250400.Wm82.a4.v1,0.8789730994261273
Glyma.20G205400.Wm82.a4.v1,0.8789637605704173
Glyma.14G166000.Wm82.a4.v1,0.8789637605704173
Glyma.06G237700.Wm82.a4.v1,0.8789310745754323
Glyma.12G198700.Wm82.a4.v1,0.8788937191525922
Glyma.18G259000.Wm82.a4.v1,0.8788843802968822
Glyma.07G058700.Wm82.a4.v1,0.8788283471626221
Glyma.20G065900.Wm82.a4.v1,0.8787956611676371
Glyma.08G238800.Wm82.a4.v1,0.878739628033377
Glyma.07G159600.Wm82.a4.v1,0.878725619749812
Glyma.02G038800.Wm82.a4.v1,0.878711611466247
Glyma.07G184500.Wm82.a4.v1,0.8787069420383921
Glyma.17G257600.Wm82.a4.v1,0.878688264326972
Glyma.05G241900.Wm82.a4.v1,0.878669586615552
Glyma.13G367300.Wm82.a4.v1,0.878636900620567
Glyma.02G312200.Wm82.a4.v1,0.878636900620567
Glyma.01G015000.Wm82.a4.v1,0.8786275617648569
Glyma.20G229900.Wm82.a4.v1,0.878608884053437
Glyma.19G215100.Wm82.a4.v1,0.8785995451977269
Glyma.06G101500.Wm82.a4.v1,0.8785715286305968
Glyma.07G064900.Wm82.a4.v1,0.8785621897748869
Glyma.17G072300.Wm82.a4.v1,0.8785575203470318
Glyma.05G089000.Wm82.a4.v1,0.8785341732077568
Glyma.08G357300.Wm82.a4.v1,0.8785108260684819
Glyma.11G146800.Wm82.a4.v1,0.8785108260684819
Glyma.13G269900.Wm82.a4.v1,0.8785108260684819
Glyma.08G051600.Wm82.a4.v1,0.8785014872127718
Glyma.02G045800.Wm82.a4.v1,0.8784828095013518
Glyma.20G249800.Wm82.a4.v1,0.8784781400734968
Glyma.11G102600.Wm82.a4.v1,0.8784641317899318
Glyma.09G281700.Wm82.a4.v1,0.8784407846506568
Glyma.05G067700.Wm82.a4.v1,0.8783940903721067
Glyma.14G089063.Wm82.a4.v1,0.8783894209442517
Glyma.20G206300.Wm82.a4.v1,0.8783847515163967
Glyma.10G009800.Wm82.a4.v1,0.8783473960935566
Glyma.02G025500.Wm82.a4.v1,0.8783333878099916
Glyma.10G149000.Wm82.a4.v1,0.8783240489542816
Glyma.09G246600.Wm82.a4.v1,0.8783100406707166
Glyma.20G176300.Wm82.a4.v1,0.8782446686807466
Glyma.13G134200.Wm82.a4.v1,0.878242333966819
Glyma.13G221900.Wm82.a4.v1,0.8782353298250365
Glyma.14G218500.Wm82.a4.v1,0.8782259909693265
Glyma.04G200100.Wm82.a4.v1,0.8782166521136165
Glyma.07G260802.Wm82.a4.v1,0.8782119826857615
Glyma.18G158300.Wm82.a4.v1,0.8781886355464865
Glyma.07G190700.Wm82.a4.v1,0.8781839661186315
Glyma.19G222500.Wm82.a4.v1,0.8781606189793565
Glyma.09G005700.Wm82.a4.v1,0.8781559495515014
Glyma.19G161500.Wm82.a4.v1,0.8780625609944014
Glyma.08G102600.Wm82.a4.v1,0.8780578915665463
Glyma.17G206700.Wm82.a4.v1,0.8780462179969089
Glyma.09G059000.Wm82.a4.v1,0.8780392138551263
Glyma.10G179900.Wm82.a4.v1,0.8779971890044312
Glyma.12G195900.Wm82.a4.v1,0.8779551641537362
Glyma.08G205700.Wm82.a4.v1,0.8779504947258813
Glyma.20G136000.Wm82.a4.v1,0.8779178087308962
Glyma.17G128200.Wm82.a4.v1,0.8779131393030412
Glyma.20G161200.Wm82.a4.v1,0.8779131393030412
Glyma.02G100000.Wm82.a4.v1,0.8778897921637662
Glyma.12G201100.Wm82.a4.v1,0.8778851227359111
Glyma.02G025200.Wm82.a4.v1,0.8778804533080562
Glyma.16G074600.Wm82.a4.v1,0.8778757838802012
Glyma.12G021900.Wm82.a4.v1,0.877745039900261
Glyma.06G133600.Wm82.a4.v1,0.877721692760986
Glyma.09G060200.Wm82.a4.v1,0.8777030150495659
Glyma.14G008500.Wm82.a4.v1,0.877698345621711
Glyma.10G158800.Wm82.a4.v1,0.877698345621711
Glyma.03G145900.Wm82.a4.v1,0.8776236347760309
Glyma.18G025500.Wm82.a4.v1,0.8775956182089009
Glyma.08G059300.Wm82.a4.v1,0.8775816099253358
Glyma.05G032700.Wm82.a4.v1,0.8775582627860609
Glyma.18G173400.Wm82.a4.v1,0.8775535933582058
Glyma.18G281700.Wm82.a4.v1,0.8775209073632207
Glyma.05G020100.Wm82.a4.v1,0.8774461965175407
Glyma.13G322200.Wm82.a4.v1,0.8774461965175407
Glyma.04G117400.Wm82.a4.v1,0.8774228493782656
Glyma.11G077700.Wm82.a4.v1,0.8774135105225557
Glyma.10G125100.Wm82.a4.v1,0.8773901633832807
Glyma.06G200100.Wm82.a4.v1,0.8773901633832807
Glyma.16G143800.Wm82.a4.v1,0.8773434691047306
Glyma.11G213600.Wm82.a4.v1,0.8773201219654556
Glyma.09G028100.Wm82.a4.v1,0.8773154525376006
Glyma.10G139500.Wm82.a4.v1,0.8773014442540356
Glyma.20G154700.Wm82.a4.v1,0.8772874359704705
Glyma.10G022600.Wm82.a4.v1,0.8772314028362105
Glyma.03G223500.Wm82.a4.v1,0.8772127251247904
Glyma.07G027751.Wm82.a4.v1,0.8772033862690805
Glyma.10G280700.Wm82.a4.v1,0.8772033862690805
Glyma.07G059400.Wm82.a4.v1,0.8771940474133705
Glyma.11G017900.Wm82.a4.v1,0.8771847085576604
Glyma.04G057200.Wm82.a4.v1,0.8771847085576604
Glyma.15G234200.Wm82.a4.v1,0.8771613614183854
Glyma.10G122100.Wm82.a4.v1,0.8771566919905304
Glyma.13G047300.Wm82.a4.v1,0.8771520225626754
Glyma.20G219600.Wm82.a4.v1,0.8771473531348204
Glyma.20G192200.Wm82.a4.v1,0.8771473531348204
Glyma.02G215700.Wm82.a4.v1,0.8771006588562703
Glyma.03G167000.Wm82.a4.v1,0.8770959894284154
Glyma.06G183800.Wm82.a4.v1,0.8770586340055753
Glyma.18G213900.Wm82.a4.v1,0.8770446257220103
Glyma.03G238300.Wm82.a4.v1,0.8769792537320402
Glyma.17G257400.Wm82.a4.v1,0.8769092123142151
Glyma.09G138100.Wm82.a4.v1,0.8769092123142151
Glyma.14G068900.Wm82.a4.v1,0.87679247661784
Glyma.02G041800.Wm82.a4.v1,0.87677379890642
Glyma.11G075100.Wm82.a4.v1,0.876755121195
Glyma.18G011200.Wm82.a4.v1,0.87671776577216
Glyma.06G095200.Wm82.a4.v1,0.8766290466429149
Glyma.18G061500.Wm82.a4.v1,0.8765590052250898
Glyma.07G073500.Wm82.a4.v1,0.8765590052250898
Glyma.09G240700.Wm82.a4.v1,0.8765496663693798
Glyma.17G094300.Wm82.a4.v1,0.8765403275136697
Glyma.01G233600.Wm82.a4.v1,0.8764983026629747
Glyma.03G149200.Wm82.a4.v1,0.8764796249515547
Glyma.10G231500.Wm82.a4.v1,0.8764702860958447
Glyma.08G285100.Wm82.a4.v1,0.8764562778122796
Glyma.10G161200.Wm82.a4.v1,0.8764562778122796
Glyma.19G009700.Wm82.a4.v1,0.8763955752501646
Glyma.01G231700.Wm82.a4.v1,0.8763909058223096
Glyma.04G055900.Wm82.a4.v1,0.8763909058223096
Glyma.11G100400.Wm82.a4.v1,0.8763815669665996
Glyma.06G230400.Wm82.a4.v1,0.8763582198273245
Glyma.02G033300.Wm82.a4.v1,0.8763488809716146
Glyma.01G051400.Wm82.a4.v1,0.8763348726880495
Glyma.07G152300.Wm82.a4.v1,0.8763115255487746
Glyma.08G104900.Wm82.a4.v1,0.8763115255487746
Glyma.09G181960.Wm82.a4.v1,0.8762928478373545
Glyma.12G183000.Wm82.a4.v1,0.8762648312702245
Glyma.11G062000.Wm82.a4.v1,0.8762601618423694
Glyma.07G122300.Wm82.a4.v1,0.8762414841309495
Glyma.12G032300.Wm82.a4.v1,0.8762087981359644
Glyma.13G142000.Wm82.a4.v1,0.8761901204245444
Glyma.17G239900.Wm82.a4.v1,0.8761340872902843
Glyma.13G320800.Wm82.a4.v1,0.8760827235838793
Glyma.05G024500.Wm82.a4.v1,0.8760500375888942
Glyma.17G048100.Wm82.a4.v1,0.8760173515939091
Glyma.07G001000.Wm82.a4.v1,0.8759706573153592
Glyma.12G187700.Wm82.a4.v1,0.8759239630368091
Glyma.08G325900.Wm82.a4.v1,0.8759146241810991
Glyma.07G256200.Wm82.a4.v1,0.875891277041824
Glyma.10G041500.Wm82.a4.v1,0.875863260474694
Glyma.20G005800.Wm82.a4.v1,0.875858591046839
Glyma.03G210900.Wm82.a4.v1,0.875853921618984
Glyma.16G195000.Wm82.a4.v1,0.875811896768289
Glyma.05G006000.Wm82.a4.v1,0.8757698719175939
Glyma.06G263200.Wm82.a4.v1,0.8757418553504639
Glyma.12G189700.Wm82.a4.v1,0.8757138387833339
Glyma.04G169300.Wm82.a4.v1,0.8756951610719138
Glyma.02G302500.Wm82.a4.v1,0.8756904916440589
Glyma.05G046700.Wm82.a4.v1,0.8755830948033937
Glyma.07G211600.Wm82.a4.v1,0.8755737559476837
Glyma.18G057700.Wm82.a4.v1,0.8755690865198287
Glyma.06G089600.Wm82.a4.v1,0.8754850368184386
Glyma.13G213500.Wm82.a4.v1,0.8754383425398886
Glyma.06G315600.Wm82.a4.v1,0.8754383425398886
Glyma.11G060900.Wm82.a4.v1,0.8753869788334835
Glyma.13G083400.Wm82.a4.v1,0.8753356151270785
Glyma.02G267500.Wm82.a4.v1,0.8753262762713685
Glyma.19G222600.Wm82.a4.v1,0.8753122679878035
Glyma.19G201500.Wm82.a4.v1,0.8752889208485284
Glyma.16G204000.Wm82.a4.v1,0.8752375571421234
Glyma.11G064300.Wm82.a4.v1,0.8750694577393432
Glyma.20G214600.Wm82.a4.v1,0.8750554494557782
Glyma.18G207300.Wm82.a4.v1,0.8750461106000682
Glyma.13G259200.Wm82.a4.v1,0.8750414411722132
Glyma.18G106800.Wm82.a4.v1,0.8750087551772281
Glyma.06G116000.Wm82.a4.v1,0.8750040857493732
Glyma.17G253400.Wm82.a4.v1,0.8749994163215181
Glyma.01G104800.Wm82.a4.v1,0.874929374903693
Glyma.02G035900.Wm82.a4.v1,0.874924705475838
Glyma.13G353200.Wm82.a4.v1,0.8749200360479831
Glyma.12G059700.Wm82.a4.v1,0.874892019480853
Glyma.04G123500.Wm82.a4.v1,0.874882680625143
Glyma.11G111900.Wm82.a4.v1,0.874845325202303
Glyma.14G032500.Wm82.a4.v1,0.874831316918738
Glyma.11G173100.Wm82.a4.v1,0.874807969779463
Glyma.07G045600.Wm82.a4.v1,0.8747566060730578
Glyma.04G196800.Wm82.a4.v1,0.8746865646552328
Glyma.16G076500.Wm82.a4.v1,0.8746632175159578
Glyma.11G053800.Wm82.a4.v1,0.8746398703766828
Glyma.14G195700.Wm82.a4.v1,0.8746211926652627
Glyma.04G046100.Wm82.a4.v1,0.8746211926652627
Glyma.10G168700.Wm82.a4.v1,0.8746165232374077
Glyma.14G189900.Wm82.a4.v1,0.8745838372424227
Glyma.02G242200.Wm82.a4.v1,0.8745604901031476
Glyma.15G129800.Wm82.a4.v1,0.8745184652524526
Glyma.09G035700.Wm82.a4.v1,0.8745184652524526
Glyma.14G119400.Wm82.a4.v1,0.8744671015460476
Glyma.11G190200.Wm82.a4.v1,0.8744530932624826
Glyma.11G133500.Wm82.a4.v1,0.8744110684117875
Glyma.13G193300.Wm82.a4.v1,0.8743783824168024
Glyma.19G017200.Wm82.a4.v1,0.8743316881382525
Glyma.17G026400.Wm82.a4.v1,0.8743223492825424
Glyma.13G286400.Wm82.a4.v1,0.8742779897179198
Glyma.19G247500.Wm82.a4.v1,0.8742756550039924
Glyma.02G263900.Wm82.a4.v1,0.8742663161482823
Glyma.13G274500.Wm82.a4.v1,0.8742616467204274
Glyma.20G224400.Wm82.a4.v1,0.8742336301532974
Glyma.11G041000.Wm82.a4.v1,0.8742289607254423
Glyma.05G065900.Wm82.a4.v1,0.8741962747304572
Glyma.06G083000.Wm82.a4.v1,0.8741542498797622
Glyma.06G130800.Wm82.a4.v1,0.8741262333126322
Glyma.06G195800.Wm82.a4.v1,0.8741262333126322
Glyma.18G000100.Wm82.a4.v1,0.8741215638847772
Glyma.17G224100.Wm82.a4.v1,0.8740842084619371
Glyma.08G005900.Wm82.a4.v1,0.8740655307505172
Glyma.07G119400.Wm82.a4.v1,0.8740608613226621
Glyma.12G225000.Wm82.a4.v1,0.8740608613226621
Glyma.05G195000.Wm82.a4.v1,0.8740281753276771
Glyma.19G219500.Wm82.a4.v1,0.874000158760547
Glyma.07G255500.Wm82.a4.v1,0.873972142193417
Glyma.12G152700.Wm82.a4.v1,0.873939456198432
Glyma.17G253900.Wm82.a4.v1,0.873892761919882
Glyma.19G252100.Wm82.a4.v1,0.873892761919882
Glyma.02G051500.Wm82.a4.v1,0.8738600759248969
Glyma.06G290000.Wm82.a4.v1,0.8738320593577669
Glyma.15G265300.Wm82.a4.v1,0.8738273899299119
Glyma.10G234500.Wm82.a4.v1,0.8738157163602743
Glyma.06G015800.Wm82.a4.v1,0.8737806956513618
Glyma.18G031300.Wm82.a4.v1,0.8737666873677968
Glyma.08G095000.Wm82.a4.v1,0.8737386708006668
Glyma.03G173800.Wm82.a4.v1,0.8737129889474643
Glyma.20G129100.Wm82.a4.v1,0.8736826376664067
Glyma.02G003100.Wm82.a4.v1,0.8736312739600017
Glyma.03G241000.Wm82.a4.v1,0.8735799102535966
Glyma.10G066100.Wm82.a4.v1,0.8735565631143216
Glyma.18G113100.Wm82.a4.v1,0.8735238771193365
Glyma.18G015300.Wm82.a4.v1,0.8735192076914816
Glyma.06G162600.Wm82.a4.v1,0.8735145382636266
Glyma.05G176300.Wm82.a4.v1,0.8735145382636266
Glyma.12G087100.Wm82.a4.v1,0.8735145382636266
Glyma.18G132900.Wm82.a4.v1,0.8734678439850765
Glyma.06G164500.Wm82.a4.v1,0.8734071414229615
Glyma.17G160300.Wm82.a4.v1,0.8733791248558315
Glyma.03G143100.Wm82.a4.v1,0.8733744554279764
Glyma.05G157800.Wm82.a4.v1,0.8733697860001214
Glyma.14G025600.Wm82.a4.v1,0.8733604471444114
Glyma.09G216300.Wm82.a4.v1,0.8733184222937164
Glyma.20G162300.Wm82.a4.v1,0.8732904057265863
Glyma.08G139300.Wm82.a4.v1,0.8732857362987313
Glyma.17G067400.Wm82.a4.v1,0.8732763974430213
Glyma.10G200500.Wm82.a4.v1,0.8732483808758913
Glyma.20G245400.Wm82.a4.v1,0.8732203643087613
Glyma.13G230800.Wm82.a4.v1,0.873019578910996
Glyma.18G165700.Wm82.a4.v1,0.872996231771721
Glyma.08G018900.Wm82.a4.v1,0.872982223488156
Glyma.14G018700.Wm82.a4.v1,0.8729728846324459
Glyma.17G142500.Wm82.a4.v1,0.8728935043589109
Glyma.03G185800.Wm82.a4.v1,0.8728841655032009
Glyma.07G257800.Wm82.a4.v1,0.8728794960753459
Glyma.14G070300.Wm82.a4.v1,0.8728748266474908
Glyma.08G210500.Wm82.a4.v1,0.8728608183639258
Glyma.13G224300.Wm82.a4.v1,0.8728468100803608
Glyma.04G087200.Wm82.a4.v1,0.8728281323689409
Glyma.17G071300.Wm82.a4.v1,0.8728234629410858
Glyma.06G066300.Wm82.a4.v1,0.8728187935132308
Glyma.03G138200.Wm82.a4.v1,0.8728187935132308
Glyma.18G133100.Wm82.a4.v1,0.8727394132396957
Glyma.07G085800.Wm82.a4.v1,0.8727254049561307
Glyma.12G190100.Wm82.a4.v1,0.8727113966725657
Glyma.06G305000.Wm82.a4.v1,0.8726927189611456
Glyma.03G248500.Wm82.a4.v1,0.8726833801054357
Glyma.03G261800.Wm82.a4.v1,0.8726740412497257
Glyma.08G291000.Wm82.a4.v1,0.8726413552547406
Glyma.10G238600.Wm82.a4.v1,0.8726226775433206
Glyma.20G208000.Wm82.a4.v1,0.8726180081154656
Glyma.13G260000.Wm82.a4.v1,0.8726133386876106
Glyma.15G013800.Wm82.a4.v1,0.8725759832647706
Glyma.08G309900.Wm82.a4.v1,0.8725432972697855
Glyma.04G078300.Wm82.a4.v1,0.8725386278419305
Glyma.11G128000.Wm82.a4.v1,0.8725292889862205
Glyma.14G210600.Wm82.a4.v1,0.8725152807026555
Glyma.10G201800.Wm82.a4.v1,0.8724779252798155
Glyma.01G132000.Wm82.a4.v1,0.8723845367227153
Glyma.17G013900.Wm82.a4.v1,0.8723565201555853
Glyma.13G035100.Wm82.a4.v1,0.8723425118720203
Glyma.05G056300.Wm82.a4.v1,0.8722537927427753
Glyma.07G126800.Wm82.a4.v1,0.8722211067477902
Glyma.13G357800.Wm82.a4.v1,0.8721837513249502
Glyma.17G021700.Wm82.a4.v1,0.87208102391214
Glyma.04G054100.Wm82.a4.v1,0.872029660205735
Glyma.12G216900.Wm82.a4.v1,0.87199697421075
Glyma.19G065600.Wm82.a4.v1,0.8719642882157649
Glyma.07G249100.Wm82.a4.v1,0.8719502799321999
Glyma.10G294900.Wm82.a4.v1,0.8719129245093599
Glyma.13G275500.Wm82.a4.v1,0.8719082550815048
Glyma.06G139300.Wm82.a4.v1,0.8719082550815048
Glyma.05G074800.Wm82.a4.v1,0.8718989162257949
Glyma.04G065700.Wm82.a4.v1,0.8717775111015648
Glyma.13G093100.Wm82.a4.v1,0.8717751763876372
Glyma.04G185700.Wm82.a4.v1,0.8717728416737097
Glyma.15G245600.Wm82.a4.v1,0.8717448251065797
Glyma.03G085700.Wm82.a4.v1,0.8717214779673047
Glyma.04G044400.Wm82.a4.v1,0.8717214779673047
Glyma.05G014200.Wm82.a4.v1,0.8717168085394497
Glyma.07G090200.Wm82.a4.v1,0.8717121391115946
Glyma.08G155000.Wm82.a4.v1,0.8717121391115946
Glyma.05G221400.Wm82.a4.v1,0.8716841225444646
Glyma.04G010500.Wm82.a4.v1,0.871653771263407
Glyma.10G175900.Wm82.a4.v1,0.8716467671216246
Glyma.09G014200.Wm82.a4.v1,0.8716420976937695
Glyma.15G171000.Wm82.a4.v1,0.8716327588380596
Glyma.09G262800.Wm82.a4.v1,0.8716234199823496
Glyma.15G070100.Wm82.a4.v1,0.8716094116987846
Glyma.07G018300.Wm82.a4.v1,0.8716000728430745
Glyma.15G238400.Wm82.a4.v1,0.8715954034152196
Glyma.11G022200.Wm82.a4.v1,0.8715393702809595
Glyma.14G199200.Wm82.a4.v1,0.8715347008531045
Glyma.04G234300.Wm82.a4.v1,0.8715020148581194
Glyma.06G025900.Wm82.a4.v1,0.8714413122960044
Glyma.03G145500.Wm82.a4.v1,0.8713245765996293
Glyma.01G207700.Wm82.a4.v1,0.8713199071717742
Glyma.09G014600.Wm82.a4.v1,0.8712965600324992
Glyma.02G299400.Wm82.a4.v1,0.8712872211767893
Glyma.08G143100.Wm82.a4.v1,0.8712825517489342
Glyma.09G164200.Wm82.a4.v1,0.8712732128932242
Glyma.20G166200.Wm82.a4.v1,0.8712685434653692
Glyma.15G154400.Wm82.a4.v1,0.8712125103311091
Glyma.07G170000.Wm82.a4.v1,0.8711844937639791
Glyma.14G221700.Wm82.a4.v1,0.8711751549082691
Glyma.12G074300.Wm82.a4.v1,0.8711611466247041
Glyma.19G112500.Wm82.a4.v1,0.871137799485429
Glyma.15G163800.Wm82.a4.v1,0.871137799485429
Glyma.04G243000.Wm82.a4.v1,0.8711354647715015
Glyma.02G198100.Wm82.a4.v1,0.871123791201864
Glyma.05G045200.Wm82.a4.v1,0.8711191217740091
Glyma.02G278500.Wm82.a4.v1,0.871114452346154
Glyma.02G147400.Wm82.a4.v1,0.871100444062589
Glyma.09G021500.Wm82.a4.v1,0.871081766351169
Glyma.03G189300.Wm82.a4.v1,0.871049080356184
Glyma.11G134900.Wm82.a4.v1,0.8710257332169089
Glyma.11G200400.Wm82.a4.v1,0.871021063789054
Glyma.19G208200.Wm82.a4.v1,0.8709883777940689
Glyma.05G228500.Wm82.a4.v1,0.8709650306547939
Glyma.17G002800.Wm82.a4.v1,0.8709603612269389
Glyma.10G056800.Wm82.a4.v1,0.8709463529433739
Glyma.04G238600.Wm82.a4.v1,0.8709183363762438
Glyma.10G053100.Wm82.a4.v1,0.8709136669483888
Glyma.02G038700.Wm82.a4.v1,0.8708996586648238
Glyma.13G150200.Wm82.a4.v1,0.8708623032419838
Glyma.12G039300.Wm82.a4.v1,0.8708389561027088
Glyma.09G118100.Wm82.a4.v1,0.8708249478191438
Glyma.19G194985.Wm82.a4.v1,0.8708156089634337
Glyma.01G214600.Wm82.a4.v1,0.8707595758291736
Glyma.10G232500.Wm82.a4.v1,0.8707408981177537
Glyma.03G016600.Wm82.a4.v1,0.8707175509784786
Glyma.07G155200.Wm82.a4.v1,0.8706755261277835
Glyma.03G146500.Wm82.a4.v1,0.8706708566999286
Glyma.19G125500.Wm82.a4.v1,0.8706615178442185
Glyma.18G011000.Wm82.a4.v1,0.8706521789885086
Glyma.04G110900.Wm82.a4.v1,0.8706475095606535
Glyma.06G172600.Wm82.a4.v1,0.8706241624213785
Glyma.15G271800.Wm82.a4.v1,0.8705961458542485
Glyma.13G308300.Wm82.a4.v1,0.8705494515756984
Glyma.15G208200.Wm82.a4.v1,0.8705167655807134
Glyma.14G162300.Wm82.a4.v1,0.8705074267250034
Glyma.18G130700.Wm82.a4.v1,0.8705027572971484
Glyma.10G093900.Wm82.a4.v1,0.8704980878692934
Glyma.05G229400.Wm82.a4.v1,0.8704840795857284
Glyma.06G163000.Wm82.a4.v1,0.8704654018743083
Glyma.11G050300.Wm82.a4.v1,0.8704560630185983
Glyma.15G190500.Wm82.a4.v1,0.8704233770236133
Glyma.08G279700.Wm82.a4.v1,0.8704046993121933
Glyma.19G205000.Wm82.a4.v1,0.8703393273222232
Glyma.11G245300.Wm82.a4.v1,0.8703346578943683
Glyma.01G191600.Wm82.a4.v1,0.8703253190386582
Glyma.03G180900.Wm82.a4.v1,0.8703019718993832
Glyma.12G050800.Wm82.a4.v1,0.8703019718993832
Glyma.04G218400.Wm82.a4.v1,0.8702552776208331
Glyma.18G220200.Wm82.a4.v1,0.8702459387651231
Glyma.02G157900.Wm82.a4.v1,0.8702412693372681
Glyma.13G358900.Wm82.a4.v1,0.870180566775153
Glyma.13G135900.Wm82.a4.v1,0.870152550208023
Glyma.17G259200.Wm82.a4.v1,0.870147880780168
Glyma.10G249300.Wm82.a4.v1,0.870143211352313
Glyma.19G085600.Wm82.a4.v1,0.870115194785183
Glyma.06G166100.Wm82.a4.v1,0.870077839362343
Glyma.06G003300.Wm82.a4.v1,0.8700638310787779
Glyma.06G127200.Wm82.a4.v1,0.8700171368002279
Glyma.08G123100.Wm82.a4.v1,0.8700124673723728
Glyma.19G045500.Wm82.a4.v1,0.8700124673723728
Glyma.11G174073.Wm82.a4.v1,0.8700077979445179
Glyma.10G224900.Wm82.a4.v1,0.8699984590888078
Glyma.11G237500.Wm82.a4.v1,0.8699751119495328
Glyma.13G165300.Wm82.a4.v1,0.8699657730938228
Glyma.17G231300.Wm82.a4.v1,0.8699611036659678
Glyma.20G152100.Wm82.a4.v1,0.8699470953824028
Glyma.19G215300.Wm82.a4.v1,0.8699424259545477
Glyma.17G173200.Wm82.a4.v1,0.8698677151088677
Glyma.17G097500.Wm82.a4.v1,0.8698630456810127
Glyma.07G216600.Wm82.a4.v1,0.8698163514024626
Glyma.17G136100.Wm82.a4.v1,0.8698023431188976
Glyma.12G085600.Wm82.a4.v1,0.8697976736910427
Glyma.13G338600.Wm82.a4.v1,0.8697649876960576
Glyma.02G311200.Wm82.a4.v1,0.8697136239896526
Glyma.03G153902.Wm82.a4.v1,0.8696856074225225
Glyma.10G067800.Wm82.a4.v1,0.8696809379946675
Glyma.19G171200.Wm82.a4.v1,0.8696809379946675
Glyma.11G109400.Wm82.a4.v1,0.8696389131439725
Glyma.13G346000.Wm82.a4.v1,0.8696342437161174
Glyma.06G175800.Wm82.a4.v1,0.8696295742882625
Glyma.03G003500.Wm82.a4.v1,0.8695408551590174
Glyma.04G131800.Wm82.a4.v1,0.8695315163033074
Glyma.04G098600.Wm82.a4.v1,0.8695268468754523
Glyma.13G158200.Wm82.a4.v1,0.8694941608804673
Glyma.13G292700.Wm82.a4.v1,0.8694801525969023
Glyma.14G177300.Wm82.a4.v1,0.8694521360297722
Glyma.20G081500.Wm82.a4.v1,0.8694521360297722
Glyma.10G213600.Wm82.a4.v1,0.8694381277462072
Glyma.02G096000.Wm82.a4.v1,0.8693961028955122
Glyma.06G005700.Wm82.a4.v1,0.8693260614776871
Glyma.07G168500.Wm82.a4.v1,0.8692980449105571
Glyma.10G219600.Wm82.a4.v1,0.869284036626992
Glyma.15G099400.Wm82.a4.v1,0.8692513506320071
Glyma.08G023300.Wm82.a4.v1,0.869246681204152
Glyma.12G084100.Wm82.a4.v1,0.869199986925602
Glyma.10G024400.Wm82.a4.v1,0.869185978642037
Glyma.02G245300.Wm82.a4.v1,0.8691719703584719
Glyma.18G165000.Wm82.a4.v1,0.8690972595127919
Glyma.11G251300.Wm82.a4.v1,0.8690832512292269
Glyma.17G168900.Wm82.a4.v1,0.8690832512292269
Glyma.13G305000.Wm82.a4.v1,0.8690739123735168
Glyma.09G036000.Wm82.a4.v1,0.8690365569506768
Glyma.04G168300.Wm82.a4.v1,0.8690365569506768
Glyma.05G187000.Wm82.a4.v1,0.8690318875228218
Glyma.10G136300.Wm82.a4.v1,0.8690295528088944
Glyma.04G036200.Wm82.a4.v1,0.8689851932442718
Glyma.04G009100.Wm82.a4.v1,0.8689805238164168
Glyma.02G115400.Wm82.a4.v1,0.8688964741150267
Glyma.05G000600.Wm82.a4.v1,0.8688964741150267
Glyma.04G228400.Wm82.a4.v1,0.8688777964036066
Glyma.17G175500.Wm82.a4.v1,0.8688170938414916
Glyma.08G090300.Wm82.a4.v1,0.8687844078465066
Glyma.08G220500.Wm82.a4.v1,0.8687657301350865
Glyma.05G104100.Wm82.a4.v1,0.8687330441401016
Glyma.19G112700.Wm82.a4.v1,0.8686770110058415
Glyma.18G264200.Wm82.a4.v1,0.8686209778715814
Glyma.04G216700.Wm82.a4.v1,0.8685882918765964
Glyma.06G306000.Wm82.a4.v1,0.8685322587423363
Glyma.02G270400.Wm82.a4.v1,0.8685322587423363
Glyma.18G015500.Wm82.a4.v1,0.8684435396130912
Glyma.16G212700.Wm82.a4.v1,0.8683781676231211
Glyma.10G112700.Wm82.a4.v1,0.8683734981952661
Glyma.11G109800.Wm82.a4.v1,0.8683454816281361
Glyma.15G140300.Wm82.a4.v1,0.8683454816281361
Glyma.11G159230.Wm82.a4.v1,0.8683314733445711
Glyma.15G193400.Wm82.a4.v1,0.8683127956331511
Glyma.20G114800.Wm82.a4.v1,0.8682987873495861
Glyma.16G111400.Wm82.a4.v1,0.868275440210311
Glyma.18G050300.Wm82.a4.v1,0.868247423643181
Glyma.19G175400.Wm82.a4.v1,0.868224076503906
Glyma.20G089400.Wm82.a4.v1,0.868200729364631
Glyma.06G200000.Wm82.a4.v1,0.8681913905089209
Glyma.15G246100.Wm82.a4.v1,0.8681820516532109
Glyma.11G182900.Wm82.a4.v1,0.868172712797501
Glyma.12G219400.Wm82.a4.v1,0.868158704513936
Glyma.09G041000.Wm82.a4.v1,0.8681306879468059
Glyma.20G181300.Wm82.a4.v1,0.8681026713796759
Glyma.14G196700.Wm82.a4.v1,0.8681026713796759
Glyma.08G361500.Wm82.a4.v1,0.8680980019518209
Glyma.08G135900.Wm82.a4.v1,0.8680933325239658
Glyma.14G156300.Wm82.a4.v1,0.8680839936682558
Glyma.09G275000.Wm82.a4.v1,0.8680372993897058
Glyma.15G005300.Wm82.a4.v1,0.8680326299618508
Glyma.08G067000.Wm82.a4.v1,0.8680046133947208
Glyma.10G277900.Wm82.a4.v1,0.8679999439668658
Glyma.18G216900.Wm82.a4.v1,0.8679859356833007
Glyma.08G113300.Wm82.a4.v1,0.8679625885440257
Glyma.11G118600.Wm82.a4.v1,0.8679252331211856
Glyma.07G270100.Wm82.a4.v1,0.8679205636933307
Glyma.06G134900.Wm82.a4.v1,0.8678785388426357
Glyma.04G122600.Wm82.a4.v1,0.8678458528476506
Glyma.19G244600.Wm82.a4.v1,0.8678225057083756
Glyma.03G006700.Wm82.a4.v1,0.8678178362805206
Glyma.03G190800.Wm82.a4.v1,0.8677431254348404
Glyma.08G259200.Wm82.a4.v1,0.8677337865791305
Glyma.05G017800.Wm82.a4.v1,0.8675703566042053
Glyma.06G009000.Wm82.a4.v1,0.8675563483206403
Glyma.09G021000.Wm82.a4.v1,0.8675423400370753
Glyma.01G003800.Wm82.a4.v1,0.8675423400370753
Glyma.05G195900.Wm82.a4.v1,0.8675189928978002
Glyma.13G094500.Wm82.a4.v1,0.8674956457585252
Glyma.12G165900.Wm82.a4.v1,0.8674676291913952
Glyma.04G229600.Wm82.a4.v1,0.8673975877735701
Glyma.14G056800.Wm82.a4.v1,0.867318207500035
Glyma.01G236800.Wm82.a4.v1,0.86731353807218
Glyma.03G225200.Wm82.a4.v1,0.86731353807218
Glyma.15G143100.Wm82.a4.v1,0.867280852077195
Glyma.13G285500.Wm82.a4.v1,0.8672388272264999
Glyma.15G192000.Wm82.a4.v1,0.8671968023758049
Glyma.06G176100.Wm82.a4.v1,0.8671968023758049
Glyma.01G077400.Wm82.a4.v1,0.8671267609579798
Glyma.01G010000.Wm82.a4.v1,0.8671034138187048
Glyma.02G141500.Wm82.a4.v1,0.8670520501122997
Glyma.05G025900.Wm82.a4.v1,0.8670240335451697
Glyma.02G174100.Wm82.a4.v1,0.8670240335451697
Glyma.15G067000.Wm82.a4.v1,0.8670193641173147
Glyma.05G085200.Wm82.a4.v1,0.8670100252616046
Glyma.16G006400.Wm82.a4.v1,0.8669539921273446
Glyma.02G185300.Wm82.a4.v1,0.8669539921273446
Glyma.01G231400.Wm82.a4.v1,0.8669353144159246
Glyma.01G019100.Wm82.a4.v1,0.8669306449880696
Glyma.13G104400.Wm82.a4.v1,0.8669213061323596
Glyma.17G190400.Wm82.a4.v1,0.8669072978487946
Glyma.14G023600.Wm82.a4.v1,0.8668746118538095
Glyma.05G027300.Wm82.a4.v1,0.8667999010081294
Glyma.16G204100.Wm82.a4.v1,0.8667952315802745
Glyma.11G019500.Wm82.a4.v1,0.8667578761574344
Glyma.12G159000.Wm82.a4.v1,0.8667251901624494
Glyma.18G067600.Wm82.a4.v1,0.8667111818788844
Glyma.14G126200.Wm82.a4.v1,0.8667018430231743
Glyma.11G254000.Wm82.a4.v1,0.8667018430231743
Glyma.08G053000.Wm82.a4.v1,0.8665944461825092
Glyma.13G258500.Wm82.a4.v1,0.8665757684710892
Glyma.15G056100.Wm82.a4.v1,0.8665570907596692
Glyma.04G146000.Wm82.a4.v1,0.8665430824761042
Glyma.17G052600.Wm82.a4.v1,0.8665337436203941
Glyma.01G234000.Wm82.a4.v1,0.8665337436203941
Glyma.08G093900.Wm82.a4.v1,0.8665057270532641
Glyma.05G131500.Wm82.a4.v1,0.8664917187696991
Glyma.10G063500.Wm82.a4.v1,0.866379652501179
Glyma.06G085600.Wm82.a4.v1,0.866328288794774
Glyma.03G081900.Wm82.a4.v1,0.8663236193669189
Glyma.16G101500.Wm82.a4.v1,0.8663096110833539
Glyma.03G225300.Wm82.a4.v1,0.8662722556605139
Glyma.16G040400.Wm82.a4.v1,0.8662675862326589
Glyma.15G176000.Wm82.a4.v1,0.8662675862326589
Glyma.07G020400.Wm82.a4.v1,0.8661741976755588
Glyma.15G276700.Wm82.a4.v1,0.8661368422527188
Glyma.16G009800.Wm82.a4.v1,0.8661134951134437
Glyma.17G044000.Wm82.a4.v1,0.8661134951134437
Glyma.13G207100.Wm82.a4.v1,0.8660621314070387
Glyma.20G218400.Wm82.a4.v1,0.8659594039942285
Glyma.03G204300.Wm82.a4.v1,0.8659407262828086
Glyma.15G001400.Wm82.a4.v1,0.8659220485713885
Glyma.10G215800.Wm82.a4.v1,0.8659080402878235
Glyma.03G169900.Wm82.a4.v1,0.8658940320042585
Glyma.05G068000.Wm82.a4.v1,0.8658706848649835
Glyma.17G129600.Wm82.a4.v1,0.8658660154371285
Glyma.14G102000.Wm82.a4.v1,0.8658379988699985
Glyma.12G008400.Wm82.a4.v1,0.8658193211585784
Glyma.11G049600.Wm82.a4.v1,0.8657819657357384
Glyma.19G223400.Wm82.a4.v1,0.8657632880243183
Glyma.17G203800.Wm82.a4.v1,0.8657492797407533
Glyma.15G093200.Wm82.a4.v1,0.8657399408850434
Glyma.17G019800.Wm82.a4.v1,0.8657352714571883
Glyma.18G059200.Wm82.a4.v1,0.8656745688950733
Glyma.15G060100.Wm82.a4.v1,0.8656232051886682
Glyma.04G099400.Wm82.a4.v1,0.8656091969051032
Glyma.17G126400.Wm82.a4.v1,0.8655905191936832
Glyma.16G029500.Wm82.a4.v1,0.8655718414822632
Glyma.02G192600.Wm82.a4.v1,0.8655718414822632
Glyma.13G190400.Wm82.a4.v1,0.8654971306365831
Glyma.08G022600.Wm82.a4.v1,0.8654924612087281
Glyma.04G100700.Wm82.a4.v1,0.865441097502323
Glyma.01G190900.Wm82.a4.v1,0.8654364280744681
Glyma.01G158500.Wm82.a4.v1,0.8654224197909031
Glyma.07G222400.Wm82.a4.v1,0.8653570478009329
Glyma.01G005000.Wm82.a4.v1,0.8653056840945279
Glyma.12G169700.Wm82.a4.v1,0.8653010146666729
Glyma.02G253600.Wm82.a4.v1,0.8652776675273979
Glyma.06G124500.Wm82.a4.v1,0.8652729980995428
Glyma.16G043700.Wm82.a4.v1,0.8652356426767028
Glyma.20G119100.Wm82.a4.v1,0.8652309732488478
Glyma.02G121300.Wm82.a4.v1,0.8651982872538628
Glyma.20G199900.Wm82.a4.v1,0.8651539276892403
Glyma.19G221300.Wm82.a4.v1,0.8651515929753127
Glyma.07G212300.Wm82.a4.v1,0.8651422541196028
Glyma.13G272000.Wm82.a4.v1,0.8651142375524727
Glyma.07G048100.Wm82.a4.v1,0.8650862209853427
Glyma.14G197600.Wm82.a4.v1,0.8650768821296326
Glyma.19G029400.Wm82.a4.v1,0.8650675432739227
Glyma.10G265600.Wm82.a4.v1,0.8650675432739227
Glyma.13G356200.Wm82.a4.v1,0.8650488655625026
Glyma.19G165700.Wm82.a4.v1,0.8650441961346477
Glyma.01G192100.Wm82.a4.v1,0.8650161795675176
Glyma.06G117500.Wm82.a4.v1,0.8649928324282425
Glyma.14G220400.Wm82.a4.v1,0.8649694852889676
Glyma.08G077100.Wm82.a4.v1,0.8649461381496926
Glyma.16G047100.Wm82.a4.v1,0.8649321298661276
Glyma.15G136800.Wm82.a4.v1,0.8649274604382725
Glyma.14G061500.Wm82.a4.v1,0.8649134521547075
Glyma.06G171400.Wm82.a4.v1,0.8648854355875775
Glyma.07G252600.Wm82.a4.v1,0.8648714273040125
Glyma.04G185200.Wm82.a4.v1,0.8648340718811725
Glyma.13G278200.Wm82.a4.v1,0.8648247330254624
Glyma.17G022300.Wm82.a4.v1,0.8648153941697524
Glyma.12G183800.Wm82.a4.v1,0.8647920470304774
Glyma.16G049200.Wm82.a4.v1,0.8647780387469124
Glyma.06G132100.Wm82.a4.v1,0.8647640304633474
Glyma.05G120300.Wm82.a4.v1,0.8647360138962173
Glyma.08G230900.Wm82.a4.v1,0.8646939890455223
Glyma.18G283400.Wm82.a4.v1,0.8646893196176673
Glyma.05G014300.Wm82.a4.v1,0.8646799807619573
Glyma.11G015433.Wm82.a4.v1,0.8646753113341022
Glyma.06G052900.Wm82.a4.v1,0.8646426253391172
Glyma.08G075600.Wm82.a4.v1,0.8645492367820171
Glyma.09G066400.Wm82.a4.v1,0.8645492367820171
Glyma.13G186300.Wm82.a4.v1,0.864516550787032
Glyma.17G145100.Wm82.a4.v1,0.864479195364192
Glyma.13G365400.Wm82.a4.v1,0.864446509369207
Glyma.04G196100.Wm82.a4.v1,0.864409153946367
Glyma.10G217200.Wm82.a4.v1,0.8643531208121069
Glyma.09G041400.Wm82.a4.v1,0.8643344431006869
Glyma.05G027400.Wm82.a4.v1,0.8643251042449769
Glyma.17G050000.Wm82.a4.v1,0.8643064265335568
Glyma.01G010800.Wm82.a4.v1,0.8642177074043117
Glyma.03G054100.Wm82.a4.v1,0.8642153726903843
Glyma.11G163201.Wm82.a4.v1,0.8642083685486017
Glyma.20G035300.Wm82.a4.v1,0.8642036991207467
Glyma.09G023600.Wm82.a4.v1,0.8641289882750667
Glyma.10G213200.Wm82.a4.v1,0.8640869634243716
Glyma.03G175600.Wm82.a4.v1,0.8640776245686616
Glyma.01G229700.Wm82.a4.v1,0.8640589468572416
Glyma.01G061500.Wm82.a4.v1,0.8640496080015315
Glyma.13G235300.Wm82.a4.v1,0.8639889054394165
Glyma.01G169000.Wm82.a4.v1,0.8639748971558515
Glyma.10G076700.Wm82.a4.v1,0.8639095251658814
Glyma.13G335100.Wm82.a4.v1,0.8638908474544614
Glyma.01G099700.Wm82.a4.v1,0.8638721697430414
Glyma.19G261700.Wm82.a4.v1,0.8638301448923463
Glyma.16G080900.Wm82.a4.v1,0.8638301448923463
Glyma.20G244900.Wm82.a4.v1,0.8637367563352463
Glyma.13G123400.Wm82.a4.v1,0.8637180786238262
Glyma.03G167900.Wm82.a4.v1,0.8636667149174212
Glyma.04G185800.Wm82.a4.v1,0.8636433677781461
Glyma.06G260700.Wm82.a4.v1,0.8636386983502912
Glyma.05G056400.Wm82.a4.v1,0.8636293594945811
Glyma.15G011300.Wm82.a4.v1,0.8636246900667262
Glyma.06G018200.Wm82.a4.v1,0.863507954370351
Glyma.18G282300.Wm82.a4.v1,0.863465929519656
Glyma.09G226900.Wm82.a4.v1,0.8634098963853959
Glyma.11G080100.Wm82.a4.v1,0.8633958881018309
Glyma.19G036800.Wm82.a4.v1,0.8633585326789909
Glyma.20G242400.Wm82.a4.v1,0.8633538632511358
Glyma.15G073000.Wm82.a4.v1,0.8633398549675708
Glyma.13G175200.Wm82.a4.v1,0.8633024995447308
Glyma.14G093200.Wm82.a4.v1,0.8632698135497457
Glyma.16G206500.Wm82.a4.v1,0.8632698135497457
Glyma.01G219800.Wm82.a4.v1,0.8632324581269057
Glyma.11G139800.Wm82.a4.v1,0.8631834291344281
Glyma.09G093900.Wm82.a4.v1,0.8631764249926457
Glyma.08G256300.Wm82.a4.v1,0.8631624167090807
Glyma.05G085000.Wm82.a4.v1,0.8631250612862406
Glyma.04G180000.Wm82.a4.v1,0.8631110530026755
Glyma.05G075600.Wm82.a4.v1,0.8631017141469656
Glyma.20G100000.Wm82.a4.v1,0.8630596892962705
Glyma.06G143500.Wm82.a4.v1,0.8630270033012855
Glyma.08G340000.Wm82.a4.v1,0.8630176644455755
Glyma.07G209100.Wm82.a4.v1,0.8630129950177204
Glyma.14G163200.Wm82.a4.v1,0.8630083255898655
Glyma.03G060100.Wm82.a4.v1,0.8629616313113154
Glyma.13G088100.Wm82.a4.v1,0.8629476230277504
Glyma.15G069100.Wm82.a4.v1,0.8629476230277504
Glyma.07G147000.Wm82.a4.v1,0.8629009287492003
Glyma.06G177700.Wm82.a4.v1,0.8628775816099253
Glyma.06G169700.Wm82.a4.v1,0.8627561764856952
Glyma.10G237300.Wm82.a4.v1,0.8627515070578402
Glyma.04G015800.Wm82.a4.v1,0.8627468376299852
Glyma.17G091200.Wm82.a4.v1,0.8627141516350002
Glyma.11G112300.Wm82.a4.v1,0.8626674573564501
Glyma.13G368300.Wm82.a4.v1,0.8625880770829151
Glyma.10G133800.Wm82.a4.v1,0.86258340765506
Glyma.20G230700.Wm82.a4.v1,0.862541382804365
Glyma.03G019700.Wm82.a4.v1,0.86249001909796
Glyma.09G234600.Wm82.a4.v1,0.8624713413865399
Glyma.09G234400.Wm82.a4.v1,0.8624573331029749
Glyma.14G017700.Wm82.a4.v1,0.8624199776801349
Glyma.15G005000.Wm82.a4.v1,0.8624059693965699
Glyma.05G184200.Wm82.a4.v1,0.8623826222572948
Glyma.18G207700.Wm82.a4.v1,0.8623779528294399
Glyma.15G237900.Wm82.a4.v1,0.8623452668344548
Glyma.19G182000.Wm82.a4.v1,0.8623265891230347
Glyma.10G132400.Wm82.a4.v1,0.8622845642723397
Glyma.09G157600.Wm82.a4.v1,0.8622425394216446
Glyma.15G177800.Wm82.a4.v1,0.8622332005659347
Glyma.13G109700.Wm82.a4.v1,0.8622191922823697
Glyma.10G028400.Wm82.a4.v1,0.8622051839988046
Glyma.20G074200.Wm82.a4.v1,0.8622005145709496
Glyma.18G057000.Wm82.a4.v1,0.8621771674316746
Glyma.02G222900.Wm82.a4.v1,0.8621538202923996
Glyma.16G084200.Wm82.a4.v1,0.8621351425809796
Glyma.14G098100.Wm82.a4.v1,0.8621117954417046
Glyma.13G273000.Wm82.a4.v1,0.8620884483024295
Glyma.10G029600.Wm82.a4.v1,0.8620651011631545
Glyma.15G255800.Wm82.a4.v1,0.8620464234517344
Glyma.08G149400.Wm82.a4.v1,0.8620137374567495
Glyma.12G216100.Wm82.a4.v1,0.8619950597453294
Glyma.13G076200.Wm82.a4.v1,0.8619903903174744
Glyma.06G096400.Wm82.a4.v1,0.8619810514617644
Glyma.02G102300.Wm82.a4.v1,0.8619717126060544
Glyma.16G050800.Wm82.a4.v1,0.8619530348946344
Glyma.06G186300.Wm82.a4.v1,0.8619436960389244
Glyma.17G024800.Wm82.a4.v1,0.8619343571832143
Glyma.01G210800.Wm82.a4.v1,0.8619296877553594
Glyma.08G309400.Wm82.a4.v1,0.8619203488996493
Glyma.16G109200.Wm82.a4.v1,0.8619156794717944
Glyma.20G168400.Wm82.a4.v1,0.8619156794717944
Glyma.19G210600.Wm82.a4.v1,0.8618643157653892
Glyma.10G049100.Wm82.a4.v1,0.8618549769096793
Glyma.12G086800.Wm82.a4.v1,0.8618503074818242
Glyma.03G177300.Wm82.a4.v1,0.8617942743475642
Glyma.11G146300.Wm82.a4.v1,0.8617802660639992
Glyma.07G156500.Wm82.a4.v1,0.8617662577804341
Glyma.20G053500.Wm82.a4.v1,0.8617452453550867
Glyma.09G129300.Wm82.a4.v1,0.8617008857904641
Glyma.03G244500.Wm82.a4.v1,0.8616915469347541
Glyma.06G105900.Wm82.a4.v1,0.8616868775068991
Glyma.08G366200.Wm82.a4.v1,0.861682208079044
Glyma.01G034200.Wm82.a4.v1,0.8616588609397691
Glyma.12G004200.Wm82.a4.v1,0.861630844372639
Glyma.02G149700.Wm82.a4.v1,0.8615421252433939
Glyma.12G063000.Wm82.a4.v1,0.861537455815539
Glyma.03G169200.Wm82.a4.v1,0.861537455815539
Glyma.06G324000.Wm82.a4.v1,0.8615187781041189
Glyma.15G035600.Wm82.a4.v1,0.8615001003926989
Glyma.04G008567.Wm82.a4.v1,0.8614627449698589
Glyma.02G201500.Wm82.a4.v1,0.8614534061141488
Glyma.12G036400.Wm82.a4.v1,0.8613880341241787
Glyma.13G219700.Wm82.a4.v1,0.8613366704177737
Glyma.16G063900.Wm82.a4.v1,0.8613320009899187
Glyma.02G235800.Wm82.a4.v1,0.8613133232784986
Glyma.10G188600.Wm82.a4.v1,0.8612572901442386
Glyma.12G010900.Wm82.a4.v1,0.8612105958656886
Glyma.02G006000.Wm82.a4.v1,0.8612012570099785
Glyma.04G023500.Wm82.a4.v1,0.8611965875821236
Glyma.16G152200.Wm82.a4.v1,0.8611265461642985
Glyma.09G007400.Wm82.a4.v1,0.8610845213136035
Glyma.07G121000.Wm82.a4.v1,0.8610471658907634
Glyma.01G044600.Wm82.a4.v1,0.8610144798957784
Glyma.17G201300.Wm82.a4.v1,0.8610098104679234
Glyma.08G329200.Wm82.a4.v1,0.8610051410400683
Glyma.05G022500.Wm82.a4.v1,0.8609864633286484
Glyma.02G128900.Wm82.a4.v1,0.8609397690500983
Glyma.18G197100.Wm82.a4.v1,0.8608930747715482
Glyma.17G189300.Wm82.a4.v1,0.8608650582044182
Glyma.06G137800.Wm82.a4.v1,0.8608557193487082
Glyma.10G261000.Wm82.a4.v1,0.8608510499208532
Glyma.14G090700.Wm82.a4.v1,0.8608043556423032
Glyma.06G167000.Wm82.a4.v1,0.8607996862144481
Glyma.17G067700.Wm82.a4.v1,0.8607856779308831
Glyma.15G194000.Wm82.a4.v1,0.8607483225080431
Glyma.02G110300.Wm82.a4.v1,0.8607296447966231
Glyma.14G010400.Wm82.a4.v1,0.860668942234508
Glyma.13G000600.Wm82.a4.v1,0.860659603378798
Glyma.02G013500.Wm82.a4.v1,0.860650264523088
Glyma.05G129900.Wm82.a4.v1,0.860631586811668
Glyma.17G254500.Wm82.a4.v1,0.860622247955958
Glyma.14G062200.Wm82.a4.v1,0.8606035702445379
Glyma.05G248900.Wm82.a4.v1,0.8606035702445379
Glyma.11G145700.Wm82.a4.v1,0.8605802231052629
Glyma.05G133900.Wm82.a4.v1,0.8605568759659878
Glyma.04G243900.Wm82.a4.v1,0.8605101816874379
Glyma.12G026600.Wm82.a4.v1,0.8605008428317278
Glyma.15G039400.Wm82.a4.v1,0.8604821651203078
Glyma.04G234800.Wm82.a4.v1,0.8604774956924528
Glyma.11G150034.Wm82.a4.v1,0.8604588179810327
Glyma.06G114400.Wm82.a4.v1,0.8604541485531778
Glyma.17G255300.Wm82.a4.v1,0.8604354708417578
Glyma.13G312600.Wm82.a4.v1,0.8604121237024828
Glyma.20G079600.Wm82.a4.v1,0.8603514211403677
Glyma.05G020900.Wm82.a4.v1,0.8603514211403677
Glyma.18G279800.Wm82.a4.v1,0.8602860491503976
Glyma.16G141200.Wm82.a4.v1,0.8602767102946876
Glyma.05G052900.Wm82.a4.v1,0.8602767102946876
Glyma.08G328000.Wm82.a4.v1,0.8602627020111225
Glyma.05G219400.Wm82.a4.v1,0.8602393548718476
Glyma.13G163700.Wm82.a4.v1,0.8601926605932975
Glyma.18G234700.Wm82.a4.v1,0.8601553051704575
Glyma.19G194900.Wm82.a4.v1,0.8601412968868924
Glyma.19G191200.Wm82.a4.v1,0.8601319580311825
Glyma.18G013700.Wm82.a4.v1,0.8600479083297924
Glyma.16G059000.Wm82.a4.v1,0.8600315653322999
Glyma.09G236700.Wm82.a4.v1,0.8600245611905173
Glyma.08G069700.Wm82.a4.v1,0.8600245611905173
Glyma.11G190400.Wm82.a4.v1,0.8600012140512423
Glyma.15G030100.Wm82.a4.v1,0.8599825363398222
Glyma.08G297500.Wm82.a4.v1,0.8599685280562572
Glyma.14G164400.Wm82.a4.v1,0.8599545197726922
Glyma.18G278400.Wm82.a4.v1,0.8599311726334172
Glyma.07G021000.Wm82.a4.v1,0.8599218337777073
Glyma.20G179800.Wm82.a4.v1,0.8598844783548671
Glyma.20G198100.Wm82.a4.v1,0.8598844783548671
Glyma.14G023100.Wm82.a4.v1,0.8598798089270122
Glyma.19G028100.Wm82.a4.v1,0.8598704700713021
Glyma.09G042500.Wm82.a4.v1,0.8598564617877371
Glyma.08G237400.Wm82.a4.v1,0.8597817509420571
Glyma.10G181500.Wm82.a4.v1,0.8597537343749271
Glyma.11G246200.Wm82.a4.v1,0.859749064947072
Glyma.11G079500.Wm82.a4.v1,0.8596183209671319
Glyma.15G018200.Wm82.a4.v1,0.8595996432557119
Glyma.02G068000.Wm82.a4.v1,0.8595949738278569
Glyma.20G143800.Wm82.a4.v1,0.8595762961164368
Glyma.14G028800.Wm82.a4.v1,0.8595716266885819
Glyma.19G168100.Wm82.a4.v1,0.8595436101214519
Glyma.06G296102.Wm82.a4.v1,0.8594735687036268
Glyma.18G120300.Wm82.a4.v1,0.8594408827086417
Glyma.11G114001.Wm82.a4.v1,0.8594128661415117
Glyma.10G128400.Wm82.a4.v1,0.8594035272858017
Glyma.09G275100.Wm82.a4.v1,0.8593988578579467
Glyma.13G069200.Wm82.a4.v1,0.8593941884300916
Glyma.06G081800.Wm82.a4.v1,0.8593801801465266
Glyma.01G208600.Wm82.a4.v1,0.8593568330072516
Glyma.17G236900.Wm82.a4.v1,0.8593521635793966
Glyma.20G017000.Wm82.a4.v1,0.8593241470122666
Glyma.16G014000.Wm82.a4.v1,0.8593101387287015
Glyma.19G156300.Wm82.a4.v1,0.8593054693008466
Glyma.20G022900.Wm82.a4.v1,0.8593054693008466
Glyma.16G024800.Wm82.a4.v1,0.8592400973108765
Glyma.02G097300.Wm82.a4.v1,0.8592260890273115
Glyma.02G227300.Wm82.a4.v1,0.8592167501716015
Glyma.02G099300.Wm82.a4.v1,0.8592167501716015
Glyma.10G047600.Wm82.a4.v1,0.8592074113158915
Glyma.02G144500.Wm82.a4.v1,0.8592027418880365
Glyma.05G132500.Wm82.a4.v1,0.8591934030323265
Glyma.08G129800.Wm82.a4.v1,0.8591607170373414
Glyma.04G112300.Wm82.a4.v1,0.8591560476094864
Glyma.10G176900.Wm82.a4.v1,0.8591373698980664
Glyma.20G058100.Wm82.a4.v1,0.8591046839030814
Glyma.12G231800.Wm82.a4.v1,0.8590323077713288
Glyma.08G002100.Wm82.a4.v1,0.8590066259181263
Glyma.18G217700.Wm82.a4.v1,0.8589926176345613
Glyma.19G033700.Wm82.a4.v1,0.8589599316395762
Glyma.U031320.Wm82.a4.v1,0.8589552622117212
Glyma.06G254100.Wm82.a4.v1,0.8589505927838662
Glyma.05G059500.Wm82.a4.v1,0.8589319150724462
Glyma.12G028700.Wm82.a4.v1,0.8588898902217511
Glyma.08G152500.Wm82.a4.v1,0.8588852207938962
Glyma.01G219400.Wm82.a4.v1,0.8587988363785786
Glyma.20G178500.Wm82.a4.v1,0.858754476813956
Glyma.04G106500.Wm82.a4.v1,0.858749807386101
Glyma.05G178100.Wm82.a4.v1,0.858740468530391
Glyma.14G092900.Wm82.a4.v1,0.8587077825354059
Glyma.07G242500.Wm82.a4.v1,0.8586984436796959
Glyma.03G073762.Wm82.a4.v1,0.858689104823986
Glyma.20G125000.Wm82.a4.v1,0.858675096540421
Glyma.06G307700.Wm82.a4.v1,0.8586377411175808
Glyma.01G074800.Wm82.a4.v1,0.8585910468390308
Glyma.10G226700.Wm82.a4.v1,0.8585350137047707
Glyma.17G170300.Wm82.a4.v1,0.8585069971376407
Glyma.15G215100.Wm82.a4.v1,0.8584743111426557
Glyma.15G043500.Wm82.a4.v1,0.8584556334312357
Glyma.17G093900.Wm82.a4.v1,0.8584462945755257
Glyma.13G367400.Wm82.a4.v1,0.8584416251476706
Glyma.10G270000.Wm82.a4.v1,0.8584276168641056
Glyma.15G261300.Wm82.a4.v1,0.8584182780083957
Glyma.13G242000.Wm82.a4.v1,0.8583902614412656
Glyma.05G182200.Wm82.a4.v1,0.8583855920134106
Glyma.03G108100.Wm82.a4.v1,0.8583809225855555
Glyma.01G008900.Wm82.a4.v1,0.8583785878716281
Glyma.10G232800.Wm82.a4.v1,0.8583529060184255
Glyma.02G016000.Wm82.a4.v1,0.8583155505955855
Glyma.20G023500.Wm82.a4.v1,0.8583108811677305
Glyma.19G180900.Wm82.a4.v1,0.8582781951727455
Glyma.17G087600.Wm82.a4.v1,0.8581614594763703
Glyma.04G207700.Wm82.a4.v1,0.8581427817649503
Glyma.10G178900.Wm82.a4.v1,0.8581381123370954
Glyma.10G155000.Wm82.a4.v1,0.8581287734813853
Glyma.06G184800.Wm82.a4.v1,0.8580050336432277
Glyma.17G219600.Wm82.a4.v1,0.8579980295014452
Glyma.20G017700.Wm82.a4.v1,0.8578579466657951
Glyma.02G101800.Wm82.a4.v1,0.857773896964405
Glyma.12G171700.Wm82.a4.v1,0.8577692275365499
Glyma.07G019900.Wm82.a4.v1,0.8577412109694199
Glyma.19G234400.Wm82.a4.v1,0.8577365415415649
Glyma.01G043000.Wm82.a4.v1,0.8577178638301449
Glyma.13G107000.Wm82.a4.v1,0.8577038555465799
Glyma.15G076800.Wm82.a4.v1,0.8576991861187249
Glyma.09G253700.Wm82.a4.v1,0.8576618306958849
Glyma.12G223000.Wm82.a4.v1,0.8576524918401748
Glyma.05G132800.Wm82.a4.v1,0.8576244752730448
Glyma.13G197200.Wm82.a4.v1,0.8575871198502047
Glyma.08G229600.Wm82.a4.v1,0.8575824504223497
Glyma.18G246700.Wm82.a4.v1,0.8575777809944948
Glyma.11G111500.Wm82.a4.v1,0.8575497644273647
Glyma.10G060600.Wm82.a4.v1,0.8575170784323797
Glyma.05G038100.Wm82.a4.v1,0.8575077395766697
Glyma.01G151600.Wm82.a4.v1,0.8574797230095397
Glyma.13G067700.Wm82.a4.v1,0.8574703841538296
Glyma.16G082200.Wm82.a4.v1,0.8574493717284821
Glyma.17G145300.Wm82.a4.v1,0.8574283593031345
Glyma.07G092300.Wm82.a4.v1,0.8574143510195695
Glyma.13G007800.Wm82.a4.v1,0.8573816650245846
Glyma.13G082200.Wm82.a4.v1,0.8573303013181794
Glyma.11G241000.Wm82.a4.v1,0.8572882764674844
Glyma.09G195700.Wm82.a4.v1,0.8572462516167894
Glyma.20G190500.Wm82.a4.v1,0.8572415821889344
Glyma.18G001900.Wm82.a4.v1,0.8572229044775144
Glyma.13G174600.Wm82.a4.v1,0.8572229044775144
Glyma.10G282400.Wm82.a4.v1,0.8571902184825293
Glyma.06G081000.Wm82.a4.v1,0.8571481936318343
Glyma.14G026700.Wm82.a4.v1,0.8570921604975742
Glyma.03G141600.Wm82.a4.v1,0.8570874910697193
Glyma.02G108900.Wm82.a4.v1,0.8570781522140092
Glyma.09G167100.Wm82.a4.v1,0.8570781522140092
Glyma.05G209100.Wm82.a4.v1,0.8570734827861543
Glyma.18G295800.Wm82.a4.v1,0.8570641439304442
Glyma.13G034600.Wm82.a4.v1,0.8569800942290541
Glyma.10G197600.Wm82.a4.v1,0.8569707553733441
Glyma.01G089500.Wm82.a4.v1,0.856924061094794
Glyma.20G054500.Wm82.a4.v1,0.856863358532679
Glyma.08G288500.Wm82.a4.v1,0.8567746394034339
Glyma.14G158800.Wm82.a4.v1,0.8567699699755789
Glyma.13G201700.Wm82.a4.v1,0.8567466228363039
Glyma.18G028100.Wm82.a4.v1,0.8567232756970289
Glyma.13G283500.Wm82.a4.v1,0.8567045979856088
Glyma.03G228100.Wm82.a4.v1,0.8567045979856088
Glyma.07G237800.Wm82.a4.v1,0.8566065400006537
Glyma.08G029400.Wm82.a4.v1,0.8565972011449438
Glyma.02G060500.Wm82.a4.v1,0.8565598457221036
Glyma.20G161000.Wm82.a4.v1,0.8565551762942487
Glyma.01G188200.Wm82.a4.v1,0.8565038125878436
Glyma.09G057400.Wm82.a4.v1,0.8565038125878436
Glyma.12G089100.Wm82.a4.v1,0.8564991431599887
Glyma.08G154100.Wm82.a4.v1,0.8564898043042786
Glyma.02G226200.Wm82.a4.v1,0.8564804654485686
Glyma.16G145300.Wm82.a4.v1,0.8564804654485686
Glyma.13G266600.Wm82.a4.v1,0.8564571183092936
Glyma.06G175900.Wm82.a4.v1,0.8564150934585986
Glyma.06G242700.Wm82.a4.v1,0.8563170354736435
Glyma.11G023700.Wm82.a4.v1,0.8562936883343684
Glyma.19G202200.Wm82.a4.v1,0.8562610023393834
Glyma.08G042900.Wm82.a4.v1,0.8562329857722534
Glyma.16G015400.Wm82.a4.v1,0.8562236469165433
Glyma.07G057600.Wm82.a4.v1,0.8562096386329783
Glyma.17G078200.Wm82.a4.v1,0.8562049692051233
Glyma.01G109700.Wm82.a4.v1,0.8561816220658482
Glyma.05G191200.Wm82.a4.v1,0.8561629443544283
Glyma.09G153300.Wm82.a4.v1,0.8560835640808931
Glyma.02G184600.Wm82.a4.v1,0.8560368698023432
Glyma.02G310900.Wm82.a4.v1,0.8560322003744881
Glyma.07G128800.Wm82.a4.v1,0.8560228615187782
Glyma.15G229400.Wm82.a4.v1,0.855985506095938
Glyma.13G221100.Wm82.a4.v1,0.8559668283845181
Glyma.14G109000.Wm82.a4.v1,0.855910795250258
Glyma.13G304400.Wm82.a4.v1,0.855892117538838
Glyma.16G161000.Wm82.a4.v1,0.855854762115998
Glyma.04G052600.Wm82.a4.v1,0.8558500926881429
Glyma.20G155400.Wm82.a4.v1,0.8558174066931579
Glyma.11G107300.Wm82.a4.v1,0.8558127372653029
Glyma.01G141900.Wm82.a4.v1,0.8557940595538829
Glyma.11G243500.Wm82.a4.v1,0.8557800512703179
Glyma.13G296900.Wm82.a4.v1,0.8557753818424628
Glyma.02G145600.Wm82.a4.v1,0.8557380264196228
Glyma.05G211800.Wm82.a4.v1,0.8557380264196228
Glyma.07G267500.Wm82.a4.v1,0.8557333569917678
Glyma.09G010600.Wm82.a4.v1,0.8557146792803478
Glyma.11G120300.Wm82.a4.v1,0.8557006709967828
Glyma.17G226600.Wm82.a4.v1,0.8556960015689278
Glyma.04G201200.Wm82.a4.v1,0.8556866627132178
Glyma.10G018000.Wm82.a4.v1,0.8556539767182327
Glyma.13G294200.Wm82.a4.v1,0.8556399684346677
Glyma.15G052200.Wm82.a4.v1,0.8556399684346677
Glyma.16G074300.Wm82.a4.v1,0.8556352990068127
Glyma.20G149200.Wm82.a4.v1,0.8555979435839727
Glyma.02G247300.Wm82.a4.v1,0.8555886047282626
Glyma.04G061900.Wm82.a4.v1,0.8555419104497126
Glyma.08G179000.Wm82.a4.v1,0.8555419104497126
Glyma.08G226000.Wm82.a4.v1,0.8554625301761775
Glyma.08G330400.Wm82.a4.v1,0.8554251747533375
Glyma.12G181800.Wm82.a4.v1,0.8554064970419174
Glyma.12G115400.Wm82.a4.v1,0.8553738110469324
Glyma.13G212900.Wm82.a4.v1,0.8552617447784123
Glyma.15G122300.Wm82.a4.v1,0.8552290587834273
Glyma.20G205200.Wm82.a4.v1,0.8552290587834273
Glyma.20G043800.Wm82.a4.v1,0.8552103810720072
Glyma.02G211600.Wm82.a4.v1,0.8552010422162972
Glyma.17G220200.Wm82.a4.v1,0.8552010422162972
Glyma.12G177300.Wm82.a4.v1,0.8551823645048772
Glyma.05G109300.Wm82.a4.v1,0.8551310007984722
Glyma.01G164900.Wm82.a4.v1,0.8550983148034871
Glyma.19G222400.Wm82.a4.v1,0.8550843065199221
Glyma.17G057100.Wm82.a4.v1,0.8550469510970821
Glyma.08G186400.Wm82.a4.v1,0.855042281669227
Glyma.07G131700.Wm82.a4.v1,0.854953562539982
Glyma.18G192400.Wm82.a4.v1,0.854939554256417
Glyma.16G006900.Wm82.a4.v1,0.854925545972852
Glyma.16G117200.Wm82.a4.v1,0.8548741822664468
Glyma.11G252500.Wm82.a4.v1,0.8548228185600418
Glyma.14G023900.Wm82.a4.v1,0.8547994714207668
Glyma.20G019300.Wm82.a4.v1,0.8547901325650568
Glyma.08G297000.Wm82.a4.v1,0.8547714548536368
Glyma.02G280500.Wm82.a4.v1,0.8547527771422168
Glyma.11G154423.Wm82.a4.v1,0.8547200911472317
Glyma.10G264200.Wm82.a4.v1,0.8545940165951466
Glyma.18G074300.Wm82.a4.v1,0.8545193057494666
Glyma.17G038500.Wm82.a4.v1,0.8545146363216115
Glyma.06G224700.Wm82.a4.v1,0.8545052974659015
Glyma.08G048200.Wm82.a4.v1,0.8545006280380465
Glyma.04G236500.Wm82.a4.v1,0.8544959586101915
Glyma.13G163900.Wm82.a4.v1,0.8544866197544815
Glyma.05G194500.Wm82.a4.v1,0.8544632726152065
Glyma.05G208000.Wm82.a4.v1,0.8544399254759314
Glyma.19G067800.Wm82.a4.v1,0.8544305866202214
Glyma.06G293700.Wm82.a4.v1,0.8544072394809464
Glyma.13G352500.Wm82.a4.v1,0.8543512063466864
Glyma.08G143900.Wm82.a4.v1,0.8543418674909763
Glyma.02G303500.Wm82.a4.v1,0.8543325286352663
Glyma.13G171700.Wm82.a4.v1,0.8543091814959913
Glyma.05G224400.Wm82.a4.v1,0.8543045120681363
Glyma.17G035400.Wm82.a4.v1,0.8543045120681363
Glyma.12G098200.Wm82.a4.v1,0.8542858343567162
Glyma.04G155800.Wm82.a4.v1,0.8542718260731512
Glyma.10G019300.Wm82.a4.v1,0.8542624872174412
Glyma.18G072800.Wm82.a4.v1,0.8542344706503112
Glyma.08G056500.Wm82.a4.v1,0.8542017846553261
Glyma.20G181500.Wm82.a4.v1,0.8541971152274712
Glyma.20G215200.Wm82.a4.v1,0.8541083960982261
Glyma.13G202300.Wm82.a4.v1,0.8541060613842986
Glyma.05G157300.Wm82.a4.v1,0.8540943878146611
Glyma.14G024400.Wm82.a4.v1,0.854089718386806
Glyma.05G220000.Wm82.a4.v1,0.854075710103241
Glyma.09G196100.Wm82.a4.v1,0.854075710103241
Glyma.17G101000.Wm82.a4.v1,0.854047693536111
Glyma.09G215800.Wm82.a4.v1,0.854029015824691
Glyma.06G289700.Wm82.a4.v1,0.854024346396836
Glyma.14G154500.Wm82.a4.v1,0.854010338113271
Glyma.18G227500.Wm82.a4.v1,0.8539496355511559
Glyma.10G150800.Wm82.a4.v1,0.8539356272675909
Glyma.09G229900.Wm82.a4.v1,0.8538936024168958
Glyma.01G205600.Wm82.a4.v1,0.8538655858497658
Glyma.04G257000.Wm82.a4.v1,0.8538142221433608
Glyma.07G152700.Wm82.a4.v1,0.8537955444319407
Glyma.16G219900.Wm82.a4.v1,0.8537184988723332
Glyma.02G208000.Wm82.a4.v1,0.8537161641584057
Glyma.20G129200.Wm82.a4.v1,0.8537114947305506
Glyma.10G278600.Wm82.a4.v1,0.8536834781634206
Glyma.U031117.Wm82.a4.v1,0.8536461227405806
Glyma.03G220500.Wm82.a4.v1,0.8536321144570156
Glyma.10G286300.Wm82.a4.v1,0.8536040978898856
Glyma.02G278800.Wm82.a4.v1,0.853583085464538
Glyma.18G222400.Wm82.a4.v1,0.8535574036113355
Glyma.10G049900.Wm82.a4.v1,0.8535247176163505
Glyma.20G221000.Wm82.a4.v1,0.8535107093327855
Glyma.15G005100.Wm82.a4.v1,0.8534546761985254
Glyma.15G058100.Wm82.a4.v1,0.8534406679149604
Glyma.02G190700.Wm82.a4.v1,0.8534406679149604
Glyma.08G113500.Wm82.a4.v1,0.8534359984871054
Glyma.02G296700.Wm82.a4.v1,0.8534266596313954
Glyma.09G120400.Wm82.a4.v1,0.8534219902035404
Glyma.11G140100.Wm82.a4.v1,0.8534079819199754
Glyma.14G033400.Wm82.a4.v1,0.8533986430642654
Glyma.05G221600.Wm82.a4.v1,0.8533846347807004
Glyma.04G193100.Wm82.a4.v1,0.8533472793578603
Glyma.19G138700.Wm82.a4.v1,0.8533332710742952
Glyma.15G055600.Wm82.a4.v1,0.8533286016464403
Glyma.04G045400.Wm82.a4.v1,0.8532819073678902
Glyma.14G207200.Wm82.a4.v1,0.8532678990843252
Glyma.03G261300.Wm82.a4.v1,0.8532071965222101
Glyma.12G155400.Wm82.a4.v1,0.8531885188107902
Glyma.17G000800.Wm82.a4.v1,0.8531464939600951
Glyma.05G139600.Wm82.a4.v1,0.8531044691094001
Glyma.08G014100.Wm82.a4.v1,0.853081121970125
Glyma.13G293500.Wm82.a4.v1,0.853043766547285
Glyma.06G297500.Wm82.a4.v1,0.8530390971194299
Glyma.10G054000.Wm82.a4.v1,0.85299240284088
Glyma.19G160600.Wm82.a4.v1,0.8529083531394899
Glyma.07G012000.Wm82.a4.v1,0.8528850060002148
Glyma.07G149400.Wm82.a4.v1,0.8528803365723598
Glyma.03G172600.Wm82.a4.v1,0.8528523200052298
Glyma.03G015700.Wm82.a4.v1,0.8528056257266797
Glyma.06G146900.Wm82.a4.v1,0.8527869480152597
Glyma.16G156300.Wm82.a4.v1,0.8527682703038396
Glyma.08G161600.Wm82.a4.v1,0.8527449231645646
Glyma.10G149400.Wm82.a4.v1,0.8526235180403345
Glyma.01G089100.Wm82.a4.v1,0.8526001709010594
Glyma.05G210400.Wm82.a4.v1,0.8525814931896395
Glyma.15G061300.Wm82.a4.v1,0.8525674849060745
Glyma.06G205000.Wm82.a4.v1,0.8525581460503644
Glyma.02G298400.Wm82.a4.v1,0.8525488071946544
Glyma.02G291100.Wm82.a4.v1,0.8525254600553794
Glyma.13G271500.Wm82.a4.v1,0.8524974434882494
Glyma.12G234300.Wm82.a4.v1,0.8524927740603944
Glyma.01G163900.Wm82.a4.v1,0.8524834352046844
Glyma.15G048300.Wm82.a4.v1,0.8524811004907569
Glyma.08G235000.Wm82.a4.v1,0.8524740963489743
Glyma.06G217400.Wm82.a4.v1,0.8524367409261343
Glyma.05G076300.Wm82.a4.v1,0.8524227326425693
Glyma.11G111200.Wm82.a4.v1,0.8523900466475842
Glyma.08G057300.Wm82.a4.v1,0.8523666995083092
Glyma.04G081100.Wm82.a4.v1,0.8523620300804542
Glyma.07G162900.Wm82.a4.v1,0.8523480217968892
Glyma.04G085200.Wm82.a4.v1,0.8523480217968892
Glyma.16G200700.Wm82.a4.v1,0.8523386829411792
Glyma.08G046200.Wm82.a4.v1,0.8523340135133242
Glyma.04G122200.Wm82.a4.v1,0.8523340135133242
Glyma.03G194000.Wm82.a4.v1,0.8522826498069191
Glyma.10G197100.Wm82.a4.v1,0.8522639720954991
Glyma.05G186200.Wm82.a4.v1,0.8522593026676442
Glyma.07G084500.Wm82.a4.v1,0.8522289513865866
Glyma.04G228300.Wm82.a4.v1,0.852221947244804
Glyma.08G087500.Wm82.a4.v1,0.852221947244804
Glyma.06G227200.Wm82.a4.v1,0.8522172778169491
Glyma.13G062700.Wm82.a4.v1,0.852207938961239
Glyma.06G157100.Wm82.a4.v1,0.852170583538399
Glyma.01G076900.Wm82.a4.v1,0.8521238892598489
Glyma.19G177200.Wm82.a4.v1,0.852077194981299
Glyma.16G082400.Wm82.a4.v1,0.8520725255534439
Glyma.13G243600.Wm82.a4.v1,0.8520678561255889
Glyma.01G168500.Wm82.a4.v1,0.8520585172698789
Glyma.10G013400.Wm82.a4.v1,0.8519884758520538
Glyma.10G185000.Wm82.a4.v1,0.8519604592849238
Glyma.07G183000.Wm82.a4.v1,0.8519511204292138
Glyma.07G239500.Wm82.a4.v1,0.8519277732899387
Glyma.06G308600.Wm82.a4.v1,0.8519184344342288
Glyma.05G215400.Wm82.a4.v1,0.8519184344342288
Glyma.10G165600.Wm82.a4.v1,0.8519044261506638
Glyma.18G170600.Wm82.a4.v1,0.8518950872949538
Glyma.15G112200.Wm82.a4.v1,0.8518950872949538
Glyma.04G017900.Wm82.a4.v1,0.8518670707278237
Glyma.08G098100.Wm82.a4.v1,0.8518670707278237
Glyma.06G119700.Wm82.a4.v1,0.8518577318721137
Glyma.06G221600.Wm82.a4.v1,0.8518390541606937
Glyma.19G222000.Wm82.a4.v1,0.8518110375935637
Glyma.06G196600.Wm82.a4.v1,0.8518016987378536
Glyma.09G099000.Wm82.a4.v1,0.8517363267478836
Glyma.06G090500.Wm82.a4.v1,0.8517269878921736
Glyma.07G252100.Wm82.a4.v1,0.8517223184643186
Glyma.17G216000.Wm82.a4.v1,0.8517036407528985
Glyma.14G189300.Wm82.a4.v1,0.8516896324693335
Glyma.08G219200.Wm82.a4.v1,0.8516709547579135
Glyma.02G120400.Wm82.a4.v1,0.8516616159022035
Glyma.06G068200.Wm82.a4.v1,0.8516335993350734
Glyma.06G002000.Wm82.a4.v1,0.8516149216236535
Glyma.02G212200.Wm82.a4.v1,0.8516102521957984
Glyma.04G222500.Wm82.a4.v1,0.8516102521957984
Glyma.03G177500.Wm82.a4.v1,0.8515915744843784
Glyma.06G145000.Wm82.a4.v1,0.8515682273451034
Glyma.16G142300.Wm82.a4.v1,0.8515635579172484
Glyma.08G115100.Wm82.a4.v1,0.8514748387880033
Glyma.13G026700.Wm82.a4.v1,0.8514234750815982
Glyma.15G039500.Wm82.a4.v1,0.8514188056537433
Glyma.20G107300.Wm82.a4.v1,0.8513721113751932
Glyma.15G143000.Wm82.a4.v1,0.8513487642359182
Glyma.14G032700.Wm82.a4.v1,0.8513440948080632
Glyma.11G065000.Wm82.a4.v1,0.8513300865244982
Glyma.05G177100.Wm82.a4.v1,0.851269383962383
Glyma.08G063500.Wm82.a4.v1,0.851241367395253
Glyma.15G109800.Wm82.a4.v1,0.8511573176938629
Glyma.02G036300.Wm82.a4.v1,0.851147978838153
Glyma.08G027300.Wm82.a4.v1,0.8511059539874579
Glyma.16G209600.Wm82.a4.v1,0.851096615131748
Glyma.03G247200.Wm82.a4.v1,0.851096615131748
Glyma.06G001700.Wm82.a4.v1,0.8510732679924728
Glyma.08G127200.Wm82.a4.v1,0.8510499208531979
Glyma.08G259500.Wm82.a4.v1,0.8509985571467928
Glyma.14G039900.Wm82.a4.v1,0.8509845488632278
Glyma.02G049800.Wm82.a4.v1,0.8509658711518078
Glyma.12G232900.Wm82.a4.v1,0.8509658711518078
Glyma.17G260600.Wm82.a4.v1,0.8509471934403877
Glyma.12G241600.Wm82.a4.v1,0.8509425240125328
Glyma.06G152900.Wm82.a4.v1,0.8509191768732577
Glyma.08G084300.Wm82.a4.v1,0.8508818214504177
Glyma.07G062300.Wm82.a4.v1,0.8508491354554326
Glyma.18G063100.Wm82.a4.v1,0.8508397965997226
Glyma.06G019200.Wm82.a4.v1,0.8508071106047376
Glyma.10G097600.Wm82.a4.v1,0.8507977717490276
Glyma.10G283300.Wm82.a4.v1,0.8507931023211726
Glyma.06G015300.Wm82.a4.v1,0.8507604163261876
Glyma.12G010300.Wm82.a4.v1,0.8507464080426226
Glyma.07G096600.Wm82.a4.v1,0.8507230609033475
Glyma.01G002200.Wm82.a4.v1,0.8507137220476375
Glyma.01G149000.Wm82.a4.v1,0.8506997137640725
Glyma.11G164700.Wm82.a4.v1,0.8506483500576675
Glyma.19G246100.Wm82.a4.v1,0.8506436806298124
Glyma.08G014800.Wm82.a4.v1,0.8505969863512624
Glyma.19G217300.Wm82.a4.v1,0.8505643003562774
Glyma.15G123400.Wm82.a4.v1,0.8505549615005673
Glyma.09G248300.Wm82.a4.v1,0.8505549615005673
Glyma.16G146300.Wm82.a4.v1,0.8505362837891474
Glyma.03G117500.Wm82.a4.v1,0.8505316143612923
Glyma.15G152100.Wm82.a4.v1,0.8504895895105973
Glyma.10G244100.Wm82.a4.v1,0.8504895895105973
Glyma.04G041300.Wm82.a4.v1,0.8504709117991772
Glyma.09G271600.Wm82.a4.v1,0.8504569035156122
Glyma.17G102200.Wm82.a4.v1,0.8504335563763372
Glyma.08G109600.Wm82.a4.v1,0.8504242175206272
Glyma.09G216700.Wm82.a4.v1,0.8504008703813521
Glyma.08G255300.Wm82.a4.v1,0.8503868620977871
Glyma.20G060000.Wm82.a4.v1,0.8503775232420772
Glyma.10G181400.Wm82.a4.v1,0.8503728538142221
Glyma.09G226400.Wm82.a4.v1,0.8503588455306571
Glyma.13G133900.Wm82.a4.v1,0.8503284942495996
Glyma.14G196600.Wm82.a4.v1,0.8503214901078171
Glyma.10G259400.Wm82.a4.v1,0.850265456973557
Glyma.09G272800.Wm82.a4.v1,0.850246779262137
Glyma.08G020800.Wm82.a4.v1,0.8501066964264868
Glyma.09G165100.Wm82.a4.v1,0.8500506632922268
Glyma.15G056600.Wm82.a4.v1,0.8499712830186917
Glyma.14G098400.Wm82.a4.v1,0.8499712830186917
Glyma.17G098200.Wm82.a4.v1,0.8499666135908367
Glyma.19G189200.Wm82.a4.v1,0.8499339275958517
Glyma.19G176700.Wm82.a4.v1,0.8498965721730116
Glyma.02G288900.Wm82.a4.v1,0.8498919027451567
Glyma.08G094900.Wm82.a4.v1,0.8498872333173016
Glyma.14G127800.Wm82.a4.v1,0.8498825638894466
Glyma.03G146000.Wm82.a4.v1,0.8498592167501716
Glyma.12G164200.Wm82.a4.v1,0.8497985141880565
Glyma.01G154900.Wm82.a4.v1,0.8497891753323465
Glyma.12G038200.Wm82.a4.v1,0.8497424810537965
Glyma.08G049400.Wm82.a4.v1,0.8497284727702314
Glyma.07G183700.Wm82.a4.v1,0.8496911173473914
Glyma.13G003900.Wm82.a4.v1,0.8496537619245513
Glyma.13G272800.Wm82.a4.v1,0.8496537619245513
Glyma.06G045600.Wm82.a4.v1,0.8495883899345813
Glyma.05G073400.Wm82.a4.v1,0.8495790510788713
Glyma.07G203700.Wm82.a4.v1,0.8495697122231612
Glyma.18G270300.Wm82.a4.v1,0.8495603733674513
Glyma.08G152100.Wm82.a4.v1,0.8495230179446113
Glyma.04G231700.Wm82.a4.v1,0.8495230179446113
Glyma.09G020800.Wm82.a4.v1,0.8494996708053362
Glyma.05G151200.Wm82.a4.v1,0.8494669848103512
Glyma.13G333500.Wm82.a4.v1,0.8494669848103512
Glyma.12G152500.Wm82.a4.v1,0.8494669848103512
Glyma.14G061400.Wm82.a4.v1,0.8494436376710761
Glyma.02G255600.Wm82.a4.v1,0.8494249599596562
Glyma.16G144200.Wm82.a4.v1,0.8494249599596562
Glyma.17G109100.Wm82.a4.v1,0.8494202905318011
Glyma.16G195700.Wm82.a4.v1,0.8494202905318011
Glyma.20G245800.Wm82.a4.v1,0.8494109516760912
Glyma.20G242100.Wm82.a4.v1,0.849387604536816
Glyma.18G050100.Wm82.a4.v1,0.8493829351089611
Glyma.06G105000.Wm82.a4.v1,0.8493829351089611
Glyma.04G060700.Wm82.a4.v1,0.8493689268253961
Glyma.09G086800.Wm82.a4.v1,0.849345579686121
Glyma.06G086000.Wm82.a4.v1,0.8493269019747011
Glyma.19G185800.Wm82.a4.v1,0.849322232546846
Glyma.07G216200.Wm82.a4.v1,0.849308224263281
Glyma.14G029901.Wm82.a4.v1,0.849256860556876
Glyma.10G160500.Wm82.a4.v1,0.849228843989746
Glyma.17G001700.Wm82.a4.v1,0.8492054968504709
Glyma.08G122600.Wm82.a4.v1,0.8492008274226159
Glyma.19G135800.Wm82.a4.v1,0.8492008274226159
Glyma.13G170200.Wm82.a4.v1,0.8491914885669058
Glyma.19G103000.Wm82.a4.v1,0.8491821497111959
Glyma.15G221700.Wm82.a4.v1,0.8491681414276309
Glyma.11G106400.Wm82.a4.v1,0.8491074388655158
Glyma.13G079800.Wm82.a4.v1,0.8490981000098058
Glyma.04G156000.Wm82.a4.v1,0.8490934305819507
Glyma.02G174400.Wm82.a4.v1,0.8490700834426758
Glyma.19G013500.Wm82.a4.v1,0.8490654140148207
Glyma.06G112400.Wm82.a4.v1,0.8490514057312557
Glyma.02G102600.Wm82.a4.v1,0.8490233891641257
Glyma.19G218100.Wm82.a4.v1,0.8490000420248507
Glyma.18G301600.Wm82.a4.v1,0.8489907031691407
Glyma.19G184800.Wm82.a4.v1,0.8489813643134306
Glyma.02G139900.Wm82.a4.v1,0.8489346700348807
Glyma.17G235100.Wm82.a4.v1,0.8489253311791706
Glyma.03G116900.Wm82.a4.v1,0.8489113228956056
Glyma.13G206600.Wm82.a4.v1,0.8488833063284755
Glyma.05G213100.Wm82.a4.v1,0.8488692980449105
Glyma.05G137500.Wm82.a4.v1,0.8488692980449105
Glyma.07G165000.Wm82.a4.v1,0.8488272731942155
Glyma.04G199900.Wm82.a4.v1,0.8488132649106505
Glyma.02G288300.Wm82.a4.v1,0.8488085954827955
Glyma.17G102800.Wm82.a4.v1,0.8487759094878105
Glyma.20G155900.Wm82.a4.v1,0.8487759094878105
Glyma.08G131100.Wm82.a4.v1,0.8487525623485355
Glyma.07G053500.Wm82.a4.v1,0.8487338846371154
Glyma.02G217200.Wm82.a4.v1,0.8486848556446379
Glyma.08G322800.Wm82.a4.v1,0.8486545043635804
Glyma.17G167200.Wm82.a4.v1,0.8486358266521603
Glyma.09G175966.Wm82.a4.v1,0.8486124795128853
Glyma.17G018200.Wm82.a4.v1,0.8486031406571752
Glyma.01G023700.Wm82.a4.v1,0.8485984712293203
Glyma.02G107200.Wm82.a4.v1,0.8485891323736102
Glyma.12G028300.Wm82.a4.v1,0.8485751240900452
Glyma.17G001500.Wm82.a4.v1,0.8485611158064802
Glyma.18G063000.Wm82.a4.v1,0.8485564463786253
Glyma.04G092900.Wm82.a4.v1,0.8484957438165102
Glyma.11G154005.Wm82.a4.v1,0.8484864049608002
Glyma.05G212200.Wm82.a4.v1,0.8484817355329451
Glyma.06G113500.Wm82.a4.v1,0.8484770661050901
Glyma.03G113800.Wm82.a4.v1,0.8484723966772352
Glyma.14G098600.Wm82.a4.v1,0.8484723966772352
Glyma.06G075800.Wm82.a4.v1,0.8484443801101051
Glyma.03G142300.Wm82.a4.v1,0.8484163635429751
Glyma.11G095300.Wm82.a4.v1,0.848350991553005
Glyma.18G259300.Wm82.a4.v1,0.848332313841585
Glyma.06G067100.Wm82.a4.v1,0.848313636130165
Glyma.11G226400.Wm82.a4.v1,0.848304297274455
Glyma.18G090400.Wm82.a4.v1,0.84826227242376
Glyma.10G267000.Wm82.a4.v1,0.8482576029959049
Glyma.13G165800.Wm82.a4.v1,0.8482435947123399
Glyma.08G256900.Wm82.a4.v1,0.8482109087173548
Glyma.13G250900.Wm82.a4.v1,0.8481969004337898
Glyma.18G295600.Wm82.a4.v1,0.8481922310059349
Glyma.10G271000.Wm82.a4.v1,0.8481782227223699
Glyma.20G239800.Wm82.a4.v1,0.8481361978716748
Glyma.07G070700.Wm82.a4.v1,0.8481221895881098
Glyma.06G193000.Wm82.a4.v1,0.8480941730209798
Glyma.03G192900.Wm82.a4.v1,0.8480661564538498
Glyma.09G283300.Wm82.a4.v1,0.8480241316031547
Glyma.02G098700.Wm82.a4.v1,0.8480054538917347
Glyma.07G102300.Wm82.a4.v1,0.8479914456081696
Glyma.15G037200.Wm82.a4.v1,0.8479540901853296
Glyma.07G149500.Wm82.a4.v1,0.8479354124739096
Glyma.15G033500.Wm82.a4.v1,0.8479354124739096
Glyma.03G172400.Wm82.a4.v1,0.8478887181953595
Glyma.10G244800.Wm82.a4.v1,0.8478793793396495
Glyma.16G143000.Wm82.a4.v1,0.8478607016282295
Glyma.07G022300.Wm82.a4.v1,0.8478373544889545
Glyma.13G082400.Wm82.a4.v1,0.8478046684939694
Glyma.09G135200.Wm82.a4.v1,0.8477999990661145
Glyma.05G226700.Wm82.a4.v1,0.8477579742154194
Glyma.19G097400.Wm82.a4.v1,0.8476879327975944
Glyma.01G158200.Wm82.a4.v1,0.8476459079468993
Glyma.10G055200.Wm82.a4.v1,0.8475665276733642
Glyma.06G040300.Wm82.a4.v1,0.8475525193897991
Glyma.08G232100.Wm82.a4.v1,0.8475431805340892
Glyma.10G094300.Wm82.a4.v1,0.8475385111062341
Glyma.04G126100.Wm82.a4.v1,0.8475385111062341
Glyma.10G154400.Wm82.a4.v1,0.8475104945391041
Glyma.15G050300.Wm82.a4.v1,0.8474591308326991
Glyma.06G138600.Wm82.a4.v1,0.8474217754098591
Glyma.07G190300.Wm82.a4.v1,0.847389089414874
Glyma.07G090000.Wm82.a4.v1,0.847389089414874
Glyma.02G205700.Wm82.a4.v1,0.847365742275599
Glyma.10G162000.Wm82.a4.v1,0.8473283868527589
Glyma.04G019300.Wm82.a4.v1,0.847309709141339
Glyma.09G199100.Wm82.a4.v1,0.847295700857774
Glyma.05G147800.Wm82.a4.v1,0.8472910314299189
Glyma.14G129200.Wm82.a4.v1,0.8472816925742089
Glyma.06G129300.Wm82.a4.v1,0.8472303288678038
Glyma.19G049100.Wm82.a4.v1,0.8472303288678038
Glyma.13G311500.Wm82.a4.v1,0.8472116511563839
Glyma.20G071200.Wm82.a4.v1,0.8472116511563839
Glyma.17G028100.Wm82.a4.v1,0.8472023123006738
Glyma.18G005600.Wm82.a4.v1,0.8471953081588913
Glyma.06G065900.Wm82.a4.v1,0.8471929734449638
Glyma.04G232500.Wm82.a4.v1,0.8471789651613988
Glyma.11G125000.Wm82.a4.v1,0.8471742957335437
Glyma.20G041000.Wm82.a4.v1,0.8471322708828487
Glyma.12G002100.Wm82.a4.v1,0.8471322708828487
Glyma.11G086300.Wm82.a4.v1,0.8471322708828487
Glyma.11G122300.Wm82.a4.v1,0.8471276014549938
Glyma.10G218800.Wm82.a4.v1,0.8471089237435737
Glyma.18G110000.Wm82.a4.v1,0.8470995848878637
Glyma.09G267200.Wm82.a4.v1,0.8470855766042987
Glyma.08G209900.Wm82.a4.v1,0.8470762377485886
Glyma.13G113900.Wm82.a4.v1,0.8470528906093137
Glyma.18G229200.Wm82.a4.v1,0.8470435517536037
Glyma.05G006700.Wm82.a4.v1,0.8470202046143286
Glyma.02G020400.Wm82.a4.v1,0.8470108657586186
Glyma.20G001300.Wm82.a4.v1,0.8469641714800685
Glyma.20G218800.Wm82.a4.v1,0.8469501631965035
Glyma.14G149800.Wm82.a4.v1,0.8469268160572285
Glyma.15G276800.Wm82.a4.v1,0.8468240886444184
Glyma.12G013600.Wm82.a4.v1,0.8467773943658683
Glyma.12G198600.Wm82.a4.v1,0.8467727249380134
Glyma.14G083100.Wm82.a4.v1,0.8467260306594633
Glyma.15G262100.Wm82.a4.v1,0.8467166918037533
Glyma.15G118800.Wm82.a4.v1,0.8467143570898258
Glyma.09G046300.Wm82.a4.v1,0.8466980140923333
Glyma.13G193700.Wm82.a4.v1,0.8466373115302182
Glyma.01G185300.Wm82.a4.v1,0.8466373115302182
Glyma.05G012400.Wm82.a4.v1,0.8466092949630881
Glyma.11G199400.Wm82.a4.v1,0.8465906172516682
Glyma.07G247900.Wm82.a4.v1,0.8465859478238131
Glyma.14G084800.Wm82.a4.v1,0.8465159064059881
Glyma.06G011700.Wm82.a4.v1,0.8465065675502781
Glyma.06G007700.Wm82.a4.v1,0.846445864988163
Glyma.16G049400.Wm82.a4.v1,0.8464131789931779
Glyma.02G265100.Wm82.a4.v1,0.8463991707096129
Glyma.08G219100.Wm82.a4.v1,0.8463524764310629
Glyma.03G226400.Wm82.a4.v1,0.8463337987196429
Glyma.16G074800.Wm82.a4.v1,0.8463244598639329
Glyma.17G175700.Wm82.a4.v1,0.8463151210082228
Glyma.10G071700.Wm82.a4.v1,0.8463151210082228
Glyma.17G186800.Wm82.a4.v1,0.8462590878739628
Glyma.07G067500.Wm82.a4.v1,0.8462497490182528
Glyma.14G058900.Wm82.a4.v1,0.8462450795903977
Glyma.20G130300.Wm82.a4.v1,0.8462427448764703
Glyma.08G175700.Wm82.a4.v1,0.8462170630232677
Glyma.09G178900.Wm82.a4.v1,0.8461516910332977
Glyma.14G095900.Wm82.a4.v1,0.8461516910332977
Glyma.15G163700.Wm82.a4.v1,0.8460816496154726
Glyma.20G072700.Wm82.a4.v1,0.8460676413319076
Glyma.04G058900.Wm82.a4.v1,0.8460583024761976
Glyma.12G114500.Wm82.a4.v1,0.8460349553369225
Glyma.08G051200.Wm82.a4.v1,0.8460256164812126
Glyma.06G088500.Wm82.a4.v1,0.8459695833469525
Glyma.16G104600.Wm82.a4.v1,0.8459228890684024
Glyma.15G206300.Wm82.a4.v1,0.8458668559341423
Glyma.14G002900.Wm82.a4.v1,0.8458621865062874
Glyma.18G179600.Wm82.a4.v1,0.8458435087948674
Glyma.02G138100.Wm82.a4.v1,0.8458061533720274
Glyma.02G024500.Wm82.a4.v1,0.8457781368048973
Glyma.07G013900.Wm82.a4.v1,0.8457734673770423
Glyma.10G021500.Wm82.a4.v1,0.8457361119542023
Glyma.13G088700.Wm82.a4.v1,0.8457221036706373
Glyma.19G056700.Wm82.a4.v1,0.8456987565313622
Glyma.05G166600.Wm82.a4.v1,0.8456660705363772
Glyma.11G098600.Wm82.a4.v1,0.8456567316806671
Glyma.12G189500.Wm82.a4.v1,0.8456240456856822
Glyma.17G252600.Wm82.a4.v1,0.8456100374021172
Glyma.12G181600.Wm82.a4.v1,0.8455820208349871
Glyma.09G273000.Wm82.a4.v1,0.8455399959842921
Glyma.10G065300.Wm82.a4.v1,0.845530657128582
Glyma.16G127900.Wm82.a4.v1,0.845483962850032
Glyma.02G217100.Wm82.a4.v1,0.8453532188700918
Glyma.05G051800.Wm82.a4.v1,0.8453438800143819
Glyma.16G196700.Wm82.a4.v1,0.8453158634472518
Glyma.14G046600.Wm82.a4.v1,0.8453018551636868
Glyma.14G102700.Wm82.a4.v1,0.8452644997408467
Glyma.05G124300.Wm82.a4.v1,0.8452318137458618
Glyma.13G229000.Wm82.a4.v1,0.8452224748901517
Glyma.06G266000.Wm82.a4.v1,0.8451804500394566
Glyma.08G201500.Wm82.a4.v1,0.8451430946166166
Glyma.02G037000.Wm82.a4.v1,0.8451290863330516
Glyma.07G242100.Wm82.a4.v1,0.8450964003380665
Glyma.03G140100.Wm82.a4.v1,0.8450870614823566
Glyma.07G033400.Wm82.a4.v1,0.8450753879127191
Glyma.01G216500.Wm82.a4.v1,0.8450450366316615
Glyma.19G257100.Wm82.a4.v1,0.8450076812088215
Glyma.02G056700.Wm82.a4.v1,0.8449843340695464
Glyma.03G133900.Wm82.a4.v1,0.8449423092188514
Glyma.09G251700.Wm82.a4.v1,0.8449329703631414
Glyma.04G138600.Wm82.a4.v1,0.8449142926517214
Glyma.07G148100.Wm82.a4.v1,0.8448956149403014
Glyma.13G239400.Wm82.a4.v1,0.8448255735224763
Glyma.11G221400.Wm82.a4.v1,0.8448209040946213
Glyma.11G036800.Wm82.a4.v1,0.8447695403882163
Glyma.09G043900.Wm82.a4.v1,0.8447415238210862
Glyma.05G206300.Wm82.a4.v1,0.8447275155375212
Glyma.14G062100.Wm82.a4.v1,0.8447088378261012
Glyma.06G183100.Wm82.a4.v1,0.8446948295425362
Glyma.09G152600.Wm82.a4.v1,0.8446761518311161
Glyma.08G048100.Wm82.a4.v1,0.8446154492690011
Glyma.13G028400.Wm82.a4.v1,0.844592102129726
Glyma.12G220000.Wm82.a4.v1,0.844568754990451
Glyma.03G026900.Wm82.a4.v1,0.844554746706886
Glyma.14G095300.Wm82.a4.v1,0.844531399567611
Glyma.03G030900.Wm82.a4.v1,0.844526730139756
Glyma.18G266700.Wm82.a4.v1,0.8444940441447709
Glyma.09G226700.Wm82.a4.v1,0.8444800358612059
Glyma.02G200300.Wm82.a4.v1,0.8444800358612059
Glyma.20G219100.Wm82.a4.v1,0.8444193332990909
Glyma.12G029500.Wm82.a4.v1,0.8444146638712359
Glyma.13G205000.Wm82.a4.v1,0.8443633001648309
Glyma.18G238200.Wm82.a4.v1,0.8443492918812658
Glyma.13G135100.Wm82.a4.v1,0.8443399530255558
Glyma.20G197100.Wm82.a4.v1,0.8443259447419907
Glyma.13G265000.Wm82.a4.v1,0.8442745810355857
Glyma.10G210500.Wm82.a4.v1,0.8442559033241657
Glyma.10G028000.Wm82.a4.v1,0.8442512338963107
Glyma.03G155900.Wm82.a4.v1,0.8441998701899056
Glyma.06G068000.Wm82.a4.v1,0.8441905313341956
Glyma.04G012700.Wm82.a4.v1,0.8441811924784857
Glyma.11G101400.Wm82.a4.v1,0.8441765230506306
Glyma.09G286200.Wm82.a4.v1,0.8441765230506306
Glyma.16G217600.Wm82.a4.v1,0.8441391676277906
Glyma.17G250800.Wm82.a4.v1,0.8441298287720805
Glyma.15G130600.Wm82.a4.v1,0.8441251593442256
Glyma.09G252800.Wm82.a4.v1,0.8441204899163706
Glyma.06G067800.Wm82.a4.v1,0.8441158204885155
Glyma.06G127600.Wm82.a4.v1,0.8441158204885155
Glyma.08G348200.Wm82.a4.v1,0.8441018122049505
Glyma.10G022200.Wm82.a4.v1,0.8440551179264005
Glyma.10G012600.Wm82.a4.v1,0.8440504484985455
Glyma.16G051600.Wm82.a4.v1,0.8440411096428355
Glyma.20G162800.Wm82.a4.v1,0.8440294360731979
Glyma.14G203000.Wm82.a4.v1,0.8440224319314155
Glyma.01G002700.Wm82.a4.v1,0.8439897459364304
Glyma.12G221500.Wm82.a4.v1,0.8439570599414453
Glyma.02G140900.Wm82.a4.v1,0.8439477210857353
Glyma.15G046201.Wm82.a4.v1,0.8439383822300254
Glyma.03G170000.Wm82.a4.v1,0.8439103656628953
Glyma.17G033700.Wm82.a4.v1,0.8439103656628953
Glyma.17G083500.Wm82.a4.v1,0.8439010268071853
Glyma.02G093000.Wm82.a4.v1,0.8438823490957653
Glyma.15G000800.Wm82.a4.v1,0.8438403242450703
Glyma.04G188200.Wm82.a4.v1,0.8438263159615053
Glyma.04G097500.Wm82.a4.v1,0.8438216465336502
Glyma.08G257900.Wm82.a4.v1,0.8437936299665202
Glyma.09G144300.Wm82.a4.v1,0.8437609439715351
Glyma.16G010300.Wm82.a4.v1,0.8437516051158251
Glyma.15G118400.Wm82.a4.v1,0.8437189191208401
Glyma.18G158900.Wm82.a4.v1,0.8437189191208401
Glyma.18G206500.Wm82.a4.v1,0.84369090255371
Glyma.01G109500.Wm82.a4.v1,0.8436722248422901
Glyma.04G225500.Wm82.a4.v1,0.8436722248422901
Glyma.01G237800.Wm82.a4.v1,0.843667555414435
Glyma.06G032100.Wm82.a4.v1,0.843611522280175
Glyma.08G040400.Wm82.a4.v1,0.843583505713045
Glyma.18G213500.Wm82.a4.v1,0.843583505713045
Glyma.20G214500.Wm82.a4.v1,0.8435788362851899
Glyma.09G070700.Wm82.a4.v1,0.8435648280016249
Glyma.06G101800.Wm82.a4.v1,0.8435554891459149
Glyma.10G005600.Wm82.a4.v1,0.8434761088723799
Glyma.06G189900.Wm82.a4.v1,0.8434621005888149
Glyma.08G334700.Wm82.a4.v1,0.8434621005888149
Glyma.08G043900.Wm82.a4.v1,0.8434200757381198
Glyma.04G105000.Wm82.a4.v1,0.8434154063102648
Glyma.03G014900.Wm82.a4.v1,0.8434060674545548
Glyma.17G024400.Wm82.a4.v1,0.8434060674545548
Glyma.02G164300.Wm82.a4.v1,0.8434013980266998
Glyma.08G010300.Wm82.a4.v1,0.8433406954645847
Glyma.10G083600.Wm82.a4.v1,0.8433360260367297
Glyma.01G045700.Wm82.a4.v1,0.8433266871810197
Glyma.12G233400.Wm82.a4.v1,0.8433173483253097
Glyma.02G111500.Wm82.a4.v1,0.8433126788974546
Glyma.16G189302.Wm82.a4.v1,0.8432706540467596
Glyma.05G053100.Wm82.a4.v1,0.8432332986239196
Glyma.11G077600.Wm82.a4.v1,0.8431866043453695
Glyma.14G078800.Wm82.a4.v1,0.8431025546439794
Glyma.20G048800.Wm82.a4.v1,0.8430885463604144
Glyma.20G150500.Wm82.a4.v1,0.8430745380768494
Glyma.19G034200.Wm82.a4.v1,0.8430651992211394
Glyma.10G140900.Wm82.a4.v1,0.8430465215097194
Glyma.19G158900.Wm82.a4.v1,0.8430185049425893
Glyma.12G064100.Wm82.a4.v1,0.8429998272311694
Glyma.19G242300.Wm82.a4.v1,0.8429437940969093
Glyma.04G249500.Wm82.a4.v1,0.8428970998183593
Glyma.05G153500.Wm82.a4.v1,0.8428644138233742
Glyma.02G298000.Wm82.a4.v1,0.8428504055398092
Glyma.17G226300.Wm82.a4.v1,0.8428317278283892
Glyma.02G243600.Wm82.a4.v1,0.8427803641219841
Glyma.07G084400.Wm82.a4.v1,0.8427756946941292
Glyma.15G056800.Wm82.a4.v1,0.8427663558384191
Glyma.13G130200.Wm82.a4.v1,0.8427126574180865
Glyma.10G200600.Wm82.a4.v1,0.842710322704159
Glyma.10G252400.Wm82.a4.v1,0.842682306137029
Glyma.01G163000.Wm82.a4.v1,0.8426262730027689
Glyma.10G142100.Wm82.a4.v1,0.8426262730027689
Glyma.13G333300.Wm82.a4.v1,0.8425702398685089
Glyma.17G206500.Wm82.a4.v1,0.8425468927292339
Glyma.10G210900.Wm82.a4.v1,0.8425422233013788
Glyma.10G119100.Wm82.a4.v1,0.8425001984506838
Glyma.06G145900.Wm82.a4.v1,0.8424815207392639
Glyma.10G101600.Wm82.a4.v1,0.8424628430278438
Glyma.01G244900.Wm82.a4.v1,0.8424394958885688
Glyma.13G028000.Wm82.a4.v1,0.8424301570328587
Glyma.16G077400.Wm82.a4.v1,0.8424161487492937
Glyma.13G184800.Wm82.a4.v1,0.8424161487492937
Glyma.06G024300.Wm82.a4.v1,0.8423787933264537
Glyma.15G028900.Wm82.a4.v1,0.8423741238985987
Glyma.11G021400.Wm82.a4.v1,0.8423367684757587
Glyma.13G201500.Wm82.a4.v1,0.8422994130529187
Glyma.06G141700.Wm82.a4.v1,0.8422620576300786
Glyma.13G327000.Wm82.a4.v1,0.8422387104908036
Glyma.13G100600.Wm82.a4.v1,0.8421966856401085
Glyma.11G104200.Wm82.a4.v1,0.8421593302172685
Glyma.07G137300.Wm82.a4.v1,0.8421453219337035
Glyma.14G116800.Wm82.a4.v1,0.8421219747944284
Glyma.06G164600.Wm82.a4.v1,0.8421219747944284
Glyma.13G100900.Wm82.a4.v1,0.8420986276551534
Glyma.09G282100.Wm82.a4.v1,0.8420285862373283
Glyma.18G204800.Wm82.a4.v1,0.8420262515234008
Glyma.07G056400.Wm82.a4.v1,0.8420192473816184
Glyma.07G174100.Wm82.a4.v1,0.8419865613866333
Glyma.18G139700.Wm82.a4.v1,0.8419632142473583
Glyma.03G015600.Wm82.a4.v1,0.8419398671080832
Glyma.19G109200.Wm82.a4.v1,0.8419398671080832
Glyma.09G065300.Wm82.a4.v1,0.8419211893966633
Glyma.13G115400.Wm82.a4.v1,0.8418791645459682
Glyma.02G003200.Wm82.a4.v1,0.8417857759888681
Glyma.13G167800.Wm82.a4.v1,0.8417811065610131
Glyma.20G190400.Wm82.a4.v1,0.841771767705303
Glyma.13G245600.Wm82.a4.v1,0.841734412282463
Glyma.15G150900.Wm82.a4.v1,0.841720403998898
Glyma.12G075800.Wm82.a4.v1,0.841706395715333
Glyma.02G218900.Wm82.a4.v1,0.841683048576058
Glyma.12G162963.Wm82.a4.v1,0.841664370864638
Glyma.09G172000.Wm82.a4.v1,0.8416223460139429
Glyma.04G194600.Wm82.a4.v1,0.8415663128796829
Glyma.17G185000.Wm82.a4.v1,0.8415569740239729
Glyma.06G069700.Wm82.a4.v1,0.8415289574568429
Glyma.13G366800.Wm82.a4.v1,0.8414962714618578
Glyma.12G096600.Wm82.a4.v1,0.8414775937504377
Glyma.09G157900.Wm82.a4.v1,0.8414729243225828
Glyma.03G009200.Wm82.a4.v1,0.8414215606161777
Glyma.13G084100.Wm82.a4.v1,0.8413655274819176
Glyma.16G094000.Wm82.a4.v1,0.8412441223576875
Glyma.15G272300.Wm82.a4.v1,0.8412347835019776
Glyma.17G240800.Wm82.a4.v1,0.8411974280791374
Glyma.13G301100.Wm82.a4.v1,0.8411834197955724
Glyma.05G214851.Wm82.a4.v1,0.8411577379423699
Glyma.07G063100.Wm82.a4.v1,0.8411507338005875
Glyma.06G275500.Wm82.a4.v1,0.8411367255170225
Glyma.09G202500.Wm82.a4.v1,0.8411320560891674
Glyma.13G310400.Wm82.a4.v1,0.8410339981042123
Glyma.10G157700.Wm82.a4.v1,0.8409779649699523
Glyma.13G080900.Wm82.a4.v1,0.8409639566863872
Glyma.18G127200.Wm82.a4.v1,0.8408332127064471
Glyma.05G152900.Wm82.a4.v1,0.840819204422882
Glyma.01G014800.Wm82.a4.v1,0.840819204422882
Glyma.10G136100.Wm82.a4.v1,0.840814534995027
Glyma.01G079300.Wm82.a4.v1,0.8408098655671721
Glyma.07G142000.Wm82.a4.v1,0.8407444935772019
Glyma.10G041900.Wm82.a4.v1,0.840739824149347
Glyma.04G194200.Wm82.a4.v1,0.840739824149347
Glyma.16G217300.Wm82.a4.v1,0.840725815865782
Glyma.05G101700.Wm82.a4.v1,0.840725815865782
Glyma.12G098300.Wm82.a4.v1,0.840697799298652
Glyma.09G198800.Wm82.a4.v1,0.8406931298707969
Glyma.05G182700.Wm82.a4.v1,0.8406744521593769
Glyma.02G059500.Wm82.a4.v1,0.8406651133036669
Glyma.03G179200.Wm82.a4.v1,0.8406511050201019
Glyma.13G192100.Wm82.a4.v1,0.8406370967365369
Glyma.13G202200.Wm82.a4.v1,0.8405997413136969
Glyma.08G150000.Wm82.a4.v1,0.8405950718858418
Glyma.09G006600.Wm82.a4.v1,0.8405717247465668
Glyma.13G124000.Wm82.a4.v1,0.8405063527565967
Glyma.11G039700.Wm82.a4.v1,0.8404923444730317
Glyma.12G102800.Wm82.a4.v1,0.8404830056173217
Glyma.10G238200.Wm82.a4.v1,0.8404736667616117
Glyma.12G062700.Wm82.a4.v1,0.8404316419109167
Glyma.07G020200.Wm82.a4.v1,0.8403616004930916
Glyma.15G011900.Wm82.a4.v1,0.8403616004930916
Glyma.09G016100.Wm82.a4.v1,0.8403522616373815
Glyma.05G064700.Wm82.a4.v1,0.8403475922095266
Glyma.17G072000.Wm82.a4.v1,0.8403289144981065
Glyma.09G241100.Wm82.a4.v1,0.8403195756423966
Glyma.03G048351.Wm82.a4.v1,0.8403102367866865
Glyma.16G093900.Wm82.a4.v1,0.8403055673588316
Glyma.U003166.Wm82.a4.v1,0.8402868896474115
Glyma.09G282200.Wm82.a4.v1,0.8402495342245715
Glyma.07G189100.Wm82.a4.v1,0.8402355259410065
Glyma.17G194500.Wm82.a4.v1,0.8402121788017314
Glyma.17G045100.Wm82.a4.v1,0.8401981705181664
Glyma.12G008700.Wm82.a4.v1,0.8401701539510363
Glyma.02G196900.Wm82.a4.v1,0.8401701539510363
Glyma.15G256300.Wm82.a4.v1,0.8400954431053563
Glyma.11G029600.Wm82.a4.v1,0.8400907736775013
Glyma.07G125300.Wm82.a4.v1,0.8400814348217913
Glyma.16G221300.Wm82.a4.v1,0.8400720959660812
Glyma.06G102500.Wm82.a4.v1,0.8400674265382263
Glyma.07G243000.Wm82.a4.v1,0.8400440793989512
Glyma.18G200800.Wm82.a4.v1,0.8400300711153862
Glyma.14G081000.Wm82.a4.v1,0.8399833768368362
Glyma.11G193200.Wm82.a4.v1,0.8399787074089812
Glyma.19G257000.Wm82.a4.v1,0.8399600296975611
Glyma.08G123500.Wm82.a4.v1,0.8399553602697062
Glyma.13G124600.Wm82.a4.v1,0.8399460214139961
Glyma.01G192900.Wm82.a4.v1,0.8399133354190111
Glyma.09G284900.Wm82.a4.v1,0.8398946577075911
Glyma.18G130100.Wm82.a4.v1,0.8398946577075911
Glyma.10G044300.Wm82.a4.v1,0.839889988279736
Glyma.12G002900.Wm82.a4.v1,0.8398806494240261
Glyma.13G311800.Wm82.a4.v1,0.839796599722636
Glyma.18G227200.Wm82.a4.v1,0.839796599722636
Glyma.16G073500.Wm82.a4.v1,0.839796599722636
Glyma.13G332300.Wm82.a4.v1,0.8397919302947809
Glyma.19G006000.Wm82.a4.v1,0.839782591439071
Glyma.13G299900.Wm82.a4.v1,0.8397405665883759
Glyma.09G089700.Wm82.a4.v1,0.8397218888769559
Glyma.18G284800.Wm82.a4.v1,0.8397172194491009
Glyma.08G260300.Wm82.a4.v1,0.8397032111655359
Glyma.05G156400.Wm82.a4.v1,0.8396985417376809
Glyma.14G071700.Wm82.a4.v1,0.8396565168869858
Glyma.08G193100.Wm82.a4.v1,0.8395818060413057
Glyma.17G232000.Wm82.a4.v1,0.8394790786284957
Glyma.03G073768.Wm82.a4.v1,0.8394744092006406
Glyma.20G001000.Wm82.a4.v1,0.8394604009170756
Glyma.20G174800.Wm82.a4.v1,0.8394043677828156
Glyma.16G164900.Wm82.a4.v1,0.8393950289271056
Glyma.11G036900.Wm82.a4.v1,0.8393530040764106
Glyma.17G149800.Wm82.a4.v1,0.8393389957928455
Glyma.15G213200.Wm82.a4.v1,0.8392456072357454
Glyma.08G156500.Wm82.a4.v1,0.8391708963900654
Glyma.04G033200.Wm82.a4.v1,0.8391568881065004
Glyma.10G185200.Wm82.a4.v1,0.8391288715393703
Glyma.19G016000.Wm82.a4.v1,0.8390681689772552
Glyma.19G179700.Wm82.a4.v1,0.8390588301215453
Glyma.12G091900.Wm82.a4.v1,0.8390541606936902
Glyma.17G084500.Wm82.a4.v1,0.8390401524101252
Glyma.05G038400.Wm82.a4.v1,0.8390027969872852
Glyma.06G124100.Wm82.a4.v1,0.8389467638530251
Glyma.11G092200.Wm82.a4.v1,0.8388767224352001
Glyma.04G163600.Wm82.a4.v1,0.83886738357949
Glyma.09G169400.Wm82.a4.v1,0.8387693255945349
Glyma.02G256300.Wm82.a4.v1,0.8387132924602748
Glyma.09G017600.Wm82.a4.v1,0.8387039536045648
Glyma.06G099700.Wm82.a4.v1,0.8386899453209998
Glyma.07G089800.Wm82.a4.v1,0.8386899453209998
Glyma.20G161400.Wm82.a4.v1,0.8386479204703048
Glyma.01G037700.Wm82.a4.v1,0.8386012261917547
Glyma.05G214300.Wm82.a4.v1,0.8385825484803348
Glyma.13G199300.Wm82.a4.v1,0.8385218459182197
Glyma.10G126900.Wm82.a4.v1,0.8384984987789447
Glyma.13G106700.Wm82.a4.v1,0.8384938293510896
Glyma.01G147400.Wm82.a4.v1,0.8384798210675246
Glyma.10G057600.Wm82.a4.v1,0.8384704822118146
Glyma.03G007200.Wm82.a4.v1,0.8384611433561046
Glyma.08G314700.Wm82.a4.v1,0.8384284573611196
Glyma.10G206600.Wm82.a4.v1,0.8384004407939896
Glyma.09G225700.Wm82.a4.v1,0.8383957713661345
Glyma.15G000900.Wm82.a4.v1,0.8383770936547145
Glyma.15G262300.Wm82.a4.v1,0.8383677547990045
Glyma.12G052400.Wm82.a4.v1,0.8383630853711495
Glyma.01G003700.Wm82.a4.v1,0.8383537465154395
Glyma.07G106900.Wm82.a4.v1,0.8383257299483095
Glyma.09G056200.Wm82.a4.v1,0.8383117216647444
Glyma.17G252100.Wm82.a4.v1,0.8383070522368894
Glyma.01G059900.Wm82.a4.v1,0.8382977133811794
Glyma.11G147100.Wm82.a4.v1,0.8382883745254694
Glyma.03G021000.Wm82.a4.v1,0.8382883745254694
Glyma.14G070200.Wm82.a4.v1,0.8382790356697594
Glyma.20G198000.Wm82.a4.v1,0.8382650273861944
Glyma.14G207600.Wm82.a4.v1,0.8382556885304844
Glyma.01G232500.Wm82.a4.v1,0.8381949859683693
Glyma.06G162500.Wm82.a4.v1,0.8381576305455293
Glyma.01G002100.Wm82.a4.v1,0.8381436222619643
Glyma.20G219300.Wm82.a4.v1,0.8381202751226892
Glyma.17G186600.Wm82.a4.v1,0.8381109362669792
Glyma.04G214200.Wm82.a4.v1,0.8380735808441392
Glyma.10G271200.Wm82.a4.v1,0.8380642419884291
Glyma.02G112600.Wm82.a4.v1,0.8380549031327191
Glyma.13G345300.Wm82.a4.v1,0.8379895311427491
Glyma.11G237800.Wm82.a4.v1,0.8379848617148941
Glyma.13G087500.Wm82.a4.v1,0.8379848617148941
Glyma.13G064500.Wm82.a4.v1,0.837905481441359
Glyma.18G269100.Wm82.a4.v1,0.837877464874229
Glyma.14G134200.Wm82.a4.v1,0.8378587871628089
Glyma.03G150900.Wm82.a4.v1,0.8378167623121139
Glyma.20G183400.Wm82.a4.v1,0.8377700680335638
Glyma.17G024600.Wm82.a4.v1,0.8377257084689413
Glyma.03G250800.Wm82.a4.v1,0.8377187043271588
Glyma.19G223000.Wm82.a4.v1,0.8377140348993037
Glyma.17G255500.Wm82.a4.v1,0.8376953571878838
Glyma.20G171100.Wm82.a4.v1,0.8376953571878838
Glyma.01G239000.Wm82.a4.v1,0.8376720100486087
Glyma.17G019100.Wm82.a4.v1,0.8376393240536237
Glyma.11G139500.Wm82.a4.v1,0.8376159769143486
Glyma.04G052000.Wm82.a4.v1,0.8376066380586387
Glyma.05G116800.Wm82.a4.v1,0.8375879603472186
Glyma.11G211316.Wm82.a4.v1,0.8375739520636536
Glyma.13G326800.Wm82.a4.v1,0.8375506049243786
Glyma.06G222000.Wm82.a4.v1,0.8375459354965236
Glyma.05G133100.Wm82.a4.v1,0.8375365966408136
Glyma.17G052000.Wm82.a4.v1,0.8375319272129585
Glyma.14G007100.Wm82.a4.v1,0.8375132495015386
Glyma.16G211300.Wm82.a4.v1,0.8374758940786985
Glyma.13G156600.Wm82.a4.v1,0.8374525469394235
Glyma.07G180100.Wm82.a4.v1,0.8374478775115685
Glyma.15G266100.Wm82.a4.v1,0.8374432080837135
Glyma.02G060732.Wm82.a4.v1,0.8374338692280034
Glyma.11G076000.Wm82.a4.v1,0.8374105220887285
Glyma.03G023900.Wm82.a4.v1,0.8374011832330185
Glyma.09G008100.Wm82.a4.v1,0.837398848519091
Glyma.18G225000.Wm82.a4.v1,0.8373264723873384
Glyma.07G062200.Wm82.a4.v1,0.8372190755466733
Glyma.18G219900.Wm82.a4.v1,0.8372190755466733
Glyma.20G159000.Wm82.a4.v1,0.8372050672631083
Glyma.13G289800.Wm82.a4.v1,0.8372003978352532
Glyma.08G348300.Wm82.a4.v1,0.8371957284073982
Glyma.11G129000.Wm82.a4.v1,0.8371957284073982
Glyma.08G286200.Wm82.a4.v1,0.8371817201238332
Glyma.12G236400.Wm82.a4.v1,0.8371723812681232
Glyma.08G222900.Wm82.a4.v1,0.8371583729845582
Glyma.10G069000.Wm82.a4.v1,0.8371490341288482
Glyma.11G153900.Wm82.a4.v1,0.8371396952731381
Glyma.08G084000.Wm82.a4.v1,0.8371256869895731
Glyma.09G054100.Wm82.a4.v1,0.8371023398502981
Glyma.13G291300.Wm82.a4.v1,0.8370603149996031
Glyma.03G203800.Wm82.a4.v1,0.837041637288183
Glyma.13G156500.Wm82.a4.v1,0.8369949430096331
Glyma.01G236100.Wm82.a4.v1,0.836990273581778
Glyma.09G037300.Wm82.a4.v1,0.836980934726068
Glyma.18G283900.Wm82.a4.v1,0.836971595870358
Glyma.02G274100.Wm82.a4.v1,0.836882876741113
Glyma.07G095900.Wm82.a4.v1,0.8368548601739829
Glyma.10G012200.Wm82.a4.v1,0.8368034964675778
Glyma.13G207000.Wm82.a4.v1,0.8368034964675778
Glyma.05G164500.Wm82.a4.v1,0.8367801493283028
Glyma.20G194000.Wm82.a4.v1,0.8367708104725928
Glyma.08G162300.Wm82.a4.v1,0.8367661410447378
Glyma.17G179200.Wm82.a4.v1,0.8366727524876377
Glyma.09G063200.Wm82.a4.v1,0.8366167193533777
Glyma.09G114700.Wm82.a4.v1,0.8366120499255226
Glyma.15G149200.Wm82.a4.v1,0.8365280002241325
Glyma.02G144700.Wm82.a4.v1,0.8365280002241325
Glyma.05G206200.Wm82.a4.v1,0.8365093225127125
Glyma.10G233400.Wm82.a4.v1,0.8364672976620174
Glyma.12G087300.Wm82.a4.v1,0.8364672976620174
Glyma.18G271100.Wm82.a4.v1,0.8364065950999025
Glyma.06G306700.Wm82.a4.v1,0.8363739091049174
Glyma.06G103200.Wm82.a4.v1,0.8363692396770623
Glyma.16G196900.Wm82.a4.v1,0.8363085371149473
Glyma.08G065200.Wm82.a4.v1,0.8361964708464272
Glyma.07G003700.Wm82.a4.v1,0.8361777931350072
Glyma.16G200600.Wm82.a4.v1,0.8360984128614721
Glyma.12G043100.Wm82.a4.v1,0.8360797351500521
Glyma.13G152406.Wm82.a4.v1,0.836051718582922
Glyma.13G179300.Wm82.a4.v1,0.835995685448662
Glyma.14G154600.Wm82.a4.v1,0.835995685448662
Glyma.02G237700.Wm82.a4.v1,0.835958330025822
Glyma.13G337100.Wm82.a4.v1,0.8359513258840394
Glyma.06G256700.Wm82.a4.v1,0.8359069663194169
Glyma.17G107600.Wm82.a4.v1,0.8359069663194169
Glyma.18G181500.Wm82.a4.v1,0.8359069663194169
Glyma.05G246600.Wm82.a4.v1,0.8358742803244319
Glyma.15G255300.Wm82.a4.v1,0.8358415943294468
Glyma.11G118100.Wm82.a4.v1,0.8358415943294468
Glyma.18G015200.Wm82.a4.v1,0.8358322554737369
Glyma.16G037900.Wm82.a4.v1,0.8358229166180268
Glyma.13G147400.Wm82.a4.v1,0.8357949000508967
Glyma.20G138800.Wm82.a4.v1,0.8357715529116218
Glyma.16G208700.Wm82.a4.v1,0.8356641560709567
Glyma.03G176200.Wm82.a4.v1,0.8356594866431016
Glyma.03G256100.Wm82.a4.v1,0.8356268006481166
Glyma.20G118900.Wm82.a4.v1,0.8354820483846115
Glyma.08G013800.Wm82.a4.v1,0.835479713670684
Glyma.20G114500.Wm82.a4.v1,0.8354166763946413
Glyma.07G236300.Wm82.a4.v1,0.8353979986832214
Glyma.06G285900.Wm82.a4.v1,0.8353746515439463
Glyma.12G143501.Wm82.a4.v1,0.8353186184096862
Glyma.07G099400.Wm82.a4.v1,0.8352719241311362
Glyma.20G122800.Wm82.a4.v1,0.8352298992804411
Glyma.01G152700.Wm82.a4.v1,0.8352018827133111
Glyma.08G142300.Wm82.a4.v1,0.8351972132854562
Glyma.10G292300.Wm82.a4.v1,0.8351785355740361
Glyma.01G207200.Wm82.a4.v1,0.8351785355740361
Glyma.13G135600.Wm82.a4.v1,0.835117833011921
Glyma.01G048500.Wm82.a4.v1,0.835108494156211
Glyma.02G281700.Wm82.a4.v1,0.835094485872646
Glyma.17G076700.Wm82.a4.v1,0.835085147016936
Glyma.08G193200.Wm82.a4.v1,0.835029113882676
Glyma.03G183400.Wm82.a4.v1,0.8350197750269659
Glyma.16G086700.Wm82.a4.v1,0.8350197750269659
Glyma.16G203600.Wm82.a4.v1,0.8350104361712559
Glyma.06G211600.Wm82.a4.v1,0.8349964278876909
Glyma.03G170300.Wm82.a4.v1,0.8349870890319809
Glyma.11G086000.Wm82.a4.v1,0.8349637418927058
Glyma.04G250000.Wm82.a4.v1,0.8349077087584458
Glyma.02G056200.Wm82.a4.v1,0.8348329979127658
Glyma.20G213400.Wm82.a4.v1,0.8348096507734907
Glyma.10G042600.Wm82.a4.v1,0.8347816342063606
Glyma.07G000400.Wm82.a4.v1,0.8347816342063606
Glyma.14G222000.Wm82.a4.v1,0.8347256010721006
Glyma.07G096300.Wm82.a4.v1,0.8346275430871455
Glyma.16G155000.Wm82.a4.v1,0.8346135348035805
Glyma.18G222200.Wm82.a4.v1,0.8345434933857554
Glyma.11G082000.Wm82.a4.v1,0.8345014685350604
Glyma.11G013900.Wm82.a4.v1,0.8344827908236404
Glyma.05G127700.Wm82.a4.v1,0.8344571089704379
Glyma.13G127300.Wm82.a4.v1,0.8344501048286553
Glyma.03G179300.Wm82.a4.v1,0.8343847328386853
Glyma.03G179800.Wm82.a4.v1,0.8343800634108303
Glyma.08G002700.Wm82.a4.v1,0.8343707245551203
Glyma.05G140400.Wm82.a4.v1,0.8343473774158452
Glyma.14G181900.Wm82.a4.v1,0.8343380385601352
Glyma.11G136000.Wm82.a4.v1,0.8343380385601352
Glyma.15G108200.Wm82.a4.v1,0.8343053525651501
Glyma.13G087000.Wm82.a4.v1,0.8343006831372952
Glyma.07G106300.Wm82.a4.v1,0.8342820054258752
Glyma.03G124700.Wm82.a4.v1,0.8342679971423101
Glyma.09G196200.Wm82.a4.v1,0.8342306417194701
Glyma.20G081000.Wm82.a4.v1,0.8342259722916151
Glyma.09G264700.Wm82.a4.v1,0.834179278013065
Glyma.02G138400.Wm82.a4.v1,0.83411857545095
Glyma.06G032600.Wm82.a4.v1,0.83410923659524
Glyma.19G224200.Wm82.a4.v1,0.83410923659524
Glyma.12G158600.Wm82.a4.v1,0.8340391951774149
Glyma.20G250000.Wm82.a4.v1,0.8340158480381399
Glyma.10G253400.Wm82.a4.v1,0.8340158480381399
Glyma.18G212900.Wm82.a4.v1,0.8339598149038798
Glyma.09G010700.Wm82.a4.v1,0.8339458066203148
Glyma.16G021200.Wm82.a4.v1,0.8339224594810398
Glyma.20G150200.Wm82.a4.v1,0.8338851040581997
Glyma.12G036900.Wm82.a4.v1,0.8338757652024897
Glyma.11G154700.Wm82.a4.v1,0.8338710957746347
Glyma.04G013900.Wm82.a4.v1,0.8338477486353597
Glyma.15G084600.Wm82.a4.v1,0.8338477486353597
Glyma.17G226700.Wm82.a4.v1,0.8338430792075047
Glyma.04G189200.Wm82.a4.v1,0.8338337403517947
Glyma.15G199800.Wm82.a4.v1,0.8338197320682297
Glyma.02G288000.Wm82.a4.v1,0.8338197320682297
Glyma.11G195800.Wm82.a4.v1,0.8338197320682297
Glyma.12G075900.Wm82.a4.v1,0.8338010543568096
Glyma.20G130366.Wm82.a4.v1,0.8337917155010997
Glyma.09G028800.Wm82.a4.v1,0.8337823766453897
Glyma.07G066500.Wm82.a4.v1,0.8337777072175346
Glyma.06G131400.Wm82.a4.v1,0.8337403517946946
Glyma.05G012200.Wm82.a4.v1,0.8337356823668396
Glyma.18G133202.Wm82.a4.v1,0.8337310129389846
Glyma.02G033900.Wm82.a4.v1,0.8336983269439996
Glyma.08G008000.Wm82.a4.v1,0.8336516326654495
Glyma.06G315500.Wm82.a4.v1,0.8336469632375945
Glyma.02G250700.Wm82.a4.v1,0.8336376243818845
Glyma.08G027900.Wm82.a4.v1,0.8336376243818845
Glyma.06G078100.Wm82.a4.v1,0.8336329549540294
Glyma.08G299000.Wm82.a4.v1,0.8336142772426095
Glyma.04G161200.Wm82.a4.v1,0.8336002689590445
Glyma.08G199000.Wm82.a4.v1,0.8335815912476244
Glyma.05G110000.Wm82.a4.v1,0.8335489052526394
Glyma.17G095800.Wm82.a4.v1,0.8335115498297994
Glyma.09G222900.Wm82.a4.v1,0.8334882026905244
Glyma.04G201500.Wm82.a4.v1,0.8334648555512493
Glyma.16G199200.Wm82.a4.v1,0.8334648555512493
Glyma.08G171100.Wm82.a4.v1,0.8334345042701917
Glyma.07G128100.Wm82.a4.v1,0.8334228307005542
Glyma.04G157000.Wm82.a4.v1,0.8334181612726993
Glyma.08G009800.Wm82.a4.v1,0.8333808058498592
Glyma.19G103550.Wm82.a4.v1,0.8333014255763241
Glyma.10G266600.Wm82.a4.v1,0.8333014255763241
Glyma.03G083500.Wm82.a4.v1,0.8332967561484691
Glyma.10G238300.Wm82.a4.v1,0.8332920867206142
Glyma.01G214100.Wm82.a4.v1,0.8332453924420641
Glyma.13G345600.Wm82.a4.v1,0.833240723014209
Glyma.08G222600.Wm82.a4.v1,0.8332360535863541
Glyma.20G233900.Wm82.a4.v1,0.8332290494445715
Glyma.02G156800.Wm82.a4.v1,0.833212706447079
Glyma.14G206800.Wm82.a4.v1,0.833198698163514
Glyma.04G209900.Wm82.a4.v1,0.833180020452094
Glyma.19G239200.Wm82.a4.v1,0.833166012168529
Glyma.12G065000.Wm82.a4.v1,0.833161342740674
Glyma.08G186500.Wm82.a4.v1,0.8331286567456889
Glyma.07G201200.Wm82.a4.v1,0.833123987317834
Glyma.13G211000.Wm82.a4.v1,0.833123987317834
Glyma.16G101200.Wm82.a4.v1,0.8330539459000089
Glyma.08G201800.Wm82.a4.v1,0.8330399376164439
Glyma.06G029100.Wm82.a4.v1,0.8330352681885889
Glyma.15G015600.Wm82.a4.v1,0.8330259293328789
Glyma.15G166200.Wm82.a4.v1,0.8330119210493139
Glyma.08G320500.Wm82.a4.v1,0.8330025821936038
Glyma.01G058500.Wm82.a4.v1,0.8329932433378938
Glyma.05G149700.Wm82.a4.v1,0.8329418796314888
Glyma.13G221800.Wm82.a4.v1,0.8329091936365037
Glyma.03G027600.Wm82.a4.v1,0.8327644413729985
Glyma.17G083700.Wm82.a4.v1,0.8327551025172886
Glyma.02G170600.Wm82.a4.v1,0.8327504330894335
Glyma.19G132300.Wm82.a4.v1,0.8326383668209134
Glyma.07G269900.Wm82.a4.v1,0.8326243585373484
Glyma.04G008633.Wm82.a4.v1,0.8326103502537834
Glyma.08G126900.Wm82.a4.v1,0.8325169616966833
Glyma.17G215700.Wm82.a4.v1,0.8325169616966833
Glyma.02G023800.Wm82.a4.v1,0.8324796062738433
Glyma.16G117500.Wm82.a4.v1,0.8324702674181332
Glyma.15G188900.Wm82.a4.v1,0.8324142342838732
Glyma.16G154300.Wm82.a4.v1,0.8323675400053232
Glyma.18G017400.Wm82.a4.v1,0.8323535317217581
Glyma.17G105800.Wm82.a4.v1,0.8323348540103381
Glyma.05G193600.Wm82.a4.v1,0.8323068374432081
Glyma.12G058200.Wm82.a4.v1,0.8323021680153531
Glyma.08G318100.Wm82.a4.v1,0.832236796025383
Glyma.14G114467.Wm82.a4.v1,0.8321760934632679
Glyma.07G082800.Wm82.a4.v1,0.8321480768961379
Glyma.07G017500.Wm82.a4.v1,0.8321107214732979
Glyma.09G038100.Wm82.a4.v1,0.8321107214732979
Glyma.09G183600.Wm82.a4.v1,0.8321013826175878
Glyma.08G214600.Wm82.a4.v1,0.8320640271947478
Glyma.19G137600.Wm82.a4.v1,0.8319799774933577
Glyma.01G221500.Wm82.a4.v1,0.8319706386376478
Glyma.18G112900.Wm82.a4.v1,0.8319612997819377
Glyma.15G163600.Wm82.a4.v1,0.8319566303540827
Glyma.20G047600.Wm82.a4.v1,0.8319426220705177
Glyma.11G183600.Wm82.a4.v1,0.8318959277919676
Glyma.07G251000.Wm82.a4.v1,0.8318632417969826
Glyma.18G189800.Wm82.a4.v1,0.8318118780905776
Glyma.01G061700.Wm82.a4.v1,0.8317978698070125
Glyma.01G018600.Wm82.a4.v1,0.8317698532398825
Glyma.05G241100.Wm82.a4.v1,0.8317138201056224
Glyma.06G239100.Wm82.a4.v1,0.8317044812499125
Glyma.09G247300.Wm82.a4.v1,0.8316764646827824
Glyma.10G048700.Wm82.a4.v1,0.8316437786877974
Glyma.01G190700.Wm82.a4.v1,0.8316064232649574
Glyma.10G214800.Wm82.a4.v1,0.8316017538371023
Glyma.08G241400.Wm82.a4.v1,0.8315223735635673
Glyma.13G269200.Wm82.a4.v1,0.8315036958521472
Glyma.09G007300.Wm82.a4.v1,0.8314710098571622
Glyma.04G249900.Wm82.a4.v1,0.8314383238621772
Glyma.08G047900.Wm82.a4.v1,0.8314289850064671
Glyma.01G003100.Wm82.a4.v1,0.8313916295836271
Glyma.07G013800.Wm82.a4.v1,0.831372951872207
Glyma.02G037700.Wm82.a4.v1,0.8313402658772221
Glyma.10G186600.Wm82.a4.v1,0.8313402658772221
Glyma.10G210700.Wm82.a4.v1,0.831302910454382
Glyma.08G207300.Wm82.a4.v1,0.831298241026527
Glyma.02G233700.Wm82.a4.v1,0.8312328690365569
Glyma.18G283300.Wm82.a4.v1,0.831200183041572
Glyma.05G240200.Wm82.a4.v1,0.8311488193351668
Glyma.13G355400.Wm82.a4.v1,0.8311488193351668
Glyma.12G016900.Wm82.a4.v1,0.8311348110516018
Glyma.13G056800.Wm82.a4.v1,0.8311114639123268
Glyma.08G075400.Wm82.a4.v1,0.8311067944844718
Glyma.10G191200.Wm82.a4.v1,0.8310741084894868
Glyma.08G308700.Wm82.a4.v1,0.8310507613502117
Glyma.02G236500.Wm82.a4.v1,0.8310274142109367
Glyma.03G159400.Wm82.a4.v1,0.8309947282159517
Glyma.18G054000.Wm82.a4.v1,0.8309900587880967
Glyma.07G119200.Wm82.a4.v1,0.8309433645095466
Glyma.18G047900.Wm82.a4.v1,0.8309153479424166
Glyma.15G030800.Wm82.a4.v1,0.8309060090867066
Glyma.02G007000.Wm82.a4.v1,0.8308639842360116
Glyma.18G045000.Wm82.a4.v1,0.8308639842360116
Glyma.04G234000.Wm82.a4.v1,0.8308546453803015
Glyma.20G122300.Wm82.a4.v1,0.8308499759524466
Glyma.13G167900.Wm82.a4.v1,0.8308312982410265
Glyma.20G021900.Wm82.a4.v1,0.8308126205296065
Glyma.09G273300.Wm82.a4.v1,0.8307846039624764
Glyma.14G218400.Wm82.a4.v1,0.8307659262510565
Glyma.10G298800.Wm82.a4.v1,0.8307659262510565
Glyma.07G102600.Wm82.a4.v1,0.8307519179674915
Glyma.10G159700.Wm82.a4.v1,0.8307472485396364
Glyma.08G121900.Wm82.a4.v1,0.8307425791117814
Glyma.10G221000.Wm82.a4.v1,0.8306818765496664
Glyma.08G305500.Wm82.a4.v1,0.8306445211268263
Glyma.01G175100.Wm82.a4.v1,0.8306398516989714
Glyma.17G191000.Wm82.a4.v1,0.8306351822711163
Glyma.05G040900.Wm82.a4.v1,0.8306351822711163
Glyma.09G186300.Wm82.a4.v1,0.8306305128432613
Glyma.16G087300.Wm82.a4.v1,0.8306258434154064
Glyma.14G205700.Wm82.a4.v1,0.8306118351318413
Glyma.11G244400.Wm82.a4.v1,0.8305931574204213
Glyma.18G284000.Wm82.a4.v1,0.8305838185647113
Glyma.13G069000.Wm82.a4.v1,0.8305744797090012
Glyma.17G060900.Wm82.a4.v1,0.8305254507165237
Glyma.06G013100.Wm82.a4.v1,0.8305184465747412
Glyma.20G109400.Wm82.a4.v1,0.8305044382911762
Glyma.13G106200.Wm82.a4.v1,0.8304857605797562
Glyma.06G211300.Wm82.a4.v1,0.830378363739091
Glyma.09G199000.Wm82.a4.v1,0.830364355455526
Glyma.07G095800.Wm82.a4.v1,0.830312991749121
Glyma.13G273600.Wm82.a4.v1,0.8302943140377009
Glyma.03G241800.Wm82.a4.v1,0.8302569586148609
Glyma.08G012600.Wm82.a4.v1,0.8301542312020508
Glyma.11G191900.Wm82.a4.v1,0.8301448923463408
Glyma.05G056100.Wm82.a4.v1,0.8300701815006607
Glyma.18G264700.Wm82.a4.v1,0.8300421649335307
Glyma.17G228000.Wm82.a4.v1,0.8300374955056757
Glyma.13G234200.Wm82.a4.v1,0.8299347680928656
Glyma.03G102700.Wm82.a4.v1,0.8299300986650106
Glyma.10G234000.Wm82.a4.v1,0.8299207598093006
Glyma.13G127500.Wm82.a4.v1,0.8299114209535906
Glyma.06G201700.Wm82.a4.v1,0.8298693961028956
Glyma.05G208400.Wm82.a4.v1,0.8297853464015055
Glyma.03G076200.Wm82.a4.v1,0.8297806769736504
Glyma.04G202500.Wm82.a4.v1,0.8297479909786654
Glyma.03G103500.Wm82.a4.v1,0.8297339826951003
Glyma.16G210800.Wm82.a4.v1,0.8296359247101452
Glyma.05G094400.Wm82.a4.v1,0.8296079081430152
Glyma.19G009500.Wm82.a4.v1,0.8296032387151603
Glyma.17G254900.Wm82.a4.v1,0.8296032387151603
Glyma.15G035900.Wm82.a4.v1,0.8295962345733777
Glyma.04G237000.Wm82.a4.v1,0.8295472055809002
Glyma.06G196200.Wm82.a4.v1,0.8295285278694802
Glyma.16G038800.Wm82.a4.v1,0.8295051807302052
Glyma.18G243500.Wm82.a4.v1,0.8294958418744951
Glyma.20G002000.Wm82.a4.v1,0.82943513931238
Glyma.01G086000.Wm82.a4.v1,0.829421131028815
Glyma.02G069400.Wm82.a4.v1,0.829393114461685
Glyma.14G064900.Wm82.a4.v1,0.829383775605975
Glyma.11G074900.Wm82.a4.v1,0.82936976732241
Glyma.07G158000.Wm82.a4.v1,0.8293604284667
Glyma.18G036300.Wm82.a4.v1,0.8293417507552799
Glyma.12G228400.Wm82.a4.v1,0.8293230730438599
Glyma.19G223300.Wm82.a4.v1,0.8292810481931648
Glyma.10G023700.Wm82.a4.v1,0.8292483621981799
Glyma.09G257000.Wm82.a4.v1,0.8292250150589048
Glyma.07G071100.Wm82.a4.v1,0.8292110067753398
Glyma.20G140500.Wm82.a4.v1,0.8292063373474848
Glyma.05G139000.Wm82.a4.v1,0.8291969984917748
Glyma.02G108500.Wm82.a4.v1,0.8291503042132248
Glyma.07G119900.Wm82.a4.v1,0.8291129487903847
Glyma.12G196200.Wm82.a4.v1,0.8290615850839796
Glyma.07G124200.Wm82.a4.v1,0.8290522462282697
Glyma.07G152200.Wm82.a4.v1,0.8290335685168496
Glyma.20G050700.Wm82.a4.v1,0.8289868742382995
Glyma.10G069100.Wm82.a4.v1,0.8289588576711695
Glyma.08G026700.Wm82.a4.v1,0.8289541882433146
Glyma.17G150100.Wm82.a4.v1,0.8289355105318945
Glyma.17G057800.Wm82.a4.v1,0.8289028245369094
Glyma.10G038600.Wm82.a4.v1,0.8288794773976345
Glyma.08G266500.Wm82.a4.v1,0.828872473255852
Glyma.08G174100.Wm82.a4.v1,0.8288701385419245
Glyma.16G143200.Wm82.a4.v1,0.8288654691140694
Glyma.19G052100.Wm82.a4.v1,0.8288561302583595
Glyma.19G211100.Wm82.a4.v1,0.8288374525469394
Glyma.06G047900.Wm82.a4.v1,0.8288374525469394
Glyma.10G172100.Wm82.a4.v1,0.8288281136912294
Glyma.08G061700.Wm82.a4.v1,0.8288234442633744
Glyma.18G243900.Wm82.a4.v1,0.8287860888405344
Glyma.14G200900.Wm82.a4.v1,0.8287627417012593
Glyma.07G106600.Wm82.a4.v1,0.8287487334176943
Glyma.18G095200.Wm82.a4.v1,0.8287440639898394
Glyma.06G004800.Wm82.a4.v1,0.8287440639898394
Glyma.10G271500.Wm82.a4.v1,0.8286927002834342
Glyma.10G031700.Wm82.a4.v1,0.8286786919998692
Glyma.07G077000.Wm82.a4.v1,0.8286646837163042
Glyma.15G092400.Wm82.a4.v1,0.8286506754327392
Glyma.17G010600.Wm82.a4.v1,0.8286319977213192
Glyma.16G020600.Wm82.a4.v1,0.8286226588656092
Glyma.14G044500.Wm82.a4.v1,0.8285759645870592
Glyma.03G129100.Wm82.a4.v1,0.8285759645870592
Glyma.13G318100.Wm82.a4.v1,0.8285479480199291
Glyma.14G191200.Wm82.a4.v1,0.828510592597089
Glyma.10G140700.Wm82.a4.v1,0.8285059231692341
Glyma.04G029000.Wm82.a4.v1,0.8285012537413791
Glyma.05G189900.Wm82.a4.v1,0.828473237174249
Glyma.17G232700.Wm82.a4.v1,0.828473237174249
Glyma.06G024200.Wm82.a4.v1,0.828445220607119
Glyma.18G124600.Wm82.a4.v1,0.828435881751409
Glyma.14G129100.Wm82.a4.v1,0.828431212323554
Glyma.08G122233.Wm82.a4.v1,0.8283845180450039
Glyma.10G285200.Wm82.a4.v1,0.8283518320500189
Glyma.18G203400.Wm82.a4.v1,0.8283424931943089
Glyma.16G112900.Wm82.a4.v1,0.8283191460550339
Glyma.06G299100.Wm82.a4.v1,0.8283191460550339
Glyma.18G125500.Wm82.a4.v1,0.8282771212043388
Glyma.13G359900.Wm82.a4.v1,0.8282677823486289
Glyma.02G247700.Wm82.a4.v1,0.8282257574979338
Glyma.01G166000.Wm82.a4.v1,0.8282024103586587
Glyma.16G037100.Wm82.a4.v1,0.8281837326472388
Glyma.20G130500.Wm82.a4.v1,0.8281790632193837
Glyma.13G146200.Wm82.a4.v1,0.8281463772243987
Glyma.17G231800.Wm82.a4.v1,0.8281370383686887
Glyma.08G021400.Wm82.a4.v1,0.8281323689408336
Glyma.15G001600.Wm82.a4.v1,0.8281136912294137
Glyma.13G308900.Wm82.a4.v1,0.8280903440901386
Glyma.03G258800.Wm82.a4.v1,0.8280669969508636
Glyma.20G056400.Wm82.a4.v1,0.8280483192394436
Glyma.08G281800.Wm82.a4.v1,0.8280203026723135
Glyma.10G169000.Wm82.a4.v1,0.8280203026723135
Glyma.02G304500.Wm82.a4.v1,0.8279736083937635
Glyma.19G079100.Wm82.a4.v1,0.8279502612544885
Glyma.06G143100.Wm82.a4.v1,0.8279175752595035
Glyma.04G187500.Wm82.a4.v1,0.8278848892645184
Glyma.08G014200.Wm82.a4.v1,0.8278848892645184
Glyma.01G240700.Wm82.a4.v1,0.8278708809809534
Glyma.06G176300.Wm82.a4.v1,0.8277868312795633
Glyma.06G037100.Wm82.a4.v1,0.8277774924238533
Glyma.08G012000.Wm82.a4.v1,0.8277261287174482
Glyma.02G030200.Wm82.a4.v1,0.8277027815781732
Glyma.02G212100.Wm82.a4.v1,0.8276607567274782
Glyma.20G108900.Wm82.a4.v1,0.8276234013046382
Glyma.05G152300.Wm82.a4.v1,0.8276093930210732
Glyma.18G142500.Wm82.a4.v1,0.8275953847375082
Glyma.19G020400.Wm82.a4.v1,0.8275767070260881
Glyma.13G180900.Wm82.a4.v1,0.8275113350361181
Glyma.03G181800.Wm82.a4.v1,0.827497326752553
Glyma.13G213200.Wm82.a4.v1,0.827427285334728
Glyma.17G083200.Wm82.a4.v1,0.8274226159068729
Glyma.13G179000.Wm82.a4.v1,0.8274226159068729
Glyma.03G164700.Wm82.a4.v1,0.8274179464790179
Glyma.07G228400.Wm82.a4.v1,0.827413277051163
Glyma.13G089100.Wm82.a4.v1,0.8273432356333379
Glyma.20G153600.Wm82.a4.v1,0.8273338967776278
Glyma.16G026600.Wm82.a4.v1,0.8272825330712228
Glyma.09G039800.Wm82.a4.v1,0.8272638553598027
Glyma.13G306300.Wm82.a4.v1,0.8272218305091077
Glyma.12G174800.Wm82.a4.v1,0.8271938139419777
Glyma.17G187600.Wm82.a4.v1,0.8271938139419777
Glyma.01G006200.Wm82.a4.v1,0.8271798056584126
Glyma.10G172800.Wm82.a4.v1,0.8271471196634277
Glyma.11G019400.Wm82.a4.v1,0.8271237725241526
Glyma.U031805.Wm82.a4.v1,0.8271237725241526
Glyma.15G230600.Wm82.a4.v1,0.8271237725241526
Glyma.08G266300.Wm82.a4.v1,0.8271144336684426
Glyma.20G025400.Wm82.a4.v1,0.8270397228227625
Glyma.09G194900.Wm82.a4.v1,0.8270397228227625
Glyma.06G316600.Wm82.a4.v1,0.8270303839670525
Glyma.17G227100.Wm82.a4.v1,0.8269836896885024
Glyma.03G131900.Wm82.a4.v1,0.8269510036935175
Glyma.19G000500.Wm82.a4.v1,0.8269043094149674
Glyma.20G111200.Wm82.a4.v1,0.8268762928478374
Glyma.08G111500.Wm82.a4.v1,0.8268762928478374
Glyma.01G241400.Wm82.a4.v1,0.8268762928478374
Glyma.01G209200.Wm82.a4.v1,0.8268716234199823
Glyma.04G218500.Wm82.a4.v1,0.8268669539921274
Glyma.05G195400.Wm82.a4.v1,0.8268622845642724
Glyma.02G289700.Wm82.a4.v1,0.8268529457085624
Glyma.09G033800.Wm82.a4.v1,0.8268015820021573
Glyma.19G040200.Wm82.a4.v1,0.8267875737185922
Glyma.01G178000.Wm82.a4.v1,0.8267595571514622
Glyma.06G028500.Wm82.a4.v1,0.8267572224375347
Glyma.01G092100.Wm82.a4.v1,0.8267502182957522
Glyma.17G112700.Wm82.a4.v1,0.8266708380222172
Glyma.08G136400.Wm82.a4.v1,0.8266428214550872
Glyma.13G370500.Wm82.a4.v1,0.8266428214550872
Glyma.11G112700.Wm82.a4.v1,0.8266381520272321
Glyma.03G098300.Wm82.a4.v1,0.8266007966043921
Glyma.03G243500.Wm82.a4.v1,0.8266007966043921
Glyma.15G165100.Wm82.a4.v1,0.826563441181552
Glyma.15G118900.Wm82.a4.v1,0.826554102325842
Glyma.01G039000.Wm82.a4.v1,0.826498069191582
Glyma.19G248400.Wm82.a4.v1,0.8264747220523069
Glyma.03G004700.Wm82.a4.v1,0.8264747220523069
Glyma.07G103400.Wm82.a4.v1,0.8264490401991044
Glyma.08G337000.Wm82.a4.v1,0.8264373666294669
Glyma.19G007400.Wm82.a4.v1,0.8264233583459019
Glyma.04G055600.Wm82.a4.v1,0.8264093500623368
Glyma.17G002702.Wm82.a4.v1,0.8264093500623368
Glyma.07G060900.Wm82.a4.v1,0.8264046806344818
Glyma.11G214800.Wm82.a4.v1,0.8263533169280768
Glyma.12G005200.Wm82.a4.v1,0.8263299697888018
Glyma.15G054300.Wm82.a4.v1,0.8263159615052368
Glyma.09G031800.Wm82.a4.v1,0.8262972837938167
Glyma.10G290800.Wm82.a4.v1,0.8262879449381068
Glyma.05G233500.Wm82.a4.v1,0.8262786060823967
Glyma.01G203000.Wm82.a4.v1,0.8262552589431217
Glyma.04G104600.Wm82.a4.v1,0.8261992258088616
Glyma.11G096400.Wm82.a4.v1,0.8261945563810066
Glyma.03G213600.Wm82.a4.v1,0.8261898869531517
Glyma.14G035400.Wm82.a4.v1,0.8261898869531517
Glyma.19G046200.Wm82.a4.v1,0.8261572009581666
Glyma.12G002300.Wm82.a4.v1,0.8261291843910366
Glyma.13G001500.Wm82.a4.v1,0.8261011678239065
Glyma.05G087400.Wm82.a4.v1,0.8260871595403415
Glyma.05G242800.Wm82.a4.v1,0.8260684818289215
Glyma.08G207800.Wm82.a4.v1,0.8260217875503715
Glyma.12G205800.Wm82.a4.v1,0.8259844321275314
Glyma.11G014600.Wm82.a4.v1,0.8259470767046914
Glyma.14G184500.Wm82.a4.v1,0.8259377378489814
Glyma.10G058200.Wm82.a4.v1,0.8259237295654164
Glyma.08G284100.Wm82.a4.v1,0.8259050518539963
Glyma.05G139700.Wm82.a4.v1,0.8258770352868663
Glyma.07G041100.Wm82.a4.v1,0.8258536881475913
Glyma.08G011400.Wm82.a4.v1,0.8258350104361712
Glyma.01G193700.Wm82.a4.v1,0.8257556301626362
Glyma.08G134600.Wm82.a4.v1,0.8257509607347812
Glyma.10G008700.Wm82.a4.v1,0.8257416218790712
Glyma.10G181700.Wm82.a4.v1,0.8257369524512161
Glyma.03G198100.Wm82.a4.v1,0.8257276135955062
Glyma.02G293200.Wm82.a4.v1,0.8257229441676511
Glyma.15G013100.Wm82.a4.v1,0.8256972623144486
Glyma.17G244800.Wm82.a4.v1,0.8256949276005211
Glyma.16G059500.Wm82.a4.v1,0.8256855887448111
Glyma.08G158500.Wm82.a4.v1,0.8256809193169561
Glyma.03G019500.Wm82.a4.v1,0.8256435638941161
Glyma.13G312300.Wm82.a4.v1,0.825634225038406
Glyma.06G025400.Wm82.a4.v1,0.8255408364813059
Glyma.03G214300.Wm82.a4.v1,0.8255408364813059
Glyma.08G007100.Wm82.a4.v1,0.8255221587698859
Glyma.08G292600.Wm82.a4.v1,0.8254567867799159
Glyma.19G037200.Wm82.a4.v1,0.8254241007849308
Glyma.19G212800.Wm82.a4.v1,0.8254241007849308
Glyma.10G273700.Wm82.a4.v1,0.8254147619292208
Glyma.15G036700.Wm82.a4.v1,0.8254147619292208
Glyma.05G185800.Wm82.a4.v1,0.8253867453620908
Glyma.10G263200.Wm82.a4.v1,0.8253774065063808
Glyma.06G117400.Wm82.a4.v1,0.8253680676506707
Glyma.13G360500.Wm82.a4.v1,0.8253447205113957
Glyma.04G000400.Wm82.a4.v1,0.8253167039442657
Glyma.07G150100.Wm82.a4.v1,0.8252373236707307
Glyma.08G087700.Wm82.a4.v1,0.8252279848150206
Glyma.19G025200.Wm82.a4.v1,0.8252046376757456
Glyma.13G363100.Wm82.a4.v1,0.8251906293921806
Glyma.13G327500.Wm82.a4.v1,0.8251719516807605
Glyma.02G122700.Wm82.a4.v1,0.8251672822529056
Glyma.04G165900.Wm82.a4.v1,0.8251626128250505
Glyma.10G020800.Wm82.a4.v1,0.8251392656857756
Glyma.11G012000.Wm82.a4.v1,0.8251252574022105
Glyma.16G058900.Wm82.a4.v1,0.8250785631236605
Glyma.20G177800.Wm82.a4.v1,0.8250412077008205
Glyma.06G060800.Wm82.a4.v1,0.8250271994172554
Glyma.03G153800.Wm82.a4.v1,0.8250038522779803
Glyma.03G110300.Wm82.a4.v1,0.8249898439944153
Glyma.10G178700.Wm82.a4.v1,0.8249758357108503
Glyma.08G220900.Wm82.a4.v1,0.8249384802880103
Glyma.04G164500.Wm82.a4.v1,0.8248871165816053
Glyma.12G074800.Wm82.a4.v1,0.8248544305866202
Glyma.11G089900.Wm82.a4.v1,0.8247843891687952
Glyma.02G155000.Wm82.a4.v1,0.8247797197409401
Glyma.19G211500.Wm82.a4.v1,0.8247376948902451
Glyma.06G008300.Wm82.a4.v1,0.8247283560345351
Glyma.13G176800.Wm82.a4.v1,0.82472368660668
Glyma.06G288900.Wm82.a4.v1,0.8246629840445651
Glyma.11G253000.Wm82.a4.v1,0.824644306333145
Glyma.05G184400.Wm82.a4.v1,0.8245976120545949
Glyma.18G253900.Wm82.a4.v1,0.8245555872038999
Glyma.03G222200.Wm82.a4.v1,0.8244902152139298
Glyma.14G018300.Wm82.a4.v1,0.8244808763582199
Glyma.03G097900.Wm82.a4.v1,0.8244528597910898
Glyma.06G156600.Wm82.a4.v1,0.8244108349403948
Glyma.20G190100.Wm82.a4.v1,0.8243968266568298
Glyma.06G235500.Wm82.a4.v1,0.8243734795175547
Glyma.17G199200.Wm82.a4.v1,0.8243314546668596
Glyma.13G267851.Wm82.a4.v1,0.8243174463832946
Glyma.10G223300.Wm82.a4.v1,0.8242940992440196
Glyma.02G122200.Wm82.a4.v1,0.8242567438211796
Glyma.17G112500.Wm82.a4.v1,0.8242520743933246
Glyma.20G154000.Wm82.a4.v1,0.8242053801147745
Glyma.08G171500.Wm82.a4.v1,0.8242007106869196
Glyma.04G240000.Wm82.a4.v1,0.8241867024033546
Glyma.15G176400.Wm82.a4.v1,0.8241867024033546
Glyma.19G195100.Wm82.a4.v1,0.8241820329754995
Glyma.08G360100.Wm82.a4.v1,0.8241540164083695
Glyma.01G018000.Wm82.a4.v1,0.8241353386969494
Glyma.03G188900.Wm82.a4.v1,0.8241306692690945
Glyma.17G057700.Wm82.a4.v1,0.8241259998412395
Glyma.18G111301.Wm82.a4.v1,0.8241026527019645
Glyma.10G210600.Wm82.a4.v1,0.8240699667069794
Glyma.17G180300.Wm82.a4.v1,0.8240512889955594
Glyma.15G269800.Wm82.a4.v1,0.8240466195677044
Glyma.06G018800.Wm82.a4.v1,0.8240279418562844
Glyma.04G224000.Wm82.a4.v1,0.8240139335727193
Glyma.19G114500.Wm82.a4.v1,0.8239859170055893
Glyma.10G186500.Wm82.a4.v1,0.8239205450156193
Glyma.02G091100.Wm82.a4.v1,0.8238878590206342
Glyma.02G019100.Wm82.a4.v1,0.8238831895927792
Glyma.04G214600.Wm82.a4.v1,0.8238691813092142
Glyma.02G125400.Wm82.a4.v1,0.8237944704635342
Glyma.13G252800.Wm82.a4.v1,0.8237757927521141
Glyma.08G096300.Wm82.a4.v1,0.8237477761849841
Glyma.08G152700.Wm82.a4.v1,0.823729098473564
Glyma.13G159400.Wm82.a4.v1,0.823691743050724
Glyma.01G084500.Wm82.a4.v1,0.823673065339304
Glyma.17G073100.Wm82.a4.v1,0.8236076933493339
Glyma.16G014800.Wm82.a4.v1,0.8235469907872188
Glyma.06G171000.Wm82.a4.v1,0.8235236436479438
Glyma.10G156900.Wm82.a4.v1,0.8235002965086687
Glyma.06G075600.Wm82.a4.v1,0.8234722799415387
Glyma.04G114300.Wm82.a4.v1,0.8234302550908437
Glyma.03G232900.Wm82.a4.v1,0.8233555442451637
Glyma.05G127900.Wm82.a4.v1,0.8233088499666136
Glyma.11G040000.Wm82.a4.v1,0.8232901722551935
Glyma.12G164700.Wm82.a4.v1,0.8232855028273386
Glyma.01G152100.Wm82.a4.v1,0.8232855028273386
Glyma.08G141100.Wm82.a4.v1,0.8232855028273386
Glyma.09G251200.Wm82.a4.v1,0.8232761639716285
Glyma.13G343600.Wm82.a4.v1,0.8231967836980935
Glyma.11G246000.Wm82.a4.v1,0.8230940562852833
Glyma.02G305900.Wm82.a4.v1,0.8230940562852833
Glyma.13G160700.Wm82.a4.v1,0.8230893868574284
Glyma.19G215800.Wm82.a4.v1,0.8230800480017183
Glyma.11G112200.Wm82.a4.v1,0.8230567008624433
Glyma.17G178700.Wm82.a4.v1,0.8230520314345883
Glyma.13G128300.Wm82.a4.v1,0.8230520314345883
Glyma.04G016600.Wm82.a4.v1,0.8230193454396033
Glyma.13G310900.Wm82.a4.v1,0.8229843247306907
Glyma.06G030500.Wm82.a4.v1,0.8229819900167632
Glyma.14G155900.Wm82.a4.v1,0.8229726511610532
Glyma.14G006700.Wm82.a4.v1,0.8229352957382132
Glyma.05G054800.Wm82.a4.v1,0.8229072791710832
Glyma.08G351000.Wm82.a4.v1,0.8228886014596631
Glyma.U032705.Wm82.a4.v1,0.822790543474708
Glyma.13G152270.Wm82.a4.v1,0.822725171484738
Glyma.08G253000.Wm82.a4.v1,0.822720502056883
Glyma.17G219500.Wm82.a4.v1,0.822683146634043
Glyma.08G023900.Wm82.a4.v1,0.8226177746440728
Glyma.08G311400.Wm82.a4.v1,0.8226037663605078
Glyma.04G246800.Wm82.a4.v1,0.8225990969326529
Glyma.06G223800.Wm82.a4.v1,0.8225804192212328
Glyma.09G152300.Wm82.a4.v1,0.8225710803655228
Glyma.06G296000.Wm82.a4.v1,0.8225617415098128
Glyma.02G294000.Wm82.a4.v1,0.8225430637983928
Glyma.02G105600.Wm82.a4.v1,0.8225337249426827
Glyma.16G134900.Wm82.a4.v1,0.8225220513730452
Glyma.02G143000.Wm82.a4.v1,0.8225057083755527
Glyma.17G135500.Wm82.a4.v1,0.8224917000919877
Glyma.18G149700.Wm82.a4.v1,0.8224636835248577
Glyma.19G250700.Wm82.a4.v1,0.8224636835248577
Glyma.13G042500.Wm82.a4.v1,0.8224169892463077
Glyma.08G082100.Wm82.a4.v1,0.8223843032513226
Glyma.13G287300.Wm82.a4.v1,0.8223749643956126
Glyma.09G069800.Wm82.a4.v1,0.8223516172563375
Glyma.18G274700.Wm82.a4.v1,0.8223329395449176
Glyma.10G170800.Wm82.a4.v1,0.8223282701170626
Glyma.04G250400.Wm82.a4.v1,0.8222909146942226
Glyma.18G015700.Wm82.a4.v1,0.8222862452663675
Glyma.19G200400.Wm82.a4.v1,0.8222815758385125
Glyma.08G108500.Wm82.a4.v1,0.8222348815599625
Glyma.11G164037.Wm82.a4.v1,0.8222348815599625
Glyma.11G152200.Wm82.a4.v1,0.8222302121321075
Glyma.03G003600.Wm82.a4.v1,0.8221368235750074
Glyma.01G116000.Wm82.a4.v1,0.8220667821571823
Glyma.03G196100.Wm82.a4.v1,0.8220621127293273
Glyma.19G175700.Wm82.a4.v1,0.8220387655900523
Glyma.08G266100.Wm82.a4.v1,0.8220154184507772
Glyma.09G217300.Wm82.a4.v1,0.8220060795950672
Glyma.02G019300.Wm82.a4.v1,0.8219547158886622
Glyma.02G234500.Wm82.a4.v1,0.8219033521822571
Glyma.18G010300.Wm82.a4.v1,0.8218706661872721
Glyma.11G156500.Wm82.a4.v1,0.8218519884758521
Glyma.12G151400.Wm82.a4.v1,0.821791285913737
Glyma.03G050300.Wm82.a4.v1,0.821786616485882
Glyma.06G069200.Wm82.a4.v1,0.821772608202317
Glyma.13G288400.Wm82.a4.v1,0.8216838890730719
Glyma.13G245900.Wm82.a4.v1,0.8216185170831019
Glyma.20G021600.Wm82.a4.v1,0.8215811616602617
Glyma.19G249900.Wm82.a4.v1,0.8215671533766967
Glyma.02G256800.Wm82.a4.v1,0.8215438062374217
Glyma.08G106500.Wm82.a4.v1,0.8215297979538567
Glyma.15G249400.Wm82.a4.v1,0.8215251285260017
Glyma.13G241800.Wm82.a4.v1,0.8214714301056691
Glyma.14G142500.Wm82.a4.v1,0.8213780415485691
Glyma.17G223800.Wm82.a4.v1,0.8213710374067865
Glyma.20G161500.Wm82.a4.v1,0.8213710374067865
Glyma.01G222400.Wm82.a4.v1,0.8212216157154264
Glyma.16G145100.Wm82.a4.v1,0.8211889297204413
Glyma.12G114900.Wm82.a4.v1,0.8211889297204413
Glyma.08G237500.Wm82.a4.v1,0.8211609131533113
Glyma.17G051800.Wm82.a4.v1,0.8211048800190512
Glyma.06G016700.Wm82.a4.v1,0.8210535163126462
Glyma.08G007700.Wm82.a4.v1,0.8210395080290812
Glyma.18G102800.Wm82.a4.v1,0.8210254997455162
Glyma.15G077900.Wm82.a4.v1,0.8210208303176612
Glyma.17G167900.Wm82.a4.v1,0.8210068220340961
Glyma.14G202100.Wm82.a4.v1,0.8209694666112561
Glyma.11G179300.Wm82.a4.v1,0.8209601277555462
Glyma.03G075500.Wm82.a4.v1,0.8208994251934311
Glyma.14G144700.Wm82.a4.v1,0.820852730914881
Glyma.19G161200.Wm82.a4.v1,0.8207966977806209
Glyma.01G226000.Wm82.a4.v1,0.8207826894970559
Glyma.16G087600.Wm82.a4.v1,0.8207266563627958
Glyma.14G201500.Wm82.a4.v1,0.8206426066614058
Glyma.20G110900.Wm82.a4.v1,0.8206332678056958
Glyma.01G213200.Wm82.a4.v1,0.8206005818107107
Glyma.02G137700.Wm82.a4.v1,0.8205912429550007
Glyma.08G018000.Wm82.a4.v1,0.8205889082410732
Glyma.15G042700.Wm82.a4.v1,0.8205865735271457
Glyma.17G226500.Wm82.a4.v1,0.8205772346714357
Glyma.16G016200.Wm82.a4.v1,0.8205678958157256
Glyma.19G248600.Wm82.a4.v1,0.8205258709650306
Glyma.01G040000.Wm82.a4.v1,0.8205071932536107
Glyma.18G117100.Wm82.a4.v1,0.8204978543979006
Glyma.14G001500.Wm82.a4.v1,0.8204931849700456
Glyma.18G210100.Wm82.a4.v1,0.8204791766864806
Glyma.04G185900.Wm82.a4.v1,0.8204418212636405
Glyma.02G211700.Wm82.a4.v1,0.8204371518357856
Glyma.10G150100.Wm82.a4.v1,0.8204091352686556
Glyma.16G116350.Wm82.a4.v1,0.8203811187015255
Glyma.08G052500.Wm82.a4.v1,0.8203717798458154
Glyma.08G354600.Wm82.a4.v1,0.8203717798458154
Glyma.10G159100.Wm82.a4.v1,0.8203531021343955
Glyma.10G281600.Wm82.a4.v1,0.8203437632786854
Glyma.09G281000.Wm82.a4.v1,0.8203437632786854
Glyma.05G217800.Wm82.a4.v1,0.8203017384279904
Glyma.20G020600.Wm82.a4.v1,0.8202737218608603
Glyma.09G264400.Wm82.a4.v1,0.8202550441494404
Glyma.11G254300.Wm82.a4.v1,0.8202433705798029
Glyma.09G069700.Wm82.a4.v1,0.8202036804430353
Glyma.10G119200.Wm82.a4.v1,0.8201476473087752
Glyma.15G025900.Wm82.a4.v1,0.8201336390252102
Glyma.18G040400.Wm82.a4.v1,0.8201336390252102
Glyma.12G076900.Wm82.a4.v1,0.8200355810402551
Glyma.18G237200.Wm82.a4.v1,0.81999355618956
Glyma.06G023900.Wm82.a4.v1,0.8199702090502851
Glyma.07G244700.Wm82.a4.v1,0.81995620076672
Glyma.13G051200.Wm82.a4.v1,0.8199375230553
Glyma.13G068600.Wm82.a4.v1,0.81992818419959
Glyma.02G012900.Wm82.a4.v1,0.81991884534388
Glyma.17G098000.Wm82.a4.v1,0.819886159348895
Glyma.19G210700.Wm82.a4.v1,0.8198581427817649
Glyma.08G292700.Wm82.a4.v1,0.8198534733539099
Glyma.09G236800.Wm82.a4.v1,0.8198301262146349
Glyma.07G250000.Wm82.a4.v1,0.8198301262146349
Glyma.11G204200.Wm82.a4.v1,0.8198114485032149
Glyma.12G062600.Wm82.a4.v1,0.8197927707917949
Glyma.15G108700.Wm82.a4.v1,0.8197414070853898
Glyma.16G207800.Wm82.a4.v1,0.8196106631054497
Glyma.18G251400.Wm82.a4.v1,0.8196106631054497
Glyma.02G212600.Wm82.a4.v1,0.8195873159661746
Glyma.16G135000.Wm82.a4.v1,0.8195733076826096
Glyma.03G011100.Wm82.a4.v1,0.8195686382547547
Glyma.13G001900.Wm82.a4.v1,0.8195219439762046
Glyma.03G118400.Wm82.a4.v1,0.8195126051204946
Glyma.03G050400.Wm82.a4.v1,0.8194145471355395
Glyma.08G352800.Wm82.a4.v1,0.8193211585784393
Glyma.01G045800.Wm82.a4.v1,0.8193118197227294
Glyma.01G109100.Wm82.a4.v1,0.8192884725834544
Glyma.11G134800.Wm82.a4.v1,0.8192651254441793
Glyma.06G091300.Wm82.a4.v1,0.8192557865884693
Glyma.02G055500.Wm82.a4.v1,0.8192557865884693
Glyma.15G008200.Wm82.a4.v1,0.8192184311656293
Glyma.15G126900.Wm82.a4.v1,0.8192184311656293
Glyma.03G194800.Wm82.a4.v1,0.8192184311656293
Glyma.08G302400.Wm82.a4.v1,0.8191577286035142
Glyma.20G009200.Wm82.a4.v1,0.8191530591756592
Glyma.19G254000.Wm82.a4.v1,0.8191530591756592
Glyma.12G009900.Wm82.a4.v1,0.8191343814642392
Glyma.15G271900.Wm82.a4.v1,0.8191203731806742
Glyma.08G072300.Wm82.a4.v1,0.8191063648971092
Glyma.02G155600.Wm82.a4.v1,0.8190690094742691
Glyma.07G030000.Wm82.a4.v1,0.8190596706185591
Glyma.15G127400.Wm82.a4.v1,0.8190503317628491
Glyma.17G079700.Wm82.a4.v1,0.8190456623349941
Glyma.01G045100.Wm82.a4.v1,0.8190223151957191
Glyma.04G160900.Wm82.a4.v1,0.818989629200734
Glyma.11G141100.Wm82.a4.v1,0.818984959772879
Glyma.17G029000.Wm82.a4.v1,0.818975620917169
Glyma.13G090700.Wm82.a4.v1,0.818947604350039
Glyma.07G108100.Wm82.a4.v1,0.8188869017879239
Glyma.04G185300.Wm82.a4.v1,0.8188869017879239
Glyma.08G334800.Wm82.a4.v1,0.8187888438029688
Glyma.10G147600.Wm82.a4.v1,0.8187654966636938
Glyma.08G318400.Wm82.a4.v1,0.8187561578079838
Glyma.16G025700.Wm82.a4.v1,0.8187188023851437
Glyma.08G018700.Wm82.a4.v1,0.8186580998230287
Glyma.12G160800.Wm82.a4.v1,0.8186534303951737
Glyma.20G123800.Wm82.a4.v1,0.8186394221116087
Glyma.08G039600.Wm82.a4.v1,0.8186300832558987
Glyma.19G116100.Wm82.a4.v1,0.8186300832558987
Glyma.09G035600.Wm82.a4.v1,0.8185787195494936
Glyma.17G128600.Wm82.a4.v1,0.8184993392759585
Glyma.05G117000.Wm82.a4.v1,0.8184853309923935
Glyma.13G044800.Wm82.a4.v1,0.8184666532809735
Glyma.11G235200.Wm82.a4.v1,0.8184526449974084
Glyma.03G173400.Wm82.a4.v1,0.8184059507188585
Glyma.06G163300.Wm82.a4.v1,0.8184059507188585
Glyma.19G134100.Wm82.a4.v1,0.8184012812910034
Glyma.07G001600.Wm82.a4.v1,0.8184012812910034
Glyma.01G012700.Wm82.a4.v1,0.8183545870124533
Glyma.04G082700.Wm82.a4.v1,0.8183125621617583
Glyma.17G032700.Wm82.a4.v1,0.8183078927339034
Glyma.04G139400.Wm82.a4.v1,0.8182518595996433
Glyma.12G070300.Wm82.a4.v1,0.8182518595996433
Glyma.03G012900.Wm82.a4.v1,0.8182425207439332
Glyma.18G213200.Wm82.a4.v1,0.8182378513160783
Glyma.10G165000.Wm82.a4.v1,0.8182191736046582
Glyma.18G187200.Wm82.a4.v1,0.8182121694628757
Glyma.01G139600.Wm82.a4.v1,0.8181864876096732
Glyma.05G072300.Wm82.a4.v1,0.8181584710425431
Glyma.02G045200.Wm82.a4.v1,0.8181538016146882
Glyma.17G135200.Wm82.a4.v1,0.8180930990525731
Glyma.06G126600.Wm82.a4.v1,0.818074421341153
Glyma.07G268200.Wm82.a4.v1,0.818074421341153
Glyma.09G218500.Wm82.a4.v1,0.8180697519132981
Glyma.14G069600.Wm82.a4.v1,0.8180650824854431
Glyma.09G018300.Wm82.a4.v1,0.8180557436297331
Glyma.08G215500.Wm82.a4.v1,0.818046404774023
Glyma.02G099500.Wm82.a4.v1,0.818023057634748
Glyma.12G082400.Wm82.a4.v1,0.818009049351183
Glyma.07G047800.Wm82.a4.v1,0.8179390079333579
Glyma.07G128200.Wm82.a4.v1,0.8179203302219379
Glyma.15G150400.Wm82.a4.v1,0.8178876442269529
Glyma.08G300100.Wm82.a4.v1,0.8178129333812728
Glyma.13G370300.Wm82.a4.v1,0.8177989250977078
Glyma.05G245200.Wm82.a4.v1,0.8177895862419978
Glyma.03G169500.Wm82.a4.v1,0.8176915282570426
Glyma.08G218700.Wm82.a4.v1,0.8176261562670726
Glyma.09G148900.Wm82.a4.v1,0.8176214868392175
Glyma.12G077333.Wm82.a4.v1,0.8176028091277976
Glyma.07G254400.Wm82.a4.v1,0.8175888008442326
Glyma.01G087500.Wm82.a4.v1,0.8175794619885225
Glyma.13G356900.Wm82.a4.v1,0.8175187594264075
Glyma.18G102500.Wm82.a4.v1,0.8175094205706974
Glyma.06G136800.Wm82.a4.v1,0.8175047511428425
Glyma.10G182000.Wm82.a4.v1,0.8174393791528723
Glyma.13G278800.Wm82.a4.v1,0.8174207014414524
Glyma.19G061200.Wm82.a4.v1,0.8174066931578874
Glyma.07G178800.Wm82.a4.v1,0.8173880154464673
Glyma.12G155700.Wm82.a4.v1,0.8173833460186123
Glyma.11G007100.Wm82.a4.v1,0.8173786765907574
Glyma.09G192500.Wm82.a4.v1,0.8172526020386722
Glyma.04G014100.Wm82.a4.v1,0.8172479326108172
Glyma.13G093000.Wm82.a4.v1,0.8172012383322671
Glyma.13G190300.Wm82.a4.v1,0.8171498746258621
Glyma.19G028200.Wm82.a4.v1,0.8171265274865871
Glyma.03G218300.Wm82.a4.v1,0.8171125192030221
Glyma.13G153300.Wm82.a4.v1,0.817075163780182
Glyma.16G079200.Wm82.a4.v1,0.817065824924472
Glyma.05G066800.Wm82.a4.v1,0.817061155496617
Glyma.11G251500.Wm82.a4.v1,0.817056486068762
Glyma.15G195700.Wm82.a4.v1,0.8170471472130519
Glyma.17G074600.Wm82.a4.v1,0.817042477785197
Glyma.06G036500.Wm82.a4.v1,0.8170191306459219
Glyma.18G189900.Wm82.a4.v1,0.8170097917902119
Glyma.12G058100.Wm82.a4.v1,0.8170051223623569
Glyma.15G152000.Wm82.a4.v1,0.8169537586559519
Glyma.12G084000.Wm82.a4.v1,0.8169257420888218
Glyma.09G187100.Wm82.a4.v1,0.8169070643774018
Glyma.05G216700.Wm82.a4.v1,0.8169047296634744
Glyma.06G058100.Wm82.a4.v1,0.8168837172381268
Glyma.04G206400.Wm82.a4.v1,0.8168697089545618
Glyma.02G236900.Wm82.a4.v1,0.8168510312431417
Glyma.09G248400.Wm82.a4.v1,0.8168090063924467
Glyma.01G242000.Wm82.a4.v1,0.8167996675367367
Glyma.02G290800.Wm82.a4.v1,0.8167856592531717
Glyma.06G275700.Wm82.a4.v1,0.8167669815417516
Glyma.15G157500.Wm82.a4.v1,0.8167389649746216
Glyma.10G153800.Wm82.a4.v1,0.8166876012682166
Glyma.07G170700.Wm82.a4.v1,0.8166595847010866
Glyma.11G256800.Wm82.a4.v1,0.8165755349996965
Glyma.07G130300.Wm82.a4.v1,0.8165708655718414
Glyma.15G115100.Wm82.a4.v1,0.8165428490047114
Glyma.16G056900.Wm82.a4.v1,0.8165335101490014
Glyma.10G031400.Wm82.a4.v1,0.8165054935818714
Glyma.10G298200.Wm82.a4.v1,0.8164401215919014
Glyma.12G097100.Wm82.a4.v1,0.8163607413183662
Glyma.07G188100.Wm82.a4.v1,0.8163560718905113
Glyma.07G229800.Wm82.a4.v1,0.8163467330348012
Glyma.05G144800.Wm82.a4.v1,0.8163467330348012
Glyma.09G202700.Wm82.a4.v1,0.8163373941790912
Glyma.01G233000.Wm82.a4.v1,0.8163187164676712
Glyma.05G129600.Wm82.a4.v1,0.8163093776119612
Glyma.09G103700.Wm82.a4.v1,0.8163093776119612
Glyma.10G167500.Wm82.a4.v1,0.8163093776119612
Glyma.10G214200.Wm82.a4.v1,0.8163000387562512
Glyma.03G100500.Wm82.a4.v1,0.8162860304726862
Glyma.13G204100.Wm82.a4.v1,0.8162720221891212
Glyma.10G203200.Wm82.a4.v1,0.8162253279105711
Glyma.07G068750.Wm82.a4.v1,0.8162066501991511
Glyma.16G066300.Wm82.a4.v1,0.8161739642041661
Glyma.06G195500.Wm82.a4.v1,0.816155286492746
Glyma.13G222500.Wm82.a4.v1,0.816141278209181
Glyma.12G050900.Wm82.a4.v1,0.816117931069906
Glyma.08G345100.Wm82.a4.v1,0.816108592214196
Glyma.18G146900.Wm82.a4.v1,0.816108592214196
Glyma.06G124800.Wm82.a4.v1,0.816108592214196
Glyma.06G032200.Wm82.a4.v1,0.816089914502776
Glyma.10G273100.Wm82.a4.v1,0.8160292119406609
Glyma.08G232400.Wm82.a4.v1,0.8160245425128059
Glyma.18G011900.Wm82.a4.v1,0.8159591705228358
Glyma.09G182600.Wm82.a4.v1,0.8158937985328658
Glyma.10G073600.Wm82.a4.v1,0.8158891291050108
Glyma.16G067500.Wm82.a4.v1,0.8158891291050108
Glyma.12G242200.Wm82.a4.v1,0.8158891291050108
Glyma.16G027400.Wm82.a4.v1,0.8158471042543157
Glyma.02G070100.Wm82.a4.v1,0.8158377653986058
Glyma.12G236800.Wm82.a4.v1,0.8158330959707507
Glyma.01G205900.Wm82.a4.v1,0.8157864016922006
Glyma.19G121800.Wm82.a4.v1,0.8157770628364907
Glyma.15G162900.Wm82.a4.v1,0.8157490462693606
Glyma.04G056400.Wm82.a4.v1,0.8157303685579406
Glyma.03G160000.Wm82.a4.v1,0.8157256991300856
Glyma.06G051200.Wm82.a4.v1,0.8157210297022306
Glyma.07G260400.Wm82.a4.v1,0.8157023519908105
Glyma.08G035200.Wm82.a4.v1,0.8156649965679705
Glyma.19G041300.Wm82.a4.v1,0.8156323105729855
Glyma.04G204600.Wm82.a4.v1,0.8156229717172755
Glyma.12G129600.Wm82.a4.v1,0.8156183022894204
Glyma.18G213700.Wm82.a4.v1,0.8155249137323204
Glyma.17G068500.Wm82.a4.v1,0.8154922277373353
Glyma.19G220400.Wm82.a4.v1,0.8154828888816253
Glyma.03G109000.Wm82.a4.v1,0.8154315251752203
Glyma.10G190100.Wm82.a4.v1,0.8154268557473653
Glyma.06G289500.Wm82.a4.v1,0.8154175168916553
Glyma.03G124400.Wm82.a4.v1,0.8154081780359452
Glyma.12G117500.Wm82.a4.v1,0.8153988391802353
Glyma.05G018100.Wm82.a4.v1,0.8153848308966702
Glyma.06G043800.Wm82.a4.v1,0.8153521449016852
Glyma.10G021600.Wm82.a4.v1,0.8153101200509901
Glyma.02G178250.Wm82.a4.v1,0.8152961117674251
Glyma.08G089600.Wm82.a4.v1,0.8152587563445851
Glyma.02G217400.Wm82.a4.v1,0.8152540869167301
Glyma.04G054000.Wm82.a4.v1,0.8152354092053101
Glyma.13G178500.Wm82.a4.v1,0.81519805378247
Glyma.06G138500.Wm82.a4.v1,0.81517003721534
Glyma.20G050800.Wm82.a4.v1,0.81516069835963
Glyma.18G067000.Wm82.a4.v1,0.81515135950392
Glyma.15G143300.Wm82.a4.v1,0.8151140040810799
Glyma.02G294200.Wm82.a4.v1,0.81510466522537
Glyma.06G002600.Wm82.a4.v1,0.8150999957975149
Glyma.17G047700.Wm82.a4.v1,0.8150626403746749
Glyma.01G028700.Wm82.a4.v1,0.8150486320911099
Glyma.03G251900.Wm82.a4.v1,0.8150392932353999
Glyma.18G164200.Wm82.a4.v1,0.8150252849518349
Glyma.02G112400.Wm82.a4.v1,0.8150206155239799
Glyma.15G142600.Wm82.a4.v1,0.8149832601011399
Glyma.02G229400.Wm82.a4.v1,0.8149645823897198
Glyma.09G129000.Wm82.a4.v1,0.8149178881111697
Glyma.19G234200.Wm82.a4.v1,0.8149085492554597
Glyma.13G279400.Wm82.a4.v1,0.8148852021161848
Glyma.08G108800.Wm82.a4.v1,0.8148618549769097
Glyma.16G073200.Wm82.a4.v1,0.8148291689819246
Glyma.11G077000.Wm82.a4.v1,0.8147731358476645
Glyma.09G198200.Wm82.a4.v1,0.8147357804248245
Glyma.01G054200.Wm82.a4.v1,0.8147171027134045
Glyma.20G013600.Wm82.a4.v1,0.8146937555741295
Glyma.01G056800.Wm82.a4.v1,0.8146517307234344
Glyma.03G164800.Wm82.a4.v1,0.8146097058727394
Glyma.11G110800.Wm82.a4.v1,0.8145676810220444
Glyma.14G208500.Wm82.a4.v1,0.8145630115941893
Glyma.17G041700.Wm82.a4.v1,0.8145256561713493
Glyma.03G120900.Wm82.a4.v1,0.8144929701763642
Glyma.01G030600.Wm82.a4.v1,0.8144883007485093
Glyma.12G076100.Wm82.a4.v1,0.8144696230370893
Glyma.05G035000.Wm82.a4.v1,0.8144696230370893
Glyma.01G144200.Wm82.a4.v1,0.8144696230370893
Glyma.08G075500.Wm82.a4.v1,0.8144602841813793
Glyma.04G189600.Wm82.a4.v1,0.8144275981863942
Glyma.05G014800.Wm82.a4.v1,0.8144135899028292
Glyma.13G118100.Wm82.a4.v1,0.8144135899028292
Glyma.05G110200.Wm82.a4.v1,0.8144042510471192
Glyma.14G132500.Wm82.a4.v1,0.8143855733356992
Glyma.04G003500.Wm82.a4.v1,0.8143668956242791
Glyma.05G249000.Wm82.a4.v1,0.8143388790571491
Glyma.16G018200.Wm82.a4.v1,0.8143388790571491
Glyma.16G033500.Wm82.a4.v1,0.8143015236343091
Glyma.08G192200.Wm82.a4.v1,0.814296854206454
Glyma.13G359800.Wm82.a4.v1,0.8142781764950341
Glyma.03G018800.Wm82.a4.v1,0.8142641682114691
Glyma.13G151300.Wm82.a4.v1,0.814259498783614
Glyma.09G023700.Wm82.a4.v1,0.814236151644339
Glyma.17G115400.Wm82.a4.v1,0.814236151644339
Glyma.03G108900.Wm82.a4.v1,0.814203465649354
Glyma.15G042000.Wm82.a4.v1,0.814203465649354
Glyma.20G143600.Wm82.a4.v1,0.8141847879379339
Glyma.11G248000.Wm82.a4.v1,0.8141847879379339
Glyma.19G235800.Wm82.a4.v1,0.8141847879379339
Glyma.15G024400.Wm82.a4.v1,0.814180118510079
Glyma.16G152700.Wm82.a4.v1,0.8141707796543689
Glyma.18G182000.Wm82.a4.v1,0.8141334242315289
Glyma.17G163800.Wm82.a4.v1,0.8140913993808339
Glyma.10G268500.Wm82.a4.v1,0.8140493745301388
Glyma.09G126400.Wm82.a4.v1,0.8140026802515887
Glyma.06G263300.Wm82.a4.v1,0.8140026802515887
Glyma.11G090100.Wm82.a4.v1,0.8139933413958788
Glyma.09G248500.Wm82.a4.v1,0.8139606554008937
Glyma.06G215400.Wm82.a4.v1,0.8139513165451837
Glyma.15G251500.Wm82.a4.v1,0.8139139611223437
Glyma.19G148700.Wm82.a4.v1,0.8138579279880837
Glyma.12G209100.Wm82.a4.v1,0.8138018948538236
Glyma.08G285000.Wm82.a4.v1,0.8137505311474185
Glyma.10G043300.Wm82.a4.v1,0.8137365228638535
Glyma.15G038400.Wm82.a4.v1,0.813715510438506
Glyma.18G002400.Wm82.a4.v1,0.8136898285853035
Glyma.09G187700.Wm82.a4.v1,0.8136758203017385
Glyma.01G046200.Wm82.a4.v1,0.8136618120181734
Glyma.20G145900.Wm82.a4.v1,0.8135590846053633
Glyma.04G213400.Wm82.a4.v1,0.8135544151775083
Glyma.03G242900.Wm82.a4.v1,0.8135357374660883
Glyma.04G228600.Wm82.a4.v1,0.8135217291825233
Glyma.11G014500.Wm82.a4.v1,0.8135217291825233
Glyma.19G127800.Wm82.a4.v1,0.8134703654761182
Glyma.04G072700.Wm82.a4.v1,0.8134610266204082
Glyma.06G002700.Wm82.a4.v1,0.8133606339215256
Glyma.09G254800.Wm82.a4.v1,0.813330282640468
Glyma.01G064400.Wm82.a4.v1,0.8133116049290481
Glyma.17G031800.Wm82.a4.v1,0.813255571794788
Glyma.01G203200.Wm82.a4.v1,0.813241563511223
Glyma.09G082900.Wm82.a4.v1,0.813227555227658
Glyma.10G292400.Wm82.a4.v1,0.813199538660528
Glyma.02G155100.Wm82.a4.v1,0.8131761915212529
Glyma.19G125700.Wm82.a4.v1,0.8131575138098329
Glyma.20G014300.Wm82.a4.v1,0.8131435055262679
Glyma.12G059100.Wm82.a4.v1,0.8131388360984129
Glyma.14G133000.Wm82.a4.v1,0.8131154889591379
Glyma.19G053500.Wm82.a4.v1,0.8131061501034278
Glyma.13G358300.Wm82.a4.v1,0.8130874723920078
Glyma.16G109700.Wm82.a4.v1,0.8130454475413128
Glyma.12G233900.Wm82.a4.v1,0.8130454475413128
Glyma.07G261400.Wm82.a4.v1,0.8130221004020377
Glyma.06G017700.Wm82.a4.v1,0.8129847449791977
Glyma.10G274600.Wm82.a4.v1,0.8129707366956327
Glyma.12G195800.Wm82.a4.v1,0.8129567284120677
Glyma.08G223400.Wm82.a4.v1,0.8129240424170826
Glyma.08G037600.Wm82.a4.v1,0.8128820175663876
Glyma.04G111200.Wm82.a4.v1,0.8128773481385326
Glyma.13G191900.Wm82.a4.v1,0.8128306538599825
Glyma.03G122200.Wm82.a4.v1,0.8128166455764175
Glyma.17G085000.Wm82.a4.v1,0.8128166455764175
Glyma.01G227000.Wm82.a4.v1,0.8127979678649975
Glyma.14G011300.Wm82.a4.v1,0.8127606124421575
Glyma.07G194800.Wm82.a4.v1,0.8126765627407674
Glyma.03G216700.Wm82.a4.v1,0.8126765627407674
Glyma.18G169600.Wm82.a4.v1,0.8126625544572024
Glyma.10G146800.Wm82.a4.v1,0.8126485461736374
Glyma.20G156400.Wm82.a4.v1,0.8126392073179274
Glyma.11G011700.Wm82.a4.v1,0.8125925130393773
Glyma.02G245500.Wm82.a4.v1,0.8125691659001023
Glyma.04G063400.Wm82.a4.v1,0.8125644964722473
Glyma.11G194000.Wm82.a4.v1,0.8125644964722473
Glyma.06G053800.Wm82.a4.v1,0.8125551576165373
Glyma.18G261100.Wm82.a4.v1,0.8125504881886823
Glyma.17G085300.Wm82.a4.v1,0.8125364799051172
Glyma.05G027100.Wm82.a4.v1,0.8125224716215522
Glyma.16G123000.Wm82.a4.v1,0.8125037939101322
Glyma.10G099700.Wm82.a4.v1,0.8124290830644522
Glyma.02G143100.Wm82.a4.v1,0.8124244136365971
Glyma.09G016700.Wm82.a4.v1,0.8124010664973221
Glyma.20G158600.Wm82.a4.v1,0.8123683805023371
Glyma.07G206800.Wm82.a4.v1,0.812349702790917
Glyma.14G031300.Wm82.a4.v1,0.812307677940222
Glyma.13G141700.Wm82.a4.v1,0.812260983661672
Glyma.12G212000.Wm82.a4.v1,0.8122516448059619
Glyma.20G057600.Wm82.a4.v1,0.8122516448059619
Glyma.11G098300.Wm82.a4.v1,0.812246975378107
Glyma.07G147700.Wm82.a4.v1,0.8122376365223969
Glyma.16G031600.Wm82.a4.v1,0.8122142893831219
Glyma.05G240000.Wm82.a4.v1,0.8121675951045718
Glyma.09G269900.Wm82.a4.v1,0.8121395785374418
Glyma.19G006700.Wm82.a4.v1,0.8120882148310368
Glyma.19G181900.Wm82.a4.v1,0.8120648676917618
Glyma.13G329300.Wm82.a4.v1,0.8120601982639067
Glyma.06G188100.Wm82.a4.v1,0.8120461899803417
Glyma.12G202201.Wm82.a4.v1,0.8119434625675316
Glyma.10G232200.Wm82.a4.v1,0.8119434625675316
Glyma.19G196700.Wm82.a4.v1,0.8119107765725465
Glyma.04G200600.Wm82.a4.v1,0.8118267268711564
Glyma.06G231500.Wm82.a4.v1,0.8117753631647514
Glyma.06G105700.Wm82.a4.v1,0.8117753631647514
Glyma.17G026600.Wm82.a4.v1,0.8117660243090414
Glyma.07G021300.Wm82.a4.v1,0.8117193300304913
Glyma.01G223600.Wm82.a4.v1,0.8117193300304913
Glyma.18G099000.Wm82.a4.v1,0.8117146606026363
Glyma.19G158700.Wm82.a4.v1,0.8116632968962313
Glyma.08G285600.Wm82.a4.v1,0.8116119331898263
Glyma.03G011000.Wm82.a4.v1,0.8116025943341162
Glyma.10G265900.Wm82.a4.v1,0.8116025943341162
Glyma.11G053000.Wm82.a4.v1,0.8115932554784062
Glyma.18G041200.Wm82.a4.v1,0.8115699083391312
Glyma.08G077300.Wm82.a4.v1,0.8115652389112762
Glyma.06G025800.Wm82.a4.v1,0.8115605694834211
Glyma.07G213600.Wm82.a4.v1,0.8115559000555662
Glyma.04G182000.Wm82.a4.v1,0.8115465611998561
Glyma.05G047300.Wm82.a4.v1,0.8114298255034811
Glyma.03G169000.Wm82.a4.v1,0.811373792369221
Glyma.20G245500.Wm82.a4.v1,0.8113644535135109
Glyma.06G040400.Wm82.a4.v1,0.8113130898071059
Glyma.05G152400.Wm82.a4.v1,0.8113084203792509
Glyma.14G188500.Wm82.a4.v1,0.8112944120956859
Glyma.03G181200.Wm82.a4.v1,0.8112523872449908
Glyma.05G241800.Wm82.a4.v1,0.8112477178171359
Glyma.09G019800.Wm82.a4.v1,0.8112383789614258
Glyma.13G242800.Wm82.a4.v1,0.8112103623942958
Glyma.06G204500.Wm82.a4.v1,0.8111870152550208
Glyma.15G027700.Wm82.a4.v1,0.8111543292600357
Glyma.05G189100.Wm82.a4.v1,0.8111449904043257
Glyma.11G168219.Wm82.a4.v1,0.8111169738371957
Glyma.09G212100.Wm82.a4.v1,0.8110375935636607
Glyma.19G186800.Wm82.a4.v1,0.8109955687129656
Glyma.07G117400.Wm82.a4.v1,0.8109908992851106
Glyma.02G140200.Wm82.a4.v1,0.8109908992851106
Glyma.07G002300.Wm82.a4.v1,0.8109488744344155
Glyma.02G233300.Wm82.a4.v1,0.8109488744344155
Glyma.17G169400.Wm82.a4.v1,0.8109395355787056
Glyma.13G221300.Wm82.a4.v1,0.8109395355787056
Glyma.14G205200.Wm82.a4.v1,0.8109161884394305
Glyma.09G150200.Wm82.a4.v1,0.8109021801558655
Glyma.12G205000.Wm82.a4.v1,0.8109021801558655
Glyma.06G203800.Wm82.a4.v1,0.8108881718723004
Glyma.18G174200.Wm82.a4.v1,0.8108741635887354
Glyma.06G152600.Wm82.a4.v1,0.8108508164494604
Glyma.12G107100.Wm82.a4.v1,0.8108368081658954
Glyma.03G243800.Wm82.a4.v1,0.8108368081658954
Glyma.17G067900.Wm82.a4.v1,0.8108041221709104
Glyma.12G029200.Wm82.a4.v1,0.8107714361759254
Glyma.07G052900.Wm82.a4.v1,0.8107527584645053
Glyma.11G216200.Wm82.a4.v1,0.8107434196087954
Glyma.07G056500.Wm82.a4.v1,0.8107434196087954
Glyma.08G081600.Wm82.a4.v1,0.8106687087631153
Glyma.04G228800.Wm82.a4.v1,0.8105986673452902
Glyma.16G008700.Wm82.a4.v1,0.8105706507781602
Glyma.05G118500.Wm82.a4.v1,0.8105613119224502
Glyma.13G289600.Wm82.a4.v1,0.8105239564996101
Glyma.12G018500.Wm82.a4.v1,0.8105146176439001
Glyma.14G133600.Wm82.a4.v1,0.810509948216045
Glyma.09G079100.Wm82.a4.v1,0.8104632539374951
Glyma.19G167900.Wm82.a4.v1,0.8104492456539301
Glyma.10G200000.Wm82.a4.v1,0.81043990679822
Glyma.17G135300.Wm82.a4.v1,0.8103838736639599
Glyma.07G185700.Wm82.a4.v1,0.8103698653803949
Glyma.15G215400.Wm82.a4.v1,0.8102531296840199
Glyma.15G037500.Wm82.a4.v1,0.8102484602561648
Glyma.20G130900.Wm82.a4.v1,0.8102437908283098
Glyma.11G010800.Wm82.a4.v1,0.8102344519725998
Glyma.12G223300.Wm82.a4.v1,0.8102344519725998
Glyma.10G292100.Wm82.a4.v1,0.8102251131168898
Glyma.02G125100.Wm82.a4.v1,0.8101924271219048
Glyma.19G206200.Wm82.a4.v1,0.8101784188383397
Glyma.07G036300.Wm82.a4.v1,0.8101690799826298
Glyma.17G146100.Wm82.a4.v1,0.8101457328433547
Glyma.15G217700.Wm82.a4.v1,0.8101223857040797
Glyma.17G251800.Wm82.a4.v1,0.8101130468483697
Glyma.15G170000.Wm82.a4.v1,0.8101083774205147
Glyma.05G221700.Wm82.a4.v1,0.8100943691369497
Glyma.15G003600.Wm82.a4.v1,0.8100943691369497
Glyma.10G038400.Wm82.a4.v1,0.8100430054305446
Glyma.08G249700.Wm82.a4.v1,0.8100009805798496
Glyma.19G206900.Wm82.a4.v1,0.8099823028684295
Glyma.20G125200.Wm82.a4.v1,0.8099262697341695
Glyma.11G017700.Wm82.a4.v1,0.8099216003063144
Glyma.17G182700.Wm82.a4.v1,0.8099075920227494
Glyma.14G180600.Wm82.a4.v1,0.8098702365999094
Glyma.04G182900.Wm82.a4.v1,0.8098328811770694
Glyma.14G068200.Wm82.a4.v1,0.8098328811770694
Glyma.20G173000.Wm82.a4.v1,0.8098048646099394
Glyma.13G153700.Wm82.a4.v1,0.8098001951820843
Glyma.06G171700.Wm82.a4.v1,0.8097535009035343
Glyma.02G029800.Wm82.a4.v1,0.8097441620478243
Glyma.15G258100.Wm82.a4.v1,0.8097348231921143
Glyma.07G040500.Wm82.a4.v1,0.8097254843364042
Glyma.15G107200.Wm82.a4.v1,0.8096974677692742
Glyma.06G003000.Wm82.a4.v1,0.8096927983414193
Glyma.06G214700.Wm82.a4.v1,0.8096787900578543
Glyma.08G136200.Wm82.a4.v1,0.8096741206299992
Glyma.04G008500.Wm82.a4.v1,0.8096601123464342
Glyma.19G139400.Wm82.a4.v1,0.8095807320728992
Glyma.12G011600.Wm82.a4.v1,0.8095807320728992
Glyma.08G033400.Wm82.a4.v1,0.8095713932171891
Glyma.07G049600.Wm82.a4.v1,0.809543376650059
Glyma.03G018600.Wm82.a4.v1,0.809543376650059
Glyma.04G059500.Wm82.a4.v1,0.8095387072222041
Glyma.20G095800.Wm82.a4.v1,0.8095340377943491
Glyma.03G019200.Wm82.a4.v1,0.8095340377943491
Glyma.09G030300.Wm82.a4.v1,0.809492012943654
Glyma.13G270900.Wm82.a4.v1,0.809487343515799
Glyma.02G113500.Wm82.a4.v1,0.809463996376524
Glyma.01G211700.Wm82.a4.v1,0.809459326948669
Glyma.15G232800.Wm82.a4.v1,0.809459326948669
Glyma.09G235200.Wm82.a4.v1,0.809440649237249
Glyma.02G267300.Wm82.a4.v1,0.809440649237249
Glyma.06G133300.Wm82.a4.v1,0.8093939549586989
Glyma.12G221800.Wm82.a4.v1,0.8093892855308439
Glyma.06G320900.Wm82.a4.v1,0.8093706078194239
Glyma.01G125900.Wm82.a4.v1,0.8093472606801488
Glyma.07G213200.Wm82.a4.v1,0.8093285829687289
Glyma.08G026300.Wm82.a4.v1,0.8092772192623238
Glyma.09G185700.Wm82.a4.v1,0.8092632109787588
Glyma.13G348300.Wm82.a4.v1,0.8092538721230488
Glyma.10G139200.Wm82.a4.v1,0.8092492026951937
Glyma.19G130000.Wm82.a4.v1,0.8092211861280637
Glyma.03G134200.Wm82.a4.v1,0.8092211861280637
Glyma.05G097100.Wm82.a4.v1,0.8091371364266736
Glyma.14G160600.Wm82.a4.v1,0.8091277975709636
Glyma.08G182200.Wm82.a4.v1,0.8090764338645586
Glyma.17G258700.Wm82.a4.v1,0.8090670950088485
Glyma.02G061400.Wm82.a4.v1,0.8090390784417185
Glyma.01G057100.Wm82.a4.v1,0.8090157313024435
Glyma.04G157200.Wm82.a4.v1,0.8090017230188785
Glyma.04G195500.Wm82.a4.v1,0.8089550287403284
Glyma.12G174400.Wm82.a4.v1,0.8089223427453434
Glyma.17G138300.Wm82.a4.v1,0.8088943261782133
Glyma.19G155700.Wm82.a4.v1,0.8088849873225034
Glyma.13G090900.Wm82.a4.v1,0.8088569707553733
Glyma.16G077300.Wm82.a4.v1,0.8088476318996634
Glyma.14G047100.Wm82.a4.v1,0.8088102764768232
Glyma.07G129600.Wm82.a4.v1,0.8087962681932582
Glyma.18G238500.Wm82.a4.v1,0.8087915987654033
Glyma.14G220300.Wm82.a4.v1,0.8087869293375483
Glyma.05G035100.Wm82.a4.v1,0.8087822599096932
Glyma.03G255400.Wm82.a4.v1,0.8087589127704182
Glyma.02G111800.Wm82.a4.v1,0.8086842019247381
Glyma.15G061100.Wm82.a4.v1,0.8086795324968832
Glyma.08G312000.Wm82.a4.v1,0.8086655242133182
Glyma.14G077800.Wm82.a4.v1,0.808628168790478
Glyma.08G180800.Wm82.a4.v1,0.8085954827954931
Glyma.15G051700.Wm82.a4.v1,0.808562796800508
Glyma.11G226200.Wm82.a4.v1,0.808562796800508
Glyma.20G033000.Wm82.a4.v1,0.808553457944798
Glyma.04G216100.Wm82.a4.v1,0.808539449661233
Glyma.10G128300.Wm82.a4.v1,0.808534780233378
Glyma.17G157000.Wm82.a4.v1,0.808525441377668
Glyma.04G202200.Wm82.a4.v1,0.808520771949813
Glyma.05G061300.Wm82.a4.v1,0.8085161025219579
Glyma.05G193200.Wm82.a4.v1,0.8084880859548279
Glyma.04G088300.Wm82.a4.v1,0.8084087056812929
Glyma.08G343100.Wm82.a4.v1,0.8084087056812929
Glyma.09G245700.Wm82.a4.v1,0.8083853585420179
Glyma.18G065200.Wm82.a4.v1,0.8083853585420179
Glyma.11G024000.Wm82.a4.v1,0.8083666808305978
Glyma.02G017400.Wm82.a4.v1,0.8083666808305978
Glyma.18G008300.Wm82.a4.v1,0.8083620114027428
Glyma.17G054400.Wm82.a4.v1,0.8083573419748878
Glyma.10G239100.Wm82.a4.v1,0.8083433336913228
Glyma.12G103800.Wm82.a4.v1,0.8083386642634678
Glyma.13G333700.Wm82.a4.v1,0.8083153171241928
Glyma.13G348200.Wm82.a4.v1,0.8082826311292077
Glyma.10G295600.Wm82.a4.v1,0.8082359368506576
Glyma.15G275300.Wm82.a4.v1,0.8082359368506576
Glyma.08G133700.Wm82.a4.v1,0.8082079202835276
Glyma.06G077100.Wm82.a4.v1,0.8082032508556727
Glyma.11G144800.Wm82.a4.v1,0.8080911845871526
Glyma.02G105900.Wm82.a4.v1,0.8080444903086025
Glyma.06G115300.Wm82.a4.v1,0.8080304820250375
Glyma.20G104200.Wm82.a4.v1,0.808023477883255
Glyma.05G157600.Wm82.a4.v1,0.8079931266021975
Glyma.03G094300.Wm82.a4.v1,0.8079324240400824
Glyma.17G232255.Wm82.a4.v1,0.8079137463286623
Glyma.07G257700.Wm82.a4.v1,0.8079137463286623
Glyma.13G155200.Wm82.a4.v1,0.8078997380450973
Glyma.06G162200.Wm82.a4.v1,0.8078950686172424
Glyma.19G223200.Wm82.a4.v1,0.8078670520501123
Glyma.03G164400.Wm82.a4.v1,0.8078203577715622
Glyma.05G001600.Wm82.a4.v1,0.8078063494879972
Glyma.14G201100.Wm82.a4.v1,0.8077129609308972
Glyma.17G073300.Wm82.a4.v1,0.8077129609308972
Glyma.09G115600.Wm82.a4.v1,0.8076756055080571
Glyma.16G040300.Wm82.a4.v1,0.807633580657362
Glyma.03G069100.Wm82.a4.v1,0.8076289112295071
Glyma.18G232000.Wm82.a4.v1,0.8075565350977545
Glyma.03G132300.Wm82.a4.v1,0.8075261838166969
Glyma.12G046700.Wm82.a4.v1,0.807502836677422
Glyma.15G266700.Wm82.a4.v1,0.8074794895381469
Glyma.09G156900.Wm82.a4.v1,0.8074654812545818
Glyma.12G233000.Wm82.a4.v1,0.8074608118267269
Glyma.16G042700.Wm82.a4.v1,0.8074234564038868
Glyma.03G120800.Wm82.a4.v1,0.8073907704089018
Glyma.11G050000.Wm82.a4.v1,0.8073674232696267
Glyma.11G053700.Wm82.a4.v1,0.8073440761303518
Glyma.06G062700.Wm82.a4.v1,0.8073440761303518
Glyma.09G101300.Wm82.a4.v1,0.8073207289910768
Glyma.20G150600.Wm82.a4.v1,0.8073160595632217
Glyma.16G189700.Wm82.a4.v1,0.8072600264289617
Glyma.08G284700.Wm82.a4.v1,0.8072460181453966
Glyma.19G183400.Wm82.a4.v1,0.8072273404339766
Glyma.18G269500.Wm82.a4.v1,0.8072180015782666
Glyma.11G043900.Wm82.a4.v1,0.8072039932947016
Glyma.08G029300.Wm82.a4.v1,0.8071666378718616
Glyma.13G343900.Wm82.a4.v1,0.8071666378718616
Glyma.19G046800.Wm82.a4.v1,0.8071339518768765
Glyma.06G125200.Wm82.a4.v1,0.8070965964540365
Glyma.12G170900.Wm82.a4.v1,0.8070265550362115
Glyma.06G023400.Wm82.a4.v1,0.8070172161805014
Glyma.06G033200.Wm82.a4.v1,0.8070172161805014
Glyma.16G200500.Wm82.a4.v1,0.8070125467526464
Glyma.10G156300.Wm82.a4.v1,0.8069798607576614
Glyma.10G132300.Wm82.a4.v1,0.8069751913298063
Glyma.10G232700.Wm82.a4.v1,0.8069705219019514
Glyma.17G240000.Wm82.a4.v1,0.8068818027727063
Glyma.17G073900.Wm82.a4.v1,0.8068397779220112
Glyma.09G262700.Wm82.a4.v1,0.8068257696384462
Glyma.13G070500.Wm82.a4.v1,0.8067837447877512
Glyma.17G228100.Wm82.a4.v1,0.8067603976484762
Glyma.20G070000.Wm82.a4.v1,0.806709033942071
Glyma.08G345600.Wm82.a4.v1,0.806695025658506
Glyma.09G235900.Wm82.a4.v1,0.806671678519231
Glyma.05G085400.Wm82.a4.v1,0.806629653668536
Glyma.02G238300.Wm82.a4.v1,0.806620314812826
Glyma.05G215800.Wm82.a4.v1,0.8065969676735509
Glyma.10G196200.Wm82.a4.v1,0.806573620534276
Glyma.18G170300.Wm82.a4.v1,0.806573620534276
Glyma.04G231000.Wm82.a4.v1,0.806550273395001
Glyma.15G106200.Wm82.a4.v1,0.8065269262557259
Glyma.07G005500.Wm82.a4.v1,0.8065082485443059
Glyma.19G249200.Wm82.a4.v1,0.8065082485443059
Glyma.08G105000.Wm82.a4.v1,0.8064802319771759
Glyma.16G102300.Wm82.a4.v1,0.8064802319771759
Glyma.16G042600.Wm82.a4.v1,0.8064615542657558
Glyma.01G150700.Wm82.a4.v1,0.8064428765543358
Glyma.01G153200.Wm82.a4.v1,0.8064195294150608
Glyma.19G193400.Wm82.a4.v1,0.8063588268529457
Glyma.01G178600.Wm82.a4.v1,0.8063074631465407
Glyma.06G092100.Wm82.a4.v1,0.8062234134451506
Glyma.20G179400.Wm82.a4.v1,0.8062140745894406
Glyma.15G102500.Wm82.a4.v1,0.8061393637437605
Glyma.13G070400.Wm82.a4.v1,0.8061253554601955
Glyma.11G204766.Wm82.a4.v1,0.8060973388930655
Glyma.11G072100.Wm82.a4.v1,0.8060833306095004
Glyma.18G283100.Wm82.a4.v1,0.8060319669030953
Glyma.11G206700.Wm82.a4.v1,0.8059712643409803
Glyma.16G062400.Wm82.a4.v1,0.8059619254852702
Glyma.08G113700.Wm82.a4.v1,0.8059572560574153
Glyma.15G176900.Wm82.a4.v1,0.8059199006345752
Glyma.08G105100.Wm82.a4.v1,0.8059199006345752
Glyma.13G107400.Wm82.a4.v1,0.8059012229231552
Glyma.13G341900.Wm82.a4.v1,0.8058965534953002
Glyma.12G038900.Wm82.a4.v1,0.8058638675003151
Glyma.13G171100.Wm82.a4.v1,0.8058591980724602
Glyma.04G093800.Wm82.a4.v1,0.8058498592167501
Glyma.11G086200.Wm82.a4.v1,0.8058451897888952
Glyma.13G142400.Wm82.a4.v1,0.8058428550749677
Glyma.08G293600.Wm82.a4.v1,0.8058031649382001
Glyma.09G184500.Wm82.a4.v1,0.8058031649382001
Glyma.20G115100.Wm82.a4.v1,0.805779817798925
Glyma.11G117800.Wm82.a4.v1,0.8057331235203751
Glyma.07G195900.Wm82.a4.v1,0.80572845409252
Glyma.08G172600.Wm82.a4.v1,0.805705106953245
Glyma.17G027600.Wm82.a4.v1,0.805686429241825
Glyma.05G202900.Wm82.a4.v1,0.8056654168164775
Glyma.08G154900.Wm82.a4.v1,0.80566308210255
Glyma.09G133100.Wm82.a4.v1,0.805649073818985
Glyma.04G001200.Wm82.a4.v1,0.805649073818985
Glyma.02G144200.Wm82.a4.v1,0.8056117183961449
Glyma.03G257600.Wm82.a4.v1,0.8056117183961449
Glyma.01G241300.Wm82.a4.v1,0.8055510158340299
Glyma.17G157900.Wm82.a4.v1,0.8055043215554798
Glyma.13G144400.Wm82.a4.v1,0.8055043215554798
Glyma.13G278900.Wm82.a4.v1,0.8054156024262347
Glyma.03G002500.Wm82.a4.v1,0.8054015941426697
Glyma.04G013200.Wm82.a4.v1,0.8053782470033947
Glyma.10G266400.Wm82.a4.v1,0.8053502304362646
Glyma.19G200000.Wm82.a4.v1,0.8053408915805547
Glyma.15G127800.Wm82.a4.v1,0.8053362221526996
Glyma.06G324800.Wm82.a4.v1,0.8053315527248446
Glyma.15G171100.Wm82.a4.v1,0.8053128750134246
Glyma.16G085700.Wm82.a4.v1,0.8053035361577146
Glyma.10G175300.Wm82.a4.v1,0.8052661807348745
Glyma.05G165200.Wm82.a4.v1,0.8052661807348745
Glyma.05G172600.Wm82.a4.v1,0.8052241558841795
Glyma.18G204600.Wm82.a4.v1,0.8051961393170495
Glyma.06G042100.Wm82.a4.v1,0.8051868004613395
Glyma.11G126100.Wm82.a4.v1,0.8051774616056294
Glyma.09G065000.Wm82.a4.v1,0.8051634533220644
Glyma.03G111300.Wm82.a4.v1,0.8051307673270794
Glyma.05G003500.Wm82.a4.v1,0.8051307673270794
Glyma.18G095400.Wm82.a4.v1,0.8051214284713694
Glyma.19G179300.Wm82.a4.v1,0.8050653953371093
Glyma.06G159300.Wm82.a4.v1,0.8050560564813993
Glyma.14G223200.Wm82.a4.v1,0.8049813456357192
Glyma.13G225000.Wm82.a4.v1,0.8049813456357192
Glyma.11G122700.Wm82.a4.v1,0.8049720067800092
Glyma.06G057400.Wm82.a4.v1,0.8049346513571692
Glyma.17G247700.Wm82.a4.v1,0.8049206430736042
Glyma.14G085600.Wm82.a4.v1,0.8048926265064742
Glyma.11G215200.Wm82.a4.v1,0.8048646099393442
Glyma.03G260200.Wm82.a4.v1,0.8048459322279241
Glyma.05G149300.Wm82.a4.v1,0.8048459322279241
Glyma.09G249000.Wm82.a4.v1,0.8048412628000691
Glyma.01G058200.Wm82.a4.v1,0.8048365933722141
Glyma.06G087900.Wm82.a4.v1,0.8048319239443591
Glyma.12G093300.Wm82.a4.v1,0.804789899093664
Glyma.05G239000.Wm82.a4.v1,0.804724527103694
Glyma.06G092800.Wm82.a4.v1,0.8047151882479839
Glyma.06G140600.Wm82.a4.v1,0.804710518820129
Glyma.18G116300.Wm82.a4.v1,0.804691841108709
Glyma.17G116500.Wm82.a4.v1,0.8046731633972889
Glyma.17G001400.Wm82.a4.v1,0.804654485685869
Glyma.05G031900.Wm82.a4.v1,0.8046404774023039
Glyma.12G050300.Wm82.a4.v1,0.8046358079744489
Glyma.07G099700.Wm82.a4.v1,0.8046171302630288
Glyma.15G148200.Wm82.a4.v1,0.8045937831237538
Glyma.19G210000.Wm82.a4.v1,0.8045937831237538
Glyma.05G182300.Wm82.a4.v1,0.8045937831237538
Glyma.06G140400.Wm82.a4.v1,0.8045844442680439
Glyma.19G262700.Wm82.a4.v1,0.8044770474273787
Glyma.16G040200.Wm82.a4.v1,0.8044770474273787
Glyma.05G102400.Wm82.a4.v1,0.8044700432855962
Glyma.10G010800.Wm82.a4.v1,0.8044677085716687
Glyma.08G356700.Wm82.a4.v1,0.8044537002881037
Glyma.10G185100.Wm82.a4.v1,0.8044490308602487
Glyma.11G084100.Wm82.a4.v1,0.8044350225766836
Glyma.06G303600.Wm82.a4.v1,0.8044023365816987
Glyma.02G173200.Wm82.a4.v1,0.8043883282981337
Glyma.18G071300.Wm82.a4.v1,0.8043556423031486
Glyma.09G239600.Wm82.a4.v1,0.8043229563081635
Glyma.11G202000.Wm82.a4.v1,0.8043089480245985
Glyma.02G203900.Wm82.a4.v1,0.8042996091688885
Glyma.19G217900.Wm82.a4.v1,0.8042715926017585
Glyma.18G003100.Wm82.a4.v1,0.8042622537460485
Glyma.02G273300.Wm82.a4.v1,0.8042482454624835
Glyma.09G149000.Wm82.a4.v1,0.8042435760346285
Glyma.16G056600.Wm82.a4.v1,0.8042295677510635
Glyma.13G104500.Wm82.a4.v1,0.8042015511839334
Glyma.14G204700.Wm82.a4.v1,0.8041922123282235
Glyma.03G167800.Wm82.a4.v1,0.8041735346168034
Glyma.03G137900.Wm82.a4.v1,0.8041501874775284
Glyma.17G013200.Wm82.a4.v1,0.8041501874775284
Glyma.10G121554.Wm82.a4.v1,0.8041501874775284
Glyma.08G325800.Wm82.a4.v1,0.8041315097661084
Glyma.15G021100.Wm82.a4.v1,0.8041081626268334
Glyma.07G078800.Wm82.a4.v1,0.8041081626268334
Glyma.03G006900.Wm82.a4.v1,0.8040988237711233
Glyma.15G211400.Wm82.a4.v1,0.8040521294925733
Glyma.10G116600.Wm82.a4.v1,0.8040474600647183
Glyma.09G170200.Wm82.a4.v1,0.8040427906368632
Glyma.20G174000.Wm82.a4.v1,0.8040427906368632
Glyma.18G287100.Wm82.a4.v1,0.8040381212090083
Glyma.09G274700.Wm82.a4.v1,0.8039260549404882
Glyma.16G035800.Wm82.a4.v1,0.8039167160847781
Glyma.09G247500.Wm82.a4.v1,0.8038933689455031
Glyma.09G278600.Wm82.a4.v1,0.8038886995176481
Glyma.06G180700.Wm82.a4.v1,0.803832666383388
Glyma.08G042700.Wm82.a4.v1,0.8038279969555331
Glyma.09G009900.Wm82.a4.v1,0.8038139886719681
Glyma.04G056600.Wm82.a4.v1,0.803804649816258
Glyma.07G233800.Wm82.a4.v1,0.803804649816258
Glyma.14G179800.Wm82.a4.v1,0.803729938970578
Glyma.05G006800.Wm82.a4.v1,0.8037252695427229
Glyma.02G086000.Wm82.a4.v1,0.803715930687013
Glyma.16G214669.Wm82.a4.v1,0.8036225421299128
Glyma.17G143500.Wm82.a4.v1,0.8035851867070728
Glyma.04G057100.Wm82.a4.v1,0.8035431618563778
Glyma.19G235100.Wm82.a4.v1,0.8034871287221177
Glyma.11G216800.Wm82.a4.v1,0.8034544427271326
Glyma.13G218700.Wm82.a4.v1,0.8034357650157127
Glyma.17G103100.Wm82.a4.v1,0.8034217567321477
Glyma.12G059900.Wm82.a4.v1,0.8034030790207276
Glyma.06G027700.Wm82.a4.v1,0.8034030790207276
Glyma.15G067800.Wm82.a4.v1,0.8033703930257425
Glyma.05G091200.Wm82.a4.v1,0.8033657235978876
Glyma.16G196200.Wm82.a4.v1,0.8032910127522075
Glyma.01G023600.Wm82.a4.v1,0.8032770044686425
Glyma.10G023200.Wm82.a4.v1,0.8032583267572224
Glyma.12G214500.Wm82.a4.v1,0.8032536573293675
Glyma.15G126400.Wm82.a4.v1,0.8032396490458025
Glyma.15G111000.Wm82.a4.v1,0.8032349796179474
Glyma.10G002500.Wm82.a4.v1,0.8031976241951073
Glyma.06G137700.Wm82.a4.v1,0.8031836159115423
Glyma.09G187200.Wm82.a4.v1,0.8031742770558323
Glyma.18G091500.Wm82.a4.v1,0.8031182439215723
Glyma.18G016400.Wm82.a4.v1,0.8031089050658623
Glyma.04G199400.Wm82.a4.v1,0.8030528719316022
Glyma.13G161900.Wm82.a4.v1,0.8030482025037472
Glyma.12G188200.Wm82.a4.v1,0.8029921693694871
Glyma.04G176600.Wm82.a4.v1,0.8029734916580671
Glyma.14G091600.Wm82.a4.v1,0.802945475090937
Glyma.05G155300.Wm82.a4.v1,0.8029408056630821
Glyma.04G209700.Wm82.a4.v1,0.8029408056630821
Glyma.03G222000.Wm82.a4.v1,0.8029361362352271
Glyma.08G104500.Wm82.a4.v1,0.8029127890959521
Glyma.04G087300.Wm82.a4.v1,0.802908119668097
Glyma.16G092800.Wm82.a4.v1,0.802903450240242
Glyma.10G116800.Wm82.a4.v1,0.802852086533837
Glyma.14G089600.Wm82.a4.v1,0.802814731110997
Glyma.10G109000.Wm82.a4.v1,0.8027633674045919
Glyma.16G116200.Wm82.a4.v1,0.8027540285488819
Glyma.12G159300.Wm82.a4.v1,0.8027353508374618
Glyma.10G238700.Wm82.a4.v1,0.8026933259867668
Glyma.17G085550.Wm82.a4.v1,0.8026746482753468
Glyma.19G091400.Wm82.a4.v1,0.8026466317082168
Glyma.05G009400.Wm82.a4.v1,0.8025812597182467
Glyma.02G073600.Wm82.a4.v1,0.8025765902903917
Glyma.02G137100.Wm82.a4.v1,0.8025532431511166
Glyma.06G202000.Wm82.a4.v1,0.8025205571561317
Glyma.18G288600.Wm82.a4.v1,0.8025205571561317
Glyma.18G156900.Wm82.a4.v1,0.8024832017332916
Glyma.10G059500.Wm82.a4.v1,0.8024318380268866
Glyma.10G235700.Wm82.a4.v1,0.8024318380268866
Glyma.08G331400.Wm82.a4.v1,0.8024271685990315
Glyma.09G190400.Wm82.a4.v1,0.8024084908876116
Glyma.12G212300.Wm82.a4.v1,0.8023898131761915
Glyma.13G256800.Wm82.a4.v1,0.8023804743204815
Glyma.02G002500.Wm82.a4.v1,0.8023617966090615
Glyma.17G142000.Wm82.a4.v1,0.8023384494697865
Glyma.03G157900.Wm82.a4.v1,0.8023034287608739
Glyma.12G041100.Wm82.a4.v1,0.8022684080519614
Glyma.19G054700.Wm82.a4.v1,0.8022637386241064
Glyma.08G222400.Wm82.a4.v1,0.8022590691962513
Glyma.04G086800.Wm82.a4.v1,0.8022497303405414
Glyma.14G181100.Wm82.a4.v1,0.8022497303405414
Glyma.U031210.Wm82.a4.v1,0.8022357220569764
Glyma.17G040300.Wm82.a4.v1,0.8021890277784263
Glyma.01G229200.Wm82.a4.v1,0.8021843583505713
Glyma.09G085700.Wm82.a4.v1,0.8021143169327463
Glyma.02G093900.Wm82.a4.v1,0.8021003086491812
Glyma.01G111200.Wm82.a4.v1,0.8020863003656162
Glyma.13G131400.Wm82.a4.v1,0.8020396060870661
Glyma.07G245000.Wm82.a4.v1,0.8020396060870661
Glyma.07G139100.Wm82.a4.v1,0.8020396060870661
Glyma.09G124600.Wm82.a4.v1,0.8020162589477912
Glyma.04G018000.Wm82.a4.v1,0.8020115895199361
Glyma.14G053300.Wm82.a4.v1,0.8020022506642261
Glyma.05G197300.Wm82.a4.v1,0.801950886957821
Glyma.19G260200.Wm82.a4.v1,0.801941548102111
Glyma.17G225800.Wm82.a4.v1,0.801922870390691
Glyma.19G166900.Wm82.a4.v1,0.801894853823561
Glyma.09G168600.Wm82.a4.v1,0.8018434901171559
Glyma.07G041500.Wm82.a4.v1,0.8018294818335909
Glyma.12G229400.Wm82.a4.v1,0.8017921264107509
Glyma.06G096300.Wm82.a4.v1,0.8017827875550408
Glyma.08G117600.Wm82.a4.v1,0.8017827875550408
Glyma.13G127000.Wm82.a4.v1,0.8017594404157659
Glyma.15G141600.Wm82.a4.v1,0.8017267544207808
Glyma.02G096500.Wm82.a4.v1,0.8017267544207808
Glyma.20G248800.Wm82.a4.v1,0.8017174155650708
Glyma.02G244500.Wm82.a4.v1,0.8017034072815058
Glyma.02G218100.Wm82.a4.v1,0.8016800601422308
Glyma.05G002300.Wm82.a4.v1,0.8016800601422308
Glyma.14G022500.Wm82.a4.v1,0.8016613824308108
Glyma.17G039100.Wm82.a4.v1,0.8016567130029557
Glyma.02G308400.Wm82.a4.v1,0.8016240270079708
Glyma.13G365000.Wm82.a4.v1,0.8015960104408407
Glyma.04G047800.Wm82.a4.v1,0.8015726633015656
Glyma.03G075200.Wm82.a4.v1,0.8015633244458557
Glyma.13G002200.Wm82.a4.v1,0.8015119607394506
Glyma.06G056500.Wm82.a4.v1,0.8015119607394506
Glyma.05G152100.Wm82.a4.v1,0.8014932830280306
Glyma.10G215300.Wm82.a4.v1,0.8014419193216256
Glyma.04G077300.Wm82.a4.v1,0.8014372498937705
Glyma.12G071000.Wm82.a4.v1,0.8014232416102055
Glyma.19G080500.Wm82.a4.v1,0.8014232416102055
Glyma.01G015700.Wm82.a4.v1,0.8014139027544955
Glyma.11G030000.Wm82.a4.v1,0.8014139027544955
Glyma.11G123900.Wm82.a4.v1,0.8014092333266405
Glyma.06G074000.Wm82.a4.v1,0.8013858861873655
Glyma.06G127300.Wm82.a4.v1,0.8013625390480904
Glyma.14G062800.Wm82.a4.v1,0.8012971670581204
Glyma.01G026000.Wm82.a4.v1,0.8012784893467003
Glyma.13G211900.Wm82.a4.v1,0.8012411339238603
Glyma.07G016500.Wm82.a4.v1,0.8012271256402953
Glyma.18G281500.Wm82.a4.v1,0.8011757619338903
Glyma.01G033200.Wm82.a4.v1,0.8011570842224702
Glyma.18G021300.Wm82.a4.v1,0.8011524147946152
Glyma.13G076600.Wm82.a4.v1,0.8011243982274852
Glyma.07G028300.Wm82.a4.v1,0.8011103899439201
Glyma.06G147400.Wm82.a4.v1,0.8011103899439201
Glyma.11G191100.Wm82.a4.v1,0.8011103899439201
Glyma.06G024600.Wm82.a4.v1,0.8009796459639801
Glyma.06G211900.Wm82.a4.v1,0.800946959968995
Glyma.17G201400.Wm82.a4.v1,0.800937621113285
Glyma.08G104600.Wm82.a4.v1,0.80092361282972
Glyma.06G187500.Wm82.a4.v1,0.8009142739740099
Glyma.18G020800.Wm82.a4.v1,0.8008582408397499
Glyma.14G092100.Wm82.a4.v1,0.8008208854169099
Glyma.03G251300.Wm82.a4.v1,0.8008162159890548
Glyma.20G183600.Wm82.a4.v1,0.8007695217105049
Glyma.11G137100.Wm82.a4.v1,0.8007461745712298
Glyma.19G004200.Wm82.a4.v1,0.8007415051433748
Glyma.18G264400.Wm82.a4.v1,0.8007274968598098
Glyma.18G016200.Wm82.a4.v1,0.8006994802926798
Glyma.14G159800.Wm82.a4.v1,0.8006901414369697
Glyma.17G165000.Wm82.a4.v1,0.8006574554419847
Glyma.09G098300.Wm82.a4.v1,0.8006294388748547
Glyma.14G070100.Wm82.a4.v1,0.8006154305912897
Glyma.07G121500.Wm82.a4.v1,0.8006154305912897
Glyma.07G004100.Wm82.a4.v1,0.8006014223077247
Glyma.19G103200.Wm82.a4.v1,0.8004800171834945
Glyma.09G154900.Wm82.a4.v1,0.8004706783277845
Glyma.02G115200.Wm82.a4.v1,0.8004146451935245
Glyma.17G104500.Wm82.a4.v1,0.8003912980542495
Glyma.11G145400.Wm82.a4.v1,0.8003912980542495
Glyma.02G271900.Wm82.a4.v1,0.8003726203428294
Glyma.08G093800.Wm82.a4.v1,0.8003679509149744
Glyma.19G075100.Wm82.a4.v1,0.8003539426314094
Glyma.08G360000.Wm82.a4.v1,0.8003539426314094
Glyma.10G017700.Wm82.a4.v1,0.8003399343478443
Glyma.12G168000.Wm82.a4.v1,0.8003352649199894
Glyma.03G184600.Wm82.a4.v1,0.8003212566364244
Glyma.08G195200.Wm82.a4.v1,0.8003119177807143
Glyma.07G065600.Wm82.a4.v1,0.8002932400692944
Glyma.18G285600.Wm82.a4.v1,0.8002698929300193
Glyma.10G146600.Wm82.a4.v1,0.8002512152185992
Glyma.05G223700.Wm82.a4.v1,0.8002512152185992
Glyma.19G000300.Wm82.a4.v1,0.8002372069350342
Glyma.08G125500.Wm82.a4.v1,0.8002278680793242
Glyma.17G046300.Wm82.a4.v1,0.8002231986514692
Glyma.04G039300.Wm82.a4.v1,0.8002091903679042
Glyma.03G161800.Wm82.a4.v1,0.8001905126564842
Glyma.17G112600.Wm82.a4.v1,0.8001765043729192
Glyma.13G273100.Wm82.a4.v1,0.8001578266614991
Glyma.15G047700.Wm82.a4.v1,0.8001531572336441
Glyma.01G220300.Wm82.a4.v1,0.8001251406665141
Glyma.10G279400.Wm82.a4.v1,0.8001204712386591
Glyma.08G309300.Wm82.a4.v1,0.800097124099384
Glyma.14G156500.Wm82.a4.v1,0.800069107532254
Glyma.03G224700.Wm82.a4.v1,0.800041090965124
Glyma.17G210100.Wm82.a4.v1,0.7999336941244589
Glyma.18G282800.Wm82.a4.v1,0.7999056775573289
Glyma.12G241300.Wm82.a4.v1,0.7998963387016189
Glyma.02G114800.Wm82.a4.v1,0.7998823304180539
Glyma.17G257800.Wm82.a4.v1,0.7998683221344889
Glyma.11G174910.Wm82.a4.v1,0.7998262972837938
Glyma.17G096700.Wm82.a4.v1,0.7998122890002288
Glyma.03G022900.Wm82.a4.v1,0.7998029501445187
Glyma.02G022000.Wm82.a4.v1,0.7997655947216787
Glyma.14G004300.Wm82.a4.v1,0.7997329087266937
Glyma.01G192600.Wm82.a4.v1,0.7997235698709837
Glyma.09G205100.Wm82.a4.v1,0.7997189004431287
Glyma.10G062900.Wm82.a4.v1,0.7997095615874187
Glyma.18G241300.Wm82.a4.v1,0.7996792103063611
Glyma.03G197100.Wm82.a4.v1,0.7996768755924336
Glyma.13G306500.Wm82.a4.v1,0.7996395201695936
Glyma.10G008300.Wm82.a4.v1,0.7995788176074785
Glyma.11G119800.Wm82.a4.v1,0.7995788176074785
Glyma.08G328800.Wm82.a4.v1,0.7995461316124935
Glyma.19G135200.Wm82.a4.v1,0.7995367927567835
Glyma.17G037100.Wm82.a4.v1,0.7995274539010735
Glyma.13G338700.Wm82.a4.v1,0.7995227844732185
Glyma.05G037400.Wm82.a4.v1,0.7995087761896534
Glyma.19G170500.Wm82.a4.v1,0.7995087761896534
Glyma.19G170700.Wm82.a4.v1,0.7994994373339435
Glyma.18G282700.Wm82.a4.v1,0.7994854290503784
Glyma.02G193200.Wm82.a4.v1,0.7994434041996834
Glyma.03G126700.Wm82.a4.v1,0.7994340653439734
Glyma.12G018600.Wm82.a4.v1,0.7994153876325534
Glyma.17G043000.Wm82.a4.v1,0.7994060487768434
Glyma.06G123200.Wm82.a4.v1,0.7992846436526132
Glyma.08G318600.Wm82.a4.v1,0.7992566270854832
Glyma.02G299700.Wm82.a4.v1,0.7992472882297732
Glyma.18G171000.Wm82.a4.v1,0.7992192716626432
Glyma.20G022200.Wm82.a4.v1,0.7992005939512231
Glyma.05G025000.Wm82.a4.v1,0.7991959245233682
Glyma.09G187400.Wm82.a4.v1,0.7991819162398032
Glyma.05G199000.Wm82.a4.v1,0.7991679079562382
Glyma.09G227500.Wm82.a4.v1,0.7991352219612531
Glyma.07G022000.Wm82.a4.v1,0.7991212136776881
Glyma.15G111500.Wm82.a4.v1,0.7991118748219781
Glyma.05G181000.Wm82.a4.v1,0.7990908623966305
Glyma.04G221900.Wm82.a4.v1,0.799088527682703
Glyma.18G280500.Wm82.a4.v1,0.799023155692733
Glyma.02G067300.Wm82.a4.v1,0.7990184862648779
Glyma.18G067700.Wm82.a4.v1,0.7990044779813129
Glyma.17G138600.Wm82.a4.v1,0.7989811308420379
Glyma.20G105700.Wm82.a4.v1,0.7989484448470529
Glyma.07G265100.Wm82.a4.v1,0.7989157588520679
Glyma.09G062200.Wm82.a4.v1,0.7989064199963578
Glyma.05G195600.Wm82.a4.v1,0.7988970811406478
Glyma.17G160400.Wm82.a4.v1,0.7988924117127928
Glyma.08G355600.Wm82.a4.v1,0.7988690645735178
Glyma.07G126200.Wm82.a4.v1,0.7988223702949677
Glyma.08G172900.Wm82.a4.v1,0.7986729486036076
Glyma.17G099200.Wm82.a4.v1,0.7986496014643326
Glyma.08G058900.Wm82.a4.v1,0.7986122460414925
Glyma.12G096100.Wm82.a4.v1,0.7986075766136376
Glyma.15G011200.Wm82.a4.v1,0.7985095186286825
Glyma.02G271500.Wm82.a4.v1,0.7984628243501324
Glyma.05G234300.Wm82.a4.v1,0.7984534854944224
Glyma.13G004600.Wm82.a4.v1,0.7984441466387123
Glyma.19G045202.Wm82.a4.v1,0.7983647663651773
Glyma.18G255200.Wm82.a4.v1,0.7982853860916422
Glyma.13G040000.Wm82.a4.v1,0.7982667083802222
Glyma.01G148100.Wm82.a4.v1,0.7982527000966572
Glyma.12G173600.Wm82.a4.v1,0.7982527000966572
Glyma.04G069100.Wm82.a4.v1,0.7982246835295271
Glyma.13G340300.Wm82.a4.v1,0.7981919975345421
Glyma.08G111200.Wm82.a4.v1,0.798177989250977
Glyma.01G031900.Wm82.a4.v1,0.7981733198231221
Glyma.14G092300.Wm82.a4.v1,0.7981429685420646
Glyma.16G149500.Wm82.a4.v1,0.798140633828137
Glyma.01G006700.Wm82.a4.v1,0.798135964400282
Glyma.08G157800.Wm82.a4.v1,0.7981312949724271
Glyma.07G150400.Wm82.a4.v1,0.798126625544572
Glyma.18G058700.Wm82.a4.v1,0.798126625544572
Glyma.11G157400.Wm82.a4.v1,0.7981242908306445
Glyma.20G139700.Wm82.a4.v1,0.7981172866888621
Glyma.15G165300.Wm82.a4.v1,0.798112617261007
Glyma.19G165800.Wm82.a4.v1,0.798079931266022
Glyma.12G083200.Wm82.a4.v1,0.798019228703907
Glyma.10G065900.Wm82.a4.v1,0.7980005509924869
Glyma.13G281300.Wm82.a4.v1,0.7979958815646319
Glyma.01G086600.Wm82.a4.v1,0.7979445178582268
Glyma.02G232800.Wm82.a4.v1,0.7979118318632418
Glyma.08G315200.Wm82.a4.v1,0.7978698070125467
Glyma.15G207200.Wm82.a4.v1,0.7978698070125467
Glyma.02G274300.Wm82.a4.v1,0.7978557987289817
Glyma.20G164100.Wm82.a4.v1,0.7978511293011268
Glyma.10G181100.Wm82.a4.v1,0.7978511293011268
Glyma.17G247200.Wm82.a4.v1,0.7977717490275916
Glyma.03G156400.Wm82.a4.v1,0.7977390630326067
Glyma.13G329100.Wm82.a4.v1,0.7977017076097666
Glyma.06G323600.Wm82.a4.v1,0.7976783604704916
Glyma.05G064300.Wm82.a4.v1,0.7976690216147816
Glyma.20G177400.Wm82.a4.v1,0.7976410050476516
Glyma.18G181300.Wm82.a4.v1,0.7976269967640865
Glyma.06G209400.Wm82.a4.v1,0.7975989801969565
Glyma.09G097402.Wm82.a4.v1,0.7975849719133915
Glyma.13G040500.Wm82.a4.v1,0.7975616247741164
Glyma.15G192700.Wm82.a4.v1,0.7975429470626965
Glyma.14G088900.Wm82.a4.v1,0.7975336082069864
Glyma.05G208100.Wm82.a4.v1,0.7975242693512764
Glyma.12G053200.Wm82.a4.v1,0.7975055916398563
Glyma.10G187300.Wm82.a4.v1,0.7975009222120014
Glyma.20G013900.Wm82.a4.v1,0.7974729056448714
Glyma.04G062400.Wm82.a4.v1,0.7974682362170163
Glyma.12G237000.Wm82.a4.v1,0.7974355502220313
Glyma.08G090400.Wm82.a4.v1,0.7974262113663213
Glyma.07G182300.Wm82.a4.v1,0.7974168725106113
Glyma.07G088900.Wm82.a4.v1,0.7973841865156263
Glyma.10G061401.Wm82.a4.v1,0.7973328228092211
Glyma.19G179500.Wm82.a4.v1,0.7973234839535112
Glyma.09G081700.Wm82.a4.v1,0.7973001368142362
Glyma.10G081500.Wm82.a4.v1,0.7972814591028161
Glyma.15G154300.Wm82.a4.v1,0.7972627813913961
Glyma.08G283400.Wm82.a4.v1,0.7972534425356861
Glyma.05G040800.Wm82.a4.v1,0.7972394342521211
Glyma.07G025000.Wm82.a4.v1,0.797206748257136
Glyma.18G152400.Wm82.a4.v1,0.797160053978586
Glyma.01G179900.Wm82.a4.v1,0.7971507151228759
Glyma.20G106500.Wm82.a4.v1,0.797141376267166
Glyma.13G234600.Wm82.a4.v1,0.7971367068393109
Glyma.18G235000.Wm82.a4.v1,0.7971226985557459
Glyma.02G139700.Wm82.a4.v1,0.7970993514164709
Glyma.13G184900.Wm82.a4.v1,0.7970386488543558
Glyma.16G222000.Wm82.a4.v1,0.7970199711429359
Glyma.11G055700.Wm82.a4.v1,0.7970199711429359
Glyma.01G173050.Wm82.a4.v1,0.7970153017150808
Glyma.19G233600.Wm82.a4.v1,0.7969989587175883
Glyma.14G010000.Wm82.a4.v1,0.7969872851479508
Glyma.20G086700.Wm82.a4.v1,0.7969125743022707
Glyma.17G120500.Wm82.a4.v1,0.7968892271629957
Glyma.13G071800.Wm82.a4.v1,0.7968472023123007
Glyma.11G011100.Wm82.a4.v1,0.7968472023123007
Glyma.03G114100.Wm82.a4.v1,0.7968238551730257
Glyma.16G040500.Wm82.a4.v1,0.7967958386058956
Glyma.03G246900.Wm82.a4.v1,0.7967724914666205
Glyma.18G066500.Wm82.a4.v1,0.7967491443273456
Glyma.13G128700.Wm82.a4.v1,0.7967398054716356
Glyma.05G219000.Wm82.a4.v1,0.7967398054716356
Glyma.04G004000.Wm82.a4.v1,0.7967304666159255
Glyma.10G219400.Wm82.a4.v1,0.7967211277602155
Glyma.09G207400.Wm82.a4.v1,0.7967211277602155
Glyma.12G064600.Wm82.a4.v1,0.7966791029095205
Glyma.11G118000.Wm82.a4.v1,0.7966744334816654
Glyma.20G230200.Wm82.a4.v1,0.7966744334816654
Glyma.09G195400.Wm82.a4.v1,0.7966557557702455
Glyma.19G127700.Wm82.a4.v1,0.7966510863423905
Glyma.18G244500.Wm82.a4.v1,0.7966370780588254
Glyma.05G001800.Wm82.a4.v1,0.7965857143524204
Glyma.20G227000.Wm82.a4.v1,0.7965810449245654
Glyma.04G111600.Wm82.a4.v1,0.7965717060688554
Glyma.02G008000.Wm82.a4.v1,0.7965156729345954
Glyma.20G174900.Wm82.a4.v1,0.7965110035067403
Glyma.03G208300.Wm82.a4.v1,0.7964969952231753
Glyma.09G251100.Wm82.a4.v1,0.7964783175117552
Glyma.18G164900.Wm82.a4.v1,0.7964689786560453
Glyma.16G114800.Wm82.a4.v1,0.7964456315167703
Glyma.10G257300.Wm82.a4.v1,0.7963802595268001
Glyma.19G147100.Wm82.a4.v1,0.7963382346761051
Glyma.01G219502.Wm82.a4.v1,0.7963288958203951
Glyma.10G159200.Wm82.a4.v1,0.79625885440257
Glyma.15G100700.Wm82.a4.v1,0.79624017669115
Glyma.08G287300.Wm82.a4.v1,0.79624017669115
Glyma.03G133700.Wm82.a4.v1,0.79620282126831
Glyma.20G098400.Wm82.a4.v1,0.7961934824126
Glyma.09G038300.Wm82.a4.v1,0.796188812984745
Glyma.17G205900.Wm82.a4.v1,0.796160796417615
Glyma.05G152800.Wm82.a4.v1,0.7961094327112099
Glyma.20G246700.Wm82.a4.v1,0.7960954244276449
Glyma.17G092200.Wm82.a4.v1,0.7960767467162249
Glyma.02G079000.Wm82.a4.v1,0.7960207135819648
Glyma.02G131500.Wm82.a4.v1,0.7960067052983998
Glyma.19G095400.Wm82.a4.v1,0.7960020358705447
Glyma.17G163500.Wm82.a4.v1,0.7959319944527197
Glyma.08G176100.Wm82.a4.v1,0.7959179861691547
Glyma.01G156200.Wm82.a4.v1,0.7958946390298797
Glyma.07G182900.Wm82.a4.v1,0.7958666224627496
Glyma.17G042400.Wm82.a4.v1,0.7958292670399096
Glyma.05G153800.Wm82.a4.v1,0.7958199281841996
Glyma.17G071400.Wm82.a4.v1,0.7957919116170695
Glyma.01G157300.Wm82.a4.v1,0.7957452173385196
Glyma.19G225500.Wm82.a4.v1,0.7956751759206945
Glyma.18G190400.Wm82.a4.v1,0.7956705064928394
Glyma.15G136900.Wm82.a4.v1,0.7956378204978544
Glyma.08G196200.Wm82.a4.v1,0.7956144733585794
Glyma.10G204900.Wm82.a4.v1,0.7955677790800293
Glyma.15G038600.Wm82.a4.v1,0.7955350930850443
Glyma.01G172200.Wm82.a4.v1,0.7955164153736243
Glyma.02G260600.Wm82.a4.v1,0.7954743905229292
Glyma.12G054400.Wm82.a4.v1,0.7954743905229292
Glyma.01G150600.Wm82.a4.v1,0.7954603822393642
Glyma.19G136000.Wm82.a4.v1,0.7954323656722342
Glyma.11G155050.Wm82.a4.v1,0.7954230268165242
Glyma.10G106500.Wm82.a4.v1,0.7953950102493942
Glyma.01G122000.Wm82.a4.v1,0.7953810019658292
Glyma.16G010100.Wm82.a4.v1,0.7953716631101191
Glyma.12G095300.Wm82.a4.v1,0.7953576548265541
Glyma.04G150900.Wm82.a4.v1,0.7953389771151341
Glyma.02G106000.Wm82.a4.v1,0.7953343076872791
Glyma.13G372300.Wm82.a4.v1,0.7953109605480041
Glyma.11G232600.Wm82.a4.v1,0.795264266269454
Glyma.10G093300.Wm82.a4.v1,0.795259596841599
Glyma.05G039900.Wm82.a4.v1,0.7952175719909039
Glyma.17G169300.Wm82.a4.v1,0.7952175719909039
Glyma.13G116100.Wm82.a4.v1,0.795184885995919
Glyma.16G145700.Wm82.a4.v1,0.7951615388566439
Glyma.18G265100.Wm82.a4.v1,0.7950401337324138
Glyma.01G093100.Wm82.a4.v1,0.7950261254488488
Glyma.06G166700.Wm82.a4.v1,0.7950214560209937
Glyma.18G298500.Wm82.a4.v1,0.7950121171652837
Glyma.05G156800.Wm82.a4.v1,0.7949747617424437
Glyma.18G237100.Wm82.a4.v1,0.7949654228867337
Glyma.14G000050.Wm82.a4.v1,0.7948813731853436
Glyma.19G252400.Wm82.a4.v1,0.7948066623396636
Glyma.14G155200.Wm82.a4.v1,0.7948019929118085
Glyma.19G080600.Wm82.a4.v1,0.7947973234839535
Glyma.12G112900.Wm82.a4.v1,0.7947879846282435
Glyma.11G006400.Wm82.a4.v1,0.7947739763446785
Glyma.14G021200.Wm82.a4.v1,0.7947319514939835
Glyma.06G185100.Wm82.a4.v1,0.7946945960711435
Glyma.04G199200.Wm82.a4.v1,0.7946525712204484
Glyma.16G084800.Wm82.a4.v1,0.7946152157976083
Glyma.06G159200.Wm82.a4.v1,0.7946058769418983
Glyma.09G117600.Wm82.a4.v1,0.7945685215190583
Glyma.09G079000.Wm82.a4.v1,0.7945405049519283
Glyma.09G132300.Wm82.a4.v1,0.7945405049519283
Glyma.18G227900.Wm82.a4.v1,0.7945311660962182
Glyma.18G281300.Wm82.a4.v1,0.7945264966683633
Glyma.03G076800.Wm82.a4.v1,0.7945078189569432
Glyma.09G025400.Wm82.a4.v1,0.7944798023898132
Glyma.08G298900.Wm82.a4.v1,0.7944050915441331
Glyma.04G181200.Wm82.a4.v1,0.7944050915441331
Glyma.14G217100.Wm82.a4.v1,0.794339719554163
Glyma.19G145000.Wm82.a4.v1,0.794339719554163
Glyma.20G223800.Wm82.a4.v1,0.794330380698453
Glyma.06G236700.Wm82.a4.v1,0.7942883558477579
Glyma.11G213000.Wm82.a4.v1,0.794269678136338
Glyma.07G058400.Wm82.a4.v1,0.794241661569208
Glyma.07G191000.Wm82.a4.v1,0.7942369921413529
Glyma.03G175700.Wm82.a4.v1,0.7941202564449777
Glyma.06G262700.Wm82.a4.v1,0.7941062481614127
Glyma.16G157400.Wm82.a4.v1,0.7940969093057028
Glyma.02G044500.Wm82.a4.v1,0.7940875704499928
Glyma.08G118400.Wm82.a4.v1,0.7940735621664278
Glyma.09G207200.Wm82.a4.v1,0.7940688927385727
Glyma.14G068800.Wm82.a4.v1,0.7940642233107177
Glyma.06G177900.Wm82.a4.v1,0.7940502150271527
Glyma.12G032700.Wm82.a4.v1,0.7940315373157327
Glyma.13G261200.Wm82.a4.v1,0.7940175290321677
Glyma.09G270200.Wm82.a4.v1,0.7940081901764576
Glyma.19G250600.Wm82.a4.v1,0.7939381487586326
Glyma.11G081500.Wm82.a4.v1,0.7939101321915025
Glyma.09G207300.Wm82.a4.v1,0.7938961239079375
Glyma.19G185200.Wm82.a4.v1,0.7938587684850975
Glyma.08G072600.Wm82.a4.v1,0.7938540990572425
Glyma.04G186400.Wm82.a4.v1,0.7938400907736775
Glyma.13G097300.Wm82.a4.v1,0.7937653799279974
Glyma.11G183800.Wm82.a4.v1,0.7937046773658823
Glyma.08G019300.Wm82.a4.v1,0.7936906690823173
Glyma.09G133200.Wm82.a4.v1,0.7936766607987523
Glyma.19G173300.Wm82.a4.v1,0.7936579830873323
Glyma.07G078900.Wm82.a4.v1,0.7936159582366372
Glyma.08G258000.Wm82.a4.v1,0.7936159582366372
Glyma.01G219600.Wm82.a4.v1,0.7936112888087823
Glyma.07G219200.Wm82.a4.v1,0.7935786028137972
Glyma.03G202300.Wm82.a4.v1,0.7935505862466672
Glyma.06G201500.Wm82.a4.v1,0.7935038919681171
Glyma.14G194500.Wm82.a4.v1,0.7934898836845521
Glyma.19G134300.Wm82.a4.v1,0.7934805448288421
Glyma.05G242300.Wm82.a4.v1,0.793447858833857
Glyma.10G128100.Wm82.a4.v1,0.793382486843887
Glyma.01G057700.Wm82.a4.v1,0.793368478560322
Glyma.13G035300.Wm82.a4.v1,0.793363809132467
Glyma.19G240700.Wm82.a4.v1,0.793345131421047
Glyma.14G037300.Wm82.a4.v1,0.7933357925653369
Glyma.02G292900.Wm82.a4.v1,0.7932937677146419
Glyma.17G015200.Wm82.a4.v1,0.7932564122918019
Glyma.02G047000.Wm82.a4.v1,0.7932470734360919
Glyma.12G045400.Wm82.a4.v1,0.7932470734360919
Glyma.01G173800.Wm82.a4.v1,0.7932424040082369
Glyma.15G131200.Wm82.a4.v1,0.7932330651525269
Glyma.20G183100.Wm82.a4.v1,0.7932143874411068
Glyma.15G155900.Wm82.a4.v1,0.7932003791575418
Glyma.03G237100.Wm82.a4.v1,0.7931676931625568
Glyma.11G172401.Wm82.a4.v1,0.7931630237347018
Glyma.13G181500.Wm82.a4.v1,0.7931583543068468
Glyma.15G005500.Wm82.a4.v1,0.7931536848789917
Glyma.13G042600.Wm82.a4.v1,0.7931536848789917
Glyma.17G011500.Wm82.a4.v1,0.7931303377397168
Glyma.02G311800.Wm82.a4.v1,0.7931163294561517
Glyma.13G270800.Wm82.a4.v1,0.7931069906004418
Glyma.19G102200.Wm82.a4.v1,0.7931023211725867
Glyma.17G151600.Wm82.a4.v1,0.7930743046054567
Glyma.13G208500.Wm82.a4.v1,0.7930649657497467
Glyma.19G121300.Wm82.a4.v1,0.7930602963218917
Glyma.07G034300.Wm82.a4.v1,0.7930579616079642
Glyma.08G195100.Wm82.a4.v1,0.7930229408990517
Glyma.20G204000.Wm82.a4.v1,0.7930089326154867
Glyma.18G013100.Wm82.a4.v1,0.7930089326154867
Glyma.06G156700.Wm82.a4.v1,0.7930042631876316
Glyma.01G204200.Wm82.a4.v1,0.7929855854762116
Glyma.06G042300.Wm82.a4.v1,0.7929622383369366
Glyma.14G171500.Wm82.a4.v1,0.7929482300533716
Glyma.14G032900.Wm82.a4.v1,0.7929062052026765
Glyma.10G212100.Wm82.a4.v1,0.7928875274912565
Glyma.04G202100.Wm82.a4.v1,0.7928781886355465
Glyma.18G266500.Wm82.a4.v1,0.7928548414962715
Glyma.11G220400.Wm82.a4.v1,0.7928548414962715
Glyma.06G042700.Wm82.a4.v1,0.7928408332127065
Glyma.06G063400.Wm82.a4.v1,0.7927707917948814
Glyma.09G129600.Wm82.a4.v1,0.7927614529391713
Glyma.05G000800.Wm82.a4.v1,0.7927381057998963
Glyma.01G065100.Wm82.a4.v1,0.7927381057998963
Glyma.05G224200.Wm82.a4.v1,0.7926960809492013
Glyma.09G087900.Wm82.a4.v1,0.7926447172427963
Glyma.13G202500.Wm82.a4.v1,0.7926026923921012
Glyma.20G124700.Wm82.a4.v1,0.7926026923921012
Glyma.11G038800.Wm82.a4.v1,0.7925886841085362
Glyma.12G135600.Wm82.a4.v1,0.7925653369692611
Glyma.18G089400.Wm82.a4.v1,0.7925419898299861
Glyma.10G261800.Wm82.a4.v1,0.7925233121185661
Glyma.07G239600.Wm82.a4.v1,0.7924859566957261
Glyma.10G218400.Wm82.a4.v1,0.7924859566957261
Glyma.14G156200.Wm82.a4.v1,0.792457940128596
Glyma.02G134300.Wm82.a4.v1,0.792439262417176
Glyma.07G127800.Wm82.a4.v1,0.792429923561466
Glyma.02G065200.Wm82.a4.v1,0.792420584705756
Glyma.03G139100.Wm82.a4.v1,0.792415915277901
Glyma.08G162100.Wm82.a4.v1,0.792406576422191
Glyma.08G088600.Wm82.a4.v1,0.792373890427206
Glyma.09G224100.Wm82.a4.v1,0.792364551571496
Glyma.13G141100.Wm82.a4.v1,0.7923412044322209
Glyma.11G245500.Wm82.a4.v1,0.792336535004366
Glyma.16G124500.Wm82.a4.v1,0.7923271961486559
Glyma.15G183100.Wm82.a4.v1,0.7923085184372359
Glyma.10G296000.Wm82.a4.v1,0.7922711630143958
Glyma.02G117000.Wm82.a4.v1,0.7922571547308308
Glyma.06G172300.Wm82.a4.v1,0.7921871133130057
Glyma.13G300500.Wm82.a4.v1,0.7921590967458757
Glyma.09G015200.Wm82.a4.v1,0.7921030636116156
Glyma.15G149800.Wm82.a4.v1,0.7921030636116156
Glyma.04G067000.Wm82.a4.v1,0.7920657081887756
Glyma.03G204700.Wm82.a4.v1,0.7920470304773556
Glyma.02G049700.Wm82.a4.v1,0.7920330221937906
Glyma.11G050200.Wm82.a4.v1,0.7920120097684431
Glyma.09G010500.Wm82.a4.v1,0.7919396336366905
Glyma.19G210402.Wm82.a4.v1,0.7919349642088355
Glyma.06G199800.Wm82.a4.v1,0.7919256253531255
Glyma.08G325000.Wm82.a4.v1,0.7919116170695605
Glyma.10G053300.Wm82.a4.v1,0.7919022782138505
Glyma.01G229000.Wm82.a4.v1,0.7918976087859955
Glyma.20G180300.Wm82.a4.v1,0.7918742616467205
Glyma.09G254500.Wm82.a4.v1,0.7918555839353004
Glyma.12G194500.Wm82.a4.v1,0.7918369062238804
Glyma.19G196300.Wm82.a4.v1,0.7918042202288954
Glyma.06G268800.Wm82.a4.v1,0.7917902119453304
Glyma.13G264500.Wm82.a4.v1,0.7917295093832153
Glyma.10G249700.Wm82.a4.v1,0.7917248399553602
Glyma.13G241300.Wm82.a4.v1,0.7916734762489552
Glyma.17G140700.Wm82.a4.v1,0.7916688068211002
Glyma.05G204000.Wm82.a4.v1,0.7916547985375352
Glyma.08G068200.Wm82.a4.v1,0.7916501291096802
Glyma.07G216800.Wm82.a4.v1,0.7915800876918552
Glyma.12G227300.Wm82.a4.v1,0.7915707488361451
Glyma.11G165900.Wm82.a4.v1,0.7915614099804351
Glyma.12G076200.Wm82.a4.v1,0.7915427322690151
Glyma.09G248900.Wm82.a4.v1,0.791477360279045
Glyma.15G164000.Wm82.a4.v1,0.791449343711915
Glyma.01G231800.Wm82.a4.v1,0.79144467428406
Glyma.13G152678.Wm82.a4.v1,0.7914330007144225
Glyma.15G080500.Wm82.a4.v1,0.79140731886122
Glyma.13G124700.Wm82.a4.v1,0.7913979800055099
Glyma.17G037600.Wm82.a4.v1,0.7913793022940899
Glyma.20G210500.Wm82.a4.v1,0.7913793022940899
Glyma.14G090600.Wm82.a4.v1,0.7913746328662349
Glyma.08G064100.Wm82.a4.v1,0.7913652940105249
Glyma.16G150900.Wm82.a4.v1,0.7913606245826699
Glyma.16G043200.Wm82.a4.v1,0.7913419468712498
Glyma.07G092600.Wm82.a4.v1,0.7913279385876848
Glyma.11G188100.Wm82.a4.v1,0.7913092608762649
Glyma.04G175300.Wm82.a4.v1,0.7912952525926998
Glyma.19G142100.Wm82.a4.v1,0.7912859137369898
Glyma.13G269800.Wm82.a4.v1,0.7912765748812798
Glyma.02G142700.Wm82.a4.v1,0.7912485583141498
Glyma.15G046400.Wm82.a4.v1,0.7912205417470197
Glyma.20G116400.Wm82.a4.v1,0.7912018640355997
Glyma.13G192900.Wm82.a4.v1,0.7911364920456296
Glyma.16G116400.Wm82.a4.v1,0.7911084754784996
Glyma.08G035500.Wm82.a4.v1,0.7911038060506446
Glyma.10G063100.Wm82.a4.v1,0.7910897977670796
Glyma.11G103100.Wm82.a4.v1,0.7910757894835145
Glyma.03G035200.Wm82.a4.v1,0.7910757894835145
Glyma.11G222700.Wm82.a4.v1,0.7910571117720946
Glyma.10G117300.Wm82.a4.v1,0.7910431034885296
Glyma.12G184600.Wm82.a4.v1,0.7910150869213995
Glyma.16G164700.Wm82.a4.v1,0.7910104174935445
Glyma.05G145800.Wm82.a4.v1,0.7910057480656895
Glyma.17G025200.Wm82.a4.v1,0.7909637232149944
Glyma.18G258600.Wm82.a4.v1,0.7909263677921544
Glyma.02G166100.Wm82.a4.v1,0.7908890123693144
Glyma.09G070300.Wm82.a4.v1,0.7908516569464743
Glyma.18G011700.Wm82.a4.v1,0.7908516569464743
Glyma.06G268700.Wm82.a4.v1,0.7908376486629093
Glyma.18G259700.Wm82.a4.v1,0.7908096320957793
Glyma.15G154200.Wm82.a4.v1,0.7907722766729393
Glyma.17G144100.Wm82.a4.v1,0.7907582683893742
Glyma.05G163100.Wm82.a4.v1,0.7907395906779542
Glyma.08G122300.Wm82.a4.v1,0.7907349212500993
Glyma.04G038500.Wm82.a4.v1,0.7907349212500993
Glyma.12G032500.Wm82.a4.v1,0.7906602104044191
Glyma.19G125400.Wm82.a4.v1,0.7906415326929991
Glyma.12G170000.Wm82.a4.v1,0.7906088466980141
Glyma.07G241800.Wm82.a4.v1,0.7905948384144491
Glyma.06G306800.Wm82.a4.v1,0.790585499558739
Glyma.19G014000.Wm82.a4.v1,0.790585499558739
Glyma.16G209800.Wm82.a4.v1,0.7905668218473191
Glyma.06G046300.Wm82.a4.v1,0.790562152419464
Glyma.17G096600.Wm82.a4.v1,0.7905528135637541
Glyma.10G234400.Wm82.a4.v1,0.790548144135899
Glyma.17G150300.Wm82.a4.v1,0.790520127568769
Glyma.18G171100.Wm82.a4.v1,0.790506119285204
Glyma.09G214700.Wm82.a4.v1,0.790496780429494
Glyma.03G220100.Wm82.a4.v1,0.790468763862364
Glyma.08G007500.Wm82.a4.v1,0.7904454167230889
Glyma.16G129000.Wm82.a4.v1,0.790440747295234
Glyma.06G078500.Wm82.a4.v1,0.7904033918723938
Glyma.18G176400.Wm82.a4.v1,0.7904033918723938
Glyma.07G236600.Wm82.a4.v1,0.7903613670216988
Glyma.03G099400.Wm82.a4.v1,0.7903333504545688
Glyma.04G250600.Wm82.a4.v1,0.7903100033152938
Glyma.09G054200.Wm82.a4.v1,0.7903006644595838
Glyma.13G092700.Wm82.a4.v1,0.7902819867481637
Glyma.05G039400.Wm82.a4.v1,0.7902773173203087
Glyma.01G093200.Wm82.a4.v1,0.7902773173203087
Glyma.06G056400.Wm82.a4.v1,0.7902586396088888
Glyma.15G057700.Wm82.a4.v1,0.7902446313253237
Glyma.16G104300.Wm82.a4.v1,0.7902446313253237
Glyma.20G158400.Wm82.a4.v1,0.7902446313253237
Glyma.11G239800.Wm82.a4.v1,0.7901979370467737
Glyma.02G191500.Wm82.a4.v1,0.7901862634771362
Glyma.13G144600.Wm82.a4.v1,0.7901745899074987
Glyma.12G236900.Wm82.a4.v1,0.7901185567732386
Glyma.17G204900.Wm82.a4.v1,0.7900438459275585
Glyma.13G172900.Wm82.a4.v1,0.7900345070718485
Glyma.11G072900.Wm82.a4.v1,0.7900251682161384
Glyma.19G080400.Wm82.a4.v1,0.7900204987882835
Glyma.13G193500.Wm82.a4.v1,0.7900158293604285
Glyma.05G055600.Wm82.a4.v1,0.7899924822211535
Glyma.08G254100.Wm82.a4.v1,0.7899691350818784
Glyma.06G162900.Wm82.a4.v1,0.7899551267983134
Glyma.07G249300.Wm82.a4.v1,0.7899271102311833
Glyma.11G233100.Wm82.a4.v1,0.7898477299576483
Glyma.11G239400.Wm82.a4.v1,0.7898477299576483
Glyma.13G303700.Wm82.a4.v1,0.7898430605297933
Glyma.07G273500.Wm82.a4.v1,0.7898150439626632
Glyma.18G195800.Wm82.a4.v1,0.7897683496841132
Glyma.04G103900.Wm82.a4.v1,0.7896796305548681
Glyma.11G109000.Wm82.a4.v1,0.789632936276318
Glyma.12G102400.Wm82.a4.v1,0.7896282668484631
Glyma.20G208800.Wm82.a4.v1,0.7896002502813331
Glyma.09G256700.Wm82.a4.v1,0.789595580853478
Glyma.10G235200.Wm82.a4.v1,0.789581572569913
Glyma.09G259200.Wm82.a4.v1,0.789572233714203
Glyma.13G151000.Wm82.a4.v1,0.789572233714203
Glyma.05G030700.Wm82.a4.v1,0.789572233714203
Glyma.17G238200.Wm82.a4.v1,0.789516200579943
Glyma.20G101100.Wm82.a4.v1,0.789516200579943
Glyma.18G287600.Wm82.a4.v1,0.7894321508785529
Glyma.06G253800.Wm82.a4.v1,0.7894274814506979
Glyma.03G208700.Wm82.a4.v1,0.7893947954557128
Glyma.10G016200.Wm82.a4.v1,0.7893714483164378
Glyma.11G253500.Wm82.a4.v1,0.7893387623214527
Glyma.06G036100.Wm82.a4.v1,0.7893294234657428
Glyma.02G091700.Wm82.a4.v1,0.7892920680429028
Glyma.08G302200.Wm82.a4.v1,0.7892827291871927
Glyma.19G003000.Wm82.a4.v1,0.7892733903314827
Glyma.18G210500.Wm82.a4.v1,0.7892687209036277
Glyma.11G188900.Wm82.a4.v1,0.7892593820479177
Glyma.19G208300.Wm82.a4.v1,0.7892500431922077
Glyma.17G096800.Wm82.a4.v1,0.7892126877693676
Glyma.06G206600.Wm82.a4.v1,0.7892080183415127
Glyma.06G051400.Wm82.a4.v1,0.7891613240629626
Glyma.03G174500.Wm82.a4.v1,0.7891006215008475
Glyma.20G128100.Wm82.a4.v1,0.7890585966501524
Glyma.13G114300.Wm82.a4.v1,0.7890585966501524
Glyma.02G012400.Wm82.a4.v1,0.7890352495108774
Glyma.20G055200.Wm82.a4.v1,0.7890259106551675
Glyma.05G138700.Wm82.a4.v1,0.7890119023716025
Glyma.02G046600.Wm82.a4.v1,0.7889792163766174
Glyma.20G144600.Wm82.a4.v1,0.7889418609537774
Glyma.14G203700.Wm82.a4.v1,0.7889138443866474
Glyma.05G030600.Wm82.a4.v1,0.7888671501080973
Glyma.09G019700.Wm82.a4.v1,0.7888578112523873
Glyma.04G050400.Wm82.a4.v1,0.7888391335409672
Glyma.20G161600.Wm82.a4.v1,0.7887784309788521
Glyma.07G133500.Wm82.a4.v1,0.7887597532674322
Glyma.05G217400.Wm82.a4.v1,0.7887410755560121
Glyma.02G265700.Wm82.a4.v1,0.7887270672724471
Glyma.20G244300.Wm82.a4.v1,0.7887177284167372
Glyma.13G312100.Wm82.a4.v1,0.7886897118496071
Glyma.19G072000.Wm82.a4.v1,0.788680372993897
Glyma.15G168200.Wm82.a4.v1,0.788652356426767
Glyma.06G183300.Wm82.a4.v1,0.788610331576072
Glyma.18G017000.Wm82.a4.v1,0.7886056621482169
Glyma.02G227600.Wm82.a4.v1,0.7885402901582469
Glyma.01G038800.Wm82.a4.v1,0.7885029347354069
Glyma.18G109100.Wm82.a4.v1,0.7885029347354069
Glyma.06G113100.Wm82.a4.v1,0.7884702487404218
Glyma.04G007400.Wm82.a4.v1,0.7884609098847118
Glyma.06G132300.Wm82.a4.v1,0.7884562404568568
Glyma.06G100700.Wm82.a4.v1,0.7884375627454367
Glyma.09G240600.Wm82.a4.v1,0.7884235544618717
Glyma.04G133400.Wm82.a4.v1,0.7884002073225967
Glyma.10G251800.Wm82.a4.v1,0.7883628518997567
Glyma.08G101500.Wm82.a4.v1,0.7883371700465542
Glyma.11G034600.Wm82.a4.v1,0.7883091534794242
Glyma.02G233000.Wm82.a4.v1,0.7882741327705116
Glyma.08G265600.Wm82.a4.v1,0.7882741327705116
Glyma.14G094400.Wm82.a4.v1,0.7882554550590916
Glyma.04G017700.Wm82.a4.v1,0.7882040913526865
Glyma.07G255900.Wm82.a4.v1,0.7881387193627165
Glyma.09G230700.Wm82.a4.v1,0.7881340499348615
Glyma.13G240100.Wm82.a4.v1,0.7881107027955865
Glyma.02G019400.Wm82.a4.v1,0.7880546696613264
Glyma.15G172400.Wm82.a4.v1,0.7880546696613264
Glyma.02G146100.Wm82.a4.v1,0.7880313225220513
Glyma.13G145000.Wm82.a4.v1,0.7880173142384863
Glyma.08G015100.Wm82.a4.v1,0.7879799588156463
Glyma.06G023300.Wm82.a4.v1,0.7879659505320813
Glyma.11G250700.Wm82.a4.v1,0.7879519422485163
Glyma.19G117600.Wm82.a4.v1,0.7879192562535312
Glyma.06G012600.Wm82.a4.v1,0.7879192562535312
Glyma.17G047000.Wm82.a4.v1,0.7879099173978212
Glyma.06G124900.Wm82.a4.v1,0.7879052479699662
Glyma.11G010700.Wm82.a4.v1,0.7879052479699662
Glyma.08G359900.Wm82.a4.v1,0.7878632231192711
Glyma.05G077200.Wm82.a4.v1,0.7878492148357061
Glyma.03G236600.Wm82.a4.v1,0.7878165288407212
Glyma.19G256600.Wm82.a4.v1,0.7877698345621711
Glyma.09G177600.Wm82.a4.v1,0.7877558262786061
Glyma.03G234700.Wm82.a4.v1,0.787751156850751
Glyma.10G164800.Wm82.a4.v1,0.7877464874228961
Glyma.05G215100.Wm82.a4.v1,0.7877044625722011
Glyma.11G235600.Wm82.a4.v1,0.787676446005071
Glyma.11G109900.Wm82.a4.v1,0.7876157434429559
Glyma.10G124700.Wm82.a4.v1,0.787606404587246
Glyma.10G264400.Wm82.a4.v1,0.7875457020251309
Glyma.15G132200.Wm82.a4.v1,0.7875083466022909
Glyma.04G181500.Wm82.a4.v1,0.7874943383187258
Glyma.06G213600.Wm82.a4.v1,0.7874896688908708
Glyma.14G041800.Wm82.a4.v1,0.7874896688908708
Glyma.06G016400.Wm82.a4.v1,0.7874569828958857
Glyma.11G113000.Wm82.a4.v1,0.7874476440401758
Glyma.19G008500.Wm82.a4.v1,0.7874383051844658
Glyma.19G136400.Wm82.a4.v1,0.7874196274730457
Glyma.11G087900.Wm82.a4.v1,0.7873962803337707
Glyma.10G048800.Wm82.a4.v1,0.7873869414780607
Glyma.09G184300.Wm82.a4.v1,0.7873635943387857
Glyma.17G230900.Wm82.a4.v1,0.7873635943387857
Glyma.04G227400.Wm82.a4.v1,0.7873262389159457
Glyma.07G051600.Wm82.a4.v1,0.7873169000602356
Glyma.18G221600.Wm82.a4.v1,0.7872702057816856
Glyma.09G023200.Wm82.a4.v1,0.7872702057816856
Glyma.02G306700.Wm82.a4.v1,0.7872515280702655
Glyma.07G073700.Wm82.a4.v1,0.7872328503588455
Glyma.10G243700.Wm82.a4.v1,0.7872281809309906
Glyma.08G350100.Wm82.a4.v1,0.7871628089410204
Glyma.12G209300.Wm82.a4.v1,0.7871488006574554
Glyma.13G205600.Wm82.a4.v1,0.7870740898117754
Glyma.11G094700.Wm82.a4.v1,0.7870600815282104
Glyma.14G205500.Wm82.a4.v1,0.7870227261053703
Glyma.15G029000.Wm82.a4.v1,0.7869760318268203
Glyma.05G248500.Wm82.a4.v1,0.7869666929711102
Glyma.17G045900.Wm82.a4.v1,0.7869620235432553
Glyma.03G018700.Wm82.a4.v1,0.7869480152596903
Glyma.13G372700.Wm82.a4.v1,0.7868919821254302
Glyma.13G278700.Wm82.a4.v1,0.7867892547126201
Glyma.10G009200.Wm82.a4.v1,0.78674256043407
Glyma.01G024000.Wm82.a4.v1,0.7866865272998099
Glyma.09G154600.Wm82.a4.v1,0.7866771884441
Glyma.11G081000.Wm82.a4.v1,0.78666784958839
Glyma.03G246500.Wm82.a4.v1,0.7866631801605349
Glyma.12G233800.Wm82.a4.v1,0.7866585107326799
Glyma.09G258000.Wm82.a4.v1,0.7866491718769699
Glyma.19G160200.Wm82.a4.v1,0.7866491718769699
Glyma.17G048000.Wm82.a4.v1,0.7866024775984198
Glyma.06G322800.Wm82.a4.v1,0.7866024775984198
Glyma.13G008200.Wm82.a4.v1,0.7865651221755798
Glyma.13G279000.Wm82.a4.v1,0.7865277667527398
Glyma.05G049100.Wm82.a4.v1,0.7864670641906247
Glyma.03G206900.Wm82.a4.v1,0.7864577253349148
Glyma.09G052600.Wm82.a4.v1,0.7864390476234947
Glyma.11G034000.Wm82.a4.v1,0.7864343781956397
Glyma.12G028200.Wm82.a4.v1,0.7864063616285096
Glyma.20G232300.Wm82.a4.v1,0.7864016922006547
Glyma.08G157300.Wm82.a4.v1,0.7863876839170897
Glyma.08G172000.Wm82.a4.v1,0.7863690062056696
Glyma.17G243800.Wm82.a4.v1,0.7863409896385396
Glyma.18G267000.Wm82.a4.v1,0.7863386549246121
Glyma.13G372600.Wm82.a4.v1,0.7863129730714096
Glyma.05G243900.Wm82.a4.v1,0.7862802870764245
Glyma.14G223300.Wm82.a4.v1,0.7862756176485696
Glyma.03G097600.Wm82.a4.v1,0.7862616093650046
Glyma.14G006400.Wm82.a4.v1,0.7862522705092945
Glyma.03G202400.Wm82.a4.v1,0.7862476010814395
Glyma.19G130200.Wm82.a4.v1,0.7862242539421644
Glyma.11G050100.Wm82.a4.v1,0.7861962373750344
Glyma.17G208000.Wm82.a4.v1,0.7861962373750344
Glyma.17G062500.Wm82.a4.v1,0.7861728902357594
Glyma.16G005700.Wm82.a4.v1,0.7861728902357594
Glyma.10G182300.Wm82.a4.v1,0.7861588819521944
Glyma.16G189000.Wm82.a4.v1,0.7861542125243394
Glyma.13G216500.Wm82.a4.v1,0.7861402042407744
Glyma.04G080800.Wm82.a4.v1,0.7861355348129194
Glyma.08G294800.Wm82.a4.v1,0.7860888405343693
Glyma.08G133500.Wm82.a4.v1,0.7860841711065143
Glyma.10G249800.Wm82.a4.v1,0.7860841711065143
Glyma.20G057700.Wm82.a4.v1,0.7860841711065143
Glyma.08G171900.Wm82.a4.v1,0.7860654933950944
Glyma.13G259100.Wm82.a4.v1,0.7860514851115293
Glyma.11G126300.Wm82.a4.v1,0.7860514851115293
Glyma.08G094800.Wm82.a4.v1,0.7860281379722542
Glyma.14G106500.Wm82.a4.v1,0.7859954519772693
Glyma.08G177100.Wm82.a4.v1,0.7859907825494142
Glyma.01G082500.Wm82.a4.v1,0.7859721048379942
Glyma.20G246900.Wm82.a4.v1,0.7859674354101392
Glyma.16G117400.Wm82.a4.v1,0.7859160717037341
Glyma.09G181600.Wm82.a4.v1,0.7858880551366041
Glyma.19G150400.Wm82.a4.v1,0.7858647079973291
Glyma.02G025600.Wm82.a4.v1,0.7858553691416191
Glyma.19G009400.Wm82.a4.v1,0.7857853277237941
Glyma.11G243000.Wm82.a4.v1,0.785780658295939
Glyma.20G231000.Wm82.a4.v1,0.785771319440229
Glyma.19G184300.Wm82.a4.v1,0.785766650012374
Glyma.18G132700.Wm82.a4.v1,0.785743302873099
Glyma.10G223800.Wm82.a4.v1,0.785729294589534
Glyma.11G024900.Wm82.a4.v1,0.7857199557338239
Glyma.12G084300.Wm82.a4.v1,0.7857106168781139
Glyma.13G140100.Wm82.a4.v1,0.7856592531717088
Glyma.05G091100.Wm82.a4.v1,0.7856545837438539
Glyma.13G148000.Wm82.a4.v1,0.7856545837438539
Glyma.07G054500.Wm82.a4.v1,0.7856452448881438
Glyma.09G002400.Wm82.a4.v1,0.7856405754602889
Glyma.17G055200.Wm82.a4.v1,0.7855892117538837
Glyma.03G236500.Wm82.a4.v1,0.7855798728981738
Glyma.13G310202.Wm82.a4.v1,0.7855705340424638
Glyma.20G055700.Wm82.a4.v1,0.7855705340424638
Glyma.20G092200.Wm82.a4.v1,0.7855168356221313
Glyma.08G320300.Wm82.a4.v1,0.7854537983460886
Glyma.14G159300.Wm82.a4.v1,0.7854071040675386
Glyma.18G121900.Wm82.a4.v1,0.7854024346396836
Glyma.20G013200.Wm82.a4.v1,0.7853977652118286
Glyma.02G099800.Wm82.a4.v1,0.7853884263561186
Glyma.20G003400.Wm82.a4.v1,0.7853790875004085
Glyma.03G184200.Wm82.a4.v1,0.7853697486446986
Glyma.17G109000.Wm82.a4.v1,0.7853604097889886
Glyma.12G028400.Wm82.a4.v1,0.7853510709332785
Glyma.15G135100.Wm82.a4.v1,0.7853183849382935
Glyma.08G051900.Wm82.a4.v1,0.7852950377990184
Glyma.15G112900.Wm82.a4.v1,0.7852109880976283
Glyma.16G016600.Wm82.a4.v1,0.7852063186697734
Glyma.11G085900.Wm82.a4.v1,0.7851969798140633
Glyma.16G006800.Wm82.a4.v1,0.7851829715304983
Glyma.04G210000.Wm82.a4.v1,0.7851502855355134
Glyma.02G079400.Wm82.a4.v1,0.7851175995405283
Glyma.19G065800.Wm82.a4.v1,0.7851129301126732
Glyma.06G091200.Wm82.a4.v1,0.7851035912569633
Glyma.19G027100.Wm82.a4.v1,0.7851035912569633
Glyma.17G211000.Wm82.a4.v1,0.7851035912569633
Glyma.07G075900.Wm82.a4.v1,0.7850942524012533
Glyma.06G307900.Wm82.a4.v1,0.7850709052619782
Glyma.19G234800.Wm82.a4.v1,0.7850522275505583
Glyma.15G009400.Wm82.a4.v1,0.7850428886948482
Glyma.20G221100.Wm82.a4.v1,0.7850428886948482
Glyma.18G253000.Wm82.a4.v1,0.7849961944162982
Glyma.01G037400.Wm82.a4.v1,0.7849728472770231
Glyma.17G201700.Wm82.a4.v1,0.7849635084213131
Glyma.02G223000.Wm82.a4.v1,0.7849541695656032
Glyma.02G195500.Wm82.a4.v1,0.784916814142763
Glyma.04G184900.Wm82.a4.v1,0.7849074752870531
Glyma.20G191900.Wm82.a4.v1,0.7848841281477781
Glyma.09G215700.Wm82.a4.v1,0.784879458719923
Glyma.12G192200.Wm82.a4.v1,0.784879458719923
Glyma.19G074200.Wm82.a4.v1,0.784846772724938
Glyma.03G168700.Wm82.a4.v1,0.784828095013518
Glyma.11G037700.Wm82.a4.v1,0.784823425585663
Glyma.11G143500.Wm82.a4.v1,0.784809417302098
Glyma.09G057300.Wm82.a4.v1,0.7847907395906779
Glyma.01G149700.Wm82.a4.v1,0.784786070162823
Glyma.19G069800.Wm82.a4.v1,0.784786070162823
Glyma.03G041600.Wm82.a4.v1,0.7847673924514029
Glyma.05G016400.Wm82.a4.v1,0.784758053595693
Glyma.02G053000.Wm82.a4.v1,0.7846319790436078
Glyma.10G280600.Wm82.a4.v1,0.7846179707600428
Glyma.10G121536.Wm82.a4.v1,0.7846179707600428
Glyma.19G173600.Wm82.a4.v1,0.7845946236207677
Glyma.20G209400.Wm82.a4.v1,0.7845619376257827
Glyma.18G002700.Wm82.a4.v1,0.7845292516307977
Glyma.09G232300.Wm82.a4.v1,0.7843938382230026
Glyma.12G175400.Wm82.a4.v1,0.7843844993672925
Glyma.12G241900.Wm82.a4.v1,0.7843798299394376
Glyma.14G075200.Wm82.a4.v1,0.7843424745165974
Glyma.17G089200.Wm82.a4.v1,0.7843331356608875
Glyma.14G192700.Wm82.a4.v1,0.7843284662330324
Glyma.16G104500.Wm82.a4.v1,0.7843237968051775
Glyma.05G177500.Wm82.a4.v1,0.7843004496659024
Glyma.02G050700.Wm82.a4.v1,0.7842584248152074
Glyma.15G213000.Wm82.a4.v1,0.7842304082480773
Glyma.07G059700.Wm82.a4.v1,0.7842117305366574
Glyma.19G116200.Wm82.a4.v1,0.7842023916809473
Glyma.03G144900.Wm82.a4.v1,0.7841370196909773
Glyma.04G017300.Wm82.a4.v1,0.7841323502631222
Glyma.04G057400.Wm82.a4.v1,0.7841276808352673
Glyma.20G217500.Wm82.a4.v1,0.7840576394174422
Glyma.20G056500.Wm82.a4.v1,0.7840389617060222
Glyma.15G236300.Wm82.a4.v1,0.7840342922781671
Glyma.04G163000.Wm82.a4.v1,0.7840296228503122
Glyma.10G213900.Wm82.a4.v1,0.7840109451388921
Glyma.01G044200.Wm82.a4.v1,0.7839922674274721
Glyma.10G215400.Wm82.a4.v1,0.7839875979996171
Glyma.11G154900.Wm82.a4.v1,0.7839735897160521
Glyma.13G262000.Wm82.a4.v1,0.783950242576777
Glyma.10G117100.Wm82.a4.v1,0.7839409037210671
Glyma.07G092400.Wm82.a4.v1,0.7839409037210671
Glyma.03G073704.Wm82.a4.v1,0.783922226009647
Glyma.01G127400.Wm82.a4.v1,0.783819498596837
Glyma.20G135400.Wm82.a4.v1,0.783819498596837
Glyma.05G181600.Wm82.a4.v1,0.7838148291689819
Glyma.20G197500.Wm82.a4.v1,0.7838101597411269
Glyma.04G049900.Wm82.a4.v1,0.7838008208854169
Glyma.10G261400.Wm82.a4.v1,0.7837961514575619
Glyma.09G247600.Wm82.a4.v1,0.7837821431739969
Glyma.10G082800.Wm82.a4.v1,0.7837681348904318
Glyma.05G229500.Wm82.a4.v1,0.7837634654625769
Glyma.03G263700.Wm82.a4.v1,0.7837401183233018
Glyma.06G003800.Wm82.a4.v1,0.7837401183233018
Glyma.08G351100.Wm82.a4.v1,0.7837354488954469
Glyma.01G042300.Wm82.a4.v1,0.7837307794675918
Glyma.11G209027.Wm82.a4.v1,0.7837121017561718
Glyma.02G165100.Wm82.a4.v1,0.7837074323283169
Glyma.08G330200.Wm82.a4.v1,0.7836980934726068
Glyma.09G046500.Wm82.a4.v1,0.7836560686219117
Glyma.18G139000.Wm82.a4.v1,0.7836513991940568
Glyma.01G116100.Wm82.a4.v1,0.7836280520547817
Glyma.06G217500.Wm82.a4.v1,0.7835673494926667
Glyma.03G136900.Wm82.a4.v1,0.7835533412091017
Glyma.17G061200.Wm82.a4.v1,0.7835486717812467
Glyma.14G045100.Wm82.a4.v1,0.7835253246419717
Glyma.11G113400.Wm82.a4.v1,0.7835206552141166
Glyma.18G062300.Wm82.a4.v1,0.7834926386469866
Glyma.19G029000.Wm82.a4.v1,0.7834739609355665
Glyma.05G195300.Wm82.a4.v1,0.7834552832241466
Glyma.20G245900.Wm82.a4.v1,0.7834459443684365
Glyma.20G121300.Wm82.a4.v1,0.7833712335227565
Glyma.13G270600.Wm82.a4.v1,0.7833525558113364
Glyma.17G157600.Wm82.a4.v1,0.7833152003884964
Glyma.19G089100.Wm82.a4.v1,0.7832871838213664
Glyma.12G073100.Wm82.a4.v1,0.7832591672542364
Glyma.03G107300.Wm82.a4.v1,0.7832358201149613
Glyma.04G210700.Wm82.a4.v1,0.7832311506871064
Glyma.08G360200.Wm82.a4.v1,0.7832078035478313
Glyma.09G120900.Wm82.a4.v1,0.7831984646921213
Glyma.04G051800.Wm82.a4.v1,0.7831844564085563
Glyma.13G080300.Wm82.a4.v1,0.7831517704135712
Glyma.12G191200.Wm82.a4.v1,0.7831330927021513
Glyma.01G006500.Wm82.a4.v1,0.7831330927021513
Glyma.11G255000.Wm82.a4.v1,0.7831190844185862
Glyma.06G300800.Wm82.a4.v1,0.7830910678514562
Glyma.16G212800.Wm82.a4.v1,0.7830537124286161
Glyma.04G224300.Wm82.a4.v1,0.7830443735729061
Glyma.09G160200.Wm82.a4.v1,0.7830397041450511
Glyma.10G163700.Wm82.a4.v1,0.7830256958614861
Glyma.02G025000.Wm82.a4.v1,0.7830210264336311
Glyma.10G232400.Wm82.a4.v1,0.7829509850158061
Glyma.12G237600.Wm82.a4.v1,0.782946315587951
Glyma.11G145800.Wm82.a4.v1,0.782941646160096
Glyma.02G015100.Wm82.a4.v1,0.782936976732241
Glyma.04G015600.Wm82.a4.v1,0.7828996213094009
Glyma.20G015400.Wm82.a4.v1,0.7828996213094009
Glyma.05G011700.Wm82.a4.v1,0.7828856130258359
Glyma.13G147500.Wm82.a4.v1,0.7828716047422709
Glyma.16G010800.Wm82.a4.v1,0.782838918747286
Glyma.19G118900.Wm82.a4.v1,0.7828109021801559
Glyma.06G078600.Wm82.a4.v1,0.7827408607623307
Glyma.18G188800.Wm82.a4.v1,0.7827268524787657
Glyma.02G250800.Wm82.a4.v1,0.7827268524787657
Glyma.11G136700.Wm82.a4.v1,0.7827175136230557
Glyma.05G043700.Wm82.a4.v1,0.7827035053394907
Glyma.11G081800.Wm82.a4.v1,0.7826708193445057
Glyma.19G144100.Wm82.a4.v1,0.7826381333495207
Glyma.07G208600.Wm82.a4.v1,0.7826007779266806
Glyma.17G107200.Wm82.a4.v1,0.7825494142202756
Glyma.07G089600.Wm82.a4.v1,0.7825260670810006
Glyma.16G125100.Wm82.a4.v1,0.782505054655653
Glyma.08G033800.Wm82.a4.v1,0.7824933810860155
Glyma.06G210400.Wm82.a4.v1,0.7824653645188855
Glyma.14G186800.Wm82.a4.v1,0.7824466868074654
Glyma.07G218300.Wm82.a4.v1,0.7824233396681904
Glyma.19G032700.Wm82.a4.v1,0.7823486288225103
Glyma.18G046800.Wm82.a4.v1,0.7823252816832353
Glyma.09G111300.Wm82.a4.v1,0.7823112733996703
Glyma.07G118700.Wm82.a4.v1,0.7823112733996703
Glyma.01G068800.Wm82.a4.v1,0.7823019345439604
Glyma.08G121300.Wm82.a4.v1,0.7822925956882503
Glyma.07G008200.Wm82.a4.v1,0.7821805294197302
Glyma.13G142500.Wm82.a4.v1,0.7821805294197302
Glyma.07G117000.Wm82.a4.v1,0.7821711905640202
Glyma.12G211800.Wm82.a4.v1,0.7821665211361651
Glyma.02G169600.Wm82.a4.v1,0.7821618517083102
Glyma.06G127500.Wm82.a4.v1,0.7821618517083102
Glyma.19G261200.Wm82.a4.v1,0.7821571822804552
Glyma.05G112600.Wm82.a4.v1,0.7821525128526001
Glyma.02G097700.Wm82.a4.v1,0.7821478434247452
Glyma.08G205200.Wm82.a4.v1,0.7821244962854701
Glyma.10G205600.Wm82.a4.v1,0.7821058185740501
Glyma.03G232200.Wm82.a4.v1,0.7820964797183401
Glyma.13G318800.Wm82.a4.v1,0.78203110772837
Glyma.10G236900.Wm82.a4.v1,0.78200309116124
Glyma.10G209800.Wm82.a4.v1,0.781998421733385
Glyma.14G113600.Wm82.a4.v1,0.781951727454835
Glyma.12G222700.Wm82.a4.v1,0.7819307150294874
Glyma.14G099100.Wm82.a4.v1,0.7819283803155599
Glyma.10G005000.Wm82.a4.v1,0.7819003637484299
Glyma.04G099900.Wm82.a4.v1,0.7818349917584598
Glyma.11G152500.Wm82.a4.v1,0.7818349917584598
Glyma.04G252800.Wm82.a4.v1,0.7818256529027499
Glyma.08G029700.Wm82.a4.v1,0.7818116446191848
Glyma.18G120100.Wm82.a4.v1,0.7818069751913298
Glyma.12G234500.Wm82.a4.v1,0.7817976363356198
Glyma.04G080700.Wm82.a4.v1,0.7817649503406348
Glyma.09G250400.Wm82.a4.v1,0.7817602809127797
Glyma.12G229200.Wm82.a4.v1,0.7817556114849248
Glyma.11G234300.Wm82.a4.v1,0.7817135866342297
Glyma.20G120300.Wm82.a4.v1,0.7816902394949546
Glyma.05G003800.Wm82.a4.v1,0.7816342063606946
Glyma.20G178400.Wm82.a4.v1,0.7815781732264345
Glyma.02G001300.Wm82.a4.v1,0.7815735037985796
Glyma.14G026900.Wm82.a4.v1,0.7815594955150146
Glyma.03G158400.Wm82.a4.v1,0.7814707763857695
Glyma.10G211600.Wm82.a4.v1,0.7814427598186394
Glyma.01G162000.Wm82.a4.v1,0.7814287515350744
Glyma.10G055000.Wm82.a4.v1,0.7814147432515094
Glyma.04G254600.Wm82.a4.v1,0.7814007349679444
Glyma.06G075500.Wm82.a4.v1,0.7813773878286694
Glyma.17G044500.Wm82.a4.v1,0.7813680489729593
Glyma.18G159500.Wm82.a4.v1,0.7813587101172493
Glyma.17G222800.Wm82.a4.v1,0.7813587101172493
Glyma.01G124200.Wm82.a4.v1,0.7812980075551342
Glyma.15G006400.Wm82.a4.v1,0.7812793298437143
Glyma.18G297800.Wm82.a4.v1,0.7812606521322942
Glyma.20G086200.Wm82.a4.v1,0.7812559827044392
Glyma.12G001200.Wm82.a4.v1,0.7812046189980342
Glyma.16G198300.Wm82.a4.v1,0.7811952801423242
Glyma.07G077400.Wm82.a4.v1,0.7811579247194841
Glyma.17G190500.Wm82.a4.v1,0.7811439164359191
Glyma.06G240000.Wm82.a4.v1,0.7811299081523541
Glyma.04G194500.Wm82.a4.v1,0.7811112304409341
Glyma.18G029500.Wm82.a4.v1,0.7811112304409341
Glyma.13G212800.Wm82.a4.v1,0.7811112304409341
Glyma.08G202000.Wm82.a4.v1,0.7810972221573691
Glyma.12G031300.Wm82.a4.v1,0.781059866734529
Glyma.18G044200.Wm82.a4.v1,0.781055197306674
Glyma.03G142500.Wm82.a4.v1,0.781022511311689
Glyma.14G209400.Wm82.a4.v1,0.781022511311689
Glyma.08G040700.Wm82.a4.v1,0.7810038336002689
Glyma.20G228000.Wm82.a4.v1,0.780999164172414
Glyma.17G024000.Wm82.a4.v1,0.7809384616102989
Glyma.04G211300.Wm82.a4.v1,0.7809337921824439
Glyma.04G219632.Wm82.a4.v1,0.7809244533267339
Glyma.06G214900.Wm82.a4.v1,0.7808870979038939
Glyma.03G227400.Wm82.a4.v1,0.7808824284760388
Glyma.16G177400.Wm82.a4.v1,0.7808730896203289
Glyma.09G257900.Wm82.a4.v1,0.7807983787746487
Glyma.02G180100.Wm82.a4.v1,0.7807890399189388
Glyma.17G175000.Wm82.a4.v1,0.7807656927796637
Glyma.14G182600.Wm82.a4.v1,0.7807376762125336
Glyma.04G087100.Wm82.a4.v1,0.7807003207896936
Glyma.15G013400.Wm82.a4.v1,0.7806349487997236
Glyma.08G346900.Wm82.a4.v1,0.7805975933768835
Glyma.17G125500.Wm82.a4.v1,0.7805789156654636
Glyma.04G043300.Wm82.a4.v1,0.7805742462376085
Glyma.18G200100.Wm82.a4.v1,0.7805695768097535
Glyma.06G045000.Wm82.a4.v1,0.7805649073818985
Glyma.15G150700.Wm82.a4.v1,0.7805602379540435
Glyma.06G035000.Wm82.a4.v1,0.7805368908147685
Glyma.02G193700.Wm82.a4.v1,0.7805368908147685
Glyma.04G166300.Wm82.a4.v1,0.7805088742476385
Glyma.14G090500.Wm82.a4.v1,0.7805042048197834
Glyma.18G104400.Wm82.a4.v1,0.7804948659640735
Glyma.13G240800.Wm82.a4.v1,0.7804761882526534
Glyma.11G130100.Wm82.a4.v1,0.7804294939741033
Glyma.04G216000.Wm82.a4.v1,0.7803968079791184
Glyma.19G018600.Wm82.a4.v1,0.7803687914119883
Glyma.09G198500.Wm82.a4.v1,0.7803174277055832
Glyma.19G114100.Wm82.a4.v1,0.7802847417105983
Glyma.04G107300.Wm82.a4.v1,0.7802660639991782
Glyma.07G068600.Wm82.a4.v1,0.7802520557156132
Glyma.05G248600.Wm82.a4.v1,0.7802427168599032
Glyma.17G220700.Wm82.a4.v1,0.7802380474320482
Glyma.19G046600.Wm82.a4.v1,0.7801399894470931
Glyma.20G238100.Wm82.a4.v1,0.7801399894470931
Glyma.10G270300.Wm82.a4.v1,0.7801399894470931
Glyma.06G292400.Wm82.a4.v1,0.780135320019238
Glyma.02G109300.Wm82.a4.v1,0.7801166423078181
Glyma.07G018500.Wm82.a4.v1,0.780097964596398
Glyma.09G059600.Wm82.a4.v1,0.7799952371835879
Glyma.18G284700.Wm82.a4.v1,0.7799672206164578
Glyma.02G238700.Wm82.a4.v1,0.7799578817607479
Glyma.08G154500.Wm82.a4.v1,0.7799065180543429
Glyma.20G114300.Wm82.a4.v1,0.7798458154922278
Glyma.03G199500.Wm82.a4.v1,0.7798224683529527
Glyma.04G206100.Wm82.a4.v1,0.7798131294972427
Glyma.04G247900.Wm82.a4.v1,0.7797944517858226
Glyma.03G234000.Wm82.a4.v1,0.7797804435022576
Glyma.19G180600.Wm82.a4.v1,0.7796823855173025
Glyma.14G152500.Wm82.a4.v1,0.7796730466615925
Glyma.07G108700.Wm82.a4.v1,0.7796403606666075
Glyma.19G153900.Wm82.a4.v1,0.7796123440994774
Glyma.09G263700.Wm82.a4.v1,0.7795796581044925
Glyma.02G012800.Wm82.a4.v1,0.7795656498209275
Glyma.16G179800.Wm82.a4.v1,0.7795656498209275
Glyma.19G025400.Wm82.a4.v1,0.7795516415373624
Glyma.05G217300.Wm82.a4.v1,0.7794956084031024
Glyma.12G093400.Wm82.a4.v1,0.7794535835524073
Glyma.20G027900.Wm82.a4.v1,0.7794442446966973
Glyma.02G074200.Wm82.a4.v1,0.7794302364131322
Glyma.11G047400.Wm82.a4.v1,0.7793882115624372
Glyma.09G073700.Wm82.a4.v1,0.7793835421345823
Glyma.06G161200.Wm82.a4.v1,0.7793788727067272
Glyma.03G163300.Wm82.a4.v1,0.7793368478560322
Glyma.03G175400.Wm82.a4.v1,0.7792948230053371
Glyma.05G079100.Wm82.a4.v1,0.7792878188635547
Glyma.02G240200.Wm82.a4.v1,0.7792808147217721
Glyma.10G105400.Wm82.a4.v1,0.7792668064382071
Glyma.08G222000.Wm82.a4.v1,0.779234120443222
Glyma.16G059400.Wm82.a4.v1,0.7792247815875121
Glyma.19G033200.Wm82.a4.v1,0.7792014344482371
Glyma.11G244700.Wm82.a4.v1,0.7791874261646721
Glyma.01G019300.Wm82.a4.v1,0.779182756736817
Glyma.04G149600.Wm82.a4.v1,0.779178087308962
Glyma.07G004700.Wm82.a4.v1,0.779173417881107
Glyma.04G130500.Wm82.a4.v1,0.779173417881107
Glyma.04G016300.Wm82.a4.v1,0.779159409597542
Glyma.07G270400.Wm82.a4.v1,0.779154740169687
Glyma.17G073500.Wm82.a4.v1,0.779150070741832
Glyma.11G184700.Wm82.a4.v1,0.7790660210404419
Glyma.05G144400.Wm82.a4.v1,0.7790006490504718
Glyma.15G018800.Wm82.a4.v1,0.7789773019111969
Glyma.16G130000.Wm82.a4.v1,0.7789586241997768
Glyma.04G066500.Wm82.a4.v1,0.7789212687769368
Glyma.11G068500.Wm82.a4.v1,0.7789212687769368
Glyma.07G056300.Wm82.a4.v1,0.7789119299212267
Glyma.06G320700.Wm82.a4.v1,0.7788885827819517
Glyma.17G105700.Wm82.a4.v1,0.7788745744983867
Glyma.03G180100.Wm82.a4.v1,0.7788232107919817
Glyma.03G002400.Wm82.a4.v1,0.7787531693741566
Glyma.03G021900.Wm82.a4.v1,0.7787438305184465
Glyma.18G126000.Wm82.a4.v1,0.7787344916627366
Glyma.17G163400.Wm82.a4.v1,0.7787158139513165
Glyma.11G003200.Wm82.a4.v1,0.7786924668120415
Glyma.15G056500.Wm82.a4.v1,0.7786457725334914
Glyma.12G104100.Wm82.a4.v1,0.7786411031056365
Glyma.04G203000.Wm82.a4.v1,0.7786411031056365
Glyma.08G004400.Wm82.a4.v1,0.7786177559663614
Glyma.09G226000.Wm82.a4.v1,0.7785897393992314
Glyma.07G120900.Wm82.a4.v1,0.7785757311156664
Glyma.14G036100.Wm82.a4.v1,0.7785617228321013
Glyma.04G067600.Wm82.a4.v1,0.7785570534042464
Glyma.07G009600.Wm82.a4.v1,0.7785477145485363
Glyma.13G275400.Wm82.a4.v1,0.7784683342750013
Glyma.01G059200.Wm82.a4.v1,0.7784683342750013
Glyma.08G061300.Wm82.a4.v1,0.7784403177078713
Glyma.18G071700.Wm82.a4.v1,0.7784403177078713
Glyma.04G037000.Wm82.a4.v1,0.7784403177078713
Glyma.19G192600.Wm82.a4.v1,0.7784309788521613
Glyma.03G252300.Wm82.a4.v1,0.7784309788521613
Glyma.06G012200.Wm82.a4.v1,0.7784216399964512
Glyma.12G052967.Wm82.a4.v1,0.7784216399964512
Glyma.10G001600.Wm82.a4.v1,0.7783889540014662
Glyma.01G056300.Wm82.a4.v1,0.7783702762900462
Glyma.02G241000.Wm82.a4.v1,0.7783702762900462
Glyma.17G041000.Wm82.a4.v1,0.7782208545986861
Glyma.01G029400.Wm82.a4.v1,0.778216185170831
Glyma.04G076900.Wm82.a4.v1,0.7781694908922809
Glyma.06G254000.Wm82.a4.v1,0.778160152036571
Glyma.13G102000.Wm82.a4.v1,0.7781554826087159
Glyma.20G020400.Wm82.a4.v1,0.778136804897296
Glyma.05G126600.Wm82.a4.v1,0.7780901106187459
Glyma.13G142300.Wm82.a4.v1,0.7780714329073258
Glyma.02G217300.Wm82.a4.v1,0.7780247386287759
Glyma.13G058400.Wm82.a4.v1,0.7780013914895008
Glyma.08G368101.Wm82.a4.v1,0.7779640360666608
Glyma.02G099200.Wm82.a4.v1,0.7779593666388057
Glyma.18G140300.Wm82.a4.v1,0.7779266806438208
Glyma.01G242800.Wm82.a4.v1,0.7778893252209806
Glyma.06G074700.Wm82.a4.v1,0.7778893252209806
Glyma.13G186700.Wm82.a4.v1,0.7778613086538506
Glyma.15G267100.Wm82.a4.v1,0.7778566392259957
Glyma.08G212600.Wm82.a4.v1,0.7778426309424307
Glyma.06G126100.Wm82.a4.v1,0.7778099449474456
Glyma.13G342900.Wm82.a4.v1,0.7777492423853305
Glyma.12G045700.Wm82.a4.v1,0.7777212258182005
Glyma.02G222400.Wm82.a4.v1,0.7777212258182005
Glyma.08G053300.Wm82.a4.v1,0.7776792009675054
Glyma.08G074400.Wm82.a4.v1,0.7776651926839404
Glyma.06G147800.Wm82.a4.v1,0.7776605232560855
Glyma.18G296400.Wm82.a4.v1,0.7776465149725205
Glyma.18G280200.Wm82.a4.v1,0.7776231678332454
Glyma.14G031900.Wm82.a4.v1,0.7776184984053904
Glyma.16G126200.Wm82.a4.v1,0.7775951512661153
Glyma.06G325566.Wm82.a4.v1,0.7775858124104054
Glyma.07G009300.Wm82.a4.v1,0.7774737461418852
Glyma.09G196400.Wm82.a4.v1,0.7773803575847852
Glyma.09G074300.Wm82.a4.v1,0.7773756881569301
Glyma.01G080600.Wm82.a4.v1,0.7773663493012202
Glyma.12G143000.Wm82.a4.v1,0.7773523410176552
Glyma.06G305800.Wm82.a4.v1,0.77730097731125
Glyma.04G227100.Wm82.a4.v1,0.7772916384555401
Glyma.03G099000.Wm82.a4.v1,0.777286969027685
Glyma.09G232600.Wm82.a4.v1,0.7772822995998301
Glyma.09G245000.Wm82.a4.v1,0.7772542830327
Glyma.12G119900.Wm82.a4.v1,0.77724494417699
Glyma.08G074500.Wm82.a4.v1,0.7772029193262949
Glyma.07G072500.Wm82.a4.v1,0.777156225047745
Glyma.09G273100.Wm82.a4.v1,0.7771422167641799
Glyma.18G019900.Wm82.a4.v1,0.7771235390527599
Glyma.17G018800.Wm82.a4.v1,0.7770861836299199
Glyma.05G153900.Wm82.a4.v1,0.7770768447742098
Glyma.06G222100.Wm82.a4.v1,0.7770348199235148
Glyma.12G109500.Wm82.a4.v1,0.7770068033563847
Glyma.18G001500.Wm82.a4.v1,0.7769320925107046
Glyma.20G012000.Wm82.a4.v1,0.7769134147992847
Glyma.13G169100.Wm82.a4.v1,0.7769087453714296
Glyma.02G095900.Wm82.a4.v1,0.7768667205207346
Glyma.04G235100.Wm82.a4.v1,0.7768387039536045
Glyma.17G052800.Wm82.a4.v1,0.7768340345257495
Glyma.08G265300.Wm82.a4.v1,0.7768153568143296
Glyma.04G235400.Wm82.a4.v1,0.7767593236800695
Glyma.04G216400.Wm82.a4.v1,0.7767453153965045
Glyma.15G029400.Wm82.a4.v1,0.7767126294015194
Glyma.15G121500.Wm82.a4.v1,0.7767079599736644
Glyma.18G139100.Wm82.a4.v1,0.7766752739786794
Glyma.07G062400.Wm82.a4.v1,0.7766519268394043
Glyma.06G284000.Wm82.a4.v1,0.7766332491279844
Glyma.17G204000.Wm82.a4.v1,0.7765865548494343
Glyma.11G150100.Wm82.a4.v1,0.7765818854215792
Glyma.19G199500.Wm82.a4.v1,0.7765305217151742
Glyma.19G019000.Wm82.a4.v1,0.7764931662923342
Glyma.13G325900.Wm82.a4.v1,0.7764511414416392
Glyma.05G212800.Wm82.a4.v1,0.7764371331580742
Glyma.17G202600.Wm82.a4.v1,0.7764324637302191
Glyma.16G008900.Wm82.a4.v1,0.7764324637302191
Glyma.11G025300.Wm82.a4.v1,0.7764044471630891
Glyma.10G081300.Wm82.a4.v1,0.7763904388795241
Glyma.17G200800.Wm82.a4.v1,0.776362422312394
Glyma.13G351800.Wm82.a4.v1,0.776357752884539
Glyma.04G114800.Wm82.a4.v1,0.7763390751731191
Glyma.17G063600.Wm82.a4.v1,0.776320397461699
Glyma.16G211400.Wm82.a4.v1,0.776315728033844
Glyma.11G136200.Wm82.a4.v1,0.776311058605989
Glyma.09G011100.Wm82.a4.v1,0.7762737031831489
Glyma.18G255600.Wm82.a4.v1,0.776269033755294
Glyma.05G235600.Wm82.a4.v1,0.776269033755294
Glyma.08G268900.Wm82.a4.v1,0.776255025471729
Glyma.17G075200.Wm82.a4.v1,0.776241017188164
Glyma.02G049600.Wm82.a4.v1,0.7761989923374689
Glyma.02G292300.Wm82.a4.v1,0.7761196120639338
Glyma.11G031000.Wm82.a4.v1,0.7760915954968037
Glyma.20G249700.Wm82.a4.v1,0.7760589095018188
Glyma.13G211300.Wm82.a4.v1,0.7760495706461087
Glyma.07G032600.Wm82.a4.v1,0.7760028763675587
Glyma.01G115000.Wm82.a4.v1,0.7759935375118486
Glyma.16G098100.Wm82.a4.v1,0.7759935375118486
Glyma.08G331800.Wm82.a4.v1,0.7759935375118486
Glyma.20G092502.Wm82.a4.v1,0.7759795292282836
Glyma.20G012900.Wm82.a4.v1,0.7759701903725736
Glyma.05G054900.Wm82.a4.v1,0.7759468432332987
Glyma.18G247300.Wm82.a4.v1,0.7759234960940236
Glyma.14G044700.Wm82.a4.v1,0.7758768018154736
Glyma.05G000900.Wm82.a4.v1,0.7758441158204885
Glyma.15G242200.Wm82.a4.v1,0.7758254381090685
Glyma.06G003600.Wm82.a4.v1,0.7758160992533585
Glyma.01G186300.Wm82.a4.v1,0.7758160992533585
Glyma.08G043100.Wm82.a4.v1,0.7757553966912434
Glyma.04G220200.Wm82.a4.v1,0.7757367189798234
Glyma.06G152200.Wm82.a4.v1,0.7757133718405483
Glyma.09G133600.Wm82.a4.v1,0.7757087024126934
Glyma.20G056800.Wm82.a4.v1,0.7756153138555932
Glyma.06G316900.Wm82.a4.v1,0.7756106444277383
Glyma.06G046400.Wm82.a4.v1,0.7756083097138108
Glyma.U031407.Wm82.a4.v1,0.7756013055720282
Glyma.12G008500.Wm82.a4.v1,0.7755872972884632
Glyma.07G119300.Wm82.a4.v1,0.7755826278606083
Glyma.07G056000.Wm82.a4.v1,0.7755826278606083
Glyma.19G121100.Wm82.a4.v1,0.7755779584327532
Glyma.19G245200.Wm82.a4.v1,0.7755732890048982
Glyma.02G178800.Wm82.a4.v1,0.7755452724377682
Glyma.08G297300.Wm82.a4.v1,0.7755452724377682
Glyma.02G103300.Wm82.a4.v1,0.7755359335820582
Glyma.13G349600.Wm82.a4.v1,0.7755125864427832
Glyma.07G029100.Wm82.a4.v1,0.7754658921642331
Glyma.06G249100.Wm82.a4.v1,0.7754658921642331
Glyma.10G047200.Wm82.a4.v1,0.7754472144528131
Glyma.18G279400.Wm82.a4.v1,0.7754378755971031
Glyma.13G060400.Wm82.a4.v1,0.7754285367413931
Glyma.15G024900.Wm82.a4.v1,0.775395850746408
Glyma.04G239800.Wm82.a4.v1,0.7753865118906981
Glyma.05G237800.Wm82.a4.v1,0.775377173034988
Glyma.13G164000.Wm82.a4.v1,0.775353825895713
Glyma.19G214000.Wm82.a4.v1,0.775349156467858
Glyma.13G115800.Wm82.a4.v1,0.7753351481842929
Glyma.08G097300.Wm82.a4.v1,0.775330478756438
Glyma.12G000800.Wm82.a4.v1,0.7753281440425105
Glyma.11G241500.Wm82.a4.v1,0.7753211399007279
Glyma.02G271300.Wm82.a4.v1,0.7753071316171629
Glyma.06G064600.Wm82.a4.v1,0.775302462189308
Glyma.06G000700.Wm82.a4.v1,0.7752931233335979
Glyma.16G023500.Wm82.a4.v1,0.7752837844778879
Glyma.06G043300.Wm82.a4.v1,0.775274445622178
Glyma.18G024200.Wm82.a4.v1,0.7752464290550479
Glyma.15G209600.Wm82.a4.v1,0.7752417596271929
Glyma.10G193000.Wm82.a4.v1,0.7752324207714829
Glyma.09G173400.Wm82.a4.v1,0.7752277513436279
Glyma.18G284100.Wm82.a4.v1,0.7751903959207879
Glyma.15G146800.Wm82.a4.v1,0.7751903959207879
Glyma.08G310400.Wm82.a4.v1,0.7751437016422378
Glyma.04G037100.Wm82.a4.v1,0.7751366975004552
Glyma.12G192700.Wm82.a4.v1,0.7751250239308177
Glyma.19G261300.Wm82.a4.v1,0.7751156850751078
Glyma.11G008600.Wm82.a4.v1,0.7750970073636877
Glyma.06G144100.Wm82.a4.v1,0.7750923379358328
Glyma.20G147000.Wm82.a4.v1,0.7750643213687027
Glyma.17G245000.Wm82.a4.v1,0.7750596519408477
Glyma.10G014300.Wm82.a4.v1,0.7750409742294276
Glyma.07G059800.Wm82.a4.v1,0.7750129576622976
Glyma.01G079500.Wm82.a4.v1,0.7750129576622976
Glyma.16G021700.Wm82.a4.v1,0.7750082882344427
Glyma.08G334900.Wm82.a4.v1,0.7748868831102125
Glyma.12G033500.Wm82.a4.v1,0.7748775442545025
Glyma.02G274900.Wm82.a4.v1,0.7748308499759524
Glyma.11G058900.Wm82.a4.v1,0.7747888251252574
Glyma.12G179200.Wm82.a4.v1,0.7747794862695474
Glyma.18G221900.Wm82.a4.v1,0.7747514697024174
Glyma.05G020200.Wm82.a4.v1,0.7747514697024174
Glyma.06G091600.Wm82.a4.v1,0.7746860977124473
Glyma.04G104800.Wm82.a4.v1,0.7746720894288823
Glyma.10G003400.Wm82.a4.v1,0.7746394034338973
Glyma.02G251400.Wm82.a4.v1,0.7746300645781873
Glyma.13G372100.Wm82.a4.v1,0.7746067174389122
Glyma.12G222100.Wm82.a4.v1,0.7745927091553472
Glyma.17G039500.Wm82.a4.v1,0.7745600231603622
Glyma.10G018900.Wm82.a4.v1,0.7745413454489422
Glyma.17G010400.Wm82.a4.v1,0.7744199403247121
Glyma.04G220900.Wm82.a4.v1,0.774359237762597
Glyma.11G075300.Wm82.a4.v1,0.7743265517676119
Glyma.12G009400.Wm82.a4.v1,0.7742891963447719
Glyma.10G217600.Wm82.a4.v1,0.7742144854990918
Glyma.03G096900.Wm82.a4.v1,0.7742098160712368
Glyma.05G022400.Wm82.a4.v1,0.7741911383598168
Glyma.07G258600.Wm82.a4.v1,0.7741864689319617
Glyma.04G178400.Wm82.a4.v1,0.7741771300762518
Glyma.14G020100.Wm82.a4.v1,0.7741351052255567
Glyma.04G240900.Wm82.a4.v1,0.7741164275141367
Glyma.12G026000.Wm82.a4.v1,0.7740884109470066
Glyma.04G045100.Wm82.a4.v1,0.7740884109470066
Glyma.10G152900.Wm82.a4.v1,0.7740884109470066
Glyma.16G091002.Wm82.a4.v1,0.7740277083848915
Glyma.02G281900.Wm82.a4.v1,0.7740090306734716
Glyma.03G172200.Wm82.a4.v1,0.7739903529620515
Glyma.19G232000.Wm82.a4.v1,0.7739856835341965
Glyma.08G178200.Wm82.a4.v1,0.7739810141063416
Glyma.14G112200.Wm82.a4.v1,0.7739623363949215
Glyma.08G124300.Wm82.a4.v1,0.7739249809720815
Glyma.05G198700.Wm82.a4.v1,0.7738969644049515
Glyma.18G052700.Wm82.a4.v1,0.7738922949770964
Glyma.19G242200.Wm82.a4.v1,0.7738642784099664
Glyma.02G273200.Wm82.a4.v1,0.7738549395542564
Glyma.10G007400.Wm82.a4.v1,0.7738502701264014
Glyma.12G156900.Wm82.a4.v1,0.7738315924149813
Glyma.10G291900.Wm82.a4.v1,0.7738222535592714
Glyma.11G135400.Wm82.a4.v1,0.7738035758478513
Glyma.11G053500.Wm82.a4.v1,0.7738035758478513
Glyma.06G075000.Wm82.a4.v1,0.7737522121414463
Glyma.18G181200.Wm82.a4.v1,0.7737195261464612
Glyma.15G103700.Wm82.a4.v1,0.7737055178628962
Glyma.10G194400.Wm82.a4.v1,0.7736775012957662
Glyma.10G010200.Wm82.a4.v1,0.7736401458729262
Glyma.15G269500.Wm82.a4.v1,0.7736354764450711
Glyma.20G187700.Wm82.a4.v1,0.7736308070172162
Glyma.05G134900.Wm82.a4.v1,0.7736027904500862
Glyma.08G249200.Wm82.a4.v1,0.7736027904500862
Glyma.10G158700.Wm82.a4.v1,0.7735981210222311
Glyma.17G164600.Wm82.a4.v1,0.7735981210222311
Glyma.08G028200.Wm82.a4.v1,0.7735794433108111
Glyma.06G183700.Wm82.a4.v1,0.7735747738829561
Glyma.06G067600.Wm82.a4.v1,0.7735677697411736
Glyma.18G248300.Wm82.a4.v1,0.773523410176551
Glyma.13G134900.Wm82.a4.v1,0.773481385325856
Glyma.19G052300.Wm82.a4.v1,0.773434691047306
Glyma.02G149600.Wm82.a4.v1,0.7734253521915959
Glyma.03G125800.Wm82.a4.v1,0.773420682763741
Glyma.02G031200.Wm82.a4.v1,0.7733833273409009
Glyma.04G029100.Wm82.a4.v1,0.7733646496294809
Glyma.19G170300.Wm82.a4.v1,0.7733646496294809
Glyma.04G191500.Wm82.a4.v1,0.7733553107737708
Glyma.06G122500.Wm82.a4.v1,0.7732549180748883
Glyma.12G228700.Wm82.a4.v1,0.7732292362216857
Glyma.11G028100.Wm82.a4.v1,0.7732105585102658
Glyma.17G012100.Wm82.a4.v1,0.7731825419431357
Glyma.02G009600.Wm82.a4.v1,0.7731825419431357
Glyma.06G018700.Wm82.a4.v1,0.7731825419431357
Glyma.19G015500.Wm82.a4.v1,0.7731685336595707
Glyma.14G080600.Wm82.a4.v1,0.7731545253760057
Glyma.17G103600.Wm82.a4.v1,0.7731311782367306
Glyma.12G042500.Wm82.a4.v1,0.7731218393810206
Glyma.12G181900.Wm82.a4.v1,0.7730891533860356
Glyma.13G162300.Wm82.a4.v1,0.7730517979631956
Glyma.19G227500.Wm82.a4.v1,0.7730517979631956
Glyma.20G048900.Wm82.a4.v1,0.7730517979631956
Glyma.11G019300.Wm82.a4.v1,0.7730004342567905
Glyma.08G271700.Wm82.a4.v1,0.7729957648289355
Glyma.03G187700.Wm82.a4.v1,0.7729864259732255
Glyma.15G097900.Wm82.a4.v1,0.7729817565453705
Glyma.14G086500.Wm82.a4.v1,0.7728556819932854
Glyma.04G207200.Wm82.a4.v1,0.7728183265704454
Glyma.13G073400.Wm82.a4.v1,0.7727716322918953
Glyma.10G218000.Wm82.a4.v1,0.7727109297297802
Glyma.19G160400.Wm82.a4.v1,0.7726875825905052
Glyma.10G238500.Wm82.a4.v1,0.7726689048790851
Glyma.06G188300.Wm82.a4.v1,0.7726502271676652
Glyma.10G226300.Wm82.a4.v1,0.7726502271676652
Glyma.14G193200.Wm82.a4.v1,0.7726408883119551
Glyma.04G227300.Wm82.a4.v1,0.77259886346126
Glyma.19G052200.Wm82.a4.v1,0.77257084689413
Glyma.15G054700.Wm82.a4.v1,0.7725661774662751
Glyma.11G200000.Wm82.a4.v1,0.77247745833703
Glyma.07G073100.Wm82.a4.v1,0.77246811948132
Glyma.05G114700.Wm82.a4.v1,0.772454111197755
Glyma.09G020900.Wm82.a4.v1,0.7724307640584799
Glyma.09G059700.Wm82.a4.v1,0.7724120863470599
Glyma.12G022300.Wm82.a4.v1,0.7723887392077848
Glyma.14G191700.Wm82.a4.v1,0.7723840697799299
Glyma.09G176900.Wm82.a4.v1,0.7723653920685098
Glyma.02G268000.Wm82.a4.v1,0.7723513837849448
Glyma.11G194500.Wm82.a4.v1,0.7723467143570898
Glyma.01G048000.Wm82.a4.v1,0.7723467143570898
Glyma.11G185500.Wm82.a4.v1,0.7723186977899598
Glyma.10G087000.Wm82.a4.v1,0.7722533257999897
Glyma.09G236600.Wm82.a4.v1,0.7722206398050047
Glyma.06G198000.Wm82.a4.v1,0.7721739455264547
Glyma.07G123100.Wm82.a4.v1,0.7721599372428897
Glyma.19G131400.Wm82.a4.v1,0.7721505983871796
Glyma.07G263400.Wm82.a4.v1,0.7721505983871796
Glyma.01G035100.Wm82.a4.v1,0.7721459289593247
Glyma.11G051400.Wm82.a4.v1,0.7721412595314696
Glyma.17G152800.Wm82.a4.v1,0.7721132429643396
Glyma.13G120100.Wm82.a4.v1,0.7720805569693545
Glyma.18G237600.Wm82.a4.v1,0.7720758875414996
Glyma.17G261600.Wm82.a4.v1,0.7720665486857895
Glyma.11G081200.Wm82.a4.v1,0.7720618792579346
Glyma.08G126000.Wm82.a4.v1,0.7720525404022245
Glyma.18G229600.Wm82.a4.v1,0.7720338626908045
Glyma.02G254400.Wm82.a4.v1,0.7720198544072395
Glyma.07G215400.Wm82.a4.v1,0.7720011766958195
Glyma.04G059800.Wm82.a4.v1,0.7719778295565445
Glyma.12G116100.Wm82.a4.v1,0.7719731601286894
Glyma.14G119100.Wm82.a4.v1,0.7719638212729795
Glyma.03G004900.Wm82.a4.v1,0.7719544824172694
Glyma.13G043800.Wm82.a4.v1,0.7719311352779944
Glyma.14G179900.Wm82.a4.v1,0.7719171269944294
Glyma.06G242600.Wm82.a4.v1,0.7718844409994443
Glyma.13G152372.Wm82.a4.v1,0.7718797715715894
Glyma.06G276100.Wm82.a4.v1,0.7718050607259093
Glyma.13G312900.Wm82.a4.v1,0.7718003912980542
Glyma.17G052500.Wm82.a4.v1,0.7717630358752142
Glyma.16G006500.Wm82.a4.v1,0.7717583664473592
Glyma.08G364400.Wm82.a4.v1,0.7717583664473592
Glyma.15G271500.Wm82.a4.v1,0.7716369613231291
Glyma.17G108000.Wm82.a4.v1,0.7716229530395641
Glyma.08G289100.Wm82.a4.v1,0.7716136141838541
Glyma.18G231900.Wm82.a4.v1,0.771604275328144
Glyma.03G003800.Wm82.a4.v1,0.771594936472434
Glyma.13G032300.Wm82.a4.v1,0.7715855976167241
Glyma.03G192000.Wm82.a4.v1,0.771576258761014
Glyma.01G176600.Wm82.a4.v1,0.771566919905304
Glyma.09G031700.Wm82.a4.v1,0.7715202256267539
Glyma.15G003500.Wm82.a4.v1,0.7714828702039139
Glyma.06G188500.Wm82.a4.v1,0.7714641924924939
Glyma.06G308900.Wm82.a4.v1,0.7714455147810739
Glyma.19G204000.Wm82.a4.v1,0.7714034899303789
Glyma.10G236300.Wm82.a4.v1,0.7713801427911038
Glyma.04G200800.Wm82.a4.v1,0.7713661345075388
Glyma.11G116700.Wm82.a4.v1,0.7713241096568437
Glyma.10G209600.Wm82.a4.v1,0.7712587376668737
Glyma.17G212500.Wm82.a4.v1,0.7712027045326136
Glyma.02G088600.Wm82.a4.v1,0.7711606796819186
Glyma.05G166100.Wm82.a4.v1,0.7711046465476585
Glyma.18G013800.Wm82.a4.v1,0.7710859688362385
Glyma.08G242000.Wm82.a4.v1,0.7710812994083834
Glyma.19G089800.Wm82.a4.v1,0.7710532828412534
Glyma.19G068300.Wm82.a4.v1,0.7710299357019784
Glyma.17G176300.Wm82.a4.v1,0.7710299357019784
Glyma.04G204400.Wm82.a4.v1,0.7710159274184134
Glyma.16G024100.Wm82.a4.v1,0.7709692331398633
Glyma.03G162900.Wm82.a4.v1,0.7709598942841533
Glyma.15G035700.Wm82.a4.v1,0.7709458860005883
Glyma.07G261900.Wm82.a4.v1,0.7709365471448784
Glyma.04G184600.Wm82.a4.v1,0.7709272082891683
Glyma.17G200900.Wm82.a4.v1,0.7709178694334583
Glyma.02G202700.Wm82.a4.v1,0.7708898528663283
Glyma.09G094300.Wm82.a4.v1,0.7708665057270533
Glyma.17G123700.Wm82.a4.v1,0.7708571668713432
Glyma.08G126100.Wm82.a4.v1,0.7708478280156332
Glyma.16G132600.Wm82.a4.v1,0.7708478280156332
Glyma.10G266000.Wm82.a4.v1,0.7708384891599233
Glyma.02G251200.Wm82.a4.v1,0.7708384891599233
Glyma.18G284600.Wm82.a4.v1,0.7708291503042132
Glyma.18G282500.Wm82.a4.v1,0.7708104725927932
Glyma.13G359600.Wm82.a4.v1,0.7708058031649382
Glyma.04G180800.Wm82.a4.v1,0.7707917948813732
Glyma.10G039700.Wm82.a4.v1,0.7707637783142431
Glyma.05G246500.Wm82.a4.v1,0.7707310923192581
Glyma.17G084700.Wm82.a4.v1,0.7707264228914031
Glyma.15G060000.Wm82.a4.v1,0.7707217534635481
Glyma.01G230400.Wm82.a4.v1,0.7707077451799831
Glyma.05G155000.Wm82.a4.v1,0.770675059184998
Glyma.19G194800.Wm82.a4.v1,0.770665720329288
Glyma.09G004400.Wm82.a4.v1,0.770661050901433
Glyma.17G101800.Wm82.a4.v1,0.770628364906448
Glyma.09G233300.Wm82.a4.v1,0.770595678911463
Glyma.01G223200.Wm82.a4.v1,0.7705910094836079
Glyma.07G033100.Wm82.a4.v1,0.770572331772188
Glyma.11G165600.Wm82.a4.v1,0.770544315205058
Glyma.06G111200.Wm82.a4.v1,0.7705349763493479
Glyma.10G211300.Wm82.a4.v1,0.7705256374936379
Glyma.06G119400.Wm82.a4.v1,0.7704789432150878
Glyma.11G191200.Wm82.a4.v1,0.7704696043593778
Glyma.05G111900.Wm82.a4.v1,0.7704696043593778
Glyma.10G091000.Wm82.a4.v1,0.7704602655036679
Glyma.01G155300.Wm82.a4.v1,0.7704555960758128
Glyma.10G155100.Wm82.a4.v1,0.7704509266479578
Glyma.09G011500.Wm82.a4.v1,0.7704275795086828
Glyma.12G151100.Wm82.a4.v1,0.7704042323694078
Glyma.13G261900.Wm82.a4.v1,0.7703995629415528
Glyma.18G138900.Wm82.a4.v1,0.7703668769465677
Glyma.08G310800.Wm82.a4.v1,0.7703528686630027
Glyma.05G186000.Wm82.a4.v1,0.7703435298072927
Glyma.10G221300.Wm82.a4.v1,0.7703295215237277
Glyma.01G029100.Wm82.a4.v1,0.7703061743844527
Glyma.06G304200.Wm82.a4.v1,0.7703061743844527
Glyma.10G264600.Wm82.a4.v1,0.7702781578173227
Glyma.02G192200.Wm82.a4.v1,0.7702594801059026
Glyma.17G127100.Wm82.a4.v1,0.7702454718223376
Glyma.14G043400.Wm82.a4.v1,0.7701894386880775
Glyma.01G157000.Wm82.a4.v1,0.7701800998323676
Glyma.04G231800.Wm82.a4.v1,0.7701614221209475
Glyma.14G214400.Wm82.a4.v1,0.7701474138373825
Glyma.15G005400.Wm82.a4.v1,0.7701427444095275
Glyma.04G012500.Wm82.a4.v1,0.7701240666981075
Glyma.02G176900.Wm82.a4.v1,0.7700586947081374
Glyma.04G192200.Wm82.a4.v1,0.7700540252802824
Glyma.05G209600.Wm82.a4.v1,0.7700540252802824
Glyma.08G360600.Wm82.a4.v1,0.7700353475688624
Glyma.07G090300.Wm82.a4.v1,0.7700213392852974
Glyma.10G083500.Wm82.a4.v1,0.7700120004295874
Glyma.12G012000.Wm82.a4.v1,0.7700073310017324
Glyma.12G046400.Wm82.a4.v1,0.7699793144346023
Glyma.10G286000.Wm82.a4.v1,0.7699232813003423
Glyma.15G125900.Wm82.a4.v1,0.7698905953053572
Glyma.18G264800.Wm82.a4.v1,0.7698719175939372
Glyma.08G053100.Wm82.a4.v1,0.7698439010268072
Glyma.07G239000.Wm82.a4.v1,0.7697551818975621
Glyma.01G008800.Wm82.a4.v1,0.7697551818975621
Glyma.07G263200.Wm82.a4.v1,0.7697458430418521
Glyma.18G027200.Wm82.a4.v1,0.7697271653304321
Glyma.02G078300.Wm82.a4.v1,0.769708487619012
Glyma.09G228200.Wm82.a4.v1,0.7697038181911571
Glyma.04G080000.Wm82.a4.v1,0.7697038181911571
Glyma.15G066100.Wm82.a4.v1,0.769694479335447
Glyma.11G020700.Wm82.a4.v1,0.769661793340462
Glyma.15G061000.Wm82.a4.v1,0.769615099061912
Glyma.02G136800.Wm82.a4.v1,0.7696104296340569
Glyma.14G074900.Wm82.a4.v1,0.7695310493605219
Glyma.03G017800.Wm82.a4.v1,0.7695123716491018
Glyma.11G056100.Wm82.a4.v1,0.7694843550819718
Glyma.02G279600.Wm82.a4.v1,0.7694843550819718
Glyma.05G027700.Wm82.a4.v1,0.7694376608034218
Glyma.09G128800.Wm82.a4.v1,0.7694049748084367
Glyma.09G077400.Wm82.a4.v1,0.7694003053805817
Glyma.15G067900.Wm82.a4.v1,0.7693722888134517
Glyma.05G061500.Wm82.a4.v1,0.7693676193855967
Glyma.08G114000.Wm82.a4.v1,0.7693629499577417
Glyma.14G021600.Wm82.a4.v1,0.7693629499577417
Glyma.12G066000.Wm82.a4.v1,0.7693582805298866
Glyma.01G086201.Wm82.a4.v1,0.7693255945349017
Glyma.02G284400.Wm82.a4.v1,0.7693162556791916
Glyma.09G212400.Wm82.a4.v1,0.7692929085399166
Glyma.13G056600.Wm82.a4.v1,0.7692462142613665
Glyma.13G036000.Wm82.a4.v1,0.7692275365499466
Glyma.09G090300.Wm82.a4.v1,0.7692088588385265
Glyma.07G152800.Wm82.a4.v1,0.7691948505549615
Glyma.01G159400.Wm82.a4.v1,0.7691108008535714
Glyma.03G099900.Wm82.a4.v1,0.7690547677193114
Glyma.08G355500.Wm82.a4.v1,0.7689193543115163
Glyma.04G141900.Wm82.a4.v1,0.7689006766000962
Glyma.02G074100.Wm82.a4.v1,0.7688913377443862
Glyma.07G040600.Wm82.a4.v1,0.7688913377443862
Glyma.18G130400.Wm82.a4.v1,0.7688866683165312
Glyma.06G083900.Wm82.a4.v1,0.7688773294608212
Glyma.17G043700.Wm82.a4.v1,0.7688679906051111
Glyma.05G085500.Wm82.a4.v1,0.7688446434658361
Glyma.14G118100.Wm82.a4.v1,0.7688259657544161
Glyma.20G162000.Wm82.a4.v1,0.7687886103315761
Glyma.11G011400.Wm82.a4.v1,0.7687746020480111
Glyma.15G133700.Wm82.a4.v1,0.7687746020480111
Glyma.18G272700.Wm82.a4.v1,0.768769932620156
Glyma.01G019900.Wm82.a4.v1,0.7687512549087361
Glyma.17G250200.Wm82.a4.v1,0.768746585480881
Glyma.09G245500.Wm82.a4.v1,0.768713899485896
Glyma.07G269500.Wm82.a4.v1,0.768713899485896
Glyma.20G207700.Wm82.a4.v1,0.768681213490911
Glyma.07G192500.Wm82.a4.v1,0.768676544063056
Glyma.06G081600.Wm82.a4.v1,0.7686578663516359
Glyma.05G228300.Wm82.a4.v1,0.7686018332173759
Glyma.15G055000.Wm82.a4.v1,0.7685971637895209
Glyma.03G221000.Wm82.a4.v1,0.7685971637895209
Glyma.01G109300.Wm82.a4.v1,0.7685504695109708
Glyma.17G005500.Wm82.a4.v1,0.7684664198095807
Glyma.05G206600.Wm82.a4.v1,0.7684337338145957
Glyma.06G123100.Wm82.a4.v1,0.7684243949588857
Glyma.04G160400.Wm82.a4.v1,0.7684057172474656
Glyma.15G155300.Wm82.a4.v1,0.7683870395360457
Glyma.15G168500.Wm82.a4.v1,0.7683403452574956
Glyma.06G290400.Wm82.a4.v1,0.7683356758296406
Glyma.03G159200.Wm82.a4.v1,0.7683123286903656
Glyma.18G296200.Wm82.a4.v1,0.7683029898346556
Glyma.11G072800.Wm82.a4.v1,0.7682469567003956
Glyma.03G084300.Wm82.a4.v1,0.7682189401332654
Glyma.06G010400.Wm82.a4.v1,0.768188588852208
Glyma.04G222400.Wm82.a4.v1,0.7681862541382805
Glyma.04G173000.Wm82.a4.v1,0.7681722458547154
Glyma.07G068400.Wm82.a4.v1,0.7681675764268604
Glyma.17G239400.Wm82.a4.v1,0.7681535681432954
Glyma.03G122300.Wm82.a4.v1,0.7680975350090353
Glyma.17G203900.Wm82.a4.v1,0.7680648490140503
Glyma.03G198400.Wm82.a4.v1,0.7680461713026303
Glyma.09G193600.Wm82.a4.v1,0.7680368324469202
Glyma.06G158600.Wm82.a4.v1,0.7680368324469202
Glyma.05G005500.Wm82.a4.v1,0.7680181547355003
Glyma.05G096500.Wm82.a4.v1,0.7680088158797902
Glyma.09G223900.Wm82.a4.v1,0.7679948075962252
Glyma.09G018700.Wm82.a4.v1,0.7679854687405152
Glyma.01G228300.Wm82.a4.v1,0.7679387744619651
Glyma.12G217400.Wm82.a4.v1,0.7679294356062552
Glyma.02G310000.Wm82.a4.v1,0.7679294356062552
Glyma.15G217500.Wm82.a4.v1,0.7679294356062552
Glyma.04G061700.Wm82.a4.v1,0.7679014190391251
Glyma.19G213900.Wm82.a4.v1,0.76786873304414
Glyma.06G269600.Wm82.a4.v1,0.7678640636162851
Glyma.02G288500.Wm82.a4.v1,0.767770675059185
Glyma.09G270100.Wm82.a4.v1,0.767733319636345
Glyma.12G079400.Wm82.a4.v1,0.7676679476463749
Glyma.20G156500.Wm82.a4.v1,0.7676679476463749
Glyma.07G270500.Wm82.a4.v1,0.7676632782185199
Glyma.05G103500.Wm82.a4.v1,0.7676632782185199
Glyma.10G138600.Wm82.a4.v1,0.7676352616513898
Glyma.03G195800.Wm82.a4.v1,0.7676165839399698
Glyma.13G146500.Wm82.a4.v1,0.7675885673728398
Glyma.18G106900.Wm82.a4.v1,0.7675885673728398
Glyma.09G268400.Wm82.a4.v1,0.7675512119499998
Glyma.20G081800.Wm82.a4.v1,0.7675372036664347
Glyma.20G169600.Wm82.a4.v1,0.7675185259550147
Glyma.11G086100.Wm82.a4.v1,0.7675091870993047
Glyma.13G063700.Wm82.a4.v1,0.7674765011043196
Glyma.02G280600.Wm82.a4.v1,0.7674624928207546
Glyma.12G022100.Wm82.a4.v1,0.7674461498232622
Glyma.07G199900.Wm82.a4.v1,0.7674111291143496
Glyma.09G242800.Wm82.a4.v1,0.7673924514029296
Glyma.19G256200.Wm82.a4.v1,0.7673597654079446
Glyma.09G210800.Wm82.a4.v1,0.7673457571243796
Glyma.11G249000.Wm82.a4.v1,0.7673177405572496
Glyma.11G120700.Wm82.a4.v1,0.7672943934179745
Glyma.06G115600.Wm82.a4.v1,0.7672757157065545
Glyma.12G056800.Wm82.a4.v1,0.7672523685672794
Glyma.13G241000.Wm82.a4.v1,0.7671916660051644
Glyma.15G111800.Wm82.a4.v1,0.7671356328709044
Glyma.05G217000.Wm82.a4.v1,0.7671356328709044
Glyma.03G145000.Wm82.a4.v1,0.7671216245873393
Glyma.16G166500.Wm82.a4.v1,0.7671122857316293
Glyma.14G001200.Wm82.a4.v1,0.7670795997366443
Glyma.17G151000.Wm82.a4.v1,0.7670655914530793
Glyma.17G229800.Wm82.a4.v1,0.7670469137416592
Glyma.13G117700.Wm82.a4.v1,0.7669955500352542
Glyma.06G084300.Wm82.a4.v1,0.7669675334681242
Glyma.13G136700.Wm82.a4.v1,0.7669395169009942
Glyma.18G024800.Wm82.a4.v1,0.7668834837667341
Glyma.16G140800.Wm82.a4.v1,0.766874144911024
Glyma.02G066700.Wm82.a4.v1,0.766864806055314
Glyma.18G190500.Wm82.a4.v1,0.766757409214649
Glyma.10G012800.Wm82.a4.v1,0.7667060455082438
Glyma.09G116400.Wm82.a4.v1,0.7666360040904188
Glyma.12G038100.Wm82.a4.v1,0.7666266652347088
Glyma.13G250100.Wm82.a4.v1,0.7666079875232887
Glyma.15G224900.Wm82.a4.v1,0.7665472849611737
Glyma.14G068100.Wm82.a4.v1,0.7665239378218986
Glyma.13G319300.Wm82.a4.v1,0.7665005906826237
Glyma.03G052800.Wm82.a4.v1,0.7664912518269137
Glyma.06G065200.Wm82.a4.v1,0.7664865823990586
Glyma.15G015700.Wm82.a4.v1,0.7664632352597837
Glyma.15G010000.Wm82.a4.v1,0.7664585658319286
Glyma.11G041600.Wm82.a4.v1,0.7664538964040736
Glyma.19G208100.Wm82.a4.v1,0.7664538964040736
Glyma.14G115900.Wm82.a4.v1,0.7664445575483636
Glyma.16G009100.Wm82.a4.v1,0.7664398881205086
Glyma.05G217051.Wm82.a4.v1,0.7664352186926536
Glyma.14G024700.Wm82.a4.v1,0.7663885244141035
Glyma.20G106800.Wm82.a4.v1,0.7663838549862485
Glyma.07G078700.Wm82.a4.v1,0.7662484415784534
Glyma.11G032200.Wm82.a4.v1,0.7662110861556134
Glyma.01G193800.Wm82.a4.v1,0.7661970778720484
Glyma.07G031500.Wm82.a4.v1,0.7661830695884834
Glyma.10G230700.Wm82.a4.v1,0.7661643918770633
Glyma.01G222700.Wm82.a4.v1,0.7661457141656433
Glyma.02G232000.Wm82.a4.v1,0.7660850116035283
Glyma.12G095700.Wm82.a4.v1,0.7660756727478182
Glyma.15G021300.Wm82.a4.v1,0.7660383173249782
Glyma.06G135600.Wm82.a4.v1,0.7660336478971231
Glyma.01G132300.Wm82.a4.v1,0.7660289784692682
Glyma.17G118600.Wm82.a4.v1,0.7660196396135581
Glyma.10G233100.Wm82.a4.v1,0.7659822841907181
Glyma.11G004300.Wm82.a4.v1,0.7659729453350081
Glyma.13G294600.Wm82.a4.v1,0.7659589370514431
Glyma.12G039500.Wm82.a4.v1,0.7659542676235881
Glyma.04G155551.Wm82.a4.v1,0.765884226205763
Glyma.18G286900.Wm82.a4.v1,0.7658375319272129
Glyma.20G077400.Wm82.a4.v1,0.7658375319272129
Glyma.02G275300.Wm82.a4.v1,0.765804845932228
Glyma.04G025700.Wm82.a4.v1,0.765790837648663
Glyma.12G147900.Wm82.a4.v1,0.7657581516536779
Glyma.17G119300.Wm82.a4.v1,0.7657394739422578
Glyma.13G261400.Wm82.a4.v1,0.7656927796637079
Glyma.05G037000.Wm82.a4.v1,0.7656927796637079
Glyma.01G192000.Wm82.a4.v1,0.7656414159573027
Glyma.19G244500.Wm82.a4.v1,0.7656297423876652
Glyma.01G191800.Wm82.a4.v1,0.7656133993901727
Glyma.15G226500.Wm82.a4.v1,0.7655900522508977
Glyma.11G245800.Wm82.a4.v1,0.7655433579723476
Glyma.18G293000.Wm82.a4.v1,0.7655013331216526
Glyma.02G282400.Wm82.a4.v1,0.7654733165545226
Glyma.08G211700.Wm82.a4.v1,0.7654733165545226
Glyma.19G177100.Wm82.a4.v1,0.7654686471266676
Glyma.11G182600.Wm82.a4.v1,0.7654359611316826
Glyma.20G188900.Wm82.a4.v1,0.7654266222759726
Glyma.06G194200.Wm82.a4.v1,0.7654079445645525
Glyma.11G109300.Wm82.a4.v1,0.7653986057088425
Glyma.10G180600.Wm82.a4.v1,0.7653986057088425
Glyma.14G211800.Wm82.a4.v1,0.7653519114302925
Glyma.08G350900.Wm82.a4.v1,0.7652725311567573
Glyma.08G114900.Wm82.a4.v1,0.7652725311567573
Glyma.05G045000.Wm82.a4.v1,0.7652305063060623
Glyma.17G064100.Wm82.a4.v1,0.7652211674503523
Glyma.08G223800.Wm82.a4.v1,0.7651884814553672
Glyma.14G065400.Wm82.a4.v1,0.7651417871768172
Glyma.04G145400.Wm82.a4.v1,0.7651044317539771
Glyma.03G152000.Wm82.a4.v1,0.7650717457589922
Glyma.03G166400.Wm82.a4.v1,0.7650110431968771
Glyma.08G026000.Wm82.a4.v1,0.7649970349133121
Glyma.11G151288.Wm82.a4.v1,0.764983026629747
Glyma.06G108200.Wm82.a4.v1,0.764950340634762
Glyma.20G131300.Wm82.a4.v1,0.764875629789082
Glyma.08G259100.Wm82.a4.v1,0.7648709603612269
Glyma.02G306400.Wm82.a4.v1,0.7648662909333719
Glyma.17G146600.Wm82.a4.v1,0.7648429437940969
Glyma.16G030100.Wm82.a4.v1,0.7648429437940969
Glyma.14G216800.Wm82.a4.v1,0.7648242660826768
Glyma.10G209100.Wm82.a4.v1,0.7648242660826768
Glyma.13G142200.Wm82.a4.v1,0.7647915800876919
Glyma.03G009700.Wm82.a4.v1,0.7647682329484168
Glyma.05G246300.Wm82.a4.v1,0.7647588940927068
Glyma.11G068300.Wm82.a4.v1,0.7647215386698668
Glyma.04G087800.Wm82.a4.v1,0.7647028609584468
Glyma.04G223500.Wm82.a4.v1,0.7646981915305917
Glyma.19G084900.Wm82.a4.v1,0.7646841832470267
Glyma.12G083300.Wm82.a4.v1,0.7646094724013467
Glyma.20G156200.Wm82.a4.v1,0.7646048029734916
Glyma.14G157500.Wm82.a4.v1,0.7645907946899266
Glyma.08G266700.Wm82.a4.v1,0.7645674475506516
Glyma.12G182000.Wm82.a4.v1,0.7645627781227966
Glyma.11G001500.Wm82.a4.v1,0.7645581086949416
Glyma.13G268600.Wm82.a4.v1,0.7645534392670866
Glyma.05G148600.Wm82.a4.v1,0.7645067449885365
Glyma.17G020500.Wm82.a4.v1,0.7644600507099865
Glyma.06G317700.Wm82.a4.v1,0.7644226952871465
Glyma.16G090700.Wm82.a4.v1,0.7644086870035814
Glyma.08G139400.Wm82.a4.v1,0.7644040175757264
Glyma.02G012100.Wm82.a4.v1,0.7643993481478715
Glyma.15G034600.Wm82.a4.v1,0.7643853398643065
Glyma.15G130000.Wm82.a4.v1,0.7643806704364514
Glyma.02G118800.Wm82.a4.v1,0.7643713315807414
Glyma.06G085200.Wm82.a4.v1,0.7643666621528864
Glyma.18G289300.Wm82.a4.v1,0.7643619927250314
Glyma.04G204300.Wm82.a4.v1,0.7642826124514963
Glyma.17G143300.Wm82.a4.v1,0.7642826124514963
Glyma.12G220600.Wm82.a4.v1,0.7642265793172363
Glyma.11G110100.Wm82.a4.v1,0.7642125710336712
Glyma.01G015300.Wm82.a4.v1,0.7641845544665412
Glyma.17G013000.Wm82.a4.v1,0.7641238519044261
Glyma.15G107800.Wm82.a4.v1,0.7641005047651511
Glyma.09G215200.Wm82.a4.v1,0.7640491410587461
Glyma.03G251100.Wm82.a4.v1,0.7640444716308911
Glyma.17G078100.Wm82.a4.v1,0.7640444716308911
Glyma.06G087100.Wm82.a4.v1,0.763960421929501
Glyma.13G209800.Wm82.a4.v1,0.763923066506661
Glyma.06G052600.Wm82.a4.v1,0.7639183970788059
Glyma.13G140900.Wm82.a4.v1,0.763909058223096
Glyma.01G071300.Wm82.a4.v1,0.7638997193673859
Glyma.15G125300.Wm82.a4.v1,0.7638810416559659
Glyma.17G110800.Wm82.a4.v1,0.7638296779495608
Glyma.16G176800.Wm82.a4.v1,0.7638110002381409
Glyma.13G268500.Wm82.a4.v1,0.7638016613824308
Glyma.02G097000.Wm82.a4.v1,0.7637736448153007
Glyma.13G234100.Wm82.a4.v1,0.7637432935342432
Glyma.09G240800.Wm82.a4.v1,0.7637176116810407
Glyma.16G152500.Wm82.a4.v1,0.7636942645417657
Glyma.04G239300.Wm82.a4.v1,0.7636429008353607
Glyma.18G027100.Wm82.a4.v1,0.7636288925517957
Glyma.18G216100.Wm82.a4.v1,0.7636242231239406
Glyma.18G007700.Wm82.a4.v1,0.7635541817061156
Glyma.06G319300.Wm82.a4.v1,0.7635448428504056
Glyma.15G164100.Wm82.a4.v1,0.7635168262832756
Glyma.10G146300.Wm82.a4.v1,0.7635074874275655
Glyma.04G233400.Wm82.a4.v1,0.7635028179997105
Glyma.05G148000.Wm82.a4.v1,0.7634654625768704
Glyma.15G099900.Wm82.a4.v1,0.7634467848654505
Glyma.13G119800.Wm82.a4.v1,0.7634187682983204
Glyma.11G242200.Wm82.a4.v1,0.7634094294426104
Glyma.01G017000.Wm82.a4.v1,0.7633067020298003
Glyma.05G161000.Wm82.a4.v1,0.7632973631740902
Glyma.13G313000.Wm82.a4.v1,0.7632786854626703
Glyma.14G059900.Wm82.a4.v1,0.7632553383233952
Glyma.04G093500.Wm82.a4.v1,0.7632366606119753
Glyma.18G245500.Wm82.a4.v1,0.7631712886220051
Glyma.09G124800.Wm82.a4.v1,0.7631526109105852
Glyma.07G028900.Wm82.a4.v1,0.7631526109105852
Glyma.16G196800.Wm82.a4.v1,0.7631386026270202
Glyma.03G132000.Wm82.a4.v1,0.7631292637713101
Glyma.04G086500.Wm82.a4.v1,0.7631105860598901
Glyma.06G270700.Wm82.a4.v1,0.7630919083484701
Glyma.04G073100.Wm82.a4.v1,0.76307323063705
Glyma.09G068600.Wm82.a4.v1,0.763049883497775
Glyma.08G294700.Wm82.a4.v1,0.763040544642065
Glyma.U031414.Wm82.a4.v1,0.7630195322167175
Glyma.15G112600.Wm82.a4.v1,0.7629751726520949
Glyma.01G093400.Wm82.a4.v1,0.7629751726520949
Glyma.13G051400.Wm82.a4.v1,0.762956494940675
Glyma.19G077800.Wm82.a4.v1,0.7629518255128199
Glyma.04G191600.Wm82.a4.v1,0.7629378172292549
Glyma.17G003600.Wm82.a4.v1,0.7629191395178349
Glyma.12G191400.Wm82.a4.v1,0.7628350898164448
Glyma.01G052700.Wm82.a4.v1,0.7627907302518222
Glyma.13G187500.Wm82.a4.v1,0.7627883955378948
Glyma.12G191600.Wm82.a4.v1,0.7627790566821847
Glyma.03G137100.Wm82.a4.v1,0.7627697178264747
Glyma.12G013800.Wm82.a4.v1,0.7627603789707648
Glyma.09G202100.Wm82.a4.v1,0.7627510401150547
Glyma.06G181600.Wm82.a4.v1,0.7626996764086497
Glyma.10G040700.Wm82.a4.v1,0.7626996764086497
Glyma.10G003200.Wm82.a4.v1,0.7626809986972296
Glyma.08G048400.Wm82.a4.v1,0.7626763292693747
Glyma.12G134000.Wm82.a4.v1,0.7626716598415196
Glyma.17G080100.Wm82.a4.v1,0.7626483127022446
Glyma.16G115700.Wm82.a4.v1,0.7626436432743896
Glyma.02G271700.Wm82.a4.v1,0.7626202961351146
Glyma.17G032000.Wm82.a4.v1,0.7625409158615795
Glyma.02G221300.Wm82.a4.v1,0.7625409158615795
Glyma.12G208800.Wm82.a4.v1,0.7625315770058695
Glyma.16G027700.Wm82.a4.v1,0.7625222381501595
Glyma.07G151400.Wm82.a4.v1,0.7625175687223045
Glyma.13G087300.Wm82.a4.v1,0.7625175687223045
Glyma.13G129700.Wm82.a4.v1,0.7624755438716094
Glyma.02G081400.Wm82.a4.v1,0.7624708744437544
Glyma.12G061500.Wm82.a4.v1,0.7624615355880444
Glyma.10G018400.Wm82.a4.v1,0.7624475273044794
Glyma.18G056300.Wm82.a4.v1,0.7624148413094943
Glyma.04G084600.Wm82.a4.v1,0.7623821553145093
Glyma.15G046100.Wm82.a4.v1,0.7623214527523943
Glyma.08G181200.Wm82.a4.v1,0.7622514113345692
Glyma.07G030300.Wm82.a4.v1,0.7622374030510042
Glyma.15G274000.Wm82.a4.v1,0.7622093864838742
Glyma.11G155300.Wm82.a4.v1,0.7621533533496141
Glyma.18G265300.Wm82.a4.v1,0.7621253367824841
Glyma.07G051000.Wm82.a4.v1,0.7620179399418189
Glyma.02G251900.Wm82.a4.v1,0.7619899233746888
Glyma.16G025500.Wm82.a4.v1,0.7619852539468339
Glyma.14G006800.Wm82.a4.v1,0.7619712456632689
Glyma.09G234100.Wm82.a4.v1,0.7619572373797039
Glyma.13G109600.Wm82.a4.v1,0.7619525679518488
Glyma.08G171800.Wm82.a4.v1,0.7619432290961389
Glyma.13G326900.Wm82.a4.v1,0.7619338902404288
Glyma.08G321100.Wm82.a4.v1,0.7619338902404288
Glyma.11G182300.Wm82.a4.v1,0.7619245513847188
Glyma.13G044900.Wm82.a4.v1,0.7618685182504588
Glyma.13G318300.Wm82.a4.v1,0.7618638488226037
Glyma.17G061600.Wm82.a4.v1,0.7617377742705186
Glyma.13G010100.Wm82.a4.v1,0.7617144271312436
Glyma.06G134200.Wm82.a4.v1,0.7615930220070135
Glyma.08G220800.Wm82.a4.v1,0.7615930220070135
Glyma.03G190500.Wm82.a4.v1,0.7615790137234485
Glyma.06G172700.Wm82.a4.v1,0.7615743442955935
Glyma.20G201100.Wm82.a4.v1,0.7615650054398835
Glyma.13G033400.Wm82.a4.v1,0.7615509971563185
Glyma.17G148800.Wm82.a4.v1,0.7615509971563185
Glyma.01G227500.Wm82.a4.v1,0.7615323194448984
Glyma.10G094500.Wm82.a4.v1,0.7614809557384934
Glyma.20G074500.Wm82.a4.v1,0.7614062448928133
Glyma.13G197100.Wm82.a4.v1,0.7613688894699733
Glyma.02G265800.Wm82.a4.v1,0.7613455423306982
Glyma.18G176600.Wm82.a4.v1,0.7613221951914232
Glyma.14G188200.Wm82.a4.v1,0.7612848397685832
Glyma.03G032200.Wm82.a4.v1,0.7612428149178881
Glyma.01G225800.Wm82.a4.v1,0.7612288066343231
Glyma.03G218600.Wm82.a4.v1,0.7612077942089756
Glyma.03G179100.Wm82.a4.v1,0.7611961206393381
Glyma.08G336100.Wm82.a4.v1,0.761135418077223
Glyma.08G004900.Wm82.a4.v1,0.7610840543708179
Glyma.02G010500.Wm82.a4.v1,0.7610840543708179
Glyma.14G176900.Wm82.a4.v1,0.7610653766593979
Glyma.17G092300.Wm82.a4.v1,0.7610420295201229
Glyma.08G204400.Wm82.a4.v1,0.7610373600922679
Glyma.08G085900.Wm82.a4.v1,0.7610233518087028
Glyma.05G200700.Wm82.a4.v1,0.7610000046694279
Glyma.17G032300.Wm82.a4.v1,0.7609953352415728
Glyma.04G032700.Wm82.a4.v1,0.7609859963858628
Glyma.15G127700.Wm82.a4.v1,0.7609766575301529
Glyma.08G258700.Wm82.a4.v1,0.7609766575301529
Glyma.06G053200.Wm82.a4.v1,0.7609626492465879
Glyma.02G119200.Wm82.a4.v1,0.7609019466844728
Glyma.02G021900.Wm82.a4.v1,0.7608832689730527
Glyma.12G037700.Wm82.a4.v1,0.7608739301173427
Glyma.20G110300.Wm82.a4.v1,0.7608739301173427
Glyma.06G031900.Wm82.a4.v1,0.7608552524059227
Glyma.13G103200.Wm82.a4.v1,0.7608552524059227
Glyma.03G133400.Wm82.a4.v1,0.7608412441223577
Glyma.06G182000.Wm82.a4.v1,0.7608225664109377
Glyma.18G007200.Wm82.a4.v1,0.7608085581273727
Glyma.15G221551.Wm82.a4.v1,0.7607992192716626
Glyma.18G090900.Wm82.a4.v1,0.7607945498438077
Glyma.01G204800.Wm82.a4.v1,0.7607852109880976
Glyma.09G237200.Wm82.a4.v1,0.7607758721323876
Glyma.17G040400.Wm82.a4.v1,0.7607571944209676
Glyma.18G288300.Wm82.a4.v1,0.7607478555652576
Glyma.17G236600.Wm82.a4.v1,0.7607105001424176
Glyma.09G040100.Wm82.a4.v1,0.7606778141474325
Glyma.18G225700.Wm82.a4.v1,0.7606684752917225
Glyma.07G051700.Wm82.a4.v1,0.7606497975803025
Glyma.15G273600.Wm82.a4.v1,0.7606451281524474
Glyma.08G109700.Wm82.a4.v1,0.7605564090232024
Glyma.16G001100.Wm82.a4.v1,0.7605470701674923
Glyma.01G094200.Wm82.a4.v1,0.7605424007396374
Glyma.16G167600.Wm82.a4.v1,0.7605330618839273
Glyma.02G219200.Wm82.a4.v1,0.7605237230282174
Glyma.06G114800.Wm82.a4.v1,0.7605050453167973
Glyma.12G086600.Wm82.a4.v1,0.7604583510382473
Glyma.11G160484.Wm82.a4.v1,0.7604256650432623
Glyma.15G012300.Wm82.a4.v1,0.7604209956154072
Glyma.06G227500.Wm82.a4.v1,0.7604209956154072
Glyma.19G229200.Wm82.a4.v1,0.7603462847697272
Glyma.11G109100.Wm82.a4.v1,0.7603416153418722
Glyma.08G318800.Wm82.a4.v1,0.7603135987747421
Glyma.09G015100.Wm82.a4.v1,0.760252896212627
Glyma.18G234200.Wm82.a4.v1,0.760224879645497
Glyma.14G033900.Wm82.a4.v1,0.760182854794802
Glyma.13G058100.Wm82.a4.v1,0.760182854794802
Glyma.15G034900.Wm82.a4.v1,0.760182854794802
Glyma.08G095200.Wm82.a4.v1,0.7601548382276719
Glyma.08G365900.Wm82.a4.v1,0.760145499371962
Glyma.02G015900.Wm82.a4.v1,0.760145499371962
Glyma.06G127700.Wm82.a4.v1,0.7601408299441069
Glyma.04G237100.Wm82.a4.v1,0.7601268216605419
Glyma.13G153500.Wm82.a4.v1,0.7601128133769769
Glyma.13G111400.Wm82.a4.v1,0.7600894662377019
Glyma.17G043500.Wm82.a4.v1,0.7600754579541369
Glyma.12G168300.Wm82.a4.v1,0.7600474413870069
Glyma.10G091600.Wm82.a4.v1,0.7600287636755868
Glyma.12G122100.Wm82.a4.v1,0.7600147553920218
Glyma.09G049700.Wm82.a4.v1,0.7599960776806018
Glyma.03G017000.Wm82.a4.v1,0.7599914082527468
Glyma.04G179700.Wm82.a4.v1,0.7599680611134718
Glyma.16G099600.Wm82.a4.v1,0.7599633916856168
Glyma.08G165400.Wm82.a4.v1,0.7599633916856168
Glyma.10G216300.Wm82.a4.v1,0.7599493834020518
Glyma.04G193800.Wm82.a4.v1,0.7599120279792118
Glyma.06G220500.Wm82.a4.v1,0.7598933502677917
Glyma.04G030000.Wm82.a4.v1,0.7598606642728066
Glyma.17G154400.Wm82.a4.v1,0.7598513254170967
Glyma.18G275200.Wm82.a4.v1,0.7598186394221116
Glyma.08G031000.Wm82.a4.v1,0.7598186394221116
Glyma.02G141000.Wm82.a4.v1,0.7598046311385466
Glyma.10G289200.Wm82.a4.v1,0.7597859534271266
Glyma.08G173400.Wm82.a4.v1,0.7597719451435616
Glyma.04G012300.Wm82.a4.v1,0.7597485980042865
Glyma.17G164100.Wm82.a4.v1,0.7597345897207215
Glyma.18G002800.Wm82.a4.v1,0.7597065731535915
Glyma.13G353400.Wm82.a4.v1,0.7596925648700265
Glyma.04G062300.Wm82.a4.v1,0.7596832260143165
Glyma.17G032400.Wm82.a4.v1,0.7596738871586065
Glyma.12G008300.Wm82.a4.v1,0.7596552094471865
Glyma.18G298100.Wm82.a4.v1,0.7596505400193314
Glyma.15G072700.Wm82.a4.v1,0.7596271928800564
Glyma.08G121100.Wm82.a4.v1,0.7596225234522014
Glyma.15G218200.Wm82.a4.v1,0.7596225234522014
Glyma.13G301300.Wm82.a4.v1,0.7595851680293614
Glyma.05G220300.Wm82.a4.v1,0.7595758291736514
Glyma.12G075400.Wm82.a4.v1,0.7595524820343763
Glyma.05G187400.Wm82.a4.v1,0.7595104571836813
Glyma.05G105300.Wm82.a4.v1,0.7595011183279713
Glyma.04G245800.Wm82.a4.v1,0.7595011183279713
Glyma.20G189100.Wm82.a4.v1,0.7594871100444063
Glyma.17G222400.Wm82.a4.v1,0.7594777711886963
Glyma.15G248300.Wm82.a4.v1,0.7594777711886963
Glyma.10G096200.Wm82.a4.v1,0.7594637629051312
Glyma.02G272200.Wm82.a4.v1,0.7594590934772762
Glyma.09G098000.Wm82.a4.v1,0.7594544240494212
Glyma.14G174400.Wm82.a4.v1,0.7594123991987262
Glyma.14G223400.Wm82.a4.v1,0.7593983909151611
Glyma.11G091800.Wm82.a4.v1,0.7593937214873061
Glyma.20G017200.Wm82.a4.v1,0.7593703743480311
Glyma.10G106400.Wm82.a4.v1,0.7593563660644661
Glyma.12G169800.Wm82.a4.v1,0.759323680069481
Glyma.20G068500.Wm82.a4.v1,0.759309671785916
Glyma.15G022600.Wm82.a4.v1,0.759258308079511
Glyma.17G260500.Wm82.a4.v1,0.759230291512381
Glyma.08G298400.Wm82.a4.v1,0.7592256220845259
Glyma.13G190000.Wm82.a4.v1,0.759216283228816
Glyma.06G122900.Wm82.a4.v1,0.7591462418109909
Glyma.20G121700.Wm82.a4.v1,0.7591415723831358
Glyma.04G237600.Wm82.a4.v1,0.7591322335274259
Glyma.16G179900.Wm82.a4.v1,0.7591275640995708
Glyma.09G038200.Wm82.a4.v1,0.7591275640995708
Glyma.18G186400.Wm82.a4.v1,0.7591228946717159
Glyma.12G160500.Wm82.a4.v1,0.7590295061146157
Glyma.13G274800.Wm82.a4.v1,0.7590201672589058
Glyma.07G062500.Wm82.a4.v1,0.7590154978310507
Glyma.06G044700.Wm82.a4.v1,0.7589547952689357
Glyma.09G225600.Wm82.a4.v1,0.7589454564132256
Glyma.17G087400.Wm82.a4.v1,0.7588660761396906
Glyma.10G027000.Wm82.a4.v1,0.7588240512889955
Glyma.06G026000.Wm82.a4.v1,0.7588193818611405
Glyma.02G242400.Wm82.a4.v1,0.7587913652940105
Glyma.09G252300.Wm82.a4.v1,0.7587726875825905
Glyma.02G141800.Wm82.a4.v1,0.7587726875825905
Glyma.07G233100.Wm82.a4.v1,0.7587633487268804
Glyma.13G232700.Wm82.a4.v1,0.7587633487268804
Glyma.16G077800.Wm82.a4.v1,0.7587306627318955
Glyma.20G189200.Wm82.a4.v1,0.7586979767369104
Glyma.08G340500.Wm82.a4.v1,0.7586746295976354
Glyma.14G004600.Wm82.a4.v1,0.7586419436026504
Glyma.04G187700.Wm82.a4.v1,0.7586419436026504
Glyma.17G000500.Wm82.a4.v1,0.7585812410405353
Glyma.11G000300.Wm82.a4.v1,0.7585719021848253
Glyma.05G087300.Wm82.a4.v1,0.7585625633291153
Glyma.13G086300.Wm82.a4.v1,0.7585625633291153
Glyma.12G068300.Wm82.a4.v1,0.7585438856176953
Glyma.05G081300.Wm82.a4.v1,0.7584878524834352
Glyma.02G066100.Wm82.a4.v1,0.7584831830555802
Glyma.14G216300.Wm82.a4.v1,0.7584131416377551
Glyma.05G027600.Wm82.a4.v1,0.7583804556427701
Glyma.05G160032.Wm82.a4.v1,0.7583524390756401
Glyma.06G234200.Wm82.a4.v1,0.75830574479709
Glyma.16G041200.Wm82.a4.v1,0.7581983479564249
Glyma.08G014000.Wm82.a4.v1,0.7581609925335848
Glyma.07G062100.Wm82.a4.v1,0.7581516536778748
Glyma.16G207000.Wm82.a4.v1,0.7581376453943098
Glyma.10G164300.Wm82.a4.v1,0.7581329759664548
Glyma.11G180200.Wm82.a4.v1,0.7581002899714698
Glyma.07G070300.Wm82.a4.v1,0.7580582651207748
Glyma.17G141200.Wm82.a4.v1,0.7580255791257897
Glyma.17G235600.Wm82.a4.v1,0.7580209096979347
Glyma.01G154100.Wm82.a4.v1,0.7579928931308046
Glyma.13G316700.Wm82.a4.v1,0.7579928931308046
Glyma.01G016400.Wm82.a4.v1,0.7579555377079646
Glyma.03G086600.Wm82.a4.v1,0.7578948351458495
Glyma.03G210300.Wm82.a4.v1,0.757883161576212
Glyma.05G137000.Wm82.a4.v1,0.7578714880065746
Glyma.19G116000.Wm82.a4.v1,0.7578714880065746
Glyma.16G057700.Wm82.a4.v1,0.7578341325837346
Glyma.07G149900.Wm82.a4.v1,0.757827128441952
Glyma.20G105400.Wm82.a4.v1,0.7577921077330395
Glyma.13G136600.Wm82.a4.v1,0.7577780994494745
Glyma.05G070500.Wm82.a4.v1,0.7577500828823445
Glyma.16G116600.Wm82.a4.v1,0.7577267357430694
Glyma.11G041300.Wm82.a4.v1,0.7576707026088093
Glyma.12G031800.Wm82.a4.v1,0.7576053306188393
Glyma.13G128900.Wm82.a4.v1,0.7576006611909842
Glyma.10G227800.Wm82.a4.v1,0.7575913223352743
Glyma.20G249400.Wm82.a4.v1,0.7575679751959993
Glyma.02G290000.Wm82.a4.v1,0.7575399586288692
Glyma.16G092700.Wm82.a4.v1,0.7574885949224641
Glyma.08G091700.Wm82.a4.v1,0.7574512394996241
Glyma.03G213100.Wm82.a4.v1,0.7574419006439141
Glyma.18G097300.Wm82.a4.v1,0.7574372312160591
Glyma.10G278500.Wm82.a4.v1,0.7574092146489291
Glyma.11G135100.Wm82.a4.v1,0.7573952063653641
Glyma.01G238400.Wm82.a4.v1,0.7573858675096541
Glyma.10G276500.Wm82.a4.v1,0.757325164947539
Glyma.03G076300.Wm82.a4.v1,0.757315826091829
Glyma.05G131200.Wm82.a4.v1,0.757315826091829
Glyma.08G340900.Wm82.a4.v1,0.7572831400968439
Glyma.07G161500.Wm82.a4.v1,0.7572644623854239
Glyma.05G231200.Wm82.a4.v1,0.7572130986790189
Glyma.07G080700.Wm82.a4.v1,0.7571757432561789
Glyma.06G304900.Wm82.a4.v1,0.7571570655447588
Glyma.08G253900.Wm82.a4.v1,0.7571337184054838
Glyma.03G019300.Wm82.a4.v1,0.7571197101219188
Glyma.16G004300.Wm82.a4.v1,0.7571150406940638
Glyma.18G057100.Wm82.a4.v1,0.7570683464155137
Glyma.06G171200.Wm82.a4.v1,0.7570169827091087
Glyma.19G034600.Wm82.a4.v1,0.7570076438533987
Glyma.08G050100.Wm82.a4.v1,0.7569983049976886
Glyma.20G024100.Wm82.a4.v1,0.7569983049976886
Glyma.08G010100.Wm82.a4.v1,0.7569842967141236
Glyma.07G052300.Wm82.a4.v1,0.7569796272862687
Glyma.07G049700.Wm82.a4.v1,0.7569469412912836
Glyma.19G176200.Wm82.a4.v1,0.7569376024355736
Glyma.18G233700.Wm82.a4.v1,0.7569329330077186
Glyma.11G128100.Wm82.a4.v1,0.7569189247241536
Glyma.13G187300.Wm82.a4.v1,0.7568862387291685
Glyma.20G181000.Wm82.a4.v1,0.7568628915898935
Glyma.15G075400.Wm82.a4.v1,0.7568348750227635
Glyma.13G288200.Wm82.a4.v1,0.7568302055949084
Glyma.07G230100.Wm82.a4.v1,0.7568208667391985
Glyma.06G300900.Wm82.a4.v1,0.7568068584556334
Glyma.02G206800.Wm82.a4.v1,0.7568068584556334
Glyma.20G096900.Wm82.a4.v1,0.7567835113163585
Glyma.09G015700.Wm82.a4.v1,0.7567461558935183
Glyma.09G177000.Wm82.a4.v1,0.7567414864656634
Glyma.04G165500.Wm82.a4.v1,0.7567321476099533
Glyma.05G019400.Wm82.a4.v1,0.7567274781820984
Glyma.17G052400.Wm82.a4.v1,0.7566994616149684
Glyma.09G231100.Wm82.a4.v1,0.7566574367642733
Glyma.09G127000.Wm82.a4.v1,0.7566527673364183
Glyma.01G151700.Wm82.a4.v1,0.7566480979085632
Glyma.13G123300.Wm82.a4.v1,0.7566340896249982
Glyma.18G271000.Wm82.a4.v1,0.7566340896249982
Glyma.03G013550.Wm82.a4.v1,0.7566107424857232
Glyma.17G176100.Wm82.a4.v1,0.7566107424857232
Glyma.10G213300.Wm82.a4.v1,0.7566060730578682
Glyma.09G136700.Wm82.a4.v1,0.7565873953464483
Glyma.17G220500.Wm82.a4.v1,0.7565500399236081
Glyma.03G185300.Wm82.a4.v1,0.7565173539286231
Glyma.13G050200.Wm82.a4.v1,0.7564426430829431
Glyma.13G369900.Wm82.a4.v1,0.7564426430829431
Glyma.09G234500.Wm82.a4.v1,0.756428634799378
Glyma.03G063600.Wm82.a4.v1,0.7563772710929729
Glyma.17G086600.Wm82.a4.v1,0.756344585097988
Glyma.14G217300.Wm82.a4.v1,0.7562885519637279
Glyma.06G156000.Wm82.a4.v1,0.7562885519637279
Glyma.19G208700.Wm82.a4.v1,0.7562745436801629
Glyma.08G300400.Wm82.a4.v1,0.7562511965408878
Glyma.13G183800.Wm82.a4.v1,0.7562325188294678
Glyma.13G213600.Wm82.a4.v1,0.7561951634066277
Glyma.11G012300.Wm82.a4.v1,0.7561904939787728
Glyma.18G004200.Wm82.a4.v1,0.7561811551230627
Glyma.13G074800.Wm82.a4.v1,0.7561671468394977
Glyma.18G275600.Wm82.a4.v1,0.7561484691280778
Glyma.16G178900.Wm82.a4.v1,0.7561251219888027
Glyma.20G241400.Wm82.a4.v1,0.7561204525609477
Glyma.07G221200.Wm82.a4.v1,0.7560924359938177
Glyma.07G255200.Wm82.a4.v1,0.7560737582823976
Glyma.04G072800.Wm82.a4.v1,0.7560130557202825
Glyma.13G350600.Wm82.a4.v1,0.7560037168645726
Glyma.12G239900.Wm82.a4.v1,0.7559710308695875
Glyma.07G151300.Wm82.a4.v1,0.7559476837303125
Glyma.02G279500.Wm82.a4.v1,0.7559336754467475
Glyma.18G172600.Wm82.a4.v1,0.7558963200239075
Glyma.14G172300.Wm82.a4.v1,0.7558916505960525
Glyma.07G149151.Wm82.a4.v1,0.7558869811681974
Glyma.19G223500.Wm82.a4.v1,0.7558216091782274
Glyma.07G069400.Wm82.a4.v1,0.7558169397503723
Glyma.02G057800.Wm82.a4.v1,0.7557702454718224
Glyma.07G012400.Wm82.a4.v1,0.7557095429097073
Glyma.15G232700.Wm82.a4.v1,0.7557095429097073
Glyma.12G147000.Wm82.a4.v1,0.7556581792033022
Glyma.02G055100.Wm82.a4.v1,0.7556114849247522
Glyma.19G120051.Wm82.a4.v1,0.7556068154968971
Glyma.19G101600.Wm82.a4.v1,0.7555928072133321
Glyma.14G116100.Wm82.a4.v1,0.7555787989297671
Glyma.17G069800.Wm82.a4.v1,0.7555507823626371
Glyma.06G054300.Wm82.a4.v1,0.7555461129347821
Glyma.19G243000.Wm82.a4.v1,0.755536774079072
Glyma.13G344500.Wm82.a4.v1,0.7555321046512171
Glyma.08G290900.Wm82.a4.v1,0.7555040880840871
Glyma.16G216200.Wm82.a4.v1,0.755499418656232
Glyma.08G167600.Wm82.a4.v1,0.755457393805537
Glyma.18G075200.Wm82.a4.v1,0.7554106995269869
Glyma.14G208300.Wm82.a4.v1,0.7553826829598569
Glyma.02G219400.Wm82.a4.v1,0.7553686746762919
Glyma.13G102400.Wm82.a4.v1,0.7553359886813069
Glyma.09G070500.Wm82.a4.v1,0.7553173109698869
Glyma.09G246100.Wm82.a4.v1,0.7552892944027568
Glyma.12G062900.Wm82.a4.v1,0.7552426001242067
Glyma.07G051300.Wm82.a4.v1,0.7551772281342367
Glyma.13G111700.Wm82.a4.v1,0.7551772281342367
Glyma.18G235600.Wm82.a4.v1,0.7551538809949617
Glyma.09G047900.Wm82.a4.v1,0.7551352032835417
Glyma.04G164200.Wm82.a4.v1,0.7551165255721216
Glyma.13G202400.Wm82.a4.v1,0.7551071867164116
Glyma.09G191700.Wm82.a4.v1,0.7550791701492816
Glyma.01G014500.Wm82.a4.v1,0.7550698312935716
Glyma.12G227500.Wm82.a4.v1,0.7550604924378616
Glyma.04G112600.Wm82.a4.v1,0.7550511535821516
Glyma.07G208200.Wm82.a4.v1,0.7550511535821516
Glyma.04G000300.Wm82.a4.v1,0.7550324758707315
Glyma.09G074100.Wm82.a4.v1,0.7550044593036015
Glyma.17G197700.Wm82.a4.v1,0.7549997898757466
Glyma.03G219700.Wm82.a4.v1,0.7549997898757466
Glyma.11G135700.Wm82.a4.v1,0.7549997898757466
Glyma.17G065700.Wm82.a4.v1,0.7549997898757466
Glyma.17G222300.Wm82.a4.v1,0.7549717733086165
Glyma.07G080400.Wm82.a4.v1,0.7549717733086165
Glyma.18G058200.Wm82.a4.v1,0.7549390873136315
Glyma.07G150800.Wm82.a4.v1,0.7549250790300664
Glyma.14G113400.Wm82.a4.v1,0.7548970624629364
Glyma.16G004700.Wm82.a4.v1,0.7548923930350814
Glyma.05G155700.Wm82.a4.v1,0.7548176821894014
Glyma.17G113200.Wm82.a4.v1,0.7547990044779813
Glyma.03G131100.Wm82.a4.v1,0.7547990044779813
Glyma.12G229700.Wm82.a4.v1,0.7547896656222713
Glyma.06G179400.Wm82.a4.v1,0.7547709879108513
Glyma.11G061700.Wm82.a4.v1,0.7547663184829962
Glyma.17G061300.Wm82.a4.v1,0.7547616490551413
Glyma.16G022000.Wm82.a4.v1,0.7547383019158662
Glyma.19G246000.Wm82.a4.v1,0.7547196242044463
Glyma.05G139900.Wm82.a4.v1,0.7547056159208813
Glyma.02G203200.Wm82.a4.v1,0.7546962770651712
Glyma.11G176302.Wm82.a4.v1,0.7546916076373162
Glyma.15G260300.Wm82.a4.v1,0.7546869382094612
Glyma.13G303600.Wm82.a4.v1,0.7546822687816062
Glyma.20G144400.Wm82.a4.v1,0.7546729299258962
Glyma.06G272200.Wm82.a4.v1,0.7546355745030562
Glyma.14G219500.Wm82.a4.v1,0.754570202513086
Glyma.06G156800.Wm82.a4.v1,0.7545655330852311
Glyma.10G113100.Wm82.a4.v1,0.7545515248016661
Glyma.19G025900.Wm82.a4.v1,0.7545515248016661
Glyma.12G226900.Wm82.a4.v1,0.754486152811696
Glyma.10G088000.Wm82.a4.v1,0.754486152811696
Glyma.01G217100.Wm82.a4.v1,0.7544207808217259
Glyma.15G276400.Wm82.a4.v1,0.7543974336824509
Glyma.13G053100.Wm82.a4.v1,0.7543974336824509
Glyma.01G001300.Wm82.a4.v1,0.7543927642545959
Glyma.10G153200.Wm82.a4.v1,0.7543320616924808
Glyma.09G001000.Wm82.a4.v1,0.7543227228367708
Glyma.03G090000.Wm82.a4.v1,0.7543087145532058
Glyma.03G074300.Wm82.a4.v1,0.7542620202746557
Glyma.02G138800.Wm82.a4.v1,0.7542246648518157
Glyma.03G258100.Wm82.a4.v1,0.7542199954239607
Glyma.09G174000.Wm82.a4.v1,0.7542153259961057
Glyma.14G089090.Wm82.a4.v1,0.7541919788568306
Glyma.13G270500.Wm82.a4.v1,0.7541032597275856
Glyma.01G233300.Wm82.a4.v1,0.7540472265933256
Glyma.17G076000.Wm82.a4.v1,0.7540472265933256
Glyma.14G212800.Wm82.a4.v1,0.7540285488819055
Glyma.08G246600.Wm82.a4.v1,0.7540285488819055
Glyma.06G312800.Wm82.a4.v1,0.7540192100261955
Glyma.01G040300.Wm82.a4.v1,0.7540145405983405
Glyma.20G222700.Wm82.a4.v1,0.7540145405983405
Glyma.13G228100.Wm82.a4.v1,0.7539585074640804
Glyma.01G005300.Wm82.a4.v1,0.7539491686083705
Glyma.16G025200.Wm82.a4.v1,0.7539211520412404
Glyma.20G187000.Wm82.a4.v1,0.7538837966184003
Glyma.18G286600.Wm82.a4.v1,0.7538744577626904
Glyma.02G119700.Wm82.a4.v1,0.7538604494791253
Glyma.05G136300.Wm82.a4.v1,0.7538557800512703
Glyma.19G252600.Wm82.a4.v1,0.7538464411955603
Glyma.07G260100.Wm82.a4.v1,0.7538277634841403
Glyma.03G111200.Wm82.a4.v1,0.7538137552005753
Glyma.11G174500.Wm82.a4.v1,0.7537950774891553
Glyma.20G092900.Wm82.a4.v1,0.7537904080613003
Glyma.11G093600.Wm82.a4.v1,0.7537483832106052
Glyma.07G207500.Wm82.a4.v1,0.7536970195042002
Glyma.02G218200.Wm82.a4.v1,0.7536876806484901
Glyma.09G046800.Wm82.a4.v1,0.7536690029370702
Glyma.15G132500.Wm82.a4.v1,0.7536643335092151
Glyma.07G028000.Wm82.a4.v1,0.753589622663535
Glyma.13G299300.Wm82.a4.v1,0.75357561437997
Glyma.20G233300.Wm82.a4.v1,0.7535149118178549
Glyma.14G150200.Wm82.a4.v1,0.7534822258228699
Glyma.16G209500.Wm82.a4.v1,0.7534542092557399
Glyma.14G151100.Wm82.a4.v1,0.7534215232607548
Glyma.07G248000.Wm82.a4.v1,0.7533608206986397
Glyma.06G177600.Wm82.a4.v1,0.7533608206986397
Glyma.20G113200.Wm82.a4.v1,0.7533328041315097
Glyma.06G130200.Wm82.a4.v1,0.7533281347036548
Glyma.01G162500.Wm82.a4.v1,0.7533187958479447
Glyma.06G024000.Wm82.a4.v1,0.7533187958479447
Glyma.01G175500.Wm82.a4.v1,0.7533094569922347
Glyma.18G058600.Wm82.a4.v1,0.7533001181365248
Glyma.09G103300.Wm82.a4.v1,0.7533001181365248
Glyma.01G127500.Wm82.a4.v1,0.7532861098529597
Glyma.06G168700.Wm82.a4.v1,0.7532814404251047
Glyma.20G070700.Wm82.a4.v1,0.7532627627136846
Glyma.09G212900.Wm82.a4.v1,0.7532440850022647
Glyma.20G066900.Wm82.a4.v1,0.7532254072908446
Glyma.05G009700.Wm82.a4.v1,0.7532207378629896
Glyma.20G195300.Wm82.a4.v1,0.7532160684351347
Glyma.06G312200.Wm82.a4.v1,0.7532113990072796
Glyma.19G132000.Wm82.a4.v1,0.7531226798780345
Glyma.06G123800.Wm82.a4.v1,0.7530993327387595
Glyma.02G234200.Wm82.a4.v1,0.7530853244551945
Glyma.08G004300.Wm82.a4.v1,0.7530806550273395
Glyma.11G082200.Wm82.a4.v1,0.7530573078880645
Glyma.07G121900.Wm82.a4.v1,0.7530386301766444
Glyma.13G106100.Wm82.a4.v1,0.7529872664702394
Glyma.12G156800.Wm82.a4.v1,0.7529872664702394
Glyma.20G190000.Wm82.a4.v1,0.7529825970423843
Glyma.18G245200.Wm82.a4.v1,0.7529685887588193
Glyma.05G186900.Wm82.a4.v1,0.7529499110473994
Glyma.14G029000.Wm82.a4.v1,0.7528285059231692
Glyma.10G196600.Wm82.a4.v1,0.7528051587838942
Glyma.12G218300.Wm82.a4.v1,0.7527911505003292
Glyma.16G182400.Wm82.a4.v1,0.7527444562217791
Glyma.17G162000.Wm82.a4.v1,0.7527024313710841
Glyma.02G241200.Wm82.a4.v1,0.752674414803954
Glyma.16G099100.Wm82.a4.v1,0.7526650759482441
Glyma.13G135700.Wm82.a4.v1,0.7526650759482441
Glyma.03G256200.Wm82.a4.v1,0.752660406520389
Glyma.04G174800.Wm82.a4.v1,0.7526557370925341
Glyma.18G213100.Wm82.a4.v1,0.752637059381114
Glyma.16G100400.Wm82.a4.v1,0.752623051097549
Glyma.02G211400.Wm82.a4.v1,0.752609042813984
Glyma.14G002700.Wm82.a4.v1,0.7525903651025639
Glyma.14G193900.Wm82.a4.v1,0.7525203236847389
Glyma.17G147700.Wm82.a4.v1,0.7525016459733189
Glyma.11G184500.Wm82.a4.v1,0.7524829682618989
Glyma.09G136800.Wm82.a4.v1,0.7524782988340438
Glyma.13G227500.Wm82.a4.v1,0.7524759641201164
Glyma.15G050400.Wm82.a4.v1,0.7524362739833488
Glyma.10G168600.Wm82.a4.v1,0.7524082574162188
Glyma.05G139300.Wm82.a4.v1,0.7523895797047988
Glyma.17G218700.Wm82.a4.v1,0.7523849102769438
Glyma.10G212600.Wm82.a4.v1,0.7523709019933787
Glyma.14G189000.Wm82.a4.v1,0.7523638978515963
Glyma.01G187300.Wm82.a4.v1,0.7523615631376688
Glyma.14G086000.Wm82.a4.v1,0.7523615631376688
Glyma.12G171900.Wm82.a4.v1,0.7523242077148287
Glyma.15G167500.Wm82.a4.v1,0.7522261497298736
Glyma.10G013300.Wm82.a4.v1,0.7522168108741636
Glyma.03G209400.Wm82.a4.v1,0.7521794554513236
Glyma.08G105900.Wm82.a4.v1,0.7521280917449185
Glyma.11G131200.Wm82.a4.v1,0.7521140834613534
Glyma.03G191000.Wm82.a4.v1,0.7520767280385134
Glyma.07G134600.Wm82.a4.v1,0.7520160254763983
Glyma.04G032600.Wm82.a4.v1,0.7520113560485434
Glyma.16G205400.Wm82.a4.v1,0.7519973477649784
Glyma.01G098000.Wm82.a4.v1,0.7519599923421383
Glyma.15G105900.Wm82.a4.v1,0.7519319757750083
Glyma.18G116500.Wm82.a4.v1,0.7519226369192983
Glyma.13G326200.Wm82.a4.v1,0.7519132980635883
Glyma.06G001900.Wm82.a4.v1,0.7519039592078782
Glyma.13G190900.Wm82.a4.v1,0.7518712732128933
Glyma.17G028300.Wm82.a4.v1,0.7518712732128933
Glyma.09G081600.Wm82.a4.v1,0.7518619343571832
Glyma.02G139500.Wm82.a4.v1,0.7518432566457632
Glyma.12G224800.Wm82.a4.v1,0.7518385872179082
Glyma.11G008900.Wm82.a4.v1,0.7518152400786332
Glyma.13G067800.Wm82.a4.v1,0.7517451986608081
Glyma.05G198100.Wm82.a4.v1,0.751735859805098
Glyma.14G150000.Wm82.a4.v1,0.7517265209493881
Glyma.17G032800.Wm82.a4.v1,0.751707843237968
Glyma.19G122600.Wm82.a4.v1,0.7516891655265481
Glyma.13G091700.Wm82.a4.v1,0.7516891655265481
Glyma.13G287100.Wm82.a4.v1,0.751684496098693
Glyma.03G259000.Wm82.a4.v1,0.751679826670838
Glyma.05G000200.Wm82.a4.v1,0.751665818387273
Glyma.10G173000.Wm82.a4.v1,0.751665818387273
Glyma.02G153700.Wm82.a4.v1,0.751628462964433
Glyma.13G260600.Wm82.a4.v1,0.7515724298301729
Glyma.19G169800.Wm82.a4.v1,0.7515537521187529
Glyma.16G000200.Wm82.a4.v1,0.7515490826908979
Glyma.10G184900.Wm82.a4.v1,0.7515350744073329
Glyma.10G107400.Wm82.a4.v1,0.7514977189844928
Glyma.12G189900.Wm82.a4.v1,0.7514860454148553
Glyma.07G198900.Wm82.a4.v1,0.7514416858502327
Glyma.06G271800.Wm82.a4.v1,0.7514230081388128
Glyma.02G071300.Wm82.a4.v1,0.7513903221438277
Glyma.10G014200.Wm82.a4.v1,0.7513436278652776
Glyma.03G117300.Wm82.a4.v1,0.7513249501538577
Glyma.08G239500.Wm82.a4.v1,0.7513016030145826
Glyma.04G179300.Wm82.a4.v1,0.7512969335867277
Glyma.15G015300.Wm82.a4.v1,0.7512922641588726
Glyma.05G134300.Wm82.a4.v1,0.7512875947310176
Glyma.15G069300.Wm82.a4.v1,0.7512689170195976
Glyma.12G019000.Wm82.a4.v1,0.7512315615967575
Glyma.09G157300.Wm82.a4.v1,0.7512175533131925
Glyma.18G255400.Wm82.a4.v1,0.7512128838853376
Glyma.19G208600.Wm82.a4.v1,0.7511988756017726
Glyma.20G133800.Wm82.a4.v1,0.7511848673182075
Glyma.20G250200.Wm82.a4.v1,0.7511661896067875
Glyma.01G229500.Wm82.a4.v1,0.7511194953282374
Glyma.05G098200.Wm82.a4.v1,0.7510821399053974
Glyma.10G269700.Wm82.a4.v1,0.7510774704775424
Glyma.20G181100.Wm82.a4.v1,0.7510494539104123
Glyma.04G084300.Wm82.a4.v1,0.7510447844825574
Glyma.09G273700.Wm82.a4.v1,0.7510447844825574
Glyma.03G249800.Wm82.a4.v1,0.7509980902040073
Glyma.20G234500.Wm82.a4.v1,0.7509747430647323
Glyma.01G218400.Wm82.a4.v1,0.7509700736368773
Glyma.19G056800.Wm82.a4.v1,0.7509700736368773
Glyma.09G228100.Wm82.a4.v1,0.7509373876418922
Glyma.16G070900.Wm82.a4.v1,0.7509327182140373
Glyma.18G239800.Wm82.a4.v1,0.7509280487861822
Glyma.14G131900.Wm82.a4.v1,0.7509140405026172
Glyma.08G300700.Wm82.a4.v1,0.7509093710747622
Glyma.01G230700.Wm82.a4.v1,0.7509000322190522
Glyma.05G090900.Wm82.a4.v1,0.7508813545076322
Glyma.08G138800.Wm82.a4.v1,0.7508580073683572
Glyma.04G190800.Wm82.a4.v1,0.7508533379405021
Glyma.12G027500.Wm82.a4.v1,0.7508206519455172
Glyma.11G214700.Wm82.a4.v1,0.7508066436619522
Glyma.18G116400.Wm82.a4.v1,0.7507879659505321
Glyma.04G113000.Wm82.a4.v1,0.750741271671982
Glyma.07G261500.Wm82.a4.v1,0.750741271671982
Glyma.17G246200.Wm82.a4.v1,0.7507389369580545
Glyma.06G155600.Wm82.a4.v1,0.7507366022441271
Glyma.19G165500.Wm82.a4.v1,0.750731932816272
Glyma.19G069300.Wm82.a4.v1,0.750717924532707
Glyma.15G261600.Wm82.a4.v1,0.750713255104852
Glyma.18G041900.Wm82.a4.v1,0.7507085856769969
Glyma.20G149700.Wm82.a4.v1,0.7506945773934319
Glyma.09G190500.Wm82.a4.v1,0.750685238537722
Glyma.06G127400.Wm82.a4.v1,0.7506572219705919
Glyma.13G029500.Wm82.a4.v1,0.7506198665477519
Glyma.16G218200.Wm82.a4.v1,0.7506105276920418
Glyma.08G288400.Wm82.a4.v1,0.7505965194084768
Glyma.17G076800.Wm82.a4.v1,0.7505171391349418
Glyma.08G144700.Wm82.a4.v1,0.7504891225678118
Glyma.17G130700.Wm82.a4.v1,0.7504844531399567
Glyma.01G218600.Wm82.a4.v1,0.7504517671449717
Glyma.08G236400.Wm82.a4.v1,0.7503723868714366
Glyma.14G222600.Wm82.a4.v1,0.7503583785878716
Glyma.12G220900.Wm82.a4.v1,0.7503443703043066
Glyma.17G153000.Wm82.a4.v1,0.7503303620207415
Glyma.05G237000.Wm82.a4.v1,0.7503116843093216
Glyma.09G114500.Wm82.a4.v1,0.7503070148814666
Glyma.17G027200.Wm82.a4.v1,0.7502976760257566
Glyma.06G292200.Wm82.a4.v1,0.7502789983143365
Glyma.10G284600.Wm82.a4.v1,0.7502136263243665
Glyma.16G025400.Wm82.a4.v1,0.7502136263243665
Glyma.10G222100.Wm82.a4.v1,0.7502089568965115
Glyma.11G096200.Wm82.a4.v1,0.7502089568965115
Glyma.19G233000.Wm82.a4.v1,0.7501996180408015
Glyma.06G234800.Wm82.a4.v1,0.7501669320458164
Glyma.10G066000.Wm82.a4.v1,0.7501435849065414
Glyma.19G178400.Wm82.a4.v1,0.7500501963494413
Glyma.17G006300.Wm82.a4.v1,0.7500361880658762
Glyma.03G264400.Wm82.a4.v1,0.7500035020708913
Glyma.11G070100.Wm82.a4.v1,0.7499754855037613
Glyma.01G204900.Wm82.a4.v1,0.7499521383644862
Glyma.08G158300.Wm82.a4.v1,0.7499007746580811
Glyma.16G123100.Wm82.a4.v1,0.7498587498073861
Glyma.08G033600.Wm82.a4.v1,0.749854080379531
Glyma.01G080400.Wm82.a4.v1,0.7498447415238211
Glyma.07G251300.Wm82.a4.v1,0.749774700105996
Glyma.03G178800.Wm82.a4.v1,0.7497420141110109
Glyma.03G222900.Wm82.a4.v1,0.7497420141110109
Glyma.16G081400.Wm82.a4.v1,0.749732675255301
Glyma.05G223500.Wm82.a4.v1,0.7497280058274459
Glyma.03G233500.Wm82.a4.v1,0.7496439561260558
Glyma.13G253900.Wm82.a4.v1,0.7495925924196508
Glyma.14G090000.Wm82.a4.v1,0.7495832535639408
Glyma.13G059200.Wm82.a4.v1,0.7495599064246657
Glyma.19G032500.Wm82.a4.v1,0.7495552369968108
Glyma.15G126500.Wm82.a4.v1,0.7495318898575357
Glyma.15G157800.Wm82.a4.v1,0.7495272204296808
Glyma.17G039200.Wm82.a4.v1,0.7495178815739707
Glyma.02G158100.Wm82.a4.v1,0.7494992038625508
Glyma.20G143500.Wm82.a4.v1,0.7494898650068407
Glyma.08G337900.Wm82.a4.v1,0.7494665178675657
Glyma.06G161700.Wm82.a4.v1,0.7494595137257832
Glyma.10G241900.Wm82.a4.v1,0.7494525095840007
Glyma.07G195200.Wm82.a4.v1,0.7494431707282907
Glyma.11G240200.Wm82.a4.v1,0.7494385013004357
Glyma.02G208400.Wm82.a4.v1,0.7494338318725806
Glyma.13G053600.Wm82.a4.v1,0.7494151541611607
Glyma.03G115132.Wm82.a4.v1,0.7493918070218856
Glyma.02G141400.Wm82.a4.v1,0.7493871375940306
Glyma.10G112000.Wm82.a4.v1,0.7493731293104656
Glyma.13G280700.Wm82.a4.v1,0.7493544515990456
Glyma.10G032600.Wm82.a4.v1,0.7493357738876255
Glyma.04G235800.Wm82.a4.v1,0.7493217656040605
Glyma.08G076400.Wm82.a4.v1,0.7492470547583805
Glyma.09G255400.Wm82.a4.v1,0.7492423853305255
Glyma.17G029800.Wm82.a4.v1,0.7492050299076854
Glyma.06G239900.Wm82.a4.v1,0.7491910216241204
Glyma.15G147100.Wm82.a4.v1,0.7491583356291354
Glyma.13G346300.Wm82.a4.v1,0.7491536662012803
Glyma.09G003500.Wm82.a4.v1,0.7491489967734254
Glyma.17G194300.Wm82.a4.v1,0.7491443273455703
Glyma.16G091900.Wm82.a4.v1,0.7491069719227303
Glyma.08G231400.Wm82.a4.v1,0.7490742859277453
Glyma.15G144500.Wm82.a4.v1,0.7490602776441803
Glyma.01G019200.Wm82.a4.v1,0.7490556082163252
Glyma.14G159000.Wm82.a4.v1,0.7490509387884703
Glyma.14G084500.Wm82.a4.v1,0.7490322610770502
Glyma.15G177000.Wm82.a4.v1,0.7489715585149351
Glyma.08G219900.Wm82.a4.v1,0.7489622196592252
Glyma.19G225800.Wm82.a4.v1,0.7489155253806751
Glyma.12G023500.Wm82.a4.v1,0.7488921782414001
Glyma.04G022660.Wm82.a4.v1,0.74882680625143
Glyma.07G189800.Wm82.a4.v1,0.748803459112155
Glyma.01G153600.Wm82.a4.v1,0.748794120256445
Glyma.06G296200.Wm82.a4.v1,0.74878011197288
Glyma.06G197600.Wm82.a4.v1,0.7487520954057499
Glyma.06G064800.Wm82.a4.v1,0.7487054011271999
Glyma.13G198500.Wm82.a4.v1,0.7486446985650849
Glyma.20G044800.Wm82.a4.v1,0.7486026737143898
Glyma.12G058500.Wm82.a4.v1,0.7485653182915497
Glyma.02G113300.Wm82.a4.v1,0.7485606488636948
Glyma.09G083100.Wm82.a4.v1,0.7485326322965647
Glyma.13G260200.Wm82.a4.v1,0.7484812685901596
Glyma.20G167600.Wm82.a4.v1,0.7484719297344496
Glyma.01G205200.Wm82.a4.v1,0.7484579214508846
Glyma.07G046200.Wm82.a4.v1,0.7484345743116096
Glyma.06G054200.Wm82.a4.v1,0.7484018883166246
Glyma.15G024500.Wm82.a4.v1,0.7483692023216395
Glyma.20G167700.Wm82.a4.v1,0.7483458551823645
Glyma.18G165200.Wm82.a4.v1,0.7483271774709445
Glyma.11G176500.Wm82.a4.v1,0.7482991609038144
Glyma.06G202100.Wm82.a4.v1,0.7482851526202494
Glyma.13G187900.Wm82.a4.v1,0.7482851526202494
Glyma.17G067600.Wm82.a4.v1,0.7482758137645394
Glyma.15G242125.Wm82.a4.v1,0.7482618054809744
Glyma.03G196700.Wm82.a4.v1,0.7482337889138444
Glyma.12G076700.Wm82.a4.v1,0.7481964334910044
Glyma.01G038700.Wm82.a4.v1,0.7481964334910044
Glyma.17G119400.Wm82.a4.v1,0.7481684169238744
Glyma.04G123800.Wm82.a4.v1,0.7481637474960193
Glyma.07G174000.Wm82.a4.v1,0.7481497392124543
Glyma.17G222200.Wm82.a4.v1,0.7481310615010343
Glyma.10G002300.Wm82.a4.v1,0.7481077143617593
Glyma.15G171400.Wm82.a4.v1,0.7480890366503392
Glyma.11G197001.Wm82.a4.v1,0.7480703589389193
Glyma.19G215400.Wm82.a4.v1,0.7480049869489491
Glyma.10G160600.Wm82.a4.v1,0.7480049869489491
Glyma.11G111700.Wm82.a4.v1,0.7479816398096741
Glyma.11G243900.Wm82.a4.v1,0.7479723009539642
Glyma.04G032100.Wm82.a4.v1,0.7479536232425441
Glyma.13G170000.Wm82.a4.v1,0.7479115983918491
Glyma.02G184100.Wm82.a4.v1,0.7478742429690091
Glyma.01G039200.Wm82.a4.v1,0.747869573541154
Glyma.08G092000.Wm82.a4.v1,0.747869573541154
Glyma.17G226100.Wm82.a4.v1,0.747860234685444
Glyma.20G156600.Wm82.a4.v1,0.747846226401879
Glyma.07G029500.Wm82.a4.v1,0.747832218118314
Glyma.12G192000.Wm82.a4.v1,0.7477808544119089
Glyma.09G263000.Wm82.a4.v1,0.7477341601333588
Glyma.08G167100.Wm82.a4.v1,0.7477201518497938
Glyma.02G043400.Wm82.a4.v1,0.7477154824219389
Glyma.13G363500.Wm82.a4.v1,0.7476781269990987
Glyma.10G243000.Wm82.a4.v1,0.7476407715762587
Glyma.18G245600.Wm82.a4.v1,0.7476361021484037
Glyma.05G050700.Wm82.a4.v1,0.7476174244369838
Glyma.01G102600.Wm82.a4.v1,0.7475146970241736
Glyma.09G236500.Wm82.a4.v1,0.7475053581684636
Glyma.06G123000.Wm82.a4.v1,0.7475006887406086
Glyma.10G019200.Wm82.a4.v1,0.7474913498848986
Glyma.06G267000.Wm82.a4.v1,0.7474820110291885
Glyma.07G132900.Wm82.a4.v1,0.7474493250342036
Glyma.09G172700.Wm82.a4.v1,0.7474353167506386
Glyma.08G101200.Wm82.a4.v1,0.7474306473227835
Glyma.10G247000.Wm82.a4.v1,0.7473886224720885
Glyma.18G010400.Wm82.a4.v1,0.7473746141885235
Glyma.19G095900.Wm82.a4.v1,0.7473559364771034
Glyma.07G229000.Wm82.a4.v1,0.7473442629074659
Glyma.01G027300.Wm82.a4.v1,0.7473279199099734
Glyma.11G075600.Wm82.a4.v1,0.7473092421985534
Glyma.10G243400.Wm82.a4.v1,0.7472485396364383
Glyma.17G246600.Wm82.a4.v1,0.7472065147857433
Glyma.07G138400.Wm82.a4.v1,0.7471925065021783
Glyma.04G086000.Wm82.a4.v1,0.7471691593629033
Glyma.10G105900.Wm82.a4.v1,0.7471644899350482
Glyma.19G191600.Wm82.a4.v1,0.7471551510793383
Glyma.16G157900.Wm82.a4.v1,0.7471177956564982
Glyma.19G071700.Wm82.a4.v1,0.7470991179450782
Glyma.04G158800.Wm82.a4.v1,0.7470851096615132
Glyma.08G291500.Wm82.a4.v1,0.7470477542386731
Glyma.07G106100.Wm82.a4.v1,0.7470430848108182
Glyma.04G074500.Wm82.a4.v1,0.7470244070993981
Glyma.08G301700.Wm82.a4.v1,0.7470197376715431
Glyma.02G111700.Wm82.a4.v1,0.7470150682436881
Glyma.13G254500.Wm82.a4.v1,0.7470010599601231
Glyma.11G146000.Wm82.a4.v1,0.7470010599601231
Glyma.02G148400.Wm82.a4.v1,0.746968373965138
Glyma.09G015600.Wm82.a4.v1,0.746963704537283
Glyma.08G311700.Wm82.a4.v1,0.746888993691603
Glyma.04G184000.Wm82.a4.v1,0.7468796548358929
Glyma.03G230600.Wm82.a4.v1,0.7468563076966179
Glyma.09G167900.Wm82.a4.v1,0.7468189522737779
Glyma.18G199400.Wm82.a4.v1,0.7468142828459229
Glyma.16G002300.Wm82.a4.v1,0.7467582497116628
Glyma.10G047100.Wm82.a4.v1,0.7467185595748953
Glyma.09G194200.Wm82.a4.v1,0.7467185595748953
Glyma.06G141100.Wm82.a4.v1,0.7467115554331127
Glyma.04G191800.Wm82.a4.v1,0.7466742000102727
Glyma.13G131600.Wm82.a4.v1,0.7466508528709977
Glyma.01G200800.Wm82.a4.v1,0.7466088280203027
Glyma.15G001100.Wm82.a4.v1,0.7466041585924477
Glyma.11G226700.Wm82.a4.v1,0.7465948197367377
Glyma.18G012500.Wm82.a4.v1,0.7465247783189126
Glyma.01G045500.Wm82.a4.v1,0.7464734146125075
Glyma.04G083000.Wm82.a4.v1,0.746466410470725
Glyma.05G154100.Wm82.a4.v1,0.7464594063289425
Glyma.08G317000.Wm82.a4.v1,0.7464407286175225
Glyma.09G041200.Wm82.a4.v1,0.7464313897618124
Glyma.15G050500.Wm82.a4.v1,0.7464267203339575
Glyma.18G115300.Wm82.a4.v1,0.7464033731946824
Glyma.07G183600.Wm82.a4.v1,0.7463940343389724
Glyma.04G148100.Wm82.a4.v1,0.7463660177718424
Glyma.02G274700.Wm82.a4.v1,0.7463426706325674
Glyma.20G238951.Wm82.a4.v1,0.7463333317768573
Glyma.11G199100.Wm82.a4.v1,0.7463099846375824
Glyma.02G237800.Wm82.a4.v1,0.7462819680704523
Glyma.17G121000.Wm82.a4.v1,0.7462772986425973
Glyma.13G151200.Wm82.a4.v1,0.7462586209311773
Glyma.07G023100.Wm82.a4.v1,0.7461745712297873
Glyma.07G128700.Wm82.a4.v1,0.7461745712297873
Glyma.15G255400.Wm82.a4.v1,0.7461512240905122
Glyma.05G045700.Wm82.a4.v1,0.7461512240905122
Glyma.19G093900.Wm82.a4.v1,0.7461512240905122
Glyma.12G102300.Wm82.a4.v1,0.7460858521005421
Glyma.11G220100.Wm82.a4.v1,0.7460671743891221
Glyma.04G114900.Wm82.a4.v1,0.7460484966777021
Glyma.10G074100.Wm82.a4.v1,0.746015810682717
Glyma.07G082100.Wm82.a4.v1,0.746011141254862
Glyma.10G113700.Wm82.a4.v1,0.745973785832022
Glyma.07G223100.Wm82.a4.v1,0.745922422125617
Glyma.16G003900.Wm82.a4.v1,0.7458477112799369
Glyma.15G117500.Wm82.a4.v1,0.7458103558570969
Glyma.11G009600.Wm82.a4.v1,0.7457823392899668
Glyma.03G213802.Wm82.a4.v1,0.7457730004342568
Glyma.03G248800.Wm82.a4.v1,0.7457730004342568
Glyma.10G214000.Wm82.a4.v1,0.7457449838671267
Glyma.17G084600.Wm82.a4.v1,0.7457449838671267
Glyma.13G143300.Wm82.a4.v1,0.7457169672999967
Glyma.04G067300.Wm82.a4.v1,0.7456749424493017
Glyma.08G245200.Wm82.a4.v1,0.7456562647378817
Glyma.06G084100.Wm82.a4.v1,0.7456469258821716
Glyma.08G335900.Wm82.a4.v1,0.7456469258821716
Glyma.12G019300.Wm82.a4.v1,0.7456422564543167
Glyma.18G123400.Wm82.a4.v1,0.7455722150364916
Glyma.07G207700.Wm82.a4.v1,0.7455675456086366
Glyma.03G039300.Wm82.a4.v1,0.7455628761807815
Glyma.20G172400.Wm82.a4.v1,0.7454975041908115
Glyma.19G092100.Wm82.a4.v1,0.7454928347629565
Glyma.16G028700.Wm82.a4.v1,0.7454601487679715
Glyma.08G296800.Wm82.a4.v1,0.7454601487679715
Glyma.05G090400.Wm82.a4.v1,0.7454368016286964
Glyma.08G168800.Wm82.a4.v1,0.7454274627729864
Glyma.04G194900.Wm82.a4.v1,0.7454087850615664
Glyma.04G236700.Wm82.a4.v1,0.7453527519273063
Glyma.07G093600.Wm82.a4.v1,0.7453480824994514
Glyma.08G022900.Wm82.a4.v1,0.7453153965044663
Glyma.15G039700.Wm82.a4.v1,0.7453060576487563
Glyma.19G041200.Wm82.a4.v1,0.7452593633702063
Glyma.10G030900.Wm82.a4.v1,0.7452220079473663
Glyma.17G020700.Wm82.a4.v1,0.7451846525245261
Glyma.20G005700.Wm82.a4.v1,0.7451426276738311
Glyma.03G126600.Wm82.a4.v1,0.7451006028231361
Glyma.08G207700.Wm82.a4.v1,0.745049239116731
Glyma.14G183500.Wm82.a4.v1,0.745044569688876
Glyma.11G253100.Wm82.a4.v1,0.744993205982471
Glyma.19G119400.Wm82.a4.v1,0.7449511811317759
Glyma.08G030200.Wm82.a4.v1,0.7449325034203559
Glyma.06G077800.Wm82.a4.v1,0.744927833992501
Glyma.08G270900.Wm82.a4.v1,0.7448998174253709
Glyma.05G018800.Wm82.a4.v1,0.7448998174253709
Glyma.11G209354.Wm82.a4.v1,0.7448951479975159
Glyma.02G085500.Wm82.a4.v1,0.7448858091418058
Glyma.13G312400.Wm82.a4.v1,0.7448858091418058
Glyma.20G200800.Wm82.a4.v1,0.7448764702860958
Glyma.10G234100.Wm82.a4.v1,0.7448577925746758
Glyma.12G044900.Wm82.a4.v1,0.7448110982961258
Glyma.02G205102.Wm82.a4.v1,0.7447924205847057
Glyma.01G010500.Wm82.a4.v1,0.7447503957340107
Glyma.18G034700.Wm82.a4.v1,0.7447223791668807
Glyma.06G068500.Wm82.a4.v1,0.7446943625997506
Glyma.09G137000.Wm82.a4.v1,0.7446663460326206
Glyma.09G151900.Wm82.a4.v1,0.7446383294654906
Glyma.02G004200.Wm82.a4.v1,0.7445963046147955
Glyma.09G179000.Wm82.a4.v1,0.7444889077741305
Glyma.15G154000.Wm82.a4.v1,0.7444562217791454
Glyma.18G246500.Wm82.a4.v1,0.7444562217791454
Glyma.13G182100.Wm82.a4.v1,0.7444282052120154
Glyma.05G039500.Wm82.a4.v1,0.7443581637941903
Glyma.17G153200.Wm82.a4.v1,0.7443534943663352
Glyma.13G197400.Wm82.a4.v1,0.7443301472270603
Glyma.01G158400.Wm82.a4.v1,0.7443301472270603
Glyma.16G219000.Wm82.a4.v1,0.7443161389434952
Glyma.14G107200.Wm82.a4.v1,0.7442974612320752
Glyma.01G178200.Wm82.a4.v1,0.7442694446649452
Glyma.17G091700.Wm82.a4.v1,0.7442414280978151
Glyma.13G105000.Wm82.a4.v1,0.7441853949635551
Glyma.14G038500.Wm82.a4.v1,0.74417138667999
Glyma.05G104200.Wm82.a4.v1,0.744157378396425
Glyma.11G133600.Wm82.a4.v1,0.744120022973585
Glyma.17G255100.Wm82.a4.v1,0.744082667550745
Glyma.19G187400.Wm82.a4.v1,0.744054650983615
Glyma.10G243900.Wm82.a4.v1,0.7440172955607749
Glyma.13G112200.Wm82.a4.v1,0.7440032872772099
Glyma.08G045900.Wm82.a4.v1,0.7439706012822249
Glyma.19G024400.Wm82.a4.v1,0.7439098987201098
Glyma.03G037300.Wm82.a4.v1,0.7437884935958797
Glyma.17G243300.Wm82.a4.v1,0.7437464687451847
Glyma.08G214500.Wm82.a4.v1,0.7436530801880845
Glyma.15G202000.Wm82.a4.v1,0.7436250636209545
Glyma.05G176600.Wm82.a4.v1,0.7436250636209545
Glyma.08G322900.Wm82.a4.v1,0.7435643610588395
Glyma.17G062900.Wm82.a4.v1,0.7435643610588395
Glyma.18G137100.Wm82.a4.v1,0.7435223362081445
Glyma.02G286800.Wm82.a4.v1,0.7435176667802894
Glyma.17G230700.Wm82.a4.v1,0.7435129973524344
Glyma.04G165100.Wm82.a4.v1,0.7434616336460294
Glyma.02G154500.Wm82.a4.v1,0.7434616336460294
Glyma.13G365200.Wm82.a4.v1,0.7434289476510443
Glyma.10G038000.Wm82.a4.v1,0.7434242782231893
Glyma.12G083100.Wm82.a4.v1,0.7434056005117693
Glyma.17G043300.Wm82.a4.v1,0.7434009310839143
Glyma.17G047100.Wm82.a4.v1,0.7433869228003492
Glyma.12G228600.Wm82.a4.v1,0.7433729145167842
Glyma.19G021500.Wm82.a4.v1,0.7433729145167842
Glyma.08G281700.Wm82.a4.v1,0.7433682450889293
Glyma.13G290900.Wm82.a4.v1,0.7432841953875392
Glyma.19G179000.Wm82.a4.v1,0.7432701871039742
Glyma.18G041700.Wm82.a4.v1,0.7432608482482641
Glyma.03G248400.Wm82.a4.v1,0.7432561788204092
Glyma.04G018500.Wm82.a4.v1,0.7432515093925541
Glyma.10G287800.Wm82.a4.v1,0.7432468399646991
Glyma.19G046100.Wm82.a4.v1,0.7432375011089891
Glyma.05G102600.Wm82.a4.v1,0.7432375011089891
Glyma.18G273700.Wm82.a4.v1,0.7432141539697141
Glyma.17G045400.Wm82.a4.v1,0.7432001456861491
Glyma.12G083800.Wm82.a4.v1,0.7432001456861491
Glyma.07G104200.Wm82.a4.v1,0.7431814679747291
Glyma.14G074300.Wm82.a4.v1,0.743176798546874
Glyma.07G235400.Wm82.a4.v1,0.7431721291190191
Glyma.08G330600.Wm82.a4.v1,0.743088079417629
Glyma.11G151100.Wm82.a4.v1,0.7430227074276589
Glyma.20G102700.Wm82.a4.v1,0.7430133685719489
Glyma.17G133000.Wm82.a4.v1,0.7430133685719489
Glyma.05G040200.Wm82.a4.v1,0.7430086991440938
Glyma.13G105300.Wm82.a4.v1,0.7429760131491089
Glyma.18G248200.Wm82.a4.v1,0.7429059717312838
Glyma.10G017600.Wm82.a4.v1,0.7428826245920087
Glyma.06G151500.Wm82.a4.v1,0.7428452691691687
Glyma.01G194500.Wm82.a4.v1,0.7428359303134587
Glyma.07G030900.Wm82.a4.v1,0.7428219220298937
Glyma.13G003700.Wm82.a4.v1,0.7427378723285036
Glyma.17G074800.Wm82.a4.v1,0.7427332029006486
Glyma.06G132900.Wm82.a4.v1,0.7427191946170836
Glyma.15G016700.Wm82.a4.v1,0.7427051863335186
Glyma.14G218300.Wm82.a4.v1,0.7426865086220985
Glyma.19G011500.Wm82.a4.v1,0.7426678309106786
Glyma.19G243900.Wm82.a4.v1,0.7426211366321285
Glyma.05G156500.Wm82.a4.v1,0.7426211366321285
Glyma.13G346500.Wm82.a4.v1,0.7426211366321285
Glyma.13G032400.Wm82.a4.v1,0.7426024589207084
Glyma.08G105200.Wm82.a4.v1,0.7426024589207084
Glyma.05G172800.Wm82.a4.v1,0.7425884506371434
Glyma.12G155900.Wm82.a4.v1,0.7425791117814334
Glyma.12G213500.Wm82.a4.v1,0.7425510952143034
Glyma.16G091200.Wm82.a4.v1,0.7425184092193183
Glyma.06G097100.Wm82.a4.v1,0.7424997315078984
Glyma.09G144800.Wm82.a4.v1,0.7424763843686233
Glyma.04G236300.Wm82.a4.v1,0.7423970040950882
Glyma.U031705.Wm82.a4.v1,0.7423876652393783
Glyma.01G001700.Wm82.a4.v1,0.7423829958115232
Glyma.01G175900.Wm82.a4.v1,0.7423503098165382
Glyma.03G151300.Wm82.a4.v1,0.7423409709608282
Glyma.07G207300.Wm82.a4.v1,0.7423316321051182
Glyma.14G050200.Wm82.a4.v1,0.7422662601151481
Glyma.17G047500.Wm82.a4.v1,0.742224235264453
Glyma.10G197500.Wm82.a4.v1,0.742214896408743
Glyma.14G142900.Wm82.a4.v1,0.742200888125178
Glyma.19G122400.Wm82.a4.v1,0.742186879841613
Glyma.12G095500.Wm82.a4.v1,0.742186879841613
Glyma.14G030600.Wm82.a4.v1,0.7421401855630629
Glyma.20G210300.Wm82.a4.v1,0.742135516135208
Glyma.04G154500.Wm82.a4.v1,0.742135516135208
Glyma.12G032400.Wm82.a4.v1,0.742130846707353
Glyma.01G169100.Wm82.a4.v1,0.742130846707353
Glyma.19G263400.Wm82.a4.v1,0.742107499568078
Glyma.05G019900.Wm82.a4.v1,0.7420421275781078
Glyma.20G170500.Wm82.a4.v1,0.7420281192945428
Glyma.14G092600.Wm82.a4.v1,0.7419650820185003
Glyma.11G216400.Wm82.a4.v1,0.7419627473045728
Glyma.04G014200.Wm82.a4.v1,0.7419534084488627
Glyma.09G223300.Wm82.a4.v1,0.7419487390210078
Glyma.13G181200.Wm82.a4.v1,0.7418693587474726
Glyma.03G132600.Wm82.a4.v1,0.7418693587474726
Glyma.07G129400.Wm82.a4.v1,0.7418179950410676
Glyma.20G167900.Wm82.a4.v1,0.7417806396182276
Glyma.09G197100.Wm82.a4.v1,0.7417713007625175
Glyma.19G154500.Wm82.a4.v1,0.7417713007625175
Glyma.17G255602.Wm82.a4.v1,0.7417572924789525
Glyma.17G077100.Wm82.a4.v1,0.7416965899168375
Glyma.14G009600.Wm82.a4.v1,0.7416732427775624
Glyma.05G184900.Wm82.a4.v1,0.7416545650661425
Glyma.18G225800.Wm82.a4.v1,0.7416452262104324
Glyma.19G145600.Wm82.a4.v1,0.7416405567825775
Glyma.13G343500.Wm82.a4.v1,0.7416358873547224
Glyma.11G117900.Wm82.a4.v1,0.7416172096433024
Glyma.08G115800.Wm82.a4.v1,0.7416125402154474
Glyma.16G219100.Wm82.a4.v1,0.7415891930761723
Glyma.09G156500.Wm82.a4.v1,0.7415845236483174
Glyma.15G136300.Wm82.a4.v1,0.7415611765090423
Glyma.09G003000.Wm82.a4.v1,0.7415611765090423
Glyma.01G028100.Wm82.a4.v1,0.7415424987976224
Glyma.18G070900.Wm82.a4.v1,0.7415051433747822
Glyma.13G152780.Wm82.a4.v1,0.7414958045190723
Glyma.04G053900.Wm82.a4.v1,0.7414958045190723
Glyma.05G127800.Wm82.a4.v1,0.7414257631012472
Glyma.03G238100.Wm82.a4.v1,0.7413557216834221
Glyma.17G257300.Wm82.a4.v1,0.7413417133998571
Glyma.02G260800.Wm82.a4.v1,0.7413136968327271
Glyma.02G221700.Wm82.a4.v1,0.741309027404872
Glyma.13G276500.Wm82.a4.v1,0.7413043579770171
Glyma.02G035600.Wm82.a4.v1,0.7413043579770171
Glyma.15G114200.Wm82.a4.v1,0.7412996885491621
Glyma.06G122800.Wm82.a4.v1,0.741281010837742
Glyma.07G175300.Wm82.a4.v1,0.741243655414902
Glyma.02G064500.Wm82.a4.v1,0.741234316559192
Glyma.18G007300.Wm82.a4.v1,0.741234316559192
Glyma.04G021900.Wm82.a4.v1,0.741220308275627
Glyma.09G275900.Wm82.a4.v1,0.741206299992062
Glyma.13G304500.Wm82.a4.v1,0.7411409280020919
Glyma.14G119200.Wm82.a4.v1,0.7411222502906719
Glyma.17G014800.Wm82.a4.v1,0.7410662171564119
Glyma.01G206000.Wm82.a4.v1,0.7410382005892818
Glyma.01G207800.Wm82.a4.v1,0.7410288617335717
Glyma.18G042900.Wm82.a4.v1,0.7409868368828767
Glyma.07G197900.Wm82.a4.v1,0.7409728285993117
Glyma.12G148400.Wm82.a4.v1,0.7409588203157467
Glyma.20G040900.Wm82.a4.v1,0.7409541508878917
Glyma.02G275500.Wm82.a4.v1,0.7409541508878917
Glyma.03G235800.Wm82.a4.v1,0.7409121260371967
Glyma.14G116600.Wm82.a4.v1,0.7408887788979216
Glyma.09G059100.Wm82.a4.v1,0.7408374151915166
Glyma.04G146900.Wm82.a4.v1,0.7408327457636615
Glyma.16G095500.Wm82.a4.v1,0.7407020017837215
Glyma.02G307200.Wm82.a4.v1,0.7406693157887364
Glyma.04G177600.Wm82.a4.v1,0.7406459686494614
Glyma.05G220600.Wm82.a4.v1,0.7406319603658964
Glyma.20G240300.Wm82.a4.v1,0.7405992743709113
Glyma.08G005800.Wm82.a4.v1,0.7405759272316363
Glyma.05G016100.Wm82.a4.v1,0.7405712578037813
Glyma.07G217500.Wm82.a4.v1,0.7405479106645063
Glyma.04G095500.Wm82.a4.v1,0.7405058858138113
Glyma.01G018400.Wm82.a4.v1,0.7404545221074061
Glyma.13G215900.Wm82.a4.v1,0.7404218361124212
Glyma.11G008700.Wm82.a4.v1,0.7404171666845661
Glyma.13G181800.Wm82.a4.v1,0.7403611335503061
Glyma.12G053500.Wm82.a4.v1,0.740356464122451
Glyma.08G027600.Wm82.a4.v1,0.740356464122451
Glyma.17G251300.Wm82.a4.v1,0.740333116983176
Glyma.02G241900.Wm82.a4.v1,0.740305100416046
Glyma.12G080900.Wm82.a4.v1,0.7402584061374959
Glyma.07G001500.Wm82.a4.v1,0.740249067281786
Glyma.17G005300.Wm82.a4.v1,0.740239728426076
Glyma.04G182700.Wm82.a4.v1,0.7402210507146559
Glyma.10G244400.Wm82.a4.v1,0.7402163812868009
Glyma.06G192800.Wm82.a4.v1,0.7402070424310909
Glyma.06G133400.Wm82.a4.v1,0.7401463398689758
Glyma.09G228900.Wm82.a4.v1,0.7401276621575559
Glyma.13G195200.Wm82.a4.v1,0.7401229927297008
Glyma.11G175328.Wm82.a4.v1,0.7401183233018458
Glyma.09G150500.Wm82.a4.v1,0.7400622901675857
Glyma.05G182500.Wm82.a4.v1,0.7399969181776157
Glyma.11G067800.Wm82.a4.v1,0.7399922487497607
Glyma.02G102000.Wm82.a4.v1,0.7399455544712107
Glyma.17G213600.Wm82.a4.v1,0.7399315461876457
Glyma.10G025000.Wm82.a4.v1,0.7399268767597906
Glyma.18G275500.Wm82.a4.v1,0.7399035296205156
Glyma.01G154700.Wm82.a4.v1,0.7398848519090956
Glyma.02G107500.Wm82.a4.v1,0.7398801824812405
Glyma.02G203700.Wm82.a4.v1,0.7398661741976755
Glyma.02G135400.Wm82.a4.v1,0.7398615047698206
Glyma.17G081200.Wm82.a4.v1,0.7398381576305455
Glyma.02G204300.Wm82.a4.v1,0.7398288187748355
Glyma.19G174700.Wm82.a4.v1,0.7398241493469805
Glyma.15G270400.Wm82.a4.v1,0.7397961327798505
Glyma.20G101200.Wm82.a4.v1,0.7397774550684305
Glyma.04G002200.Wm82.a4.v1,0.7397727856405755
Glyma.04G215400.Wm82.a4.v1,0.7397494385013005
Glyma.18G179500.Wm82.a4.v1,0.7397447690734454
Glyma.20G112800.Wm82.a4.v1,0.7396980747948954
Glyma.02G251100.Wm82.a4.v1,0.7396793970834754
Glyma.13G254600.Wm82.a4.v1,0.7396700582277653
Glyma.08G116000.Wm82.a4.v1,0.7396373722327804
Glyma.06G299200.Wm82.a4.v1,0.7396373722327804
Glyma.01G035700.Wm82.a4.v1,0.7396233639492154
Glyma.09G196800.Wm82.a4.v1,0.7396140250935053
Glyma.08G095900.Wm82.a4.v1,0.7395953473820853
Glyma.13G325200.Wm82.a4.v1,0.7395766696706653
Glyma.06G232100.Wm82.a4.v1,0.7395626613871003
Glyma.16G082700.Wm82.a4.v1,0.7395206365364052
Glyma.13G216800.Wm82.a4.v1,0.7394692728300002
Glyma.06G068400.Wm82.a4.v1,0.73940390084003
Glyma.04G189300.Wm82.a4.v1,0.7393992314121751
Glyma.20G091100.Wm82.a4.v1,0.739389892556465
Glyma.02G069900.Wm82.a4.v1,0.7393712148450451
Glyma.06G150701.Wm82.a4.v1,0.73933852885006
Glyma.09G234200.Wm82.a4.v1,0.739333859422205
Glyma.09G082100.Wm82.a4.v1,0.739333859422205
Glyma.12G222300.Wm82.a4.v1,0.7393035081411474
Glyma.13G214900.Wm82.a4.v1,0.739296503999365
Glyma.11G130300.Wm82.a4.v1,0.73927315686009
Glyma.05G105000.Wm82.a4.v1,0.7392498097208149
Glyma.17G250100.Wm82.a4.v1,0.7392077848701198
Glyma.07G124300.Wm82.a4.v1,0.7392031154422649
Glyma.01G163200.Wm82.a4.v1,0.7390957186015997
Glyma.07G253900.Wm82.a4.v1,0.7390910491737448
Glyma.01G219700.Wm82.a4.v1,0.7390817103180347
Glyma.04G050200.Wm82.a4.v1,0.7390770408901798
Glyma.07G250200.Wm82.a4.v1,0.7390396854673397
Glyma.19G117700.Wm82.a4.v1,0.7390396854673397
Glyma.05G192800.Wm82.a4.v1,0.7390210077559196
Glyma.08G119900.Wm82.a4.v1,0.7390023300444997
Glyma.05G029800.Wm82.a4.v1,0.7389976606166446
Glyma.17G238600.Wm82.a4.v1,0.7389929911887896
Glyma.11G096100.Wm82.a4.v1,0.7389836523330796
Glyma.10G283400.Wm82.a4.v1,0.7389836523330796
Glyma.15G094700.Wm82.a4.v1,0.7389836523330796
Glyma.19G210300.Wm82.a4.v1,0.7389789829052246
Glyma.10G170600.Wm82.a4.v1,0.7389649746216596
Glyma.03G120000.Wm82.a4.v1,0.7389603051938046
Glyma.15G134600.Wm82.a4.v1,0.7389462969102396
Glyma.20G018800.Wm82.a4.v1,0.7389369580545295
Glyma.20G090000.Wm82.a4.v1,0.7389089414873995
Glyma.09G097600.Wm82.a4.v1,0.7388155529302994
Glyma.11G225600.Wm82.a4.v1,0.7387641892238944
Glyma.18G133400.Wm82.a4.v1,0.7387034866617793
Glyma.15G257300.Wm82.a4.v1,0.7386941478060693
Glyma.18G205800.Wm82.a4.v1,0.7386334452439542
Glyma.15G026600.Wm82.a4.v1,0.7385867509654042
Glyma.19G010100.Wm82.a4.v1,0.7385820815375492
Glyma.12G090500.Wm82.a4.v1,0.7385774121096942
Glyma.13G347000.Wm82.a4.v1,0.7385680732539842
Glyma.18G034900.Wm82.a4.v1,0.7385540649704192
Glyma.16G129900.Wm82.a4.v1,0.7385307178311441
Glyma.07G235800.Wm82.a4.v1,0.7384840235525941
Glyma.13G253600.Wm82.a4.v1,0.7384793541247391
Glyma.13G352100.Wm82.a4.v1,0.738460676413319
Glyma.18G291100.Wm82.a4.v1,0.738460676413319
Glyma.18G091900.Wm82.a4.v1,0.738418651562624
Glyma.06G146400.Wm82.a4.v1,0.738413982134769
Glyma.02G207000.Wm82.a4.v1,0.738409312706914
Glyma.10G282700.Wm82.a4.v1,0.738381296139784
Glyma.01G106100.Wm82.a4.v1,0.7383626184283639
Glyma.14G223500.Wm82.a4.v1,0.7383346018612339
Glyma.13G112600.Wm82.a4.v1,0.7382925770105389
Glyma.07G265600.Wm82.a4.v1,0.7382178661648588
Glyma.05G061700.Wm82.a4.v1,0.7381711718863088
Glyma.01G081100.Wm82.a4.v1,0.7381618330305988
Glyma.09G209100.Wm82.a4.v1,0.7381478247470338
Glyma.16G009700.Wm82.a4.v1,0.7380357584785137
Glyma.12G024500.Wm82.a4.v1,0.7380217501949486
Glyma.03G144800.Wm82.a4.v1,0.7380217501949486
Glyma.13G366000.Wm82.a4.v1,0.7380217501949486
Glyma.14G018200.Wm82.a4.v1,0.7380217501949486
Glyma.20G146900.Wm82.a4.v1,0.7380077419113836
Glyma.19G146400.Wm82.a4.v1,0.7379797253442536
Glyma.12G233700.Wm82.a4.v1,0.7379517087771236
Glyma.14G085900.Wm82.a4.v1,0.7379190227821385
Glyma.01G180700.Wm82.a4.v1,0.7378816673592985
Glyma.10G064600.Wm82.a4.v1,0.7378443119364584
Glyma.06G095300.Wm82.a4.v1,0.7378116259414734
Glyma.15G051600.Wm82.a4.v1,0.7377976176579084
Glyma.04G039100.Wm82.a4.v1,0.7377929482300534
Glyma.17G073700.Wm82.a4.v1,0.7377836093743434
Glyma.09G206800.Wm82.a4.v1,0.7377836093743434
Glyma.11G180700.Wm82.a4.v1,0.7377742705186333
Glyma.11G115000.Wm82.a4.v1,0.7377509233793583
Glyma.18G006400.Wm82.a4.v1,0.7377462539515033
Glyma.05G168100.Wm82.a4.v1,0.7377369150957933
Glyma.14G081600.Wm82.a4.v1,0.7377322456679383
Glyma.03G233400.Wm82.a4.v1,0.7377322456679383
Glyma.19G183100.Wm82.a4.v1,0.7377229068122283
Glyma.13G213400.Wm82.a4.v1,0.7377042291008082
Glyma.09G121700.Wm82.a4.v1,0.7376902208172432
Glyma.01G052300.Wm82.a4.v1,0.7376902208172432
Glyma.09G091002.Wm82.a4.v1,0.7376808819615333
Glyma.04G095800.Wm82.a4.v1,0.7376528653944032
Glyma.15G188500.Wm82.a4.v1,0.7376388571108382
Glyma.11G101800.Wm82.a4.v1,0.7376388571108382
Glyma.19G043000.Wm82.a4.v1,0.7376341876829832
Glyma.15G009800.Wm82.a4.v1,0.7376248488272732
Glyma.18G130900.Wm82.a4.v1,0.7376108405437082
Glyma.19G001500.Wm82.a4.v1,0.7375641462651581
Glyma.12G135200.Wm82.a4.v1,0.7375407991258831
Glyma.19G156200.Wm82.a4.v1,0.7375407991258831
Glyma.14G101400.Wm82.a4.v1,0.7374894354194781
Glyma.01G184300.Wm82.a4.v1,0.737470757708058
Glyma.02G101200.Wm82.a4.v1,0.7374614188523481
Glyma.10G003600.Wm82.a4.v1,0.737438071713073
Glyma.14G118500.Wm82.a4.v1,0.737433402285218
Glyma.01G154200.Wm82.a4.v1,0.737391377434523
Glyma.17G031700.Wm82.a4.v1,0.7373820385788129
Glyma.09G243200.Wm82.a4.v1,0.7373026583052779
Glyma.07G189900.Wm82.a4.v1,0.7372886500217128
Glyma.14G005900.Wm82.a4.v1,0.7372839805938578
Glyma.11G101700.Wm82.a4.v1,0.7372606334545828
Glyma.20G098100.Wm82.a4.v1,0.7372372863153078
Glyma.19G110800.Wm82.a4.v1,0.7372232780317428
Glyma.03G223200.Wm82.a4.v1,0.7371765837531927
Glyma.09G030400.Wm82.a4.v1,0.7371719143253377
Glyma.19G216400.Wm82.a4.v1,0.7371625754696277
Glyma.09G044700.Wm82.a4.v1,0.7371252200467877
Glyma.01G138300.Wm82.a4.v1,0.7371205506189327
Glyma.13G218200.Wm82.a4.v1,0.7370972034796577
Glyma.07G136600.Wm82.a4.v1,0.7370925340518026
Glyma.17G107400.Wm82.a4.v1,0.7370878646239476
Glyma.05G060100.Wm82.a4.v1,0.7370785257682376
Glyma.18G034400.Wm82.a4.v1,0.7370691869125277
Glyma.17G187400.Wm82.a4.v1,0.7370691869125277
Glyma.11G181500.Wm82.a4.v1,0.7370551786289626
Glyma.20G126100.Wm82.a4.v1,0.7370365009175426
Glyma.19G132200.Wm82.a4.v1,0.7370271620618326
Glyma.11G251700.Wm82.a4.v1,0.7370178232061225
Glyma.17G121100.Wm82.a4.v1,0.7370178232061225
Glyma.12G043500.Wm82.a4.v1,0.7370084843504126
Glyma.13G294700.Wm82.a4.v1,0.7370084843504126
Glyma.05G019500.Wm82.a4.v1,0.7369664594997175
Glyma.13G360900.Wm82.a4.v1,0.7369571206440075
Glyma.11G151700.Wm82.a4.v1,0.7369337735047324
Glyma.07G225000.Wm82.a4.v1,0.7369150957933125
Glyma.07G103200.Wm82.a4.v1,0.7368870792261825
Glyma.14G066300.Wm82.a4.v1,0.7368824097983274
Glyma.11G006000.Wm82.a4.v1,0.7368777403704724
Glyma.17G240400.Wm82.a4.v1,0.7368730709426174
Glyma.19G230600.Wm82.a4.v1,0.7367376575348222
Glyma.06G178300.Wm82.a4.v1,0.7367329881069673
Glyma.05G096000.Wm82.a4.v1,0.7367189798234023
Glyma.04G071900.Wm82.a4.v1,0.7367143103955472
Glyma.19G029500.Wm82.a4.v1,0.7366676161169972
Glyma.12G096500.Wm82.a4.v1,0.7366069135548822
Glyma.07G132300.Wm82.a4.v1,0.7366022441270271
Glyma.10G204500.Wm82.a4.v1,0.736541541564912
Glyma.05G132100.Wm82.a4.v1,0.736541541564912
Glyma.02G310400.Wm82.a4.v1,0.736518194425637
Glyma.04G236100.Wm82.a4.v1,0.736485508430652
Glyma.18G032000.Wm82.a4.v1,0.736466830719232
Glyma.11G016200.Wm82.a4.v1,0.736438814152102
Glyma.13G065400.Wm82.a4.v1,0.7363874504456969
Glyma.07G273400.Wm82.a4.v1,0.7363827810178419
Glyma.10G067400.Wm82.a4.v1,0.7363734421621319
Glyma.07G214800.Wm82.a4.v1,0.7363641033064219
Glyma.14G050100.Wm82.a4.v1,0.7363360867392919
Glyma.07G029300.Wm82.a4.v1,0.7363220784557268
Glyma.16G205900.Wm82.a4.v1,0.7363034007443068
Glyma.14G098300.Wm82.a4.v1,0.7362707147493218
Glyma.13G320400.Wm82.a4.v1,0.7362146816150618
Glyma.14G044000.Wm82.a4.v1,0.7362100121872067
Glyma.18G237700.Wm82.a4.v1,0.7361586484808017
Glyma.09G119300.Wm82.a4.v1,0.7361166236301065
Glyma.20G161800.Wm82.a4.v1,0.7361072847743966
Glyma.12G001900.Wm82.a4.v1,0.7360279045008615
Glyma.17G218800.Wm82.a4.v1,0.7359812102223114
Glyma.04G229400.Wm82.a4.v1,0.7359625325108914
Glyma.18G104600.Wm82.a4.v1,0.7359438547994714
Glyma.01G033900.Wm82.a4.v1,0.7359205076601963
Glyma.03G014600.Wm82.a4.v1,0.7359064993766313
Glyma.17G105500.Wm82.a4.v1,0.7358177802473863
Glyma.20G123200.Wm82.a4.v1,0.7358084413916762
Glyma.20G009700.Wm82.a4.v1,0.7357710859688362
Glyma.12G204700.Wm82.a4.v1,0.7357710859688362
Glyma.13G241100.Wm82.a4.v1,0.7357290611181412
Glyma.05G002800.Wm82.a4.v1,0.7357057139788662
Glyma.19G135600.Wm82.a4.v1,0.7356730279838811
Glyma.18G206400.Wm82.a4.v1,0.7356543502724611
Glyma.18G249600.Wm82.a4.v1,0.7356216642774761
Glyma.04G027600.Wm82.a4.v1,0.7356216642774761
Glyma.06G049700.Wm82.a4.v1,0.735598317138201
Glyma.12G002800.Wm82.a4.v1,0.735584308854636
Glyma.17G065500.Wm82.a4.v1,0.735584308854636
Glyma.20G123700.Wm82.a4.v1,0.735565631143216
Glyma.12G073300.Wm82.a4.v1,0.735565631143216
Glyma.08G361900.Wm82.a4.v1,0.735560961715361
Glyma.11G110600.Wm82.a4.v1,0.735560961715361
Glyma.19G154200.Wm82.a4.v1,0.735556292287506
Glyma.04G159300.Wm82.a4.v1,0.735537614576086
Glyma.03G251200.Wm82.a4.v1,0.7354769120139709
Glyma.04G160700.Wm82.a4.v1,0.7354535648746959
Glyma.17G074500.Wm82.a4.v1,0.7354255483075659
Glyma.09G161600.Wm82.a4.v1,0.7354208788797109
Glyma.03G088500.Wm82.a4.v1,0.7354115400240009
Glyma.15G089700.Wm82.a4.v1,0.7354022011682908
Glyma.08G025300.Wm82.a4.v1,0.7353368291783208
Glyma.11G232700.Wm82.a4.v1,0.7353274903226108
Glyma.19G044900.Wm82.a4.v1,0.7353181514669007
Glyma.01G168600.Wm82.a4.v1,0.7352994737554808
Glyma.12G003500.Wm82.a4.v1,0.7352807960440607
Glyma.04G165600.Wm82.a4.v1,0.7352761266162057
Glyma.07G228100.Wm82.a4.v1,0.7352574489047857
Glyma.19G204400.Wm82.a4.v1,0.7352481100490756
Glyma.05G049600.Wm82.a4.v1,0.7351827380591056
Glyma.11G012500.Wm82.a4.v1,0.7351780686312506
Glyma.07G115500.Wm82.a4.v1,0.7350986883577155
Glyma.17G254300.Wm82.a4.v1,0.7350986883577155
Glyma.01G205100.Wm82.a4.v1,0.7349772832334854
Glyma.04G190500.Wm82.a4.v1,0.7349399278106453
Glyma.15G025600.Wm82.a4.v1,0.7349375930967179
Glyma.02G040600.Wm82.a4.v1,0.7349212500992254
Glyma.04G247200.Wm82.a4.v1,0.7349119112435153
Glyma.13G308700.Wm82.a4.v1,0.7348932335320953
Glyma.19G232300.Wm82.a4.v1,0.7348185226864152
Glyma.06G173700.Wm82.a4.v1,0.7347671589800102
Glyma.04G224900.Wm82.a4.v1,0.7347671589800102
Glyma.02G101700.Wm82.a4.v1,0.7346691009950551
Glyma.16G143100.Wm82.a4.v1,0.7346550927114901
Glyma.20G024900.Wm82.a4.v1,0.734622406716505
Glyma.19G154600.Wm82.a4.v1,0.734622406716505
Glyma.13G321400.Wm82.a4.v1,0.73460839843294
Glyma.17G168400.Wm82.a4.v1,0.73458038186581
Glyma.09G256800.Wm82.a4.v1,0.734557034726535
Glyma.18G143100.Wm82.a4.v1,0.73455236529868
Glyma.19G021600.Wm82.a4.v1,0.73454302644297
Glyma.02G050600.Wm82.a4.v1,0.7345383570151149
Glyma.11G252200.Wm82.a4.v1,0.7345336875872599
Glyma.03G171800.Wm82.a4.v1,0.7345196793036949
Glyma.04G243600.Wm82.a4.v1,0.73451500987584
Glyma.16G165100.Wm82.a4.v1,0.7345103404479849
Glyma.09G228800.Wm82.a4.v1,0.7345010015922749
Glyma.12G227600.Wm82.a4.v1,0.7344683155972899
Glyma.01G164400.Wm82.a4.v1,0.7344402990301598
Glyma.13G189400.Wm82.a4.v1,0.7344216213187398
Glyma.06G186400.Wm82.a4.v1,0.7344076130351748
Glyma.03G234800.Wm82.a4.v1,0.7343702576123348
Glyma.03G232600.Wm82.a4.v1,0.7343609187566248
Glyma.08G114600.Wm82.a4.v1,0.7343609187566248
Glyma.19G159400.Wm82.a4.v1,0.7343562493287698
Glyma.04G236400.Wm82.a4.v1,0.7343375716173497
Glyma.15G273900.Wm82.a4.v1,0.7343142244780747
Glyma.19G166100.Wm82.a4.v1,0.7343002161945097
Glyma.09G045100.Wm82.a4.v1,0.7343002161945097
Glyma.20G019900.Wm82.a4.v1,0.7342581913438146
Glyma.04G203300.Wm82.a4.v1,0.7342488524881047
Glyma.17G258800.Wm82.a4.v1,0.7342114970652646
Glyma.01G096000.Wm82.a4.v1,0.7341974887816995
Glyma.18G230500.Wm82.a4.v1,0.7341974887816995
Glyma.15G223000.Wm82.a4.v1,0.7341834804981345
Glyma.09G147400.Wm82.a4.v1,0.7341694722145695
Glyma.11G222800.Wm82.a4.v1,0.7341694722145695
Glyma.16G032800.Wm82.a4.v1,0.7341134390803095
Glyma.09G109600.Wm82.a4.v1,0.7340760836574695
Glyma.10G144000.Wm82.a4.v1,0.7340620753739044
Glyma.18G287900.Wm82.a4.v1,0.7340293893789194
Glyma.18G137300.Wm82.a4.v1,0.7340293893789194
Glyma.03G088000.Wm82.a4.v1,0.7340247199510644
Glyma.05G041000.Wm82.a4.v1,0.7340107116674994
Glyma.13G115500.Wm82.a4.v1,0.7340013728117893
Glyma.18G233100.Wm82.a4.v1,0.7339967033839344
Glyma.19G066800.Wm82.a4.v1,0.7339920339560794
Glyma.14G015600.Wm82.a4.v1,0.7339873645282243
Glyma.09G044300.Wm82.a4.v1,0.7339826951003694
Glyma.18G141700.Wm82.a4.v1,0.7339826951003694
Glyma.04G029800.Wm82.a4.v1,0.7339500091053843
Glyma.12G046200.Wm82.a4.v1,0.7339360008218193
Glyma.14G098900.Wm82.a4.v1,0.7339126536825443
Glyma.06G180400.Wm82.a4.v1,0.7338846371154143
Glyma.17G044200.Wm82.a4.v1,0.7338472816925742
Glyma.16G012600.Wm82.a4.v1,0.7338472816925742
Glyma.05G041600.Wm82.a4.v1,0.7337819097026042
Glyma.09G012900.Wm82.a4.v1,0.7337725708468942
Glyma.12G031500.Wm82.a4.v1,0.7337585625633292
Glyma.03G130000.Wm82.a4.v1,0.7337538931354741
Glyma.13G037600.Wm82.a4.v1,0.7337538931354741
Glyma.04G015100.Wm82.a4.v1,0.7336978600012141
Glyma.06G185400.Wm82.a4.v1,0.7336978600012141
Glyma.08G347600.Wm82.a4.v1,0.7336978600012141
Glyma.03G065500.Wm82.a4.v1,0.733655835150519
Glyma.15G148800.Wm82.a4.v1,0.733655835150519
Glyma.17G002100.Wm82.a4.v1,0.733632488011244
Glyma.10G092500.Wm82.a4.v1,0.733618479727679
Glyma.17G141600.Wm82.a4.v1,0.733613810299824
Glyma.05G048200.Wm82.a4.v1,0.733613810299824
Glyma.07G262600.Wm82.a4.v1,0.733599802016259
Glyma.11G093000.Wm82.a4.v1,0.733590463160549
Glyma.12G006200.Wm82.a4.v1,0.7335717854491289
Glyma.15G215900.Wm82.a4.v1,0.7335437688819989
Glyma.04G077400.Wm82.a4.v1,0.7335344300262889
Glyma.08G320700.Wm82.a4.v1,0.7335157523148689
Glyma.08G107500.Wm82.a4.v1,0.7335017440313039
Glyma.19G222300.Wm82.a4.v1,0.7334783968920289
Glyma.04G219000.Wm82.a4.v1,0.7334737274641738
Glyma.02G100600.Wm82.a4.v1,0.7334036860463488
Glyma.09G236000.Wm82.a4.v1,0.7333896777627837
Glyma.03G225800.Wm82.a4.v1,0.7333850083349287
Glyma.11G107700.Wm82.a4.v1,0.7333710000513637
Glyma.16G039400.Wm82.a4.v1,0.7333663306235088
Glyma.06G209000.Wm82.a4.v1,0.7333523223399437
Glyma.02G057400.Wm82.a4.v1,0.7333476529120887
Glyma.09G215500.Wm82.a4.v1,0.7333243057728137
Glyma.20G010100.Wm82.a4.v1,0.7332355866435686
Glyma.02G217600.Wm82.a4.v1,0.7332309172157135
Glyma.10G200100.Wm82.a4.v1,0.7332075700764386
Glyma.16G200200.Wm82.a4.v1,0.7332075700764386
Glyma.14G068700.Wm82.a4.v1,0.7331982312207285
Glyma.05G209700.Wm82.a4.v1,0.7331888923650185
Glyma.01G106200.Wm82.a4.v1,0.7331141815193384
Glyma.17G094000.Wm82.a4.v1,0.7330441401015133
Glyma.13G364600.Wm82.a4.v1,0.7330441401015133
Glyma.05G187800.Wm82.a4.v1,0.7330441401015133
Glyma.07G085900.Wm82.a4.v1,0.7330254623900934
Glyma.17G027700.Wm82.a4.v1,0.7330254623900934
Glyma.13G321300.Wm82.a4.v1,0.7329927763951083
Glyma.19G206300.Wm82.a4.v1,0.7329834375393983
Glyma.01G009300.Wm82.a4.v1,0.7329647598279783
Glyma.15G081600.Wm82.a4.v1,0.7329577556861958
Glyma.06G051100.Wm82.a4.v1,0.7329554209722683
Glyma.14G194600.Wm82.a4.v1,0.7329554209722683
Glyma.09G016200.Wm82.a4.v1,0.7329367432608482
Glyma.U008900.Wm82.a4.v1,0.7329320738329932
Glyma.04G011900.Wm82.a4.v1,0.7329227349772832
Glyma.11G079200.Wm82.a4.v1,0.7328900489822981
Glyma.13G275900.Wm82.a4.v1,0.7328900489822981
Glyma.02G192500.Wm82.a4.v1,0.7328293464201832
Glyma.19G010200.Wm82.a4.v1,0.7328200075644731
Glyma.18G059300.Wm82.a4.v1,0.7328200075644731
Glyma.11G137151.Wm82.a4.v1,0.732763974430213
Glyma.01G009200.Wm82.a4.v1,0.732763974430213
Glyma.10G179700.Wm82.a4.v1,0.7327569702884306
Glyma.16G179500.Wm82.a4.v1,0.7327312884352281
Glyma.16G014400.Wm82.a4.v1,0.732726619007373
Glyma.16G069200.Wm82.a4.v1,0.732721949579518
Glyma.10G068900.Wm82.a4.v1,0.732707941295953
Glyma.05G061200.Wm82.a4.v1,0.732689263584533
Glyma.12G119800.Wm82.a4.v1,0.7326425693059829
Glyma.13G296800.Wm82.a4.v1,0.732633230450273
Glyma.12G129200.Wm82.a4.v1,0.7326005444552879
Glyma.13G237500.Wm82.a4.v1,0.7325725278881579
Glyma.01G230200.Wm82.a4.v1,0.7325678584603028
Glyma.13G057800.Wm82.a4.v1,0.7325585196045928
Glyma.05G016700.Wm82.a4.v1,0.7325585196045928
Glyma.06G126900.Wm82.a4.v1,0.7325024864703328
Glyma.09G250700.Wm82.a4.v1,0.7324884781867678
Glyma.10G102400.Wm82.a4.v1,0.7324604616196377
Glyma.12G241100.Wm82.a4.v1,0.7324324450525077
Glyma.18G286300.Wm82.a4.v1,0.7323997590575226
Glyma.06G029000.Wm82.a4.v1,0.7323950896296677
Glyma.18G203900.Wm82.a4.v1,0.7323670730625377
Glyma.04G088100.Wm82.a4.v1,0.7323203787839876
Glyma.16G061500.Wm82.a4.v1,0.7323157093561325
Glyma.04G209400.Wm82.a4.v1,0.7322596762218725
Glyma.16G033900.Wm82.a4.v1,0.7321943042319025
Glyma.19G149800.Wm82.a4.v1,0.7321709570926275
Glyma.08G294000.Wm82.a4.v1,0.7321709570926275
Glyma.02G033500.Wm82.a4.v1,0.7321662876647724
Glyma.01G177400.Wm82.a4.v1,0.7320962462469474
Glyma.01G037900.Wm82.a4.v1,0.7320892421051649
Glyma.14G000400.Wm82.a4.v1,0.7320869073912374
Glyma.18G109900.Wm82.a4.v1,0.7320542213962523
Glyma.13G101700.Wm82.a4.v1,0.7320308742569773
Glyma.14G219000.Wm82.a4.v1,0.7319748411227173
Glyma.05G022300.Wm82.a4.v1,0.7319701716948622
Glyma.11G125400.Wm82.a4.v1,0.7319561634112972
Glyma.03G089000.Wm82.a4.v1,0.7319234774163121
Glyma.19G105600.Wm82.a4.v1,0.7319047997048922
Glyma.08G244700.Wm82.a4.v1,0.7319001302770372
Glyma.12G170500.Wm82.a4.v1,0.7318581054263421
Glyma.10G251900.Wm82.a4.v1,0.7318277541452846
Glyma.04G160800.Wm82.a4.v1,0.7318160805756471
Glyma.11G226000.Wm82.a4.v1,0.731811411147792
Glyma.06G087500.Wm82.a4.v1,0.7317927334363721
Glyma.02G158200.Wm82.a4.v1,0.731764716869242
Glyma.09G031900.Wm82.a4.v1,0.731760047441387
Glyma.12G021600.Wm82.a4.v1,0.731755378013532
Glyma.02G155200.Wm82.a4.v1,0.731755378013532
Glyma.09G229600.Wm82.a4.v1,0.731755378013532
Glyma.19G124500.Wm82.a4.v1,0.731741369729967
Glyma.01G042800.Wm82.a4.v1,0.7317203573046195
Glyma.13G296600.Wm82.a4.v1,0.731708683734982
Glyma.09G067100.Wm82.a4.v1,0.731708683734982
Glyma.15G254000.Wm82.a4.v1,0.731680667167852
Glyma.09G089400.Wm82.a4.v1,0.7316713283121419
Glyma.10G018700.Wm82.a4.v1,0.7316386423171569
Glyma.02G253200.Wm82.a4.v1,0.7316386423171569
Glyma.06G238500.Wm82.a4.v1,0.7316339728893019
Glyma.04G242800.Wm82.a4.v1,0.7316106257500269
Glyma.05G060400.Wm82.a4.v1,0.7316059563221718
Glyma.07G263700.Wm82.a4.v1,0.7315966174664619
Glyma.07G181600.Wm82.a4.v1,0.7315919480386068
Glyma.20G065600.Wm82.a4.v1,0.7315779397550418
Glyma.16G044500.Wm82.a4.v1,0.7315545926157668
Glyma.04G237300.Wm82.a4.v1,0.7314938900536517
Glyma.13G295600.Wm82.a4.v1,0.7314378569193917
Glyma.18G118100.Wm82.a4.v1,0.7314098403522616
Glyma.12G012900.Wm82.a4.v1,0.7313818237851316
Glyma.11G150243.Wm82.a4.v1,0.731360811359784
Glyma.13G032500.Wm82.a4.v1,0.7313397989344366
Glyma.11G077400.Wm82.a4.v1,0.7313024435115966
Glyma.08G312400.Wm82.a4.v1,0.7312744269444665
Glyma.09G109000.Wm82.a4.v1,0.7312604186609015
Glyma.08G288000.Wm82.a4.v1,0.7312557492330465
Glyma.20G174400.Wm82.a4.v1,0.7312324020937715
Glyma.20G083500.Wm82.a4.v1,0.7312183938102065
Glyma.10G160000.Wm82.a4.v1,0.7312137243823514
Glyma.11G049300.Wm82.a4.v1,0.7312137243823514
Glyma.05G044800.Wm82.a4.v1,0.7311903772430765
Glyma.19G194992.Wm82.a4.v1,0.7311763689595114
Glyma.07G011100.Wm82.a4.v1,0.7311670301038014
Glyma.06G136700.Wm82.a4.v1,0.7310736415467013
Glyma.13G187200.Wm82.a4.v1,0.7310643026909913
Glyma.04G249000.Wm82.a4.v1,0.7310596332631363
Glyma.02G076000.Wm82.a4.v1,0.7310502944074263
Glyma.04G111900.Wm82.a4.v1,0.7310036001288762
Glyma.05G169400.Wm82.a4.v1,0.7309942612731662
Glyma.09G061600.Wm82.a4.v1,0.7309382281389062
Glyma.01G159500.Wm82.a4.v1,0.7309335587110511
Glyma.14G216900.Wm82.a4.v1,0.7309195504274861
Glyma.08G015400.Wm82.a4.v1,0.7308635172932261
Glyma.14G073800.Wm82.a4.v1,0.7308635172932261
Glyma.04G079600.Wm82.a4.v1,0.7308541784375161
Glyma.05G067000.Wm82.a4.v1,0.730844839581806
Glyma.19G019200.Wm82.a4.v1,0.730816823014676
Glyma.10G289800.Wm82.a4.v1,0.730784137019691
Glyma.18G294200.Wm82.a4.v1,0.730770128736126
Glyma.18G080300.Wm82.a4.v1,0.7307607898804159
Glyma.07G208000.Wm82.a4.v1,0.730742112168996
Glyma.06G262800.Wm82.a4.v1,0.7307374427411409
Glyma.14G211600.Wm82.a4.v1,0.730728103885431
Glyma.10G068700.Wm82.a4.v1,0.730728103885431
Glyma.12G018100.Wm82.a4.v1,0.7307187650297209
Glyma.06G015100.Wm82.a4.v1,0.7307047567461559
Glyma.13G169200.Wm82.a4.v1,0.7306954178904459
Glyma.08G286700.Wm82.a4.v1,0.7306720707511709
Glyma.12G063100.Wm82.a4.v1,0.7306440541840409
Glyma.06G070300.Wm82.a4.v1,0.7306207070447658
Glyma.03G255600.Wm82.a4.v1,0.7306160376169109
Glyma.16G218500.Wm82.a4.v1,0.7305973599054908
Glyma.11G221200.Wm82.a4.v1,0.7305926904776358
Glyma.06G030000.Wm82.a4.v1,0.7305740127662158
Glyma.07G243100.Wm82.a4.v1,0.7305600044826508
Glyma.05G180100.Wm82.a4.v1,0.7305600044826508
Glyma.15G168700.Wm82.a4.v1,0.7305553350547958
Glyma.06G015000.Wm82.a4.v1,0.7305553350547958
Glyma.12G174000.Wm82.a4.v1,0.7305039713483907
Glyma.17G082700.Wm82.a4.v1,0.7304899630648257
Glyma.01G225900.Wm82.a4.v1,0.7304666159255506
Glyma.18G085100.Wm82.a4.v1,0.7304456035002032
Glyma.09G105300.Wm82.a4.v1,0.7304339299305657
Glyma.19G125200.Wm82.a4.v1,0.7304245910748556
Glyma.06G159700.Wm82.a4.v1,0.7304152522191456
Glyma.17G118000.Wm82.a4.v1,0.7304059133634356
Glyma.08G033300.Wm82.a4.v1,0.7303965745077255
Glyma.20G171700.Wm82.a4.v1,0.7303965745077255
Glyma.15G242900.Wm82.a4.v1,0.7303825662241605
Glyma.10G238100.Wm82.a4.v1,0.7303778967963056
Glyma.13G078500.Wm82.a4.v1,0.7303218636620455
Glyma.06G167700.Wm82.a4.v1,0.7303078553784804
Glyma.03G239600.Wm82.a4.v1,0.7302798388113504
Glyma.08G050200.Wm82.a4.v1,0.7302658305277854
Glyma.11G189000.Wm82.a4.v1,0.7302471528163654
Glyma.04G031800.Wm82.a4.v1,0.7302471528163654
Glyma.14G010300.Wm82.a4.v1,0.7302238056770903
Glyma.06G023000.Wm82.a4.v1,0.7302238056770903
Glyma.18G187600.Wm82.a4.v1,0.7302097973935253
Glyma.02G303800.Wm82.a4.v1,0.7301631031149753
Glyma.19G178700.Wm82.a4.v1,0.7301490948314103
Glyma.04G222800.Wm82.a4.v1,0.7301117394085702
Glyma.17G250300.Wm82.a4.v1,0.7301117394085702
Glyma.20G198300.Wm82.a4.v1,0.7300977311250052
Glyma.16G182200.Wm82.a4.v1,0.7300510368464552
Glyma.12G188600.Wm82.a4.v1,0.7299903342843401
Glyma.05G150300.Wm82.a4.v1,0.7299809954286302
Glyma.11G015600.Wm82.a4.v1,0.7299669871450651
Glyma.11G230000.Wm82.a4.v1,0.7299529788615001
Glyma.18G270500.Wm82.a4.v1,0.72994364000579
Glyma.03G228800.Wm82.a4.v1,0.72990628458295
Glyma.02G082100.Wm82.a4.v1,0.729882937443675
Glyma.07G047100.Wm82.a4.v1,0.72987826801582
Glyma.16G024900.Wm82.a4.v1,0.729873598587965
Glyma.16G161600.Wm82.a4.v1,0.72984091259298
Glyma.19G152900.Wm82.a4.v1,0.7298385778790525
Glyma.01G230300.Wm82.a4.v1,0.72982223488156
Glyma.09G249900.Wm82.a4.v1,0.7297942183144299
Glyma.08G170200.Wm82.a4.v1,0.7297662017472999
Glyma.10G248400.Wm82.a4.v1,0.7297521934637349
Glyma.04G172300.Wm82.a4.v1,0.7297475240358798
Glyma.08G059500.Wm82.a4.v1,0.7297008297573299
Glyma.20G048000.Wm82.a4.v1,0.7296494660509247
Glyma.01G025300.Wm82.a4.v1,0.7295700857773897
Glyma.04G213300.Wm82.a4.v1,0.7295700857773897
Glyma.18G079400.Wm82.a4.v1,0.7295654163495346
Glyma.18G013400.Wm82.a4.v1,0.7295560774938247
Glyma.06G098500.Wm82.a4.v1,0.7295373997824046
Glyma.02G091300.Wm82.a4.v1,0.7295280609266946
Glyma.03G254700.Wm82.a4.v1,0.7295047137874197
Glyma.17G245500.Wm82.a4.v1,0.7295000443595646
Glyma.08G188000.Wm82.a4.v1,0.7294907055038546
Glyma.09G243900.Wm82.a4.v1,0.7294860360759996
Glyma.04G065500.Wm82.a4.v1,0.7294813666481446
Glyma.13G210700.Wm82.a4.v1,0.7294673583645795
Glyma.06G070700.Wm82.a4.v1,0.7293879780910445
Glyma.03G206400.Wm82.a4.v1,0.7293833086631895
Glyma.04G196500.Wm82.a4.v1,0.7293786392353345
Glyma.06G113400.Wm82.a4.v1,0.7292805812503794
Glyma.07G244600.Wm82.a4.v1,0.7292665729668144
Glyma.20G211100.Wm82.a4.v1,0.7292665729668144
Glyma.08G112400.Wm82.a4.v1,0.7292572341111043
Glyma.01G142900.Wm82.a4.v1,0.7292338869718293
Glyma.15G013300.Wm82.a4.v1,0.7292198786882643
Glyma.01G232600.Wm82.a4.v1,0.7291731844097142
Glyma.02G104500.Wm82.a4.v1,0.7291731844097142
Glyma.11G052100.Wm82.a4.v1,0.7291731844097142
Glyma.01G014400.Wm82.a4.v1,0.7291124818475992
Glyma.01G171000.Wm82.a4.v1,0.7290891347083241
Glyma.08G156400.Wm82.a4.v1,0.7290284321462092
Glyma.01G027700.Wm82.a4.v1,0.7290237627183541
Glyma.03G252000.Wm82.a4.v1,0.7290190932904991
Glyma.02G065400.Wm82.a4.v1,0.7290144238626441
Glyma.19G012300.Wm82.a4.v1,0.7289443824448191
Glyma.17G159300.Wm82.a4.v1,0.7289303741612541
Glyma.10G009900.Wm82.a4.v1,0.728874341026994
Glyma.12G188800.Wm82.a4.v1,0.7288416550320089
Glyma.07G140400.Wm82.a4.v1,0.7288229773205889
Glyma.09G169500.Wm82.a4.v1,0.7287762830420389
Glyma.13G000800.Wm82.a4.v1,0.7287716136141839
Glyma.05G146400.Wm82.a4.v1,0.7287716136141839
Glyma.08G078300.Wm82.a4.v1,0.7287669441863288
Glyma.07G196700.Wm82.a4.v1,0.7287435970470538
Glyma.08G054300.Wm82.a4.v1,0.7287389276191988
Glyma.13G124400.Wm82.a4.v1,0.7287342581913439
Glyma.15G276200.Wm82.a4.v1,0.7287155804799238
Glyma.11G213400.Wm82.a4.v1,0.7287062416242138
Glyma.02G250900.Wm82.a4.v1,0.7286735556292288
Glyma.02G066200.Wm82.a4.v1,0.7286595473456637
Glyma.13G107700.Wm82.a4.v1,0.7286268613506787
Glyma.06G090100.Wm82.a4.v1,0.7285941753556937
Glyma.15G114300.Wm82.a4.v1,0.7285147950821586
Glyma.18G265700.Wm82.a4.v1,0.7285077909403761
Glyma.11G047800.Wm82.a4.v1,0.7284961173707386
Glyma.02G205001.Wm82.a4.v1,0.7284681008036086
Glyma.06G291300.Wm82.a4.v1,0.7284540925200436
Glyma.09G183800.Wm82.a4.v1,0.7284260759529135
Glyma.15G098000.Wm82.a4.v1,0.7284214065250585
Glyma.17G114300.Wm82.a4.v1,0.7284167370972034
Glyma.17G008700.Wm82.a4.v1,0.7283933899579285
Glyma.08G263800.Wm82.a4.v1,0.7283700428186535
Glyma.10G154500.Wm82.a4.v1,0.7283607039629434
Glyma.15G095500.Wm82.a4.v1,0.7283513651072334
Glyma.14G085800.Wm82.a4.v1,0.7283513651072334
Glyma.20G155700.Wm82.a4.v1,0.7283466956793784
Glyma.06G036400.Wm82.a4.v1,0.7283326873958134
Glyma.13G103500.Wm82.a4.v1,0.7283280179679584
Glyma.13G045000.Wm82.a4.v1,0.7283093402565384
Glyma.15G262500.Wm82.a4.v1,0.7283000014008284
Glyma.16G144000.Wm82.a4.v1,0.7282859931172634
Glyma.18G018800.Wm82.a4.v1,0.7282579765501334
Glyma.07G130200.Wm82.a4.v1,0.7282299599830033
Glyma.08G142000.Wm82.a4.v1,0.7282066128437282
Glyma.03G262100.Wm82.a4.v1,0.7281785962765982
Glyma.15G127200.Wm82.a4.v1,0.7281692574208882
Glyma.08G150400.Wm82.a4.v1,0.7281645879930332
Glyma.03G073200.Wm82.a4.v1,0.7281412408537582
Glyma.11G253700.Wm82.a4.v1,0.7280711994359331
Glyma.01G052600.Wm82.a4.v1,0.7280618605802232
Glyma.16G044600.Wm82.a4.v1,0.7280571911523681
Glyma.07G233500.Wm82.a4.v1,0.728038513440948
Glyma.15G093900.Wm82.a4.v1,0.728038513440948
Glyma.13G190200.Wm82.a4.v1,0.7280291745852381
Glyma.15G001200.Wm82.a4.v1,0.7280198357295281
Glyma.17G141500.Wm82.a4.v1,0.728001158018108
Glyma.01G179800.Wm82.a4.v1,0.727996488590253
Glyma.13G315800.Wm82.a4.v1,0.7279778108788331
Glyma.14G079400.Wm82.a4.v1,0.727940455455993
Glyma.06G230800.Wm82.a4.v1,0.727935786028138
Glyma.17G002300.Wm82.a4.v1,0.7278517363267479
Glyma.07G241500.Wm82.a4.v1,0.7278237197596179
Glyma.10G192000.Wm82.a4.v1,0.7278237197596179
Glyma.09G181300.Wm82.a4.v1,0.7278190503317629
Glyma.19G197300.Wm82.a4.v1,0.7278050420481978
Glyma.06G309900.Wm82.a4.v1,0.7277443394860827
Glyma.13G360300.Wm82.a4.v1,0.7277350006303728
Glyma.17G115100.Wm82.a4.v1,0.7277256617746628
Glyma.09G172200.Wm82.a4.v1,0.7277163229189527
Glyma.02G014200.Wm82.a4.v1,0.7276696286404027
Glyma.11G217800.Wm82.a4.v1,0.7275995872225777
Glyma.06G295100.Wm82.a4.v1,0.7275855789390127
Glyma.16G017800.Wm82.a4.v1,0.7275715706554476
Glyma.15G061800.Wm82.a4.v1,0.7275575623718826
Glyma.19G044700.Wm82.a4.v1,0.7275388846604626
Glyma.08G064300.Wm82.a4.v1,0.7275015292376226
Glyma.15G246500.Wm82.a4.v1,0.7274968598097675
Glyma.09G156600.Wm82.a4.v1,0.7274921903819125
Glyma.15G033700.Wm82.a4.v1,0.7274595043869275
Glyma.12G157700.Wm82.a4.v1,0.7274128101083774
Glyma.12G094500.Wm82.a4.v1,0.7273941323969574
Glyma.12G194800.Wm82.a4.v1,0.7273754546855373
Glyma.01G234200.Wm82.a4.v1,0.7273707852576824
Glyma.16G123700.Wm82.a4.v1,0.7273474381184073
Glyma.20G176500.Wm82.a4.v1,0.7273427686905524
Glyma.08G100100.Wm82.a4.v1,0.7273380992626973
Glyma.08G366100.Wm82.a4.v1,0.7273240909791323
Glyma.12G033400.Wm82.a4.v1,0.7273147521234223
Glyma.10G053500.Wm82.a4.v1,0.7273054132677123
Glyma.09G282900.Wm82.a4.v1,0.7273007438398573
Glyma.16G000300.Wm82.a4.v1,0.7272773967005822
Glyma.01G190800.Wm82.a4.v1,0.7272400412777422
Glyma.07G225800.Wm82.a4.v1,0.7272307024220322
Glyma.08G032600.Wm82.a4.v1,0.7272026858549022
Glyma.12G234200.Wm82.a4.v1,0.7272026858549022
Glyma.17G047600.Wm82.a4.v1,0.7271886775713372
Glyma.10G294800.Wm82.a4.v1,0.7271886775713372
Glyma.19G087600.Wm82.a4.v1,0.7271606610042072
Glyma.13G130900.Wm82.a4.v1,0.7271466527206422
Glyma.01G096700.Wm82.a4.v1,0.7270906195863821
Glyma.03G018102.Wm82.a4.v1,0.727057933591397
Glyma.08G041800.Wm82.a4.v1,0.7270485947356871
Glyma.06G206200.Wm82.a4.v1,0.727034586452122
Glyma.20G135900.Wm82.a4.v1,0.727020578168557
Glyma.13G141800.Wm82.a4.v1,0.727015908740702
Glyma.19G179400.Wm82.a4.v1,0.727001900457137
Glyma.04G010800.Wm82.a4.v1,0.7269131813278918
Glyma.17G006200.Wm82.a4.v1,0.7269038424721819
Glyma.09G001400.Wm82.a4.v1,0.7268618176214868
Glyma.11G187900.Wm82.a4.v1,0.7268524787657769
Glyma.13G083300.Wm82.a4.v1,0.7268524787657769
Glyma.01G105400.Wm82.a4.v1,0.7268291316265018
Glyma.07G003900.Wm82.a4.v1,0.7268057844872268
Glyma.19G248200.Wm82.a4.v1,0.7268011150593717
Glyma.06G297300.Wm82.a4.v1,0.7267917762036618
Glyma.10G234800.Wm82.a4.v1,0.7267777679200967
Glyma.01G200900.Wm82.a4.v1,0.7266843793629967
Glyma.11G018300.Wm82.a4.v1,0.7266843793629967
Glyma.09G138600.Wm82.a4.v1,0.7266820446490692
Glyma.05G016900.Wm82.a4.v1,0.7266657016515766
Glyma.10G160400.Wm82.a4.v1,0.7266516933680116
Glyma.05G204100.Wm82.a4.v1,0.7266423545123016
Glyma.20G217700.Wm82.a4.v1,0.7266236768008816
Glyma.06G071500.Wm82.a4.v1,0.7265816519501865
Glyma.15G120300.Wm82.a4.v1,0.7265676436666215
Glyma.13G207900.Wm82.a4.v1,0.7265489659552015
Glyma.01G242500.Wm82.a4.v1,0.7265442965273465
Glyma.08G221900.Wm82.a4.v1,0.7265442965273465
Glyma.13G117200.Wm82.a4.v1,0.7265256188159265
Glyma.08G249600.Wm82.a4.v1,0.7265209493880714
Glyma.11G215400.Wm82.a4.v1,0.7264789245373764
Glyma.17G127400.Wm82.a4.v1,0.7264789245373764
Glyma.19G112900.Wm82.a4.v1,0.7264789245373764
Glyma.11G196900.Wm82.a4.v1,0.7264555773981014
Glyma.08G330300.Wm82.a4.v1,0.7264509079702464
Glyma.01G058700.Wm82.a4.v1,0.7264462385423914
Glyma.04G155000.Wm82.a4.v1,0.7264182219752614
Glyma.12G139800.Wm82.a4.v1,0.7264088831195513
Glyma.20G124600.Wm82.a4.v1,0.7263995442638413
Glyma.20G176000.Wm82.a4.v1,0.7263808665524213
Glyma.02G294100.Wm82.a4.v1,0.7263388417017262
Glyma.08G068300.Wm82.a4.v1,0.7263388417017262
Glyma.04G181900.Wm82.a4.v1,0.7263201639903063
Glyma.20G000500.Wm82.a4.v1,0.7263061557067413
Glyma.17G109300.Wm82.a4.v1,0.7261894200103661
Glyma.10G154700.Wm82.a4.v1,0.7261894200103661
Glyma.15G259200.Wm82.a4.v1,0.7261800811546562
Glyma.01G227700.Wm82.a4.v1,0.7261707422989461
Glyma.05G144300.Wm82.a4.v1,0.7261614034432361
Glyma.12G111000.Wm82.a4.v1,0.7261333868761061
Glyma.01G013900.Wm82.a4.v1,0.726119378592541
Glyma.13G071600.Wm82.a4.v1,0.726077353741846
Glyma.16G015100.Wm82.a4.v1,0.726072684313991
Glyma.20G123600.Wm82.a4.v1,0.726058676030426
Glyma.08G231100.Wm82.a4.v1,0.726021320607586
Glyma.20G223000.Wm82.a4.v1,0.7260049776100934
Glyma.10G024100.Wm82.a4.v1,0.7259886346126009
Glyma.13G005300.Wm82.a4.v1,0.725983965184746
Glyma.18G007900.Wm82.a4.v1,0.7259652874733259
Glyma.02G219700.Wm82.a4.v1,0.7259559486176159
Glyma.10G014900.Wm82.a4.v1,0.7259512791897609
Glyma.12G056500.Wm82.a4.v1,0.7259326014783408
Glyma.11G023300.Wm82.a4.v1,0.7259185931947758
Glyma.U031110.Wm82.a4.v1,0.7258859071997908
Glyma.06G093500.Wm82.a4.v1,0.7258111963541107
Glyma.06G170000.Wm82.a4.v1,0.7257691715034157
Glyma.02G188200.Wm82.a4.v1,0.7257551632198507
Glyma.05G174200.Wm82.a4.v1,0.7257458243641407
Glyma.14G045600.Wm82.a4.v1,0.7257364855084306
Glyma.12G147200.Wm82.a4.v1,0.7257271466527206
Glyma.19G087900.Wm82.a4.v1,0.7256477663791856
Glyma.10G024500.Wm82.a4.v1,0.7256337580956206
Glyma.05G060300.Wm82.a4.v1,0.7256244192399105
Glyma.12G088600.Wm82.a4.v1,0.7256197498120556
Glyma.18G276600.Wm82.a4.v1,0.7256150803842005
Glyma.01G131500.Wm82.a4.v1,0.7255637166777955
Glyma.13G026100.Wm82.a4.v1,0.7255263612549554
Glyma.12G014800.Wm82.a4.v1,0.7254983446878254
Glyma.03G143400.Wm82.a4.v1,0.7254936752599704
Glyma.01G179300.Wm82.a4.v1,0.7254703281206953
Glyma.16G217100.Wm82.a4.v1,0.7254609892649854
Glyma.17G228300.Wm82.a4.v1,0.7254563198371303
Glyma.06G312300.Wm82.a4.v1,0.7254469809814204
Glyma.17G229700.Wm82.a4.v1,0.7253769395635953
Glyma.16G194400.Wm82.a4.v1,0.7253582618521752
Glyma.17G146400.Wm82.a4.v1,0.7253582618521752
Glyma.18G105500.Wm82.a4.v1,0.7253349147129002
Glyma.08G330800.Wm82.a4.v1,0.7253255758571903
Glyma.08G027700.Wm82.a4.v1,0.7253068981457702
Glyma.19G224300.Wm82.a4.v1,0.7253068981457702
Glyma.08G163700.Wm82.a4.v1,0.7252882204343502
Glyma.09G248800.Wm82.a4.v1,0.7252742121507851
Glyma.07G210200.Wm82.a4.v1,0.7252672080090027
Glyma.05G123600.Wm82.a4.v1,0.7252555344393652
Glyma.07G102900.Wm82.a4.v1,0.7252275178722352
Glyma.07G189000.Wm82.a4.v1,0.7252088401608151
Glyma.11G020200.Wm82.a4.v1,0.7252041707329601
Glyma.04G111400.Wm82.a4.v1,0.7251995013051051
Glyma.19G239700.Wm82.a4.v1,0.7251948318772501
Glyma.16G073700.Wm82.a4.v1,0.7251668153101201
Glyma.20G019400.Wm82.a4.v1,0.725087435036585
Glyma.09G256402.Wm82.a4.v1,0.7250780961808749
Glyma.06G192000.Wm82.a4.v1,0.7249847076237749
Glyma.19G027200.Wm82.a4.v1,0.7249753687680649
Glyma.16G046900.Wm82.a4.v1,0.7249706993402099
Glyma.04G129000.Wm82.a4.v1,0.7249520216287898
Glyma.05G167600.Wm82.a4.v1,0.7249333439173699
Glyma.17G132300.Wm82.a4.v1,0.7249193356338048
Glyma.13G364900.Wm82.a4.v1,0.7249193356338048
Glyma.15G115800.Wm82.a4.v1,0.7249099967780948
Glyma.10G208100.Wm82.a4.v1,0.7248679719273997
Glyma.08G081100.Wm82.a4.v1,0.7248399553602697
Glyma.07G163300.Wm82.a4.v1,0.7247979305095746
Glyma.19G204100.Wm82.a4.v1,0.7247979305095746
Glyma.10G084500.Wm82.a4.v1,0.7247979305095746
Glyma.17G174900.Wm82.a4.v1,0.7247699139424446
Glyma.16G151100.Wm82.a4.v1,0.7247652445145897
Glyma.13G134500.Wm82.a4.v1,0.7247465668031696
Glyma.05G029200.Wm82.a4.v1,0.7247138808081846
Glyma.11G231800.Wm82.a4.v1,0.7246718559574895
Glyma.19G241800.Wm82.a4.v1,0.7246671865296346
Glyma.19G166500.Wm82.a4.v1,0.7246625171017795
Glyma.02G279300.Wm82.a4.v1,0.7246625171017795
Glyma.01G029800.Wm82.a4.v1,0.7246111533953745
Glyma.U031325.Wm82.a4.v1,0.7245784674003894
Glyma.13G181700.Wm82.a4.v1,0.7245737979725344
Glyma.04G148300.Wm82.a4.v1,0.7245691285446795
Glyma.05G164800.Wm82.a4.v1,0.7245691285446795
Glyma.03G153300.Wm82.a4.v1,0.7245504508332594
Glyma.15G004900.Wm82.a4.v1,0.7245504508332594
Glyma.14G208400.Wm82.a4.v1,0.7245271036939844
Glyma.14G026600.Wm82.a4.v1,0.7245037565547093
Glyma.15G201400.Wm82.a4.v1,0.7245037565547093
Glyma.17G035800.Wm82.a4.v1,0.7244850788432893
Glyma.14G098000.Wm82.a4.v1,0.7244850788432893
Glyma.17G161500.Wm82.a4.v1,0.7244523928483043
Glyma.11G029100.Wm82.a4.v1,0.7244383845647393
Glyma.07G218600.Wm82.a4.v1,0.7244290457090292
Glyma.18G173100.Wm82.a4.v1,0.7244103679976093
Glyma.04G253800.Wm82.a4.v1,0.7244056985697542
Glyma.08G004500.Wm82.a4.v1,0.7243963597140443
Glyma.17G104200.Wm82.a4.v1,0.7243823514304792
Glyma.05G032300.Wm82.a4.v1,0.7243263182962192
Glyma.13G166100.Wm82.a4.v1,0.7243216488683641
Glyma.16G074700.Wm82.a4.v1,0.7243216488683641
Glyma.17G030900.Wm82.a4.v1,0.7243169794405091
Glyma.03G065100.Wm82.a4.v1,0.7242936323012341
Glyma.17G000600.Wm82.a4.v1,0.7242889628733791
Glyma.19G038000.Wm82.a4.v1,0.7242842934455241
Glyma.14G025300.Wm82.a4.v1,0.724260946306249
Glyma.08G181700.Wm82.a4.v1,0.7242562768783941
Glyma.01G128700.Wm82.a4.v1,0.7242516074505391
Glyma.15G232000.Wm82.a4.v1,0.7242282603112641
Glyma.04G203800.Wm82.a4.v1,0.724172227177004
Glyma.07G197600.Wm82.a4.v1,0.7241628883212939
Glyma.20G030100.Wm82.a4.v1,0.7241488800377289
Glyma.09G134200.Wm82.a4.v1,0.724144210609874
Glyma.17G053200.Wm82.a4.v1,0.724130202326309
Glyma.04G202800.Wm82.a4.v1,0.7241115246148889
Glyma.14G044800.Wm82.a4.v1,0.7240975163313239
Glyma.08G011100.Wm82.a4.v1,0.7240788386199039
Glyma.07G049200.Wm82.a4.v1,0.7240788386199039
Glyma.12G230400.Wm82.a4.v1,0.7240228054856438
Glyma.03G099800.Wm82.a4.v1,0.7240181360577889
Glyma.15G079000.Wm82.a4.v1,0.7239247475006887
Glyma.05G214100.Wm82.a4.v1,0.7238967309335587
Glyma.08G109000.Wm82.a4.v1,0.7238920615057037
Glyma.17G045200.Wm82.a4.v1,0.7238920615057037
Glyma.15G178400.Wm82.a4.v1,0.7238733837942837
Glyma.18G179200.Wm82.a4.v1,0.7238687143664286
Glyma.06G148600.Wm82.a4.v1,0.7238593755107187
Glyma.08G082700.Wm82.a4.v1,0.7238173506600236
Glyma.17G185600.Wm82.a4.v1,0.7237613175257636
Glyma.07G044300.Wm82.a4.v1,0.7237519786700536
Glyma.13G177500.Wm82.a4.v1,0.7237146232472135
Glyma.08G337400.Wm82.a4.v1,0.7236539206850985
Glyma.14G154900.Wm82.a4.v1,0.7236072264065484
Glyma.19G019900.Wm82.a4.v1,0.7235745404115633
Glyma.11G087400.Wm82.a4.v1,0.7235652015558534
Glyma.13G339500.Wm82.a4.v1,0.7235558627001434
Glyma.11G246500.Wm82.a4.v1,0.7235465238444333
Glyma.07G036400.Wm82.a4.v1,0.7235044989937383
Glyma.08G254000.Wm82.a4.v1,0.7234718129987533
Glyma.03G243600.Wm82.a4.v1,0.7234624741430432
Glyma.20G017300.Wm82.a4.v1,0.7234297881480583
Glyma.18G241900.Wm82.a4.v1,0.7234251187202032
Glyma.12G202400.Wm82.a4.v1,0.7234204492923482
Glyma.08G049200.Wm82.a4.v1,0.7234064410087832
Glyma.01G008400.Wm82.a4.v1,0.7233877632973632
Glyma.17G029600.Wm82.a4.v1,0.7233457384466682
Glyma.01G189100.Wm82.a4.v1,0.7233270607352481
Glyma.05G168500.Wm82.a4.v1,0.7233177218795381
Glyma.02G240800.Wm82.a4.v1,0.7232476804617131
Glyma.04G155900.Wm82.a4.v1,0.723210325038873
Glyma.03G173600.Wm82.a4.v1,0.723200986183163
Glyma.05G047500.Wm82.a4.v1,0.7231963167553079
Glyma.18G291800.Wm82.a4.v1,0.7231589613324679
Glyma.02G145300.Wm82.a4.v1,0.7231075976260629
Glyma.12G206200.Wm82.a4.v1,0.7231029281982079
Glyma.02G022300.Wm82.a4.v1,0.7230562339196578
Glyma.09G164300.Wm82.a4.v1,0.7230375562082378
Glyma.06G136400.Wm82.a4.v1,0.7229861925018327
Glyma.19G247100.Wm82.a4.v1,0.7229675147904128
Glyma.18G048900.Wm82.a4.v1,0.7229301593675727
Glyma.18G048800.Wm82.a4.v1,0.7229254899397177
Glyma.17G169700.Wm82.a4.v1,0.7229068122282977
Glyma.05G078900.Wm82.a4.v1,0.7228414402383276
Glyma.09G181200.Wm82.a4.v1,0.7228227625269076
Glyma.15G162300.Wm82.a4.v1,0.7228180930990525
Glyma.02G048300.Wm82.a4.v1,0.7227947459597776
Glyma.06G062500.Wm82.a4.v1,0.7227900765319225
Glyma.13G314800.Wm82.a4.v1,0.7227573905369375
Glyma.14G159100.Wm82.a4.v1,0.7227480516812275
Glyma.05G168900.Wm82.a4.v1,0.7227293739698075
Glyma.18G053700.Wm82.a4.v1,0.7227013574026775
Glyma.12G136000.Wm82.a4.v1,0.7226966879748224
Glyma.05G031300.Wm82.a4.v1,0.7226593325519824
Glyma.13G099400.Wm82.a4.v1,0.7226406548405624
Glyma.06G037600.Wm82.a4.v1,0.7226173077012874
Glyma.18G030100.Wm82.a4.v1,0.7225939605620123
Glyma.20G249100.Wm82.a4.v1,0.7225939605620123
Glyma.07G200800.Wm82.a4.v1,0.7225939605620123
Glyma.13G132200.Wm82.a4.v1,0.7225706134227373
Glyma.07G031600.Wm82.a4.v1,0.7225566051391723
Glyma.20G224000.Wm82.a4.v1,0.7225472662834623
Glyma.02G126800.Wm82.a4.v1,0.7224772248656373
Glyma.11G099000.Wm82.a4.v1,0.7224678860099272
Glyma.20G018000.Wm82.a4.v1,0.7224281958731597
Glyma.05G151100.Wm82.a4.v1,0.722257761756452
Glyma.07G270600.Wm82.a4.v1,0.722239084045032
Glyma.13G162200.Wm82.a4.v1,0.7221503649157869
Glyma.08G108600.Wm82.a4.v1,0.7221456954879318
Glyma.09G274000.Wm82.a4.v1,0.7221456954879318
Glyma.19G003300.Wm82.a4.v1,0.7221410260600769
Glyma.03G257000.Wm82.a4.v1,0.7221363566322219
Glyma.08G193400.Wm82.a4.v1,0.7221176789208018
Glyma.15G102800.Wm82.a4.v1,0.7220943317815268
Glyma.02G078100.Wm82.a4.v1,0.7220803234979618
Glyma.20G184400.Wm82.a4.v1,0.7220382986472668
Glyma.10G183200.Wm82.a4.v1,0.7219589183737317
Glyma.19G116600.Wm82.a4.v1,0.7219355712344566
Glyma.08G211400.Wm82.a4.v1,0.7219355712344566
Glyma.17G111200.Wm82.a4.v1,0.7219355712344566
Glyma.09G237100.Wm82.a4.v1,0.7219262323787466
Glyma.10G102100.Wm82.a4.v1,0.7219168935230367
Glyma.11G133900.Wm82.a4.v1,0.7219075546673266
Glyma.14G130700.Wm82.a4.v1,0.7218935463837616
Glyma.17G084900.Wm82.a4.v1,0.7218561909609216
Glyma.20G186700.Wm82.a4.v1,0.7218328438216466
Glyma.10G259500.Wm82.a4.v1,0.7217207775531265
Glyma.02G109400.Wm82.a4.v1,0.7217161081252714
Glyma.09G087400.Wm82.a4.v1,0.7216740832745764
Glyma.19G217200.Wm82.a4.v1,0.7216647444188664
Glyma.05G223900.Wm82.a4.v1,0.7216413972795913
Glyma.13G081900.Wm82.a4.v1,0.7216087112846064
Glyma.12G045800.Wm82.a4.v1,0.7215947030010413
Glyma.16G196400.Wm82.a4.v1,0.7215853641453313
Glyma.02G117100.Wm82.a4.v1,0.7215713558617662
Glyma.20G217800.Wm82.a4.v1,0.7215573475782012
Glyma.02G204700.Wm82.a4.v1,0.7215526781503462
Glyma.19G237700.Wm82.a4.v1,0.7215340004389262
Glyma.07G122800.Wm82.a4.v1,0.7215199921553612
Glyma.13G228800.Wm82.a4.v1,0.7215153227275062
Glyma.12G029900.Wm82.a4.v1,0.7214406118818261
Glyma.12G036200.Wm82.a4.v1,0.7214219341704061
Glyma.05G236500.Wm82.a4.v1,0.7214032564589861
Glyma.14G000500.Wm82.a4.v1,0.7214032564589861
Glyma.19G084600.Wm82.a4.v1,0.721370570464001
Glyma.08G012500.Wm82.a4.v1,0.721347223324726
Glyma.16G048700.Wm82.a4.v1,0.721342553896871
Glyma.20G179900.Wm82.a4.v1,0.7212585041954809
Glyma.07G215300.Wm82.a4.v1,0.7212444959119159
Glyma.13G151100.Wm82.a4.v1,0.7212398264840609
Glyma.07G007600.Wm82.a4.v1,0.7212118099169309
Glyma.18G210300.Wm82.a4.v1,0.7212118099169309
Glyma.12G172500.Wm82.a4.v1,0.7211651156383808
Glyma.13G340700.Wm82.a4.v1,0.7211557767826708
Glyma.04G104900.Wm82.a4.v1,0.7211464379269608
Glyma.06G111400.Wm82.a4.v1,0.7210763965091357
Glyma.18G048700.Wm82.a4.v1,0.7210437105141507
Glyma.03G198200.Wm82.a4.v1,0.7210437105141507
Glyma.17G004800.Wm82.a4.v1,0.7209783385241806
Glyma.17G232285.Wm82.a4.v1,0.7209409831013406
Glyma.10G164200.Wm82.a4.v1,0.7209176359620656
Glyma.02G088900.Wm82.a4.v1,0.7209036276785006
Glyma.08G005100.Wm82.a4.v1,0.7208756111113706
Glyma.16G209900.Wm82.a4.v1,0.7208569333999505
Glyma.20G139900.Wm82.a4.v1,0.7208522639720955
Glyma.07G000900.Wm82.a4.v1,0.7208475945442405
Glyma.11G080700.Wm82.a4.v1,0.7208289168328205
Glyma.02G230500.Wm82.a4.v1,0.7207542059871404
Glyma.10G029800.Wm82.a4.v1,0.7207542059871404
Glyma.08G071900.Wm82.a4.v1,0.7207448671314304
Glyma.18G042700.Wm82.a4.v1,0.7207168505643003
Glyma.12G072700.Wm82.a4.v1,0.7206561480021852
Glyma.14G087700.Wm82.a4.v1,0.7206514785743303
Glyma.01G162100.Wm82.a4.v1,0.7206514785743303
Glyma.14G140400.Wm82.a4.v1,0.7206421397186202
Glyma.07G134400.Wm82.a4.v1,0.7206281314350552
Glyma.18G241100.Wm82.a4.v1,0.7206234620072003
Glyma.07G246900.Wm82.a4.v1,0.7205674288729402
Glyma.20G100800.Wm82.a4.v1,0.7204973874551152
Glyma.04G104400.Wm82.a4.v1,0.7204927180272601
Glyma.20G023900.Wm82.a4.v1,0.7204647014601301
Glyma.12G147600.Wm82.a4.v1,0.720460032032275
Glyma.07G035900.Wm82.a4.v1,0.720403998898015
Glyma.08G264800.Wm82.a4.v1,0.7203619740473199
Glyma.12G092300.Wm82.a4.v1,0.7202592466345099
Glyma.11G104900.Wm82.a4.v1,0.7202358994952348
Glyma.08G026500.Wm82.a4.v1,0.7202218912116698
Glyma.02G159100.Wm82.a4.v1,0.7202078829281048
Glyma.18G228400.Wm82.a4.v1,0.7201938746445398
Glyma.18G275700.Wm82.a4.v1,0.7201565192216998
Glyma.20G026300.Wm82.a4.v1,0.7201425109381348
Glyma.19G074900.Wm82.a4.v1,0.7201331720824248
Glyma.18G034800.Wm82.a4.v1,0.7201331720824248
Glyma.02G152100.Wm82.a4.v1,0.7201098249431497
Glyma.10G084200.Wm82.a4.v1,0.7200911472317297
Glyma.13G137400.Wm82.a4.v1,0.7200444529531796
Glyma.11G039900.Wm82.a4.v1,0.7200351140974697
Glyma.03G070700.Wm82.a4.v1,0.7200211058139047
Glyma.04G219700.Wm82.a4.v1,0.7200024281024846
Glyma.13G342400.Wm82.a4.v1,0.7199930892467746
Glyma.12G047000.Wm82.a4.v1,0.7199277172568045
Glyma.12G072500.Wm82.a4.v1,0.7199137089732395
Glyma.10G064800.Wm82.a4.v1,0.7198763535503995
Glyma.17G260000.Wm82.a4.v1,0.719874018836472
Glyma.12G116500.Wm82.a4.v1,0.7198576758389794
Glyma.03G167650.Wm82.a4.v1,0.7198576758389794
Glyma.05G136200.Wm82.a4.v1,0.7198576758389794
Glyma.06G181100.Wm82.a4.v1,0.7198530064111245
Glyma.06G140900.Wm82.a4.v1,0.7198343286997044
Glyma.12G068000.Wm82.a4.v1,0.7198016427047194
Glyma.01G062300.Wm82.a4.v1,0.7197923038490094
Glyma.16G111700.Wm82.a4.v1,0.7197689567097344
Glyma.11G118200.Wm82.a4.v1,0.7197642872818794
Glyma.05G165300.Wm82.a4.v1,0.7197526137122419
Glyma.09G039600.Wm82.a4.v1,0.7197456095704593
Glyma.18G242700.Wm82.a4.v1,0.7197222624311843
Glyma.10G032500.Wm82.a4.v1,0.7197129235754743
Glyma.13G302800.Wm82.a4.v1,0.7196615598690692
Glyma.08G188400.Wm82.a4.v1,0.7196475515855042
Glyma.19G255200.Wm82.a4.v1,0.7196475515855042
Glyma.03G121300.Wm82.a4.v1,0.7196428821576493
Glyma.13G149600.Wm82.a4.v1,0.7196428821576493
Glyma.01G168900.Wm82.a4.v1,0.7196288738740843
Glyma.03G155100.Wm82.a4.v1,0.7195728407398242
Glyma.02G305200.Wm82.a4.v1,0.7195494936005491
Glyma.20G209800.Wm82.a4.v1,0.7195494936005491
Glyma.02G137200.Wm82.a4.v1,0.7195308158891291
Glyma.15G007200.Wm82.a4.v1,0.719451435615594
Glyma.17G237000.Wm82.a4.v1,0.7193813941977689
Glyma.13G184200.Wm82.a4.v1,0.7193300304913639
Glyma.14G210700.Wm82.a4.v1,0.7193066833520889
Glyma.08G266400.Wm82.a4.v1,0.7193020139242339
Glyma.06G156400.Wm82.a4.v1,0.7192459807899738
Glyma.12G013400.Wm82.a4.v1,0.7192319725064088
Glyma.03G073710.Wm82.a4.v1,0.7192273030785538
Glyma.14G196400.Wm82.a4.v1,0.7191759393721487
Glyma.11G121300.Wm82.a4.v1,0.7191525922328738
Glyma.10G202000.Wm82.a4.v1,0.7191525922328738
Glyma.10G158600.Wm82.a4.v1,0.7190171788250785
Glyma.01G194600.Wm82.a4.v1,0.7190125093972236
Glyma.01G213400.Wm82.a4.v1,0.7190125093972236
Glyma.05G028500.Wm82.a4.v1,0.7189704845465286
Glyma.03G133200.Wm82.a4.v1,0.7189237902679785
Glyma.08G363600.Wm82.a4.v1,0.7189237902679785
Glyma.03G155700.Wm82.a4.v1,0.7189191208401234
Glyma.10G073300.Wm82.a4.v1,0.7189191208401234
Glyma.14G137200.Wm82.a4.v1,0.7189004431287035
Glyma.05G010700.Wm82.a4.v1,0.7188864348451385
Glyma.11G232900.Wm82.a4.v1,0.7188677571337184
Glyma.19G256100.Wm82.a4.v1,0.7188537488501534
Glyma.17G206600.Wm82.a4.v1,0.7188444099944434
Glyma.06G008500.Wm82.a4.v1,0.7188350711387334
Glyma.04G002400.Wm82.a4.v1,0.7187930462880383
Glyma.05G059000.Wm82.a4.v1,0.7187790380044733
Glyma.09G234800.Wm82.a4.v1,0.7187183354423583
Glyma.04G156300.Wm82.a4.v1,0.7187136660145033
Glyma.06G098700.Wm82.a4.v1,0.7187043271587933
Glyma.18G237000.Wm82.a4.v1,0.7186623023080982
Glyma.20G023800.Wm82.a4.v1,0.7186202774574031
Glyma.13G254800.Wm82.a4.v1,0.7185922608902731
Glyma.19G242400.Wm82.a4.v1,0.7185875914624181
Glyma.04G240400.Wm82.a4.v1,0.7185829220345631
Glyma.20G103100.Wm82.a4.v1,0.7185595748952881
Glyma.20G166900.Wm82.a4.v1,0.7185549054674331
Glyma.13G106300.Wm82.a4.v1,0.7185455666117231
Glyma.07G258000.Wm82.a4.v1,0.718540897183868
Glyma.13G165400.Wm82.a4.v1,0.718536227756013
Glyma.13G161200.Wm82.a4.v1,0.7185175500445931
Glyma.10G060000.Wm82.a4.v1,0.7185175500445931
Glyma.08G210000.Wm82.a4.v1,0.718489533477463
Glyma.03G028100.Wm82.a4.v1,0.718470855766043
Glyma.20G189300.Wm82.a4.v1,0.718456847482478
Glyma.06G070600.Wm82.a4.v1,0.7184521780546229
Glyma.13G025900.Wm82.a4.v1,0.718447508626768
Glyma.13G271000.Wm82.a4.v1,0.7184405044849854
Glyma.05G154700.Wm82.a4.v1,0.7184101532039279
Glyma.10G034400.Wm82.a4.v1,0.7183401117861028
Glyma.02G055300.Wm82.a4.v1,0.7183167646468278
Glyma.07G151800.Wm82.a4.v1,0.7183120952189728
Glyma.07G148900.Wm82.a4.v1,0.7182980869354078
Glyma.15G271700.Wm82.a4.v1,0.7182607315125678
Glyma.05G055000.Wm82.a4.v1,0.7182420538011477
Glyma.06G311400.Wm82.a4.v1,0.7182233760897277
Glyma.08G288300.Wm82.a4.v1,0.7182187066618727
Glyma.04G121300.Wm82.a4.v1,0.7182093678061627
Glyma.06G275800.Wm82.a4.v1,0.7182046983783077
Glyma.11G151400.Wm82.a4.v1,0.7181626735276126
Glyma.03G213200.Wm82.a4.v1,0.7181533346719027
Glyma.03G250000.Wm82.a4.v1,0.7181439958161926
Glyma.18G268700.Wm82.a4.v1,0.7180879626819325
Glyma.08G122000.Wm82.a4.v1,0.7180599461148025
Glyma.20G060400.Wm82.a4.v1,0.7180459378312375
Glyma.11G026000.Wm82.a4.v1,0.7179899046969774
Glyma.03G110500.Wm82.a4.v1,0.7179478798462824
Glyma.07G125200.Wm82.a4.v1,0.7179151938512974
Glyma.08G132800.Wm82.a4.v1,0.7178965161398774
Glyma.20G076500.Wm82.a4.v1,0.7178638301448923
Glyma.16G003600.Wm82.a4.v1,0.7178498218613273
Glyma.07G055500.Wm82.a4.v1,0.7178498218613273
Glyma.11G097500.Wm82.a4.v1,0.7178498218613273
Glyma.10G111800.Wm82.a4.v1,0.7178264747220523
Glyma.05G216800.Wm82.a4.v1,0.7178218052941973
Glyma.20G182000.Wm82.a4.v1,0.7177891192992123
Glyma.15G063100.Wm82.a4.v1,0.7177050695978222
Glyma.03G206600.Wm82.a4.v1,0.7177050695978222
Glyma.18G012000.Wm82.a4.v1,0.7176723836028371
Glyma.08G044900.Wm82.a4.v1,0.7176677141749821
Glyma.15G077300.Wm82.a4.v1,0.7176583753192721
Glyma.09G073600.Wm82.a4.v1,0.7176490364635622
Glyma.15G094500.Wm82.a4.v1,0.7176070116128671
Glyma.18G217500.Wm82.a4.v1,0.7176023421850121
Glyma.14G118400.Wm82.a4.v1,0.7176023421850121
Glyma.08G304100.Wm82.a4.v1,0.717560317334317
Glyma.10G044200.Wm82.a4.v1,0.717555647906462
Glyma.18G282400.Wm82.a4.v1,0.717546309050752
Glyma.03G236900.Wm82.a4.v1,0.717541639622897
Glyma.07G035300.Wm82.a4.v1,0.717508953627912
Glyma.05G021400.Wm82.a4.v1,0.717504284200057
Glyma.02G137600.Wm82.a4.v1,0.717494945344347
Glyma.20G134700.Wm82.a4.v1,0.7174856064886369
Glyma.16G063200.Wm82.a4.v1,0.7174575899215069
Glyma.08G317700.Wm82.a4.v1,0.7174482510657969
Glyma.12G021700.Wm82.a4.v1,0.7174295733543768
Glyma.11G255600.Wm82.a4.v1,0.7174155650708118
Glyma.17G257900.Wm82.a4.v1,0.7173385195112043
Glyma.18G218900.Wm82.a4.v1,0.7173315153694217
Glyma.18G016900.Wm82.a4.v1,0.7173268459415668
Glyma.15G123900.Wm82.a4.v1,0.7172894905187267
Glyma.19G130100.Wm82.a4.v1,0.7172801516630167
Glyma.02G159200.Wm82.a4.v1,0.7172754822351617
Glyma.14G075500.Wm82.a4.v1,0.7172287879566117
Glyma.01G053700.Wm82.a4.v1,0.7172101102451917
Glyma.12G069100.Wm82.a4.v1,0.7172054408173366
Glyma.08G034700.Wm82.a4.v1,0.7171867631059167
Glyma.15G230700.Wm82.a4.v1,0.7171540771109316
Glyma.08G185700.Wm82.a4.v1,0.7171494076830766
Glyma.10G263700.Wm82.a4.v1,0.7171400688273666
Glyma.20G152200.Wm82.a4.v1,0.7171260605438016
Glyma.08G086300.Wm82.a4.v1,0.7170793662652515
Glyma.10G017800.Wm82.a4.v1,0.7170653579816865
Glyma.06G090800.Wm82.a4.v1,0.7169859777081514
Glyma.04G192000.Wm82.a4.v1,0.7169859777081514
Glyma.07G107900.Wm82.a4.v1,0.7169672999967314
Glyma.09G060600.Wm82.a4.v1,0.7169672999967314
Glyma.15G118700.Wm82.a4.v1,0.7169532917131664
Glyma.09G161300.Wm82.a4.v1,0.7169439528574564
Glyma.11G222900.Wm82.a4.v1,0.7168785808674863
Glyma.13G155900.Wm82.a4.v1,0.7168785808674863
Glyma.07G085600.Wm82.a4.v1,0.7168645725839213
Glyma.11G092900.Wm82.a4.v1,0.7168645725839213
Glyma.05G012850.Wm82.a4.v1,0.7168458948725013
Glyma.20G159900.Wm82.a4.v1,0.7168365560167913
Glyma.16G115600.Wm82.a4.v1,0.7168318865889363
Glyma.14G122700.Wm82.a4.v1,0.7167945311660963
Glyma.08G230800.Wm82.a4.v1,0.7167758534546762
Glyma.18G085200.Wm82.a4.v1,0.7167618451711112
Glyma.04G090500.Wm82.a4.v1,0.7167478368875462
Glyma.15G101400.Wm82.a4.v1,0.7166964731811412
Glyma.12G225300.Wm82.a4.v1,0.7166918037532861
Glyma.13G343700.Wm82.a4.v1,0.7166264317633161
Glyma.13G371000.Wm82.a4.v1,0.7165330432062159
Glyma.08G273200.Wm82.a4.v1,0.716500357211231
Glyma.13G212200.Wm82.a4.v1,0.7164910183555209
Glyma.02G305700.Wm82.a4.v1,0.7164863489276659
Glyma.01G105500.Wm82.a4.v1,0.7164816794998109
Glyma.08G307800.Wm82.a4.v1,0.7164536629326809
Glyma.14G004900.Wm82.a4.v1,0.7164489935048258
Glyma.20G097001.Wm82.a4.v1,0.7164349852212608
Glyma.13G198200.Wm82.a4.v1,0.7164256463655508
Glyma.10G048200.Wm82.a4.v1,0.7164256463655508
Glyma.15G273000.Wm82.a4.v1,0.7163742826591458
Glyma.01G190100.Wm82.a4.v1,0.7163742826591458
Glyma.12G007800.Wm82.a4.v1,0.7163602743755808
Glyma.11G015500.Wm82.a4.v1,0.7163602743755808
Glyma.07G046100.Wm82.a4.v1,0.7163369272363057
Glyma.19G145900.Wm82.a4.v1,0.7163369272363057
Glyma.13G325000.Wm82.a4.v1,0.7162715552463357
Glyma.12G172100.Wm82.a4.v1,0.7162435386792056
Glyma.04G217100.Wm82.a4.v1,0.7162295303956406
Glyma.01G228800.Wm82.a4.v1,0.7161968444006556
Glyma.06G324900.Wm82.a4.v1,0.7161641584056706
Glyma.10G278200.Wm82.a4.v1,0.7161314724106855
Glyma.04G122400.Wm82.a4.v1,0.7161174641271205
Glyma.02G212500.Wm82.a4.v1,0.7160987864157005
Glyma.14G024900.Wm82.a4.v1,0.7160707698485704
Glyma.07G195500.Wm82.a4.v1,0.7160614309928605
Glyma.13G206700.Wm82.a4.v1,0.7160194061421654
Glyma.20G093900.Wm82.a4.v1,0.7160053978586004
Glyma.15G009900.Wm82.a4.v1,0.7159587035800503
Glyma.08G110600.Wm82.a4.v1,0.7159587035800503
Glyma.06G007500.Wm82.a4.v1,0.7159446952964853
Glyma.20G173700.Wm82.a4.v1,0.7159353564407753
Glyma.17G224000.Wm82.a4.v1,0.7159073398736453
Glyma.20G009100.Wm82.a4.v1,0.7158886621622252
Glyma.01G170900.Wm82.a4.v1,0.7158419678836753
Glyma.06G325402.Wm82.a4.v1,0.7158232901722552
Glyma.13G244400.Wm82.a4.v1,0.7158186207444002
Glyma.04G031600.Wm82.a4.v1,0.7158139513165452
Glyma.10G279100.Wm82.a4.v1,0.7158092818886902
Glyma.13G237200.Wm82.a4.v1,0.7157952736051252
Glyma.09G233200.Wm82.a4.v1,0.7157906041772701
Glyma.13G214600.Wm82.a4.v1,0.7157765958937051
Glyma.05G049500.Wm82.a4.v1,0.7157392404708651
Glyma.14G035900.Wm82.a4.v1,0.7157392404708651
Glyma.08G221700.Wm82.a4.v1,0.7156832073366051
Glyma.17G030600.Wm82.a4.v1,0.71565986019733
Glyma.08G094200.Wm82.a4.v1,0.71565986019733
Glyma.10G001000.Wm82.a4.v1,0.7156178353466349
Glyma.04G056200.Wm82.a4.v1,0.7155384550730999
Glyma.07G153700.Wm82.a4.v1,0.7155197773616798
Glyma.14G007300.Wm82.a4.v1,0.7154450665159998
Glyma.10G033900.Wm82.a4.v1,0.7154217193767247
Glyma.04G207900.Wm82.a4.v1,0.7154030416653048
Glyma.08G201000.Wm82.a4.v1,0.7153937028095947
Glyma.01G022700.Wm82.a4.v1,0.7153843639538847
Glyma.15G063400.Wm82.a4.v1,0.7153470085310447
Glyma.13G326500.Wm82.a4.v1,0.7153330002474797
Glyma.13G110100.Wm82.a4.v1,0.7153236613917696
Glyma.20G229600.Wm82.a4.v1,0.7153143225360596
Glyma.13G258700.Wm82.a4.v1,0.7153003142524946
Glyma.15G023966.Wm82.a4.v1,0.7152863059689296
Glyma.10G267200.Wm82.a4.v1,0.7152302728346696
Glyma.07G184100.Wm82.a4.v1,0.7152209339789596
Glyma.17G025500.Wm82.a4.v1,0.7151975868396845
Glyma.01G245700.Wm82.a4.v1,0.7151975868396845
Glyma.03G264300.Wm82.a4.v1,0.7151789091282645
Glyma.11G237400.Wm82.a4.v1,0.7151742397004095
Glyma.10G042400.Wm82.a4.v1,0.7151695702725545
Glyma.16G055700.Wm82.a4.v1,0.7151555619889894
Glyma.03G129300.Wm82.a4.v1,0.7151555619889894
Glyma.19G222700.Wm82.a4.v1,0.7151041982825844
Glyma.02G160100.Wm82.a4.v1,0.7150855205711644
Glyma.05G055100.Wm82.a4.v1,0.7150808511433094
Glyma.08G342600.Wm82.a4.v1,0.7150715122875994
Glyma.03G027900.Wm82.a4.v1,0.7150388262926144
Glyma.02G193800.Wm82.a4.v1,0.7150014708697743
Glyma.01G032500.Wm82.a4.v1,0.7149127517405293
Glyma.02G289300.Wm82.a4.v1,0.7148520491784142
Glyma.14G033300.Wm82.a4.v1,0.714739982909894
Glyma.01G002400.Wm82.a4.v1,0.714711966342764
Glyma.13G145700.Wm82.a4.v1,0.714697958059199
Glyma.19G034700.Wm82.a4.v1,0.714688619203489
Glyma.08G152400.Wm82.a4.v1,0.7146372554970839
Glyma.11G183300.Wm82.a4.v1,0.7145625446514039
Glyma.08G092700.Wm82.a4.v1,0.7145625446514039
Glyma.08G272100.Wm82.a4.v1,0.7145438669399838
Glyma.10G202500.Wm82.a4.v1,0.7145438669399838
Glyma.08G042200.Wm82.a4.v1,0.7145391975121288
Glyma.13G220600.Wm82.a4.v1,0.7144644866664488
Glyma.09G161000.Wm82.a4.v1,0.7144598172385938
Glyma.13G319000.Wm82.a4.v1,0.7144131229600437
Glyma.14G040300.Wm82.a4.v1,0.7143897758207687
Glyma.08G041200.Wm82.a4.v1,0.7143617592536387
Glyma.20G006400.Wm82.a4.v1,0.7143524203979287
Glyma.07G012500.Wm82.a4.v1,0.7143454162561461
Glyma.08G087600.Wm82.a4.v1,0.7143290732586536
Glyma.04G090900.Wm82.a4.v1,0.7143290732586536
Glyma.12G239500.Wm82.a4.v1,0.7143127302611612
Glyma.07G020100.Wm82.a4.v1,0.7142403541294086
Glyma.10G172400.Wm82.a4.v1,0.7142310152736985
Glyma.16G167900.Wm82.a4.v1,0.7142310152736985
Glyma.18G008100.Wm82.a4.v1,0.7142263458458435
Glyma.09G281300.Wm82.a4.v1,0.7142123375622785
Glyma.16G138800.Wm82.a4.v1,0.7142076681344235
Glyma.11G026500.Wm82.a4.v1,0.7141609738558734
Glyma.18G260500.Wm82.a4.v1,0.7141002712937584
Glyma.19G236500.Wm82.a4.v1,0.7140769241544833
Glyma.01G113000.Wm82.a4.v1,0.7140115521645133
Glyma.06G158400.Wm82.a4.v1,0.7140115521645133
Glyma.02G233600.Wm82.a4.v1,0.7140068827366582
Glyma.07G134800.Wm82.a4.v1,0.7139928744530932
Glyma.11G039800.Wm82.a4.v1,0.7139882050252383
Glyma.18G235400.Wm82.a4.v1,0.7139741967416733
Glyma.11G128300.Wm82.a4.v1,0.7138667999010081
Glyma.10G259600.Wm82.a4.v1,0.7138387833338781
Glyma.18G081200.Wm82.a4.v1,0.7138060973388931
Glyma.20G099500.Wm82.a4.v1,0.713768741916053
Glyma.12G198500.Wm82.a4.v1,0.713750064204633
Glyma.10G194600.Wm82.a4.v1,0.713745394776778
Glyma.18G046900.Wm82.a4.v1,0.713736055921068
Glyma.01G184400.Wm82.a4.v1,0.713666014503243
Glyma.16G052300.Wm82.a4.v1,0.7136099813689829
Glyma.07G195700.Wm82.a4.v1,0.7136053119411279
Glyma.01G243900.Wm82.a4.v1,0.7136006425132728
Glyma.03G036800.Wm82.a4.v1,0.7135165928118827
Glyma.13G325100.Wm82.a4.v1,0.7135165928118827
Glyma.07G260300.Wm82.a4.v1,0.7134932456726077
Glyma.02G209100.Wm82.a4.v1,0.7134698985333328
Glyma.09G183100.Wm82.a4.v1,0.7134652291054777
Glyma.04G071400.Wm82.a4.v1,0.7134558902497677
Glyma.07G232000.Wm82.a4.v1,0.7134465513940577
Glyma.09G009000.Wm82.a4.v1,0.7133951876876526
Glyma.13G195700.Wm82.a4.v1,0.7133438239812476
Glyma.02G044600.Wm82.a4.v1,0.7133344851255375
Glyma.07G076700.Wm82.a4.v1,0.7132924602748425
Glyma.20G233200.Wm82.a4.v1,0.7132597742798575
Glyma.14G220500.Wm82.a4.v1,0.7132504354241475
Glyma.17G253700.Wm82.a4.v1,0.7131850634341774
Glyma.08G008100.Wm82.a4.v1,0.7131523774391924
Glyma.12G238400.Wm82.a4.v1,0.7131243608720623
Glyma.14G132000.Wm82.a4.v1,0.7131196914442074
Glyma.03G141700.Wm82.a4.v1,0.7131103525884973
Glyma.08G008400.Wm82.a4.v1,0.7130403111706722
Glyma.04G033900.Wm82.a4.v1,0.7129749391807022
Glyma.16G052500.Wm82.a4.v1,0.7129609308971372
Glyma.16G050600.Wm82.a4.v1,0.7129515920414272
Glyma.15G060700.Wm82.a4.v1,0.7129469226135722
Glyma.18G234900.Wm82.a4.v1,0.7129422531857171
Glyma.18G279500.Wm82.a4.v1,0.7129142366185871
Glyma.04G096666.Wm82.a4.v1,0.7129025630489496
Glyma.17G230500.Wm82.a4.v1,0.7128955589071672
Glyma.02G020000.Wm82.a4.v1,0.7128955589071672
Glyma.03G005800.Wm82.a4.v1,0.712816178633632
Glyma.12G050500.Wm82.a4.v1,0.7127858273525745
Glyma.04G237400.Wm82.a4.v1,0.712778823210792
Glyma.02G250000.Wm82.a4.v1,0.712778823210792
Glyma.02G243400.Wm82.a4.v1,0.712774153782937
Glyma.11G103500.Wm82.a4.v1,0.712750806643662
Glyma.02G226100.Wm82.a4.v1,0.7127274595043869
Glyma.18G012400.Wm82.a4.v1,0.7127227900765319
Glyma.13G152236.Wm82.a4.v1,0.7126854346536918
Glyma.05G238800.Wm82.a4.v1,0.7126807652258369
Glyma.14G216700.Wm82.a4.v1,0.7126714263701268
Glyma.18G164100.Wm82.a4.v1,0.7126667569422719
Glyma.09G255100.Wm82.a4.v1,0.7126177279497943
Glyma.11G132000.Wm82.a4.v1,0.7126153932358668
Glyma.04G066400.Wm82.a4.v1,0.7126013849523017
Glyma.14G175800.Wm82.a4.v1,0.7125733683851717
Glyma.13G298700.Wm82.a4.v1,0.7125686989573168
Glyma.14G005100.Wm82.a4.v1,0.7124939881116367
Glyma.05G023000.Wm82.a4.v1,0.7124823145419992
Glyma.01G126200.Wm82.a4.v1,0.7124286161216666
Glyma.12G190800.Wm82.a4.v1,0.7123865912709716
Glyma.13G082100.Wm82.a4.v1,0.7123212192810014
Glyma.06G195300.Wm82.a4.v1,0.7122885332860165
Glyma.14G026400.Wm82.a4.v1,0.7122838638581614
Glyma.05G165500.Wm82.a4.v1,0.7122651861467414
Glyma.11G155100.Wm82.a4.v1,0.7122605167188865
Glyma.05G239100.Wm82.a4.v1,0.7122511778631764
Glyma.18G213400.Wm82.a4.v1,0.7122325001517564
Glyma.05G073700.Wm82.a4.v1,0.7122091530124813
Glyma.03G219000.Wm82.a4.v1,0.7122091530124813
Glyma.02G150100.Wm82.a4.v1,0.7122044835846264
Glyma.07G054800.Wm82.a4.v1,0.7122044835846264
Glyma.20G025000.Wm82.a4.v1,0.7121764670174964
Glyma.01G047700.Wm82.a4.v1,0.7121764670174964
Glyma.14G222900.Wm82.a4.v1,0.7121391115946563
Glyma.20G246200.Wm82.a4.v1,0.7120690701768312
Glyma.20G215800.Wm82.a4.v1,0.7120457230375562
Glyma.11G254100.Wm82.a4.v1,0.7120410536097012
Glyma.14G023700.Wm82.a4.v1,0.7120410536097012
Glyma.13G231400.Wm82.a4.v1,0.7120270453261361
Glyma.13G111600.Wm82.a4.v1,0.7120270453261361
Glyma.04G034200.Wm82.a4.v1,0.7119476650526011
Glyma.11G080600.Wm82.a4.v1,0.7119429956247461
Glyma.19G123100.Wm82.a4.v1,0.7119383261968911
Glyma.05G142300.Wm82.a4.v1,0.7119196484854711
Glyma.16G118900.Wm82.a4.v1,0.7119196484854711
Glyma.20G245600.Wm82.a4.v1,0.7118822930626311
Glyma.17G066600.Wm82.a4.v1,0.711877623634776
Glyma.05G115700.Wm82.a4.v1,0.711798243361241
Glyma.04G076000.Wm82.a4.v1,0.711784235077676
Glyma.19G121000.Wm82.a4.v1,0.7117562185105459
Glyma.09G263300.Wm82.a4.v1,0.7117468796548359
Glyma.12G089200.Wm82.a4.v1,0.7117141936598509
Glyma.07G074700.Wm82.a4.v1,0.7116815076648658
Glyma.11G079600.Wm82.a4.v1,0.7116721688091558
Glyma.02G100200.Wm82.a4.v1,0.7116628299534458
Glyma.12G179300.Wm82.a4.v1,0.7116581605255908
Glyma.11G015700.Wm82.a4.v1,0.7116581605255908
Glyma.04G073900.Wm82.a4.v1,0.7116534910977358
Glyma.08G061100.Wm82.a4.v1,0.7116441522420258
Glyma.12G107500.Wm82.a4.v1,0.7116208051027507
Glyma.05G168600.Wm82.a4.v1,0.7116021273913308
Glyma.02G131700.Wm82.a4.v1,0.7115741108242007
Glyma.02G149200.Wm82.a4.v1,0.7115694413963457
Glyma.06G245100.Wm82.a4.v1,0.7115180776899407
Glyma.18G264000.Wm82.a4.v1,0.7114900611228107
Glyma.11G219200.Wm82.a4.v1,0.7114667139835356
Glyma.12G103900.Wm82.a4.v1,0.7114573751278256
Glyma.05G037100.Wm82.a4.v1,0.7113639865707255
Glyma.17G157700.Wm82.a4.v1,0.7113546477150154
Glyma.11G152751.Wm82.a4.v1,0.7113079534364655
Glyma.13G091200.Wm82.a4.v1,0.7112986145807554
Glyma.19G148200.Wm82.a4.v1,0.7112939451529005
Glyma.20G011700.Wm82.a4.v1,0.7112239037350754
Glyma.13G134800.Wm82.a4.v1,0.7112145648793653
Glyma.08G221800.Wm82.a4.v1,0.7112145648793653
Glyma.11G104000.Wm82.a4.v1,0.7111958871679454
Glyma.01G099600.Wm82.a4.v1,0.7111445234615402
Glyma.12G087700.Wm82.a4.v1,0.7111165068944102
Glyma.18G208202.Wm82.a4.v1,0.7110978291829902
Glyma.19G092300.Wm82.a4.v1,0.7110698126158602
Glyma.06G159900.Wm82.a4.v1,0.7110558043322952
Glyma.12G051000.Wm82.a4.v1,0.7110417960487302
Glyma.02G152800.Wm82.a4.v1,0.7110371266208751
Glyma.04G133800.Wm82.a4.v1,0.7109951017701801
Glyma.06G142400.Wm82.a4.v1,0.7109904323423251
Glyma.04G234900.Wm82.a4.v1,0.7109670852030501
Glyma.16G112800.Wm82.a4.v1,0.7109670852030501
Glyma.06G190200.Wm82.a4.v1,0.710962415775195
Glyma.02G116000.Wm82.a4.v1,0.7109437380637751
Glyma.09G246700.Wm82.a4.v1,0.71093906863592
Glyma.08G292900.Wm82.a4.v1,0.710897043785225
Glyma.07G130400.Wm82.a4.v1,0.71085501893453
Glyma.13G324500.Wm82.a4.v1,0.7108223329395449
Glyma.03G055900.Wm82.a4.v1,0.7108129940838349
Glyma.09G208500.Wm82.a4.v1,0.7108129940838349
Glyma.15G005900.Wm82.a4.v1,0.7107709692331399
Glyma.13G169900.Wm82.a4.v1,0.7107382832381548
Glyma.01G124700.Wm82.a4.v1,0.7106962583874598
Glyma.18G024100.Wm82.a4.v1,0.7106635723924748
Glyma.14G167200.Wm82.a4.v1,0.7106402252531997
Glyma.06G106000.Wm82.a4.v1,0.7106308863974897
Glyma.05G241600.Wm82.a4.v1,0.7106122086860697
Glyma.17G170002.Wm82.a4.v1,0.7106028698303597
Glyma.11G107500.Wm82.a4.v1,0.7105888615467947
Glyma.04G001800.Wm82.a4.v1,0.7105141507011146
Glyma.17G077800.Wm82.a4.v1,0.7104814647061296
Glyma.18G259500.Wm82.a4.v1,0.7104627869947095
Glyma.03G206200.Wm82.a4.v1,0.7104487787111445
Glyma.09G111000.Wm82.a4.v1,0.7104394398554346
Glyma.08G318200.Wm82.a4.v1,0.7104301009997245
Glyma.13G041800.Wm82.a4.v1,0.7104301009997245
Glyma.16G161500.Wm82.a4.v1,0.7103880761490294
Glyma.15G105100.Wm82.a4.v1,0.7103740678654644
Glyma.04G173300.Wm82.a4.v1,0.7103553901540445
Glyma.02G000600.Wm82.a4.v1,0.7103086958754944
Glyma.12G014200.Wm82.a4.v1,0.7102760098805093
Glyma.15G269700.Wm82.a4.v1,0.7102620015969443
Glyma.12G077400.Wm82.a4.v1,0.7102339850298143
Glyma.07G031900.Wm82.a4.v1,0.7102106378905393
Glyma.15G013000.Wm82.a4.v1,0.7100752244827442
Glyma.13G265700.Wm82.a4.v1,0.7100705550548891
Glyma.09G052200.Wm82.a4.v1,0.7100285302041941
Glyma.07G026400.Wm82.a4.v1,0.7100051830649191
Glyma.13G125600.Wm82.a4.v1,0.7100005136370641
Glyma.12G082300.Wm82.a4.v1,0.7100005136370641
Glyma.10G026700.Wm82.a4.v1,0.7100005136370641
Glyma.18G054400.Wm82.a4.v1,0.709995844209209
Glyma.03G133500.Wm82.a4.v1,0.7099911747813541
Glyma.08G170000.Wm82.a4.v1,0.709939811074949
Glyma.08G188200.Wm82.a4.v1,0.709935141647094
Glyma.18G159100.Wm82.a4.v1,0.709935141647094
Glyma.12G015600.Wm82.a4.v1,0.709925802791384
Glyma.09G029700.Wm82.a4.v1,0.709916463935674
Glyma.14G036800.Wm82.a4.v1,0.7099071250799639
Glyma.03G066800.Wm82.a4.v1,0.7098837779406889
Glyma.04G059900.Wm82.a4.v1,0.7098791085128339
Glyma.08G257600.Wm82.a4.v1,0.7098791085128339
Glyma.13G160600.Wm82.a4.v1,0.7098697696571239
Glyma.20G130700.Wm82.a4.v1,0.7098464225178489
Glyma.13G366100.Wm82.a4.v1,0.7098417530899939
Glyma.09G135100.Wm82.a4.v1,0.7098324142342839
Glyma.20G190300.Wm82.a4.v1,0.7098184059507189
Glyma.09G153100.Wm82.a4.v1,0.7097903893835888
Glyma.07G175500.Wm82.a4.v1,0.7097343562493288
Glyma.09G025300.Wm82.a4.v1,0.7097203479657638
Glyma.04G125800.Wm82.a4.v1,0.7096316288365186
Glyma.01G225700.Wm82.a4.v1,0.7095802651301136
Glyma.20G117100.Wm82.a4.v1,0.7095755957022586
Glyma.14G218000.Wm82.a4.v1,0.7095709262744035
Glyma.15G020900.Wm82.a4.v1,0.7094541905780285
Glyma.03G145200.Wm82.a4.v1,0.7094401822944635
Glyma.15G022900.Wm82.a4.v1,0.7094121657273335
Glyma.09G145800.Wm82.a4.v1,0.7093981574437684
Glyma.03G060200.Wm82.a4.v1,0.7093841491602034
Glyma.U031615.Wm82.a4.v1,0.7093794797323484
Glyma.17G083300.Wm82.a4.v1,0.7093467937373633
Glyma.01G176700.Wm82.a4.v1,0.7093281160259434
Glyma.05G152000.Wm82.a4.v1,0.7093047688866683
Glyma.04G038400.Wm82.a4.v1,0.7092160497574233
Glyma.17G115500.Wm82.a4.v1,0.7092067109017132
Glyma.14G012400.Wm82.a4.v1,0.7091506777674531
Glyma.18G298300.Wm82.a4.v1,0.7091133223446131
Glyma.10G180700.Wm82.a4.v1,0.7091133223446131
Glyma.08G108300.Wm82.a4.v1,0.709094644633193
Glyma.08G187000.Wm82.a4.v1,0.709057289210353
Glyma.15G006100.Wm82.a4.v1,0.708996586648238
Glyma.10G016400.Wm82.a4.v1,0.7089825783646729
Glyma.14G148200.Wm82.a4.v1,0.708935884086123
Glyma.15G238500.Wm82.a4.v1,0.7089265452304129
Glyma.02G230900.Wm82.a4.v1,0.7089172063747029
Glyma.11G013300.Wm82.a4.v1,0.7089125369468479
Glyma.05G010500.Wm82.a4.v1,0.7088985286632828
Glyma.16G128300.Wm82.a4.v1,0.7088938592354279
Glyma.01G173700.Wm82.a4.v1,0.7088891898075729
Glyma.10G017400.Wm82.a4.v1,0.7088845203797178
Glyma.04G077500.Wm82.a4.v1,0.7088471649568778
Glyma.17G073200.Wm82.a4.v1,0.7088284872454578
Glyma.13G228000.Wm82.a4.v1,0.7087958012504728
Glyma.02G224300.Wm82.a4.v1,0.7086136935641276
Glyma.08G349900.Wm82.a4.v1,0.7086090241362726
Glyma.19G011200.Wm82.a4.v1,0.7085950158527076
Glyma.04G018200.Wm82.a4.v1,0.7085716687134326
Glyma.11G240600.Wm82.a4.v1,0.7085669992855775
Glyma.04G237200.Wm82.a4.v1,0.7085669992855775
Glyma.04G182100.Wm82.a4.v1,0.7085576604298676
Glyma.02G155400.Wm82.a4.v1,0.7085436521463025
Glyma.10G051800.Wm82.a4.v1,0.7085156355791725
Glyma.13G137500.Wm82.a4.v1,0.7084876190120425
Glyma.01G200200.Wm82.a4.v1,0.7084829495841874
Glyma.08G233500.Wm82.a4.v1,0.7084409247334924
Glyma.07G088500.Wm82.a4.v1,0.7084362553056374
Glyma.15G209800.Wm82.a4.v1,0.7084222470220723
Glyma.17G231400.Wm82.a4.v1,0.7083825568853048
Glyma.13G215000.Wm82.a4.v1,0.7083755527435224
Glyma.04G237500.Wm82.a4.v1,0.7083662138878123
Glyma.03G130200.Wm82.a4.v1,0.7083475361763923
Glyma.07G209500.Wm82.a4.v1,0.7083055113256973
Glyma.19G105900.Wm82.a4.v1,0.7082915030421323
Glyma.02G093500.Wm82.a4.v1,0.7082681559028572
Glyma.08G193000.Wm82.a4.v1,0.7082308004800172
Glyma.01G227200.Wm82.a4.v1,0.7082121227685971
Glyma.16G110400.Wm82.a4.v1,0.7081794367736122
Glyma.11G127400.Wm82.a4.v1,0.7081187342114971
Glyma.14G084400.Wm82.a4.v1,0.708104725927932
Glyma.07G076800.Wm82.a4.v1,0.7080953870722221
Glyma.05G089300.Wm82.a4.v1,0.708090717644367
Glyma.09G043100.Wm82.a4.v1,0.708053362221527
Glyma.12G165700.Wm82.a4.v1,0.708025345654397
Glyma.13G284200.Wm82.a4.v1,0.7080019985151219
Glyma.16G037500.Wm82.a4.v1,0.7079739819479919
Glyma.13G131900.Wm82.a4.v1,0.7079739819479919
Glyma.14G179100.Wm82.a4.v1,0.7079739819479919
Glyma.14G219100.Wm82.a4.v1,0.7079179488137318
Glyma.02G037400.Wm82.a4.v1,0.7079039405301668
Glyma.05G236233.Wm82.a4.v1,0.7078899322466018
Glyma.10G173800.Wm82.a4.v1,0.7078619156794718
Glyma.16G166800.Wm82.a4.v1,0.7078572462516168
Glyma.05G209900.Wm82.a4.v1,0.7078105519730667
Glyma.19G109400.Wm82.a4.v1,0.7077825354059367
Glyma.18G239900.Wm82.a4.v1,0.7077545188388067
Glyma.18G021700.Wm82.a4.v1,0.7076984857045466
Glyma.07G159300.Wm82.a4.v1,0.7076938162766916
Glyma.17G062400.Wm82.a4.v1,0.7076938162766916
Glyma.20G198402.Wm82.a4.v1,0.7076844774209816
Glyma.01G237400.Wm82.a4.v1,0.7076424525702866
Glyma.07G079700.Wm82.a4.v1,0.7076284442867216
Glyma.13G093800.Wm82.a4.v1,0.7076237748588665
Glyma.08G037500.Wm82.a4.v1,0.7076191054310116
Glyma.19G147800.Wm82.a4.v1,0.7076191054310116
Glyma.10G257600.Wm82.a4.v1,0.7076144360031565
Glyma.04G103400.Wm82.a4.v1,0.7075864194360265
Glyma.12G168900.Wm82.a4.v1,0.7075770805803165
Glyma.13G082300.Wm82.a4.v1,0.7075677417246065
Glyma.11G007800.Wm82.a4.v1,0.7075350557296215
Glyma.11G087500.Wm82.a4.v1,0.7074977003067814
Glyma.12G037100.Wm82.a4.v1,0.7074977003067814
Glyma.01G090002.Wm82.a4.v1,0.7074556754560863
Glyma.11G000500.Wm82.a4.v1,0.7074369977446664
Glyma.13G352900.Wm82.a4.v1,0.7074183200332463
Glyma.14G065500.Wm82.a4.v1,0.7073389397597113
Glyma.04G225000.Wm82.a4.v1,0.7073389397597113
Glyma.10G210300.Wm82.a4.v1,0.7073342703318563
Glyma.07G216900.Wm82.a4.v1,0.7073015843368712
Glyma.02G200000.Wm82.a4.v1,0.7072782371975962
Glyma.04G016800.Wm82.a4.v1,0.7072362123469011
Glyma.12G027300.Wm82.a4.v1,0.7072362123469011
Glyma.03G165500.Wm82.a4.v1,0.7072315429190461
Glyma.02G104200.Wm82.a4.v1,0.7072268734911912
Glyma.08G217900.Wm82.a4.v1,0.7072268734911912
Glyma.02G059300.Wm82.a4.v1,0.7072222040633361
Glyma.10G211400.Wm82.a4.v1,0.7072128652076262
Glyma.05G241400.Wm82.a4.v1,0.7072128652076262
Glyma.19G158800.Wm82.a4.v1,0.7072035263519161
Glyma.13G205500.Wm82.a4.v1,0.707124146078381
Glyma.08G065300.Wm82.a4.v1,0.707124146078381
Glyma.20G137100.Wm82.a4.v1,0.707119476650526
Glyma.14G094000.Wm82.a4.v1,0.707100798939106
Glyma.07G074400.Wm82.a4.v1,0.707082121227686
Glyma.18G107600.Wm82.a4.v1,0.7070634435162659
Glyma.12G020700.Wm82.a4.v1,0.7070074103820059
Glyma.06G194800.Wm82.a4.v1,0.7069747243870208
Glyma.04G116500.Wm82.a4.v1,0.7069326995363258
Glyma.08G099500.Wm82.a4.v1,0.7069093523970508
Glyma.19G091100.Wm82.a4.v1,0.7069093523970508
Glyma.08G260200.Wm82.a4.v1,0.7069000135413408
Glyma.06G309800.Wm82.a4.v1,0.7068346415513707
Glyma.13G363200.Wm82.a4.v1,0.7068299721235157
Glyma.06G007900.Wm82.a4.v1,0.7068253026956607
Glyma.16G114700.Wm82.a4.v1,0.7068159638399507
Glyma.02G106900.Wm82.a4.v1,0.7068019555563857
Glyma.19G061100.Wm82.a4.v1,0.7067926167006756
Glyma.20G141700.Wm82.a4.v1,0.7067552612778356
Glyma.06G290600.Wm82.a4.v1,0.7067412529942706
Glyma.15G203900.Wm82.a4.v1,0.7067319141385606
Glyma.09G200300.Wm82.a4.v1,0.7067319141385606
Glyma.06G258900.Wm82.a4.v1,0.7067319141385606
Glyma.03G164300.Wm82.a4.v1,0.7067132364271406
Glyma.02G116300.Wm82.a4.v1,0.7066992281435756
Glyma.08G315900.Wm82.a4.v1,0.7066992281435756
Glyma.03G076600.Wm82.a4.v1,0.7066712115764455
Glyma.U031905.Wm82.a4.v1,0.7066665421485905
Glyma.16G035100.Wm82.a4.v1,0.7066618727207356
Glyma.12G055100.Wm82.a4.v1,0.706645529723243
Glyma.11G099200.Wm82.a4.v1,0.7065591453079254
Glyma.17G136200.Wm82.a4.v1,0.7065264593129403
Glyma.02G110800.Wm82.a4.v1,0.7065171204572304
Glyma.05G219700.Wm82.a4.v1,0.7064750956065353
Glyma.13G247400.Wm82.a4.v1,0.7064750956065353
Glyma.17G143400.Wm82.a4.v1,0.7064657567508253
Glyma.12G216300.Wm82.a4.v1,0.7064237319001303
Glyma.13G361500.Wm82.a4.v1,0.7064097236165653
Glyma.05G207700.Wm82.a4.v1,0.7064050541887102
Glyma.13G335300.Wm82.a4.v1,0.7063817070494353
Glyma.14G000300.Wm82.a4.v1,0.7063373474848127
Glyma.01G181500.Wm82.a4.v1,0.7062976573480452
Glyma.04G064800.Wm82.a4.v1,0.7062929879201901
Glyma.02G229600.Wm82.a4.v1,0.7062509630694951
Glyma.04G194700.Wm82.a4.v1,0.7062229465023651
Glyma.20G208900.Wm82.a4.v1,0.706185591079525
Glyma.08G074700.Wm82.a4.v1,0.70616224394025
Glyma.03G064400.Wm82.a4.v1,0.7060828636667149
Glyma.15G157700.Wm82.a4.v1,0.7060828636667149
Glyma.02G172900.Wm82.a4.v1,0.7060501776717298
Glyma.09G238900.Wm82.a4.v1,0.7060268305324549
Glyma.10G075200.Wm82.a4.v1,0.7060034833931799
Glyma.12G027600.Wm82.a4.v1,0.7059941445374698
Glyma.05G103600.Wm82.a4.v1,0.7059334419753548
Glyma.09G188900.Wm82.a4.v1,0.7059334419753548
Glyma.17G196800.Wm82.a4.v1,0.7059287725474997
Glyma.07G204400.Wm82.a4.v1,0.7059241031196447
Glyma.02G230100.Wm82.a4.v1,0.7059241031196447
Glyma.11G039000.Wm82.a4.v1,0.7058867476968047
Glyma.06G289400.Wm82.a4.v1,0.7058727394132397
Glyma.09G265200.Wm82.a4.v1,0.7058634005575297
Glyma.02G095200.Wm82.a4.v1,0.7058493922739647
Glyma.10G043200.Wm82.a4.v1,0.7058026979954146
Glyma.04G064600.Wm82.a4.v1,0.7057886897118496
Glyma.16G115500.Wm82.a4.v1,0.7057746814282846
Glyma.13G330000.Wm82.a4.v1,0.7057513342890096
Glyma.10G201500.Wm82.a4.v1,0.7057233177218796
Glyma.12G100300.Wm82.a4.v1,0.7056579457319094
Glyma.13G284100.Wm82.a4.v1,0.7056486068761995
Glyma.15G112100.Wm82.a4.v1,0.7056392680204895
Glyma.14G048000.Wm82.a4.v1,0.7055972431697944
Glyma.03G154800.Wm82.a4.v1,0.7055925737419394
Glyma.08G326800.Wm82.a4.v1,0.7055832348862294
Glyma.04G225100.Wm82.a4.v1,0.7055365406076793
Glyma.09G226600.Wm82.a4.v1,0.7055318711798243
Glyma.10G031300.Wm82.a4.v1,0.7055272017519694
Glyma.17G169000.Wm82.a4.v1,0.7055131934684044
Glyma.12G010200.Wm82.a4.v1,0.7054898463291293
Glyma.10G282900.Wm82.a4.v1,0.7054898463291293
Glyma.10G157900.Wm82.a4.v1,0.7054851769012743
Glyma.07G004800.Wm82.a4.v1,0.7054244743391592
Glyma.13G215600.Wm82.a4.v1,0.7054174701973767
Glyma.03G005000.Wm82.a4.v1,0.7054011271998842
Glyma.03G226200.Wm82.a4.v1,0.7053824494884642
Glyma.20G195200.Wm82.a4.v1,0.7053731106327542
Glyma.20G084500.Wm82.a4.v1,0.7053637717770441
Glyma.09G186700.Wm82.a4.v1,0.7053591023491892
Glyma.19G011600.Wm82.a4.v1,0.7053544329213342
Glyma.05G123300.Wm82.a4.v1,0.7053310857820592
Glyma.01G156000.Wm82.a4.v1,0.7053264163542041
Glyma.13G281900.Wm82.a4.v1,0.7053100733567116
Glyma.09G259400.Wm82.a4.v1,0.7053077386427841
Glyma.19G016300.Wm82.a4.v1,0.7053030692149291
Glyma.15G236700.Wm82.a4.v1,0.7052843915035091
Glyma.15G121800.Wm82.a4.v1,0.7052610443642341
Glyma.06G269400.Wm82.a4.v1,0.7052610443642341
Glyma.06G139800.Wm82.a4.v1,0.7052610443642341
Glyma.16G035400.Wm82.a4.v1,0.705256374936379
Glyma.03G165100.Wm82.a4.v1,0.705200341802119
Glyma.17G228900.Wm82.a4.v1,0.705200341802119
Glyma.04G014300.Wm82.a4.v1,0.705195672374264
Glyma.06G250100.Wm82.a4.v1,0.705172325234989
Glyma.15G257100.Wm82.a4.v1,0.705120961528584
Glyma.03G109200.Wm82.a4.v1,0.7051069532450189
Glyma.04G060100.Wm82.a4.v1,0.7050836061057438
Glyma.01G021400.Wm82.a4.v1,0.7050789366778889
Glyma.20G095000.Wm82.a4.v1,0.7050042258322088
Glyma.02G213400.Wm82.a4.v1,0.7049668704093688
Glyma.12G225400.Wm82.a4.v1,0.7049388538422388
Glyma.17G154800.Wm82.a4.v1,0.7049341844143837
Glyma.15G267900.Wm82.a4.v1,0.7049341844143837
Glyma.09G233500.Wm82.a4.v1,0.7049155067029637
Glyma.08G337500.Wm82.a4.v1,0.7049155067029637
Glyma.01G158800.Wm82.a4.v1,0.7048781512801237
Glyma.05G210600.Wm82.a4.v1,0.7048641429965586
Glyma.05G031800.Wm82.a4.v1,0.7048081098622986
Glyma.12G230800.Wm82.a4.v1,0.7047894321508785
Glyma.03G182800.Wm82.a4.v1,0.7047894321508785
Glyma.19G196000.Wm82.a4.v1,0.704787097436951
Glyma.20G238700.Wm82.a4.v1,0.7047754238673135
Glyma.20G211400.Wm82.a4.v1,0.7047614155837485
Glyma.11G240400.Wm82.a4.v1,0.7046867047380685
Glyma.15G129300.Wm82.a4.v1,0.7046773658823584
Glyma.05G186500.Wm82.a4.v1,0.7046633575987934
Glyma.06G034100.Wm82.a4.v1,0.7046353410316634
Glyma.17G117600.Wm82.a4.v1,0.7046306716038084
Glyma.13G065900.Wm82.a4.v1,0.7046073244645333
Glyma.19G043901.Wm82.a4.v1,0.7046073244645333
Glyma.04G179100.Wm82.a4.v1,0.7045372830467083
Glyma.05G194000.Wm82.a4.v1,0.7045326136188533
Glyma.10G100400.Wm82.a4.v1,0.7045186053352883
Glyma.12G006600.Wm82.a4.v1,0.7044392250617532
Glyma.20G134100.Wm82.a4.v1,0.7044298862060432
Glyma.18G017300.Wm82.a4.v1,0.7044065390667682
Glyma.19G191800.Wm82.a4.v1,0.7044018696389132
Glyma.10G081700.Wm82.a4.v1,0.7043972002110581
Glyma.12G129800.Wm82.a4.v1,0.7043878613553481
Glyma.13G106800.Wm82.a4.v1,0.7043785224996382
Glyma.04G038200.Wm82.a4.v1,0.7043598447882181
Glyma.06G007400.Wm82.a4.v1,0.704327158793233
Glyma.13G295300.Wm82.a4.v1,0.7043084810818131
Glyma.13G240200.Wm82.a4.v1,0.704243109091843
Glyma.03G010900.Wm82.a4.v1,0.7042291008082779
Glyma.18G153000.Wm82.a4.v1,0.704219761952568
Glyma.08G315400.Wm82.a4.v1,0.7041777371018729
Glyma.15G002700.Wm82.a4.v1,0.7041217039676129
Glyma.04G089900.Wm82.a4.v1,0.7041076956840479
Glyma.16G058300.Wm82.a4.v1,0.7040890179726278
Glyma.18G278000.Wm82.a4.v1,0.7040890179726278
Glyma.03G136100.Wm82.a4.v1,0.7040610014054978
Glyma.13G274000.Wm82.a4.v1,0.7040189765548027
Glyma.01G060900.Wm82.a4.v1,0.7039629434205427
Glyma.13G077100.Wm82.a4.v1,0.7039442657091226
Glyma.17G120300.Wm82.a4.v1,0.7039349268534126
Glyma.20G192300.Wm82.a4.v1,0.7038882325748625
Glyma.08G242500.Wm82.a4.v1,0.7038228605848925
Glyma.04G134700.Wm82.a4.v1,0.7037995134456175
Glyma.07G249900.Wm82.a4.v1,0.7037714968784875
Glyma.17G245700.Wm82.a4.v1,0.7037294720277925
Glyma.05G119600.Wm82.a4.v1,0.7037061248885174
Glyma.16G009300.Wm82.a4.v1,0.7037014554606624
Glyma.02G157800.Wm82.a4.v1,0.7036874471770974
Glyma.14G060900.Wm82.a4.v1,0.7036734388935324
Glyma.17G084100.Wm82.a4.v1,0.7036174057592723
Glyma.15G137800.Wm82.a4.v1,0.7035613726250123
Glyma.03G157200.Wm82.a4.v1,0.7035426949135922
Glyma.04G216300.Wm82.a4.v1,0.7035426949135922
Glyma.10G270800.Wm82.a4.v1,0.7035053394907522
Glyma.13G141000.Wm82.a4.v1,0.7034212897893621
Glyma.10G184300.Wm82.a4.v1,0.7034166203615071
Glyma.19G178900.Wm82.a4.v1,0.7034026120779421
Glyma.12G155300.Wm82.a4.v1,0.703383934366522
Glyma.02G170500.Wm82.a4.v1,0.7033769302247396
Glyma.07G075500.Wm82.a4.v1,0.703360587227247
Glyma.15G069400.Wm82.a4.v1,0.703346578943682
Glyma.12G210000.Wm82.a4.v1,0.703346578943682
Glyma.13G155700.Wm82.a4.v1,0.703341909515827
Glyma.15G269600.Wm82.a4.v1,0.7032718680980019
Glyma.10G149600.Wm82.a4.v1,0.703267198670147
Glyma.08G240300.Wm82.a4.v1,0.703239182103017
Glyma.13G160300.Wm82.a4.v1,0.7032158349637418
Glyma.05G062400.Wm82.a4.v1,0.7032158349637418
Glyma.02G146600.Wm82.a4.v1,0.7031831489687569
Glyma.20G210700.Wm82.a4.v1,0.7031551324016269
Glyma.19G250800.Wm82.a4.v1,0.7031457935459168
Glyma.07G222200.Wm82.a4.v1,0.7030804215559467
Glyma.20G030300.Wm82.a4.v1,0.7030664132723817
Glyma.03G057100.Wm82.a4.v1,0.7030524049888167
Glyma.03G034000.Wm82.a4.v1,0.7030430661331067
Glyma.07G172000.Wm82.a4.v1,0.7030383967052517
Glyma.13G135400.Wm82.a4.v1,0.7030150495659767
Glyma.19G115800.Wm82.a4.v1,0.7030010412824117
Glyma.10G282000.Wm82.a4.v1,0.7030010412824117
Glyma.01G079100.Wm82.a4.v1,0.7029496775760066
Glyma.03G179500.Wm82.a4.v1,0.7029123221531666
Glyma.03G251800.Wm82.a4.v1,0.7029076527253115
Glyma.18G062000.Wm82.a4.v1,0.7028936444417465
Glyma.11G240300.Wm82.a4.v1,0.7028796361581815
Glyma.15G256700.Wm82.a4.v1,0.7028562890189065
Glyma.09G168500.Wm82.a4.v1,0.7028422807353415
Glyma.16G088700.Wm82.a4.v1,0.7028422807353415
Glyma.02G061000.Wm82.a4.v1,0.7028282724517765
Glyma.03G074400.Wm82.a4.v1,0.7028095947403564
Glyma.17G148400.Wm82.a4.v1,0.7027862476010814
Glyma.03G182400.Wm82.a4.v1,0.7027582310339514
Glyma.18G032100.Wm82.a4.v1,0.7027582310339514
Glyma.17G137100.Wm82.a4.v1,0.7027488921782414
Glyma.06G121500.Wm82.a4.v1,0.7027488921782414
Glyma.05G115200.Wm82.a4.v1,0.7027162061832564
Glyma.11G026700.Wm82.a4.v1,0.7027162061832564
Glyma.04G024500.Wm82.a4.v1,0.7027115367554013
Glyma.02G061700.Wm82.a4.v1,0.7027068673275464
Glyma.19G147500.Wm82.a4.v1,0.7027021978996913
Glyma.19G175900.Wm82.a4.v1,0.7027021978996913
Glyma.11G252700.Wm82.a4.v1,0.7026835201882713
Glyma.19G004500.Wm82.a4.v1,0.7026274870540112
Glyma.18G045100.Wm82.a4.v1,0.7025994704868812
Glyma.02G025900.Wm82.a4.v1,0.7025901316311712
Glyma.10G166800.Wm82.a4.v1,0.7025434373526211
Glyma.08G334100.Wm82.a4.v1,0.7025387679247662
Glyma.02G014000.Wm82.a4.v1,0.7025387679247662
Glyma.08G323700.Wm82.a4.v1,0.7025107513576362
Glyma.07G122500.Wm82.a4.v1,0.7025107513576362
Glyma.04G008100.Wm82.a4.v1,0.7024874042183611
Glyma.02G089100.Wm82.a4.v1,0.7023986850891161
Glyma.08G318300.Wm82.a4.v1,0.702365999094131
Glyma.13G140700.Wm82.a4.v1,0.7023193048155809
Glyma.10G265400.Wm82.a4.v1,0.7022912882484509
Glyma.16G000500.Wm82.a4.v1,0.7022772799648859
Glyma.17G211100.Wm82.a4.v1,0.7022399245420459
Glyma.20G044200.Wm82.a4.v1,0.7022305856863359
Glyma.16G045900.Wm82.a4.v1,0.7022259162584809
Glyma.13G061700.Wm82.a4.v1,0.7022072385470608
Glyma.11G213200.Wm82.a4.v1,0.7022072385470608
Glyma.18G204200.Wm82.a4.v1,0.7021885608356409
Glyma.01G166400.Wm82.a4.v1,0.7021838914077858
Glyma.10G255400.Wm82.a4.v1,0.7021792219799308
Glyma.13G159900.Wm82.a4.v1,0.7021745525520758
Glyma.19G102500.Wm82.a4.v1,0.7021605442685108
Glyma.07G224600.Wm82.a4.v1,0.7021325277013808
Glyma.07G195400.Wm82.a4.v1,0.7021325277013808
Glyma.09G115100.Wm82.a4.v1,0.7020998417063957
Glyma.06G033500.Wm82.a4.v1,0.7020951722785407
Glyma.18G272500.Wm82.a4.v1,0.7020858334228307
Glyma.13G337700.Wm82.a4.v1,0.7020624862835557
Glyma.17G052200.Wm82.a4.v1,0.7020578168557007
Glyma.03G000100.Wm82.a4.v1,0.7020111225771506
Glyma.17G158200.Wm82.a4.v1,0.7019924448657306
Glyma.08G133400.Wm82.a4.v1,0.7019644282986006
Glyma.02G129800.Wm82.a4.v1,0.7019410811593255
Glyma.04G198600.Wm82.a4.v1,0.7019317423036155
Glyma.20G165600.Wm82.a4.v1,0.7019037257364855
Glyma.11G141200.Wm82.a4.v1,0.7018617008857905
Glyma.19G050600.Wm82.a4.v1,0.7018523620300805
Glyma.09G082000.Wm82.a4.v1,0.7018476926022255
Glyma.15G090400.Wm82.a4.v1,0.7018430231743704
Glyma.12G000500.Wm82.a4.v1,0.7018430231743704
Glyma.15G099800.Wm82.a4.v1,0.7017683123286904
Glyma.01G053800.Wm82.a4.v1,0.7017683123286904
Glyma.19G014100.Wm82.a4.v1,0.7017589734729803
Glyma.20G051100.Wm82.a4.v1,0.7017309569058503
Glyma.07G034700.Wm82.a4.v1,0.7017029403387203
Glyma.19G113000.Wm82.a4.v1,0.7016936014830103
Glyma.12G014000.Wm82.a4.v1,0.7016889320551553
Glyma.12G207000.Wm82.a4.v1,0.7016889320551553
Glyma.02G145100.Wm82.a4.v1,0.7016749237715902
Glyma.19G069200.Wm82.a4.v1,0.7016422377766053
Glyma.11G033000.Wm82.a4.v1,0.7016328989208952
Glyma.08G104200.Wm82.a4.v1,0.7016188906373302
Glyma.06G196300.Wm82.a4.v1,0.7015768657866351
Glyma.07G072100.Wm82.a4.v1,0.7015628575030701
Glyma.16G128200.Wm82.a4.v1,0.7015255020802301
Glyma.11G103300.Wm82.a4.v1,0.7014974855131001
Glyma.20G143200.Wm82.a4.v1,0.701436782950985
Glyma.06G128000.Wm82.a4.v1,0.701408766383855
Glyma.08G317400.Wm82.a4.v1,0.70135740267745
Glyma.13G133800.Wm82.a4.v1,0.70134806382174
Glyma.12G054767.Wm82.a4.v1,0.7013433943938849
Glyma.05G108800.Wm82.a4.v1,0.7013107083988999
Glyma.06G062100.Wm82.a4.v1,0.7012686835482048
Glyma.18G160500.Wm82.a4.v1,0.7012593446924948
Glyma.17G102400.Wm82.a4.v1,0.7012359975532199
Glyma.15G251900.Wm82.a4.v1,0.7012219892696548
Glyma.09G170700.Wm82.a4.v1,0.7012126504139448
Glyma.19G234500.Wm82.a4.v1,0.7012126504139448
Glyma.20G187800.Wm82.a4.v1,0.7011986421303797
Glyma.14G084300.Wm82.a4.v1,0.7011566172796847
Glyma.14G127600.Wm82.a4.v1,0.7011426089961197
Glyma.12G213300.Wm82.a4.v1,0.7011379395682646
Glyma.05G235500.Wm82.a4.v1,0.7011145924289897
Glyma.08G124600.Wm82.a4.v1,0.7011005841454246
Glyma.13G219900.Wm82.a4.v1,0.7010492204390196
Glyma.11G078200.Wm82.a4.v1,0.7010305427275996
Glyma.04G100100.Wm82.a4.v1,0.7009978567326145
Glyma.20G166500.Wm82.a4.v1,0.7009511624540645
Glyma.19G068800.Wm82.a4.v1,0.7009464930262095
Glyma.10G262400.Wm82.a4.v1,0.7009091376033695
Glyma.12G114000.Wm82.a4.v1,0.7008717821805294
Glyma.13G297200.Wm82.a4.v1,0.7008577738969644
Glyma.10G086700.Wm82.a4.v1,0.7008531044691094
Glyma.03G253300.Wm82.a4.v1,0.7008250879019794
Glyma.05G119400.Wm82.a4.v1,0.7007643853398643
Glyma.07G048400.Wm82.a4.v1,0.7007036827777492
Glyma.02G073100.Wm82.a4.v1,0.7006476496434891
Glyma.20G167300.Wm82.a4.v1,0.7006429802156342
Glyma.13G126900.Wm82.a4.v1,0.7006009553649392
Glyma.17G251000.Wm82.a4.v1,0.7005916165092291
Glyma.19G188300.Wm82.a4.v1,0.7005916165092291
Glyma.04G210100.Wm82.a4.v1,0.7005869470813741
Glyma.09G071800.Wm82.a4.v1,0.7005822776535191
Glyma.08G362900.Wm82.a4.v1,0.7005776082256641
Glyma.12G147400.Wm82.a4.v1,0.7005542610863891
Glyma.07G264300.Wm82.a4.v1,0.7005449222306791
Glyma.19G143900.Wm82.a4.v1,0.700484219668564
Glyma.12G080300.Wm82.a4.v1,0.700474880812854
Glyma.08G194500.Wm82.a4.v1,0.700470211384999
Glyma.08G224500.Wm82.a4.v1,0.700470211384999
Glyma.11G145600.Wm82.a4.v1,0.700470211384999
Glyma.11G194700.Wm82.a4.v1,0.700432855962159
Glyma.09G213500.Wm82.a4.v1,0.7004235171064489
Glyma.03G257700.Wm82.a4.v1,0.7004141782507389
Glyma.02G022200.Wm82.a4.v1,0.7003581451164789
Glyma.01G230900.Wm82.a4.v1,0.7003581451164789
Glyma.06G124600.Wm82.a4.v1,0.7003114508379288
Glyma.16G027100.Wm82.a4.v1,0.7002974425543638
Glyma.20G171300.Wm82.a4.v1,0.7002694259872337
Glyma.14G147200.Wm82.a4.v1,0.7002227317086838
Glyma.14G192900.Wm82.a4.v1,0.7002133928529737
Glyma.06G108600.Wm82.a4.v1,0.7002133928529737
Glyma.18G297700.Wm82.a4.v1,0.7001853762858437
Glyma.18G058900.Wm82.a4.v1,0.7001620291465687
Glyma.09G230400.Wm82.a4.v1,0.7001293431515836
Glyma.20G128700.Wm82.a4.v1,0.7000452934501935
Glyma.06G138900.Wm82.a4.v1,0.6999752520323684
Glyma.11G013200.Wm82.a4.v1,0.6999612437488034
Glyma.08G119700.Wm82.a4.v1,0.6999425660373835
Glyma.08G149500.Wm82.a4.v1,0.6999378966095284
Glyma.12G036000.Wm82.a4.v1,0.6999192188981084
Glyma.11G080500.Wm82.a4.v1,0.6999192188981084
Glyma.13G144300.Wm82.a4.v1,0.6998958717588334
Glyma.16G053800.Wm82.a4.v1,0.6998771940474133
Glyma.04G045000.Wm82.a4.v1,0.6998585163359934
Glyma.20G158300.Wm82.a4.v1,0.6998258303410083
Glyma.13G130700.Wm82.a4.v1,0.6998258303410083
Glyma.09G206500.Wm82.a4.v1,0.6997744666346033
Glyma.05G196700.Wm82.a4.v1,0.6997697972067483
Glyma.10G236100.Wm82.a4.v1,0.6997417806396182
Glyma.19G125000.Wm82.a4.v1,0.6997137640724882
Glyma.01G170400.Wm82.a4.v1,0.6996950863610681
Glyma.06G213100.Wm82.a4.v1,0.6996904169332132
Glyma.18G072200.Wm82.a4.v1,0.6996904169332132
Glyma.07G265300.Wm82.a4.v1,0.6996810780775031
Glyma.06G029300.Wm82.a4.v1,0.6996577309382281
Glyma.09G120600.Wm82.a4.v1,0.6996483920825182
Glyma.11G101600.Wm82.a4.v1,0.699611036659678
Glyma.19G224100.Wm82.a4.v1,0.6996040325178956
Glyma.09G164700.Wm82.a4.v1,0.699597028376113
Glyma.05G080100.Wm82.a4.v1,0.6995876895204031
Glyma.13G119100.Wm82.a4.v1,0.6995503340975631
Glyma.17G139200.Wm82.a4.v1,0.699517648102578
Glyma.06G109600.Wm82.a4.v1,0.699512978674723
Glyma.02G144400.Wm82.a4.v1,0.6994989703911579
Glyma.15G006800.Wm82.a4.v1,0.6994849621075929
Glyma.17G209600.Wm82.a4.v1,0.6994849621075929
Glyma.13G179400.Wm82.a4.v1,0.6994289289733329
Glyma.02G309900.Wm82.a4.v1,0.6994289289733329
Glyma.03G082900.Wm82.a4.v1,0.6994242595454779
Glyma.13G049100.Wm82.a4.v1,0.6993962429783479
Glyma.19G124100.Wm82.a4.v1,0.6993728958390728
Glyma.04G151500.Wm82.a4.v1,0.6993728958390728
Glyma.15G073200.Wm82.a4.v1,0.6993635569833628
Glyma.19G164500.Wm82.a4.v1,0.6993635569833628
Glyma.04G213000.Wm82.a4.v1,0.6992935155655378
Glyma.06G313400.Wm82.a4.v1,0.6991627715855976
Glyma.11G004900.Wm82.a4.v1,0.6991534327298876
Glyma.13G236800.Wm82.a4.v1,0.6991300855906126
Glyma.14G112600.Wm82.a4.v1,0.6991020690234826
Glyma.07G270200.Wm82.a4.v1,0.6990880607399176
Glyma.12G193500.Wm82.a4.v1,0.69904837060315
Glyma.13G091500.Wm82.a4.v1,0.6990366970335125
Glyma.12G193800.Wm82.a4.v1,0.6989666556156874
Glyma.17G109600.Wm82.a4.v1,0.6989619861878325
Glyma.01G191100.Wm82.a4.v1,0.6989479779042674
Glyma.18G242900.Wm82.a4.v1,0.6989339696207024
Glyma.01G119400.Wm82.a4.v1,0.6989293001928474
Glyma.19G068600.Wm82.a4.v1,0.6989199613371374
Glyma.01G150400.Wm82.a4.v1,0.6988826059142973
Glyma.05G058000.Wm82.a4.v1,0.6988685976307323
Glyma.08G180700.Wm82.a4.v1,0.6988265727800372
Glyma.11G162365.Wm82.a4.v1,0.6988078950686173
Glyma.07G206300.Wm82.a4.v1,0.6987798785014873
Glyma.07G031400.Wm82.a4.v1,0.6987752090736322
Glyma.18G201600.Wm82.a4.v1,0.6987331842229372
Glyma.15G122400.Wm82.a4.v1,0.6987331842229372
Glyma.06G324500.Wm82.a4.v1,0.6987098370836622
Glyma.06G320200.Wm82.a4.v1,0.6987051676558071
Glyma.07G185000.Wm82.a4.v1,0.6986678122329671
Glyma.16G156100.Wm82.a4.v1,0.6986584733772571
Glyma.10G213400.Wm82.a4.v1,0.6986584733772571
Glyma.10G097900.Wm82.a4.v1,0.6986538039494021
Glyma.10G023400.Wm82.a4.v1,0.6986117790987071
Glyma.08G269700.Wm82.a4.v1,0.698569754248012
Glyma.06G087700.Wm82.a4.v1,0.6985464071087369
Glyma.08G344800.Wm82.a4.v1,0.698541737680882
Glyma.08G221200.Wm82.a4.v1,0.6985090516858969
Glyma.20G153900.Wm82.a4.v1,0.6984950434023319
Glyma.13G105900.Wm82.a4.v1,0.6984016548452319
Glyma.06G276800.Wm82.a4.v1,0.6983549605666818
Glyma.05G211000.Wm82.a4.v1,0.6983456217109718
Glyma.08G027100.Wm82.a4.v1,0.6982895885767118
Glyma.14G197800.Wm82.a4.v1,0.6982755802931467
Glyma.15G195100.Wm82.a4.v1,0.6982382248703066
Glyma.18G009700.Wm82.a4.v1,0.6982382248703066
Glyma.08G055900.Wm82.a4.v1,0.6981915305917565
Glyma.13G009500.Wm82.a4.v1,0.6981728528803366
Glyma.04G256600.Wm82.a4.v1,0.6981728528803366
Glyma.20G072400.Wm82.a4.v1,0.6980934726068014
Glyma.05G068500.Wm82.a4.v1,0.6980421089003964
Glyma.06G256300.Wm82.a4.v1,0.6980374394725414
Glyma.19G126500.Wm82.a4.v1,0.6980234311889764
Glyma.06G001300.Wm82.a4.v1,0.6979720674825713
Glyma.19G242900.Wm82.a4.v1,0.6979673980547163
Glyma.14G051200.Wm82.a4.v1,0.6979673980547163
Glyma.11G071000.Wm82.a4.v1,0.6979300426318763
Glyma.12G134300.Wm82.a4.v1,0.6979253732040213
Glyma.16G066000.Wm82.a4.v1,0.6978366540747762
Glyma.01G156600.Wm82.a4.v1,0.6977199183784011
Glyma.08G085500.Wm82.a4.v1,0.6977059100948361
Glyma.11G089800.Wm82.a4.v1,0.697654546388431
Glyma.06G022100.Wm82.a4.v1,0.697635868677011
Glyma.01G186400.Wm82.a4.v1,0.697631199249156
Glyma.14G087600.Wm82.a4.v1,0.697631199249156
Glyma.17G143800.Wm82.a4.v1,0.697612521537736
Glyma.15G265400.Wm82.a4.v1,0.697598513254171
Glyma.08G044100.Wm82.a4.v1,0.6975751661148959
Glyma.02G146000.Wm82.a4.v1,0.6975658272591859
Glyma.09G018400.Wm82.a4.v1,0.6975518189756209
Glyma.02G140100.Wm82.a4.v1,0.6975424801199109
Glyma.07G002500.Wm82.a4.v1,0.6975191329806358
Glyma.07G181000.Wm82.a4.v1,0.6975144635527809
Glyma.08G111900.Wm82.a4.v1,0.6974490915628108
Glyma.19G097300.Wm82.a4.v1,0.6974490915628108
Glyma.05G054600.Wm82.a4.v1,0.6974023972842608
Glyma.10G190000.Wm82.a4.v1,0.6973837195728407
Glyma.09G179500.Wm82.a4.v1,0.6973697112892757
Glyma.19G233500.Wm82.a4.v1,0.6973510335778557
Glyma.05G175600.Wm82.a4.v1,0.6972809921600306
Glyma.02G220800.Wm82.a4.v1,0.6972763227321757
Glyma.18G039000.Wm82.a4.v1,0.6972506408789731
Glyma.15G183400.Wm82.a4.v1,0.6972016118864955
Glyma.14G103000.Wm82.a4.v1,0.697175930033293
Glyma.05G138600.Wm82.a4.v1,0.6971689258915105
Glyma.03G005600.Wm82.a4.v1,0.6971689258915105
Glyma.10G286200.Wm82.a4.v1,0.6971642564636555
Glyma.18G299100.Wm82.a4.v1,0.6971595870358005
Glyma.11G079000.Wm82.a4.v1,0.6971455787522355
Glyma.11G031800.Wm82.a4.v1,0.6970988844736854
Glyma.15G058400.Wm82.a4.v1,0.6970661984787004
Glyma.05G063900.Wm82.a4.v1,0.6970381819115704
Glyma.10G023000.Wm82.a4.v1,0.6970008264887303
Glyma.11G060600.Wm82.a4.v1,0.6969914876330203
Glyma.10G293800.Wm82.a4.v1,0.6969681404937453
Glyma.04G169500.Wm82.a4.v1,0.6969634710658903
Glyma.05G196900.Wm82.a4.v1,0.6969588016380353
Glyma.01G175600.Wm82.a4.v1,0.6969447933544702
Glyma.10G131700.Wm82.a4.v1,0.6969027685037752
Glyma.02G062800.Wm82.a4.v1,0.6968934296480652
Glyma.03G102900.Wm82.a4.v1,0.6968187188023851
Glyma.03G165400.Wm82.a4.v1,0.6967860328074001
Glyma.11G189400.Wm82.a4.v1,0.6967580162402701
Glyma.09G171000.Wm82.a4.v1,0.6966926442503
Glyma.04G196900.Wm82.a4.v1,0.69667396653888
Glyma.14G187700.Wm82.a4.v1,0.696641280543895
Glyma.06G083700.Wm82.a4.v1,0.6966226028324749
Glyma.12G222500.Wm82.a4.v1,0.6966132639767649
Glyma.09G178000.Wm82.a4.v1,0.6965899168374899
Glyma.03G204000.Wm82.a4.v1,0.6965712391260699
Glyma.03G209900.Wm82.a4.v1,0.6965619002703599
Glyma.02G113900.Wm82.a4.v1,0.6965058671360999
Glyma.15G224400.Wm82.a4.v1,0.6964778505689698
Glyma.02G219000.Wm82.a4.v1,0.6964451645739848
Glyma.13G174000.Wm82.a4.v1,0.6964451645739848
Glyma.17G225700.Wm82.a4.v1,0.6963751231561597
Glyma.11G122200.Wm82.a4.v1,0.6963704537283046
Glyma.05G219800.Wm82.a4.v1,0.6963284288776096
Glyma.01G124500.Wm82.a4.v1,0.6963190900218996
Glyma.10G284200.Wm82.a4.v1,0.6963097511661896
Glyma.19G149400.Wm82.a4.v1,0.6963050817383346
Glyma.15G048900.Wm82.a4.v1,0.6963004123104796
Glyma.02G196800.Wm82.a4.v1,0.6962537180319296
Glyma.03G213700.Wm82.a4.v1,0.6962490486040745
Glyma.12G238000.Wm82.a4.v1,0.6962350403205095
Glyma.08G026800.Wm82.a4.v1,0.6961883460419594
Glyma.17G239500.Wm82.a4.v1,0.6961743377583944
Glyma.02G276800.Wm82.a4.v1,0.6961369823355544
Glyma.13G180400.Wm82.a4.v1,0.6961136351962794
Glyma.19G146000.Wm82.a4.v1,0.6960809492012944
Glyma.10G255500.Wm82.a4.v1,0.6960762797734393
Glyma.02G294600.Wm82.a4.v1,0.6960576020620194
Glyma.13G051900.Wm82.a4.v1,0.6960576020620194
Glyma.19G219200.Wm82.a4.v1,0.6960389243505993
Glyma.06G158300.Wm82.a4.v1,0.6960202466391793
Glyma.01G047100.Wm82.a4.v1,0.6959688829327743
Glyma.13G292200.Wm82.a4.v1,0.6959455357934993
Glyma.11G105900.Wm82.a4.v1,0.6959361969377892
Glyma.06G155300.Wm82.a4.v1,0.6959128497985142
Glyma.02G145500.Wm82.a4.v1,0.6958708249478192
Glyma.03G220600.Wm82.a4.v1,0.6958381389528341
Glyma.12G043400.Wm82.a4.v1,0.6958194612414141
Glyma.12G044100.Wm82.a4.v1,0.695796114102139
Glyma.17G142600.Wm82.a4.v1,0.695772766962864
Glyma.15G104200.Wm82.a4.v1,0.6957494198235891
Glyma.19G144200.Wm82.a4.v1,0.695716733828604
Glyma.11G009000.Wm82.a4.v1,0.695707394972894
Glyma.08G014500.Wm82.a4.v1,0.695702725545039
Glyma.17G137700.Wm82.a4.v1,0.695688717261474
Glyma.18G013200.Wm82.a4.v1,0.695665370122199
Glyma.13G216100.Wm82.a4.v1,0.6956560312664889
Glyma.08G156200.Wm82.a4.v1,0.6956233452715039
Glyma.15G076900.Wm82.a4.v1,0.6956186758436489
Glyma.03G020700.Wm82.a4.v1,0.6956140064157939
Glyma.20G047800.Wm82.a4.v1,0.6956140064157939
Glyma.03G034900.Wm82.a4.v1,0.6955859898486638
Glyma.07G233400.Wm82.a4.v1,0.6955813204208089
Glyma.04G045600.Wm82.a4.v1,0.6955719815650988
Glyma.11G103800.Wm82.a4.v1,0.6955673121372439
Glyma.11G147944.Wm82.a4.v1,0.6955579732815338
Glyma.08G040300.Wm82.a4.v1,0.6955533038536789
Glyma.17G089700.Wm82.a4.v1,0.6954972707194188
Glyma.12G071100.Wm82.a4.v1,0.6954926012915638
Glyma.16G203200.Wm82.a4.v1,0.6954832624358538
Glyma.07G086400.Wm82.a4.v1,0.6954599152965787
Glyma.18G001100.Wm82.a4.v1,0.6954459070130137
Glyma.07G139200.Wm82.a4.v1,0.6954132210180287
Glyma.18G076300.Wm82.a4.v1,0.6954038821623186
Glyma.17G097800.Wm82.a4.v1,0.6953711961673337
Glyma.13G320900.Wm82.a4.v1,0.6953431796002036
Glyma.03G142900.Wm82.a4.v1,0.6953431796002036
Glyma.01G203300.Wm82.a4.v1,0.6953198324609285
Glyma.02G202300.Wm82.a4.v1,0.6953151630330735
Glyma.03G066600.Wm82.a4.v1,0.6953151630330735
Glyma.06G188800.Wm82.a4.v1,0.6952824770380885
Glyma.06G109500.Wm82.a4.v1,0.6952824770380885
Glyma.20G162600.Wm82.a4.v1,0.6952824770380885
Glyma.05G132200.Wm82.a4.v1,0.6952637993266685
Glyma.08G032000.Wm82.a4.v1,0.6952637993266685
Glyma.10G139600.Wm82.a4.v1,0.6952451216152484
Glyma.01G166600.Wm82.a4.v1,0.6952357827595385
Glyma.06G160800.Wm82.a4.v1,0.6952311133316834
Glyma.13G124800.Wm82.a4.v1,0.6952311133316834
Glyma.18G128600.Wm82.a4.v1,0.6952264439038285
Glyma.05G191400.Wm82.a4.v1,0.6952217744759734
Glyma.16G181700.Wm82.a4.v1,0.6951937579088434
Glyma.03G158766.Wm82.a4.v1,0.6951330553467283
Glyma.06G063300.Wm82.a4.v1,0.6950956999238883
Glyma.03G203900.Wm82.a4.v1,0.6950863610681783
Glyma.12G005900.Wm82.a4.v1,0.6950676833567583
Glyma.05G235400.Wm82.a4.v1,0.6950443362174833
Glyma.12G234000.Wm82.a4.v1,0.6950256585060632
Glyma.06G127800.Wm82.a4.v1,0.6950163196503533
Glyma.13G156900.Wm82.a4.v1,0.6950023113667883
Glyma.05G130300.Wm82.a4.v1,0.6949999766528607
Glyma.06G254200.Wm82.a4.v1,0.6949789642275132
Glyma.02G081800.Wm82.a4.v1,0.6949556170882382
Glyma.06G270200.Wm82.a4.v1,0.6949556170882382
Glyma.08G028400.Wm82.a4.v1,0.6949089228096881
Glyma.10G161000.Wm82.a4.v1,0.6948622285311381
Glyma.13G134600.Wm82.a4.v1,0.6948575591032831
Glyma.06G219800.Wm82.a4.v1,0.6948342119640081
Glyma.04G096300.Wm82.a4.v1,0.6948342119640081
Glyma.03G027400.Wm82.a4.v1,0.694829542536153
Glyma.08G364000.Wm82.a4.v1,0.694829542536153
Glyma.11G047300.Wm82.a4.v1,0.6948131995386605
Glyma.12G185400.Wm82.a4.v1,0.694810864824733
Glyma.13G328600.Wm82.a4.v1,0.694787517685458
Glyma.05G164100.Wm82.a4.v1,0.694750162262618
Glyma.13G252700.Wm82.a4.v1,0.6947268151233429
Glyma.17G023400.Wm82.a4.v1,0.694722145695488
Glyma.11G054100.Wm82.a4.v1,0.6946707819890828
Glyma.07G169500.Wm82.a4.v1,0.6946054099991128
Glyma.19G209400.Wm82.a4.v1,0.6945820628598378
Glyma.12G060600.Wm82.a4.v1,0.6945493768648527
Glyma.17G026800.Wm82.a4.v1,0.6944980131584477
Glyma.09G098800.Wm82.a4.v1,0.6944933437305927
Glyma.10G023300.Wm82.a4.v1,0.6944933437305927
Glyma.02G138900.Wm82.a4.v1,0.6943999551734926
Glyma.16G035000.Wm82.a4.v1,0.6943952857456376
Glyma.04G253000.Wm82.a4.v1,0.6943672691785076
Glyma.12G178300.Wm82.a4.v1,0.6943625997506525
Glyma.15G106100.Wm82.a4.v1,0.6943065666163925
Glyma.U032005.Wm82.a4.v1,0.6942972277606825
Glyma.05G111800.Wm82.a4.v1,0.6942832194771175
Glyma.19G129200.Wm82.a4.v1,0.6942785500492624
Glyma.20G161700.Wm82.a4.v1,0.6942738806214075
Glyma.14G100200.Wm82.a4.v1,0.6942692111935524
Glyma.01G244500.Wm82.a4.v1,0.6942505334821324
Glyma.20G066600.Wm82.a4.v1,0.6942225169150024
Glyma.18G296700.Wm82.a4.v1,0.6942225169150024
Glyma.08G251300.Wm82.a4.v1,0.6941571449250323
Glyma.19G164400.Wm82.a4.v1,0.6941291283579023
Glyma.10G057800.Wm82.a4.v1,0.6941291283579023
Glyma.05G238500.Wm82.a4.v1,0.6940824340793522
Glyma.20G074700.Wm82.a4.v1,0.6940730952236422
Glyma.02G236600.Wm82.a4.v1,0.6939797066665422
Glyma.06G126300.Wm82.a4.v1,0.6939797066665422
Glyma.02G075100.Wm82.a4.v1,0.6939703678108321
Glyma.12G134500.Wm82.a4.v1,0.6939610289551221
Glyma.12G030100.Wm82.a4.v1,0.6939516900994122
Glyma.15G130300.Wm82.a4.v1,0.6939236735322821
Glyma.02G274600.Wm82.a4.v1,0.6938956569651521
Glyma.09G018000.Wm82.a4.v1,0.6938956569651521
Glyma.12G191900.Wm82.a4.v1,0.6938676403980221
Glyma.20G027500.Wm82.a4.v1,0.6938676403980221
Glyma.16G079900.Wm82.a4.v1,0.693853632114457
Glyma.04G042700.Wm82.a4.v1,0.693825615547327
Glyma.01G096300.Wm82.a4.v1,0.693755574129502
Glyma.11G126400.Wm82.a4.v1,0.693755574129502
Glyma.01G157800.Wm82.a4.v1,0.6937509047016469
Glyma.02G078500.Wm82.a4.v1,0.6937462352737919
Glyma.13G308500.Wm82.a4.v1,0.6937415658459369
Glyma.05G015100.Wm82.a4.v1,0.6937275575623719
Glyma.01G073400.Wm82.a4.v1,0.6936831979977494
Glyma.03G106500.Wm82.a4.v1,0.6936808632838218
Glyma.20G059100.Wm82.a4.v1,0.6936761938559668
Glyma.15G126800.Wm82.a4.v1,0.6936528467166918
Glyma.14G087100.Wm82.a4.v1,0.6936481772888368
Glyma.09G030100.Wm82.a4.v1,0.6936388384331268
Glyma.06G108500.Wm82.a4.v1,0.6936341690052718
Glyma.03G217400.Wm82.a4.v1,0.6936201607217067
Glyma.03G024000.Wm82.a4.v1,0.6936154912938518
Glyma.06G016200.Wm82.a4.v1,0.6936108218659968
Glyma.20G178100.Wm82.a4.v1,0.6936014830102868
Glyma.20G028300.Wm82.a4.v1,0.6935734664431568
Glyma.08G178100.Wm82.a4.v1,0.6935687970153017
Glyma.08G045500.Wm82.a4.v1,0.6934894167417667
Glyma.05G241500.Wm82.a4.v1,0.6934333836075066
Glyma.18G111200.Wm82.a4.v1,0.6933633421896815
Glyma.01G145300.Wm82.a4.v1,0.6933493339061165
Glyma.18G064900.Wm82.a4.v1,0.6933493339061165
Glyma.07G060100.Wm82.a4.v1,0.6933353256225515
Glyma.15G195000.Wm82.a4.v1,0.6933259867668414
Glyma.01G077200.Wm82.a4.v1,0.6932886313440014
Glyma.13G046000.Wm82.a4.v1,0.6932419370654513
Glyma.18G035700.Wm82.a4.v1,0.6932372676375964
Glyma.12G016300.Wm82.a4.v1,0.6932325982097414
Glyma.01G000322.Wm82.a4.v1,0.6931859039311913
Glyma.01G043800.Wm82.a4.v1,0.6931859039311913
Glyma.06G172900.Wm82.a4.v1,0.6931625567919163
Glyma.17G131000.Wm82.a4.v1,0.6931485485083513
Glyma.10G002100.Wm82.a4.v1,0.6931415443665687
Glyma.09G197700.Wm82.a4.v1,0.6930598293791062
Glyma.15G249000.Wm82.a4.v1,0.6929991268169912
Glyma.08G214400.Wm82.a4.v1,0.6929664408220061
Glyma.02G248300.Wm82.a4.v1,0.692961771394151
Glyma.11G241800.Wm82.a4.v1,0.692961771394151
Glyma.05G131100.Wm82.a4.v1,0.6929384242548761
Glyma.12G065600.Wm82.a4.v1,0.692933754827021
Glyma.07G224000.Wm82.a4.v1,0.6929290853991661
Glyma.17G023600.Wm82.a4.v1,0.692873052264906
Glyma.17G150200.Wm82.a4.v1,0.692873052264906
Glyma.10G120900.Wm82.a4.v1,0.6928497051256309
Glyma.15G075100.Wm82.a4.v1,0.692840366269921
Glyma.19G108300.Wm82.a4.v1,0.692840366269921
Glyma.07G122900.Wm82.a4.v1,0.6928356968420659
Glyma.08G296700.Wm82.a4.v1,0.6927843331356609
Glyma.12G219800.Wm82.a4.v1,0.6927703248520959
Glyma.20G230600.Wm82.a4.v1,0.6927703248520959
Glyma.09G007100.Wm82.a4.v1,0.6926395808721557
Glyma.14G126800.Wm82.a4.v1,0.6926115643050257
Glyma.04G033600.Wm82.a4.v1,0.6926022254493157
Glyma.06G061600.Wm82.a4.v1,0.6926022254493157
Glyma.20G109000.Wm82.a4.v1,0.6925788783100407
Glyma.03G019600.Wm82.a4.v1,0.6925742088821857
Glyma.12G198800.Wm82.a4.v1,0.6925695394543306
Glyma.17G069202.Wm82.a4.v1,0.6925321840314906
Glyma.05G162300.Wm82.a4.v1,0.6925275146036356
Glyma.12G043200.Wm82.a4.v1,0.6924761508972306
Glyma.15G066900.Wm82.a4.v1,0.6924154483351155
Glyma.15G072000.Wm82.a4.v1,0.6924061094794055
Glyma.13G162400.Wm82.a4.v1,0.6923967706236954
Glyma.07G248800.Wm82.a4.v1,0.6923780929122755
Glyma.19G191000.Wm82.a4.v1,0.6923127209223053
Glyma.09G277400.Wm82.a4.v1,0.6923033820665954
Glyma.12G132500.Wm82.a4.v1,0.6922613572159003
Glyma.11G001800.Wm82.a4.v1,0.6922146629373502
Glyma.10G043600.Wm82.a4.v1,0.6922146629373502
Glyma.07G073300.Wm82.a4.v1,0.6922099935094953
Glyma.20G116300.Wm82.a4.v1,0.6921586298030902
Glyma.06G315000.Wm82.a4.v1,0.6921212743802502
Glyma.17G176200.Wm82.a4.v1,0.6921166049523951
Glyma.15G143900.Wm82.a4.v1,0.6921025966688301
Glyma.18G166400.Wm82.a4.v1,0.6920932578131201
Glyma.01G206200.Wm82.a4.v1,0.692032555251005
Glyma.06G108900.Wm82.a4.v1,0.691967183261035
Glyma.10G087500.Wm82.a4.v1,0.6919204889824849
Glyma.16G167200.Wm82.a4.v1,0.6918504475646599
Glyma.05G201100.Wm82.a4.v1,0.6918457781368049
Glyma.16G076700.Wm82.a4.v1,0.6918364392810948
Glyma.06G150000.Wm82.a4.v1,0.6918317698532399
Glyma.10G017500.Wm82.a4.v1,0.6918130921418199
Glyma.02G206500.Wm82.a4.v1,0.6918084227139648
Glyma.10G099200.Wm82.a4.v1,0.6917850755746898
Glyma.14G209800.Wm82.a4.v1,0.6917757367189799
Glyma.11G127900.Wm82.a4.v1,0.6917663978632698
Glyma.11G164500.Wm82.a4.v1,0.6917663978632698
Glyma.15G164700.Wm82.a4.v1,0.6917523895797048
Glyma.09G274500.Wm82.a4.v1,0.6917150341568647
Glyma.18G014100.Wm82.a4.v1,0.6917056953011548
Glyma.02G085400.Wm82.a4.v1,0.6916963564454447
Glyma.11G217400.Wm82.a4.v1,0.6916636704504597
Glyma.18G090300.Wm82.a4.v1,0.6916449927390397
Glyma.03G155000.Wm82.a4.v1,0.6916169761719096
Glyma.13G354900.Wm82.a4.v1,0.6915936290326347
Glyma.01G150800.Wm82.a4.v1,0.6915142487590995
Glyma.09G034400.Wm82.a4.v1,0.6914979057616071
Glyma.16G058200.Wm82.a4.v1,0.6914815627641145
Glyma.17G019400.Wm82.a4.v1,0.6914722239084045
Glyma.17G134300.Wm82.a4.v1,0.6914395379134195
Glyma.05G148700.Wm82.a4.v1,0.6914301990577094
Glyma.08G017400.Wm82.a4.v1,0.6913648270677394
Glyma.07G036100.Wm82.a4.v1,0.6913624923538119
Glyma.06G050700.Wm82.a4.v1,0.6913508187841744
Glyma.02G301900.Wm82.a4.v1,0.6913134633613344
Glyma.13G365300.Wm82.a4.v1,0.6912994550777694
Glyma.19G170100.Wm82.a4.v1,0.6912761079384943
Glyma.10G267800.Wm82.a4.v1,0.6911453639585542
Glyma.14G062000.Wm82.a4.v1,0.6910940002521491
Glyma.15G237600.Wm82.a4.v1,0.6910940002521491
Glyma.14G096100.Wm82.a4.v1,0.691065983685019
Glyma.19G152700.Wm82.a4.v1,0.6910566448293091
Glyma.05G001000.Wm82.a4.v1,0.6909679257000639
Glyma.15G160500.Wm82.a4.v1,0.690963256272209
Glyma.20G212600.Wm82.a4.v1,0.690949247988644
Glyma.13G186800.Wm82.a4.v1,0.6909399091329339
Glyma.01G142700.Wm82.a4.v1,0.690907223137949
Glyma.05G202800.Wm82.a4.v1,0.6909025537100939
Glyma.11G032900.Wm82.a4.v1,0.6908885454265289
Glyma.05G156900.Wm82.a4.v1,0.6908885454265289
Glyma.16G031500.Wm82.a4.v1,0.6908185040087038
Glyma.20G110200.Wm82.a4.v1,0.6907764791580088
Glyma.20G012300.Wm82.a4.v1,0.6907437931630237
Glyma.05G240800.Wm82.a4.v1,0.6907111071680387
Glyma.20G075951.Wm82.a4.v1,0.6907017683123287
Glyma.19G191900.Wm82.a4.v1,0.6906690823173437
Glyma.15G003900.Wm82.a4.v1,0.6906457351780686
Glyma.08G199700.Wm82.a4.v1,0.6906270574666487
Glyma.14G111800.Wm82.a4.v1,0.6906223880387936
Glyma.10G296900.Wm82.a4.v1,0.6906223880387936
Glyma.06G322200.Wm82.a4.v1,0.6906223880387936
Glyma.04G247000.Wm82.a4.v1,0.6905943714716636
Glyma.13G135500.Wm82.a4.v1,0.6905430077652586
Glyma.07G107800.Wm82.a4.v1,0.6905196606259835
Glyma.08G132400.Wm82.a4.v1,0.6905196606259835
Glyma.18G245700.Wm82.a4.v1,0.6904963134867085
Glyma.20G193600.Wm82.a4.v1,0.6904542886360134
Glyma.16G103500.Wm82.a4.v1,0.6904449497803035
Glyma.13G115300.Wm82.a4.v1,0.6904309414967384
Glyma.10G162300.Wm82.a4.v1,0.6903842472181884
Glyma.05G117900.Wm82.a4.v1,0.6903749083624784
Glyma.11G108500.Wm82.a4.v1,0.6903515612232033
Glyma.13G208600.Wm82.a4.v1,0.6903048669446533
Glyma.16G038300.Wm82.a4.v1,0.6902488338103933
Glyma.20G141300.Wm82.a4.v1,0.6901554452532931
Glyma.02G009200.Wm82.a4.v1,0.6901367675418731
Glyma.20G205500.Wm82.a4.v1,0.690048048412628
Glyma.12G001800.Wm82.a4.v1,0.690034040129063
Glyma.04G033800.Wm82.a4.v1,0.689982676422658
Glyma.10G141800.Wm82.a4.v1,0.6899453209998179
Glyma.08G064900.Wm82.a4.v1,0.6899173044326878
Glyma.01G214500.Wm82.a4.v1,0.6897351967463426
Glyma.06G019300.Wm82.a4.v1,0.6897025107513577
Glyma.12G109600.Wm82.a4.v1,0.6896371387613875
Glyma.20G103300.Wm82.a4.v1,0.6895624279157075
Glyma.07G259200.Wm82.a4.v1,0.6895484196321425
Glyma.12G095800.Wm82.a4.v1,0.6895297419207225
Glyma.05G047800.Wm82.a4.v1,0.6895110642093024
Glyma.01G063100.Wm82.a4.v1,0.6894923864978824
Glyma.03G225602.Wm82.a4.v1,0.6894830476421724
Glyma.12G227000.Wm82.a4.v1,0.6894737087864624
Glyma.07G159900.Wm82.a4.v1,0.6894550310750424
Glyma.16G039900.Wm82.a4.v1,0.6894363533636223
Glyma.03G102500.Wm82.a4.v1,0.6894316839357674
Glyma.19G143000.Wm82.a4.v1,0.6894270145079123
Glyma.19G196800.Wm82.a4.v1,0.6893569730900873
Glyma.20G236900.Wm82.a4.v1,0.6892355679658572
Glyma.13G179100.Wm82.a4.v1,0.6891748654037421
Glyma.18G043300.Wm82.a4.v1,0.6891678612619596
Glyma.02G048100.Wm82.a4.v1,0.689146848836612
Glyma.08G024200.Wm82.a4.v1,0.689146848836612
Glyma.16G158000.Wm82.a4.v1,0.689123501697337
Glyma.02G165800.Wm82.a4.v1,0.689114162841627
Glyma.20G098451.Wm82.a4.v1,0.689100154558062
Glyma.14G060100.Wm82.a4.v1,0.689095485130207
Glyma.10G215200.Wm82.a4.v1,0.689081476846642
Glyma.19G252200.Wm82.a4.v1,0.689067468563077
Glyma.13G289300.Wm82.a4.v1,0.6890581297073669
Glyma.17G080400.Wm82.a4.v1,0.6889694105781219
Glyma.04G057500.Wm82.a4.v1,0.6889647411502668
Glyma.09G025000.Wm82.a4.v1,0.6889600717224118
Glyma.08G108900.Wm82.a4.v1,0.6889554022945569
Glyma.02G008800.Wm82.a4.v1,0.6889554022945569
Glyma.16G029900.Wm82.a4.v1,0.6888666831653117
Glyma.13G150700.Wm82.a4.v1,0.6888480054538917
Glyma.07G133000.Wm82.a4.v1,0.6888246583146167
Glyma.02G082000.Wm82.a4.v1,0.6888106500310517
Glyma.05G004900.Wm82.a4.v1,0.6887919723196316
Glyma.13G149800.Wm82.a4.v1,0.6887873028917767
Glyma.02G251500.Wm82.a4.v1,0.6887499474689366
Glyma.12G180800.Wm82.a4.v1,0.6887079226182415
Glyma.16G113100.Wm82.a4.v1,0.6887079226182415
Glyma.08G019600.Wm82.a4.v1,0.6886985837625316
Glyma.04G043200.Wm82.a4.v1,0.6886892449068216
Glyma.15G105800.Wm82.a4.v1,0.6886332117725615
Glyma.15G000100.Wm82.a4.v1,0.6886238729168515
Glyma.13G276800.Wm82.a4.v1,0.6886005257775765
Glyma.17G145600.Wm82.a4.v1,0.6885958563497214
Glyma.11G132200.Wm82.a4.v1,0.6885771786383015
Glyma.15G139900.Wm82.a4.v1,0.6885725092104464
Glyma.06G123400.Wm82.a4.v1,0.6885585009268814
Glyma.11G215700.Wm82.a4.v1,0.6885444926433164
Glyma.08G309500.Wm82.a4.v1,0.6885398232154614
Glyma.17G166800.Wm82.a4.v1,0.6885211455040414
Glyma.02G260300.Wm82.a4.v1,0.6884931289369114
Glyma.14G035300.Wm82.a4.v1,0.6883950709519563
Glyma.08G178800.Wm82.a4.v1,0.6883904015241012
Glyma.13G311700.Wm82.a4.v1,0.6883857320962462
Glyma.17G160500.Wm82.a4.v1,0.6883483766734062
Glyma.06G031700.Wm82.a4.v1,0.6883437072455512
Glyma.07G031000.Wm82.a4.v1,0.6883296989619861
Glyma.19G003200.Wm82.a4.v1,0.6882830046834362
Glyma.17G140500.Wm82.a4.v1,0.6882689963998712
Glyma.04G086200.Wm82.a4.v1,0.6882082938377561
Glyma.08G143200.Wm82.a4.v1,0.688189616126336
Glyma.11G175955.Wm82.a4.v1,0.6881849466984811
Glyma.13G278500.Wm82.a4.v1,0.688138252419931
Glyma.04G098100.Wm82.a4.v1,0.688110235852801
Glyma.19G079700.Wm82.a4.v1,0.6880822192856709
Glyma.10G228700.Wm82.a4.v1,0.6880822192856709
Glyma.14G075800.Wm82.a4.v1,0.6880588721463959
Glyma.13G064900.Wm82.a4.v1,0.6880542027185409
Glyma.13G249400.Wm82.a4.v1,0.6880401944349759
Glyma.18G099800.Wm82.a4.v1,0.6880401944349759
Glyma.18G054700.Wm82.a4.v1,0.6879701530171508
Glyma.07G109900.Wm82.a4.v1,0.6879608141614408
Glyma.04G120000.Wm82.a4.v1,0.6879468058778758
Glyma.03G214500.Wm82.a4.v1,0.6879374670221657
Glyma.06G120300.Wm82.a4.v1,0.6879281281664558
Glyma.11G086500.Wm82.a4.v1,0.6879234587386007
Glyma.17G249900.Wm82.a4.v1,0.6879187893107458
Glyma.20G166600.Wm82.a4.v1,0.6878674256043407
Glyma.18G240600.Wm82.a4.v1,0.6878160618979356
Glyma.17G081700.Wm82.a4.v1,0.6878020536143706
Glyma.07G245900.Wm82.a4.v1,0.6878020536143706
Glyma.17G041500.Wm82.a4.v1,0.6877927147586607
Glyma.04G098900.Wm82.a4.v1,0.6877880453308056
Glyma.02G229900.Wm82.a4.v1,0.6877553593358205
Glyma.13G171000.Wm82.a4.v1,0.6877366816244006
Glyma.15G068300.Wm82.a4.v1,0.6876619707787205
Glyma.08G131400.Wm82.a4.v1,0.6875825905051854
Glyma.15G263400.Wm82.a4.v1,0.6875639127937654
Glyma.13G204900.Wm82.a4.v1,0.6874892019480853
Glyma.17G206800.Wm82.a4.v1,0.6874518465252453
Glyma.07G206500.Wm82.a4.v1,0.6874284993859703
Glyma.15G054900.Wm82.a4.v1,0.6874238299581152
Glyma.06G055800.Wm82.a4.v1,0.6874144911024053
Glyma.09G273900.Wm82.a4.v1,0.6874051522466952
Glyma.07G054300.Wm82.a4.v1,0.6873958133909852
Glyma.05G123500.Wm82.a4.v1,0.6873864745352752
Glyma.14G106700.Wm82.a4.v1,0.6873351108288701
Glyma.16G069000.Wm82.a4.v1,0.6872837471224651
Glyma.09G185200.Wm82.a4.v1,0.68727907769461
Glyma.14G024300.Wm82.a4.v1,0.687265069411045
Glyma.13G144900.Wm82.a4.v1,0.687227713988205
Glyma.12G020800.Wm82.a4.v1,0.68722304456035
Glyma.13G367200.Wm82.a4.v1,0.68720436684893
Glyma.15G251600.Wm82.a4.v1,0.6871763502818
Glyma.13G347400.Wm82.a4.v1,0.6871670114260899
Glyma.20G179600.Wm82.a4.v1,0.687143664286815
Glyma.07G129800.Wm82.a4.v1,0.68712031714754
Glyma.12G007900.Wm82.a4.v1,0.687106308863975
Glyma.08G340700.Wm82.a4.v1,0.6870736228689899
Glyma.11G160400.Wm82.a4.v1,0.6870502757297149
Glyma.13G091100.Wm82.a4.v1,0.6869989120233098
Glyma.20G226600.Wm82.a4.v1,0.6869942425954548
Glyma.09G227300.Wm82.a4.v1,0.6869849037397447
Glyma.09G066000.Wm82.a4.v1,0.6869475483169047
Glyma.10G022900.Wm82.a4.v1,0.6868681680433697
Glyma.05G149200.Wm82.a4.v1,0.6868634986155147
Glyma.03G151400.Wm82.a4.v1,0.6868401514762397
Glyma.19G060600.Wm82.a4.v1,0.6867981266255446
Glyma.08G208700.Wm82.a4.v1,0.6867701100584146
Glyma.01G031500.Wm82.a4.v1,0.6867561017748496
Glyma.17G230300.Wm82.a4.v1,0.6866767215013144
Glyma.04G228100.Wm82.a4.v1,0.6866487049341844
Glyma.03G069400.Wm82.a4.v1,0.6866300272227644
Glyma.18G278200.Wm82.a4.v1,0.6866253577949094
Glyma.07G234701.Wm82.a4.v1,0.6866206883670544
Glyma.20G049200.Wm82.a4.v1,0.6866113495113444
Glyma.13G139100.Wm82.a4.v1,0.6865833329442144
Glyma.13G163400.Wm82.a4.v1,0.6865786635163593
Glyma.11G029500.Wm82.a4.v1,0.6865553163770843
Glyma.02G085900.Wm82.a4.v1,0.6865319692378092
Glyma.02G078600.Wm82.a4.v1,0.6865132915263893
Glyma.10G112500.Wm82.a4.v1,0.6864782708174767
Glyma.18G228500.Wm82.a4.v1,0.6864759361035492
Glyma.20G106300.Wm82.a4.v1,0.6864712666756942
Glyma.13G202800.Wm82.a4.v1,0.6864385806807092
Glyma.05G139400.Wm82.a4.v1,0.6864339112528541
Glyma.03G204800.Wm82.a4.v1,0.686349861551464
Glyma.20G238800.Wm82.a4.v1,0.6863405226957541
Glyma.19G115600.Wm82.a4.v1,0.686335853267899
Glyma.16G034400.Wm82.a4.v1,0.686279820133639
Glyma.13G055200.Wm82.a4.v1,0.686275150705784
Glyma.15G094800.Wm82.a4.v1,0.6862004398601039
Glyma.13G249800.Wm82.a4.v1,0.686191101004394
Glyma.02G030700.Wm82.a4.v1,0.6861770927208289
Glyma.17G006500.Wm82.a4.v1,0.6861677538651189
Glyma.01G191500.Wm82.a4.v1,0.6861444067258439
Glyma.15G047600.Wm82.a4.v1,0.6861444067258439
Glyma.01G152500.Wm82.a4.v1,0.6860930430194389
Glyma.03G229300.Wm82.a4.v1,0.6860883735915838
Glyma.16G146000.Wm82.a4.v1,0.6860510181687438
Glyma.13G357700.Wm82.a4.v1,0.6860370098851788
Glyma.19G015900.Wm82.a4.v1,0.6860323404573238
Glyma.08G003200.Wm82.a4.v1,0.6860230016016138
Glyma.06G310800.Wm82.a4.v1,0.6860136627459037
Glyma.09G056100.Wm82.a4.v1,0.6859809767509187
Glyma.08G145100.Wm82.a4.v1,0.6859763073230637
Glyma.07G241200.Wm82.a4.v1,0.6859576296116436
Glyma.17G069700.Wm82.a4.v1,0.6859342824723687
Glyma.01G098400.Wm82.a4.v1,0.6858875881938186
Glyma.14G136700.Wm82.a4.v1,0.6858782493381086
Glyma.05G158300.Wm82.a4.v1,0.6858735799102536
Glyma.20G189500.Wm82.a4.v1,0.6858549021988336
Glyma.06G143000.Wm82.a4.v1,0.6858315550595585
Glyma.05G061000.Wm82.a4.v1,0.6857895302088635
Glyma.05G089200.Wm82.a4.v1,0.6857708524974435
Glyma.08G115700.Wm82.a4.v1,0.6857661830695885
Glyma.17G040500.Wm82.a4.v1,0.6857568442138785
Glyma.15G136600.Wm82.a4.v1,0.6857428359303135
Glyma.11G031400.Wm82.a4.v1,0.6857334970746034
Glyma.06G070500.Wm82.a4.v1,0.6857241582188934
Glyma.14G031000.Wm82.a4.v1,0.6857101499353284
Glyma.09G248100.Wm82.a4.v1,0.6857008110796184
Glyma.19G141700.Wm82.a4.v1,0.6857008110796184
Glyma.08G160000.Wm82.a4.v1,0.6856681250846334
Glyma.13G197700.Wm82.a4.v1,0.6856447779453584
Glyma.12G203900.Wm82.a4.v1,0.6856167613782284
Glyma.11G248700.Wm82.a4.v1,0.6855840753832433
Glyma.15G072200.Wm82.a4.v1,0.6855794059553882
Glyma.09G269300.Wm82.a4.v1,0.6855747365275333
Glyma.04G050600.Wm82.a4.v1,0.6855116992514907
Glyma.06G136500.Wm82.a4.v1,0.6854673396868681
Glyma.08G223000.Wm82.a4.v1,0.6854626702590132
Glyma.20G038500.Wm82.a4.v1,0.6854533314033031
Glyma.19G185700.Wm82.a4.v1,0.6854346536918832
Glyma.20G150000.Wm82.a4.v1,0.6854346536918832
Glyma.06G208900.Wm82.a4.v1,0.6854206454083182
Glyma.08G178600.Wm82.a4.v1,0.6854113065526081
Glyma.08G117300.Wm82.a4.v1,0.6854019676968981
Glyma.06G316400.Wm82.a4.v1,0.6853646122740581
Glyma.19G103966.Wm82.a4.v1,0.6853646122740581
Glyma.05G023300.Wm82.a4.v1,0.6853646122740581
Glyma.14G106000.Wm82.a4.v1,0.6853506039904931
Glyma.15G107700.Wm82.a4.v1,0.685266554289103
Glyma.08G346700.Wm82.a4.v1,0.6852572154333929
Glyma.03G129900.Wm82.a4.v1,0.6852338682941179
Glyma.18G299400.Wm82.a4.v1,0.6852291988662629
Glyma.01G238800.Wm82.a4.v1,0.6852291988662629
Glyma.04G188400.Wm82.a4.v1,0.6852011822991328
Glyma.11G102100.Wm82.a4.v1,0.6851661615902204
Glyma.20G165000.Wm82.a4.v1,0.6851404797370179
Glyma.20G016000.Wm82.a4.v1,0.6851358103091628
Glyma.20G199100.Wm82.a4.v1,0.6851311408813078
Glyma.04G029900.Wm82.a4.v1,0.6850657688913377
Glyma.07G019100.Wm82.a4.v1,0.6850470911799177
Glyma.14G215500.Wm82.a4.v1,0.6850330828963527
Glyma.08G216900.Wm82.a4.v1,0.6850237440406427
Glyma.07G088400.Wm82.a4.v1,0.6850190746127877
Glyma.04G063700.Wm82.a4.v1,0.6850190746127877
Glyma.03G185900.Wm82.a4.v1,0.6850144051849327
Glyma.01G050400.Wm82.a4.v1,0.6850003969013677
Glyma.08G190100.Wm82.a4.v1,0.6849770497620926
Glyma.10G044000.Wm82.a4.v1,0.6848836612049926
Glyma.08G183100.Wm82.a4.v1,0.6848556446378625
Glyma.10G145600.Wm82.a4.v1,0.6848463057821526
Glyma.08G251100.Wm82.a4.v1,0.6848416363542975
Glyma.06G194100.Wm82.a4.v1,0.6847669255086174
Glyma.17G074000.Wm82.a4.v1,0.6847622560807625
Glyma.13G328300.Wm82.a4.v1,0.6847575866529074
Glyma.05G070600.Wm82.a4.v1,0.6847062229465024
Glyma.16G041500.Wm82.a4.v1,0.6847015535186474
Glyma.06G082800.Wm82.a4.v1,0.6846922146629374
Glyma.08G051300.Wm82.a4.v1,0.6846782063793724
Glyma.08G087100.Wm82.a4.v1,0.6846688675236623
Glyma.06G236100.Wm82.a4.v1,0.6846641980958074
Glyma.15G066000.Wm82.a4.v1,0.6846408509565323
Glyma.13G131700.Wm82.a4.v1,0.6845474623994322
Glyma.09G277602.Wm82.a4.v1,0.6845404582576496
Glyma.14G219900.Wm82.a4.v1,0.6845007681208821
Glyma.18G009000.Wm82.a4.v1,0.6844914292651721
Glyma.14G081100.Wm82.a4.v1,0.6844820904094622
Glyma.08G316200.Wm82.a4.v1,0.6844774209816071
Glyma.14G111300.Wm82.a4.v1,0.6844447349866221
Glyma.11G084200.Wm82.a4.v1,0.684365354713087
Glyma.08G297900.Wm82.a4.v1,0.684351346429522
Glyma.12G039000.Wm82.a4.v1,0.6843326687181019
Glyma.12G140100.Wm82.a4.v1,0.684309321578827
Glyma.09G034500.Wm82.a4.v1,0.6842766355838419
Glyma.09G271700.Wm82.a4.v1,0.6842486190167119
Glyma.06G285800.Wm82.a4.v1,0.6842252718774369
Glyma.18G127500.Wm82.a4.v1,0.6842159330217269
Glyma.04G187000.Wm82.a4.v1,0.6841879164545969
Glyma.17G015000.Wm82.a4.v1,0.6841739081710319
Glyma.05G197100.Wm82.a4.v1,0.6841598998874668
Glyma.10G065100.Wm82.a4.v1,0.6841458916039018
Glyma.07G248700.Wm82.a4.v1,0.6841132056089168
Glyma.06G026100.Wm82.a4.v1,0.6841132056089168
Glyma.06G158100.Wm82.a4.v1,0.6840338253353817
Glyma.14G004700.Wm82.a4.v1,0.6840198170518167
Glyma.01G218300.Wm82.a4.v1,0.6840104781961066
Glyma.15G131700.Wm82.a4.v1,0.6839684533454116
Glyma.15G218400.Wm82.a4.v1,0.6839684533454116
Glyma.16G003200.Wm82.a4.v1,0.6839544450618465
Glyma.10G281000.Wm82.a4.v1,0.6838890730718765
Glyma.02G001700.Wm82.a4.v1,0.6838750647883115
Glyma.04G050000.Wm82.a4.v1,0.6838470482211815
Glyma.20G173200.Wm82.a4.v1,0.6838470482211815
Glyma.14G010600.Wm82.a4.v1,0.6838237010819065
Glyma.03G161000.Wm82.a4.v1,0.6838190316540514
Glyma.06G203200.Wm82.a4.v1,0.6838003539426314
Glyma.17G231600.Wm82.a4.v1,0.6837676679476464
Glyma.11G102700.Wm82.a4.v1,0.6837116348133864
Glyma.04G020600.Wm82.a4.v1,0.6837022959576763
Glyma.05G208200.Wm82.a4.v1,0.6836976265298214
Glyma.14G163000.Wm82.a4.v1,0.6836976265298214
Glyma.02G291600.Wm82.a4.v1,0.6836602711069812
Glyma.01G052400.Wm82.a4.v1,0.6836275851119962
Glyma.11G023500.Wm82.a4.v1,0.6835995685448661
Glyma.08G034400.Wm82.a4.v1,0.6835995685448661
Glyma.09G002700.Wm82.a4.v1,0.6835855602613011
Glyma.16G053500.Wm82.a4.v1,0.6835715519777361
Glyma.03G109900.Wm82.a4.v1,0.6835388659827512
Glyma.17G023300.Wm82.a4.v1,0.6835341965548961
Glyma.15G104900.Wm82.a4.v1,0.6835248576991861
Glyma.20G217200.Wm82.a4.v1,0.683487502276346
Glyma.18G290800.Wm82.a4.v1,0.683464155137071
Glyma.08G315800.Wm82.a4.v1,0.683422130286376
Glyma.02G082300.Wm82.a4.v1,0.6833894442913909
Glyma.07G046600.Wm82.a4.v1,0.683384774863536
Glyma.10G032100.Wm82.a4.v1,0.6833660971521159
Glyma.12G235000.Wm82.a4.v1,0.6833380805849859
Glyma.11G196300.Wm82.a4.v1,0.6833194028735659
Glyma.11G181400.Wm82.a4.v1,0.6833100640178559
Glyma.17G009000.Wm82.a4.v1,0.6833007251621459
Glyma.16G065900.Wm82.a4.v1,0.6832960557342909
Glyma.10G280800.Wm82.a4.v1,0.6832913863064358
Glyma.11G105500.Wm82.a4.v1,0.6832773780228708
Glyma.10G130800.Wm82.a4.v1,0.6832773780228708
Glyma.17G100600.Wm82.a4.v1,0.6832773780228708
Glyma.18G002300.Wm82.a4.v1,0.6831979977493358
Glyma.01G119500.Wm82.a4.v1,0.6831863241796983
Glyma.20G118000.Wm82.a4.v1,0.6831839894657707
Glyma.13G059100.Wm82.a4.v1,0.6831419646150757
Glyma.14G031700.Wm82.a4.v1,0.6831139480479457
Glyma.08G162600.Wm82.a4.v1,0.6831046091922357
Glyma.01G231300.Wm82.a4.v1,0.6830812620529606
Glyma.17G066200.Wm82.a4.v1,0.6830345677744106
Glyma.02G079100.Wm82.a4.v1,0.6830158900629906
Glyma.02G238100.Wm82.a4.v1,0.6830158900629906
Glyma.05G199100.Wm82.a4.v1,0.6829505180730205
Glyma.17G094700.Wm82.a4.v1,0.6829318403616005
Glyma.17G009700.Wm82.a4.v1,0.6828991543666154
Glyma.08G097800.Wm82.a4.v1,0.6828944849387605
Glyma.09G213200.Wm82.a4.v1,0.6828711377994854
Glyma.10G035200.Wm82.a4.v1,0.6828431212323554
Glyma.10G013500.Wm82.a4.v1,0.6828431212323554
Glyma.04G178700.Wm82.a4.v1,0.6828431212323554
Glyma.16G097600.Wm82.a4.v1,0.6828104352373704
Glyma.09G068500.Wm82.a4.v1,0.6827870880980953
Glyma.01G006400.Wm82.a4.v1,0.6827590715309653
Glyma.14G105900.Wm82.a4.v1,0.6827217161081253
Glyma.12G209200.Wm82.a4.v1,0.6827217161081253
Glyma.02G029600.Wm82.a4.v1,0.6827123772524153
Glyma.15G099700.Wm82.a4.v1,0.6827030383967052
Glyma.17G104800.Wm82.a4.v1,0.6827030383967052
Glyma.12G091300.Wm82.a4.v1,0.6826890301131402
Glyma.05G244600.Wm82.a4.v1,0.6826470052624452
Glyma.11G147200.Wm82.a4.v1,0.6826003109838952
Glyma.08G232000.Wm82.a4.v1,0.6825816332724751
Glyma.12G010000.Wm82.a4.v1,0.6825536167053451
Glyma.07G247100.Wm82.a4.v1,0.6825396084217801
Glyma.10G252300.Wm82.a4.v1,0.6825396084217801
Glyma.16G154400.Wm82.a4.v1,0.6824882447153751
Glyma.09G015400.Wm82.a4.v1,0.68248357528752
Glyma.05G172100.Wm82.a4.v1,0.6824648975761
Glyma.18G086000.Wm82.a4.v1,0.682441550436825
Glyma.14G221600.Wm82.a4.v1,0.68242754215326
Glyma.12G006700.Wm82.a4.v1,0.6823948561582749
Glyma.17G090600.Wm82.a4.v1,0.6823761784468549
Glyma.10G231600.Wm82.a4.v1,0.6823668395911449
Glyma.20G149800.Wm82.a4.v1,0.6823248147404498
Glyma.12G214900.Wm82.a4.v1,0.6823108064568848
Glyma.20G187500.Wm82.a4.v1,0.6822921287454649
Glyma.08G156900.Wm82.a4.v1,0.6822547733226247
Glyma.19G138500.Wm82.a4.v1,0.6822360956112048
Glyma.18G055200.Wm82.a4.v1,0.6822220873276398
Glyma.08G137500.Wm82.a4.v1,0.6822034096162197
Glyma.05G164400.Wm82.a4.v1,0.6821987401883647
Glyma.13G217000.Wm82.a4.v1,0.6821753930490897
Glyma.18G042600.Wm82.a4.v1,0.6821707236212347
Glyma.09G264800.Wm82.a4.v1,0.6821240293426847
Glyma.19G056300.Wm82.a4.v1,0.6820960127755546
Glyma.11G076700.Wm82.a4.v1,0.6820446490691495
Glyma.17G131300.Wm82.a4.v1,0.6820399796412946
Glyma.03G220900.Wm82.a4.v1,0.6820259713577296
Glyma.14G026300.Wm82.a4.v1,0.6819979547905995
Glyma.19G196500.Wm82.a4.v1,0.6819932853627445
Glyma.01G118200.Wm82.a4.v1,0.6819932853627445
Glyma.05G036600.Wm82.a4.v1,0.6819839465070345
Glyma.11G069300.Wm82.a4.v1,0.6819746076513244
Glyma.18G096300.Wm82.a4.v1,0.6819512605120495
Glyma.10G050300.Wm82.a4.v1,0.6818952273777894
Glyma.20G190600.Wm82.a4.v1,0.6818858885220794
Glyma.12G158800.Wm82.a4.v1,0.6818648760967319
Glyma.11G255200.Wm82.a4.v1,0.6818578719549494
Glyma.03G039500.Wm82.a4.v1,0.6818485330992393
Glyma.11G238700.Wm82.a4.v1,0.6818438636713844
Glyma.20G085800.Wm82.a4.v1,0.6818391942435293
Glyma.20G198400.Wm82.a4.v1,0.6818158471042544
Glyma.10G268300.Wm82.a4.v1,0.6818111776763993
Glyma.13G054300.Wm82.a4.v1,0.6817971693928343
Glyma.01G169700.Wm82.a4.v1,0.6817551445421393
Glyma.11G114500.Wm82.a4.v1,0.6817271279750092
Glyma.19G000800.Wm82.a4.v1,0.6816804336964591
Glyma.08G196300.Wm82.a4.v1,0.6816664254128941
Glyma.20G211600.Wm82.a4.v1,0.6816570865571842
Glyma.06G018600.Wm82.a4.v1,0.6816337394179092
Glyma.08G215400.Wm82.a4.v1,0.6816150617064891
Glyma.18G215700.Wm82.a4.v1,0.6816057228507791
Glyma.12G108200.Wm82.a4.v1,0.6816010534229241
Glyma.04G088400.Wm82.a4.v1,0.6816010534229241
Glyma.11G042800.Wm82.a4.v1,0.681559028572229
Glyma.06G097500.Wm82.a4.v1,0.681521673149389
Glyma.14G032300.Wm82.a4.v1,0.681493656582259
Glyma.14G182400.Wm82.a4.v1,0.6814422928758539
Glyma.13G251000.Wm82.a4.v1,0.6814189457365789
Glyma.07G203600.Wm82.a4.v1,0.6814002680251589
Glyma.15G244700.Wm82.a4.v1,0.6813955985973039
Glyma.06G106700.Wm82.a4.v1,0.6813815903137389
Glyma.01G232300.Wm82.a4.v1,0.6813722514580288
Glyma.17G035500.Wm82.a4.v1,0.6813675820301739
Glyma.18G288500.Wm82.a4.v1,0.6813582431744638
Glyma.09G142000.Wm82.a4.v1,0.6812741934730737
Glyma.17G177600.Wm82.a4.v1,0.6812695240452188
Glyma.09G043000.Wm82.a4.v1,0.6812695240452188
Glyma.07G055000.Wm82.a4.v1,0.6812671893312913
Glyma.14G213000.Wm82.a4.v1,0.6811761354881186
Glyma.20G094200.Wm82.a4.v1,0.6811481189209886
Glyma.10G081400.Wm82.a4.v1,0.6811341106374236
Glyma.07G114600.Wm82.a4.v1,0.6811341106374236
Glyma.06G062900.Wm82.a4.v1,0.6811014246424386
Glyma.06G140200.Wm82.a4.v1,0.6810734080753086
Glyma.05G005300.Wm82.a4.v1,0.6810500609360335
Glyma.06G159800.Wm82.a4.v1,0.6810173749410485
Glyma.08G316100.Wm82.a4.v1,0.6810127055131935
Glyma.19G007900.Wm82.a4.v1,0.6810033666574835
Glyma.18G229700.Wm82.a4.v1,0.6809893583739185
Glyma.08G217200.Wm82.a4.v1,0.6809753500903535
Glyma.07G028600.Wm82.a4.v1,0.6809660112346434
Glyma.18G300100.Wm82.a4.v1,0.6809520029510784
Glyma.04G251200.Wm82.a4.v1,0.6809053086725284
Glyma.06G174300.Wm82.a4.v1,0.6809053086725284
Glyma.08G237000.Wm82.a4.v1,0.6808819615332533
Glyma.11G147317.Wm82.a4.v1,0.6808726226775433
Glyma.13G323200.Wm82.a4.v1,0.6808446061104133
Glyma.13G309700.Wm82.a4.v1,0.6807232009861831
Glyma.08G336000.Wm82.a4.v1,0.6807138621304731
Glyma.19G194700.Wm82.a4.v1,0.6807091927026181
Glyma.12G086700.Wm82.a4.v1,0.6806811761354881
Glyma.15G028300.Wm82.a4.v1,0.680615804145518
Glyma.04G255700.Wm82.a4.v1,0.680583118150533
Glyma.17G229600.Wm82.a4.v1,0.680573779294823
Glyma.19G111200.Wm82.a4.v1,0.680564440439113
Glyma.16G194500.Wm82.a4.v1,0.680559771011258
Glyma.12G156200.Wm82.a4.v1,0.680545762727693
Glyma.12G219100.Wm82.a4.v1,0.680531754444128
Glyma.14G085100.Wm82.a4.v1,0.6805130767327079
Glyma.12G239400.Wm82.a4.v1,0.6804897295934329
Glyma.11G088200.Wm82.a4.v1,0.6804850601655779
Glyma.01G162200.Wm82.a4.v1,0.6804523741705929
Glyma.19G153500.Wm82.a4.v1,0.6804477047427379
Glyma.18G011600.Wm82.a4.v1,0.6804477047427379
Glyma.17G074700.Wm82.a4.v1,0.6804477047427379
Glyma.14G163800.Wm82.a4.v1,0.6804290270313178
Glyma.13G291000.Wm82.a4.v1,0.6804103493198979
Glyma.07G155400.Wm82.a4.v1,0.6803636550413478
Glyma.07G256500.Wm82.a4.v1,0.6803496467577828
Glyma.07G112500.Wm82.a4.v1,0.6802609276285376
Glyma.09G083500.Wm82.a4.v1,0.6802515887728277
Glyma.10G208200.Wm82.a4.v1,0.6802515887728277
Glyma.03G259600.Wm82.a4.v1,0.6802282416335527
Glyma.02G287000.Wm82.a4.v1,0.6802235722056976
Glyma.19G091000.Wm82.a4.v1,0.6801955556385676
Glyma.09G192600.Wm82.a4.v1,0.6801488613600175
Glyma.01G075800.Wm82.a4.v1,0.6801441919321626
Glyma.13G146600.Wm82.a4.v1,0.6801255142207425
Glyma.18G078800.Wm82.a4.v1,0.6801161753650325
Glyma.04G254100.Wm82.a4.v1,0.6800974976536125
Glyma.01G136300.Wm82.a4.v1,0.6800227868079324
Glyma.10G243100.Wm82.a4.v1,0.6800227868079324
Glyma.09G198700.Wm82.a4.v1,0.6800134479522224
Glyma.04G093100.Wm82.a4.v1,0.6800087785243674
Glyma.08G157400.Wm82.a4.v1,0.6799947702408023
Glyma.02G174300.Wm82.a4.v1,0.6799760925293824
Glyma.08G202600.Wm82.a4.v1,0.6799574148179623
Glyma.05G167200.Wm82.a4.v1,0.6799387371065423
Glyma.11G057500.Wm82.a4.v1,0.6799293982508323
Glyma.05G245300.Wm82.a4.v1,0.6798173319823122
Glyma.14G068500.Wm82.a4.v1,0.6798126625544572
Glyma.03G126200.Wm82.a4.v1,0.6798079931266022
Glyma.05G137400.Wm82.a4.v1,0.6797753071316172
Glyma.07G168100.Wm82.a4.v1,0.6797566294201971
Glyma.06G293500.Wm82.a4.v1,0.6797379517087772
Glyma.20G121100.Wm82.a4.v1,0.6797146045695021
Glyma.11G035800.Wm82.a4.v1,0.679663240863097
Glyma.16G063100.Wm82.a4.v1,0.679621216012402
Glyma.01G170600.Wm82.a4.v1,0.6796025383009819
Glyma.02G276000.Wm82.a4.v1,0.679569852305997
Glyma.20G111300.Wm82.a4.v1,0.6794998108881719
Glyma.09G013700.Wm82.a4.v1,0.6794951414603169
Glyma.16G010400.Wm82.a4.v1,0.6794904720324618
Glyma.06G134300.Wm82.a4.v1,0.6794577860374769
Glyma.03G223100.Wm82.a4.v1,0.6794531166096218
Glyma.17G215200.Wm82.a4.v1,0.6794017529032168
Glyma.04G243500.Wm82.a4.v1,0.6793924140475067
Glyma.01G122300.Wm82.a4.v1,0.6793784057639417
Glyma.01G039800.Wm82.a4.v1,0.6793317114853917
Glyma.09G203300.Wm82.a4.v1,0.6793083643461166
Glyma.08G154600.Wm82.a4.v1,0.6793083643461166
Glyma.09G142100.Wm82.a4.v1,0.6792803477789866
Glyma.04G221200.Wm82.a4.v1,0.6792523312118566
Glyma.10G276900.Wm82.a4.v1,0.6792429923561466
Glyma.08G261000.Wm82.a4.v1,0.6791962980775965
Glyma.13G117500.Wm82.a4.v1,0.6791636120826116
Glyma.03G179000.Wm82.a4.v1,0.6791355955154815
Glyma.02G123302.Wm82.a4.v1,0.6791262566597714
Glyma.05G118300.Wm82.a4.v1,0.6791215872319165
Glyma.08G234600.Wm82.a4.v1,0.6790702235255114
Glyma.14G200400.Wm82.a4.v1,0.6790655540976565
Glyma.09G068800.Wm82.a4.v1,0.6790608846698014
Glyma.19G015800.Wm82.a4.v1,0.6790375375305264
Glyma.07G009800.Wm82.a4.v1,0.6790375375305264
Glyma.06G316000.Wm82.a4.v1,0.6790281986748163
Glyma.15G205600.Wm82.a4.v1,0.6790188598191064
Glyma.09G123600.Wm82.a4.v1,0.6789908432519763
Glyma.10G172500.Wm82.a4.v1,0.6789581572569913
Glyma.05G136000.Wm82.a4.v1,0.6789348101177163
Glyma.12G214200.Wm82.a4.v1,0.6788787769834562
Glyma.13G369000.Wm82.a4.v1,0.6788320827049061
Glyma.05G246200.Wm82.a4.v1,0.6788134049934862
Glyma.06G061200.Wm82.a4.v1,0.6787807189985011
Glyma.13G152882.Wm82.a4.v1,0.6787713801427911
Glyma.04G089800.Wm82.a4.v1,0.6787620412870811
Glyma.18G274000.Wm82.a4.v1,0.678734024719951
Glyma.01G192200.Wm82.a4.v1,0.6787153470085311
Glyma.01G096600.Wm82.a4.v1,0.678710677580676
Glyma.02G022500.Wm82.a4.v1,0.6785986113121559
Glyma.06G142900.Wm82.a4.v1,0.6785939418843009
Glyma.07G128500.Wm82.a4.v1,0.6785519170336058
Glyma.14G182700.Wm82.a4.v1,0.6785379087500408
Glyma.03G167400.Wm82.a4.v1,0.6785239004664758
Glyma.11G006100.Wm82.a4.v1,0.6784958838993458
Glyma.02G065600.Wm82.a4.v1,0.6784818756157808
Glyma.14G044900.Wm82.a4.v1,0.6784071647701008
Glyma.20G116900.Wm82.a4.v1,0.6784024953422457
Glyma.08G345200.Wm82.a4.v1,0.6783464622079857
Glyma.01G003000.Wm82.a4.v1,0.6783417927801306
Glyma.06G091400.Wm82.a4.v1,0.6783371233522757
Glyma.03G185200.Wm82.a4.v1,0.6783231150687107
Glyma.13G291500.Wm82.a4.v1,0.6783091067851457
Glyma.08G146000.Wm82.a4.v1,0.6782904290737256
Glyma.01G067000.Wm82.a4.v1,0.6782857596458706
Glyma.20G113500.Wm82.a4.v1,0.6782810902180156
Glyma.19G130400.Wm82.a4.v1,0.6782624125065956
Glyma.10G031000.Wm82.a4.v1,0.6782437347951755
Glyma.02G223300.Wm82.a4.v1,0.6782157182280455
Glyma.12G096800.Wm82.a4.v1,0.6781643545216405
Glyma.09G050600.Wm82.a4.v1,0.6780709659645404
Glyma.02G263500.Wm82.a4.v1,0.6780616271088303
Glyma.05G100500.Wm82.a4.v1,0.6780616271088303
Glyma.06G045200.Wm82.a4.v1,0.6780569576809754
Glyma.08G031800.Wm82.a4.v1,0.6780429493974104
Glyma.01G164000.Wm82.a4.v1,0.6780336105417003
Glyma.10G155500.Wm82.a4.v1,0.6780055939745703
Glyma.06G166200.Wm82.a4.v1,0.6780055939745703
Glyma.04G020800.Wm82.a4.v1,0.6779915856910053
Glyma.15G046700.Wm82.a4.v1,0.6779869162631503
Glyma.20G116000.Wm82.a4.v1,0.6779775774074402
Glyma.15G256500.Wm82.a4.v1,0.6779729079795853
Glyma.15G155400.Wm82.a4.v1,0.6779682385517303
Glyma.13G170400.Wm82.a4.v1,0.6779635691238752
Glyma.16G052900.Wm82.a4.v1,0.6779355525567452
Glyma.15G194600.Wm82.a4.v1,0.6779308831288903
Glyma.03G069600.Wm82.a4.v1,0.6779075359896152
Glyma.06G131100.Wm82.a4.v1,0.6778888582781952
Glyma.10G152700.Wm82.a4.v1,0.6778795194224851
Glyma.13G225400.Wm82.a4.v1,0.6778374945717901
Glyma.09G205900.Wm82.a4.v1,0.67781881686037
Glyma.19G044300.Wm82.a4.v1,0.677776792009675
Glyma.13G301200.Wm82.a4.v1,0.6777721225818201
Glyma.04G254402.Wm82.a4.v1,0.677739436586835
Glyma.04G092700.Wm82.a4.v1,0.67773476715898
Glyma.11G060300.Wm82.a4.v1,0.6776834034525749
Glyma.07G037400.Wm82.a4.v1,0.6776460480297349
Glyma.02G308500.Wm82.a4.v1,0.6776367091740249
Glyma.02G246500.Wm82.a4.v1,0.6776367091740249
Glyma.15G035100.Wm82.a4.v1,0.6776086926068948
Glyma.14G112700.Wm82.a4.v1,0.6775409859029973
Glyma.13G330200.Wm82.a4.v1,0.6775339817612148
Glyma.09G118900.Wm82.a4.v1,0.6775199734776498
Glyma.07G003200.Wm82.a4.v1,0.6774826180548097
Glyma.04G093300.Wm82.a4.v1,0.6774732791990997
Glyma.20G050300.Wm82.a4.v1,0.6774452626319697
Glyma.05G200800.Wm82.a4.v1,0.6774125766369846
Glyma.08G081500.Wm82.a4.v1,0.6773938989255647
Glyma.14G000600.Wm82.a4.v1,0.6773565435027246
Glyma.09G154100.Wm82.a4.v1,0.6773472046470146
Glyma.07G091500.Wm82.a4.v1,0.6773331963634496
Glyma.09G093400.Wm82.a4.v1,0.6772538160899145
Glyma.09G063400.Wm82.a4.v1,0.6772444772342044
Glyma.13G264600.Wm82.a4.v1,0.6772257995227845
Glyma.06G222700.Wm82.a4.v1,0.6771884440999444
Glyma.18G119500.Wm82.a4.v1,0.6771791052442344
Glyma.13G236700.Wm82.a4.v1,0.6771744358163794
Glyma.05G207400.Wm82.a4.v1,0.6771370803935394
Glyma.05G160500.Wm82.a4.v1,0.6771137332542644
Glyma.20G128900.Wm82.a4.v1,0.6771137332542644
Glyma.18G233600.Wm82.a4.v1,0.6770950555428443
Glyma.13G195900.Wm82.a4.v1,0.6770903861149893
Glyma.08G307900.Wm82.a4.v1,0.6770483612642942
Glyma.08G347300.Wm82.a4.v1,0.6770203446971642
Glyma.12G052800.Wm82.a4.v1,0.6770203446971642
Glyma.15G065800.Wm82.a4.v1,0.6770156752693093
Glyma.17G082500.Wm82.a4.v1,0.6770016669857443
Glyma.06G226700.Wm82.a4.v1,0.6769876587021793
Glyma.02G281200.Wm82.a4.v1,0.6769876587021793
Glyma.16G095700.Wm82.a4.v1,0.6769876587021793
Glyma.08G185100.Wm82.a4.v1,0.6769829892743242
Glyma.16G047800.Wm82.a4.v1,0.6769456338514842
Glyma.10G199500.Wm82.a4.v1,0.6769316255679192
Glyma.04G008700.Wm82.a4.v1,0.6769222867122091
Glyma.07G034400.Wm82.a4.v1,0.6768896007172241
Glyma.07G019200.Wm82.a4.v1,0.6768569147222391
Glyma.16G167800.Wm82.a4.v1,0.6768429064386741
Glyma.09G089500.Wm82.a4.v1,0.676824228727254
Glyma.08G226100.Wm82.a4.v1,0.6768055510158341
Glyma.14G117100.Wm82.a4.v1,0.676758856737284
Glyma.08G279200.Wm82.a4.v1,0.676744848453719
Glyma.13G107900.Wm82.a4.v1,0.676730840170154
Glyma.09G116000.Wm82.a4.v1,0.676721501314444
Glyma.11G030100.Wm82.a4.v1,0.6765580713395187
Glyma.05G235300.Wm82.a4.v1,0.6765393936280988
Glyma.16G176200.Wm82.a4.v1,0.6764693522102737
Glyma.17G101100.Wm82.a4.v1,0.6764460050709986
Glyma.06G090700.Wm82.a4.v1,0.6763853025088836
Glyma.05G157200.Wm82.a4.v1,0.6763759636531735
Glyma.20G012100.Wm82.a4.v1,0.6763712942253186
Glyma.17G165900.Wm82.a4.v1,0.6763666247974636
Glyma.02G186700.Wm82.a4.v1,0.6763572859417536
Glyma.11G061000.Wm82.a4.v1,0.6763432776581886
Glyma.09G123800.Wm82.a4.v1,0.6763245999467685
Glyma.08G280700.Wm82.a4.v1,0.6763245999467685
Glyma.17G120600.Wm82.a4.v1,0.6763245999467685
Glyma.12G074900.Wm82.a4.v1,0.6762498891010884
Glyma.11G004600.Wm82.a4.v1,0.6762405502453784
Glyma.08G009300.Wm82.a4.v1,0.6762312113896685
Glyma.15G113700.Wm82.a4.v1,0.6762312113896685
Glyma.12G043700.Wm82.a4.v1,0.6761378228325683
Glyma.20G110400.Wm82.a4.v1,0.6761051368375833
Glyma.15G253100.Wm82.a4.v1,0.6760070788526282
Glyma.16G030800.Wm82.a4.v1,0.6759697234297881
Glyma.08G145700.Wm82.a4.v1,0.6759090208676731
Glyma.10G008021.Wm82.a4.v1,0.6758950125841081
Glyma.15G229600.Wm82.a4.v1,0.6758669960169781
Glyma.09G171900.Wm82.a4.v1,0.675862326589123
Glyma.08G081700.Wm82.a4.v1,0.6757736074598779
Glyma.06G176800.Wm82.a4.v1,0.6757642686041679
Glyma.07G195000.Wm82.a4.v1,0.6757362520370379
Glyma.15G134500.Wm82.a4.v1,0.6757315826091829
Glyma.13G150900.Wm82.a4.v1,0.6757129048977629
Glyma.19G112600.Wm82.a4.v1,0.6755821609178227
Glyma.13G196300.Wm82.a4.v1,0.6755681526342577
Glyma.17G049000.Wm82.a4.v1,0.6755261277835627
Glyma.04G184300.Wm82.a4.v1,0.6755167889278527
Glyma.20G078100.Wm82.a4.v1,0.6755121194999977
Glyma.10G104651.Wm82.a4.v1,0.6755027806442877
Glyma.15G097000.Wm82.a4.v1,0.6754514169378826
Glyma.01G070300.Wm82.a4.v1,0.6754467475100276
Glyma.02G064900.Wm82.a4.v1,0.6754280697986076
Glyma.08G178700.Wm82.a4.v1,0.6753673672364925
Glyma.17G094800.Wm82.a4.v1,0.6753066646743775
Glyma.06G323800.Wm82.a4.v1,0.6752412926844074
Glyma.02G304000.Wm82.a4.v1,0.6752366232565524
Glyma.08G172100.Wm82.a4.v1,0.6752179455451324
Glyma.16G208800.Wm82.a4.v1,0.6751805901222924
Glyma.10G146900.Wm82.a4.v1,0.6751712512665823
Glyma.09G077500.Wm82.a4.v1,0.6751479041273073
Glyma.02G261500.Wm82.a4.v1,0.6751385652715973
Glyma.07G035800.Wm82.a4.v1,0.6751105487044673
Glyma.17G215300.Wm82.a4.v1,0.6751058792766123
Glyma.18G209600.Wm82.a4.v1,0.6751035445626847
Glyma.16G106500.Wm82.a4.v1,0.6751012098487572
Glyma.20G194100.Wm82.a4.v1,0.6750918709930472
Glyma.03G153100.Wm82.a4.v1,0.6750918709930472
Glyma.13G306700.Wm82.a4.v1,0.6750218295752222
Glyma.17G049600.Wm82.a4.v1,0.6749611270131071
Glyma.07G136000.Wm82.a4.v1,0.6749564575852521
Glyma.07G244900.Wm82.a4.v1,0.674914432734557
Glyma.16G070400.Wm82.a4.v1,0.674895755023137
Glyma.06G017800.Wm82.a4.v1,0.674895755023137
Glyma.11G011800.Wm82.a4.v1,0.674891085595282
Glyma.02G072500.Wm82.a4.v1,0.6748747425977895
Glyma.14G203800.Wm82.a4.v1,0.6748724078838619
Glyma.18G195700.Wm82.a4.v1,0.674863069028152
Glyma.03G078700.Wm82.a4.v1,0.674863069028152
Glyma.09G224000.Wm82.a4.v1,0.6747930276103269
Glyma.13G246400.Wm82.a4.v1,0.6747510027596318
Glyma.02G047300.Wm82.a4.v1,0.6747510027596318
Glyma.10G145200.Wm82.a4.v1,0.6747416639039219
Glyma.12G227400.Wm82.a4.v1,0.6747416639039219
Glyma.13G165500.Wm82.a4.v1,0.6747369944760668
Glyma.04G006200.Wm82.a4.v1,0.6747229861925018
Glyma.01G168000.Wm82.a4.v1,0.6746716224860968
Glyma.05G102000.Wm82.a4.v1,0.6746436059189668
Glyma.11G039100.Wm82.a4.v1,0.6745688950732867
Glyma.05G189200.Wm82.a4.v1,0.6745642256454316
Glyma.10G124300.Wm82.a4.v1,0.6745595562175767
Glyma.02G044000.Wm82.a4.v1,0.6744895147997516
Glyma.08G306800.Wm82.a4.v1,0.6744661676604765
Glyma.07G063300.Wm82.a4.v1,0.6744241428097815
Glyma.15G017300.Wm82.a4.v1,0.6744054650983615
Glyma.09G190000.Wm82.a4.v1,0.6744054650983615
Glyma.08G123200.Wm82.a4.v1,0.6744007956705065
Glyma.16G207400.Wm82.a4.v1,0.6743867873869415
Glyma.10G297300.Wm82.a4.v1,0.6743307542526814
Glyma.08G143600.Wm82.a4.v1,0.6743214153969714
Glyma.17G232225.Wm82.a4.v1,0.6743074071134064
Glyma.17G041100.Wm82.a4.v1,0.6743027376855514
Glyma.19G060200.Wm82.a4.v1,0.6742793905462764
Glyma.13G006200.Wm82.a4.v1,0.6742653822627114
Glyma.07G204700.Wm82.a4.v1,0.6742490392652188
Glyma.16G109300.Wm82.a4.v1,0.6742420351234363
Glyma.01G012500.Wm82.a4.v1,0.6742140185563062
Glyma.18G242500.Wm82.a4.v1,0.6742140185563062
Glyma.09G234300.Wm82.a4.v1,0.6741766631334662
Glyma.04G047500.Wm82.a4.v1,0.6741719937056112
Glyma.04G152200.Wm82.a4.v1,0.6741579854220462
Glyma.07G060500.Wm82.a4.v1,0.6741486465663362
Glyma.06G193900.Wm82.a4.v1,0.6740972828599312
Glyma.08G225500.Wm82.a4.v1,0.6740832745763662
Glyma.17G063500.Wm82.a4.v1,0.6740505885813811
Glyma.09G045900.Wm82.a4.v1,0.6740365802978161
Glyma.14G140800.Wm82.a4.v1,0.6740365802978161
Glyma.20G190900.Wm82.a4.v1,0.6739945554471211
Glyma.13G363400.Wm82.a4.v1,0.673975877735701
Glyma.15G255000.Wm82.a4.v1,0.6739572000242811
Glyma.11G123000.Wm82.a4.v1,0.673915175173586
Glyma.18G149800.Wm82.a4.v1,0.673873150322891
Glyma.10G101200.Wm82.a4.v1,0.673859142039326
Glyma.06G111000.Wm82.a4.v1,0.6738544726114709
Glyma.01G189600.Wm82.a4.v1,0.6737891006215009
Glyma.02G131900.Wm82.a4.v1,0.6737610840543709
Glyma.02G116100.Wm82.a4.v1,0.6737377369150958
Glyma.06G079600.Wm82.a4.v1,0.6737377369150958
Glyma.17G135400.Wm82.a4.v1,0.6737377369150958
Glyma.09G082300.Wm82.a4.v1,0.6737330674872408
Glyma.14G022800.Wm82.a4.v1,0.6737330674872408
Glyma.01G164100.Wm82.a4.v1,0.6737097203479657
Glyma.08G164900.Wm82.a4.v1,0.6737003814922558
Glyma.05G243700.Wm82.a4.v1,0.6736583566415607
Glyma.09G098400.Wm82.a4.v1,0.6736163317908657
Glyma.07G256900.Wm82.a4.v1,0.6736116623630106
Glyma.13G325400.Wm82.a4.v1,0.6736069929351557
Glyma.02G273000.Wm82.a4.v1,0.6735602986566056
Glyma.05G227100.Wm82.a4.v1,0.6735416209451855
Glyma.13G236400.Wm82.a4.v1,0.6735369515173306
Glyma.06G132000.Wm82.a4.v1,0.6735322820894756
Glyma.01G058300.Wm82.a4.v1,0.6734575712437955
Glyma.07G014300.Wm82.a4.v1,0.6734388935323755
Glyma.11G137400.Wm82.a4.v1,0.6734202158209555
Glyma.04G030800.Wm82.a4.v1,0.6734155463931004
Glyma.07G093100.Wm82.a4.v1,0.6733548438309854
Glyma.09G118600.Wm82.a4.v1,0.6733081495524353
Glyma.15G156400.Wm82.a4.v1,0.6732848024131604
Glyma.10G121506.Wm82.a4.v1,0.6732614552738853
Glyma.10G166000.Wm82.a4.v1,0.6732567858460303
Glyma.03G240100.Wm82.a4.v1,0.6732474469903202
Glyma.13G119000.Wm82.a4.v1,0.6732334387067552
Glyma.20G130800.Wm82.a4.v1,0.6732147609953353
Glyma.16G001800.Wm82.a4.v1,0.6731867444282053
Glyma.13G353100.Wm82.a4.v1,0.6731587278610752
Glyma.01G026200.Wm82.a4.v1,0.6731540584332202
Glyma.13G224500.Wm82.a4.v1,0.6730980252989601
Glyma.05G056000.Wm82.a4.v1,0.673037322736845
Glyma.04G024100.Wm82.a4.v1,0.6730186450254251
Glyma.13G210000.Wm82.a4.v1,0.67299529788615
Glyma.14G075300.Wm82.a4.v1,0.672990628458295
Glyma.15G047100.Wm82.a4.v1,0.672981289602585
Glyma.20G183500.Wm82.a4.v1,0.672981289602585
Glyma.09G007852.Wm82.a4.v1,0.67292992589618
Glyma.15G084900.Wm82.a4.v1,0.6729159176126149
Glyma.13G146900.Wm82.a4.v1,0.6729159176126149
Glyma.19G221000.Wm82.a4.v1,0.6728972399011949
Glyma.06G313600.Wm82.a4.v1,0.6728785621897749
Glyma.05G064800.Wm82.a4.v1,0.6728225290555149
Glyma.08G094700.Wm82.a4.v1,0.6728131901998048
Glyma.05G019800.Wm82.a4.v1,0.6727991819162398
Glyma.13G247700.Wm82.a4.v1,0.6727805042048198
Glyma.15G086400.Wm82.a4.v1,0.6727571570655447
Glyma.02G190600.Wm82.a4.v1,0.6727104627869948
Glyma.08G294300.Wm82.a4.v1,0.6726964545034297
Glyma.15G079600.Wm82.a4.v1,0.6726964545034297
Glyma.10G047500.Wm82.a4.v1,0.6726917850755747
Glyma.06G081100.Wm82.a4.v1,0.6726754420780822
Glyma.13G238800.Wm82.a4.v1,0.6726497602248797
Glyma.04G002700.Wm82.a4.v1,0.6726030659463296
Glyma.03G071600.Wm82.a4.v1,0.6725843882349096
Glyma.07G235100.Wm82.a4.v1,0.6725423633842146
Glyma.11G081600.Wm82.a4.v1,0.6724396359714044
Glyma.12G089500.Wm82.a4.v1,0.6724302971156945
Glyma.19G253000.Wm82.a4.v1,0.6724162888321294
Glyma.14G224200.Wm82.a4.v1,0.6724069499764194
Glyma.19G075800.Wm82.a4.v1,0.6724022805485644
Glyma.11G062400.Wm82.a4.v1,0.6723976111207094
Glyma.09G005200.Wm82.a4.v1,0.6723836028371444
Glyma.05G188500.Wm82.a4.v1,0.6723509168421593
Glyma.09G279400.Wm82.a4.v1,0.6723275697028843
Glyma.02G309600.Wm82.a4.v1,0.6723135614193193
Glyma.12G205300.Wm82.a4.v1,0.6722948837078992
Glyma.12G171000.Wm82.a4.v1,0.6722808754243342
Glyma.20G000400.Wm82.a4.v1,0.6722762059964793
Glyma.13G035400.Wm82.a4.v1,0.6722715365686243
Glyma.09G061000.Wm82.a4.v1,0.6722715365686243
Glyma.01G015400.Wm82.a4.v1,0.6722668671407692
Glyma.18G171400.Wm82.a4.v1,0.6722668671407692
Glyma.15G053700.Wm82.a4.v1,0.6722621977129143
Glyma.03G147000.Wm82.a4.v1,0.6722621977129143
Glyma.16G128600.Wm82.a4.v1,0.6722528588572042
Glyma.02G276300.Wm82.a4.v1,0.6722481894293493
Glyma.10G104767.Wm82.a4.v1,0.6721548008722491
Glyma.06G089000.Wm82.a4.v1,0.6721127760215541
Glyma.11G202900.Wm82.a4.v1,0.6720940983101341
Glyma.15G122600.Wm82.a4.v1,0.6720800900265691
Glyma.08G084800.Wm82.a4.v1,0.672070751170859
Glyma.14G097800.Wm82.a4.v1,0.672042734603729
Glyma.04G094500.Wm82.a4.v1,0.672028726320164
Glyma.13G052100.Wm82.a4.v1,0.6719960403251789
Glyma.17G110900.Wm82.a4.v1,0.6719306683352089
Glyma.13G254200.Wm82.a4.v1,0.6719306683352089
Glyma.12G189400.Wm82.a4.v1,0.6719259989073538
Glyma.17G109200.Wm82.a4.v1,0.6719119906237888
Glyma.05G167100.Wm82.a4.v1,0.6718186020666888
Glyma.15G027300.Wm82.a4.v1,0.6717905854995587
Glyma.18G042300.Wm82.a4.v1,0.6717462259349362
Glyma.12G030800.Wm82.a4.v1,0.6717158746538786
Glyma.14G060200.Wm82.a4.v1,0.6716878580867486
Glyma.07G107700.Wm82.a4.v1,0.6716878580867486
Glyma.09G231900.Wm82.a4.v1,0.6716785192310386
Glyma.02G132200.Wm82.a4.v1,0.6716691803753286
Glyma.19G218200.Wm82.a4.v1,0.6716318249524885
Glyma.15G034200.Wm82.a4.v1,0.6716084778132135
Glyma.17G190800.Wm82.a4.v1,0.6716038083853585
Glyma.13G142100.Wm82.a4.v1,0.6715944695296485
Glyma.18G094500.Wm82.a4.v1,0.6715664529625185
Glyma.17G082100.Wm82.a4.v1,0.6715197586839684
Glyma.04G016500.Wm82.a4.v1,0.6715150892561135
Glyma.17G183400.Wm82.a4.v1,0.6715104198282584
Glyma.19G091800.Wm82.a4.v1,0.6715057504004034
Glyma.09G168400.Wm82.a4.v1,0.6714870726889834
Glyma.14G194100.Wm82.a4.v1,0.6714497172661433
Glyma.10G279800.Wm82.a4.v1,0.6713796758483183
Glyma.18G109000.Wm82.a4.v1,0.6713750064204633
Glyma.09G069500.Wm82.a4.v1,0.6713703369926083
Glyma.09G222500.Wm82.a4.v1,0.6713376509976232
Glyma.19G138000.Wm82.a4.v1,0.6713143038583482
Glyma.02G306200.Wm82.a4.v1,0.6713096344304932
Glyma.16G163600.Wm82.a4.v1,0.6712956261469282
Glyma.09G229000.Wm82.a4.v1,0.6712536012962331
Glyma.05G158700.Wm82.a4.v1,0.6712489318683782
Glyma.08G067800.Wm82.a4.v1,0.6712209153012482
Glyma.04G125600.Wm82.a4.v1,0.6712115764455381
Glyma.18G137700.Wm82.a4.v1,0.671183559878408
Glyma.09G256600.Wm82.a4.v1,0.671146204455568
Glyma.10G171700.Wm82.a4.v1,0.671127526744148
Glyma.04G233000.Wm82.a4.v1,0.6711228573162931
Glyma.02G221100.Wm82.a4.v1,0.671090171321308
Glyma.14G218700.Wm82.a4.v1,0.6710714936098879
Glyma.14G039600.Wm82.a4.v1,0.671062154754178
Glyma.19G115900.Wm82.a4.v1,0.6710574853263229
Glyma.11G240500.Wm82.a4.v1,0.6710154604756279
Glyma.05G062900.Wm82.a4.v1,0.6709734356249328
Glyma.01G025500.Wm82.a4.v1,0.6709734356249328
Glyma.08G176400.Wm82.a4.v1,0.6709477537717303
Glyma.09G262200.Wm82.a4.v1,0.6709080636349628
Glyma.07G250700.Wm82.a4.v1,0.6708987247792528
Glyma.17G232200.Wm82.a4.v1,0.6708847164956878
Glyma.05G238700.Wm82.a4.v1,0.6708520305007027
Glyma.03G259800.Wm82.a4.v1,0.6707259559486176
Glyma.16G048900.Wm82.a4.v1,0.6707072782371976
Glyma.07G237900.Wm82.a4.v1,0.6706932699536325
Glyma.10G068100.Wm82.a4.v1,0.6706372368193725
Glyma.06G000300.Wm82.a4.v1,0.6706278979636625
Glyma.15G108400.Wm82.a4.v1,0.6706278979636625
Glyma.01G020200.Wm82.a4.v1,0.6706045508243875
Glyma.02G044700.Wm82.a4.v1,0.6705671954015474
Glyma.05G225200.Wm82.a4.v1,0.6705064928394324
Glyma.14G152900.Wm82.a4.v1,0.6704551291330273
Glyma.09G191600.Wm82.a4.v1,0.6704317819937523
Glyma.16G122200.Wm82.a4.v1,0.6704317819937523
Glyma.17G029200.Wm82.a4.v1,0.6703524017202173
Glyma.20G160900.Wm82.a4.v1,0.6703383934366522
Glyma.06G325200.Wm82.a4.v1,0.6703290545809422
Glyma.09G119700.Wm82.a4.v1,0.6702870297302471
Glyma.11G247600.Wm82.a4.v1,0.6702776908745371
Glyma.07G086900.Wm82.a4.v1,0.670216988312422
Glyma.10G039100.Wm82.a4.v1,0.670216988312422
Glyma.16G120600.Wm82.a4.v1,0.6702076494567121
Glyma.13G055400.Wm82.a4.v1,0.670202980028857
Glyma.07G069800.Wm82.a4.v1,0.670165624606017
Glyma.06G033300.Wm82.a4.v1,0.670151616322452
Glyma.07G190600.Wm82.a4.v1,0.670142277466742
Glyma.02G005100.Wm82.a4.v1,0.6701049220439019
Glyma.10G146000.Wm82.a4.v1,0.6700909137603369
Glyma.17G244300.Wm82.a4.v1,0.6700442194817869
Glyma.11G040200.Wm82.a4.v1,0.6700395500539319
Glyma.06G114900.Wm82.a4.v1,0.6700115334868019
Glyma.20G165400.Wm82.a4.v1,0.6699975252032369
Glyma.13G065500.Wm82.a4.v1,0.6699881863475269
Glyma.01G053200.Wm82.a4.v1,0.6699741780639619
Glyma.19G113200.Wm82.a4.v1,0.6699601697803969
Glyma.02G286300.Wm82.a4.v1,0.6698947977904267
Glyma.15G212400.Wm82.a4.v1,0.6698527729397317
Glyma.15G072100.Wm82.a4.v1,0.6698481035118767
Glyma.20G180600.Wm82.a4.v1,0.6698387646561667
Glyma.11G125700.Wm82.a4.v1,0.6698060786611817
Glyma.08G108400.Wm82.a4.v1,0.6698014092333267
Glyma.02G171900.Wm82.a4.v1,0.6698014092333267
Glyma.13G219800.Wm82.a4.v1,0.6697827315219066
Glyma.04G189900.Wm82.a4.v1,0.6697593843826316
Glyma.10G224000.Wm82.a4.v1,0.6697547149547766
Glyma.05G151700.Wm82.a4.v1,0.6697360372433566
Glyma.11G190000.Wm82.a4.v1,0.6697360372433566
Glyma.08G133600.Wm82.a4.v1,0.6696659958255315
Glyma.20G018300.Wm82.a4.v1,0.6696193015469815
Glyma.05G110100.Wm82.a4.v1,0.6695959544077065
Glyma.08G319000.Wm82.a4.v1,0.6695212435620264
Glyma.03G004200.Wm82.a4.v1,0.6695165741341713
Glyma.08G212300.Wm82.a4.v1,0.6695072352784613
Glyma.10G022800.Wm82.a4.v1,0.6694745492834763
Glyma.20G060100.Wm82.a4.v1,0.6694371938606363
Glyma.13G052000.Wm82.a4.v1,0.6693951690099412
Glyma.02G211300.Wm82.a4.v1,0.6693904995820862
Glyma.04G075000.Wm82.a4.v1,0.6693811607263762
Glyma.13G106900.Wm82.a4.v1,0.6693811607263762
Glyma.08G072400.Wm82.a4.v1,0.6693718218706662
Glyma.15G232600.Wm82.a4.v1,0.6693438053035362
Glyma.02G283000.Wm82.a4.v1,0.6693344664478261
Glyma.13G194500.Wm82.a4.v1,0.6693297970199712
Glyma.03G074700.Wm82.a4.v1,0.6693064498806961
Glyma.15G092500.Wm82.a4.v1,0.6692877721692762
Glyma.15G060300.Wm82.a4.v1,0.669250416746436
Glyma.04G090300.Wm82.a4.v1,0.6692457473185811
Glyma.03G122400.Wm82.a4.v1,0.6692457473185811
Glyma.18G240700.Wm82.a4.v1,0.669227069607161
Glyma.04G206600.Wm82.a4.v1,0.669213061323596
Glyma.08G060800.Wm82.a4.v1,0.669208391895741
Glyma.13G225600.Wm82.a4.v1,0.669208391895741
Glyma.02G240700.Wm82.a4.v1,0.669189714184321
Glyma.19G154800.Wm82.a4.v1,0.669180375328611
Glyma.02G159500.Wm82.a4.v1,0.669180375328611
Glyma.19G111900.Wm82.a4.v1,0.669166367045046
Glyma.13G120200.Wm82.a4.v1,0.669161697617191
Glyma.04G023067.Wm82.a4.v1,0.669129011622206
Glyma.13G182900.Wm82.a4.v1,0.6691243421943509
Glyma.06G111100.Wm82.a4.v1,0.6690823173436559
Glyma.07G026800.Wm82.a4.v1,0.6690776479158008
Glyma.20G043000.Wm82.a4.v1,0.6690122759258308
Glyma.13G172500.Wm82.a4.v1,0.6689188873687307
Glyma.15G019900.Wm82.a4.v1,0.6689188873687307
Glyma.18G262900.Wm82.a4.v1,0.6688535153787606
Glyma.13G193600.Wm82.a4.v1,0.6688488459509057
Glyma.06G263000.Wm82.a4.v1,0.6688114905280655
Glyma.02G034900.Wm82.a4.v1,0.6687974822445005
Glyma.10G288200.Wm82.a4.v1,0.6687974822445005
Glyma.03G018500.Wm82.a4.v1,0.6687788045330806
Glyma.06G306300.Wm82.a4.v1,0.6687788045330806
Glyma.09G210200.Wm82.a4.v1,0.6687461185380955
Glyma.04G062000.Wm82.a4.v1,0.6687367796823855
Glyma.10G291800.Wm82.a4.v1,0.6687274408266755
Glyma.09G203500.Wm82.a4.v1,0.6686620688367054
Glyma.12G099800.Wm82.a4.v1,0.6686527299809955
Glyma.07G133100.Wm82.a4.v1,0.6686340522695754
Glyma.04G252600.Wm82.a4.v1,0.6686247134138654
Glyma.17G144900.Wm82.a4.v1,0.6686107051303004
Glyma.16G177100.Wm82.a4.v1,0.6685546719960404
Glyma.04G221600.Wm82.a4.v1,0.6685173165732002
Glyma.02G038300.Wm82.a4.v1,0.6685173165732002
Glyma.04G235900.Wm82.a4.v1,0.6684939694339253
Glyma.04G025900.Wm82.a4.v1,0.6684752917225052
Glyma.18G211400.Wm82.a4.v1,0.6684332668718102
Glyma.06G087200.Wm82.a4.v1,0.6684285974439552
Glyma.11G142300.Wm82.a4.v1,0.6684239280161002
Glyma.16G011200.Wm82.a4.v1,0.6683912420211151
Glyma.20G190800.Wm82.a4.v1,0.6683632254539851
Glyma.15G047800.Wm82.a4.v1,0.6683398783147101
Glyma.15G094900.Wm82.a4.v1,0.6683305394590001
Glyma.08G122700.Wm82.a4.v1,0.668307192319725
Glyma.18G179800.Wm82.a4.v1,0.66829318403616
Glyma.02G058800.Wm82.a4.v1,0.6682745063247401
Glyma.07G013400.Wm82.a4.v1,0.668269836896885
Glyma.13G075000.Wm82.a4.v1,0.66826516746903
Glyma.07G060800.Wm82.a4.v1,0.6682371509019
Glyma.20G079100.Wm82.a4.v1,0.6681484317726549
Glyma.18G051100.Wm82.a4.v1,0.6681250846333798
Glyma.12G017800.Wm82.a4.v1,0.6681204152055249
Glyma.18G114800.Wm82.a4.v1,0.6680643820712648
Glyma.08G002600.Wm82.a4.v1,0.6680176877927148
Glyma.04G093400.Wm82.a4.v1,0.6679429769470346
Glyma.20G229500.Wm82.a4.v1,0.6679336380913247
Glyma.11G168428.Wm82.a4.v1,0.6679196298077597
Glyma.07G085100.Wm82.a4.v1,0.6679056215241946
Glyma.16G072600.Wm82.a4.v1,0.6678962826684847
Glyma.10G066300.Wm82.a4.v1,0.6678122329670946
Glyma.09G260200.Wm82.a4.v1,0.6677842163999645
Glyma.08G337200.Wm82.a4.v1,0.6677468609771244
Glyma.10G182600.Wm82.a4.v1,0.6677375221214145
Glyma.12G212100.Wm82.a4.v1,0.6676954972707194
Glyma.18G073700.Wm82.a4.v1,0.6676581418478794
Glyma.13G209200.Wm82.a4.v1,0.6676488029921693
Glyma.10G019000.Wm82.a4.v1,0.6675694227186343
Glyma.13G212700.Wm82.a4.v1,0.6675647532907792
Glyma.17G257700.Wm82.a4.v1,0.6675600838629243
Glyma.02G057200.Wm82.a4.v1,0.6675554144350693
Glyma.09G286300.Wm82.a4.v1,0.6675320672957943
Glyma.11G005800.Wm82.a4.v1,0.6674947118729542
Glyma.18G039100.Wm82.a4.v1,0.6674947118729542
Glyma.07G080100.Wm82.a4.v1,0.6674760341615342
Glyma.19G254700.Wm82.a4.v1,0.6674666953058241
Glyma.05G113400.Wm82.a4.v1,0.6674620258779692
Glyma.19G028400.Wm82.a4.v1,0.6674526870222591
Glyma.06G144500.Wm82.a4.v1,0.6674433481665492
Glyma.02G189600.Wm82.a4.v1,0.6674433481665492
Glyma.11G118300.Wm82.a4.v1,0.6674386787386941
Glyma.18G236800.Wm82.a4.v1,0.6674386787386941
Glyma.04G253400.Wm82.a4.v1,0.6674293398829841
Glyma.11G223700.Wm82.a4.v1,0.6674246704551291
Glyma.03G258600.Wm82.a4.v1,0.667382645604434
Glyma.08G206900.Wm82.a4.v1,0.667312604186609
Glyma.10G001400.Wm82.a4.v1,0.667303265330899
Glyma.07G006300.Wm82.a4.v1,0.667247232196639
Glyma.08G356500.Wm82.a4.v1,0.6672425627687839
Glyma.07G215200.Wm82.a4.v1,0.6672285544852189
Glyma.10G181900.Wm82.a4.v1,0.6672145462016539
Glyma.16G058800.Wm82.a4.v1,0.6672005379180889
Glyma.15G121600.Wm82.a4.v1,0.6672005379180889
Glyma.18G219100.Wm82.a4.v1,0.6671771907788139
Glyma.19G101000.Wm82.a4.v1,0.6671678519231039
Glyma.05G218100.Wm82.a4.v1,0.6671678519231039
Glyma.16G062200.Wm82.a4.v1,0.6670978105052788
Glyma.13G179900.Wm82.a4.v1,0.6670931410774238
Glyma.14G181300.Wm82.a4.v1,0.6670557856545838
Glyma.18G143600.Wm82.a4.v1,0.6670511162267287
Glyma.06G254700.Wm82.a4.v1,0.6670324385153087
Glyma.02G207500.Wm82.a4.v1,0.6670277690874538
Glyma.15G022500.Wm82.a4.v1,0.6670230996595987
Glyma.11G007300.Wm82.a4.v1,0.6670184302317437
Glyma.19G154900.Wm82.a4.v1,0.6670044219481787
Glyma.11G222500.Wm82.a4.v1,0.6669623970974836
Glyma.20G000300.Wm82.a4.v1,0.6669577276696287
Glyma.17G058700.Wm82.a4.v1,0.6669250416746436
Glyma.10G162400.Wm82.a4.v1,0.6668923556796585
Glyma.09G091900.Wm82.a4.v1,0.6668690085403836
Glyma.05G118000.Wm82.a4.v1,0.6668550002568185
Glyma.02G208900.Wm82.a4.v1,0.6668363225453985
Glyma.07G037300.Wm82.a4.v1,0.6668176448339785
Glyma.17G109400.Wm82.a4.v1,0.6667849588389935
Glyma.13G248100.Wm82.a4.v1,0.6667569422718634
Glyma.05G115000.Wm82.a4.v1,0.6667382645604434
Glyma.15G182800.Wm82.a4.v1,0.6667335951325885
Glyma.05G143800.Wm82.a4.v1,0.6667289257047334
Glyma.09G075400.Wm82.a4.v1,0.6667009091376034
Glyma.10G235100.Wm82.a4.v1,0.6664954543119832
Glyma.15G055100.Wm82.a4.v1,0.6664580988891431
Glyma.02G277400.Wm82.a4.v1,0.6664254128941581
Glyma.11G012100.Wm82.a4.v1,0.6664254128941581
Glyma.08G190300.Wm82.a4.v1,0.666374049187753
Glyma.07G048200.Wm82.a4.v1,0.666364710332043
Glyma.09G011000.Wm82.a4.v1,0.666350702048478
Glyma.06G216700.Wm82.a4.v1,0.666332024337058
Glyma.07G187100.Wm82.a4.v1,0.666313346625638
Glyma.06G141000.Wm82.a4.v1,0.6662433052078129
Glyma.16G057902.Wm82.a4.v1,0.6662386357799579
Glyma.09G011900.Wm82.a4.v1,0.6661779332178428
Glyma.09G039300.Wm82.a4.v1,0.6661732637899878
Glyma.15G091500.Wm82.a4.v1,0.6661592555064227
Glyma.16G207900.Wm82.a4.v1,0.6661452472228577
Glyma.20G184900.Wm82.a4.v1,0.6661452472228577
Glyma.06G071600.Wm82.a4.v1,0.6661312389392927
Glyma.06G034800.Wm82.a4.v1,0.6661195653696552
Glyma.05G127500.Wm82.a4.v1,0.6660938835164527
Glyma.13G215800.Wm82.a4.v1,0.6660775405189602
Glyma.20G126500.Wm82.a4.v1,0.6660518586657577
Glyma.18G286200.Wm82.a4.v1,0.6660098338150626
Glyma.02G186100.Wm82.a4.v1,0.6659911561036426
Glyma.09G051800.Wm82.a4.v1,0.6659818172479326
Glyma.05G192700.Wm82.a4.v1,0.6659491312529475
Glyma.01G186600.Wm82.a4.v1,0.6659444618250926
Glyma.15G105400.Wm82.a4.v1,0.6659397923972376
Glyma.13G152304.Wm82.a4.v1,0.6659211146858175
Glyma.11G234200.Wm82.a4.v1,0.6659071064022525
Glyma.12G148600.Wm82.a4.v1,0.6658697509794125
Glyma.04G149200.Wm82.a4.v1,0.6658650815515574
Glyma.01G074700.Wm82.a4.v1,0.6658370649844274
Glyma.08G165700.Wm82.a4.v1,0.6658183872730075
Glyma.15G039800.Wm82.a4.v1,0.6658137178451524
Glyma.20G147400.Wm82.a4.v1,0.6657903707058774
Glyma.19G082400.Wm82.a4.v1,0.6657857012780224
Glyma.06G139600.Wm82.a4.v1,0.6657670235666023
Glyma.17G138200.Wm82.a4.v1,0.6657483458551824
Glyma.10G289900.Wm82.a4.v1,0.6656923127209223
Glyma.13G176900.Wm82.a4.v1,0.6656596267259373
Glyma.13G281400.Wm82.a4.v1,0.6656362795866623
Glyma.11G121200.Wm82.a4.v1,0.6655989241638222
Glyma.13G272200.Wm82.a4.v1,0.6655615687409822
Glyma.07G250900.Wm82.a4.v1,0.6655475604574171
Glyma.19G120900.Wm82.a4.v1,0.6655055356067221
Glyma.06G017100.Wm82.a4.v1,0.6655008661788671
Glyma.12G054500.Wm82.a4.v1,0.665486857895302
Glyma.11G221800.Wm82.a4.v1,0.6654401636167521
Glyma.06G162300.Wm82.a4.v1,0.665426155333187
Glyma.07G018600.Wm82.a4.v1,0.6653887999103469
Glyma.16G130300.Wm82.a4.v1,0.665379461054637
Glyma.17G088500.Wm82.a4.v1,0.6653747916267819
Glyma.18G007000.Wm82.a4.v1,0.6653234279203769
Glyma.07G126300.Wm82.a4.v1,0.6652347087911318
Glyma.17G196300.Wm82.a4.v1,0.6651319813783217
Glyma.06G088200.Wm82.a4.v1,0.6650992953833367
Glyma.01G224200.Wm82.a4.v1,0.6650526011047866
Glyma.02G290600.Wm82.a4.v1,0.6650455969630041
Glyma.08G332700.Wm82.a4.v1,0.6650152456819466
Glyma.15G020300.Wm82.a4.v1,0.6649125182691364
Glyma.08G340200.Wm82.a4.v1,0.6648891711298615
Glyma.17G234200.Wm82.a4.v1,0.6648798322741515
Glyma.01G187900.Wm82.a4.v1,0.6648237991398914
Glyma.08G359700.Wm82.a4.v1,0.6647584271499213
Glyma.19G109500.Wm82.a4.v1,0.6647257411549363
Glyma.12G117600.Wm82.a4.v1,0.6647210717270813
Glyma.12G067902.Wm82.a4.v1,0.6646930551599513
Glyma.19G078200.Wm82.a4.v1,0.6646837163042413
Glyma.11G141400.Wm82.a4.v1,0.6646697080206763
Glyma.07G123600.Wm82.a4.v1,0.6646416914535462
Glyma.18G170200.Wm82.a4.v1,0.6646043360307061
Glyma.11G090900.Wm82.a4.v1,0.6645529723243011
Glyma.18G301900.Wm82.a4.v1,0.6645016086178961
Glyma.18G238000.Wm82.a4.v1,0.664496939190041
Glyma.10G106100.Wm82.a4.v1,0.6644876003343311
Glyma.15G211800.Wm82.a4.v1,0.664478261478621
Glyma.15G100500.Wm82.a4.v1,0.664403550632941
Glyma.01G148500.Wm82.a4.v1,0.6643802034936659
Glyma.19G249400.Wm82.a4.v1,0.664375534065811
Glyma.03G207000.Wm82.a4.v1,0.6643335092151159
Glyma.11G079800.Wm82.a4.v1,0.6642541289415808
Glyma.20G198600.Wm82.a4.v1,0.6641980958073207
Glyma.15G060200.Wm82.a4.v1,0.6641980958073207
Glyma.U031209.Wm82.a4.v1,0.6641794180959008
Glyma.04G239900.Wm82.a4.v1,0.6641747486680457
Glyma.06G101400.Wm82.a4.v1,0.6641560709566257
Glyma.08G222200.Wm82.a4.v1,0.6640953683945107
Glyma.01G220700.Wm82.a4.v1,0.6640766906830906
Glyma.02G066000.Wm82.a4.v1,0.6640673518273806
Glyma.13G078000.Wm82.a4.v1,0.6640533435438156
Glyma.02G111400.Wm82.a4.v1,0.6640486741159606
Glyma.01G188900.Wm82.a4.v1,0.6639599549867155
Glyma.05G058500.Wm82.a4.v1,0.6639319384195854
Glyma.13G147100.Wm82.a4.v1,0.6638572275739054
Glyma.10G067302.Wm82.a4.v1,0.6638338804346303
Glyma.12G066800.Wm82.a4.v1,0.6638292110067754
Glyma.15G259100.Wm82.a4.v1,0.6638152027232104
Glyma.20G238600.Wm82.a4.v1,0.6637778473003703
Glyma.08G187800.Wm82.a4.v1,0.6637545001610953
Glyma.06G296900.Wm82.a4.v1,0.6637451613053853
Glyma.16G153100.Wm82.a4.v1,0.6637404918775303
Glyma.19G218500.Wm82.a4.v1,0.6636984670268352
Glyma.07G272200.Wm82.a4.v1,0.6636891281711252
Glyma.19G131500.Wm82.a4.v1,0.6636190867533002
Glyma.11G045700.Wm82.a4.v1,0.6636190867533002
Glyma.07G155700.Wm82.a4.v1,0.6636190867533002
Glyma.07G000300.Wm82.a4.v1,0.6636004090418801
Glyma.18G045600.Wm82.a4.v1,0.6636004090418801
Glyma.03G033200.Wm82.a4.v1,0.66355371476333
Glyma.01G241000.Wm82.a4.v1,0.6635256981962
Glyma.05G186600.Wm82.a4.v1,0.663493012201215
Glyma.10G036900.Wm82.a4.v1,0.663464995634085
Glyma.15G088900.Wm82.a4.v1,0.663464995634085
Glyma.18G129700.Wm82.a4.v1,0.66342297078339
Glyma.02G234300.Wm82.a4.v1,0.66342297078339
Glyma.15G191200.Wm82.a4.v1,0.6633996236441149
Glyma.20G051500.Wm82.a4.v1,0.6633856153605499
Glyma.02G212700.Wm82.a4.v1,0.6633856153605499
Glyma.14G149300.Wm82.a4.v1,0.6633762765048399
Glyma.13G219400.Wm82.a4.v1,0.6633435905098548
Glyma.06G076400.Wm82.a4.v1,0.6633062350870148
Glyma.05G184800.Wm82.a4.v1,0.6633015656591598
Glyma.11G053600.Wm82.a4.v1,0.6632922268034498
Glyma.10G173300.Wm82.a4.v1,0.6632922268034498
Glyma.17G175900.Wm82.a4.v1,0.6632782185198848
Glyma.05G167700.Wm82.a4.v1,0.6632735490920297
Glyma.08G254200.Wm82.a4.v1,0.6632175159577697
Glyma.08G173500.Wm82.a4.v1,0.6632128465299146
Glyma.08G321800.Wm82.a4.v1,0.6631941688184947
Glyma.02G238800.Wm82.a4.v1,0.6631287968285245
Glyma.05G075900.Wm82.a4.v1,0.6631241274006696
Glyma.17G034500.Wm82.a4.v1,0.6631101191171046
Glyma.03G227100.Wm82.a4.v1,0.6630727636942645
Glyma.06G014400.Wm82.a4.v1,0.6630727636942645
Glyma.10G186000.Wm82.a4.v1,0.6630540859828445
Glyma.17G055700.Wm82.a4.v1,0.6630494165549895
Glyma.02G152300.Wm82.a4.v1,0.6630447471271345
Glyma.09G179200.Wm82.a4.v1,0.6630400776992795
Glyma.02G109200.Wm82.a4.v1,0.6630120611321495
Glyma.13G268402.Wm82.a4.v1,0.6629560279978894
Glyma.06G178400.Wm82.a4.v1,0.6629560279978894
Glyma.13G154200.Wm82.a4.v1,0.6629466891421794
Glyma.10G292900.Wm82.a4.v1,0.6629326808586143
Glyma.13G003400.Wm82.a4.v1,0.6629140031471944
Glyma.11G166100.Wm82.a4.v1,0.6628859865800644
Glyma.08G061900.Wm82.a4.v1,0.6628439617293693
Glyma.06G085300.Wm82.a4.v1,0.6628159451622393
Glyma.18G300700.Wm82.a4.v1,0.6628019368786743
Glyma.05G103300.Wm82.a4.v1,0.6628019368786743
Glyma.06G086200.Wm82.a4.v1,0.6627972674508192
Glyma.02G080600.Wm82.a4.v1,0.6627739203115443
Glyma.06G123500.Wm82.a4.v1,0.6627552426001242
Glyma.10G040400.Wm82.a4.v1,0.6627459037444142
Glyma.16G153200.Wm82.a4.v1,0.6627225566051391
Glyma.18G030000.Wm82.a4.v1,0.6626945400380091
Glyma.09G208400.Wm82.a4.v1,0.6626805317544441
Glyma.03G231700.Wm82.a4.v1,0.6626291680480391
Glyma.16G017300.Wm82.a4.v1,0.662568465485924
Glyma.06G190900.Wm82.a4.v1,0.662507762923809
Glyma.08G290700.Wm82.a4.v1,0.6625030934959539
Glyma.18G035500.Wm82.a4.v1,0.6624844157845339
Glyma.06G040600.Wm82.a4.v1,0.6624844157845339
Glyma.05G151500.Wm82.a4.v1,0.6624610686452589
Glyma.17G031900.Wm82.a4.v1,0.6624563992174038
Glyma.08G186600.Wm82.a4.v1,0.6624050355109988
Glyma.14G139800.Wm82.a4.v1,0.6623536718045938
Glyma.02G170900.Wm82.a4.v1,0.6623490023767388
Glyma.12G019100.Wm82.a4.v1,0.6623443329488837
Glyma.11G143900.Wm82.a4.v1,0.6623069775260437
Glyma.17G191900.Wm82.a4.v1,0.6622509443917837
Glyma.11G159648.Wm82.a4.v1,0.6622416055360737
Glyma.11G020900.Wm82.a4.v1,0.6622322666803636
Glyma.11G045300.Wm82.a4.v1,0.6622322666803636
Glyma.03G229600.Wm82.a4.v1,0.6622229278246536
Glyma.18G221100.Wm82.a4.v1,0.6621995806853787
Glyma.12G037500.Wm82.a4.v1,0.6621809029739586
Glyma.12G181300.Wm82.a4.v1,0.6621762335461036
Glyma.13G284800.Wm82.a4.v1,0.6621248698396985
Glyma.02G293600.Wm82.a4.v1,0.6621202004118435
Glyma.06G094700.Wm82.a4.v1,0.6621202004118435
Glyma.18G044600.Wm82.a4.v1,0.6621015227004236
Glyma.03G224500.Wm82.a4.v1,0.6620875144168585
Glyma.10G124500.Wm82.a4.v1,0.6620828449890035
Glyma.17G164400.Wm82.a4.v1,0.6620641672775834
Glyma.10G143500.Wm82.a4.v1,0.6620501589940184
Glyma.01G207500.Wm82.a4.v1,0.6620268118547434
Glyma.13G100500.Wm82.a4.v1,0.6619661092926283
Glyma.19G056400.Wm82.a4.v1,0.6619007373026583
Glyma.06G309600.Wm82.a4.v1,0.6618913984469483
Glyma.16G014200.Wm82.a4.v1,0.6618493735962533
Glyma.06G058600.Wm82.a4.v1,0.6618260264569782
Glyma.02G258900.Wm82.a4.v1,0.6618026793177032
Glyma.20G241200.Wm82.a4.v1,0.6617606544670082
Glyma.04G020900.Wm82.a4.v1,0.6617373073277332
Glyma.10G043000.Wm82.a4.v1,0.6617373073277332
Glyma.03G004400.Wm82.a4.v1,0.6617186296163131
Glyma.14G083300.Wm82.a4.v1,0.6617186296163131
Glyma.17G143000.Wm82.a4.v1,0.6617092907606031
Glyma.10G016300.Wm82.a4.v1,0.6616952824770381
Glyma.08G038700.Wm82.a4.v1,0.6616952824770381
Glyma.11G230700.Wm82.a4.v1,0.6616625964820531
Glyma.03G089600.Wm82.a4.v1,0.661620571631358
Glyma.14G222100.Wm82.a4.v1,0.661601893919938
Glyma.07G163700.Wm82.a4.v1,0.661555199641388
Glyma.14G201900.Wm82.a4.v1,0.6615131747906929
Glyma.20G082450.Wm82.a4.v1,0.6614664805121429
Glyma.18G072400.Wm82.a4.v1,0.6614244556614478
Glyma.20G064700.Wm82.a4.v1,0.6613941043803903
Glyma.13G083100.Wm82.a4.v1,0.6613917696664627
Glyma.01G063600.Wm82.a4.v1,0.6613590836714778
Glyma.08G000100.Wm82.a4.v1,0.6613544142436227
Glyma.02G201400.Wm82.a4.v1,0.6613497448157677
Glyma.14G141800.Wm82.a4.v1,0.6613474101018402
Glyma.01G045300.Wm82.a4.v1,0.6613450753879128
Glyma.03G262200.Wm82.a4.v1,0.6613357365322027
Glyma.10G083700.Wm82.a4.v1,0.6613217282486377
Glyma.05G172200.Wm82.a4.v1,0.6613170588207827
Glyma.12G203000.Wm82.a4.v1,0.6613077199650726
Glyma.05G144000.Wm82.a4.v1,0.6613077199650726
Glyma.19G118700.Wm82.a4.v1,0.6613030505372177
Glyma.01G092400.Wm82.a4.v1,0.6612937116815076
Glyma.08G084100.Wm82.a4.v1,0.6612236702636826
Glyma.U032405.Wm82.a4.v1,0.6612190008358276
Glyma.10G263300.Wm82.a4.v1,0.6612096619801175
Glyma.13G127600.Wm82.a4.v1,0.6612026578383351
Glyma.19G167500.Wm82.a4.v1,0.6612003231244076
Glyma.03G028400.Wm82.a4.v1,0.6611909842686976
Glyma.08G112300.Wm82.a4.v1,0.6611863148408426
Glyma.13G183900.Wm82.a4.v1,0.6611629677015676
Glyma.18G279900.Wm82.a4.v1,0.6611536288458575
Glyma.16G067800.Wm82.a4.v1,0.6611396205622925
Glyma.05G106000.Wm82.a4.v1,0.6611162734230175
Glyma.13G157800.Wm82.a4.v1,0.6610509014330475
Glyma.15G219200.Wm82.a4.v1,0.6610088765823524
Glyma.18G228100.Wm82.a4.v1,0.6609948682987874
Glyma.02G202100.Wm82.a4.v1,0.6609621823038023
Glyma.12G007500.Wm82.a4.v1,0.6609575128759473
Glyma.U033205.Wm82.a4.v1,0.6609388351645273
Glyma.12G190700.Wm82.a4.v1,0.6609061491695423
Glyma.10G020700.Wm82.a4.v1,0.6609061491695423
Glyma.16G122800.Wm82.a4.v1,0.6608594548909922
Glyma.04G068700.Wm82.a4.v1,0.6608454466074272
Glyma.10G268700.Wm82.a4.v1,0.6608080911845872
Glyma.10G162100.Wm82.a4.v1,0.6607473886224721
Glyma.19G099900.Wm82.a4.v1,0.6607473886224721
Glyma.12G013000.Wm82.a4.v1,0.6607357150528346
Glyma.10G276200.Wm82.a4.v1,0.6607147026274871
Glyma.10G227100.Wm82.a4.v1,0.660705363771777
Glyma.01G225200.Wm82.a4.v1,0.660644661209662
Glyma.03G148200.Wm82.a4.v1,0.660644661209662
Glyma.14G091700.Wm82.a4.v1,0.660630652926097
Glyma.12G227900.Wm82.a4.v1,0.6606213140703869
Glyma.17G053300.Wm82.a4.v1,0.660597966931112
Glyma.07G218200.Wm82.a4.v1,0.6605932975032569
Glyma.04G074900.Wm82.a4.v1,0.6605559420804169
Glyma.12G030000.Wm82.a4.v1,0.6605466032247069
Glyma.15G236500.Wm82.a4.v1,0.6605139172297219
Glyma.13G356700.Wm82.a4.v1,0.6605139172297219
Glyma.18G187900.Wm82.a4.v1,0.6604158592447668
Glyma.20G122500.Wm82.a4.v1,0.6603971815333467
Glyma.15G240700.Wm82.a4.v1,0.6603551566826517
Glyma.11G143200.Wm82.a4.v1,0.6603504872547967
Glyma.11G090000.Wm82.a4.v1,0.6603458178269417
Glyma.20G248100.Wm82.a4.v1,0.6603411483990866
Glyma.11G029300.Wm82.a4.v1,0.6603364789712316
Glyma.08G336800.Wm82.a4.v1,0.6603364789712316
Glyma.02G072000.Wm82.a4.v1,0.6603271401155216
Glyma.15G106600.Wm82.a4.v1,0.6602757764091166
Glyma.02G267400.Wm82.a4.v1,0.6602664375534065
Glyma.05G185500.Wm82.a4.v1,0.6602617681255516
Glyma.13G171200.Wm82.a4.v1,0.6602524292698415
Glyma.11G215500.Wm82.a4.v1,0.6602384209862765
Glyma.17G095000.Wm82.a4.v1,0.6602150738470015
Glyma.09G279500.Wm82.a4.v1,0.6601870572798715
Glyma.07G023800.Wm82.a4.v1,0.6601823878520164
Glyma.07G100500.Wm82.a4.v1,0.6601637101405965
Glyma.01G064900.Wm82.a4.v1,0.6601403630013214
Glyma.09G057900.Wm82.a4.v1,0.6600889992949164
Glyma.20G133400.Wm82.a4.v1,0.6600469744442213
Glyma.11G165000.Wm82.a4.v1,0.6599675941706863
Glyma.12G036700.Wm82.a4.v1,0.6599442470314112
Glyma.11G089600.Wm82.a4.v1,0.6599442470314112
Glyma.06G162700.Wm82.a4.v1,0.6599349081757012
Glyma.06G316500.Wm82.a4.v1,0.6598882138971511
Glyma.01G228100.Wm82.a4.v1,0.6598882138971511
Glyma.12G161200.Wm82.a4.v1,0.6598695361857312
Glyma.17G003700.Wm82.a4.v1,0.6598181724793261
Glyma.14G017900.Wm82.a4.v1,0.6598088336236161
Glyma.03G167200.Wm82.a4.v1,0.659790155912196
Glyma.13G367100.Wm82.a4.v1,0.659766808772921
Glyma.16G151900.Wm82.a4.v1,0.659752800489356
Glyma.20G204700.Wm82.a4.v1,0.659748131061501
Glyma.18G284200.Wm82.a4.v1,0.659729453350081
Glyma.17G207100.Wm82.a4.v1,0.659720114494371
Glyma.15G177600.Wm82.a4.v1,0.6596500730765459
Glyma.10G038700.Wm82.a4.v1,0.6596360647929809
Glyma.13G113400.Wm82.a4.v1,0.6596080482258508
Glyma.18G123600.Wm82.a4.v1,0.6595987093701409
Glyma.09G239200.Wm82.a4.v1,0.6595940399422858
Glyma.03G069800.Wm82.a4.v1,0.6595613539473009
Glyma.15G046000.Wm82.a4.v1,0.6595286679523158
Glyma.03G040600.Wm82.a4.v1,0.6595146596687508
Glyma.04G062500.Wm82.a4.v1,0.6595006513851858
Glyma.06G041700.Wm82.a4.v1,0.6594492876787807
Glyma.14G105700.Wm82.a4.v1,0.6594025934002307
Glyma.08G326700.Wm82.a4.v1,0.6593792462609557
Glyma.16G068500.Wm82.a4.v1,0.6593045354152756
Glyma.19G149300.Wm82.a4.v1,0.6592485022810155
Glyma.20G111100.Wm82.a4.v1,0.6592391634253055
Glyma.01G207300.Wm82.a4.v1,0.6591924691467554
Glyma.16G096700.Wm82.a4.v1,0.6591504442960604
Glyma.04G068100.Wm82.a4.v1,0.6591457748682054
Glyma.13G283400.Wm82.a4.v1,0.6591130888732204
Glyma.13G065000.Wm82.a4.v1,0.6591130888732204
Glyma.13G116200.Wm82.a4.v1,0.6591037500175103
Glyma.13G232900.Wm82.a4.v1,0.6590757334503803
Glyma.10G209300.Wm82.a4.v1,0.6590477168832503
Glyma.16G040900.Wm82.a4.v1,0.6590290391718303
Glyma.14G161600.Wm82.a4.v1,0.6589356506147301
Glyma.06G009500.Wm82.a4.v1,0.6589123034754552
Glyma.12G201000.Wm82.a4.v1,0.6589029646197452
Glyma.02G205200.Wm82.a4.v1,0.6588889563361802
Glyma.10G005200.Wm82.a4.v1,0.6588749480526152
Glyma.15G044600.Wm82.a4.v1,0.6588656091969051
Glyma.01G161600.Wm82.a4.v1,0.6588609397690501
Glyma.13G287200.Wm82.a4.v1,0.6588189149183551
Glyma.08G265400.Wm82.a4.v1,0.6588142454905
Glyma.08G335400.Wm82.a4.v1,0.658809576062645
Glyma.15G203300.Wm82.a4.v1,0.658762881784095
Glyma.18G255700.Wm82.a4.v1,0.658716187505545
Glyma.14G210200.Wm82.a4.v1,0.6586461460877199
Glyma.20G202100.Wm82.a4.v1,0.6586414766598648
Glyma.15G064800.Wm82.a4.v1,0.6586274683762998
Glyma.06G026400.Wm82.a4.v1,0.6586227989484449
Glyma.15G217400.Wm82.a4.v1,0.6586181295205898
Glyma.04G074300.Wm82.a4.v1,0.6585994518091698
Glyma.02G089000.Wm82.a4.v1,0.6585994518091698
Glyma.09G284500.Wm82.a4.v1,0.6585947823813149
Glyma.04G233700.Wm82.a4.v1,0.6585480881027648
Glyma.06G174000.Wm82.a4.v1,0.6585340798191998
Glyma.13G361200.Wm82.a4.v1,0.6585083979659972
Glyma.02G056800.Wm82.a4.v1,0.6585060632520697
Glyma.20G042200.Wm82.a4.v1,0.6585013938242147
Glyma.07G009100.Wm82.a4.v1,0.6584406912620997
Glyma.15G156700.Wm82.a4.v1,0.6584313524063896
Glyma.13G213100.Wm82.a4.v1,0.6583986664114047
Glyma.20G192500.Wm82.a4.v1,0.6583939969835496
Glyma.08G094600.Wm82.a4.v1,0.6583613109885645
Glyma.09G052500.Wm82.a4.v1,0.6583519721328546
Glyma.10G071800.Wm82.a4.v1,0.6583426332771446
Glyma.01G162700.Wm82.a4.v1,0.6582866001428845
Glyma.18G108300.Wm82.a4.v1,0.6582725918593195
Glyma.16G082900.Wm82.a4.v1,0.6582445752921895
Glyma.05G196800.Wm82.a4.v1,0.6582072198693494
Glyma.17G038100.Wm82.a4.v1,0.6581932115857844
Glyma.03G205300.Wm82.a4.v1,0.6581651950186543
Glyma.01G041500.Wm82.a4.v1,0.6581651950186543
Glyma.10G284400.Wm82.a4.v1,0.6580998230286843
Glyma.14G112400.Wm82.a4.v1,0.6580624676058443
Glyma.17G078900.Wm82.a4.v1,0.6580344510387143
Glyma.06G090300.Wm82.a4.v1,0.6580297816108592
Glyma.08G201300.Wm82.a4.v1,0.6579877567601642
Glyma.02G276200.Wm82.a4.v1,0.6579737484765992
Glyma.17G000900.Wm82.a4.v1,0.6579690790487441
Glyma.10G041100.Wm82.a4.v1,0.6579410624816141
Glyma.05G042600.Wm82.a4.v1,0.6579363930537592
Glyma.03G221500.Wm82.a4.v1,0.6579270541980491
Glyma.18G212700.Wm82.a4.v1,0.6578990376309191
Glyma.10G192200.Wm82.a4.v1,0.6578943682030641
Glyma.18G027000.Wm82.a4.v1,0.6578803599194991
Glyma.01G018800.Wm82.a4.v1,0.657871021063789
Glyma.16G171900.Wm82.a4.v1,0.6578383350688041
Glyma.17G069400.Wm82.a4.v1,0.657810318501674
Glyma.11G220500.Wm82.a4.v1,0.657805649073819
Glyma.19G072702.Wm82.a4.v1,0.657800979645964
Glyma.03G016800.Wm82.a4.v1,0.6577869713623989
Glyma.07G013200.Wm82.a4.v1,0.6577869713623989
Glyma.16G046200.Wm82.a4.v1,0.6577496159395589
Glyma.16G131100.Wm82.a4.v1,0.657740277083849
Glyma.14G105500.Wm82.a4.v1,0.6577215993724289
Glyma.15G258300.Wm82.a4.v1,0.6576935828052989
Glyma.14G065600.Wm82.a4.v1,0.6576935828052989
Glyma.09G020500.Wm82.a4.v1,0.6576795745217339
Glyma.06G020900.Wm82.a4.v1,0.6576749050938788
Glyma.01G039500.Wm82.a4.v1,0.6576422190988939
Glyma.15G031100.Wm82.a4.v1,0.6576188719596188
Glyma.17G131400.Wm82.a4.v1,0.6576048636760538
Glyma.02G198700.Wm82.a4.v1,0.6575908553924887
Glyma.02G208700.Wm82.a4.v1,0.6575394916860837
Glyma.12G047500.Wm82.a4.v1,0.6575301528303737
Glyma.06G004700.Wm82.a4.v1,0.6575208139746637
Glyma.08G178900.Wm82.a4.v1,0.6574927974075336
Glyma.11G246900.Wm82.a4.v1,0.6574881279796787
Glyma.06G055100.Wm82.a4.v1,0.6574834585518237
Glyma.03G188600.Wm82.a4.v1,0.6574787891239686
Glyma.05G148200.Wm82.a4.v1,0.6574367642732736
Glyma.17G245800.Wm82.a4.v1,0.6574180865618535
Glyma.07G126600.Wm82.a4.v1,0.6574040782782885
Glyma.13G002100.Wm82.a4.v1,0.6574040782782885
Glyma.01G164300.Wm82.a4.v1,0.6573994088504336
Glyma.13G214800.Wm82.a4.v1,0.6573900699947235
Glyma.06G043700.Wm82.a4.v1,0.6573527145718835
Glyma.19G163500.Wm82.a4.v1,0.6573480451440284
Glyma.13G163500.Wm82.a4.v1,0.6573433757161735
Glyma.06G088900.Wm82.a4.v1,0.6573293674326085
Glyma.12G230000.Wm82.a4.v1,0.6573293674326085
Glyma.17G142800.Wm82.a4.v1,0.6573200285768984
Glyma.07G105900.Wm82.a4.v1,0.6573060202933334
Glyma.09G271900.Wm82.a4.v1,0.6573013508654785
Glyma.08G035800.Wm82.a4.v1,0.6572733342983484
Glyma.11G112900.Wm82.a4.v1,0.6572546565869284
Glyma.17G165200.Wm82.a4.v1,0.6571892845969584
Glyma.03G066000.Wm82.a4.v1,0.6571005654677132
Glyma.07G028400.Wm82.a4.v1,0.6570351934777432
Glyma.12G083600.Wm82.a4.v1,0.6570025074827581
Glyma.06G233300.Wm82.a4.v1,0.6570025074827581
Glyma.15G115400.Wm82.a4.v1,0.6569651520599181
Glyma.01G058000.Wm82.a4.v1,0.6569604826320631
Glyma.12G209700.Wm82.a4.v1,0.6569371354927881
Glyma.18G245000.Wm82.a4.v1,0.656932466064933
Glyma.17G128300.Wm82.a4.v1,0.6569231272092231
Glyma.03G189500.Wm82.a4.v1,0.656913788353513
Glyma.02G072700.Wm82.a4.v1,0.656895110642093
Glyma.13G118200.Wm82.a4.v1,0.656871763502818
Glyma.06G293400.Wm82.a4.v1,0.6568577552192529
Glyma.08G349000.Wm82.a4.v1,0.656825069224268
Glyma.03G098200.Wm82.a4.v1,0.6567783749457179
Glyma.20G048400.Wm82.a4.v1,0.6567176723836028
Glyma.03G031800.Wm82.a4.v1,0.6567036641000378
Glyma.08G272800.Wm82.a4.v1,0.6566896558164728
Glyma.11G158400.Wm82.a4.v1,0.6565962672593727
Glyma.14G162400.Wm82.a4.v1,0.6564655232794325
Glyma.07G225100.Wm82.a4.v1,0.6564561844237226
Glyma.16G063000.Wm82.a4.v1,0.6564001512894625
Glyma.02G146500.Wm82.a4.v1,0.6563861430058975
Glyma.10G201300.Wm82.a4.v1,0.6563814735780424
Glyma.03G037000.Wm82.a4.v1,0.6563487875830575
Glyma.11G078700.Wm82.a4.v1,0.6563020933045074
Glyma.04G165700.Wm82.a4.v1,0.6562507295981024
Glyma.03G031000.Wm82.a4.v1,0.6562273824588273
Glyma.19G049500.Wm82.a4.v1,0.6562227130309723
Glyma.08G363300.Wm82.a4.v1,0.6561713493245672
Glyma.08G105800.Wm82.a4.v1,0.6561550063270748
Glyma.10G278100.Wm82.a4.v1,0.6561386633295823
Glyma.10G288000.Wm82.a4.v1,0.6560872996231771
Glyma.06G060000.Wm82.a4.v1,0.6560732913396121
Glyma.12G190500.Wm82.a4.v1,0.6560686219117572
Glyma.08G072800.Wm82.a4.v1,0.6560686219117572
Glyma.06G175700.Wm82.a4.v1,0.6560452747724821
Glyma.06G098900.Wm82.a4.v1,0.6560195929192796
Glyma.07G148500.Wm82.a4.v1,0.655989241638222
Glyma.19G095700.Wm82.a4.v1,0.6559565556432371
Glyma.02G226300.Wm82.a4.v1,0.6559425473596721
Glyma.10G087300.Wm82.a4.v1,0.655933208503962
Glyma.17G024700.Wm82.a4.v1,0.6558304810911519
Glyma.18G119600.Wm82.a4.v1,0.6557977950961669
Glyma.04G044700.Wm82.a4.v1,0.6557884562404569
Glyma.10G225102.Wm82.a4.v1,0.6557557702454718
Glyma.18G244300.Wm82.a4.v1,0.6557090759669217
Glyma.15G028500.Wm82.a4.v1,0.6556810593997917
Glyma.05G227000.Wm82.a4.v1,0.6556763899719368
Glyma.08G045700.Wm82.a4.v1,0.6556763899719368
Glyma.04G180200.Wm82.a4.v1,0.6556437039769517
Glyma.13G146800.Wm82.a4.v1,0.6556016791262567
Glyma.11G011200.Wm82.a4.v1,0.6555970096984016
Glyma.19G147900.Wm82.a4.v1,0.6555970096984016
Glyma.11G138700.Wm82.a4.v1,0.6555923402705467
Glyma.03G220700.Wm82.a4.v1,0.6555923402705467
Glyma.16G077900.Wm82.a4.v1,0.6555830014148366
Glyma.03G195000.Wm82.a4.v1,0.6555736625591266
Glyma.18G035800.Wm82.a4.v1,0.6555363071362866
Glyma.05G058300.Wm82.a4.v1,0.6555316377084316
Glyma.04G235500.Wm82.a4.v1,0.6555222988527216
Glyma.04G196600.Wm82.a4.v1,0.6554989517134465
Glyma.01G144500.Wm82.a4.v1,0.6554709351463165
Glyma.08G228000.Wm82.a4.v1,0.6554569268627515
Glyma.13G087900.Wm82.a4.v1,0.6554102325842015
Glyma.03G264600.Wm82.a4.v1,0.6554008937284914
Glyma.20G189033.Wm82.a4.v1,0.6553915548727814
Glyma.13G266400.Wm82.a4.v1,0.6553822160170715
Glyma.05G146500.Wm82.a4.v1,0.6553728771613614
Glyma.19G229900.Wm82.a4.v1,0.6553682077335065
Glyma.08G126200.Wm82.a4.v1,0.6553682077335065
Glyma.11G113600.Wm82.a4.v1,0.6553635383056514
Glyma.06G009900.Wm82.a4.v1,0.6552841580321164
Glyma.15G056300.Wm82.a4.v1,0.6552561414649863
Glyma.07G074800.Wm82.a4.v1,0.6552514720371313
Glyma.11G104700.Wm82.a4.v1,0.6552514720371313
Glyma.15G179800.Wm82.a4.v1,0.6552187860421462
Glyma.02G169200.Wm82.a4.v1,0.6552141166142913
Glyma.16G147600.Wm82.a4.v1,0.6551814306193062
Glyma.16G055800.Wm82.a4.v1,0.6551487446243212
Glyma.03G062800.Wm82.a4.v1,0.6551207280571911
Glyma.02G183700.Wm82.a4.v1,0.6551020503457712
Glyma.03G232800.Wm82.a4.v1,0.6550740337786412
Glyma.14G221100.Wm82.a4.v1,0.6550693643507861
Glyma.04G030300.Wm82.a4.v1,0.6550180006443811
Glyma.06G169600.Wm82.a4.v1,0.654971306365831
Glyma.16G118400.Wm82.a4.v1,0.654943289798701
Glyma.07G203300.Wm82.a4.v1,0.654919942659426
Glyma.04G026300.Wm82.a4.v1,0.6549012649480059
Glyma.03G015500.Wm82.a4.v1,0.654877917808731
Glyma.11G058800.Wm82.a4.v1,0.6548639095251659
Glyma.11G041800.Wm82.a4.v1,0.6548452318137459
Glyma.13G160800.Wm82.a4.v1,0.6547751903959208
Glyma.03G255900.Wm82.a4.v1,0.6547705209680658
Glyma.01G055500.Wm82.a4.v1,0.6547518432566458
Glyma.18G216000.Wm82.a4.v1,0.6547425044009357
Glyma.03G226300.Wm82.a4.v1,0.6547425044009357
Glyma.03G255100.Wm82.a4.v1,0.6547191572616607
Glyma.19G030400.Wm82.a4.v1,0.6547191572616607
Glyma.06G208100.Wm82.a4.v1,0.6547051489780957
Glyma.13G083000.Wm82.a4.v1,0.6546818018388207
Glyma.05G117500.Wm82.a4.v1,0.6546397769881257
Glyma.04G057000.Wm82.a4.v1,0.6546397769881257
Glyma.13G292500.Wm82.a4.v1,0.6546210992767056
Glyma.12G009500.Wm82.a4.v1,0.6546070909931406
Glyma.19G071800.Wm82.a4.v1,0.6546070909931406
Glyma.05G247700.Wm82.a4.v1,0.6545977521374307
Glyma.06G027900.Wm82.a4.v1,0.6545930827095756
Glyma.08G196800.Wm82.a4.v1,0.6545790744260106
Glyma.09G244700.Wm82.a4.v1,0.6545137024360405
Glyma.15G211200.Wm82.a4.v1,0.6545043635803305
Glyma.13G224700.Wm82.a4.v1,0.6544856858689104
Glyma.05G230600.Wm82.a4.v1,0.6544810164410555
Glyma.20G247500.Wm82.a4.v1,0.6544670081574905
Glyma.18G197600.Wm82.a4.v1,0.6544249833067954
Glyma.19G139800.Wm82.a4.v1,0.6544156444510854
Glyma.05G233000.Wm82.a4.v1,0.6544156444510854
Glyma.08G028100.Wm82.a4.v1,0.6543502724611153
Glyma.02G291000.Wm82.a4.v1,0.6543082476104203
Glyma.05G174400.Wm82.a4.v1,0.6542895698990002
Glyma.01G235200.Wm82.a4.v1,0.6542895698990002
Glyma.15G249900.Wm82.a4.v1,0.6542615533318702
Glyma.08G194300.Wm82.a4.v1,0.6542522144761602
Glyma.16G117700.Wm82.a4.v1,0.6542475450483052
Glyma.04G002800.Wm82.a4.v1,0.6542428756204502
Glyma.06G285000.Wm82.a4.v1,0.6542148590533202
Glyma.15G276300.Wm82.a4.v1,0.6541448176354951
Glyma.02G231800.Wm82.a4.v1,0.6541424829215676
Glyma.14G166900.Wm82.a4.v1,0.6541168010683651
Glyma.07G020600.Wm82.a4.v1,0.6541121316405101
Glyma.16G023600.Wm82.a4.v1,0.6541027927848001
Glyma.13G045500.Wm82.a4.v1,0.6540981233569451
Glyma.06G002900.Wm82.a4.v1,0.65402808193912
Glyma.19G087200.Wm82.a4.v1,0.6540094042276999
Glyma.13G115600.Wm82.a4.v1,0.65399072651628
Glyma.18G202700.Wm82.a4.v1,0.6539393628098749
Glyma.13G153600.Wm82.a4.v1,0.6539393628098749
Glyma.06G061300.Wm82.a4.v1,0.6539206850984549
Glyma.18G022500.Wm82.a4.v1,0.6539160156705999
Glyma.04G254900.Wm82.a4.v1,0.6538879991034698
Glyma.04G010000.Wm82.a4.v1,0.6538786602477599
Glyma.02G030900.Wm82.a4.v1,0.6538413048249198
Glyma.15G096800.Wm82.a4.v1,0.6538413048249198
Glyma.18G278900.Wm82.a4.v1,0.6538366353970648
Glyma.19G164300.Wm82.a4.v1,0.6538179576856448
Glyma.02G038000.Wm82.a4.v1,0.6538086188299348
Glyma.09G241300.Wm82.a4.v1,0.6537572551235297
Glyma.09G153200.Wm82.a4.v1,0.6537525856956747
Glyma.09G069000.Wm82.a4.v1,0.6537385774121097
Glyma.10G207300.Wm82.a4.v1,0.6537292385563996
Glyma.19G086600.Wm82.a4.v1,0.6537198997006897
Glyma.07G263800.Wm82.a4.v1,0.6536965525614147
Glyma.12G116000.Wm82.a4.v1,0.6536732054221396
Glyma.03G219500.Wm82.a4.v1,0.6536311805714445
Glyma.15G058700.Wm82.a4.v1,0.653619507001807
Glyma.18G275400.Wm82.a4.v1,0.6535798168650395
Glyma.14G089027.Wm82.a4.v1,0.6535564697257645
Glyma.18G254900.Wm82.a4.v1,0.6535331225864894
Glyma.01G061800.Wm82.a4.v1,0.6535331225864894
Glyma.01G010300.Wm82.a4.v1,0.6535097754472144
Glyma.06G167100.Wm82.a4.v1,0.6534490728850993
Glyma.16G076900.Wm82.a4.v1,0.6534327298876069
Glyma.07G090900.Wm82.a4.v1,0.6534070480344043
Glyma.04G225900.Wm82.a4.v1,0.6533696926115643
Glyma.05G084300.Wm82.a4.v1,0.6533650231837093
Glyma.04G131700.Wm82.a4.v1,0.6533510149001442
Glyma.04G075200.Wm82.a4.v1,0.6532949817658842
Glyma.16G173600.Wm82.a4.v1,0.6532716346266092
Glyma.16G038900.Wm82.a4.v1,0.6532529569151891
Glyma.13G109300.Wm82.a4.v1,0.6532202709202042
Glyma.08G078600.Wm82.a4.v1,0.6532156014923491
Glyma.11G136100.Wm82.a4.v1,0.6532015932087841
Glyma.03G195200.Wm82.a4.v1,0.6531595683580891
Glyma.12G062800.Wm82.a4.v1,0.6531595683580891
Glyma.16G002400.Wm82.a4.v1,0.653089526940264
Glyma.03G042600.Wm82.a4.v1,0.653066179800989
Glyma.09G165000.Wm82.a4.v1,0.653033493806004
Glyma.02G036100.Wm82.a4.v1,0.6530148160945839
Glyma.06G044200.Wm82.a4.v1,0.652996138383164
Glyma.20G157300.Wm82.a4.v1,0.6529727912438889
Glyma.10G284000.Wm82.a4.v1,0.6529214275374838
Glyma.20G218700.Wm82.a4.v1,0.6529120886817739
Glyma.08G054900.Wm82.a4.v1,0.6528887415424988
Glyma.08G135600.Wm82.a4.v1,0.6528560555475138
Glyma.07G059300.Wm82.a4.v1,0.6528560555475138
Glyma.13G343300.Wm82.a4.v1,0.6528420472639488
Glyma.06G127100.Wm82.a4.v1,0.6528233695525287
Glyma.02G247600.Wm82.a4.v1,0.6528046918411087
Glyma.10G070700.Wm82.a4.v1,0.6527720058461237
Glyma.13G239100.Wm82.a4.v1,0.6527626669904136
Glyma.08G090700.Wm82.a4.v1,0.6527393198511386
Glyma.03G119300.Wm82.a4.v1,0.6526832867168786
Glyma.07G247200.Wm82.a4.v1,0.6526832867168786
Glyma.03G163900.Wm82.a4.v1,0.6526739478611686
Glyma.03G010700.Wm82.a4.v1,0.6526739478611686
Glyma.08G302500.Wm82.a4.v1,0.6526132452990535
Glyma.06G053000.Wm82.a4.v1,0.6525852287319235
Glyma.18G191000.Wm82.a4.v1,0.6525478733090835
Glyma.16G146100.Wm82.a4.v1,0.6525385344533734
Glyma.06G013900.Wm82.a4.v1,0.6525058484583884
Glyma.07G235200.Wm82.a4.v1,0.6524965096026784
Glyma.11G063500.Wm82.a4.v1,0.6524684930355483
Glyma.11G088600.Wm82.a4.v1,0.6524638236076934
Glyma.03G084000.Wm82.a4.v1,0.6524498153241284
Glyma.18G229900.Wm82.a4.v1,0.6523610961948832
Glyma.02G261100.Wm82.a4.v1,0.6523517573391733
Glyma.19G012500.Wm82.a4.v1,0.6523097324884782
Glyma.13G180100.Wm82.a4.v1,0.6523003936327681
Glyma.06G202300.Wm82.a4.v1,0.6522910547770582
Glyma.19G061900.Wm82.a4.v1,0.6522256827870881
Glyma.04G248300.Wm82.a4.v1,0.6521976662199581
Glyma.18G052100.Wm82.a4.v1,0.652150971941408
Glyma.11G047000.Wm82.a4.v1,0.652085599951438
Glyma.19G241100.Wm82.a4.v1,0.652085599951438
Glyma.20G168102.Wm82.a4.v1,0.652071591667873
Glyma.17G066400.Wm82.a4.v1,0.6520622528121629
Glyma.02G034400.Wm82.a4.v1,0.6520015502500479
Glyma.20G089300.Wm82.a4.v1,0.6519875419664829
Glyma.02G094300.Wm82.a4.v1,0.6519641948272078
Glyma.19G027700.Wm82.a4.v1,0.6519548559714978
Glyma.17G021200.Wm82.a4.v1,0.6519268394043678
Glyma.17G153800.Wm82.a4.v1,0.6518614674143978
Glyma.13G319200.Wm82.a4.v1,0.6518567979865427
Glyma.05G007600.Wm82.a4.v1,0.6518521285586877
Glyma.04G239200.Wm82.a4.v1,0.6518521285586877
Glyma.04G221300.Wm82.a4.v1,0.6518007648522827
Glyma.03G086100.Wm82.a4.v1,0.6518007648522827
Glyma.03G088100.Wm82.a4.v1,0.6517914259965727
Glyma.06G217200.Wm82.a4.v1,0.6517587400015876
Glyma.17G201100.Wm82.a4.v1,0.6517540705737326
Glyma.08G111400.Wm82.a4.v1,0.6517120457230375
Glyma.15G135500.Wm82.a4.v1,0.6516700208723425
Glyma.02G082800.Wm82.a4.v1,0.6516513431609225
Glyma.03G037100.Wm82.a4.v1,0.6516373348773575
Glyma.07G132500.Wm82.a4.v1,0.6516279960216474
Glyma.16G034700.Wm82.a4.v1,0.6516139877380824
Glyma.19G247000.Wm82.a4.v1,0.6515579546038224
Glyma.04G140400.Wm82.a4.v1,0.6514972520417073
Glyma.15G255900.Wm82.a4.v1,0.6514879131859973
Glyma.09G187600.Wm82.a4.v1,0.6514552271910122
Glyma.11G014000.Wm82.a4.v1,0.6514458883353023
Glyma.08G088900.Wm82.a4.v1,0.6514365494795923
Glyma.03G228900.Wm82.a4.v1,0.6513945246288972
Glyma.09G098600.Wm82.a4.v1,0.6513478303503472
Glyma.11G250600.Wm82.a4.v1,0.6513431609224921
Glyma.02G126702.Wm82.a4.v1,0.6513384914946372
Glyma.16G146900.Wm82.a4.v1,0.6513291526389271
Glyma.08G232700.Wm82.a4.v1,0.6513104749275072
Glyma.17G081050.Wm82.a4.v1,0.6513011360717971
Glyma.12G014100.Wm82.a4.v1,0.6513011360717971
Glyma.08G159500.Wm82.a4.v1,0.6512917972160871
Glyma.07G221600.Wm82.a4.v1,0.6512871277882321
Glyma.11G009800.Wm82.a4.v1,0.6512871277882321
Glyma.07G246800.Wm82.a4.v1,0.6512824583603771
Glyma.13G334200.Wm82.a4.v1,0.6512544417932471
Glyma.09G162100.Wm82.a4.v1,0.6512264252261171
Glyma.01G155900.Wm82.a4.v1,0.651221755798262
Glyma.07G269000.Wm82.a4.v1,0.651217086370407
Glyma.12G128800.Wm82.a4.v1,0.651193739231132
Glyma.17G054200.Wm82.a4.v1,0.6511190283854519
Glyma.16G140300.Wm82.a4.v1,0.6511096895297419
Glyma.02G216000.Wm82.a4.v1,0.6510863423904669
Glyma.15G113400.Wm82.a4.v1,0.6510676646790469
Glyma.17G218300.Wm82.a4.v1,0.6510349786840618
Glyma.01G240500.Wm82.a4.v1,0.6510163009726418
Glyma.20G234600.Wm82.a4.v1,0.6509929538333667
Glyma.08G061800.Wm82.a4.v1,0.6509789455498017
Glyma.10G261600.Wm82.a4.v1,0.6509555984105267
Glyma.13G137300.Wm82.a4.v1,0.6509509289826717
Glyma.19G036900.Wm82.a4.v1,0.6509415901269617
Glyma.07G171600.Wm82.a4.v1,0.6509182429876867
Glyma.18G047300.Wm82.a4.v1,0.6509018999901942
Glyma.03G161100.Wm82.a4.v1,0.6508948958484116
Glyma.13G182000.Wm82.a4.v1,0.6508201850027316
Glyma.09G088700.Wm82.a4.v1,0.6508155155748766
Glyma.04G255000.Wm82.a4.v1,0.6507921684356016
Glyma.05G245000.Wm82.a4.v1,0.6507781601520366
Glyma.09G128500.Wm82.a4.v1,0.6506847715949364
Glyma.18G251900.Wm82.a4.v1,0.6506567550278064
Glyma.18G005200.Wm82.a4.v1,0.6506380773163865
Glyma.16G027600.Wm82.a4.v1,0.6506380773163865
Glyma.02G027600.Wm82.a4.v1,0.6506334078885314
Glyma.20G203000.Wm82.a4.v1,0.6506193996049664
Glyma.04G059100.Wm82.a4.v1,0.6506100607492564
Glyma.12G230900.Wm82.a4.v1,0.6505633664707063
Glyma.05G041300.Wm82.a4.v1,0.6505493581871413
Glyma.15G257600.Wm82.a4.v1,0.6505026639085912
Glyma.17G063000.Wm82.a4.v1,0.6504793167693163
Glyma.15G008100.Wm82.a4.v1,0.6504466307743312
Glyma.18G034300.Wm82.a4.v1,0.6504046059236361
Glyma.03G149900.Wm82.a4.v1,0.6503392339336661
Glyma.19G112200.Wm82.a4.v1,0.6503345645058111
Glyma.13G297700.Wm82.a4.v1,0.6503298950779561
Glyma.04G248900.Wm82.a4.v1,0.6502878702272611
Glyma.07G227750.Wm82.a4.v1,0.650269192515841
Glyma.04G199500.Wm82.a4.v1,0.650264523087986
Glyma.13G233900.Wm82.a4.v1,0.650255184232276
Glyma.16G213400.Wm82.a4.v1,0.650203820525871
Glyma.05G153000.Wm82.a4.v1,0.6501431179637559
Glyma.08G079600.Wm82.a4.v1,0.6501244402523358
Glyma.18G044300.Wm82.a4.v1,0.6501221055384083
Glyma.11G182800.Wm82.a4.v1,0.6500917542573509
Glyma.19G194915.Wm82.a4.v1,0.6500777459737859
Glyma.19G199400.Wm82.a4.v1,0.6500590682623658
Glyma.09G001900.Wm82.a4.v1,0.6500497294066558
Glyma.05G070266.Wm82.a4.v1,0.6500310516952358
Glyma.13G004800.Wm82.a4.v1,0.6500123739838157
Glyma.02G134800.Wm82.a4.v1,0.6499936962723958
Glyma.08G066600.Wm82.a4.v1,0.6499913615584683
Glyma.06G015400.Wm82.a4.v1,0.6499796879888308
Glyma.09G091200.Wm82.a4.v1,0.6499470019938457
Glyma.05G241000.Wm82.a4.v1,0.6499003077152956
Glyma.15G094350.Wm82.a4.v1,0.6498909688595856
Glyma.20G198900.Wm82.a4.v1,0.6498816300038757
Glyma.14G079500.Wm82.a4.v1,0.6498722911481656
Glyma.20G178300.Wm82.a4.v1,0.6498582828646006
Glyma.19G027900.Wm82.a4.v1,0.6498442745810356
Glyma.03G258500.Wm82.a4.v1,0.6498302662974705
Glyma.19G244900.Wm82.a4.v1,0.6498162580139055
Glyma.13G281800.Wm82.a4.v1,0.6497275388846605
Glyma.17G019900.Wm82.a4.v1,0.6497041917453854
Glyma.14G103600.Wm82.a4.v1,0.6496995223175305
Glyma.04G058300.Wm82.a4.v1,0.6496528280389804
Glyma.18G201700.Wm82.a4.v1,0.6496481586111253
Glyma.06G013000.Wm82.a4.v1,0.6496248114718504
Glyma.03G058200.Wm82.a4.v1,0.6496201420439953
Glyma.14G070500.Wm82.a4.v1,0.6495921254768653
Glyma.17G171100.Wm82.a4.v1,0.6495687783375903
Glyma.19G228700.Wm82.a4.v1,0.6495641089097353
Glyma.18G232900.Wm82.a4.v1,0.6495594394818803
Glyma.16G035500.Wm82.a4.v1,0.6495501006261702
Glyma.04G046200.Wm82.a4.v1,0.6495407617704603
Glyma.11G192100.Wm82.a4.v1,0.6495407617704603
Glyma.19G051500.Wm82.a4.v1,0.6495220840590402
Glyma.08G027200.Wm82.a4.v1,0.6495127452033302
Glyma.10G073700.Wm82.a4.v1,0.6494940674919102
Glyma.10G165700.Wm82.a4.v1,0.6494847286362002
Glyma.17G003400.Wm82.a4.v1,0.6494800592083452
Glyma.05G141000.Wm82.a4.v1,0.6494800592083452
Glyma.13G162500.Wm82.a4.v1,0.6494613814969252
Glyma.12G167000.Wm82.a4.v1,0.6494427037855052
Glyma.12G063600.Wm82.a4.v1,0.6494427037855052
Glyma.07G106800.Wm82.a4.v1,0.6494240260740851
Glyma.06G187600.Wm82.a4.v1,0.6494100177905201
Glyma.08G296000.Wm82.a4.v1,0.6493446458005501
Glyma.18G183600.Wm82.a4.v1,0.64932596808913
Glyma.06G094100.Wm82.a4.v1,0.6493072903777101
Glyma.07G268900.Wm82.a4.v1,0.64926059609916
Glyma.04G015300.Wm82.a4.v1,0.6492559266713049
Glyma.10G292700.Wm82.a4.v1,0.649246587815595
Glyma.15G045900.Wm82.a4.v1,0.6491625381142049
Glyma.04G215900.Wm82.a4.v1,0.6491531992584949
Glyma.12G242000.Wm82.a4.v1,0.6491298521192198
Glyma.19G217400.Wm82.a4.v1,0.6491251826913649
Glyma.02G096800.Wm82.a4.v1,0.6491065049799448
Glyma.09G255302.Wm82.a4.v1,0.6490924966963798
Glyma.03G008500.Wm82.a4.v1,0.6490738189849597
Glyma.14G161400.Wm82.a4.v1,0.6490644801292498
Glyma.11G145500.Wm82.a4.v1,0.6490644801292498
Glyma.08G165900.Wm82.a4.v1,0.6490224552785547
Glyma.08G273000.Wm82.a4.v1,0.6490084469949897
Glyma.15G074900.Wm82.a4.v1,0.6489944387114247
Glyma.02G085000.Wm82.a4.v1,0.6489477444328746
Glyma.13G158800.Wm82.a4.v1,0.6489430750050197
Glyma.03G172700.Wm82.a4.v1,0.6489384055771646
Glyma.09G195100.Wm82.a4.v1,0.6489290667214547
Glyma.20G115300.Wm82.a4.v1,0.6487889838858045
Glyma.04G085500.Wm82.a4.v1,0.6487656367465294
Glyma.06G068900.Wm82.a4.v1,0.6487516284629644
Glyma.02G155300.Wm82.a4.v1,0.6487422896072544
Glyma.10G201900.Wm82.a4.v1,0.6487282813236894
Glyma.13G308100.Wm82.a4.v1,0.6487142730401244
Glyma.09G263900.Wm82.a4.v1,0.6487002647565594
Glyma.10G060200.Wm82.a4.v1,0.6486955953287044
Glyma.19G201800.Wm82.a4.v1,0.6486955953287044
Glyma.14G040900.Wm82.a4.v1,0.6486302233387343
Glyma.12G143900.Wm82.a4.v1,0.6486232191969518
Glyma.20G076700.Wm82.a4.v1,0.6485975373437493
Glyma.04G009000.Wm82.a4.v1,0.6485928679158942
Glyma.14G047200.Wm82.a4.v1,0.6485788596323292
Glyma.04G256700.Wm82.a4.v1,0.6485788596323292
Glyma.02G059900.Wm82.a4.v1,0.6485555124930542
Glyma.14G189400.Wm82.a4.v1,0.6485415042094892
Glyma.13G258300.Wm82.a4.v1,0.6485134876423592
Glyma.12G071800.Wm82.a4.v1,0.6484994793587942
Glyma.05G199800.Wm82.a4.v1,0.6484901405030842
Glyma.02G087400.Wm82.a4.v1,0.6484667933638091
Glyma.15G124100.Wm82.a4.v1,0.6484060908016941
Glyma.14G105800.Wm82.a4.v1,0.648345388239579
Glyma.17G136900.Wm82.a4.v1,0.648345388239579
Glyma.03G247400.Wm82.a4.v1,0.648340718811724
Glyma.16G071000.Wm82.a4.v1,0.648331379956014
Glyma.02G123700.Wm82.a4.v1,0.6482846856774639
Glyma.12G164300.Wm82.a4.v1,0.6482519996824789
Glyma.09G032800.Wm82.a4.v1,0.6482146442596388
Glyma.06G063500.Wm82.a4.v1,0.6482006359760738
Glyma.10G069800.Wm82.a4.v1,0.6481772888367988
Glyma.13G194900.Wm82.a4.v1,0.6481492722696688
Glyma.02G272000.Wm82.a4.v1,0.6481165862746837
Glyma.13G046900.Wm82.a4.v1,0.6481025779911187
Glyma.07G078300.Wm82.a4.v1,0.6480932391354087
Glyma.13G241500.Wm82.a4.v1,0.6480932391354087
Glyma.13G269600.Wm82.a4.v1,0.6480932391354087
Glyma.09G154400.Wm82.a4.v1,0.6480768961379162
Glyma.11G042600.Wm82.a4.v1,0.6480652225682787
Glyma.01G213800.Wm82.a4.v1,0.6480138588618737
Glyma.20G074000.Wm82.a4.v1,0.6479858422947437
Glyma.04G203400.Wm82.a4.v1,0.6479718340111786
Glyma.07G253200.Wm82.a4.v1,0.6478784454540785
Glyma.03G180600.Wm82.a4.v1,0.6478737760262235
Glyma.12G210400.Wm82.a4.v1,0.6478597677426585
Glyma.08G046600.Wm82.a4.v1,0.6478457594590935
Glyma.05G062000.Wm82.a4.v1,0.6478130734641084
Glyma.15G261200.Wm82.a4.v1,0.6478130734641084
Glyma.11G094400.Wm82.a4.v1,0.6478084040362534
Glyma.18G014900.Wm82.a4.v1,0.6477990651805434
Glyma.02G098300.Wm82.a4.v1,0.6477850568969784
Glyma.20G117600.Wm82.a4.v1,0.6477757180412684
Glyma.11G094300.Wm82.a4.v1,0.6477710486134134
Glyma.03G169700.Wm82.a4.v1,0.6477710486134134
Glyma.03G010800.Wm82.a4.v1,0.6477570403298484
Glyma.02G174800.Wm82.a4.v1,0.6477383626184283
Glyma.13G256100.Wm82.a4.v1,0.6476916683398783
Glyma.07G225200.Wm82.a4.v1,0.6476683212006032
Glyma.18G196200.Wm82.a4.v1,0.6476403046334732
Glyma.17G016000.Wm82.a4.v1,0.6475515855042282
Glyma.19G101401.Wm82.a4.v1,0.6475469160763732
Glyma.01G202600.Wm82.a4.v1,0.6475469160763732
Glyma.08G073700.Wm82.a4.v1,0.6475282383649531
Glyma.17G007400.Wm82.a4.v1,0.6475002217978231
Glyma.10G295400.Wm82.a4.v1,0.6474815440864031
Glyma.04G080200.Wm82.a4.v1,0.647472205230693
Glyma.03G209100.Wm82.a4.v1,0.647472205230693
Glyma.06G028400.Wm82.a4.v1,0.647411502668578
Glyma.18G050400.Wm82.a4.v1,0.647392824957158
Glyma.18G246300.Wm82.a4.v1,0.6472947669722029
Glyma.19G027600.Wm82.a4.v1,0.6472714198329279
Glyma.15G216300.Wm82.a4.v1,0.6472667504050729
Glyma.08G058400.Wm82.a4.v1,0.6472387338379428
Glyma.19G241000.Wm82.a4.v1,0.6472340644100878
Glyma.06G096700.Wm82.a4.v1,0.6472060478429578
Glyma.11G090700.Wm82.a4.v1,0.6471967089872478
Glyma.01G007700.Wm82.a4.v1,0.6471920395593928
Glyma.06G053100.Wm82.a4.v1,0.6471780312758277
Glyma.06G120600.Wm82.a4.v1,0.6471686924201178
Glyma.19G082300.Wm82.a4.v1,0.6471500147086977
Glyma.06G270300.Wm82.a4.v1,0.6471406758529877
Glyma.14G040600.Wm82.a4.v1,0.6471126592858577
Glyma.07G180000.Wm82.a4.v1,0.6471079898580027
Glyma.01G136000.Wm82.a4.v1,0.6470893121465827
Glyma.20G028100.Wm82.a4.v1,0.6470893121465827
Glyma.19G064000.Wm82.a4.v1,0.6470612955794527
Glyma.16G222300.Wm82.a4.v1,0.6470052624451926
Glyma.08G013900.Wm82.a4.v1,0.6469725764502076
Glyma.03G180200.Wm82.a4.v1,0.6469445598830775
Glyma.03G238400.Wm82.a4.v1,0.6469352210273676
Glyma.12G208500.Wm82.a4.v1,0.6469165433159475
Glyma.02G242700.Wm82.a4.v1,0.6468931961766725
Glyma.11G004100.Wm82.a4.v1,0.6468885267488175
Glyma.01G035300.Wm82.a4.v1,0.6468745184652525
Glyma.08G211900.Wm82.a4.v1,0.6468371630424125
Glyma.02G141600.Wm82.a4.v1,0.6468091464752824
Glyma.11G149825.Wm82.a4.v1,0.6467671216245874
Glyma.05G179900.Wm82.a4.v1,0.6467157579181823
Glyma.12G062400.Wm82.a4.v1,0.6466830719231973
Glyma.07G132400.Wm82.a4.v1,0.6466784024953423
Glyma.11G015300.Wm82.a4.v1,0.6465990222218072
Glyma.07G002800.Wm82.a4.v1,0.6465896833660971
Glyma.04G254300.Wm82.a4.v1,0.6465850139382422
Glyma.01G067900.Wm82.a4.v1,0.646491625381142
Glyma.20G177200.Wm82.a4.v1,0.646412245107607
Glyma.05G079000.Wm82.a4.v1,0.646398236824042
Glyma.19G135300.Wm82.a4.v1,0.6463328648340719
Glyma.02G077100.Wm82.a4.v1,0.6463235259783618
Glyma.11G228900.Wm82.a4.v1,0.6463001788390869
Glyma.15G196800.Wm82.a4.v1,0.6462908399833769
Glyma.12G225200.Wm82.a4.v1,0.6462768316998119
Glyma.05G033000.Wm82.a4.v1,0.6461834431427117
Glyma.10G251100.Wm82.a4.v1,0.6461787737148568
Glyma.02G135900.Wm82.a4.v1,0.6461741042870017
Glyma.12G156100.Wm82.a4.v1,0.6461694348591467
Glyma.08G048800.Wm82.a4.v1,0.6461694348591467
Glyma.06G032000.Wm82.a4.v1,0.6460993934413216
Glyma.15G183500.Wm82.a4.v1,0.6460667074463367
Glyma.11G082500.Wm82.a4.v1,0.6459593106056715
Glyma.06G135200.Wm82.a4.v1,0.6459126163271215
Glyma.03G139000.Wm82.a4.v1,0.6458845997599915
Glyma.18G037200.Wm82.a4.v1,0.6458799303321364
Glyma.15G033100.Wm82.a4.v1,0.6458425749092964
Glyma.03G237900.Wm82.a4.v1,0.6458005500586014
Glyma.08G144000.Wm82.a4.v1,0.6457585252079062
Glyma.06G002400.Wm82.a4.v1,0.6457445169243412
Glyma.09G203800.Wm82.a4.v1,0.6457351780686312
Glyma.18G117700.Wm82.a4.v1,0.6456978226457912
Glyma.17G141800.Wm82.a4.v1,0.6456838143622262
Glyma.06G000200.Wm82.a4.v1,0.6456698060786612
Glyma.16G198200.Wm82.a4.v1,0.645539062098721
Glyma.07G244100.Wm82.a4.v1,0.645525053815156
Glyma.02G227000.Wm82.a4.v1,0.6454550123973309
Glyma.17G167100.Wm82.a4.v1,0.6454129875466359
Glyma.08G272500.Wm82.a4.v1,0.6453989792630709
Glyma.13G317250.Wm82.a4.v1,0.6453662932680858
Glyma.03G235500.Wm82.a4.v1,0.6453616238402309
Glyma.17G008400.Wm82.a4.v1,0.6453429461288108
Glyma.04G081800.Wm82.a4.v1,0.6453382767009558
Glyma.10G022700.Wm82.a4.v1,0.6453195989895358
Glyma.01G009400.Wm82.a4.v1,0.6453079254198983
Glyma.02G109800.Wm82.a4.v1,0.6453055907059708
Glyma.16G138200.Wm82.a4.v1,0.6452869129945508
Glyma.07G110200.Wm82.a4.v1,0.6452122021488707
Glyma.16G030200.Wm82.a4.v1,0.6452122021488707
Glyma.04G092300.Wm82.a4.v1,0.6451748467260306
Glyma.19G091600.Wm82.a4.v1,0.6451468301589006
Glyma.15G099100.Wm82.a4.v1,0.6451234830196256
Glyma.13G197800.Wm82.a4.v1,0.6451141441639155
Glyma.15G024700.Wm82.a4.v1,0.6451048053082056
Glyma.03G031900.Wm82.a4.v1,0.6450861275967855
Glyma.15G007700.Wm82.a4.v1,0.6450534416018006
Glyma.04G082000.Wm82.a4.v1,0.6450300944625255
Glyma.07G068700.Wm82.a4.v1,0.6450207556068155
Glyma.17G163900.Wm82.a4.v1,0.6449507141889904
Glyma.04G141400.Wm82.a4.v1,0.6449413753332804
Glyma.10G127200.Wm82.a4.v1,0.6449180281940053
Glyma.05G044500.Wm82.a4.v1,0.6448993504825854
Glyma.02G150800.Wm82.a4.v1,0.6448666644876003
Glyma.18G176200.Wm82.a4.v1,0.6448433173483253
Glyma.06G293900.Wm82.a4.v1,0.6448339784926153
Glyma.08G281400.Wm82.a4.v1,0.6448012924976303
Glyma.10G187900.Wm82.a4.v1,0.6447639370747902
Glyma.13G339800.Wm82.a4.v1,0.6447545982190802
Glyma.13G098200.Wm82.a4.v1,0.6447499287912252
Glyma.17G261700.Wm82.a4.v1,0.6446938956569651
Glyma.03G244700.Wm82.a4.v1,0.6446892262291102
Glyma.02G181500.Wm82.a4.v1,0.6446845568012551
Glyma.04G077700.Wm82.a4.v1,0.6446705485176901
Glyma.15G210100.Wm82.a4.v1,0.6446612096619802
Glyma.18G119000.Wm82.a4.v1,0.6446612096619802
Glyma.08G214300.Wm82.a4.v1,0.6446565402341251
Glyma.01G028900.Wm82.a4.v1,0.6446565402341251
Glyma.11G118800.Wm82.a4.v1,0.644637862522705
Glyma.07G042400.Wm82.a4.v1,0.6446331930948501
Glyma.17G118400.Wm82.a4.v1,0.6446145153834301
Glyma.02G101000.Wm82.a4.v1,0.64459583767201
Glyma.01G054000.Wm82.a4.v1,0.6445864988163
Glyma.02G134600.Wm82.a4.v1,0.6445117879706199
Glyma.01G239200.Wm82.a4.v1,0.6444324076970849
Glyma.11G152400.Wm82.a4.v1,0.6444183994135199
Glyma.14G001300.Wm82.a4.v1,0.6443857134185348
Glyma.18G034600.Wm82.a4.v1,0.6443436885678397
Glyma.13G225700.Wm82.a4.v1,0.6443390191399848
Glyma.09G011800.Wm82.a4.v1,0.6443063331449997
Glyma.11G175746.Wm82.a4.v1,0.6443016637171447
Glyma.17G077400.Wm82.a4.v1,0.6442783165778697
Glyma.09G273600.Wm82.a4.v1,0.6442783165778697
Glyma.17G239000.Wm82.a4.v1,0.6441755891650596
Glyma.09G278500.Wm82.a4.v1,0.6441709197372046
Glyma.01G129400.Wm82.a4.v1,0.6441429031700746
Glyma.17G067100.Wm82.a4.v1,0.6441195560307995
Glyma.05G145900.Wm82.a4.v1,0.6441102171750895
Glyma.13G214300.Wm82.a4.v1,0.6440775311801045
Glyma.02G201300.Wm82.a4.v1,0.6440495146129744
Glyma.18G292900.Wm82.a4.v1,0.6440401757572645
Glyma.17G000400.Wm82.a4.v1,0.6440214980458444
Glyma.16G028900.Wm82.a4.v1,0.6439748037672944
Glyma.11G048200.Wm82.a4.v1,0.6439561260558744
Glyma.16G085300.Wm82.a4.v1,0.6439421177723094
Glyma.03G229000.Wm82.a4.v1,0.6439281094887443
Glyma.18G184200.Wm82.a4.v1,0.6439047623494694
Glyma.07G266900.Wm82.a4.v1,0.6438767457823393
Glyma.13G099700.Wm82.a4.v1,0.6438067043645143
Glyma.17G119800.Wm82.a4.v1,0.6437693489416741
Glyma.07G064400.Wm82.a4.v1,0.6437553406581091
Glyma.16G001300.Wm82.a4.v1,0.6437319935188341
Glyma.12G008000.Wm82.a4.v1,0.6436479438174441
Glyma.08G285800.Wm82.a4.v1,0.643619927250314
Glyma.13G093400.Wm82.a4.v1,0.643605918966749
Glyma.01G244400.Wm82.a4.v1,0.6436035842528215
Glyma.07G100700.Wm82.a4.v1,0.6435732329717639
Glyma.20G036600.Wm82.a4.v1,0.643563894116054
Glyma.16G054600.Wm82.a4.v1,0.6434891832703739
Glyma.06G017500.Wm82.a4.v1,0.6434891832703739
Glyma.12G096000.Wm82.a4.v1,0.6434658361310989
Glyma.14G203100.Wm82.a4.v1,0.6434611667032438
Glyma.06G021600.Wm82.a4.v1,0.6434518278475339
Glyma.11G249800.Wm82.a4.v1,0.6434471584196788
Glyma.04G191900.Wm82.a4.v1,0.6434191418525488
Glyma.09G066300.Wm82.a4.v1,0.6434191418525488
Glyma.08G271900.Wm82.a4.v1,0.6434098029968388
Glyma.09G016800.Wm82.a4.v1,0.6434051335689838
Glyma.16G006600.Wm82.a4.v1,0.6433724475739988
Glyma.16G153700.Wm82.a4.v1,0.6433677781461438
Glyma.17G256200.Wm82.a4.v1,0.6433584392904338
Glyma.10G258700.Wm82.a4.v1,0.6433537698625788
Glyma.13G238200.Wm82.a4.v1,0.6432697201611887
Glyma.17G258900.Wm82.a4.v1,0.6432557118776236
Glyma.06G276900.Wm82.a4.v1,0.6432417035940586
Glyma.08G333700.Wm82.a4.v1,0.6432276953104936
Glyma.13G276600.Wm82.a4.v1,0.6432136870269286
Glyma.07G066800.Wm82.a4.v1,0.6431950093155085
Glyma.05G029900.Wm82.a4.v1,0.6431763316040886
Glyma.07G102800.Wm82.a4.v1,0.6431669927483785
Glyma.01G007200.Wm82.a4.v1,0.6431249678976835
Glyma.02G220700.Wm82.a4.v1,0.6431109596141185
Glyma.16G068900.Wm82.a4.v1,0.6430829430469884
Glyma.02G036500.Wm82.a4.v1,0.6430549264798584
Glyma.20G202700.Wm82.a4.v1,0.6430502570520035
Glyma.20G244400.Wm82.a4.v1,0.6430175710570184
Glyma.20G177900.Wm82.a4.v1,0.6429942239177434
Glyma.05G163800.Wm82.a4.v1,0.6429895544898884
Glyma.06G151300.Wm82.a4.v1,0.6429662073506134
Glyma.08G173600.Wm82.a4.v1,0.6429475296391933
Glyma.03G216300.Wm82.a4.v1,0.6429335213556283
Glyma.04G247800.Wm82.a4.v1,0.6428914965049333
Glyma.01G174700.Wm82.a4.v1,0.6428821576492233
Glyma.11G046900.Wm82.a4.v1,0.6428774882213683
Glyma.13G211800.Wm82.a4.v1,0.6428728187935132
Glyma.12G172200.Wm82.a4.v1,0.6428448022263832
Glyma.06G064400.Wm82.a4.v1,0.6428448022263832
Glyma.13G085000.Wm82.a4.v1,0.6427794302364132
Glyma.18G103800.Wm82.a4.v1,0.6427700913807031
Glyma.15G043400.Wm82.a4.v1,0.6427654219528481
Glyma.01G220600.Wm82.a4.v1,0.6427654219528481
Glyma.13G161600.Wm82.a4.v1,0.6427467442414281
Glyma.04G236000.Wm82.a4.v1,0.6427093888185881
Glyma.07G042100.Wm82.a4.v1,0.6426953805350231
Glyma.13G334700.Wm82.a4.v1,0.642681372251458
Glyma.01G194900.Wm82.a4.v1,0.642662694540038
Glyma.13G271200.Wm82.a4.v1,0.642639347400763
Glyma.04G066900.Wm82.a4.v1,0.6426160002614879
Glyma.01G037300.Wm82.a4.v1,0.642611330833633
Glyma.03G181400.Wm82.a4.v1,0.642597322550068
Glyma.08G001000.Wm82.a4.v1,0.6425879836943579
Glyma.03G001900.Wm82.a4.v1,0.6425599671272278
Glyma.07G223400.Wm82.a4.v1,0.6425552976993729
Glyma.08G349500.Wm82.a4.v1,0.6425132728486779
Glyma.05G003400.Wm82.a4.v1,0.6425062687068953
Glyma.02G099900.Wm82.a4.v1,0.6424945951372578
Glyma.06G092200.Wm82.a4.v1,0.6424665785701278
Glyma.06G106100.Wm82.a4.v1,0.6424642438562003
Glyma.02G138500.Wm82.a4.v1,0.6424525702865628
Glyma.08G252900.Wm82.a4.v1,0.6424105454358677
Glyma.08G059700.Wm82.a4.v1,0.6424058760080127
Glyma.13G160100.Wm82.a4.v1,0.6423918677244477
Glyma.07G025200.Wm82.a4.v1,0.6423825288687377
Glyma.17G038400.Wm82.a4.v1,0.6423498428737526
Glyma.06G107700.Wm82.a4.v1,0.6423311651623327
Glyma.10G198000.Wm82.a4.v1,0.6423078180230576
Glyma.04G228700.Wm82.a4.v1,0.6423078180230576
Glyma.02G151500.Wm82.a4.v1,0.6422938097394926
Glyma.06G092300.Wm82.a4.v1,0.6422938097394926
Glyma.04G107400.Wm82.a4.v1,0.6422798014559276
Glyma.05G177400.Wm82.a4.v1,0.6422798014559276
Glyma.16G083100.Wm82.a4.v1,0.6422190988938126
Glyma.14G108400.Wm82.a4.v1,0.6421817434709725
Glyma.04G194000.Wm82.a4.v1,0.6421770740431175
Glyma.18G043100.Wm82.a4.v1,0.6421630657595525
Glyma.14G046900.Wm82.a4.v1,0.6421583963316975
Glyma.13G097000.Wm82.a4.v1,0.6421350491924225
Glyma.08G343500.Wm82.a4.v1,0.6421257103367124
Glyma.08G130200.Wm82.a4.v1,0.6421070326252925
Glyma.03G219300.Wm82.a4.v1,0.6420790160581624
Glyma.16G003100.Wm82.a4.v1,0.6420743466303074
Glyma.08G086700.Wm82.a4.v1,0.6420509994910324
Glyma.17G047900.Wm82.a4.v1,0.6420463300631774
Glyma.16G156400.Wm82.a4.v1,0.6420183134960473
Glyma.02G289900.Wm82.a4.v1,0.6419762886453523
Glyma.U031420.Wm82.a4.v1,0.6419389332225123
Glyma.12G064900.Wm82.a4.v1,0.6419202555110922
Glyma.06G034200.Wm82.a4.v1,0.6419109166553822
Glyma.18G037300.Wm82.a4.v1,0.6418969083718172
Glyma.03G240200.Wm82.a4.v1,0.6418782306603972
Glyma.06G073900.Wm82.a4.v1,0.6418595529489771
Glyma.20G188300.Wm82.a4.v1,0.641789511531152
Glyma.10G254400.Wm82.a4.v1,0.6417848421032971
Glyma.13G207800.Wm82.a4.v1,0.6417288089690371
Glyma.19G065400.Wm82.a4.v1,0.6417171353993996
Glyma.20G199500.Wm82.a4.v1,0.641714800685472
Glyma.13G131800.Wm82.a4.v1,0.6416914535461969
Glyma.16G141800.Wm82.a4.v1,0.641682114690487
Glyma.01G042100.Wm82.a4.v1,0.641658767551212
Glyma.04G246100.Wm82.a4.v1,0.641644759267647
Glyma.14G138300.Wm82.a4.v1,0.6416400898397919
Glyma.02G078700.Wm82.a4.v1,0.6415980649890969
Glyma.04G128100.Wm82.a4.v1,0.6415700484219669
Glyma.07G202700.Wm82.a4.v1,0.6415467012826919
Glyma.01G181200.Wm82.a4.v1,0.6415233541434168
Glyma.15G061600.Wm82.a4.v1,0.6415186847155618
Glyma.08G309000.Wm82.a4.v1,0.6414906681484318
Glyma.13G217600.Wm82.a4.v1,0.6414393044420267
Glyma.13G172400.Wm82.a4.v1,0.6413692630242016
Glyma.19G136900.Wm82.a4.v1,0.6413505853127817
Glyma.10G090500.Wm82.a4.v1,0.6413225687456516
Glyma.14G119800.Wm82.a4.v1,0.6413178993177966
Glyma.08G088500.Wm82.a4.v1,0.6413132298899415
Glyma.10G043700.Wm82.a4.v1,0.6412945521785216
Glyma.18G300200.Wm82.a4.v1,0.6412805438949566
Glyma.05G201200.Wm82.a4.v1,0.6412758744671015
Glyma.01G026500.Wm82.a4.v1,0.6412618661835365
Glyma.01G036500.Wm82.a4.v1,0.6412571967556815
Glyma.09G150100.Wm82.a4.v1,0.6412431884721165
Glyma.11G033900.Wm82.a4.v1,0.6411684776264365
Glyma.19G190900.Wm82.a4.v1,0.6411684776264365
Glyma.06G069300.Wm82.a4.v1,0.6411404610593064
Glyma.15G262200.Wm82.a4.v1,0.6410750890693363
Glyma.09G143600.Wm82.a4.v1,0.6410564113579164
Glyma.02G046900.Wm82.a4.v1,0.6410377336464963
Glyma.02G282700.Wm82.a4.v1,0.6410003782236563
Glyma.11G202100.Wm82.a4.v1,0.6409957087958013
Glyma.03G228600.Wm82.a4.v1,0.6409443450893962
Glyma.17G250900.Wm82.a4.v1,0.6409303368058312
Glyma.03G221200.Wm82.a4.v1,0.6409093243804836
Glyma.04G236800.Wm82.a4.v1,0.6408743036715712
Glyma.05G200600.Wm82.a4.v1,0.6408696342437161
Glyma.13G119900.Wm82.a4.v1,0.6408649648158611
Glyma.15G202200.Wm82.a4.v1,0.6408602953880062
Glyma.02G103800.Wm82.a4.v1,0.6408182705373111
Glyma.20G052400.Wm82.a4.v1,0.640808931681601
Glyma.16G220100.Wm82.a4.v1,0.6408042622537461
Glyma.04G253100.Wm82.a4.v1,0.640794923398036
Glyma.14G101700.Wm82.a4.v1,0.6407762456866161
Glyma.15G143400.Wm82.a4.v1,0.640771576258761
Glyma.10G031800.Wm82.a4.v1,0.640762237403051
Glyma.07G117300.Wm82.a4.v1,0.640762237403051
Glyma.15G083300.Wm82.a4.v1,0.640743559691631
Glyma.20G182600.Wm82.a4.v1,0.6407248819802109
Glyma.03G136600.Wm82.a4.v1,0.640720212552356
Glyma.16G217500.Wm82.a4.v1,0.640692195985226
Glyma.06G138000.Wm82.a4.v1,0.6406688488459509
Glyma.17G120400.Wm82.a4.v1,0.6406455017066759
Glyma.13G365700.Wm82.a4.v1,0.6406314934231109
Glyma.09G067000.Wm82.a4.v1,0.6406128157116908
Glyma.03G119400.Wm82.a4.v1,0.6405941380002709
Glyma.02G266800.Wm82.a4.v1,0.6405474437217208
Glyma.18G024300.Wm82.a4.v1,0.6405381048660108
Glyma.02G102400.Wm82.a4.v1,0.6405240965824458
Glyma.02G045400.Wm82.a4.v1,0.6404914105874607
Glyma.06G151000.Wm82.a4.v1,0.6404867411596057
Glyma.12G112600.Wm82.a4.v1,0.6404867411596057
Glyma.14G142300.Wm82.a4.v1,0.6404820717317508
Glyma.14G092400.Wm82.a4.v1,0.6404774023038957
Glyma.18G093200.Wm82.a4.v1,0.6404633940203307
Glyma.14G183100.Wm82.a4.v1,0.6404073608860706
Glyma.09G247100.Wm82.a4.v1,0.6404026914582156
Glyma.07G041000.Wm82.a4.v1,0.6403886831746506
Glyma.08G119100.Wm82.a4.v1,0.6403513277518106
Glyma.01G209300.Wm82.a4.v1,0.6403419888961006
Glyma.11G087100.Wm82.a4.v1,0.6403419888961006
Glyma.05G045900.Wm82.a4.v1,0.6403186417568255
Glyma.08G304400.Wm82.a4.v1,0.6402859557618406
Glyma.13G315100.Wm82.a4.v1,0.6402532697668555
Glyma.18G138400.Wm82.a4.v1,0.6402299226275805
Glyma.16G161700.Wm82.a4.v1,0.6401832283490304
Glyma.09G099400.Wm82.a4.v1,0.6401505423540453
Glyma.06G285500.Wm82.a4.v1,0.6401412034983354
Glyma.17G212100.Wm82.a4.v1,0.6401318646426254
Glyma.06G139200.Wm82.a4.v1,0.6401318646426254
Glyma.07G043100.Wm82.a4.v1,0.6401225257869153
Glyma.13G049400.Wm82.a4.v1,0.6400991786476403
Glyma.14G022900.Wm82.a4.v1,0.6400898397919303
Glyma.05G044300.Wm82.a4.v1,0.6400898397919303
Glyma.13G031200.Wm82.a4.v1,0.6400011206626852
Glyma.16G154800.Wm82.a4.v1,0.6399964512348302
Glyma.10G019600.Wm82.a4.v1,0.6399544263841351
Glyma.08G147400.Wm82.a4.v1,0.6399310792448601
Glyma.07G132200.Wm82.a4.v1,0.6399217403891501
Glyma.17G034900.Wm82.a4.v1,0.6398983932498751
Glyma.14G019100.Wm82.a4.v1,0.639851698971325
Glyma.05G142000.Wm82.a4.v1,0.639776988125645
Glyma.04G077900.Wm82.a4.v1,0.6397302938470949
Glyma.07G194500.Wm82.a4.v1,0.6397302938470949
Glyma.14G104900.Wm82.a4.v1,0.6396742607128348
Glyma.11G153378.Wm82.a4.v1,0.6396649218571249
Glyma.18G301500.Wm82.a4.v1,0.6396275664342848
Glyma.01G016100.Wm82.a4.v1,0.6396275664342848
Glyma.03G025400.Wm82.a4.v1,0.6396275664342848
Glyma.13G238400.Wm82.a4.v1,0.6396042192950098
Glyma.07G269200.Wm82.a4.v1,0.6395995498671547
Glyma.08G148900.Wm82.a4.v1,0.6395902110114448
Glyma.04G040700.Wm82.a4.v1,0.6395855415835897
Glyma.17G028900.Wm82.a4.v1,0.6395762027278797
Glyma.14G219400.Wm82.a4.v1,0.6395715333000247
Glyma.06G305700.Wm82.a4.v1,0.6395668638721698
Glyma.10G058300.Wm82.a4.v1,0.6395528555886048
Glyma.05G226600.Wm82.a4.v1,0.6395528555886048
Glyma.09G276200.Wm82.a4.v1,0.6395481861607497
Glyma.01G023500.Wm82.a4.v1,0.6395295084493297
Glyma.08G032300.Wm82.a4.v1,0.6395248390214747
Glyma.09G008500.Wm82.a4.v1,0.6394688058872147
Glyma.13G189200.Wm82.a4.v1,0.6394454587479396
Glyma.17G096900.Wm82.a4.v1,0.6393707479022596
Glyma.17G075400.Wm82.a4.v1,0.6393520701908395
Glyma.04G101500.Wm82.a4.v1,0.6393380619072745
Glyma.18G158400.Wm82.a4.v1,0.6393287230515645
Glyma.03G015200.Wm82.a4.v1,0.6393100453401445
Glyma.16G053900.Wm82.a4.v1,0.6392586816337394
Glyma.07G184600.Wm82.a4.v1,0.6391933096437693
Glyma.20G141000.Wm82.a4.v1,0.6391559542209293
Glyma.07G013300.Wm82.a4.v1,0.6391326070816543
Glyma.03G211400.Wm82.a4.v1,0.6390999210866692
Glyma.13G188300.Wm82.a4.v1,0.6390952516588142
Glyma.13G056200.Wm82.a4.v1,0.6390812433752492
Glyma.16G168300.Wm82.a4.v1,0.6390112019574241
Glyma.11G009900.Wm82.a4.v1,0.6390065325295692
Glyma.04G196700.Wm82.a4.v1,0.6389971936738591
Glyma.15G028000.Wm82.a4.v1,0.6389878548181491
Glyma.11G124100.Wm82.a4.v1,0.6389785159624392
Glyma.13G085900.Wm82.a4.v1,0.6389598382510191
Glyma.11G017200.Wm82.a4.v1,0.638955168823164
Glyma.14G071000.Wm82.a4.v1,0.638941160539599
Glyma.15G028700.Wm82.a4.v1,0.638941160539599
Glyma.11G017000.Wm82.a4.v1,0.638927152256034
Glyma.05G012500.Wm82.a4.v1,0.6389108092585416
Glyma.18G035900.Wm82.a4.v1,0.638899135688904
Glyma.03G190700.Wm82.a4.v1,0.638885127405339
Glyma.07G015500.Wm82.a4.v1,0.638866449693919
Glyma.01G103500.Wm82.a4.v1,0.638861780266064
Glyma.04G065900.Wm82.a4.v1,0.638819755415369
Glyma.01G099800.Wm82.a4.v1,0.6388150859875139
Glyma.11G110400.Wm82.a4.v1,0.6388150859875139
Glyma.07G234200.Wm82.a4.v1,0.6388057471318039
Glyma.07G065000.Wm82.a4.v1,0.638796408276094
Glyma.13G138200.Wm82.a4.v1,0.6387730611368189
Glyma.13G097800.Wm82.a4.v1,0.6387123585747039
Glyma.11G191000.Wm82.a4.v1,0.6386843420075738
Glyma.03G249500.Wm82.a4.v1,0.6386750031518638
Glyma.18G155200.Wm82.a4.v1,0.6386563254404438
Glyma.10G144600.Wm82.a4.v1,0.6386143005897488
Glyma.08G227500.Wm82.a4.v1,0.6385442591719237
Glyma.03G178200.Wm82.a4.v1,0.6385302508883587
Glyma.12G212400.Wm82.a4.v1,0.6385302508883587
Glyma.12G226700.Wm82.a4.v1,0.6385115731769386
Glyma.10G104100.Wm82.a4.v1,0.6384508706148235
Glyma.02G170300.Wm82.a4.v1,0.6384228540476935
Glyma.16G130700.Wm82.a4.v1,0.6383808291969985
Glyma.06G255000.Wm82.a4.v1,0.6382827712120434
Glyma.04G094600.Wm82.a4.v1,0.6382640935006234
Glyma.18G255300.Wm82.a4.v1,0.6382220686499284
Glyma.17G064800.Wm82.a4.v1,0.6382220686499284
Glyma.03G257300.Wm82.a4.v1,0.6381660355156683
Glyma.U027200.Wm82.a4.v1,0.6381520272321033
Glyma.03G217200.Wm82.a4.v1,0.6381240106649733
Glyma.18G040900.Wm82.a4.v1,0.6381240106649733
Glyma.01G169800.Wm82.a4.v1,0.6381193412371182
Glyma.11G043300.Wm82.a4.v1,0.6381006635256982
Glyma.15G269100.Wm82.a4.v1,0.6380913246699882
Glyma.02G187200.Wm82.a4.v1,0.6380586386750031
Glyma.10G217700.Wm82.a4.v1,0.6380586386750031
Glyma.02G087500.Wm82.a4.v1,0.6380539692471482
Glyma.10G023500.Wm82.a4.v1,0.6379932666850331
Glyma.06G164900.Wm82.a4.v1,0.6379839278293231
Glyma.17G012400.Wm82.a4.v1,0.637960580690048
Glyma.12G218700.Wm82.a4.v1,0.6379278946950631
Glyma.13G345500.Wm82.a4.v1,0.637918555839353
Glyma.11G008200.Wm82.a4.v1,0.637895208700078
Glyma.14G186900.Wm82.a4.v1,0.637857853277238
Glyma.01G145000.Wm82.a4.v1,0.6378204978543979
Glyma.03G106902.Wm82.a4.v1,0.6378064895708329
Glyma.16G008300.Wm82.a4.v1,0.6378018201429779
Glyma.18G071500.Wm82.a4.v1,0.6378018201429779
Glyma.04G166700.Wm82.a4.v1,0.6377738035758479
Glyma.20G240500.Wm82.a4.v1,0.6377131010137328
Glyma.11G122600.Wm82.a4.v1,0.6376897538744578
Glyma.13G208200.Wm82.a4.v1,0.6376804150187477
Glyma.01G158600.Wm82.a4.v1,0.6376570678794727
Glyma.08G157000.Wm82.a4.v1,0.6376430595959077
Glyma.15G068200.Wm82.a4.v1,0.6376057041730677
Glyma.12G119200.Wm82.a4.v1,0.6375963653173576
Glyma.14G122200.Wm82.a4.v1,0.6375730181780827
Glyma.06G000100.Wm82.a4.v1,0.6375169850438226
Glyma.09G014100.Wm82.a4.v1,0.6374702907652725
Glyma.02G227200.Wm82.a4.v1,0.6374562824817075
Glyma.17G243600.Wm82.a4.v1,0.6373722327803174
Glyma.14G183000.Wm82.a4.v1,0.6373582244967524
Glyma.04G021300.Wm82.a4.v1,0.6373442162131874
Glyma.20G020300.Wm82.a4.v1,0.6373302079296224
Glyma.02G129300.Wm82.a4.v1,0.6373161996460573
Glyma.16G032600.Wm82.a4.v1,0.6372321499446673
Glyma.09G259100.Wm82.a4.v1,0.6372321499446673
Glyma.16G051500.Wm82.a4.v1,0.6372041333775372
Glyma.09G031100.Wm82.a4.v1,0.6371481002432772
Glyma.17G026500.Wm82.a4.v1,0.6371481002432772
Glyma.02G039000.Wm82.a4.v1,0.6371060753925821
Glyma.10G183900.Wm82.a4.v1,0.6370967365368722
Glyma.09G177200.Wm82.a4.v1,0.6370500422583221
Glyma.07G261000.Wm82.a4.v1,0.6370407034026121
Glyma.11G138000.Wm82.a4.v1,0.637022025691192
Glyma.11G042500.Wm82.a4.v1,0.6370126868354821
Glyma.16G005200.Wm82.a4.v1,0.636994009124062
Glyma.18G282000.Wm82.a4.v1,0.636980000840497
Glyma.11G154800.Wm82.a4.v1,0.6369613231290769
Glyma.17G126100.Wm82.a4.v1,0.636956653701222
Glyma.09G009100.Wm82.a4.v1,0.636937975989802
Glyma.19G121200.Wm82.a4.v1,0.6368819428555419
Glyma.03G257800.Wm82.a4.v1,0.6368445874327019
Glyma.17G112800.Wm82.a4.v1,0.6368119014377168
Glyma.13G289900.Wm82.a4.v1,0.6367932237262968
Glyma.03G103900.Wm82.a4.v1,0.6367745460148768
Glyma.09G210000.Wm82.a4.v1,0.6367652071591667
Glyma.02G120200.Wm82.a4.v1,0.6367511988756017
Glyma.14G135001.Wm82.a4.v1,0.6367231823084717
Glyma.01G022800.Wm82.a4.v1,0.6367138434527617
Glyma.12G210300.Wm82.a4.v1,0.6366904963134867
Glyma.14G164700.Wm82.a4.v1,0.6366858268856317
Glyma.11G096500.Wm82.a4.v1,0.6366391326070816
Glyma.01G183500.Wm82.a4.v1,0.6365037191992865
Glyma.19G171100.Wm82.a4.v1,0.6364710332043014
Glyma.12G050000.Wm82.a4.v1,0.6364710332043014
Glyma.02G304200.Wm82.a4.v1,0.6364523554928815
Glyma.07G271000.Wm82.a4.v1,0.6364430166371714
Glyma.13G365500.Wm82.a4.v1,0.6364290083536064
Glyma.10G200200.Wm82.a4.v1,0.6364196694978964
Glyma.18G212300.Wm82.a4.v1,0.6362842560901013
Glyma.19G252500.Wm82.a4.v1,0.6362702478065363
Glyma.08G051500.Wm82.a4.v1,0.6362142146722762
Glyma.15G116300.Wm82.a4.v1,0.6362048758165662
Glyma.01G185700.Wm82.a4.v1,0.6361955369608562
Glyma.09G206900.Wm82.a4.v1,0.6361768592494361
Glyma.13G136900.Wm82.a4.v1,0.6361441732544512
Glyma.04G001700.Wm82.a4.v1,0.6361441732544512
Glyma.01G108000.Wm82.a4.v1,0.6361254955430311
Glyma.06G155900.Wm82.a4.v1,0.6361254955430311
Glyma.10G013700.Wm82.a4.v1,0.6361161566873211
Glyma.13G129800.Wm82.a4.v1,0.6360881401201911
Glyma.13G212000.Wm82.a4.v1,0.636078801264481
Glyma.04G047300.Wm82.a4.v1,0.6360741318366261
Glyma.04G007500.Wm82.a4.v1,0.6360461152694961
Glyma.19G211900.Wm82.a4.v1,0.636008759846656
Glyma.16G025800.Wm82.a4.v1,0.635976073851671
Glyma.01G122100.Wm82.a4.v1,0.6359433878566859
Glyma.13G363900.Wm82.a4.v1,0.6359107018617008
Glyma.15G080133.Wm82.a4.v1,0.6358920241502809
Glyma.19G174300.Wm82.a4.v1,0.6358826852945708
Glyma.08G247400.Wm82.a4.v1,0.6358126438767457
Glyma.17G000100.Wm82.a4.v1,0.6357612801703407
Glyma.13G289100.Wm82.a4.v1,0.6356772304689506
Glyma.12G211700.Wm82.a4.v1,0.6356725610410956
Glyma.13G281700.Wm82.a4.v1,0.6356725610410956
Glyma.19G263500.Wm82.a4.v1,0.6356678916132407
Glyma.18G217100.Wm82.a4.v1,0.6356352056182556
Glyma.20G087600.Wm82.a4.v1,0.6356211973346906
Glyma.04G214500.Wm82.a4.v1,0.6356165279068355
Glyma.17G229400.Wm82.a4.v1,0.6355931807675606
Glyma.08G128300.Wm82.a4.v1,0.6355885113397055
Glyma.15G072900.Wm82.a4.v1,0.6355698336282856
Glyma.16G050200.Wm82.a4.v1,0.6355418170611555
Glyma.01G161200.Wm82.a4.v1,0.6355091310661705
Glyma.08G016800.Wm82.a4.v1,0.6354437590762004
Glyma.15G097500.Wm82.a4.v1,0.6353877259419404
Glyma.17G240500.Wm82.a4.v1,0.6353783870862303
Glyma.01G134400.Wm82.a4.v1,0.6353783870862303
Glyma.08G202900.Wm82.a4.v1,0.6353316928076803
Glyma.11G247300.Wm82.a4.v1,0.6352849985291302
Glyma.18G189300.Wm82.a4.v1,0.6352616513898552
Glyma.12G224200.Wm82.a4.v1,0.6352242959670151
Glyma.02G040900.Wm82.a4.v1,0.6351962793998851
Glyma.13G084700.Wm82.a4.v1,0.6351916099720302
Glyma.04G123900.Wm82.a4.v1,0.6351449156934801
Glyma.11G055500.Wm82.a4.v1,0.6351355768377701
Glyma.17G140800.Wm82.a4.v1,0.6350935519870751
Glyma.06G173800.Wm82.a4.v1,0.635065535419945
Glyma.17G062300.Wm82.a4.v1,0.6349908245742649
Glyma.12G158000.Wm82.a4.v1,0.634981485718555
Glyma.15G213400.Wm82.a4.v1,0.6349628080071349
Glyma.16G105200.Wm82.a4.v1,0.6349628080071349
Glyma.17G238700.Wm82.a4.v1,0.6349394608678599
Glyma.14G062600.Wm82.a4.v1,0.6348974360171649
Glyma.17G054900.Wm82.a4.v1,0.6348834277335998
Glyma.05G059200.Wm82.a4.v1,0.6348180557436297
Glyma.13G045900.Wm82.a4.v1,0.6347993780322098
Glyma.17G008200.Wm82.a4.v1,0.6347900391764997
Glyma.01G021600.Wm82.a4.v1,0.6347620226093696
Glyma.10G107700.Wm82.a4.v1,0.6347106589029646
Glyma.18G260200.Wm82.a4.v1,0.6347106589029646
Glyma.02G185500.Wm82.a4.v1,0.6346873117636896
Glyma.18G215800.Wm82.a4.v1,0.6346452869129946
Glyma.10G259900.Wm82.a4.v1,0.6346266092015745
Glyma.17G006000.Wm82.a4.v1,0.6346219397737195
Glyma.16G032900.Wm82.a4.v1,0.6345892537787345
Glyma.14G089009.Wm82.a4.v1,0.6345892537787345
Glyma.16G005600.Wm82.a4.v1,0.6345052040773445
Glyma.13G184600.Wm82.a4.v1,0.6344958652216344
Glyma.05G112200.Wm82.a4.v1,0.6344491709430844
Glyma.05G196600.Wm82.a4.v1,0.6344445015152294
Glyma.12G235700.Wm82.a4.v1,0.6344351626595194
Glyma.04G166100.Wm82.a4.v1,0.6344234890898818
Glyma.10G167200.Wm82.a4.v1,0.6344211543759544
Glyma.01G008500.Wm82.a4.v1,0.6344164849480993
Glyma.20G008700.Wm82.a4.v1,0.6344118155202443
Glyma.04G219200.Wm82.a4.v1,0.6343697906695492
Glyma.20G188500.Wm82.a4.v1,0.6343371046745643
Glyma.06G150100.Wm82.a4.v1,0.6342904103960142
Glyma.06G094400.Wm82.a4.v1,0.6342764021124492
Glyma.14G150900.Wm82.a4.v1,0.6342297078338991
Glyma.06G115200.Wm82.a4.v1,0.6342203689781891
Glyma.14G046500.Wm82.a4.v1,0.6342016912667691
Glyma.06G104200.Wm82.a4.v1,0.6341923524110591
Glyma.17G161600.Wm82.a4.v1,0.634159666416074
Glyma.13G035500.Wm82.a4.v1,0.6341409887046541
Glyma.12G064800.Wm82.a4.v1,0.634136319276799
Glyma.16G060500.Wm82.a4.v1,0.634108302709669
Glyma.11G042700.Wm82.a4.v1,0.634080286142539
Glyma.14G045900.Wm82.a4.v1,0.6340335918639889
Glyma.05G106100.Wm82.a4.v1,0.6340335918639889
Glyma.12G022200.Wm82.a4.v1,0.6340149141525688
Glyma.06G131700.Wm82.a4.v1,0.6339448727347438
Glyma.05G146700.Wm82.a4.v1,0.6339308644511787
Glyma.04G039200.Wm82.a4.v1,0.6339261950233238
Glyma.03G160600.Wm82.a4.v1,0.6338795007447737
Glyma.13G092300.Wm82.a4.v1,0.6338234676105137
Glyma.09G096500.Wm82.a4.v1,0.6338234676105137
Glyma.08G135800.Wm82.a4.v1,0.6338001204712387
Glyma.20G114000.Wm82.a4.v1,0.6337721039041087
Glyma.04G202600.Wm82.a4.v1,0.6337534261926886
Glyma.06G132800.Wm82.a4.v1,0.6337394179091236
Glyma.17G024200.Wm82.a4.v1,0.6337207401977035
Glyma.09G037400.Wm82.a4.v1,0.6336787153470085
Glyma.06G057700.Wm82.a4.v1,0.6336647070634435
Glyma.12G040600.Wm82.a4.v1,0.6336413599241685
Glyma.02G166800.Wm82.a4.v1,0.6336273516406035
Glyma.12G210600.Wm82.a4.v1,0.6336273516406035
Glyma.06G204600.Wm82.a4.v1,0.6336180127848935
Glyma.13G223100.Wm82.a4.v1,0.6335970003595459
Glyma.03G035900.Wm82.a4.v1,0.6335806573620534
Glyma.05G158000.Wm82.a4.v1,0.6335666490784884
Glyma.08G057500.Wm82.a4.v1,0.6335526407949233
Glyma.08G199900.Wm82.a4.v1,0.6335199547999384
Glyma.10G215100.Wm82.a4.v1,0.6335199547999384
Glyma.08G142800.Wm82.a4.v1,0.6335106159442283
Glyma.17G040700.Wm82.a4.v1,0.6334592522378233
Glyma.13G185100.Wm82.a4.v1,0.6334405745264032
Glyma.14G006900.Wm82.a4.v1,0.6334172273871282
Glyma.15G258800.Wm82.a4.v1,0.6333915455339257
Glyma.01G208400.Wm82.a4.v1,0.6333705331085782
Glyma.09G256000.Wm82.a4.v1,0.6333518553971582
Glyma.15G170200.Wm82.a4.v1,0.6333098305464632
Glyma.07G084600.Wm82.a4.v1,0.6333051611186081
Glyma.12G205400.Wm82.a4.v1,0.633230450272928
Glyma.09G240300.Wm82.a4.v1,0.633216441989363
Glyma.07G165300.Wm82.a4.v1,0.633202433705798
Glyma.19G218000.Wm82.a4.v1,0.6331464005715379
Glyma.14G030400.Wm82.a4.v1,0.6331230534322629
Glyma.12G018400.Wm82.a4.v1,0.6331183840044079
Glyma.07G037600.Wm82.a4.v1,0.6330483425865828
Glyma.03G211500.Wm82.a4.v1,0.6330249954473078
Glyma.14G169900.Wm82.a4.v1,0.6330203260194528
Glyma.08G090100.Wm82.a4.v1,0.6329783011687578
Glyma.10G275800.Wm82.a4.v1,0.6329082597509327
Glyma.02G163900.Wm82.a4.v1,0.6328849126116577
Glyma.16G009000.Wm82.a4.v1,0.6328522266166726
Glyma.06G201800.Wm82.a4.v1,0.6328288794773976
Glyma.12G184300.Wm82.a4.v1,0.6328148711938326
Glyma.05G229800.Wm82.a4.v1,0.6327961934824126
Glyma.05G155200.Wm82.a4.v1,0.6327588380595726
Glyma.14G086900.Wm82.a4.v1,0.6327448297760075
Glyma.06G056300.Wm82.a4.v1,0.6327074743531675
Glyma.15G187500.Wm82.a4.v1,0.6327074743531675
Glyma.09G213100.Wm82.a4.v1,0.6325813998010824
Glyma.17G085100.Wm82.a4.v1,0.6325533832339524
Glyma.08G072500.Wm82.a4.v1,0.6325160278111123
Glyma.08G049000.Wm82.a4.v1,0.6325113583832573
Glyma.11G043600.Wm82.a4.v1,0.6325113583832573
Glyma.08G238000.Wm82.a4.v1,0.6324413169654323
Glyma.06G044600.Wm82.a4.v1,0.6324133003983022
Glyma.15G237300.Wm82.a4.v1,0.6324086309704472
Glyma.18G125600.Wm82.a4.v1,0.6323852838311722
Glyma.09G280100.Wm82.a4.v1,0.632263878706942
Glyma.10G233700.Wm82.a4.v1,0.6322592092790871
Glyma.19G128600.Wm82.a4.v1,0.632231192711957
Glyma.20G097600.Wm82.a4.v1,0.632203176144827
Glyma.16G018100.Wm82.a4.v1,0.6321938372891169
Glyma.20G235100.Wm82.a4.v1,0.632189167861262
Glyma.13G265200.Wm82.a4.v1,0.632184498433407
Glyma.06G113000.Wm82.a4.v1,0.6321798290055519
Glyma.08G236200.Wm82.a4.v1,0.632170490149842
Glyma.10G250800.Wm82.a4.v1,0.632170490149842
Glyma.01G078400.Wm82.a4.v1,0.6321237958712919
Glyma.08G353800.Wm82.a4.v1,0.6320397461699018
Glyma.01G184700.Wm82.a4.v1,0.6320304073141918
Glyma.08G311300.Wm82.a4.v1,0.6320257378863368
Glyma.08G175500.Wm82.a4.v1,0.6320023907470618
Glyma.08G086000.Wm82.a4.v1,0.6319977213192067
Glyma.09G255600.Wm82.a4.v1,0.6319930518913518
Glyma.20G053200.Wm82.a4.v1,0.6319790436077868
Glyma.13G057300.Wm82.a4.v1,0.6319416881849467
Glyma.09G247400.Wm82.a4.v1,0.6318856550506866
Glyma.05G077300.Wm82.a4.v1,0.6318716467671216
Glyma.18G241400.Wm82.a4.v1,0.6318669773392667
Glyma.09G207000.Wm82.a4.v1,0.6318623079114116
Glyma.18G092900.Wm82.a4.v1,0.6318529690557017
Glyma.01G135900.Wm82.a4.v1,0.6318156136328615
Glyma.10G294200.Wm82.a4.v1,0.6317595804986015
Glyma.12G224500.Wm82.a4.v1,0.6317455722150365
Glyma.08G160700.Wm82.a4.v1,0.6317409027871815
Glyma.19G054900.Wm82.a4.v1,0.631738568073254
Glyma.14G144300.Wm82.a4.v1,0.6316848696529215
Glyma.02G290100.Wm82.a4.v1,0.6316428448022264
Glyma.08G004100.Wm82.a4.v1,0.6316335059465163
Glyma.16G213500.Wm82.a4.v1,0.6316008199515314
Glyma.09G013900.Wm82.a4.v1,0.6315914810958213
Glyma.06G105800.Wm82.a4.v1,0.6315868116679664
Glyma.03G139200.Wm82.a4.v1,0.6315307785337063
Glyma.19G194964.Wm82.a4.v1,0.6315307785337063
Glyma.13G160000.Wm82.a4.v1,0.6315027619665763
Glyma.10G090400.Wm82.a4.v1,0.6314840842551562
Glyma.12G013200.Wm82.a4.v1,0.6314560676880262
Glyma.05G090600.Wm82.a4.v1,0.6314420594044612
Glyma.05G171033.Wm82.a4.v1,0.6313860262702011
Glyma.05G053300.Wm82.a4.v1,0.6313346625637961
Glyma.11G095800.Wm82.a4.v1,0.631315984852376
Glyma.16G017100.Wm82.a4.v1,0.631297307140956
Glyma.15G172100.Wm82.a4.v1,0.631283298857391
Glyma.18G206200.Wm82.a4.v1,0.631259951718116
Glyma.13G318400.Wm82.a4.v1,0.631245943434551
Glyma.05G021000.Wm82.a4.v1,0.6311525548774508
Glyma.10G016100.Wm82.a4.v1,0.6311105300267558
Glyma.06G179800.Wm82.a4.v1,0.6310825134596257
Glyma.03G020800.Wm82.a4.v1,0.6310685051760607
Glyma.09G040700.Wm82.a4.v1,0.6310451580367857
Glyma.12G191800.Wm82.a4.v1,0.6310078026139457
Glyma.03G215200.Wm82.a4.v1,0.6310031331860907
Glyma.10G212900.Wm82.a4.v1,0.6309937943303807
Glyma.13G219600.Wm82.a4.v1,0.6309657777632507
Glyma.08G157700.Wm82.a4.v1,0.6309517694796857
Glyma.20G215000.Wm82.a4.v1,0.6309424306239756
Glyma.08G354500.Wm82.a4.v1,0.6309330917682656
Glyma.01G162900.Wm82.a4.v1,0.6308583809225855
Glyma.20G202200.Wm82.a4.v1,0.6308537114947306
Glyma.04G236900.Wm82.a4.v1,0.6308443726390205
Glyma.02G280700.Wm82.a4.v1,0.6308397032111656
Glyma.07G230600.Wm82.a4.v1,0.6308303643554555
Glyma.20G058500.Wm82.a4.v1,0.6308256949276005
Glyma.11G038000.Wm82.a4.v1,0.6308070172161805
Glyma.15G206000.Wm82.a4.v1,0.6307416452262105
Glyma.14G145600.Wm82.a4.v1,0.6307323063705004
Glyma.10G225300.Wm82.a4.v1,0.6307042898033703
Glyma.16G020700.Wm82.a4.v1,0.6306949509476604
Glyma.15G256400.Wm82.a4.v1,0.6306949509476604
Glyma.16G213200.Wm82.a4.v1,0.6306482566691103
Glyma.18G235300.Wm82.a4.v1,0.6306389178134003
Glyma.20G009600.Wm82.a4.v1,0.6306202401019803
Glyma.19G201900.Wm82.a4.v1,0.6305968929627053
Glyma.02G129200.Wm82.a4.v1,0.6305828846791403
Glyma.01G220400.Wm82.a4.v1,0.6305361904005902
Glyma.12G236000.Wm82.a4.v1,0.6305361904005902
Glyma.13G121100.Wm82.a4.v1,0.6305175126891702
Glyma.06G313000.Wm82.a4.v1,0.6304428018434901
Glyma.07G035000.Wm82.a4.v1,0.6304428018434901
Glyma.10G058100.Wm82.a4.v1,0.630326066147115
Glyma.18G183900.Wm82.a4.v1,0.63029338015213
Glyma.02G100900.Wm82.a4.v1,0.6302840412964199
Glyma.15G153500.Wm82.a4.v1,0.630251355301435
Glyma.18G095800.Wm82.a4.v1,0.6302139998785948
Glyma.10G007800.Wm82.a4.v1,0.6301626361721898
Glyma.20G141200.Wm82.a4.v1,0.6301626361721898
Glyma.15G125100.Wm82.a4.v1,0.6301579667443348
Glyma.19G105400.Wm82.a4.v1,0.6301346196050598
Glyma.10G255600.Wm82.a4.v1,0.6301252807493498
Glyma.12G037000.Wm82.a4.v1,0.6301019336100747
Glyma.04G224200.Wm82.a4.v1,0.6301019336100747
Glyma.20G191400.Wm82.a4.v1,0.6300879253265097
Glyma.07G233200.Wm82.a4.v1,0.6300459004758147
Glyma.11G126600.Wm82.a4.v1,0.6300038756251196
Glyma.04G101200.Wm82.a4.v1,0.6299992061972647
Glyma.01G245200.Wm82.a4.v1,0.6299618507744246
Glyma.13G268800.Wm82.a4.v1,0.6299478424908596
Glyma.13G316200.Wm82.a4.v1,0.6299244953515846
Glyma.02G068600.Wm82.a4.v1,0.6299151564958746
Glyma.03G198500.Wm82.a4.v1,0.6298824705008895
Glyma.08G247300.Wm82.a4.v1,0.6298451150780495
Glyma.15G129900.Wm82.a4.v1,0.6297844125159344
Glyma.15G263500.Wm82.a4.v1,0.6297657348045144
Glyma.16G080700.Wm82.a4.v1,0.6297423876652394
Glyma.06G135300.Wm82.a4.v1,0.6297377182373843
Glyma.02G008600.Wm82.a4.v1,0.6297190405259644
Glyma.19G077700.Wm82.a4.v1,0.6297050322423994
Glyma.15G014900.Wm82.a4.v1,0.6297050322423994
Glyma.09G072200.Wm82.a4.v1,0.6297003628145443
Glyma.17G121700.Wm82.a4.v1,0.6296770156752693
Glyma.16G077700.Wm82.a4.v1,0.6296536685359942
Glyma.03G136500.Wm82.a4.v1,0.6296443296802843
Glyma.17G003300.Wm82.a4.v1,0.6296396602524292
Glyma.07G045300.Wm82.a4.v1,0.6296303213967193
Glyma.03G123500.Wm82.a4.v1,0.6295789576903142
Glyma.06G163100.Wm82.a4.v1,0.6295696188346042
Glyma.05G019000.Wm82.a4.v1,0.6295696188346042
Glyma.06G045500.Wm82.a4.v1,0.6295042468446341
Glyma.04G063600.Wm82.a4.v1,0.6295042468446341
Glyma.18G090700.Wm82.a4.v1,0.6294995774167791
Glyma.05G104400.Wm82.a4.v1,0.6294622219939391
Glyma.06G115500.Wm82.a4.v1,0.629373502864694
Glyma.05G143100.Wm82.a4.v1,0.6292894531633039
Glyma.07G256100.Wm82.a4.v1,0.6292754448797389
Glyma.07G055950.Wm82.a4.v1,0.6292380894568989
Glyma.15G225300.Wm82.a4.v1,0.6291960646062038
Glyma.13G323600.Wm82.a4.v1,0.6291633786112187
Glyma.10G009300.Wm82.a4.v1,0.6290793289098287
Glyma.06G225000.Wm82.a4.v1,0.6290513123426986
Glyma.05G191800.Wm82.a4.v1,0.6290419734869886
Glyma.12G116300.Wm82.a4.v1,0.6290139569198586
Glyma.08G187100.Wm82.a4.v1,0.6290092874920036
Glyma.16G100500.Wm82.a4.v1,0.6289859403527286
Glyma.15G062200.Wm82.a4.v1,0.6289579237855986
Glyma.16G073600.Wm82.a4.v1,0.6289252377906135
Glyma.03G051600.Wm82.a4.v1,0.6289158989349035
Glyma.10G286700.Wm82.a4.v1,0.6289112295070485
Glyma.02G162700.Wm82.a4.v1,0.6288972212234835
Glyma.05G024700.Wm82.a4.v1,0.6288925517956285
Glyma.09G101200.Wm82.a4.v1,0.6288785435120635
Glyma.11G093200.Wm82.a4.v1,0.6288692046563534
Glyma.08G127800.Wm82.a4.v1,0.6288692046563534
Glyma.09G079900.Wm82.a4.v1,0.6288038326663834
Glyma.10G039200.Wm82.a4.v1,0.6287664772435434
Glyma.13G167400.Wm82.a4.v1,0.6287384606764134
Glyma.09G165200.Wm82.a4.v1,0.6286497415471682
Glyma.02G098100.Wm82.a4.v1,0.6286404026914583
Glyma.09G192900.Wm82.a4.v1,0.6286170555521832
Glyma.09G188100.Wm82.a4.v1,0.6286030472686182
Glyma.06G062300.Wm82.a4.v1,0.6285890389850531
Glyma.17G104300.Wm82.a4.v1,0.6285843695571982
Glyma.13G087400.Wm82.a4.v1,0.6285703612736332
Glyma.08G137700.Wm82.a4.v1,0.6285610224179231
Glyma.11G061200.Wm82.a4.v1,0.6285376752786481
Glyma.20G244200.Wm82.a4.v1,0.6285283364229381
Glyma.09G165600.Wm82.a4.v1,0.628490981000098
Glyma.13G371300.Wm82.a4.v1,0.6284863115722431
Glyma.02G169800.Wm82.a4.v1,0.6284863115722431
Glyma.03G244000.Wm82.a4.v1,0.628430278437983
Glyma.13G091900.Wm82.a4.v1,0.628388253587288
Glyma.01G207400.Wm82.a4.v1,0.6283649064480129
Glyma.06G204400.Wm82.a4.v1,0.6283415593087379
Glyma.16G155500.Wm82.a4.v1,0.6283228815973179
Glyma.17G149000.Wm82.a4.v1,0.6282761873187678
Glyma.05G223100.Wm82.a4.v1,0.6282761873187678
Glyma.09G242900.Wm82.a4.v1,0.6282668484630578
Glyma.08G358300.Wm82.a4.v1,0.6282341624680727
Glyma.09G019900.Wm82.a4.v1,0.6281781293338127
Glyma.06G224300.Wm82.a4.v1,0.6281641210502477
Glyma.08G257400.Wm82.a4.v1,0.6281641210502477
Glyma.15G157900.Wm82.a4.v1,0.6281641210502477
Glyma.04G101300.Wm82.a4.v1,0.6281641210502477
Glyma.15G255200.Wm82.a4.v1,0.6281127573438426
Glyma.02G108600.Wm82.a4.v1,0.6281034184881327
Glyma.05G150200.Wm82.a4.v1,0.6280800713488576
Glyma.06G206400.Wm82.a4.v1,0.6280707324931476
Glyma.17G093800.Wm82.a4.v1,0.6280520547817275
Glyma.02G256700.Wm82.a4.v1,0.6280333770703076
Glyma.12G150800.Wm82.a4.v1,0.6280240382145975
Glyma.01G149800.Wm82.a4.v1,0.6279913522196126
Glyma.19G258700.Wm82.a4.v1,0.6279773439360475
Glyma.08G103600.Wm82.a4.v1,0.6279399885132074
Glyma.03G165600.Wm82.a4.v1,0.6279073025182225
Glyma.02G106700.Wm82.a4.v1,0.6279073025182225
Glyma.19G053100.Wm82.a4.v1,0.6278932942346575
Glyma.03G065700.Wm82.a4.v1,0.6278839553789474
Glyma.15G038000.Wm82.a4.v1,0.6278512693839624
Glyma.20G070200.Wm82.a4.v1,0.6278512693839624
Glyma.08G293200.Wm82.a4.v1,0.6278419305282523
Glyma.13G307600.Wm82.a4.v1,0.6277999056775573
Glyma.10G195900.Wm82.a4.v1,0.6277158559761672
Glyma.10G276400.Wm82.a4.v1,0.6277111865483123
Glyma.06G166000.Wm82.a4.v1,0.6277018476926022
Glyma.19G173100.Wm82.a4.v1,0.6276551534140522
Glyma.10G160900.Wm82.a4.v1,0.6276318062747771
Glyma.19G231900.Wm82.a4.v1,0.6276224674190671
Glyma.16G033400.Wm82.a4.v1,0.6275897814240821
Glyma.15G019300.Wm82.a4.v1,0.6275804425683721
Glyma.03G142700.Wm82.a4.v1,0.627547756573387
Glyma.11G062300.Wm82.a4.v1,0.6275454218594596
Glyma.12G040800.Wm82.a4.v1,0.627496392866982
Glyma.10G128800.Wm82.a4.v1,0.627496392866982
Glyma.03G021800.Wm82.a4.v1,0.6274496985884319
Glyma.11G208400.Wm82.a4.v1,0.627431020877012
Glyma.20G236500.Wm82.a4.v1,0.627431020877012
Glyma.10G130700.Wm82.a4.v1,0.6274263514491569
Glyma.09G245300.Wm82.a4.v1,0.6274263514491569
Glyma.20G241500.Wm82.a4.v1,0.627417012593447
Glyma.02G241100.Wm82.a4.v1,0.6273843265984619
Glyma.01G188400.Wm82.a4.v1,0.6273329628920569
Glyma.07G265900.Wm82.a4.v1,0.6273282934642018
Glyma.08G209100.Wm82.a4.v1,0.6272582520463768
Glyma.15G023900.Wm82.a4.v1,0.6272489131906668
Glyma.04G256400.Wm82.a4.v1,0.6272442437628117
Glyma.18G237300.Wm82.a4.v1,0.6271601940614216
Glyma.16G170500.Wm82.a4.v1,0.6271601940614216
Glyma.05G041800.Wm82.a4.v1,0.6271251733525092
Glyma.06G104600.Wm82.a4.v1,0.6270994914993065
Glyma.11G011300.Wm82.a4.v1,0.6270994914993065
Glyma.09G230800.Wm82.a4.v1,0.6270761443600316
Glyma.14G075000.Wm82.a4.v1,0.6270714749321765
Glyma.17G220300.Wm82.a4.v1,0.6269920946586415
Glyma.09G029300.Wm82.a4.v1,0.6269874252307864
Glyma.20G109600.Wm82.a4.v1,0.6269780863750765
Glyma.02G254300.Wm82.a4.v1,0.6269734169472214
Glyma.04G078700.Wm82.a4.v1,0.6269500698079464
Glyma.01G093000.Wm82.a4.v1,0.6269360615243814
Glyma.14G035500.Wm82.a4.v1,0.6269127143851064
Glyma.11G216100.Wm82.a4.v1,0.6268846978179764
Glyma.10G260500.Wm82.a4.v1,0.6268753589622663
Glyma.03G000600.Wm82.a4.v1,0.6268286646837163
Glyma.12G060400.Wm82.a4.v1,0.6268239952558613
Glyma.16G155600.Wm82.a4.v1,0.6268193258280063
Glyma.01G227300.Wm82.a4.v1,0.6267913092608762
Glyma.18G279200.Wm82.a4.v1,0.6267306066987612
Glyma.07G258900.Wm82.a4.v1,0.6267259372709062
Glyma.04G234100.Wm82.a4.v1,0.6267165984151962
Glyma.07G125900.Wm82.a4.v1,0.6267072595594861
Glyma.10G050700.Wm82.a4.v1,0.6266979207037762
Glyma.05G147400.Wm82.a4.v1,0.6266278792859511
Glyma.11G010900.Wm82.a4.v1,0.626567176723836
Glyma.17G012500.Wm82.a4.v1,0.6265625072959811
Glyma.06G289600.Wm82.a4.v1,0.626557837868126
Glyma.05G158100.Wm82.a4.v1,0.626553168440271
Glyma.19G217500.Wm82.a4.v1,0.626548499012416
Glyma.19G207100.Wm82.a4.v1,0.626548499012416
Glyma.12G000900.Wm82.a4.v1,0.626548499012416
Glyma.04G218200.Wm82.a4.v1,0.6264737881667359
Glyma.10G148800.Wm82.a4.v1,0.6264737881667359
Glyma.07G188400.Wm82.a4.v1,0.6264691187388809
Glyma.07G118300.Wm82.a4.v1,0.6264411021717509
Glyma.14G086100.Wm82.a4.v1,0.6264037467489109
Glyma.18G075600.Wm82.a4.v1,0.6263757301817808
Glyma.04G251700.Wm82.a4.v1,0.6263523830425058
Glyma.10G139300.Wm82.a4.v1,0.6263337053310858
Glyma.16G078500.Wm82.a4.v1,0.6262636639132607
Glyma.13G219000.Wm82.a4.v1,0.6262543250575507
Glyma.15G110000.Wm82.a4.v1,0.6262543250575507
Glyma.13G195100.Wm82.a4.v1,0.6262426514879131
Glyma.10G107500.Wm82.a4.v1,0.6261796142118706
Glyma.12G142200.Wm82.a4.v1,0.6261656059283056
Glyma.13G341200.Wm82.a4.v1,0.6261562670725956
Glyma.09G170300.Wm82.a4.v1,0.6260395313762205
Glyma.05G175000.Wm82.a4.v1,0.6260395313762205
Glyma.13G157300.Wm82.a4.v1,0.6259881676698155
Glyma.01G023900.Wm82.a4.v1,0.6259881676698155
Glyma.20G186800.Wm82.a4.v1,0.6259834982419604
Glyma.13G340000.Wm82.a4.v1,0.6259648205305404
Glyma.18G000200.Wm82.a4.v1,0.6259368039634103
Glyma.03G263500.Wm82.a4.v1,0.6259087873962803
Glyma.01G161800.Wm82.a4.v1,0.6258807708291503
Glyma.05G136800.Wm82.a4.v1,0.6258667625455853
Glyma.12G241700.Wm82.a4.v1,0.6258527542620202
Glyma.04G094300.Wm82.a4.v1,0.6258480848341653
Glyma.08G241200.Wm82.a4.v1,0.6257873822720502
Glyma.02G019900.Wm82.a4.v1,0.6257266797099351
Glyma.05G131300.Wm82.a4.v1,0.6257033325706601
Glyma.19G142400.Wm82.a4.v1,0.6256986631428051
Glyma.02G207700.Wm82.a4.v1,0.6256799854313851
Glyma.14G128300.Wm82.a4.v1,0.6256379605806901
Glyma.02G260100.Wm82.a4.v1,0.62562862172498
Glyma.07G240600.Wm82.a4.v1,0.6255959357299951
Glyma.17G072500.Wm82.a4.v1,0.62556324973501
Glyma.14G147000.Wm82.a4.v1,0.625549241451445
Glyma.06G103100.Wm82.a4.v1,0.6255305637400249
Glyma.20G200700.Wm82.a4.v1,0.625511886028605
Glyma.15G125200.Wm82.a4.v1,0.6254932083171849
Glyma.08G168200.Wm82.a4.v1,0.6254932083171849
Glyma.11G223000.Wm82.a4.v1,0.6254885388893299
Glyma.03G229200.Wm82.a4.v1,0.6254838694614749
Glyma.19G125100.Wm82.a4.v1,0.6254418446107799
Glyma.12G059000.Wm82.a4.v1,0.6254138280436499
Glyma.13G359400.Wm82.a4.v1,0.6254091586157948
Glyma.06G088600.Wm82.a4.v1,0.6253624643372447
Glyma.13G196500.Wm82.a4.v1,0.6253064312029847
Glyma.02G161900.Wm82.a4.v1,0.6252970923472747
Glyma.14G012700.Wm82.a4.v1,0.6252130426458846
Glyma.20G063200.Wm82.a4.v1,0.6252083732180296
Glyma.03G197000.Wm82.a4.v1,0.6252037037901745
Glyma.15G216000.Wm82.a4.v1,0.6251476706559145
Glyma.13G293400.Wm82.a4.v1,0.6251430012280595
Glyma.13G290500.Wm82.a4.v1,0.6251289929444945
Glyma.18G040000.Wm82.a4.v1,0.6251243235166395
Glyma.06G309100.Wm82.a4.v1,0.6251196540887844
Glyma.09G213900.Wm82.a4.v1,0.6251196540887844
Glyma.19G257200.Wm82.a4.v1,0.6250496126709594
Glyma.18G297100.Wm82.a4.v1,0.6250449432431044
Glyma.09G059300.Wm82.a4.v1,0.6250309349595394
Glyma.16G077200.Wm82.a4.v1,0.6249562241138593
Glyma.10G219700.Wm82.a4.v1,0.6249468852581493
Glyma.05G240900.Wm82.a4.v1,0.6249422158302943
Glyma.01G060700.Wm82.a4.v1,0.6249328769745843
Glyma.13G121900.Wm82.a4.v1,0.6249141992631643
Glyma.05G051100.Wm82.a4.v1,0.6249048604074543
Glyma.08G045400.Wm82.a4.v1,0.6248394884174842
Glyma.08G064500.Wm82.a4.v1,0.6248114718503541
Glyma.13G198700.Wm82.a4.v1,0.6248068024224992
Glyma.13G040300.Wm82.a4.v1,0.6248021329946442
Glyma.02G018000.Wm82.a4.v1,0.6247881247110791
Glyma.07G093700.Wm82.a4.v1,0.6247460998603841
Glyma.11G045100.Wm82.a4.v1,0.6247367610046741
Glyma.13G241400.Wm82.a4.v1,0.624704075009689
Glyma.15G070000.Wm82.a4.v1,0.624690066726124
Glyma.12G018000.Wm82.a4.v1,0.624582669885459
Glyma.12G103100.Wm82.a4.v1,0.6245780004576039
Glyma.10G004100.Wm82.a4.v1,0.6245453144626189
Glyma.09G225400.Wm82.a4.v1,0.6245266367511989
Glyma.06G018500.Wm82.a4.v1,0.6245219673233439
Glyma.17G211500.Wm82.a4.v1,0.6245079590397788
Glyma.07G089000.Wm82.a4.v1,0.6245079590397788
Glyma.13G180700.Wm82.a4.v1,0.6244706036169388
Glyma.09G004300.Wm82.a4.v1,0.6244472564776637
Glyma.12G188300.Wm82.a4.v1,0.6244099010548237
Glyma.13G346900.Wm82.a4.v1,0.6243538679205637
Glyma.16G022200.Wm82.a4.v1,0.6243491984927086
Glyma.14G219700.Wm82.a4.v1,0.6243258513534337
Glyma.18G151900.Wm82.a4.v1,0.6242044462292036
Glyma.16G110100.Wm82.a4.v1,0.6241810990899285
Glyma.16G213100.Wm82.a4.v1,0.6241670908063635
Glyma.02G085200.Wm82.a4.v1,0.6241670908063635
Glyma.06G317300.Wm82.a4.v1,0.6241297353835235
Glyma.09G010100.Wm82.a4.v1,0.6241250659556684
Glyma.06G063800.Wm82.a4.v1,0.6241157270999584
Glyma.04G063900.Wm82.a4.v1,0.6241110576721034
Glyma.19G213700.Wm82.a4.v1,0.6240316773985684
Glyma.11G015900.Wm82.a4.v1,0.6239943219757283
Glyma.12G052600.Wm82.a4.v1,0.6239616359807433
Glyma.08G021600.Wm82.a4.v1,0.6239336194136132
Glyma.18G123800.Wm82.a4.v1,0.6239149417021932
Glyma.18G279000.Wm82.a4.v1,0.6239009334186282
Glyma.10G216200.Wm82.a4.v1,0.6238775862793532
Glyma.08G351200.Wm82.a4.v1,0.6238775862793532
Glyma.11G070900.Wm82.a4.v1,0.6238635779957882
Glyma.17G017500.Wm82.a4.v1,0.6238589085679331
Glyma.10G201000.Wm82.a4.v1,0.6238308920008031
Glyma.09G040000.Wm82.a4.v1,0.6238215531450931
Glyma.05G008000.Wm82.a4.v1,0.623774858866543
Glyma.04G230800.Wm82.a4.v1,0.6237515117272681
Glyma.14G091900.Wm82.a4.v1,0.623723495160138
Glyma.20G141900.Wm82.a4.v1,0.623709486876573
Glyma.07G024000.Wm82.a4.v1,0.623700148020863
Glyma.08G317200.Wm82.a4.v1,0.623672131453733
Glyma.05G166500.Wm82.a4.v1,0.623653453742313
Glyma.08G218500.Wm82.a4.v1,0.6236114288916179
Glyma.19G101100.Wm82.a4.v1,0.6235927511801979
Glyma.17G008100.Wm82.a4.v1,0.6235880817523429
Glyma.05G127300.Wm82.a4.v1,0.6235880817523429
Glyma.12G001400.Wm82.a4.v1,0.6235273791902278
Glyma.18G287300.Wm82.a4.v1,0.6235180403345179
Glyma.12G148900.Wm82.a4.v1,0.6235133709066628
Glyma.15G203700.Wm82.a4.v1,0.6234806849116777
Glyma.03G105300.Wm82.a4.v1,0.6234526683445477
Glyma.06G220300.Wm82.a4.v1,0.6234059740659977
Glyma.08G195900.Wm82.a4.v1,0.6233826269267226
Glyma.17G130200.Wm82.a4.v1,0.6233779574988677
Glyma.05G049200.Wm82.a4.v1,0.6233592797874477
Glyma.08G327900.Wm82.a4.v1,0.6233219243646076
Glyma.13G253100.Wm82.a4.v1,0.6233079160810426
Glyma.02G149800.Wm82.a4.v1,0.6232985772253326
Glyma.09G034800.Wm82.a4.v1,0.6232985772253326
Glyma.08G343300.Wm82.a4.v1,0.6232658912303476
Glyma.07G224200.Wm82.a4.v1,0.6232518829467826
Glyma.01G228200.Wm82.a4.v1,0.6232472135189275
Glyma.05G207800.Wm82.a4.v1,0.6232145275239425
Glyma.08G051400.Wm82.a4.v1,0.6231818415289575
Glyma.11G064000.Wm82.a4.v1,0.6231725026732474
Glyma.18G220400.Wm82.a4.v1,0.6231491555339724
Glyma.10G159800.Wm82.a4.v1,0.6230837835440024
Glyma.05G232600.Wm82.a4.v1,0.6230791141161474
Glyma.10G265800.Wm82.a4.v1,0.6230604364047273
Glyma.20G181600.Wm82.a4.v1,0.6230464281211623
Glyma.19G228600.Wm82.a4.v1,0.6230370892654523
Glyma.10G219900.Wm82.a4.v1,0.6229670478476272
Glyma.01G030400.Wm82.a4.v1,0.6229577089919173
Glyma.10G178500.Wm82.a4.v1,0.6229483701362072
Glyma.05G093000.Wm82.a4.v1,0.6229437007083523
Glyma.09G261100.Wm82.a4.v1,0.6229250229969322
Glyma.09G028600.Wm82.a4.v1,0.6229250229969322
Glyma.02G272700.Wm82.a4.v1,0.6229063452855121
Glyma.18G215900.Wm82.a4.v1,0.6228549815791071
Glyma.11G227700.Wm82.a4.v1,0.6228316344398321
Glyma.03G203700.Wm82.a4.v1,0.622822295584122
Glyma.02G230600.Wm82.a4.v1,0.622780270733427
Glyma.15G074000.Wm82.a4.v1,0.6227756013055721
Glyma.10G224051.Wm82.a4.v1,0.6227756013055721
Glyma.19G113700.Wm82.a4.v1,0.622742915310587
Glyma.04G154000.Wm82.a4.v1,0.6226962210320369
Glyma.09G246500.Wm82.a4.v1,0.622677543320617
Glyma.10G231300.Wm82.a4.v1,0.622649526753487
Glyma.01G150300.Wm82.a4.v1,0.6226448573256319
Glyma.10G255100.Wm82.a4.v1,0.6226355184699219
Glyma.13G227200.Wm82.a4.v1,0.6226075019027919
Glyma.20G239100.Wm82.a4.v1,0.6225794853356619
Glyma.13G278100.Wm82.a4.v1,0.6225608076242418
Glyma.04G030500.Wm82.a4.v1,0.6225421299128218
Glyma.05G234900.Wm82.a4.v1,0.6225421299128218
Glyma.13G066800.Wm82.a4.v1,0.6225374604849668
Glyma.04G028500.Wm82.a4.v1,0.6225327910571118
Glyma.03G208500.Wm82.a4.v1,0.6225047744899818
Glyma.15G248200.Wm82.a4.v1,0.6224720884949967
Glyma.05G011400.Wm82.a4.v1,0.6224440719278667
Glyma.12G024800.Wm82.a4.v1,0.6223927082214616
Glyma.08G128700.Wm82.a4.v1,0.6223273362314915
Glyma.19G009300.Wm82.a4.v1,0.6223179973757815
Glyma.19G200600.Wm82.a4.v1,0.6222899808086515
Glyma.03G200300.Wm82.a4.v1,0.6222386171022465
Glyma.06G107200.Wm82.a4.v1,0.6222292782465364
Glyma.01G036700.Wm82.a4.v1,0.6222106005351165
Glyma.20G185600.Wm82.a4.v1,0.6221405591172914
Glyma.10G202600.Wm82.a4.v1,0.6221172119780163
Glyma.16G160100.Wm82.a4.v1,0.6220891954108863
Glyma.13G069300.Wm82.a4.v1,0.6220658482716113
Glyma.16G036300.Wm82.a4.v1,0.6220658482716113
Glyma.09G051400.Wm82.a4.v1,0.6220378317044812
Glyma.17G190900.Wm82.a4.v1,0.6220191539930612
Glyma.05G225500.Wm82.a4.v1,0.6220004762816412
Glyma.08G252800.Wm82.a4.v1,0.6219724597145112
Glyma.20G088200.Wm82.a4.v1,0.6219491125752361
Glyma.08G047200.Wm82.a4.v1,0.6219444431473812
Glyma.09G191400.Wm82.a4.v1,0.6218977488688311
Glyma.03G152300.Wm82.a4.v1,0.621837046306716
Glyma.19G176400.Wm82.a4.v1,0.621827707451006
Glyma.10G024300.Wm82.a4.v1,0.621799690883876
Glyma.11G149700.Wm82.a4.v1,0.621790352028166
Glyma.03G199900.Wm82.a4.v1,0.621748327177471
Glyma.03G209800.Wm82.a4.v1,0.6217389883217609
Glyma.17G242300.Wm82.a4.v1,0.6217389883217609
Glyma.15G073500.Wm82.a4.v1,0.621734318893906
Glyma.07G038100.Wm82.a4.v1,0.621734318893906
Glyma.10G291300.Wm82.a4.v1,0.6217203106103409
Glyma.01G196000.Wm82.a4.v1,0.6217156411824859
Glyma.15G096200.Wm82.a4.v1,0.6216969634710658
Glyma.02G090500.Wm82.a4.v1,0.6216129137696758
Glyma.20G131000.Wm82.a4.v1,0.6215989054861107
Glyma.20G103200.Wm82.a4.v1,0.6215895666304008
Glyma.02G179100.Wm82.a4.v1,0.6215895666304008
Glyma.11G087200.Wm82.a4.v1,0.6215475417797057
Glyma.20G004600.Wm82.a4.v1,0.6215475417797057
Glyma.15G113800.Wm82.a4.v1,0.6215148557847207
Glyma.20G061500.Wm82.a4.v1,0.6214634920783156
Glyma.05G213300.Wm82.a4.v1,0.6214448143668956
Glyma.08G172400.Wm82.a4.v1,0.6213981200883456
Glyma.13G008000.Wm82.a4.v1,0.6213841118047806
Glyma.09G250600.Wm82.a4.v1,0.6213607646655055
Glyma.01G020300.Wm82.a4.v1,0.6213467563819405
Glyma.15G173400.Wm82.a4.v1,0.6213234092426655
Glyma.12G051100.Wm82.a4.v1,0.6213140703869555
Glyma.12G194000.Wm82.a4.v1,0.6212673761084054
Glyma.03G252100.Wm82.a4.v1,0.6212346901134204
Glyma.13G112100.Wm82.a4.v1,0.6212206818298553
Glyma.10G037900.Wm82.a4.v1,0.6211693181234503
Glyma.06G045900.Wm82.a4.v1,0.6211179544170453
Glyma.01G123900.Wm82.a4.v1,0.6210899378499153
Glyma.20G059000.Wm82.a4.v1,0.6210432435713652
Glyma.11G179400.Wm82.a4.v1,0.6210012187206702
Glyma.18G147100.Wm82.a4.v1,0.6210012187206702
Glyma.14G156000.Wm82.a4.v1,0.6209732021535401
Glyma.08G271402.Wm82.a4.v1,0.6209732021535401
Glyma.10G147400.Wm82.a4.v1,0.6209405161585551
Glyma.08G004700.Wm82.a4.v1,0.62083311931789
Glyma.05G224000.Wm82.a4.v1,0.62082378046218
Glyma.14G134500.Wm82.a4.v1,0.620809772178615
Glyma.03G138600.Wm82.a4.v1,0.6207864250393399
Glyma.07G220500.Wm82.a4.v1,0.6207770861836299
Glyma.15G026100.Wm82.a4.v1,0.6207537390443549
Glyma.17G039300.Wm82.a4.v1,0.6207163836215148
Glyma.04G001900.Wm82.a4.v1,0.6207070447658048
Glyma.16G070700.Wm82.a4.v1,0.6206977059100949
Glyma.04G185500.Wm82.a4.v1,0.6206836976265299
Glyma.14G088600.Wm82.a4.v1,0.6206790281986748
Glyma.19G194929.Wm82.a4.v1,0.6206650199151098
Glyma.08G173100.Wm82.a4.v1,0.6206463422036897
Glyma.03G135000.Wm82.a4.v1,0.6206370033479798
Glyma.15G160400.Wm82.a4.v1,0.6206276644922698
Glyma.08G056200.Wm82.a4.v1,0.6206183256365597
Glyma.15G235900.Wm82.a4.v1,0.6206136562087048
Glyma.20G050200.Wm82.a4.v1,0.6205622925022997
Glyma.10G102000.Wm82.a4.v1,0.6205296065073147
Glyma.08G085800.Wm82.a4.v1,0.6205109287958946
Glyma.03G050100.Wm82.a4.v1,0.6204595650894896
Glyma.17G170400.Wm82.a4.v1,0.6204548956616346
Glyma.13G154400.Wm82.a4.v1,0.6203848542438095
Glyma.07G010500.Wm82.a4.v1,0.6203661765323895
Glyma.15G181000.Wm82.a4.v1,0.6203241516816944
Glyma.02G277200.Wm82.a4.v1,0.6203148128259844
Glyma.06G097600.Wm82.a4.v1,0.6203054739702745
Glyma.09G238200.Wm82.a4.v1,0.6202821268309994
Glyma.01G082200.Wm82.a4.v1,0.6202541102638693
Glyma.15G040600.Wm82.a4.v1,0.6202494408360144
Glyma.07G160500.Wm82.a4.v1,0.6201840688460443
Glyma.08G329300.Wm82.a4.v1,0.6201467134232043
Glyma.14G161200.Wm82.a4.v1,0.6201420439953492
Glyma.04G229200.Wm82.a4.v1,0.6201327051396393
Glyma.10G176200.Wm82.a4.v1,0.6201280357117842
Glyma.12G095400.Wm82.a4.v1,0.6200953497167992
Glyma.06G240100.Wm82.a4.v1,0.6200813414332342
Glyma.06G008900.Wm82.a4.v1,0.6200486554382492
Glyma.17G110600.Wm82.a4.v1,0.6200159694432641
Glyma.02G257400.Wm82.a4.v1,0.6200113000154092
Glyma.15G023600.Wm82.a4.v1,0.6199832834482791
Glyma.13G063500.Wm82.a4.v1,0.6199552668811491
Glyma.06G308200.Wm82.a4.v1,0.6199412585975841
Glyma.05G113600.Wm82.a4.v1,0.619917911458309
Glyma.05G212000.Wm82.a4.v1,0.619889894891179
Glyma.08G016400.Wm82.a4.v1,0.619866547751904
Glyma.08G209600.Wm82.a4.v1,0.619852539468339
Glyma.20G238400.Wm82.a4.v1,0.619829192329064
Glyma.08G310300.Wm82.a4.v1,0.6198105146176439
Glyma.06G275600.Wm82.a4.v1,0.6198105146176439
Glyma.05G185600.Wm82.a4.v1,0.6197498120555288
Glyma.19G207500.Wm82.a4.v1,0.6197358037719638
Glyma.11G145854.Wm82.a4.v1,0.6197217954883988
Glyma.15G131900.Wm82.a4.v1,0.6197077872048338
Glyma.04G089600.Wm82.a4.v1,0.6196797706377037
Glyma.07G251400.Wm82.a4.v1,0.6196470846427188
Glyma.12G074700.Wm82.a4.v1,0.6196330763591538
Glyma.14G075900.Wm82.a4.v1,0.6196237375034437
Glyma.02G134400.Wm82.a4.v1,0.6195910515084587
Glyma.08G221400.Wm82.a4.v1,0.6195677043691836
Glyma.02G187100.Wm82.a4.v1,0.6194883240956486
Glyma.13G042000.Wm82.a4.v1,0.6194603075285186
Glyma.10G067900.Wm82.a4.v1,0.6194136132499685
Glyma.14G012500.Wm82.a4.v1,0.6193529106878534
Glyma.11G100000.Wm82.a4.v1,0.6193202246928684
Glyma.17G152700.Wm82.a4.v1,0.6193202246928684
Glyma.10G005500.Wm82.a4.v1,0.6193062164093034
Glyma.20G019000.Wm82.a4.v1,0.6192968775535933
Glyma.08G104100.Wm82.a4.v1,0.6192595221307533
Glyma.06G082500.Wm82.a4.v1,0.6192548527028983
Glyma.19G172100.Wm82.a4.v1,0.6192268361357682
Glyma.16G210400.Wm82.a4.v1,0.6192221667079133
Glyma.10G075300.Wm82.a4.v1,0.6191988195686382
Glyma.02G137300.Wm82.a4.v1,0.6191941501407833
Glyma.09G009200.Wm82.a4.v1,0.6191848112850732
Glyma.11G128600.Wm82.a4.v1,0.6191754724293632
Glyma.11G119700.Wm82.a4.v1,0.6191754724293632
Glyma.09G026100.Wm82.a4.v1,0.6191661335736532
Glyma.14G079200.Wm82.a4.v1,0.6191334475786682
Glyma.18G268500.Wm82.a4.v1,0.6191194392951032
Glyma.09G207800.Wm82.a4.v1,0.6191147698672481
Glyma.09G090200.Wm82.a4.v1,0.6191101004393932
Glyma.01G208100.Wm82.a4.v1,0.6191007615836831
Glyma.02G026800.Wm82.a4.v1,0.618937331608758
Glyma.19G003900.Wm82.a4.v1,0.6189326621809029
Glyma.15G165600.Wm82.a4.v1,0.618927992753048
Glyma.12G025100.Wm82.a4.v1,0.6188392736238029
Glyma.19G241400.Wm82.a4.v1,0.6188392736238029
Glyma.07G009200.Wm82.a4.v1,0.6188252653402379
Glyma.02G233500.Wm82.a4.v1,0.6188159264845279
Glyma.10G272800.Wm82.a4.v1,0.6188065876288178
Glyma.12G018200.Wm82.a4.v1,0.6188019182009629
Glyma.20G004400.Wm82.a4.v1,0.6187972487731078
Glyma.16G130900.Wm82.a4.v1,0.6187365462109927
Glyma.17G208400.Wm82.a4.v1,0.6187178684995728
Glyma.07G037100.Wm82.a4.v1,0.6186478270817477
Glyma.14G177100.Wm82.a4.v1,0.6186198105146177
Glyma.05G185900.Wm82.a4.v1,0.6186198105146177
Glyma.14G136600.Wm82.a4.v1,0.6185777856639226
Glyma.08G131600.Wm82.a4.v1,0.6185310913853725
Glyma.06G149200.Wm82.a4.v1,0.6185170831018075
Glyma.19G115700.Wm82.a4.v1,0.6184657193954025
Glyma.12G173200.Wm82.a4.v1,0.6184423722561274
Glyma.02G097200.Wm82.a4.v1,0.6184190251168524
Glyma.15G104000.Wm82.a4.v1,0.6183910085497224
Glyma.02G151100.Wm82.a4.v1,0.6183863391218674
Glyma.17G065600.Wm82.a4.v1,0.6183536531268824
Glyma.13G294500.Wm82.a4.v1,0.6182509257140723
Glyma.09G227600.Wm82.a4.v1,0.6181995620076672
Glyma.15G060600.Wm82.a4.v1,0.6181902231519572
Glyma.10G082300.Wm82.a4.v1,0.6181855537241022
Glyma.01G183600.Wm82.a4.v1,0.6181785495823197
Glyma.15G009700.Wm82.a4.v1,0.6181388594455521
Glyma.05G219900.Wm82.a4.v1,0.618092165167002
Glyma.13G116000.Wm82.a4.v1,0.618040801460597
Glyma.05G204300.Wm82.a4.v1,0.618017454321322
Glyma.01G150500.Wm82.a4.v1,0.618008115465612
Glyma.02G166500.Wm82.a4.v1,0.617984768326337
Glyma.09G051200.Wm82.a4.v1,0.6179193963363669
Glyma.16G164500.Wm82.a4.v1,0.6178727020578169
Glyma.10G096800.Wm82.a4.v1,0.6177979912121367
Glyma.09G001600.Wm82.a4.v1,0.6177886523564268
Glyma.17G096100.Wm82.a4.v1,0.6177606357892967
Glyma.09G164900.Wm82.a4.v1,0.6177466275057317
Glyma.02G081500.Wm82.a4.v1,0.6177372886500218
Glyma.04G222900.Wm82.a4.v1,0.6177279497943117
Glyma.16G181000.Wm82.a4.v1,0.6177186109386017
Glyma.05G220700.Wm82.a4.v1,0.6176952637993267
Glyma.07G245500.Wm82.a4.v1,0.6176579083764866
Glyma.15G261100.Wm82.a4.v1,0.6176439000929216
Glyma.17G090100.Wm82.a4.v1,0.6176252223815016
Glyma.12G186700.Wm82.a4.v1,0.6176205529536466
Glyma.08G073300.Wm82.a4.v1,0.6175972058143716
Glyma.04G005900.Wm82.a4.v1,0.6175831975308066
Glyma.09G225900.Wm82.a4.v1,0.6175738586750965
Glyma.15G129200.Wm82.a4.v1,0.6175458421079665
Glyma.14G038900.Wm82.a4.v1,0.6175224949686915
Glyma.18G274100.Wm82.a4.v1,0.6174944784015615
Glyma.01G128200.Wm82.a4.v1,0.6174898089737064
Glyma.16G155700.Wm82.a4.v1,0.6174664618344314
Glyma.15G201300.Wm82.a4.v1,0.6174524535508664
Glyma.10G027900.Wm82.a4.v1,0.6174057592723163
Glyma.03G247600.Wm82.a4.v1,0.6174057592723163
Glyma.02G105500.Wm82.a4.v1,0.6173964204166064
Glyma.08G015900.Wm82.a4.v1,0.6173590649937664
Glyma.05G116700.Wm82.a4.v1,0.6173403872823463
Glyma.06G095900.Wm82.a4.v1,0.6173123707152163
Glyma.02G295800.Wm82.a4.v1,0.6172843541480862
Glyma.10G034100.Wm82.a4.v1,0.6172750152923763
Glyma.10G294700.Wm82.a4.v1,0.6172329904416812
Glyma.18G039700.Wm82.a4.v1,0.6171956350188411
Glyma.04G209600.Wm82.a4.v1,0.6171769573074212
Glyma.08G114200.Wm82.a4.v1,0.6171069158895961
Glyma.09G143900.Wm82.a4.v1,0.617036874471771
Glyma.19G233100.Wm82.a4.v1,0.6169995190489309
Glyma.06G102900.Wm82.a4.v1,0.6169761719096559
Glyma.09G151800.Wm82.a4.v1,0.6169761719096559
Glyma.20G214100.Wm82.a4.v1,0.6169574941982359
Glyma.16G199400.Wm82.a4.v1,0.6169434859146709
Glyma.10G278400.Wm82.a4.v1,0.6169061304918309
Glyma.10G077600.Wm82.a4.v1,0.6168734444968458
Glyma.13G263300.Wm82.a4.v1,0.6168641056411358
Glyma.10G243300.Wm82.a4.v1,0.6168454279297158
Glyma.04G240100.Wm82.a4.v1,0.6168127419347308
Glyma.17G009100.Wm82.a4.v1,0.6167940642233107
Glyma.04G232100.Wm82.a4.v1,0.6166773285269356
Glyma.15G240800.Wm82.a4.v1,0.6166539813876606
Glyma.04G148200.Wm82.a4.v1,0.6165605928305604
Glyma.19G100100.Wm82.a4.v1,0.6165605928305604
Glyma.05G207100.Wm82.a4.v1,0.6165138985520104
Glyma.04G049800.Wm82.a4.v1,0.6165138985520104
Glyma.09G211000.Wm82.a4.v1,0.6165045596963004
Glyma.09G190100.Wm82.a4.v1,0.6164812125570254
Glyma.04G215300.Wm82.a4.v1,0.6164578654177504
Glyma.02G149900.Wm82.a4.v1,0.6164438571341854
Glyma.17G050300.Wm82.a4.v1,0.6164345182784753
Glyma.07G072200.Wm82.a4.v1,0.6164205099949103
Glyma.01G008000.Wm82.a4.v1,0.6164065017113453
Glyma.20G131200.Wm82.a4.v1,0.6163971628556353
Glyma.15G154800.Wm82.a4.v1,0.6163924934277802
Glyma.18G096200.Wm82.a4.v1,0.6163738157163603
Glyma.10G189800.Wm82.a4.v1,0.6163504685770852
Glyma.19G025800.Wm82.a4.v1,0.6163411297213752
Glyma.17G166200.Wm82.a4.v1,0.6163317908656653
Glyma.02G276600.Wm82.a4.v1,0.6162710883035502
Glyma.19G197500.Wm82.a4.v1,0.616210385741435
Glyma.11G139300.Wm82.a4.v1,0.616173030318595
Glyma.15G137300.Wm82.a4.v1,0.616154352607175
Glyma.17G149400.Wm82.a4.v1,0.6161310054679
Glyma.19G187900.Wm82.a4.v1,0.616116997184335
Glyma.03G229500.Wm82.a4.v1,0.616107658328625
Glyma.14G145920.Wm82.a4.v1,0.6160983194729149
Glyma.10G171500.Wm82.a4.v1,0.6160843111893499
Glyma.13G079000.Wm82.a4.v1,0.616079641761495
Glyma.10G202800.Wm82.a4.v1,0.61607497233364
Glyma.08G027800.Wm82.a4.v1,0.6160609640500749
Glyma.08G213600.Wm82.a4.v1,0.616051625194365
Glyma.13G113300.Wm82.a4.v1,0.6160422863386549
Glyma.15G163900.Wm82.a4.v1,0.6160376169108
Glyma.06G308700.Wm82.a4.v1,0.6160376169108
Glyma.16G062100.Wm82.a4.v1,0.6159769143486848
Glyma.11G021000.Wm82.a4.v1,0.6159722449208298
Glyma.19G209700.Wm82.a4.v1,0.6159629060651198
Glyma.12G180700.Wm82.a4.v1,0.6159162117865697
Glyma.17G113700.Wm82.a4.v1,0.6159115423587148
Glyma.08G019800.Wm82.a4.v1,0.6158835257915848
Glyma.14G071900.Wm82.a4.v1,0.6158741869358747
Glyma.18G081900.Wm82.a4.v1,0.6158671827940922
Glyma.15G014100.Wm82.a4.v1,0.6157761289509196
Glyma.02G253900.Wm82.a4.v1,0.6157574512394997
Glyma.17G234900.Wm82.a4.v1,0.6157574512394997
Glyma.19G263600.Wm82.a4.v1,0.6157107569609496
Glyma.11G152960.Wm82.a4.v1,0.6156593932545446
Glyma.09G110100.Wm82.a4.v1,0.6156080295481394
Glyma.17G067500.Wm82.a4.v1,0.6155986906924295
Glyma.13G104200.Wm82.a4.v1,0.6155940212645744
Glyma.13G072600.Wm82.a4.v1,0.6155566658417344
Glyma.05G233100.Wm82.a4.v1,0.6155333187024594
Glyma.06G295700.Wm82.a4.v1,0.6155239798467493
Glyma.07G023500.Wm82.a4.v1,0.6155053021353294
Glyma.19G037800.Wm82.a4.v1,0.6155006327074743
Glyma.06G164300.Wm82.a4.v1,0.6154912938517644
Glyma.08G363700.Wm82.a4.v1,0.6154259218617942
Glyma.08G288600.Wm82.a4.v1,0.6153885664389542
Glyma.19G234600.Wm82.a4.v1,0.6153605498718242
Glyma.18G154000.Wm82.a4.v1,0.6152858390261441
Glyma.10G171600.Wm82.a4.v1,0.6152811695982892
Glyma.01G039100.Wm82.a4.v1,0.6152671613147241
Glyma.05G193500.Wm82.a4.v1,0.6152531530311591
Glyma.08G165800.Wm82.a4.v1,0.6152531530311591
Glyma.17G191500.Wm82.a4.v1,0.6152531530311591
Glyma.17G253000.Wm82.a4.v1,0.6152251364640291
Glyma.13G256300.Wm82.a4.v1,0.6151971198968991
Glyma.07G218700.Wm82.a4.v1,0.615192450469044
Glyma.08G029100.Wm82.a4.v1,0.615192450469044
Glyma.19G204800.Wm82.a4.v1,0.615192450469044
Glyma.20G090300.Wm82.a4.v1,0.615159764474059
Glyma.09G215301.Wm82.a4.v1,0.615155095046204
Glyma.07G084000.Wm82.a4.v1,0.6150943924840889
Glyma.09G044600.Wm82.a4.v1,0.615085053628379
Glyma.11G139200.Wm82.a4.v1,0.6150430287776839
Glyma.20G237300.Wm82.a4.v1,0.6149963344991338
Glyma.07G020300.Wm82.a4.v1,0.6149916650712788
Glyma.18G076100.Wm82.a4.v1,0.6149776567877138
Glyma.08G136500.Wm82.a4.v1,0.6149729873598588
Glyma.01G049400.Wm82.a4.v1,0.6149729873598588
Glyma.03G032000.Wm82.a4.v1,0.6149356319370187
Glyma.05G193000.Wm82.a4.v1,0.6149309625091638
Glyma.19G187100.Wm82.a4.v1,0.6148889376584687
Glyma.15G198100.Wm82.a4.v1,0.6148749293749037
Glyma.16G199300.Wm82.a4.v1,0.6148655905191936
Glyma.09G124900.Wm82.a4.v1,0.6148655905191936
Glyma.18G010600.Wm82.a4.v1,0.6148375739520636
Glyma.16G126300.Wm82.a4.v1,0.6148282350963536
Glyma.04G256900.Wm82.a4.v1,0.6147908796735136
Glyma.19G016800.Wm82.a4.v1,0.6147675325342385
Glyma.06G060200.Wm82.a4.v1,0.6147628631063836
Glyma.05G004100.Wm82.a4.v1,0.6147581936785286
Glyma.18G215000.Wm82.a4.v1,0.6147488548228186
Glyma.14G057100.Wm82.a4.v1,0.6147161688278335
Glyma.01G228400.Wm82.a4.v1,0.6147021605442685
Glyma.03G262800.Wm82.a4.v1,0.6146834828328485
Glyma.08G031200.Wm82.a4.v1,0.6146554662657184
Glyma.13G084800.Wm82.a4.v1,0.6145667471364734
Glyma.15G099000.Wm82.a4.v1,0.6145620777086184
Glyma.04G251300.Wm82.a4.v1,0.6145574082807633
Glyma.08G095400.Wm82.a4.v1,0.6144873668629383
Glyma.03G188100.Wm82.a4.v1,0.6144733585793732
Glyma.06G059800.Wm82.a4.v1,0.6144313337286782
Glyma.09G045800.Wm82.a4.v1,0.6144266643008233
Glyma.06G198550.Wm82.a4.v1,0.6144266643008233
Glyma.20G244000.Wm82.a4.v1,0.6144266643008233
Glyma.10G295800.Wm82.a4.v1,0.6144266643008233
Glyma.10G250100.Wm82.a4.v1,0.6144266643008233
Glyma.20G067600.Wm82.a4.v1,0.6143939783058382
Glyma.19G103400.Wm82.a4.v1,0.6143893088779832
Glyma.04G225600.Wm82.a4.v1,0.6142819120373181
Glyma.09G268500.Wm82.a4.v1,0.6142725731816081
Glyma.11G186600.Wm82.a4.v1,0.6142725731816081
Glyma.12G072200.Wm82.a4.v1,0.614193192908073
Glyma.14G198000.Wm82.a4.v1,0.6141791846245079
Glyma.13G255300.Wm82.a4.v1,0.614155837485233
Glyma.04G115500.Wm82.a4.v1,0.6141511680573779
Glyma.19G153700.Wm82.a4.v1,0.6141138126345379
Glyma.12G091600.Wm82.a4.v1,0.6140951349231178
Glyma.11G234400.Wm82.a4.v1,0.6140764572116979
Glyma.09G000400.Wm82.a4.v1,0.6140717877838429
Glyma.05G072100.Wm82.a4.v1,0.6139597215153227
Glyma.18G016800.Wm82.a4.v1,0.6139130272367727
Glyma.06G302100.Wm82.a4.v1,0.6139083578089177
Glyma.16G197900.Wm82.a4.v1,0.6138616635303676
Glyma.13G051500.Wm82.a4.v1,0.6138593288164401
Glyma.20G207200.Wm82.a4.v1,0.6138383163910927
Glyma.07G080300.Wm82.a4.v1,0.6138009609682525
Glyma.13G126600.Wm82.a4.v1,0.6137682749732676
Glyma.03G110700.Wm82.a4.v1,0.6137495972618475
Glyma.14G153000.Wm82.a4.v1,0.6137309195504275
Glyma.13G037300.Wm82.a4.v1,0.6137309195504275
Glyma.16G022600.Wm82.a4.v1,0.6137215806947175
Glyma.20G217000.Wm82.a4.v1,0.6136982335554424
Glyma.06G178000.Wm82.a4.v1,0.6136795558440225
Glyma.03G118800.Wm82.a4.v1,0.6136375309933274
Glyma.14G223700.Wm82.a4.v1,0.6136328615654724
Glyma.08G224200.Wm82.a4.v1,0.6136048449983423
Glyma.19G168500.Wm82.a4.v1,0.6136001755704873
Glyma.12G231200.Wm82.a4.v1,0.6135441424362272
Glyma.20G089700.Wm82.a4.v1,0.6135394730083723
Glyma.01G121400.Wm82.a4.v1,0.6135067870133872
Glyma.17G052100.Wm82.a4.v1,0.6134974481576773
Glyma.07G085200.Wm82.a4.v1,0.6134881093019672
Glyma.20G238500.Wm82.a4.v1,0.6134787704462572
Glyma.02G019000.Wm82.a4.v1,0.6134414150234172
Glyma.11G234700.Wm82.a4.v1,0.6134040596005771
Glyma.19G180500.Wm82.a4.v1,0.6133853818891571
Glyma.09G199500.Wm82.a4.v1,0.6133667041777371
Glyma.06G034400.Wm82.a4.v1,0.613362034749882
Glyma.11G119500.Wm82.a4.v1,0.6133526958941721
Glyma.07G038300.Wm82.a4.v1,0.613324679327042
Glyma.08G296500.Wm82.a4.v1,0.613310671043477
Glyma.11G231700.Wm82.a4.v1,0.613306001615622
Glyma.06G121300.Wm82.a4.v1,0.6133013321877671
Glyma.01G009900.Wm82.a4.v1,0.613291993332057
Glyma.06G196400.Wm82.a4.v1,0.613282654476347
Glyma.10G063600.Wm82.a4.v1,0.613282654476347
Glyma.08G086800.Wm82.a4.v1,0.613277985048492
Glyma.02G110700.Wm82.a4.v1,0.613245299053507
Glyma.14G217400.Wm82.a4.v1,0.613231290769942
Glyma.11G145000.Wm82.a4.v1,0.6132126130585219
Glyma.15G254500.Wm82.a4.v1,0.6131986047749569
Glyma.06G160100.Wm82.a4.v1,0.6131986047749569
Glyma.02G225000.Wm82.a4.v1,0.6131752576356819
Glyma.13G125100.Wm82.a4.v1,0.6131565799242619
Glyma.06G041400.Wm82.a4.v1,0.6131565799242619
Glyma.03G044200.Wm82.a4.v1,0.6131332327849869
Glyma.09G264600.Wm82.a4.v1,0.6130445136557418
Glyma.06G170100.Wm82.a4.v1,0.6130398442278867
Glyma.13G172000.Wm82.a4.v1,0.6130398442278867
Glyma.05G178900.Wm82.a4.v1,0.6130071582329017
Glyma.17G216600.Wm82.a4.v1,0.6129884805214817
Glyma.14G048800.Wm82.a4.v1,0.6129604639543517
Glyma.17G173000.Wm82.a4.v1,0.6129557945264966
Glyma.17G116600.Wm82.a4.v1,0.6129511250986417
Glyma.19G055900.Wm82.a4.v1,0.6129417862429316
Glyma.18G243400.Wm82.a4.v1,0.6129371168150767
Glyma.08G145400.Wm82.a4.v1,0.6128950919643816
Glyma.07G047300.Wm82.a4.v1,0.6128950919643816
Glyma.08G196100.Wm82.a4.v1,0.6128857531086715
Glyma.20G121200.Wm82.a4.v1,0.6128250505465566
Glyma.01G208700.Wm82.a4.v1,0.6126943065666164
Glyma.06G145500.Wm82.a4.v1,0.6126709594273414
Glyma.05G117600.Wm82.a4.v1,0.6126289345766464
Glyma.17G037000.Wm82.a4.v1,0.6125588931588213
Glyma.19G105100.Wm82.a4.v1,0.6125402154474012
Glyma.15G257500.Wm82.a4.v1,0.6125121988802712
Glyma.11G204100.Wm82.a4.v1,0.6124608351738662
Glyma.04G123600.Wm82.a4.v1,0.6124048020396061
Glyma.13G222200.Wm82.a4.v1,0.612372116044621
Glyma.16G022700.Wm82.a4.v1,0.612358107761056
Glyma.06G128600.Wm82.a4.v1,0.612344099477491
Glyma.09G173200.Wm82.a4.v1,0.612339430049636
Glyma.09G180300.Wm82.a4.v1,0.612334760621781
Glyma.20G225000.Wm82.a4.v1,0.612334760621781
Glyma.06G117800.Wm82.a4.v1,0.6122460414925359
Glyma.10G175000.Wm82.a4.v1,0.612236702636826
Glyma.09G267400.Wm82.a4.v1,0.6121900083582759
Glyma.09G258900.Wm82.a4.v1,0.6121853389304208
Glyma.13G076700.Wm82.a4.v1,0.6121713306468558
Glyma.02G013600.Wm82.a4.v1,0.6121713306468558
Glyma.20G146000.Wm82.a4.v1,0.6121573223632908
Glyma.01G182000.Wm82.a4.v1,0.6121339752240158
Glyma.18G070600.Wm82.a4.v1,0.6121199669404508
Glyma.08G025600.Wm82.a4.v1,0.6120732726619007
Glyma.15G158300.Wm82.a4.v1,0.6120545949504808
Glyma.19G114400.Wm82.a4.v1,0.6120265783833507
Glyma.03G049600.Wm82.a4.v1,0.6120032312440756
Glyma.02G310600.Wm82.a4.v1,0.6119845535326557
Glyma.13G124100.Wm82.a4.v1,0.6119798841048006
Glyma.13G094700.Wm82.a4.v1,0.6119705452490907
Glyma.03G023500.Wm82.a4.v1,0.6119612063933806
Glyma.19G196100.Wm82.a4.v1,0.6119005038312656
Glyma.04G210500.Wm82.a4.v1,0.6118958344034106
Glyma.03G004100.Wm82.a4.v1,0.611888830261628
Glyma.11G233000.Wm82.a4.v1,0.6118724872641356
Glyma.09G255200.Wm82.a4.v1,0.6118678178362805
Glyma.06G060300.Wm82.a4.v1,0.6118304624134405
Glyma.09G205800.Wm82.a4.v1,0.6117837681348904
Glyma.10G239500.Wm82.a4.v1,0.6117370738563404
Glyma.03G237200.Wm82.a4.v1,0.6117043878613554
Glyma.14G190000.Wm82.a4.v1,0.6116950490056453
Glyma.16G099800.Wm82.a4.v1,0.6116763712942254
Glyma.19G229800.Wm82.a4.v1,0.6116413505853128
Glyma.10G141500.Wm82.a4.v1,0.6116109993042552
Glyma.09G044000.Wm82.a4.v1,0.6116109993042552
Glyma.04G096900.Wm82.a4.v1,0.6115502967421402
Glyma.15G098100.Wm82.a4.v1,0.6114242221900551
Glyma.13G205900.Wm82.a4.v1,0.611358850200085
Glyma.15G027200.Wm82.a4.v1,0.611358850200085
Glyma.12G161300.Wm82.a4.v1,0.6113261642051
Glyma.11G065100.Wm82.a4.v1,0.6113074864936799
Glyma.02G168400.Wm82.a4.v1,0.6112888087822599
Glyma.01G217500.Wm82.a4.v1,0.6112794699265499
Glyma.02G059800.Wm82.a4.v1,0.6112748004986949
Glyma.16G096500.Wm82.a4.v1,0.6112607922151299
Glyma.05G002600.Wm82.a4.v1,0.6112327756479998
Glyma.06G098800.Wm82.a4.v1,0.6111954202251598
Glyma.02G019700.Wm82.a4.v1,0.6111860813694499
Glyma.06G096100.Wm82.a4.v1,0.6111814119415948
Glyma.02G312300.Wm82.a4.v1,0.6111674036580298
Glyma.18G246900.Wm82.a4.v1,0.6111440565187548
Glyma.04G030600.Wm82.a4.v1,0.6111347176630447
Glyma.15G253300.Wm82.a4.v1,0.6110740151009297
Glyma.11G145900.Wm82.a4.v1,0.6110693456730747
Glyma.08G143500.Wm82.a4.v1,0.6110600068173647
Glyma.13G367000.Wm82.a4.v1,0.6110553373895097
Glyma.03G167100.Wm82.a4.v1,0.6110506679616546
Glyma.15G010400.Wm82.a4.v1,0.6110506679616546
Glyma.05G044900.Wm82.a4.v1,0.6110226513945246
Glyma.09G117300.Wm82.a4.v1,0.6109946348273946
Glyma.19G263000.Wm82.a4.v1,0.6109852959716846
Glyma.06G040100.Wm82.a4.v1,0.6109759571159746
Glyma.10G057500.Wm82.a4.v1,0.6109152545538595
Glyma.07G220900.Wm82.a4.v1,0.6108218659967595
Glyma.09G217100.Wm82.a4.v1,0.6108171965689044
Glyma.14G197100.Wm82.a4.v1,0.6108078577131945
Glyma.02G266300.Wm82.a4.v1,0.6107705022903543
Glyma.01G239700.Wm82.a4.v1,0.6107705022903543
Glyma.13G339300.Wm82.a4.v1,0.6107658328624993
Glyma.05G249100.Wm82.a4.v1,0.6107518245789343
Glyma.10G242000.Wm82.a4.v1,0.6107051303003843
Glyma.04G125500.Wm82.a4.v1,0.6106817831611092
Glyma.07G012600.Wm82.a4.v1,0.6105977334597191
Glyma.07G185900.Wm82.a4.v1,0.6105790557482992
Glyma.11G241702.Wm82.a4.v1,0.6105790557482992
Glyma.09G002500.Wm82.a4.v1,0.6105230226140391
Glyma.20G176900.Wm82.a4.v1,0.610471658907634
Glyma.05G154600.Wm82.a4.v1,0.610462320051924
Glyma.08G229400.Wm82.a4.v1,0.610457650624069
Glyma.13G325700.Wm82.a4.v1,0.610448311768359
Glyma.03G157300.Wm82.a4.v1,0.610443642340504
Glyma.09G112500.Wm82.a4.v1,0.610429634056939
Glyma.13G256900.Wm82.a4.v1,0.610368931494824
Glyma.10G257100.Wm82.a4.v1,0.610368931494824
Glyma.10G174000.Wm82.a4.v1,0.6103315760719839
Glyma.05G244800.Wm82.a4.v1,0.6103175677884188
Glyma.18G155900.Wm82.a4.v1,0.6103035595048538
Glyma.02G247400.Wm82.a4.v1,0.6103035595048538
Glyma.19G041375.Wm82.a4.v1,0.6102942206491438
Glyma.18G080700.Wm82.a4.v1,0.6102708735098689
Glyma.10G118800.Wm82.a4.v1,0.6102662040820138
Glyma.06G094500.Wm82.a4.v1,0.6102148403756088
Glyma.18G005100.Wm82.a4.v1,0.6102101709477538
Glyma.01G025600.Wm82.a4.v1,0.6101961626641887
Glyma.11G037900.Wm82.a4.v1,0.6101728155249138
Glyma.06G308300.Wm82.a4.v1,0.6101681460970587
Glyma.03G242400.Wm82.a4.v1,0.6101214518185086
Glyma.05G033200.Wm82.a4.v1,0.6101027741070887
Glyma.03G256600.Wm82.a4.v1,0.6100794269678136
Glyma.07G080900.Wm82.a4.v1,0.6100654186842486
Glyma.08G006400.Wm82.a4.v1,0.6100420715449736
Glyma.20G015200.Wm82.a4.v1,0.6100093855499885
Glyma.15G153100.Wm82.a4.v1,0.6099907078385686
Glyma.08G313200.Wm82.a4.v1,0.6099113275650334
Glyma.09G030000.Wm82.a4.v1,0.6099066581371785
Glyma.09G285300.Wm82.a4.v1,0.6098973192814684
Glyma.03G124300.Wm82.a4.v1,0.6098366167193534
Glyma.19G224000.Wm82.a4.v1,0.6098272778636433
Glyma.15G074400.Wm82.a4.v1,0.6098132695800783
Glyma.01G178100.Wm82.a4.v1,0.6097829182990209
Glyma.08G128500.Wm82.a4.v1,0.6097478975901083
Glyma.10G189500.Wm82.a4.v1,0.6097198810229782
Glyma.19G176100.Wm82.a4.v1,0.6096825256001382
Glyma.12G051200.Wm82.a4.v1,0.6096685173165732
Glyma.18G126500.Wm82.a4.v1,0.6096638478887182
Glyma.05G053800.Wm82.a4.v1,0.6096218230380231
Glyma.02G122900.Wm82.a4.v1,0.6095984758987482
Glyma.18G182100.Wm82.a4.v1,0.609509756769503
Glyma.16G034551.Wm82.a4.v1,0.609495748485938
Glyma.05G222900.Wm82.a4.v1,0.609472401346663
Glyma.08G211300.Wm82.a4.v1,0.609467731918808
Glyma.08G176700.Wm82.a4.v1,0.609430376495968
Glyma.10G190400.Wm82.a4.v1,0.6093976905009829
Glyma.06G186000.Wm82.a4.v1,0.6093790127895629
Glyma.05G104900.Wm82.a4.v1,0.6093603350781429
Glyma.05G068600.Wm82.a4.v1,0.6093276490831578
Glyma.13G143600.Wm82.a4.v1,0.6093089713717378
Glyma.04G037600.Wm82.a4.v1,0.6092482688096228
Glyma.18G099700.Wm82.a4.v1,0.6091595496803777
Glyma.05G198500.Wm82.a4.v1,0.6091595496803777
Glyma.16G119000.Wm82.a4.v1,0.6091455413968127
Glyma.13G345200.Wm82.a4.v1,0.6091315331132476
Glyma.15G143800.Wm82.a4.v1,0.6091268636853926
Glyma.08G204300.Wm82.a4.v1,0.6091175248296826
Glyma.07G259500.Wm82.a4.v1,0.6090661611232776
Glyma.10G238000.Wm82.a4.v1,0.6090661611232776
Glyma.05G104600.Wm82.a4.v1,0.6090614916954226
Glyma.03G211800.Wm82.a4.v1,0.6090428139840025
Glyma.08G201600.Wm82.a4.v1,0.6090381445561476
Glyma.12G166500.Wm82.a4.v1,0.6090147974168725
Glyma.08G167800.Wm82.a4.v1,0.6090101279890175
Glyma.01G146600.Wm82.a4.v1,0.6089681031383225
Glyma.14G113800.Wm82.a4.v1,0.6089120700040624
Glyma.01G029500.Wm82.a4.v1,0.6088887228647873
Glyma.15G153000.Wm82.a4.v1,0.6088607062976573
Glyma.17G070000.Wm82.a4.v1,0.6088420285862374
Glyma.15G120100.Wm82.a4.v1,0.6088420285862374
Glyma.05G201000.Wm82.a4.v1,0.6087953343076873
Glyma.11G244100.Wm82.a4.v1,0.6087813260241223
Glyma.14G002400.Wm82.a4.v1,0.6087813260241223
Glyma.18G125700.Wm82.a4.v1,0.6087439706012823
Glyma.17G250700.Wm82.a4.v1,0.6087346317455722
Glyma.02G248400.Wm82.a4.v1,0.6087066151784422
Glyma.04G007900.Wm82.a4.v1,0.6087066151784422
Glyma.17G118500.Wm82.a4.v1,0.6086692597556022
Glyma.03G201900.Wm82.a4.v1,0.6086552514720371
Glyma.03G169300.Wm82.a4.v1,0.6086365737606171
Glyma.18G251300.Wm82.a4.v1,0.6085758711985021
Glyma.17G238800.Wm82.a4.v1,0.608543185203517
Glyma.05G207000.Wm82.a4.v1,0.608543185203517
Glyma.19G205200.Wm82.a4.v1,0.608543185203517
Glyma.06G262900.Wm82.a4.v1,0.608533846347807
Glyma.15G141200.Wm82.a4.v1,0.608524507492097
Glyma.20G247000.Wm82.a4.v1,0.608435788362852
Glyma.04G178000.Wm82.a4.v1,0.6083984329400118
Glyma.08G016600.Wm82.a4.v1,0.6083937635121569
Glyma.07G193700.Wm82.a4.v1,0.6083564080893168
Glyma.16G205700.Wm82.a4.v1,0.6083517386614619
Glyma.11G155259.Wm82.a4.v1,0.6083423998057518
Glyma.11G241400.Wm82.a4.v1,0.6083003749550567
Glyma.08G113800.Wm82.a4.v1,0.6082676889600718
Glyma.14G065800.Wm82.a4.v1,0.6082116558258117
Glyma.19G246200.Wm82.a4.v1,0.6082069863979567
Glyma.08G149600.Wm82.a4.v1,0.6081836392586817
Glyma.17G087500.Wm82.a4.v1,0.6081602921194066
Glyma.10G268900.Wm82.a4.v1,0.6081276061244216
Glyma.08G186800.Wm82.a4.v1,0.6081089284130016
Glyma.05G074200.Wm82.a4.v1,0.6080995895572916
Glyma.12G004600.Wm82.a4.v1,0.6080575647065966
Glyma.06G216400.Wm82.a4.v1,0.6080248787116115
Glyma.01G123300.Wm82.a4.v1,0.6079501678659314
Glyma.05G206400.Wm82.a4.v1,0.6079221512988013
Glyma.20G077000.Wm82.a4.v1,0.6079221512988013
Glyma.15G125700.Wm82.a4.v1,0.6078614487366862
Glyma.11G018600.Wm82.a4.v1,0.6078521098809763
Glyma.06G071100.Wm82.a4.v1,0.6078240933138462
Glyma.19G063300.Wm82.a4.v1,0.6077353741846011
Glyma.17G198300.Wm82.a4.v1,0.6077073576174711
Glyma.20G121000.Wm82.a4.v1,0.6076840104781961
Glyma.17G177900.Wm82.a4.v1,0.6076326467717911
Glyma.06G191900.Wm82.a4.v1,0.607613969060371
Glyma.02G245800.Wm82.a4.v1,0.6075112416475609
Glyma.15G139500.Wm82.a4.v1,0.6075019027918509
Glyma.08G092100.Wm82.a4.v1,0.6074972333639959
Glyma.06G005600.Wm82.a4.v1,0.6074832250804308
Glyma.04G154100.Wm82.a4.v1,0.6074738862247209
Glyma.03G080100.Wm82.a4.v1,0.6074692167968658
Glyma.13G081400.Wm82.a4.v1,0.6074645473690109
Glyma.08G183900.Wm82.a4.v1,0.6074552085133008
Glyma.14G077200.Wm82.a4.v1,0.6074412002297358
Glyma.07G259000.Wm82.a4.v1,0.6074271919461708
Glyma.16G024200.Wm82.a4.v1,0.6073804976676208
Glyma.07G221100.Wm82.a4.v1,0.6073664893840558
Glyma.07G188200.Wm82.a4.v1,0.6073664893840558
Glyma.U031613.Wm82.a4.v1,0.6073174603915782
Glyma.15G266600.Wm82.a4.v1,0.6073057868219407
Glyma.03G207600.Wm82.a4.v1,0.6072731008269556
Glyma.15G224200.Wm82.a4.v1,0.6072731008269556
Glyma.16G182100.Wm82.a4.v1,0.6072497536876806
Glyma.02G220500.Wm82.a4.v1,0.6072217371205506
Glyma.05G188800.Wm82.a4.v1,0.6071913858394931
Glyma.07G168700.Wm82.a4.v1,0.6071843816977106
Glyma.19G160800.Wm82.a4.v1,0.6071797122698556
Glyma.06G276400.Wm82.a4.v1,0.6071516957027255
Glyma.17G129100.Wm82.a4.v1,0.6071096708520305
Glyma.10G262300.Wm82.a4.v1,0.6071003319963205
Glyma.13G251200.Wm82.a4.v1,0.6070909931406104
Glyma.13G044600.Wm82.a4.v1,0.6070629765734804
Glyma.01G237200.Wm82.a4.v1,0.6070349600063504
Glyma.10G108502.Wm82.a4.v1,0.6069882657278004
Glyma.19G210500.Wm82.a4.v1,0.6069835962999454
Glyma.13G168600.Wm82.a4.v1,0.6069835962999454
Glyma.10G151900.Wm82.a4.v1,0.6069649185885253
Glyma.10G104900.Wm82.a4.v1,0.6069649185885253
Glyma.20G206900.Wm82.a4.v1,0.6069275631656853
Glyma.08G209700.Wm82.a4.v1,0.6069275631656853
Glyma.20G223500.Wm82.a4.v1,0.6069042160264103
Glyma.04G219500.Wm82.a4.v1,0.6068855383149903
Glyma.07G017700.Wm82.a4.v1,0.6068621911757153
Glyma.02G128000.Wm82.a4.v1,0.6068481828921503
Glyma.12G101300.Wm82.a4.v1,0.6067921497578902
Glyma.06G116700.Wm82.a4.v1,0.6067407860514851
Glyma.11G099700.Wm82.a4.v1,0.60662405035511
Glyma.08G262900.Wm82.a4.v1,0.6066007032158349
Glyma.17G257100.Wm82.a4.v1,0.6065586783651399
Glyma.04G021500.Wm82.a4.v1,0.6065400006537199
Glyma.08G067200.Wm82.a4.v1,0.6065259923701549
Glyma.03G190300.Wm82.a4.v1,0.6064606203801848
Glyma.13G107800.Wm82.a4.v1,0.6064559509523298
Glyma.13G200800.Wm82.a4.v1,0.6064512815244748
Glyma.09G170400.Wm82.a4.v1,0.6064419426687648
Glyma.07G077600.Wm82.a4.v1,0.6063719012509398
Glyma.10G211000.Wm82.a4.v1,0.6063672318230847
Glyma.15G198300.Wm82.a4.v1,0.6063578929673747
Glyma.02G127700.Wm82.a4.v1,0.6063111986888247
Glyma.12G190400.Wm82.a4.v1,0.6062504961267096
Glyma.13G162800.Wm82.a4.v1,0.6062458266988546
Glyma.13G209700.Wm82.a4.v1,0.6062411572709996
Glyma.17G059700.Wm82.a4.v1,0.6061804547088845
Glyma.06G127000.Wm82.a4.v1,0.6061711158531745
Glyma.04G177300.Wm82.a4.v1,0.6061477687138995
Glyma.01G204000.Wm82.a4.v1,0.6061477687138995
Glyma.15G230500.Wm82.a4.v1,0.6061057438632045
Glyma.14G013400.Wm82.a4.v1,0.6060683884403644
Glyma.15G177100.Wm82.a4.v1,0.6060450413010894
Glyma.08G087800.Wm82.a4.v1,0.6060170247339594
Glyma.16G077100.Wm82.a4.v1,0.6060123553061043
Glyma.15G268500.Wm82.a4.v1,0.6060076858782494
Glyma.14G094600.Wm82.a4.v1,0.6059983470225393
Glyma.06G148300.Wm82.a4.v1,0.6059749998832643
Glyma.11G248400.Wm82.a4.v1,0.6059142973211492
Glyma.06G155500.Wm82.a4.v1,0.6059096278932943
Glyma.17G133300.Wm82.a4.v1,0.6058909501818742
Glyma.05G232400.Wm82.a4.v1,0.6058582641868892
Glyma.06G140300.Wm82.a4.v1,0.6058535947590342
Glyma.12G007700.Wm82.a4.v1,0.6058395864754692
Glyma.02G154700.Wm82.a4.v1,0.6058302476197591
Glyma.12G054833.Wm82.a4.v1,0.6058022310526291
Glyma.14G070700.Wm82.a4.v1,0.6057882227690641
Glyma.20G228700.Wm82.a4.v1,0.6057742144854991
Glyma.10G165200.Wm82.a4.v1,0.605760206201934
Glyma.10G137700.Wm82.a4.v1,0.605676156500544
Glyma.07G010300.Wm82.a4.v1,0.605666817644834
Glyma.02G152600.Wm82.a4.v1,0.6056481399334139
Glyma.04G026500.Wm82.a4.v1,0.605615453938429
Glyma.07G006600.Wm82.a4.v1,0.6056061150827189
Glyma.09G243300.Wm82.a4.v1,0.6055734290877339
Glyma.20G143900.Wm82.a4.v1,0.6055500819484588
Glyma.14G212100.Wm82.a4.v1,0.6055360736648938
Glyma.10G086800.Wm82.a4.v1,0.6055267348091838
Glyma.19G180800.Wm82.a4.v1,0.6055267348091838
Glyma.01G023000.Wm82.a4.v1,0.6055173959534739
Glyma.06G217000.Wm82.a4.v1,0.6055033876699089
Glyma.03G029900.Wm82.a4.v1,0.6055033876699089
Glyma.02G272400.Wm82.a4.v1,0.6054940488141988
Glyma.05G236000.Wm82.a4.v1,0.6054940488141988
Glyma.03G105500.Wm82.a4.v1,0.6054707016749238
Glyma.09G205300.Wm82.a4.v1,0.6054566933913588
Glyma.06G171900.Wm82.a4.v1,0.6054520239635037
Glyma.07G026300.Wm82.a4.v1,0.6054380156799387
Glyma.19G050100.Wm82.a4.v1,0.6054193379685188
Glyma.07G268700.Wm82.a4.v1,0.6054053296849538
Glyma.12G030200.Wm82.a4.v1,0.6053959908292437
Glyma.11G092000.Wm82.a4.v1,0.6053539659785486
Glyma.06G166300.Wm82.a4.v1,0.6052418997100285
Glyma.11G053300.Wm82.a4.v1,0.6051905360036235
Glyma.08G061200.Wm82.a4.v1,0.6050644614515384
Glyma.09G191100.Wm82.a4.v1,0.6050457837401183
Glyma.16G204900.Wm82.a4.v1,0.6050457837401183
Glyma.08G070400.Wm82.a4.v1,0.6050317754565533
Glyma.03G258300.Wm82.a4.v1,0.6049477257551632
Glyma.16G142700.Wm82.a4.v1,0.6048823537651932
Glyma.05G009500.Wm82.a4.v1,0.6048543371980631
Glyma.03G249600.Wm82.a4.v1,0.6048496677702081
Glyma.02G172800.Wm82.a4.v1,0.6048263206309331
Glyma.17G221900.Wm82.a4.v1,0.604728262645978
Glyma.09G154000.Wm82.a4.v1,0.6046909072231379
Glyma.13G229600.Wm82.a4.v1,0.604686237795283
Glyma.09G111200.Wm82.a4.v1,0.6045835103824728
Glyma.08G193700.Wm82.a4.v1,0.6045695020989078
Glyma.10G058900.Wm82.a4.v1,0.6045695020989078
Glyma.04G075700.Wm82.a4.v1,0.6045695020989078
Glyma.16G205300.Wm82.a4.v1,0.6045368161039227
Glyma.10G203000.Wm82.a4.v1,0.6045181383925028
Glyma.11G090300.Wm82.a4.v1,0.6044947912532277
Glyma.04G175400.Wm82.a4.v1,0.6044947912532277
Glyma.13G199800.Wm82.a4.v1,0.6044901218253728
Glyma.19G169600.Wm82.a4.v1,0.6044340886911127
Glyma.16G159900.Wm82.a4.v1,0.6044200804075477
Glyma.17G194400.Wm82.a4.v1,0.6043967332682726
Glyma.13G295500.Wm82.a4.v1,0.6043453695618676
Glyma.08G257500.Wm82.a4.v1,0.6043313612783026
Glyma.10G046600.Wm82.a4.v1,0.6042706587161875
Glyma.13G178100.Wm82.a4.v1,0.6042519810047675
Glyma.14G189100.Wm82.a4.v1,0.6040838816019873
Glyma.01G217900.Wm82.a4.v1,0.6040838816019873
Glyma.11G074600.Wm82.a4.v1,0.6040745427462773
Glyma.11G234500.Wm82.a4.v1,0.6039998319005973
Glyma.02G010700.Wm82.a4.v1,0.6039578070499022
Glyma.20G146100.Wm82.a4.v1,0.6039484681941921
Glyma.20G187400.Wm82.a4.v1,0.6039391293384822
Glyma.07G054900.Wm82.a4.v1,0.6039204516270621
Glyma.05G147200.Wm82.a4.v1,0.6038317324978171
Glyma.18G164800.Wm82.a4.v1,0.6038317324978171
Glyma.20G135600.Wm82.a4.v1,0.6038317324978171
Glyma.16G095200.Wm82.a4.v1,0.6037663605078469
Glyma.08G073600.Wm82.a4.v1,0.6037290050850069
Glyma.03G057300.Wm82.a4.v1,0.6036729719507469
Glyma.15G068100.Wm82.a4.v1,0.6036683025228918
Glyma.04G178100.Wm82.a4.v1,0.6036262776721968
Glyma.07G144800.Wm82.a4.v1,0.6036075999607768
Glyma.07G251800.Wm82.a4.v1,0.6036029305329218
Glyma.12G098400.Wm82.a4.v1,0.6035935916772118
Glyma.16G035200.Wm82.a4.v1,0.6035842528215017
Glyma.15G136400.Wm82.a4.v1,0.6035795833936468
Glyma.13G031300.Wm82.a4.v1,0.6035515668265168
Glyma.05G137100.Wm82.a4.v1,0.6035468973986617
Glyma.10G162900.Wm82.a4.v1,0.6035048725479667
Glyma.20G071600.Wm82.a4.v1,0.6034395005579967
Glyma.08G082000.Wm82.a4.v1,0.6034301617022866
Glyma.18G037000.Wm82.a4.v1,0.6034114839908666
Glyma.17G249300.Wm82.a4.v1,0.6034021451351566
Glyma.19G036600.Wm82.a4.v1,0.6033601202844615
Glyma.13G004000.Wm82.a4.v1,0.6033321037173315
Glyma.10G051400.Wm82.a4.v1,0.6032247068766664
Glyma.03G144600.Wm82.a4.v1,0.6032200374488114
Glyma.03G245200.Wm82.a4.v1,0.6032153680209564
Glyma.05G129400.Wm82.a4.v1,0.6032013597373914
Glyma.10G272200.Wm82.a4.v1,0.6031966903095364
Glyma.20G178900.Wm82.a4.v1,0.6031966903095364
Glyma.01G235900.Wm82.a4.v1,0.6031079711802912
Glyma.17G052300.Wm82.a4.v1,0.6031033017524363
Glyma.08G333100.Wm82.a4.v1,0.6030659463295962
Glyma.14G034200.Wm82.a4.v1,0.6030659463295962
Glyma.18G009100.Wm82.a4.v1,0.6030379297624662
Glyma.13G342800.Wm82.a4.v1,0.6030332603346112
Glyma.02G004000.Wm82.a4.v1,0.6029912354839162
Glyma.19G206800.Wm82.a4.v1,0.6029352023496561
Glyma.10G150500.Wm82.a4.v1,0.602818466653281
Glyma.14G083400.Wm82.a4.v1,0.602790450086151
Glyma.01G190300.Wm82.a4.v1,0.6027857806582959
Glyma.12G113900.Wm82.a4.v1,0.6027624335190209
Glyma.20G231200.Wm82.a4.v1,0.602753094663311
Glyma.05G206500.Wm82.a4.v1,0.6027484252354559
Glyma.08G235600.Wm82.a4.v1,0.6027390863797459
Glyma.02G080500.Wm82.a4.v1,0.6027110698126159
Glyma.14G193600.Wm82.a4.v1,0.6027064003847609
Glyma.19G226600.Wm82.a4.v1,0.6027064003847609
Glyma.02G090200.Wm82.a4.v1,0.6026737143897758
Glyma.13G125500.Wm82.a4.v1,0.6026643755340658
Glyma.20G247700.Wm82.a4.v1,0.6026410283947908
Glyma.10G071200.Wm82.a4.v1,0.6026363589669358
Glyma.04G022620.Wm82.a4.v1,0.6025663175491107
Glyma.04G090400.Wm82.a4.v1,0.6024869372755757
Glyma.13G135800.Wm82.a4.v1,0.6024775984198656
Glyma.14G053800.Wm82.a4.v1,0.6024775984198656
Glyma.04G110700.Wm82.a4.v1,0.6024729289920107
Glyma.19G091200.Wm82.a4.v1,0.6024589207084456
Glyma.20G230900.Wm82.a4.v1,0.6024542512805906
Glyma.19G149600.Wm82.a4.v1,0.6024542512805906
Glyma.10G233500.Wm82.a4.v1,0.6024402429970256
Glyma.18G220700.Wm82.a4.v1,0.6024355735691705
Glyma.17G223000.Wm82.a4.v1,0.6024028875741856
Glyma.05G124500.Wm82.a4.v1,0.6023982181463305
Glyma.16G091800.Wm82.a4.v1,0.6023888792906206
Glyma.06G129100.Wm82.a4.v1,0.6023655321513455
Glyma.05G030500.Wm82.a4.v1,0.6023561932956355
Glyma.20G048300.Wm82.a4.v1,0.6023515238677805
Glyma.02G173000.Wm82.a4.v1,0.6023048295892305
Glyma.08G231900.Wm82.a4.v1,0.6023048295892305
Glyma.05G068400.Wm82.a4.v1,0.6022581353106804
Glyma.01G142800.Wm82.a4.v1,0.6022581353106804
Glyma.18G243700.Wm82.a4.v1,0.6022441270271154
Glyma.11G131700.Wm82.a4.v1,0.6022114410321303
Glyma.20G035200.Wm82.a4.v1,0.6021740856092903
Glyma.16G179100.Wm82.a4.v1,0.6021133830471752
Glyma.05G059100.Wm82.a4.v1,0.6020853664800452
Glyma.03G050000.Wm82.a4.v1,0.6020853664800452
Glyma.08G250900.Wm82.a4.v1,0.6020760276243352
Glyma.14G077500.Wm82.a4.v1,0.6020666887686252
Glyma.05G140800.Wm82.a4.v1,0.6020293333457851
Glyma.01G029000.Wm82.a4.v1,0.6020059862065101
Glyma.17G224700.Wm82.a4.v1,0.60196863078367
Glyma.14G104100.Wm82.a4.v1,0.60193127536083
Glyma.02G309400.Wm82.a4.v1,0.601879911654425
Glyma.10G151800.Wm82.a4.v1,0.6018565645151499
Glyma.03G142600.Wm82.a4.v1,0.6018192090923099
Glyma.03G100800.Wm82.a4.v1,0.6018192090923099
Glyma.01G055300.Wm82.a4.v1,0.6016604485452397
Glyma.02G082200.Wm82.a4.v1,0.6016044154109796
Glyma.16G056700.Wm82.a4.v1,0.6015623905602846
Glyma.14G024200.Wm82.a4.v1,0.6015623905602846
Glyma.11G102000.Wm82.a4.v1,0.6014923491424595
Glyma.03G006500.Wm82.a4.v1,0.6014876797146046
Glyma.20G000700.Wm82.a4.v1,0.6014736714310396
Glyma.14G048700.Wm82.a4.v1,0.6014363160081995
Glyma.20G216500.Wm82.a4.v1,0.6013569357346644
Glyma.19G119800.Wm82.a4.v1,0.6012728860332743
Glyma.09G029000.Wm82.a4.v1,0.6012261917547242
Glyma.02G041700.Wm82.a4.v1,0.6012215223268693
Glyma.11G078100.Wm82.a4.v1,0.6011981751875942
Glyma.02G303700.Wm82.a4.v1,0.6011748280483192
Glyma.02G052900.Wm82.a4.v1,0.6011561503368992
Glyma.17G231700.Wm82.a4.v1,0.6011561503368992
Glyma.05G175900.Wm82.a4.v1,0.6011328031976242
Glyma.18G244700.Wm82.a4.v1,0.6010861089190741
Glyma.05G120600.Wm82.a4.v1,0.601030075784814
Glyma.17G209500.Wm82.a4.v1,0.6010254063569591
Glyma.08G224400.Wm82.a4.v1,0.6010067286455391
Glyma.10G103400.Wm82.a4.v1,0.600992720361974
Glyma.18G229500.Wm82.a4.v1,0.600955364939134
Glyma.11G107900.Wm82.a4.v1,0.600955364939134
Glyma.05G087600.Wm82.a4.v1,0.600922678944149
Glyma.15G098200.Wm82.a4.v1,0.6009180095162939
Glyma.19G110500.Wm82.a4.v1,0.600908670660584
Glyma.03G141500.Wm82.a4.v1,0.6008899929491639
Glyma.06G144600.Wm82.a4.v1,0.6008432986706139
Glyma.09G117400.Wm82.a4.v1,0.6008386292427589
Glyma.12G146600.Wm82.a4.v1,0.6008339598149038
Glyma.01G226800.Wm82.a4.v1,0.6008152821034839
Glyma.19G145400.Wm82.a4.v1,0.6008012738199189
Glyma.08G202700.Wm82.a4.v1,0.6006985464071087
Glyma.16G163500.Wm82.a4.v1,0.6006705298399787
Glyma.13G114600.Wm82.a4.v1,0.6005958189942986
Glyma.13G127400.Wm82.a4.v1,0.6005864801385886
Glyma.19G221400.Wm82.a4.v1,0.6005724718550236
Glyma.08G125700.Wm82.a4.v1,0.6004977610093435
Glyma.12G033000.Wm82.a4.v1,0.6004977610093435
Glyma.13G303000.Wm82.a4.v1,0.6004884221536335
Glyma.04G039400.Wm82.a4.v1,0.6004323890193735
Glyma.10G262200.Wm82.a4.v1,0.6004323890193735
Glyma.07G013000.Wm82.a4.v1,0.6004230501636635
Glyma.02G269000.Wm82.a4.v1,0.6003716864572584
Glyma.17G152900.Wm82.a4.v1,0.6002969756115784
Glyma.16G203900.Wm82.a4.v1,0.6002969756115784
Glyma.05G024300.Wm82.a4.v1,0.6002596201887382
Glyma.04G128700.Wm82.a4.v1,0.6002175953380432
Glyma.02G223100.Wm82.a4.v1,0.6001615622037831
Glyma.03G036600.Wm82.a4.v1,0.6001428844923632
Glyma.13G271700.Wm82.a4.v1,0.6001055290695231
Glyma.20G179500.Wm82.a4.v1,0.6000961902138131
Glyma.11G038500.Wm82.a4.v1,0.6000821819302481
Glyma.02G185900.Wm82.a4.v1,0.6000728430745381
Glyma.01G172000.Wm82.a4.v1,0.6000308182238431
Glyma.20G017400.Wm82.a4.v1,0.600021479368133
Glyma.08G190000.Wm82.a4.v1,0.5999514379503079
Glyma.03G156000.Wm82.a4.v1,0.599932760238888
Glyma.11G027100.Wm82.a4.v1,0.599918751955323
Glyma.07G242000.Wm82.a4.v1,0.5999094130996129
Glyma.13G235400.Wm82.a4.v1,0.5998954048160479
Glyma.13G059300.Wm82.a4.v1,0.5998347022539329
Glyma.19G160900.Wm82.a4.v1,0.5998113551146578
Glyma.09G044500.Wm82.a4.v1,0.5997973468310928
Glyma.01G183400.Wm82.a4.v1,0.5997973468310928
Glyma.06G182100.Wm82.a4.v1,0.5997880079753828
Glyma.18G159000.Wm82.a4.v1,0.5997786691196728
Glyma.20G225100.Wm82.a4.v1,0.5997413136968327
Glyma.06G059000.Wm82.a4.v1,0.5997179665575577
Glyma.20G075000.Wm82.a4.v1,0.5996806111347177
Glyma.12G183700.Wm82.a4.v1,0.5996666028511527
Glyma.04G037700.Wm82.a4.v1,0.5995825531497626
Glyma.01G017100.Wm82.a4.v1,0.5995825531497626
Glyma.16G206400.Wm82.a4.v1,0.5995778837219076
Glyma.01G133400.Wm82.a4.v1,0.5995778837219076
Glyma.15G268700.Wm82.a4.v1,0.5995498671547775
Glyma.08G113100.Wm82.a4.v1,0.5995358588712125
Glyma.12G089000.Wm82.a4.v1,0.5995265200155026
Glyma.15G053300.Wm82.a4.v1,0.5994938340205175
Glyma.08G146500.Wm82.a4.v1,0.5994704868812425
Glyma.19G047400.Wm82.a4.v1,0.5993817677519974
Glyma.20G070500.Wm82.a4.v1,0.5993490817570123
Glyma.07G170200.Wm82.a4.v1,0.5993257346177373
Glyma.08G148500.Wm82.a4.v1,0.5992977180506073
Glyma.09G225300.Wm82.a4.v1,0.5992463543442023
Glyma.03G248000.Wm82.a4.v1,0.5992183377770722
Glyma.08G285500.Wm82.a4.v1,0.5992043294935072
Glyma.10G237000.Wm82.a4.v1,0.5992043294935072
Glyma.07G231800.Wm82.a4.v1,0.5991856517820872
Glyma.04G162800.Wm82.a4.v1,0.5991669740706671
Glyma.02G162900.Wm82.a4.v1,0.5991576352149571
Glyma.04G141000.Wm82.a4.v1,0.599110940936407
Glyma.11G140900.Wm82.a4.v1,0.599078254941422
Glyma.10G225200.Wm82.a4.v1,0.599068916085712
Glyma.08G171700.Wm82.a4.v1,0.599059577230002
Glyma.08G018100.Wm82.a4.v1,0.599031560662872
Glyma.11G246100.Wm82.a4.v1,0.599026891235017
Glyma.18G084600.Wm82.a4.v1,0.5990222218071619
Glyma.08G035700.Wm82.a4.v1,0.5988541224043817
Glyma.17G198800.Wm82.a4.v1,0.5988447835486718
Glyma.19G004700.Wm82.a4.v1,0.5988120975536867
Glyma.08G148000.Wm82.a4.v1,0.5987467255637167
Glyma.08G291600.Wm82.a4.v1,0.5987327172801516
Glyma.10G060700.Wm82.a4.v1,0.5987280478522966
Glyma.12G224400.Wm82.a4.v1,0.5987280478522966
Glyma.02G275700.Wm82.a4.v1,0.5987187089965866
Glyma.15G274800.Wm82.a4.v1,0.5986813535737466
Glyma.18G229800.Wm82.a4.v1,0.5986580064344715
Glyma.15G063300.Wm82.a4.v1,0.5986206510116315
Glyma.19G156900.Wm82.a4.v1,0.5986019733002115
Glyma.19G087000.Wm82.a4.v1,0.5985879650166465
Glyma.09G117100.Wm82.a4.v1,0.5985459401659514
Glyma.18G065600.Wm82.a4.v1,0.5985366013102414
Glyma.19G136200.Wm82.a4.v1,0.5985132541709665
Glyma.05G043300.Wm82.a4.v1,0.5985132541709665
Glyma.06G188000.Wm82.a4.v1,0.5984525516088514
Glyma.06G151700.Wm82.a4.v1,0.5983871796188813
Glyma.10G207600.Wm82.a4.v1,0.5983778407631712
Glyma.15G030700.Wm82.a4.v1,0.5983311464846213
Glyma.06G176500.Wm82.a4.v1,0.5983264770567662
Glyma.07G046700.Wm82.a4.v1,0.5982377579275211
Glyma.20G024500.Wm82.a4.v1,0.5981723859375511
Glyma.15G150000.Wm82.a4.v1,0.5981630470818411
Glyma.06G061100.Wm82.a4.v1,0.598064989096886
Glyma.01G121218.Wm82.a4.v1,0.5979762699676409
Glyma.13G227700.Wm82.a4.v1,0.5979622616840758
Glyma.14G190300.Wm82.a4.v1,0.5979622616840758
Glyma.04G138300.Wm82.a4.v1,0.5979155674055258
Glyma.18G262500.Wm82.a4.v1,0.5979015591219607
Glyma.06G318200.Wm82.a4.v1,0.5977661457141656
Glyma.03G014500.Wm82.a4.v1,0.5977241208634706
Glyma.12G120300.Wm82.a4.v1,0.5977241208634706
Glyma.04G026200.Wm82.a4.v1,0.5977194514356156
Glyma.17G249600.Wm82.a4.v1,0.5976914348684855
Glyma.11G094200.Wm82.a4.v1,0.5976727571570656
Glyma.08G199200.Wm82.a4.v1,0.5976587488735006
Glyma.15G272400.Wm82.a4.v1,0.5976307323063705
Glyma.11G055900.Wm82.a4.v1,0.5976213934506605
Glyma.05G004000.Wm82.a4.v1,0.5976073851670954
Glyma.08G003300.Wm82.a4.v1,0.5975746991721105
Glyma.07G040100.Wm82.a4.v1,0.5975606908885455
Glyma.19G172800.Wm82.a4.v1,0.5975606908885455
Glyma.20G136300.Wm82.a4.v1,0.5974953188985753
Glyma.11G000200.Wm82.a4.v1,0.5974626329035904
Glyma.17G123600.Wm82.a4.v1,0.5974626329035904
Glyma.06G000800.Wm82.a4.v1,0.5974346163364603
Glyma.18G102400.Wm82.a4.v1,0.5974065997693303
Glyma.05G081900.Wm82.a4.v1,0.5973879220579102
Glyma.09G158400.Wm82.a4.v1,0.5972665169336802
Glyma.17G215800.Wm82.a4.v1,0.5972618475058251
Glyma.11G092300.Wm82.a4.v1,0.5972618475058251
Glyma.10G166700.Wm82.a4.v1,0.5972244920829851
Glyma.03G097100.Wm82.a4.v1,0.5972058143715651
Glyma.10G251600.Wm82.a4.v1,0.5971964755158551
Glyma.06G312900.Wm82.a4.v1,0.597187136660145
Glyma.04G233100.Wm82.a4.v1,0.5971684589487251
Glyma.06G314700.Wm82.a4.v1,0.5971684589487251
Glyma.06G161400.Wm82.a4.v1,0.5971474465233775
Glyma.20G150900.Wm82.a4.v1,0.5970937481030449
Glyma.15G050600.Wm82.a4.v1,0.5970890786751899
Glyma.14G200300.Wm82.a4.v1,0.5970563926802049
Glyma.11G019800.Wm82.a4.v1,0.5970237066852199
Glyma.19G000700.Wm82.a4.v1,0.5969583346952498
Glyma.09G211300.Wm82.a4.v1,0.5969583346952498
Glyma.06G174400.Wm82.a4.v1,0.5969536652673948
Glyma.15G038100.Wm82.a4.v1,0.5969256487002648
Glyma.05G059400.Wm82.a4.v1,0.5968696155660047
Glyma.12G113500.Wm82.a4.v1,0.5968369295710196
Glyma.18G240900.Wm82.a4.v1,0.5968229212874546
Glyma.06G038600.Wm82.a4.v1,0.5968135824317446
Glyma.06G057200.Wm82.a4.v1,0.5967575492974846
Glyma.08G214900.Wm82.a4.v1,0.5967388715860645
Glyma.18G241800.Wm82.a4.v1,0.5967388715860645
Glyma.04G220400.Wm82.a4.v1,0.5967108550189345
Glyma.09G064400.Wm82.a4.v1,0.5966081276061245
Glyma.05G227700.Wm82.a4.v1,0.5965240779047344
Glyma.11G064500.Wm82.a4.v1,0.5965007307654593
Glyma.18G257700.Wm82.a4.v1,0.5964587059147642
Glyma.13G203300.Wm82.a4.v1,0.5963980033526493
Glyma.10G065000.Wm82.a4.v1,0.5963653173576642
Glyma.19G082500.Wm82.a4.v1,0.5963513090740992
Glyma.17G083400.Wm82.a4.v1,0.5963373007905342
Glyma.20G226300.Wm82.a4.v1,0.5963186230791141
Glyma.19G252900.Wm82.a4.v1,0.5963139536512592
Glyma.06G077200.Wm82.a4.v1,0.5962952759398391
Glyma.18G263500.Wm82.a4.v1,0.596262589944854
Glyma.04G130900.Wm82.a4.v1,0.5962579205169991
Glyma.07G003500.Wm82.a4.v1,0.5961458542484789
Glyma.10G264800.Wm82.a4.v1,0.5961458542484789
Glyma.18G248600.Wm82.a4.v1,0.5961318459649139
Glyma.09G105500.Wm82.a4.v1,0.5961178376813488
Glyma.02G299000.Wm82.a4.v1,0.5960664739749438
Glyma.07G068900.Wm82.a4.v1,0.5960244491242488
Glyma.02G000200.Wm82.a4.v1,0.5959590771342788
Glyma.17G201900.Wm82.a4.v1,0.5959403994228587
Glyma.17G091500.Wm82.a4.v1,0.5959123828557287
Glyma.08G178400.Wm82.a4.v1,0.5959030440000187
Glyma.13G043700.Wm82.a4.v1,0.5958470108657586
Glyma.15G073700.Wm82.a4.v1,0.5958330025821936
Glyma.13G073500.Wm82.a4.v1,0.5958330025821936
Glyma.02G224900.Wm82.a4.v1,0.5958143248707736
Glyma.10G014500.Wm82.a4.v1,0.5957302751693835
Glyma.13G121600.Wm82.a4.v1,0.5957115974579634
Glyma.16G053400.Wm82.a4.v1,0.5957022586022535
Glyma.17G045800.Wm82.a4.v1,0.5956742420351234
Glyma.05G100400.Wm82.a4.v1,0.5956649031794135
Glyma.04G176900.Wm82.a4.v1,0.5956368866122834
Glyma.06G253700.Wm82.a4.v1,0.5956368866122834
Glyma.03G081800.Wm82.a4.v1,0.5956368866122834
Glyma.16G077600.Wm82.a4.v1,0.5956322171844284
Glyma.07G103600.Wm82.a4.v1,0.5955575063387483
Glyma.16G220500.Wm82.a4.v1,0.5955108120601983
Glyma.15G255100.Wm82.a4.v1,0.5955108120601983
Glyma.17G005100.Wm82.a4.v1,0.5954501094980832
Glyma.18G167500.Wm82.a4.v1,0.5954501094980832
Glyma.04G091700.Wm82.a4.v1,0.5954407706423732
Glyma.14G134100.Wm82.a4.v1,0.5954314317866631
Glyma.13G047700.Wm82.a4.v1,0.5954127540752432
Glyma.01G157600.Wm82.a4.v1,0.5953940763638231
Glyma.17G040000.Wm82.a4.v1,0.5953800680802581
Glyma.11G240900.Wm82.a4.v1,0.5953520515131281
Glyma.15G031900.Wm82.a4.v1,0.595347382085273
Glyma.07G238300.Wm82.a4.v1,0.5953380432295631
Glyma.19G072100.Wm82.a4.v1,0.595333373801708
Glyma.09G077900.Wm82.a4.v1,0.595319365518143
Glyma.09G209900.Wm82.a4.v1,0.5953146960902881
Glyma.11G179600.Wm82.a4.v1,0.595277340667448
Glyma.17G037800.Wm82.a4.v1,0.5952072992496229
Glyma.15G219400.Wm82.a4.v1,0.5951792826824929
Glyma.11G227400.Wm82.a4.v1,0.5951279189760879
Glyma.20G213000.Wm82.a4.v1,0.5950999024089578
Glyma.02G032100.Wm82.a4.v1,0.5950858941253928
Glyma.18G261000.Wm82.a4.v1,0.5950765552696828
Glyma.14G036000.Wm82.a4.v1,0.5950578775582628
Glyma.02G103700.Wm82.a4.v1,0.5950345304189878
Glyma.09G202600.Wm82.a4.v1,0.5950205221354228
Glyma.02G216500.Wm82.a4.v1,0.5950111832797127
Glyma.06G052000.Wm82.a4.v1,0.5949504807175977
Glyma.14G117500.Wm82.a4.v1,0.5949177947226126
Glyma.04G178200.Wm82.a4.v1,0.5948524227326426
Glyma.17G126800.Wm82.a4.v1,0.5948477533047876
Glyma.08G135100.Wm82.a4.v1,0.5948337450212225
Glyma.02G009700.Wm82.a4.v1,0.5948290755933675
Glyma.02G160500.Wm82.a4.v1,0.5948010590262375
Glyma.10G199300.Wm82.a4.v1,0.5947777118869625
Glyma.03G217100.Wm82.a4.v1,0.5947777118869625
Glyma.20G093200.Wm82.a4.v1,0.5947496953198325
Glyma.17G028800.Wm82.a4.v1,0.5946889927577174
Glyma.03G251500.Wm82.a4.v1,0.5946843233298624
Glyma.02G076500.Wm82.a4.v1,0.5946749844741523
Glyma.15G190200.Wm82.a4.v1,0.5946563067627324
Glyma.10G156000.Wm82.a4.v1,0.5946563067627324
Glyma.03G104300.Wm82.a4.v1,0.5946516373348774
Glyma.19G060500.Wm82.a4.v1,0.5946096124841823
Glyma.13G273900.Wm82.a4.v1,0.5945208933549372
Glyma.06G174900.Wm82.a4.v1,0.5945208933549372
Glyma.10G059800.Wm82.a4.v1,0.5944928767878072
Glyma.19G024000.Wm82.a4.v1,0.5944835379320972
Glyma.15G167800.Wm82.a4.v1,0.5944415130814021
Glyma.08G217500.Wm82.a4.v1,0.5944275047978371
Glyma.11G031500.Wm82.a4.v1,0.5943901493749971
Glyma.09G096300.Wm82.a4.v1,0.5943901493749971
Glyma.04G059000.Wm82.a4.v1,0.5943854799471421
Glyma.17G096200.Wm82.a4.v1,0.594343455096447
Glyma.06G126400.Wm82.a4.v1,0.5943341162407371
Glyma.12G146100.Wm82.a4.v1,0.594250066539347
Glyma.18G218200.Wm82.a4.v1,0.5942313888279269
Glyma.19G183500.Wm82.a4.v1,0.5941753556936669
Glyma.02G011400.Wm82.a4.v1,0.5941006448479867
Glyma.04G171300.Wm82.a4.v1,0.5940072562908867
Glyma.17G223600.Wm82.a4.v1,0.5939745702959016
Glyma.13G062600.Wm82.a4.v1,0.5939325454452066
Glyma.12G065700.Wm82.a4.v1,0.5939185371616416
Glyma.08G011800.Wm82.a4.v1,0.5938204791766865
Glyma.02G086200.Wm82.a4.v1,0.5938064708931214
Glyma.04G202400.Wm82.a4.v1,0.5937831237538465
Glyma.06G148800.Wm82.a4.v1,0.5937691154702814
Glyma.10G091300.Wm82.a4.v1,0.5937644460424264
Glyma.12G033600.Wm82.a4.v1,0.5936710574853263
Glyma.09G223700.Wm82.a4.v1,0.5936663880574713
Glyma.02G230200.Wm82.a4.v1,0.5936617186296164
Glyma.07G266800.Wm82.a4.v1,0.5936617186296164
Glyma.02G306300.Wm82.a4.v1,0.5935963466396462
Glyma.10G284500.Wm82.a4.v1,0.5935309746496762
Glyma.19G189100.Wm82.a4.v1,0.5934936192268362
Glyma.02G143500.Wm82.a4.v1,0.5934842803711261
Glyma.16G032400.Wm82.a4.v1,0.5933675446747511
Glyma.14G075100.Wm82.a4.v1,0.593353536391186
Glyma.13G255900.Wm82.a4.v1,0.593306842112636
Glyma.16G089400.Wm82.a4.v1,0.5932834949733609
Glyma.09G155400.Wm82.a4.v1,0.5932694866897958
Glyma.05G030000.Wm82.a4.v1,0.5932648172619409
Glyma.01G157400.Wm82.a4.v1,0.5932368006948109
Glyma.11G106300.Wm82.a4.v1,0.5932181229833908
Glyma.15G007100.Wm82.a4.v1,0.5931527509934208
Glyma.11G114800.Wm82.a4.v1,0.5931247344262908
Glyma.10G201400.Wm82.a4.v1,0.5931060567148707
Glyma.18G053900.Wm82.a4.v1,0.5930780401477407
Glyma.13G137800.Wm82.a4.v1,0.5930687012920307
Glyma.16G032700.Wm82.a4.v1,0.5930220070134806
Glyma.17G124400.Wm82.a4.v1,0.5930079987299156
Glyma.19G162000.Wm82.a4.v1,0.5930033293020606
Glyma.06G039200.Wm82.a4.v1,0.5929893210184956
Glyma.05G066500.Wm82.a4.v1,0.5929379573120905
Glyma.16G194100.Wm82.a4.v1,0.5928912630335404
Glyma.17G163700.Wm82.a4.v1,0.5928819241778305
Glyma.07G150300.Wm82.a4.v1,0.5928679158942655
Glyma.08G197300.Wm82.a4.v1,0.5928352298992804
Glyma.09G059200.Wm82.a4.v1,0.5928305604714255
Glyma.19G141900.Wm82.a4.v1,0.5928258910435704
Glyma.13G355300.Wm82.a4.v1,0.5927791967650203
Glyma.19G126900.Wm82.a4.v1,0.5927628537675279
Glyma.03G243400.Wm82.a4.v1,0.5927605190536004
Glyma.11G062200.Wm82.a4.v1,0.5927511801978903
Glyma.18G202600.Wm82.a4.v1,0.5927371719143253
Glyma.06G165000.Wm82.a4.v1,0.5927325024864704
Glyma.13G096000.Wm82.a4.v1,0.5927325024864704
Glyma.13G265900.Wm82.a4.v1,0.5927184942029053
Glyma.17G145700.Wm82.a4.v1,0.5927091553471953
Glyma.11G219500.Wm82.a4.v1,0.5927091553471953
Glyma.07G036600.Wm82.a4.v1,0.5926531222129352
Glyma.05G222700.Wm82.a4.v1,0.5926157667900952
Glyma.03G235600.Wm82.a4.v1,0.5925317170887051
Glyma.01G245400.Wm82.a4.v1,0.5925270476608501
Glyma.03G242500.Wm82.a4.v1,0.5924943616658651
Glyma.12G159600.Wm82.a4.v1,0.5923449399745049
Glyma.18G248900.Wm82.a4.v1,0.5923356011187949
Glyma.15G181300.Wm82.a4.v1,0.5923215928352299
Glyma.12G224700.Wm82.a4.v1,0.5922842374123899
Glyma.08G145200.Wm82.a4.v1,0.5922795679845348
Glyma.03G107700.Wm82.a4.v1,0.5922608902731148
Glyma.06G095400.Wm82.a4.v1,0.5922282042781298
Glyma.20G131400.Wm82.a4.v1,0.5921908488552897
Glyma.06G321000.Wm82.a4.v1,0.5921768405717247
Glyma.03G243100.Wm82.a4.v1,0.5921441545767397
Glyma.09G155200.Wm82.a4.v1,0.5921394851488847
Glyma.13G001000.Wm82.a4.v1,0.5921208074374646
Glyma.10G274000.Wm82.a4.v1,0.5920927908703346
Glyma.07G108500.Wm82.a4.v1,0.5920601048753497
Glyma.12G203300.Wm82.a4.v1,0.5920320883082196
Glyma.09G017300.Wm82.a4.v1,0.5920134105967996
Glyma.11G027800.Wm82.a4.v1,0.5919760551739596
Glyma.08G103800.Wm82.a4.v1,0.5919527080346845
Glyma.13G347900.Wm82.a4.v1,0.5918966749004244
Glyma.17G254000.Wm82.a4.v1,0.5918779971890045
Glyma.20G102500.Wm82.a4.v1,0.5918733277611494
Glyma.20G037400.Wm82.a4.v1,0.5918639889054395
Glyma.02G172700.Wm82.a4.v1,0.5918546500497294
Glyma.18G017100.Wm82.a4.v1,0.5917472532090643
Glyma.19G126800.Wm82.a4.v1,0.5917425837812093
Glyma.12G025800.Wm82.a4.v1,0.5917285754976442
Glyma.02G229700.Wm82.a4.v1,0.5916678729355292
Glyma.16G175400.Wm82.a4.v1,0.5916538646519642
Glyma.06G000500.Wm82.a4.v1,0.5916165092291241
Glyma.08G153100.Wm82.a4.v1,0.5915558066670091
Glyma.02G273500.Wm82.a4.v1,0.5915511372391541
Glyma.08G147700.Wm82.a4.v1,0.5915137818163141
Glyma.19G197900.Wm82.a4.v1,0.591471756965619
Glyma.06G318100.Wm82.a4.v1,0.591401715547794
Glyma.03G009100.Wm82.a4.v1,0.5913783684085189
Glyma.05G135300.Wm82.a4.v1,0.5913760336945914
Glyma.07G012300.Wm82.a4.v1,0.5913736989806639
Glyma.06G054000.Wm82.a4.v1,0.5913643601249539
Glyma.19G077200.Wm82.a4.v1,0.5913410129856789
Glyma.09G264300.Wm82.a4.v1,0.5913223352742588
Glyma.08G046100.Wm82.a4.v1,0.5912055995778838
Glyma.03G213500.Wm82.a4.v1,0.5912009301500287
Glyma.20G046200.Wm82.a4.v1,0.5911915912943188
Glyma.06G147600.Wm82.a4.v1,0.5911682441550437
Glyma.17G079400.Wm82.a4.v1,0.5911355581600587
Glyma.19G064500.Wm82.a4.v1,0.5911075415929287
Glyma.09G285800.Wm82.a4.v1,0.5910935333093637
Glyma.01G143700.Wm82.a4.v1,0.5910701861700886
Glyma.02G094400.Wm82.a4.v1,0.5910468390308136
Glyma.04G012400.Wm82.a4.v1,0.5910328307472485
Glyma.05G146900.Wm82.a4.v1,0.5910141530358285
Glyma.01G033700.Wm82.a4.v1,0.5909861364686985
Glyma.04G236600.Wm82.a4.v1,0.5909721281851334
Glyma.12G181500.Wm82.a4.v1,0.5909441116180034
Glyma.13G290000.Wm82.a4.v1,0.5908927479115984
Glyma.01G008600.Wm82.a4.v1,0.5908927479115984
Glyma.04G079800.Wm82.a4.v1,0.5907853510709333
Glyma.14G017000.Wm82.a4.v1,0.5907526650759483
Glyma.13G220200.Wm82.a4.v1,0.5907479956480932
Glyma.07G040400.Wm82.a4.v1,0.5907269832227457
Glyma.13G149900.Wm82.a4.v1,0.5907199790809632
Glyma.13G238000.Wm82.a4.v1,0.5907106402252532
Glyma.11G079100.Wm82.a4.v1,0.5906639459467031
Glyma.18G081400.Wm82.a4.v1,0.5906079128124431
Glyma.17G141100.Wm82.a4.v1,0.5905985739567331
Glyma.08G292000.Wm82.a4.v1,0.5905752268174581
Glyma.14G187000.Wm82.a4.v1,0.590556549106038
Glyma.12G139100.Wm82.a4.v1,0.590551879678183
Glyma.07G249700.Wm82.a4.v1,0.590421135698243
Glyma.20G009300.Wm82.a4.v1,0.5903931191311129
Glyma.13G168700.Wm82.a4.v1,0.5903791108475479
Glyma.11G108800.Wm82.a4.v1,0.5903651025639828
Glyma.04G038600.Wm82.a4.v1,0.5903137388575778
Glyma.17G165100.Wm82.a4.v1,0.5903137388575778
Glyma.18G265500.Wm82.a4.v1,0.5900849368926825
Glyma.11G018700.Wm82.a4.v1,0.5900382426141325
Glyma.07G002200.Wm82.a4.v1,0.5900382426141325
Glyma.05G235000.Wm82.a4.v1,0.5900242343305675
Glyma.11G007500.Wm82.a4.v1,0.5899728706241624
Glyma.14G130800.Wm82.a4.v1,0.5899448540570323
Glyma.11G206100.Wm82.a4.v1,0.5899308457734673
Glyma.17G058100.Wm82.a4.v1,0.5898748126392073
Glyma.08G019500.Wm82.a4.v1,0.5898047712213822
Glyma.08G293400.Wm82.a4.v1,0.5897487380871221
Glyma.05G180500.Wm82.a4.v1,0.5896833660971521
Glyma.07G128400.Wm82.a4.v1,0.5896039858236171
Glyma.12G042800.Wm82.a4.v1,0.589543283261502
Glyma.01G155200.Wm82.a4.v1,0.589543283261502
Glyma.03G148300.Wm82.a4.v1,0.5894849154133144
Glyma.11G065500.Wm82.a4.v1,0.5894825806993869
Glyma.09G003900.Wm82.a4.v1,0.5893891921422868
Glyma.13G106000.Wm82.a4.v1,0.5893891921422868
Glyma.16G049300.Wm82.a4.v1,0.5893751838587218
Glyma.17G049200.Wm82.a4.v1,0.5893238201523168
Glyma.07G104250.Wm82.a4.v1,0.5893144812966067
Glyma.18G224500.Wm82.a4.v1,0.5893051424408967
Glyma.05G006600.Wm82.a4.v1,0.5893004730130417
Glyma.10G046400.Wm82.a4.v1,0.5892911341573317
Glyma.05G239900.Wm82.a4.v1,0.5892817953016217
Glyma.17G087900.Wm82.a4.v1,0.5892771258737667
Glyma.06G098600.Wm82.a4.v1,0.5892444398787816
Glyma.16G149800.Wm82.a4.v1,0.5892397704509267
Glyma.17G070200.Wm82.a4.v1,0.5891977456002316
Glyma.18G173200.Wm82.a4.v1,0.5891697290331016
Glyma.05G028800.Wm82.a4.v1,0.5891557207495366
Glyma.04G162700.Wm82.a4.v1,0.5891417124659716
Glyma.03G058300.Wm82.a4.v1,0.5891230347545515
Glyma.16G051200.Wm82.a4.v1,0.5891230347545515
Glyma.10G170300.Wm82.a4.v1,0.5891043570431315
Glyma.03G148700.Wm82.a4.v1,0.5890810099038565
Glyma.11G059500.Wm82.a4.v1,0.5890810099038565
Glyma.12G028900.Wm82.a4.v1,0.5890623321924364
Glyma.06G049000.Wm82.a4.v1,0.5889409270682063
Glyma.19G084400.Wm82.a4.v1,0.5889315882124964
Glyma.16G215500.Wm82.a4.v1,0.5889222493567863
Glyma.13G138500.Wm82.a4.v1,0.5889082410732213
Glyma.15G087400.Wm82.a4.v1,0.5888989022175113
Glyma.05G168200.Wm82.a4.v1,0.5888055136604112
Glyma.06G182800.Wm82.a4.v1,0.5888008442325562
Glyma.08G306000.Wm82.a4.v1,0.5887541499540061
Glyma.08G185300.Wm82.a4.v1,0.5887261333868761
Glyma.18G185200.Wm82.a4.v1,0.588674769680471
Glyma.11G238800.Wm82.a4.v1,0.588637414257631
Glyma.07G272400.Wm82.a4.v1,0.588618736546211
Glyma.03G212700.Wm82.a4.v1,0.588604728262646
Glyma.05G089400.Wm82.a4.v1,0.588567372839806
Glyma.02G170366.Wm82.a4.v1,0.5885580339840959
Glyma.17G082300.Wm82.a4.v1,0.5885486951283859
Glyma.06G061500.Wm82.a4.v1,0.5885160091334009
Glyma.12G072100.Wm82.a4.v1,0.5885066702776909
Glyma.08G118200.Wm82.a4.v1,0.5883805957256057
Glyma.17G221100.Wm82.a4.v1,0.5883805957256057
Glyma.09G019200.Wm82.a4.v1,0.5883712568698958
Glyma.18G221200.Wm82.a4.v1,0.5883339014470557
Glyma.11G080400.Wm82.a4.v1,0.5883292320192007
Glyma.04G124300.Wm82.a4.v1,0.5882778683127956
Glyma.18G256200.Wm82.a4.v1,0.5881798103278405
Glyma.18G296100.Wm82.a4.v1,0.5881191077657255
Glyma.12G012700.Wm82.a4.v1,0.5878669586615553
Glyma.17G053500.Wm82.a4.v1,0.5878482809501352
Glyma.09G211200.Wm82.a4.v1,0.5877969172437302
Glyma.01G100100.Wm82.a4.v1,0.5877689006766001
Glyma.17G089600.Wm82.a4.v1,0.58773154525376
Glyma.01G038100.Wm82.a4.v1,0.587670842691645
Glyma.10G031600.Wm82.a4.v1,0.587642826124515
Glyma.02G031600.Wm82.a4.v1,0.5876194789852399
Glyma.03G205600.Wm82.a4.v1,0.587614809557385
Glyma.06G291600.Wm82.a4.v1,0.5875541069952699
Glyma.05G063800.Wm82.a4.v1,0.5875260904281399
Glyma.12G152300.Wm82.a4.v1,0.5874186935874747
Glyma.20G075100.Wm82.a4.v1,0.5874140241596197
Glyma.06G218300.Wm82.a4.v1,0.5874046853039097
Glyma.08G177900.Wm82.a4.v1,0.5873813381646347
Glyma.02G232900.Wm82.a4.v1,0.5873719993089247
Glyma.01G017700.Wm82.a4.v1,0.5873346438860846
Glyma.06G094300.Wm82.a4.v1,0.5872879496075346
Glyma.03G195900.Wm82.a4.v1,0.5872879496075346
Glyma.20G091200.Wm82.a4.v1,0.5872786107518245
Glyma.13G025700.Wm82.a4.v1,0.5872786107518245
Glyma.06G025000.Wm82.a4.v1,0.5872599330404046
Glyma.20G171000.Wm82.a4.v1,0.5872365859011295
Glyma.19G256700.Wm82.a4.v1,0.5872225776175645
Glyma.02G048200.Wm82.a4.v1,0.5872085693339995
Glyma.19G144900.Wm82.a4.v1,0.5872038999061445
Glyma.03G200000.Wm82.a4.v1,0.5871852221947245
Glyma.18G061900.Wm82.a4.v1,0.5871852221947245
Glyma.15G138200.Wm82.a4.v1,0.5871431973440294
Glyma.01G156800.Wm82.a4.v1,0.5871291890604644
Glyma.02G280300.Wm82.a4.v1,0.5871151807768994
Glyma.13G324800.Wm82.a4.v1,0.5870918336376244
Glyma.05G168000.Wm82.a4.v1,0.5870451393590743
Glyma.20G238000.Wm82.a4.v1,0.5870404699312193
Glyma.01G214800.Wm82.a4.v1,0.5870077839362343
Glyma.02G049400.Wm82.a4.v1,0.5869797673691043
Glyma.07G257500.Wm82.a4.v1,0.5869797673691043
Glyma.02G150300.Wm82.a4.v1,0.5869657590855393
Glyma.19G114000.Wm82.a4.v1,0.5868583622448741
Glyma.09G231400.Wm82.a4.v1,0.5868396845334541
Glyma.07G011700.Wm82.a4.v1,0.586816337394179
Glyma.15G213100.Wm82.a4.v1,0.586816337394179
Glyma.10G212700.Wm82.a4.v1,0.5867042711256589
Glyma.14G055800.Wm82.a4.v1,0.5866902628420939
Glyma.01G093902.Wm82.a4.v1,0.5866669157028189
Glyma.19G089600.Wm82.a4.v1,0.5865455105785888
Glyma.02G183100.Wm82.a4.v1,0.5865361717228788
Glyma.09G057700.Wm82.a4.v1,0.5865315022950238
Glyma.19G240000.Wm82.a4.v1,0.5865268328671688
Glyma.05G125700.Wm82.a4.v1,0.5864194360265037
Glyma.04G196400.Wm82.a4.v1,0.5863774111758087
Glyma.20G204500.Wm82.a4.v1,0.5863120391858385
Glyma.10G152500.Wm82.a4.v1,0.5863027003301285
Glyma.07G264800.Wm82.a4.v1,0.5862746837629985
Glyma.12G099500.Wm82.a4.v1,0.5862653449072885
Glyma.06G219200.Wm82.a4.v1,0.5862466671958685
Glyma.20G219500.Wm82.a4.v1,0.5862419977680134
Glyma.10G127400.Wm82.a4.v1,0.586183629919826
Glyma.18G097000.Wm82.a4.v1,0.5861719563501884
Glyma.02G082600.Wm82.a4.v1,0.5861486092109134
Glyma.11G104400.Wm82.a4.v1,0.5861299314994933
Glyma.15G142700.Wm82.a4.v1,0.5861252620716384
Glyma.01G010100.Wm82.a4.v1,0.5861019149323633
Glyma.12G023900.Wm82.a4.v1,0.5860879066487983
Glyma.20G222100.Wm82.a4.v1,0.5860645595095233
Glyma.17G262500.Wm82.a4.v1,0.5860552206538133
Glyma.11G066800.Wm82.a4.v1,0.5860458817981032
Glyma.17G235900.Wm82.a4.v1,0.5860038569474082
Glyma.01G062000.Wm82.a4.v1,0.5859851792359883
Glyma.17G248900.Wm82.a4.v1,0.5859431543852932
Glyma.04G009500.Wm82.a4.v1,0.5859431543852932
Glyma.03G241500.Wm82.a4.v1,0.5859104683903081
Glyma.10G279300.Wm82.a4.v1,0.5858917906788881
Glyma.16G112600.Wm82.a4.v1,0.5858777823953231
Glyma.04G171200.Wm82.a4.v1,0.585863774111758
Glyma.12G087800.Wm82.a4.v1,0.5858591046839031
Glyma.08G006900.Wm82.a4.v1,0.585826418688918
Glyma.16G062300.Wm82.a4.v1,0.585821749261063
Glyma.01G176000.Wm82.a4.v1,0.5858170798332081
Glyma.02G226900.Wm82.a4.v1,0.585747038415383
Glyma.06G180600.Wm82.a4.v1,0.585691005281123
Glyma.09G107200.Wm82.a4.v1,0.5856723275697029
Glyma.10G048400.Wm82.a4.v1,0.5856116250075878
Glyma.07G021800.Wm82.a4.v1,0.5855789390126028
Glyma.13G058900.Wm82.a4.v1,0.5855696001568927
Glyma.19G159100.Wm82.a4.v1,0.5855415835897627
Glyma.07G150700.Wm82.a4.v1,0.5854995587390677
Glyma.13G105200.Wm82.a4.v1,0.5854902198833577
Glyma.11G051000.Wm82.a4.v1,0.5854481950326627
Glyma.18G019200.Wm82.a4.v1,0.5854388561769527
Glyma.03G251400.Wm82.a4.v1,0.5854388561769527
Glyma.12G190200.Wm82.a4.v1,0.5853734841869825
Glyma.17G187500.Wm82.a4.v1,0.5853641453312726
Glyma.08G333400.Wm82.a4.v1,0.5853127816248676
Glyma.17G237800.Wm82.a4.v1,0.5852474096348974
Glyma.18G118400.Wm82.a4.v1,0.5852474096348974
Glyma.02G071900.Wm82.a4.v1,0.5851773682170723
Glyma.04G069300.Wm82.a4.v1,0.5851400127942323
Glyma.15G272900.Wm82.a4.v1,0.5851306739385224
Glyma.05G213800.Wm82.a4.v1,0.5851260045106673
Glyma.19G177500.Wm82.a4.v1,0.5851073267992473
Glyma.17G129700.Wm82.a4.v1,0.5850933185156822
Glyma.13G076300.Wm82.a4.v1,0.5850559630928422
Glyma.17G150900.Wm82.a4.v1,0.5850419548092772
Glyma.04G244900.Wm82.a4.v1,0.5850232770978572
Glyma.03G198300.Wm82.a4.v1,0.5850139382421472
Glyma.12G109700.Wm82.a4.v1,0.5849952605307271
Glyma.01G024700.Wm82.a4.v1,0.5849812522471621
Glyma.06G139900.Wm82.a4.v1,0.5849625745357422
Glyma.06G103600.Wm82.a4.v1,0.5849158802571921
Glyma.02G270300.Wm82.a4.v1,0.5849018719736271
Glyma.15G045100.Wm82.a4.v1,0.584897202545772
Glyma.20G172000.Wm82.a4.v1,0.5848785248343521
Glyma.03G162100.Wm82.a4.v1,0.584827161127947
Glyma.20G092400.Wm82.a4.v1,0.5847617891379769
Glyma.07G118800.Wm82.a4.v1,0.5847431114265569
Glyma.12G129400.Wm82.a4.v1,0.5846964171480069
Glyma.15G017400.Wm82.a4.v1,0.5846824088644419
Glyma.15G139100.Wm82.a4.v1,0.5846824088644419
Glyma.12G235500.Wm82.a4.v1,0.5846730700087318
Glyma.05G170200.Wm82.a4.v1,0.5846684005808769
Glyma.05G238900.Wm82.a4.v1,0.5846403840137468
Glyma.08G155200.Wm82.a4.v1,0.5846357145858918
Glyma.06G003400.Wm82.a4.v1,0.5845983591630518
Glyma.17G075600.Wm82.a4.v1,0.5845796814516317
Glyma.12G240700.Wm82.a4.v1,0.5845096400338067
Glyma.05G193400.Wm82.a4.v1,0.5844862928945316
Glyma.04G204800.Wm82.a4.v1,0.5844769540388216
Glyma.01G057500.Wm82.a4.v1,0.5844629457552566
Glyma.18G298700.Wm82.a4.v1,0.5844022431931415
Glyma.04G243100.Wm82.a4.v1,0.5844022431931415
Glyma.11G000700.Wm82.a4.v1,0.5843788960538665
Glyma.06G323500.Wm82.a4.v1,0.5843742266260115
Glyma.04G206500.Wm82.a4.v1,0.5843695571981565
Glyma.03G248200.Wm82.a4.v1,0.5843322017753164
Glyma.10G127700.Wm82.a4.v1,0.5843228629196064
Glyma.13G287400.Wm82.a4.v1,0.5843135240638965
Glyma.06G187000.Wm82.a4.v1,0.5842948463524764
Glyma.01G175400.Wm82.a4.v1,0.5842901769246214
Glyma.06G160500.Wm82.a4.v1,0.5842714992132014
Glyma.06G306500.Wm82.a4.v1,0.5842668297853464
Glyma.20G125800.Wm82.a4.v1,0.5842504867878539
Glyma.17G016200.Wm82.a4.v1,0.5842388132182164
Glyma.04G069700.Wm82.a4.v1,0.5842341437903613
Glyma.01G100600.Wm82.a4.v1,0.5841967883675213
Glyma.05G135800.Wm82.a4.v1,0.5841827800839563
Glyma.06G136900.Wm82.a4.v1,0.5841781106561013
Glyma.09G166100.Wm82.a4.v1,0.5841407552332613
Glyma.18G211800.Wm82.a4.v1,0.5841407552332613
Glyma.18G056100.Wm82.a4.v1,0.5841080692382762
Glyma.18G233500.Wm82.a4.v1,0.5840333583925962
Glyma.09G262400.Wm82.a4.v1,0.5840053418254662
Glyma.04G231100.Wm82.a4.v1,0.583916622696221
Glyma.15G133900.Wm82.a4.v1,0.583897944984801
Glyma.14G062500.Wm82.a4.v1,0.583888606129091
Glyma.08G008300.Wm82.a4.v1,0.583851250706251
Glyma.12G141050.Wm82.a4.v1,0.5838279035669759
Glyma.07G144600.Wm82.a4.v1,0.5837998869998459
Glyma.08G095700.Wm82.a4.v1,0.5837952175719909
Glyma.08G016900.Wm82.a4.v1,0.5836551347363408
Glyma.09G250200.Wm82.a4.v1,0.5836364570249207
Glyma.14G182800.Wm82.a4.v1,0.5836364570249207
Glyma.10G259800.Wm82.a4.v1,0.5836131098856457
Glyma.19G135000.Wm82.a4.v1,0.5836131098856457
Glyma.19G248700.Wm82.a4.v1,0.5836037710299357
Glyma.18G054900.Wm82.a4.v1,0.5835804238906607
Glyma.12G113200.Wm82.a4.v1,0.5835710850349507
Glyma.09G252000.Wm82.a4.v1,0.5835290601842557
Glyma.01G000900.Wm82.a4.v1,0.5834029856321705
Glyma.07G020700.Wm82.a4.v1,0.5833095970750704
Glyma.08G022500.Wm82.a4.v1,0.5833049276472154
Glyma.01G199000.Wm82.a4.v1,0.5832629027965204
Glyma.10G247100.Wm82.a4.v1,0.5832535639408103
Glyma.10G140500.Wm82.a4.v1,0.5832488945129554
Glyma.11G195300.Wm82.a4.v1,0.5832302168015353
Glyma.03G152100.Wm82.a4.v1,0.5831274893887252
Glyma.13G030400.Wm82.a4.v1,0.5831134811051601
Glyma.09G207900.Wm82.a4.v1,0.5830807951101752
Glyma.12G036800.Wm82.a4.v1,0.5830807951101752
Glyma.09G102900.Wm82.a4.v1,0.5830714562544651
Glyma.08G074100.Wm82.a4.v1,0.5830294314037701
Glyma.01G188000.Wm82.a4.v1,0.58297339826951
Glyma.09G195800.Wm82.a4.v1,0.5829173651352499
Glyma.04G036000.Wm82.a4.v1,0.5828473237174249
Glyma.19G236200.Wm82.a4.v1,0.5828286460060049
Glyma.02G228100.Wm82.a4.v1,0.5827305880210498
Glyma.07G034900.Wm82.a4.v1,0.5826979020260648
Glyma.16G168400.Wm82.a4.v1,0.5826745548867898
Glyma.02G207200.Wm82.a4.v1,0.5826558771753697
Glyma.07G213100.Wm82.a4.v1,0.5826558771753697
Glyma.11G194300.Wm82.a4.v1,0.5826558771753697
Glyma.18G300600.Wm82.a4.v1,0.5826465383196597
Glyma.15G033200.Wm82.a4.v1,0.5826231911803846
Glyma.13G322000.Wm82.a4.v1,0.5825811663296896
Glyma.04G078200.Wm82.a4.v1,0.5825578191904146
Glyma.10G279900.Wm82.a4.v1,0.5825438109068496
Glyma.20G136900.Wm82.a4.v1,0.5825344720511396
Glyma.08G363800.Wm82.a4.v1,0.5825157943397196
Glyma.18G120051.Wm82.a4.v1,0.5825111249118645
Glyma.07G112100.Wm82.a4.v1,0.5824924472004446
Glyma.08G031100.Wm82.a4.v1,0.5824691000611695
Glyma.19G226700.Wm82.a4.v1,0.5824457529218945
Glyma.12G208100.Wm82.a4.v1,0.5824457529218945
Glyma.20G019800.Wm82.a4.v1,0.5823243477976644
Glyma.08G141200.Wm82.a4.v1,0.5822869923748243
Glyma.02G234100.Wm82.a4.v1,0.5822449675241292
Glyma.02G042100.Wm82.a4.v1,0.5822309592405642
Glyma.20G034600.Wm82.a4.v1,0.5822286245266367
Glyma.01G125600.Wm82.a4.v1,0.5821702566784492
Glyma.09G019100.Wm82.a4.v1,0.5821562483948842
Glyma.08G181800.Wm82.a4.v1,0.5821515789670292
Glyma.05G203700.Wm82.a4.v1,0.5821142235441892
Glyma.03G001800.Wm82.a4.v1,0.5820721986934941
Glyma.06G039600.Wm82.a4.v1,0.5820301738427991
Glyma.10G111700.Wm82.a4.v1,0.581978810136394
Glyma.05G240100.Wm82.a4.v1,0.5819391199996264
Glyma.12G079900.Wm82.a4.v1,0.581918107574279
Glyma.09G000700.Wm82.a4.v1,0.581918107574279
Glyma.12G006000.Wm82.a4.v1,0.5819087687185689
Glyma.13G371600.Wm82.a4.v1,0.5818807521514389
Glyma.04G004900.Wm82.a4.v1,0.5818387273007438
Glyma.20G117900.Wm82.a4.v1,0.5817546775993537
Glyma.13G075300.Wm82.a4.v1,0.5817266610322237
Glyma.12G067600.Wm82.a4.v1,0.5816566196143986
Glyma.07G083300.Wm82.a4.v1,0.5816286030472686
Glyma.19G151500.Wm82.a4.v1,0.5816239336194136
Glyma.15G116500.Wm82.a4.v1,0.5815819087687185
Glyma.18G220900.Wm82.a4.v1,0.5815725699130085
Glyma.15G236100.Wm82.a4.v1,0.5815585616294435
Glyma.06G068300.Wm82.a4.v1,0.5815305450623135
Glyma.10G133700.Wm82.a4.v1,0.5815071979230385
Glyma.10G196100.Wm82.a4.v1,0.5814745119280534
Glyma.01G166700.Wm82.a4.v1,0.5813811233709534
Glyma.15G136100.Wm82.a4.v1,0.5813390985202583
Glyma.20G143300.Wm82.a4.v1,0.5813064125252733
Glyma.19G254500.Wm82.a4.v1,0.5813064125252733
Glyma.09G009300.Wm82.a4.v1,0.5812550488188682
Glyma.19G007300.Wm82.a4.v1,0.5812457099631582
Glyma.20G224500.Wm82.a4.v1,0.5812083545403182
Glyma.04G204100.Wm82.a4.v1,0.5812083545403182
Glyma.16G153300.Wm82.a4.v1,0.5811896768288981
Glyma.19G095300.Wm82.a4.v1,0.5811616602617681
Glyma.20G052000.Wm82.a4.v1,0.5811616602617681
Glyma.14G076600.Wm82.a4.v1,0.5811243048389281
Glyma.20G010800.Wm82.a4.v1,0.5810869494160881
Glyma.20G216400.Wm82.a4.v1,0.581063602276813
Glyma.07G085300.Wm82.a4.v1,0.581030916281828
Glyma.16G141500.Wm82.a4.v1,0.581016907998263
Glyma.02G053800.Wm82.a4.v1,0.581002899714698
Glyma.11G091200.Wm82.a4.v1,0.5809515360082929
Glyma.02G090800.Wm82.a4.v1,0.5809421971525829
Glyma.14G022100.Wm82.a4.v1,0.5809421971525829
Glyma.04G044200.Wm82.a4.v1,0.5809235194411628
Glyma.12G231400.Wm82.a4.v1,0.5808814945904678
Glyma.12G028100.Wm82.a4.v1,0.5807927754612228
Glyma.16G037700.Wm82.a4.v1,0.5807881060333677
Glyma.12G206400.Wm82.a4.v1,0.5807834366055127
Glyma.20G107700.Wm82.a4.v1,0.5807133951876876
Glyma.19G191100.Wm82.a4.v1,0.5806807091927026
Glyma.07G267700.Wm82.a4.v1,0.5806667009091376
Glyma.02G121200.Wm82.a4.v1,0.5806526926255726
Glyma.16G056000.Wm82.a4.v1,0.5806200066305875
Glyma.14G012200.Wm82.a4.v1,0.5805686429241825
Glyma.14G065200.Wm82.a4.v1,0.5805639734963275
Glyma.02G018300.Wm82.a4.v1,0.5804519072278074
Glyma.12G062300.Wm82.a4.v1,0.5804098823771123
Glyma.17G227200.Wm82.a4.v1,0.5803958740935473
Glyma.05G101800.Wm82.a4.v1,0.5803305021035773
Glyma.06G126500.Wm82.a4.v1,0.5803258326757222
Glyma.15G035300.Wm82.a4.v1,0.5803164938200123
Glyma.06G102600.Wm82.a4.v1,0.5802511218300421
Glyma.18G145300.Wm82.a4.v1,0.5802090969793471
Glyma.08G084500.Wm82.a4.v1,0.5801997581236371
Glyma.15G256600.Wm82.a4.v1,0.5801997581236371
Glyma.13G064602.Wm82.a4.v1,0.580181080412217
Glyma.11G153169.Wm82.a4.v1,0.580181080412217
Glyma.13G317500.Wm82.a4.v1,0.5801203778501021
Glyma.07G125400.Wm82.a4.v1,0.580101700138682
Glyma.08G058500.Wm82.a4.v1,0.580073683571552
Glyma.17G259000.Wm82.a4.v1,0.5800409975765669
Glyma.14G215400.Wm82.a4.v1,0.580022319865147
Glyma.18G010500.Wm82.a4.v1,0.5799849644423068
Glyma.14G131200.Wm82.a4.v1,0.5799522784473219
Glyma.09G204100.Wm82.a4.v1,0.5799429395916118
Glyma.11G114600.Wm82.a4.v1,0.5799149230244818
Glyma.19G168200.Wm82.a4.v1,0.5798308733230917
Glyma.08G187500.Wm82.a4.v1,0.5798121956116717
Glyma.11G190500.Wm82.a4.v1,0.5797841790445417
Glyma.03G144300.Wm82.a4.v1,0.5797748401888316
Glyma.01G172300.Wm82.a4.v1,0.5797514930495566
Glyma.20G153700.Wm82.a4.v1,0.5797468236217016
Glyma.14G082800.Wm82.a4.v1,0.5796907904874415
Glyma.09G136000.Wm82.a4.v1,0.5796814516317316
Glyma.11G165700.Wm82.a4.v1,0.5795833936467765
Glyma.10G214100.Wm82.a4.v1,0.5795740547910665
Glyma.05G234700.Wm82.a4.v1,0.5795460382239365
Glyma.17G064000.Wm82.a4.v1,0.5794853356618214
Glyma.08G241700.Wm82.a4.v1,0.5794573190946913
Glyma.08G103100.Wm82.a4.v1,0.5794199636718513
Glyma.06G188600.Wm82.a4.v1,0.5794012859604313
Glyma.15G230300.Wm82.a4.v1,0.5793919471047213
Glyma.17G111500.Wm82.a4.v1,0.5793592611097362
Glyma.11G081900.Wm82.a4.v1,0.5793452528261712
Glyma.19G157200.Wm82.a4.v1,0.5792658725526362
Glyma.07G199200.Wm82.a4.v1,0.5792378559855061
Glyma.18G250700.Wm82.a4.v1,0.5791958311348111
Glyma.08G208100.Wm82.a4.v1,0.5791538062841161
Glyma.10G028700.Wm82.a4.v1,0.579135128572696
Glyma.03G209500.Wm82.a4.v1,0.579111781433421
Glyma.04G200900.Wm82.a4.v1,0.579107112005566
Glyma.12G078800.Wm82.a4.v1,0.579097773149856
Glyma.05G171900.Wm82.a4.v1,0.579097773149856
Glyma.04G000700.Wm82.a4.v1,0.5789950457370459
Glyma.20G013800.Wm82.a4.v1,0.5789903763091908
Glyma.15G269300.Wm82.a4.v1,0.5789810374534808
Glyma.12G231100.Wm82.a4.v1,0.5789530208863508
Glyma.02G312000.Wm82.a4.v1,0.5789530208863508
Glyma.19G253900.Wm82.a4.v1,0.5789390126027858
Glyma.10G297400.Wm82.a4.v1,0.5789390126027858
Glyma.19G145500.Wm82.a4.v1,0.5788362851899757
Glyma.13G310100.Wm82.a4.v1,0.5788129380507007
Glyma.05G058200.Wm82.a4.v1,0.5787989297671357
Glyma.04G014600.Wm82.a4.v1,0.5787802520557156
Glyma.02G291800.Wm82.a4.v1,0.5787662437721506
Glyma.19G133500.Wm82.a4.v1,0.5787569049164406
Glyma.16G218800.Wm82.a4.v1,0.5787428966328756
Glyma.17G225600.Wm82.a4.v1,0.5786962023543255
Glyma.05G118400.Wm82.a4.v1,0.578693867640398
Glyma.17G131500.Wm82.a4.v1,0.5786681857871955
Glyma.09G215400.Wm82.a4.v1,0.5786261609365004
Glyma.20G222600.Wm82.a4.v1,0.5785654583743853
Glyma.20G110600.Wm82.a4.v1,0.5785467806629654
Glyma.10G166200.Wm82.a4.v1,0.5785187640958354
Glyma.07G272700.Wm82.a4.v1,0.5784767392451403
Glyma.13G192200.Wm82.a4.v1,0.5784674003894302
Glyma.13G164300.Wm82.a4.v1,0.5784627309615753
Glyma.13G097600.Wm82.a4.v1,0.5784533921058652
Glyma.03G022100.Wm82.a4.v1,0.5784487226780103
Glyma.04G009800.Wm82.a4.v1,0.5784207061108803
Glyma.07G001900.Wm82.a4.v1,0.5784160366830252
Glyma.08G032500.Wm82.a4.v1,0.5784020283994602
Glyma.03G226700.Wm82.a4.v1,0.5783646729766202
Glyma.08G129400.Wm82.a4.v1,0.5783553341209101
Glyma.18G044500.Wm82.a4.v1,0.5783319869816351
Glyma.10G099400.Wm82.a4.v1,0.5782993009866501
Glyma.10G123100.Wm82.a4.v1,0.5782759538473751
Glyma.17G245900.Wm82.a4.v1,0.578247937280245
Glyma.10G252200.Wm82.a4.v1,0.578247937280245
Glyma.15G025800.Wm82.a4.v1,0.5782385984245351
Glyma.15G033400.Wm82.a4.v1,0.57822459014097
Glyma.04G072600.Wm82.a4.v1,0.578219920713115
Glyma.11G203600.Wm82.a4.v1,0.57820591242955
Glyma.19G152000.Wm82.a4.v1,0.578182565290275
Glyma.11G035900.Wm82.a4.v1,0.5781498792952899
Glyma.13G320000.Wm82.a4.v1,0.5781125238724499
Glyma.10G045600.Wm82.a4.v1,0.5781031850167399
Glyma.08G091000.Wm82.a4.v1,0.5780891767331748
Glyma.10G032400.Wm82.a4.v1,0.5780704990217549
Glyma.20G165767.Wm82.a4.v1,0.5780658295938998
Glyma.19G188800.Wm82.a4.v1,0.5780518213103348
Glyma.15G031800.Wm82.a4.v1,0.5780238047432048
Glyma.13G261500.Wm82.a4.v1,0.5780238047432048
Glyma.18G184100.Wm82.a4.v1,0.5780097964596398
Glyma.16G026700.Wm82.a4.v1,0.5779724410367998
Glyma.12G237300.Wm82.a4.v1,0.5779724410367998
Glyma.02G195000.Wm82.a4.v1,0.5779350856139597
Glyma.18G069300.Wm82.a4.v1,0.5778136804897296
Glyma.12G061200.Wm82.a4.v1,0.5778090110618745
Glyma.20G070600.Wm82.a4.v1,0.5777249613604845
Glyma.07G162100.Wm82.a4.v1,0.5777156225047745
Glyma.12G055900.Wm82.a4.v1,0.5776689282262244
Glyma.01G182300.Wm82.a4.v1,0.5776269033755294
Glyma.14G040700.Wm82.a4.v1,0.5776082256641094
Glyma.09G196600.Wm82.a4.v1,0.5775848785248343
Glyma.19G094800.Wm82.a4.v1,0.5775195065348643
Glyma.14G165700.Wm82.a4.v1,0.5775008288234442
Glyma.05G096300.Wm82.a4.v1,0.5774914899677343
Glyma.02G285200.Wm82.a4.v1,0.5774868205398792
Glyma.19G066500.Wm82.a4.v1,0.5774774816841692
Glyma.01G083700.Wm82.a4.v1,0.5774541345448942
Glyma.15G082900.Wm82.a4.v1,0.5774307874056192
Glyma.11G211643.Wm82.a4.v1,0.5773747542713591
Glyma.01G172400.Wm82.a4.v1,0.5773280599928091
Glyma.03G097700.Wm82.a4.v1,0.577295373997824
Glyma.04G206900.Wm82.a4.v1,0.577276696286404
Glyma.06G063000.Wm82.a4.v1,0.577258018574984
Glyma.10G029100.Wm82.a4.v1,0.577244010291419
Glyma.09G116900.Wm82.a4.v1,0.577234671435709
Glyma.14G079600.Wm82.a4.v1,0.577215993724289
Glyma.10G047800.Wm82.a4.v1,0.577215993724289
Glyma.13G358700.Wm82.a4.v1,0.5771506217343189
Glyma.07G198000.Wm82.a4.v1,0.5771085968836238
Glyma.06G107500.Wm82.a4.v1,0.5770899191722039
Glyma.06G119800.Wm82.a4.v1,0.5770759108886389
Glyma.07G004500.Wm82.a4.v1,0.5770432248936538
Glyma.10G026151.Wm82.a4.v1,0.5770385554657987
Glyma.04G064900.Wm82.a4.v1,0.5770292166100888
Glyma.18G043600.Wm82.a4.v1,0.5769918611872488
Glyma.18G101400.Wm82.a4.v1,0.5769638446201187
Glyma.14G014800.Wm82.a4.v1,0.5769358280529887
Glyma.08G209500.Wm82.a4.v1,0.5769171503415687
Glyma.11G073600.Wm82.a4.v1,0.5768938032022937
Glyma.15G106900.Wm82.a4.v1,0.5768844643465836
Glyma.18G067400.Wm82.a4.v1,0.5768377700680336
Glyma.15G260800.Wm82.a4.v1,0.5768190923566135
Glyma.08G231300.Wm82.a4.v1,0.5767677286502085
Glyma.10G058600.Wm82.a4.v1,0.5767116955159485
Glyma.06G011900.Wm82.a4.v1,0.5767023566602384
Glyma.19G262500.Wm82.a4.v1,0.5766976872323835
Glyma.02G075600.Wm82.a4.v1,0.5766790095209634
Glyma.09G200200.Wm82.a4.v1,0.5766743400931084
Glyma.05G169500.Wm82.a4.v1,0.5766650012373984
Glyma.01G057400.Wm82.a4.v1,0.5766650012373984
Glyma.07G072900.Wm82.a4.v1,0.5766556623816884
Glyma.13G096100.Wm82.a4.v1,0.5765389266853133
Glyma.02G148900.Wm82.a4.v1,0.5765109101181832
Glyma.20G172200.Wm82.a4.v1,0.5764922324067632
Glyma.09G131600.Wm82.a4.v1,0.5764642158396331
Glyma.17G151100.Wm82.a4.v1,0.5764502075560681
Glyma.14G001400.Wm82.a4.v1,0.5764408687003582
Glyma.20G055900.Wm82.a4.v1,0.5764361992725031
Glyma.20G235300.Wm82.a4.v1,0.5763848355660981
Glyma.12G086500.Wm82.a4.v1,0.576338141287548
Glyma.05G080400.Wm82.a4.v1,0.576310124720418
Glyma.06G024400.Wm82.a4.v1,0.576286777581143
Glyma.16G001700.Wm82.a4.v1,0.576263430441868
Glyma.17G031000.Wm82.a4.v1,0.5762400833025929
Glyma.17G121200.Wm82.a4.v1,0.5762260750190279
Glyma.01G171800.Wm82.a4.v1,0.5762120667354629
Glyma.12G165000.Wm82.a4.v1,0.5761933890240429
Glyma.09G208300.Wm82.a4.v1,0.5761513641733479
Glyma.15G049500.Wm82.a4.v1,0.5761513641733479
Glyma.02G192300.Wm82.a4.v1,0.5761420253176378
Glyma.08G043800.Wm82.a4.v1,0.5761280170340728
Glyma.12G229900.Wm82.a4.v1,0.5760766533276678
Glyma.08G057200.Wm82.a4.v1,0.5760579756162477
Glyma.18G281800.Wm82.a4.v1,0.5758198347956425
Glyma.08G154800.Wm82.a4.v1,0.5758104959399325
Glyma.08G204700.Wm82.a4.v1,0.5758058265120775
Glyma.13G145400.Wm82.a4.v1,0.5757638016613824
Glyma.15G173200.Wm82.a4.v1,0.5757451239499624
Glyma.09G050500.Wm82.a4.v1,0.5757404545221074
Glyma.10G023600.Wm82.a4.v1,0.5756143799700223
Glyma.08G052600.Wm82.a4.v1,0.5756050411143122
Glyma.13G321100.Wm82.a4.v1,0.5755746898332548
Glyma.06G133500.Wm82.a4.v1,0.5755069831293571
Glyma.07G174800.Wm82.a4.v1,0.575413594572257
Glyma.07G016000.Wm82.a4.v1,0.575394916860837
Glyma.03G231900.Wm82.a4.v1,0.575380908577272
Glyma.18G240200.Wm82.a4.v1,0.575371569721562
Glyma.14G066600.Wm82.a4.v1,0.575366900293707
Glyma.10G250500.Wm82.a4.v1,0.575362230865852
Glyma.03G247900.Wm82.a4.v1,0.575352892010142
Glyma.07G243300.Wm82.a4.v1,0.575343553154432
Glyma.04G167300.Wm82.a4.v1,0.5753388837265769
Glyma.20G173300.Wm82.a4.v1,0.575329544870867
Glyma.15G140900.Wm82.a4.v1,0.5753108671594469
Glyma.14G089045.Wm82.a4.v1,0.5752268174580568
Glyma.07G066100.Wm82.a4.v1,0.5752128091744918
Glyma.06G076000.Wm82.a4.v1,0.5750166932045816
Glyma.08G186900.Wm82.a4.v1,0.5750073543488716
Glyma.17G149500.Wm82.a4.v1,0.5748952880803515
Glyma.02G173300.Wm82.a4.v1,0.5748906186524965
Glyma.05G099000.Wm82.a4.v1,0.5748626020853664
Glyma.07G233000.Wm82.a4.v1,0.5748299160903815
Glyma.13G240600.Wm82.a4.v1,0.5747692135282664
Glyma.15G201200.Wm82.a4.v1,0.5747598746725564
Glyma.05G243600.Wm82.a4.v1,0.5747552052447014
Glyma.19G060900.Wm82.a4.v1,0.5747505358168463
Glyma.19G121700.Wm82.a4.v1,0.5747458663889914
Glyma.12G002500.Wm82.a4.v1,0.5747365275332813
Glyma.13G235800.Wm82.a4.v1,0.5746991721104413
Glyma.04G255900.Wm82.a4.v1,0.5746711555433113
Glyma.10G147100.Wm82.a4.v1,0.5746571472597463
Glyma.18G200300.Wm82.a4.v1,0.5746197918369063
Glyma.10G082900.Wm82.a4.v1,0.5746011141254862
Glyma.15G200800.Wm82.a4.v1,0.5745871058419212
Glyma.19G228000.Wm82.a4.v1,0.5745871058419212
Glyma.05G133200.Wm82.a4.v1,0.5745730975583562
Glyma.05G183300.Wm82.a4.v1,0.5745497504190812
Glyma.12G089700.Wm82.a4.v1,0.5745264032798061
Glyma.18G151700.Wm82.a4.v1,0.5744937172848211
Glyma.15G144800.Wm82.a4.v1,0.5744890478569661
Glyma.13G286600.Wm82.a4.v1,0.5744516924341261
Glyma.08G012100.Wm82.a4.v1,0.574447023006271
Glyma.07G066600.Wm82.a4.v1,0.574409667583431
Glyma.11G256200.Wm82.a4.v1,0.574395659299866
Glyma.13G145100.Wm82.a4.v1,0.574381651016301
Glyma.10G212200.Wm82.a4.v1,0.574381651016301
Glyma.06G094900.Wm82.a4.v1,0.574367642732736
Glyma.05G112400.Wm82.a4.v1,0.574353634449171
Glyma.04G101100.Wm82.a4.v1,0.5743116095984759
Glyma.12G113700.Wm82.a4.v1,0.5742976013149109
Glyma.08G179200.Wm82.a4.v1,0.5742509070363608
Glyma.08G302000.Wm82.a4.v1,0.5742462376085058
Glyma.10G217900.Wm82.a4.v1,0.5742182210413758
Glyma.03G028300.Wm82.a4.v1,0.5741575184792608
Glyma.20G139802.Wm82.a4.v1,0.5741388407678407
Glyma.09G169000.Wm82.a4.v1,0.5741061547728556
Glyma.05G213200.Wm82.a4.v1,0.5740968159171457
Glyma.10G153900.Wm82.a4.v1,0.5740921464892906
Glyma.20G128800.Wm82.a4.v1,0.5740127662157556
Glyma.12G059800.Wm82.a4.v1,0.5739987579321906
Glyma.09G285400.Wm82.a4.v1,0.5739427247979305
Glyma.11G072700.Wm82.a4.v1,0.5738960305193804
Glyma.07G265800.Wm82.a4.v1,0.5738913610915255
Glyma.02G196500.Wm82.a4.v1,0.5738913610915255
Glyma.11G145300.Wm82.a4.v1,0.5738796875218879
Glyma.15G268100.Wm82.a4.v1,0.5738586750965404
Glyma.13G370000.Wm82.a4.v1,0.5738166502458454
Glyma.04G013100.Wm82.a4.v1,0.5738119808179903
Glyma.14G038000.Wm82.a4.v1,0.5737979725344253
Glyma.19G243300.Wm82.a4.v1,0.5737886336787154
Glyma.13G050800.Wm82.a4.v1,0.5737606171115853
Glyma.11G240100.Wm82.a4.v1,0.5737559476837303
Glyma.13G037100.Wm82.a4.v1,0.5737419394001653
Glyma.13G275100.Wm82.a4.v1,0.5737185922608903
Glyma.17G241100.Wm82.a4.v1,0.5736625591266302
Glyma.16G004400.Wm82.a4.v1,0.5736065259923702
Glyma.20G235700.Wm82.a4.v1,0.5735785094252401
Glyma.02G012700.Wm82.a4.v1,0.5735551622859651
Glyma.19G171700.Wm82.a4.v1,0.5735411540024001
Glyma.09G152000.Wm82.a4.v1,0.5735131374352701
Glyma.06G126700.Wm82.a4.v1,0.5734991291517051
Glyma.04G025100.Wm82.a4.v1,0.57349445972385
Glyma.17G002600.Wm82.a4.v1,0.5734711125845751
Glyma.15G134800.Wm82.a4.v1,0.573443096017445
Glyma.06G314300.Wm82.a4.v1,0.57341041002246
Glyma.10G160200.Wm82.a4.v1,0.5733543768881999
Glyma.06G300600.Wm82.a4.v1,0.5733497074603449
Glyma.09G134700.Wm82.a4.v1,0.5733030131817949
Glyma.13G259700.Wm82.a4.v1,0.5732703271868098
Glyma.05G036200.Wm82.a4.v1,0.5732516494753898
Glyma.06G060700.Wm82.a4.v1,0.5732376411918247
Glyma.17G047800.Wm82.a4.v1,0.5731862774854197
Glyma.08G044600.Wm82.a4.v1,0.5731629303461447
Glyma.03G231300.Wm82.a4.v1,0.5731115666397396
Glyma.06G027600.Wm82.a4.v1,0.5730508640776246
Glyma.04G138500.Wm82.a4.v1,0.5730461946497696
Glyma.20G092100.Wm82.a4.v1,0.5730275169383495
Glyma.04G143400.Wm82.a4.v1,0.5729761532319445
Glyma.06G005500.Wm82.a4.v1,0.5729574755205245
Glyma.01G154300.Wm82.a4.v1,0.5729341283812495
Glyma.20G211800.Wm82.a4.v1,0.5729014423862644
Glyma.08G052700.Wm82.a4.v1,0.5728827646748443
Glyma.05G120100.Wm82.a4.v1,0.5728407398241493
Glyma.04G000200.Wm82.a4.v1,0.5728267315405843
Glyma.13G362900.Wm82.a4.v1,0.5727613595506142
Glyma.11G100700.Wm82.a4.v1,0.5727566901227592
Glyma.15G124200.Wm82.a4.v1,0.5727240041277742
Glyma.01G195400.Wm82.a4.v1,0.5727193346999192
Glyma.14G129600.Wm82.a4.v1,0.5727193346999192
Glyma.09G231200.Wm82.a4.v1,0.5726352849985291
Glyma.02G020800.Wm82.a4.v1,0.5726166072871091
Glyma.04G219400.Wm82.a4.v1,0.5726119378592541
Glyma.10G233200.Wm82.a4.v1,0.5726072684313991
Glyma.12G108000.Wm82.a4.v1,0.572518549302154
Glyma.10G051500.Wm82.a4.v1,0.572499871590734
Glyma.12G042400.Wm82.a4.v1,0.5724765244514589
Glyma.17G099300.Wm82.a4.v1,0.5724765244514589
Glyma.15G038500.Wm82.a4.v1,0.5724391690286189
Glyma.15G105500.Wm82.a4.v1,0.5724344996007639
Glyma.13G049800.Wm82.a4.v1,0.5724251607450539
Glyma.06G014600.Wm82.a4.v1,0.5724111524614889
Glyma.05G094000.Wm82.a4.v1,0.5723737970386489
Glyma.12G210900.Wm82.a4.v1,0.5723644581829388
Glyma.18G133800.Wm82.a4.v1,0.5723364416158088
Glyma.15G211900.Wm82.a4.v1,0.5723130944765338
Glyma.17G248400.Wm82.a4.v1,0.5722290447751437
Glyma.17G192700.Wm82.a4.v1,0.5722197059194337
Glyma.09G228600.Wm82.a4.v1,0.5722056976358687
Glyma.15G152600.Wm82.a4.v1,0.5722056976358687
Glyma.10G090600.Wm82.a4.v1,0.5721309867901886
Glyma.19G050500.Wm82.a4.v1,0.5720889619394935
Glyma.17G022900.Wm82.a4.v1,0.5720656148002186
Glyma.08G127400.Wm82.a4.v1,0.5720375982330885
Glyma.20G124100.Wm82.a4.v1,0.5720142510938134
Glyma.19G006100.Wm82.a4.v1,0.5719768956709734
Glyma.11G121800.Wm82.a4.v1,0.5719628873874084
Glyma.16G094500.Wm82.a4.v1,0.5719302013924233
Glyma.08G011600.Wm82.a4.v1,0.5718975153974384
Glyma.14G152300.Wm82.a4.v1,0.5718928459695833
Glyma.11G091000.Wm82.a4.v1,0.5718835071138734
Glyma.07G252000.Wm82.a4.v1,0.5717714408453533
Glyma.15G086900.Wm82.a4.v1,0.5717621019896432
Glyma.04G024000.Wm82.a4.v1,0.5717527631339332
Glyma.05G215600.Wm82.a4.v1,0.5717247465668032
Glyma.15G007500.Wm82.a4.v1,0.5716733828603981
Glyma.02G283300.Wm82.a4.v1,0.5716640440046881
Glyma.12G183500.Wm82.a4.v1,0.571636027437558
Glyma.16G062500.Wm82.a4.v1,0.571594002586863
Glyma.10G047700.Wm82.a4.v1,0.571561316591878
Glyma.09G248700.Wm82.a4.v1,0.571547308308313
Glyma.06G038700.Wm82.a4.v1,0.571519291741183
Glyma.11G057000.Wm82.a4.v1,0.5714959446019079
Glyma.11G002700.Wm82.a4.v1,0.5714632586069229
Glyma.04G023600.Wm82.a4.v1,0.5713978866169528
Glyma.12G078200.Wm82.a4.v1,0.5713792089055328
Glyma.11G230200.Wm82.a4.v1,0.5713652006219678
Glyma.08G340600.Wm82.a4.v1,0.5713511923384028
Glyma.18G225900.Wm82.a4.v1,0.5712858203484327
Glyma.03G000700.Wm82.a4.v1,0.5712391260698827
Glyma.05G040600.Wm82.a4.v1,0.5712391260698827
Glyma.10G295500.Wm82.a4.v1,0.5712111095027527
Glyma.10G281500.Wm82.a4.v1,0.5711690846520576
Glyma.03G006300.Wm82.a4.v1,0.5711363986570726
Glyma.15G066700.Wm82.a4.v1,0.5711083820899425
Glyma.20G118700.Wm82.a4.v1,0.5710756960949575
Glyma.09G132500.Wm82.a4.v1,0.5710056546771324
Glyma.10G264300.Wm82.a4.v1,0.5709169355478874
Glyma.13G166800.Wm82.a4.v1,0.5708188775629323
Glyma.17G007300.Wm82.a4.v1,0.5708142081350772
Glyma.02G288800.Wm82.a4.v1,0.5708048692793672
Glyma.02G137400.Wm82.a4.v1,0.5707581750008172
Glyma.03G190000.Wm82.a4.v1,0.5706741252994271
Glyma.19G010900.Wm82.a4.v1,0.5706507781601521
Glyma.02G291300.Wm82.a4.v1,0.570590075598037
Glyma.06G286100.Wm82.a4.v1,0.570562059030907
Glyma.05G139200.Wm82.a4.v1,0.5705293730359219
Glyma.12G162800.Wm82.a4.v1,0.5705293730359219
Glyma.02G247800.Wm82.a4.v1,0.5704780093295169
Glyma.08G153800.Wm82.a4.v1,0.5704499927623868
Glyma.06G112300.Wm82.a4.v1,0.5704499927623868
Glyma.12G205500.Wm82.a4.v1,0.5704313150509668
Glyma.08G052900.Wm82.a4.v1,0.5704173067674018
Glyma.12G114600.Wm82.a4.v1,0.5703752819167067
Glyma.09G162300.Wm82.a4.v1,0.5703425959217218
Glyma.12G011800.Wm82.a4.v1,0.5703332570660117
Glyma.18G055100.Wm82.a4.v1,0.5701978436582166
Glyma.08G127700.Wm82.a4.v1,0.5701931742303615
Glyma.11G106100.Wm82.a4.v1,0.5701885048025066
Glyma.17G129300.Wm82.a4.v1,0.5701744965189416
Glyma.03G130100.Wm82.a4.v1,0.5701418105239565
Glyma.11G092700.Wm82.a4.v1,0.5700764385339865
Glyma.17G001100.Wm82.a4.v1,0.5700437525390014
Glyma.19G043700.Wm82.a4.v1,0.5698756531362212
Glyma.03G176400.Wm82.a4.v1,0.5698056117183962
Glyma.10G271100.Wm82.a4.v1,0.5697589174398461
Glyma.08G329500.Wm82.a4.v1,0.569702884305586
Glyma.05G022800.Wm82.a4.v1,0.569698214877731
Glyma.15G013600.Wm82.a4.v1,0.569693545449876
Glyma.01G180100.Wm82.a4.v1,0.569651520599181
Glyma.10G170500.Wm82.a4.v1,0.5696188346041959
Glyma.14G087200.Wm82.a4.v1,0.5695814791813559
Glyma.13G072500.Wm82.a4.v1,0.5695628014699359
Glyma.11G181900.Wm82.a4.v1,0.5695347849028058
Glyma.11G069400.Wm82.a4.v1,0.5694927600521108
Glyma.12G217900.Wm82.a4.v1,0.5694694129128358
Glyma.10G149900.Wm82.a4.v1,0.5694367269178507
Glyma.16G029600.Wm82.a4.v1,0.5694320574899957
Glyma.08G125400.Wm82.a4.v1,0.5694273880621408
Glyma.15G101900.Wm82.a4.v1,0.5693853632114457
Glyma.18G244000.Wm82.a4.v1,0.5693666855000257
Glyma.08G115200.Wm82.a4.v1,0.5693433383607507
Glyma.06G017300.Wm82.a4.v1,0.5692406109479405
Glyma.08G126600.Wm82.a4.v1,0.5692219332365205
Glyma.13G085400.Wm82.a4.v1,0.5692172638086656
Glyma.08G188900.Wm82.a4.v1,0.5692079249529555
Glyma.11G221100.Wm82.a4.v1,0.5692079249529555
Glyma.08G126500.Wm82.a4.v1,0.5692032555251005
Glyma.04G031900.Wm82.a4.v1,0.5691985860972455
Glyma.09G020000.Wm82.a4.v1,0.5691472223908405
Glyma.20G152000.Wm82.a4.v1,0.5690304866944653
Glyma.04G061000.Wm82.a4.v1,0.5690118089830453
Glyma.07G110600.Wm82.a4.v1,0.5689978006994802
Glyma.20G025100.Wm82.a4.v1,0.5689931312716253
Glyma.07G067100.Wm82.a4.v1,0.5689697841323502
Glyma.20G127800.Wm82.a4.v1,0.5689697841323502
Glyma.02G047100.Wm82.a4.v1,0.5689324287095102
Glyma.20G189700.Wm82.a4.v1,0.5689230898538002
Glyma.18G055000.Wm82.a4.v1,0.5689090815702352
Glyma.20G009400.Wm82.a4.v1,0.5688997427145251
Glyma.13G229200.Wm82.a4.v1,0.5688623872916851
Glyma.13G054500.Wm82.a4.v1,0.5688343707245551
Glyma.12G039400.Wm82.a4.v1,0.5688063541574251
Glyma.11G243600.Wm82.a4.v1,0.568787676446005
Glyma.15G235500.Wm82.a4.v1,0.5687689987345851
Glyma.19G163200.Wm82.a4.v1,0.56869895731676
Glyma.20G062400.Wm82.a4.v1,0.568684949033195
Glyma.18G212600.Wm82.a4.v1,0.5686195770432249
Glyma.04G075400.Wm82.a4.v1,0.5685868910482399
Glyma.03G088400.Wm82.a4.v1,0.5685215190582698
Glyma.09G025700.Wm82.a4.v1,0.5684888330632848
Glyma.17G215500.Wm82.a4.v1,0.5684841636354298
Glyma.19G256300.Wm82.a4.v1,0.5684794942075747
Glyma.15G135800.Wm82.a4.v1,0.5684748247797198
Glyma.09G087200.Wm82.a4.v1,0.5684608164961548
Glyma.07G178400.Wm82.a4.v1,0.5684514776404447
Glyma.10G242200.Wm82.a4.v1,0.5684514776404447
Glyma.18G071000.Wm82.a4.v1,0.5684468082125897
Glyma.16G147300.Wm82.a4.v1,0.5684327999290247
Glyma.10G194300.Wm82.a4.v1,0.5683720973669096
Glyma.03G105400.Wm82.a4.v1,0.5683580890833446
Glyma.13G346400.Wm82.a4.v1,0.5683534196554896
Glyma.18G036450.Wm82.a4.v1,0.5683440807997796
Glyma.05G154200.Wm82.a4.v1,0.5683207336605046
Glyma.05G155100.Wm82.a4.v1,0.5682973865212295
Glyma.11G137700.Wm82.a4.v1,0.5682880476655195
Glyma.09G104600.Wm82.a4.v1,0.5682647005262446
Glyma.01G177300.Wm82.a4.v1,0.5682506922426795
Glyma.03G110200.Wm82.a4.v1,0.5682413533869695
Glyma.05G247900.Wm82.a4.v1,0.5682133368198394
Glyma.05G010000.Wm82.a4.v1,0.5681806508248545
Glyma.13G348100.Wm82.a4.v1,0.5681479648298694
Glyma.06G059402.Wm82.a4.v1,0.5681339565463044
Glyma.17G048200.Wm82.a4.v1,0.5681129441209568
Glyma.10G049800.Wm82.a4.v1,0.5680872622677543
Glyma.14G076500.Wm82.a4.v1,0.5680592457006243
Glyma.18G043000.Wm82.a4.v1,0.5680545762727693
Glyma.15G123000.Wm82.a4.v1,0.5680265597056393
Glyma.15G097100.Wm82.a4.v1,0.5679938737106542
Glyma.04G251800.Wm82.a4.v1,0.5679845348549443
Glyma.09G052000.Wm82.a4.v1,0.5678024271685991
Glyma.18G233000.Wm82.a4.v1,0.5678000924546716
Glyma.01G199200.Wm82.a4.v1,0.5677884188850341
Glyma.06G307800.Wm82.a4.v1,0.567783749457179
Glyma.10G047900.Wm82.a4.v1,0.567769741173614
Glyma.18G244400.Wm82.a4.v1,0.5677230468950639
Glyma.18G132500.Wm82.a4.v1,0.567713708039354
Glyma.04G252900.Wm82.a4.v1,0.5676996997557889
Glyma.09G017200.Wm82.a4.v1,0.5676576749050939
Glyma.10G188200.Wm82.a4.v1,0.5676436666215289
Glyma.17G216700.Wm82.a4.v1,0.5675876334872688
Glyma.01G169400.Wm82.a4.v1,0.5675782946315588
Glyma.03G237400.Wm82.a4.v1,0.5675502780644288
Glyma.05G178800.Wm82.a4.v1,0.5675082532137338
Glyma.05G141400.Wm82.a4.v1,0.5674989143580237
Glyma.10G191600.Wm82.a4.v1,0.5674849060744587
Glyma.01G023200.Wm82.a4.v1,0.5674708977908937
Glyma.12G157600.Wm82.a4.v1,0.5674288729401986
Glyma.15G189200.Wm82.a4.v1,0.5674242035123437
Glyma.12G177500.Wm82.a4.v1,0.5673541620945186
Glyma.02G124400.Wm82.a4.v1,0.5672981289602586
Glyma.09G242200.Wm82.a4.v1,0.5672841206766935
Glyma.12G133500.Wm82.a4.v1,0.5672747818209835
Glyma.12G200100.Wm82.a4.v1,0.5672701123931285
Glyma.17G074200.Wm82.a4.v1,0.5672280875424335
Glyma.18G010000.Wm82.a4.v1,0.5672047404031584
Glyma.12G055400.Wm82.a4.v1,0.5671673849803184
Glyma.16G015800.Wm82.a4.v1,0.5671627155524633
Glyma.12G005300.Wm82.a4.v1,0.5671253601296233
Glyma.11G248200.Wm82.a4.v1,0.5670506492839432
Glyma.13G096500.Wm82.a4.v1,0.5670506492839432
Glyma.06G192700.Wm82.a4.v1,0.5670413104282332
Glyma.20G160200.Wm82.a4.v1,0.5670366410003782
Glyma.01G121300.Wm82.a4.v1,0.5670179632889581
Glyma.04G078500.Wm82.a4.v1,0.5669946161496832
Glyma.18G075400.Wm82.a4.v1,0.5669665995825531
Glyma.07G157400.Wm82.a4.v1,0.5669525912989881
Glyma.10G120200.Wm82.a4.v1,0.5669479218711331
Glyma.04G045700.Wm82.a4.v1,0.566868541597598
Glyma.11G141500.Wm82.a4.v1,0.566863872169743
Glyma.03G250100.Wm82.a4.v1,0.566840525030468
Glyma.15G219100.Wm82.a4.v1,0.566840525030468
Glyma.10G042900.Wm82.a4.v1,0.566821847319048
Glyma.07G241900.Wm82.a4.v1,0.566812508463338
Glyma.09G206000.Wm82.a4.v1,0.5667331281898029
Glyma.05G026300.Wm82.a4.v1,0.5666864339112528
Glyma.18G208900.Wm82.a4.v1,0.5666770950555429
Glyma.13G139900.Wm82.a4.v1,0.5666630867719779
Glyma.06G028600.Wm82.a4.v1,0.5666117230655727
Glyma.05G209500.Wm82.a4.v1,0.5665977147820077
Glyma.04G112900.Wm82.a4.v1,0.5665977147820077
Glyma.13G356500.Wm82.a4.v1,0.5665907106402253
Glyma.08G100700.Wm82.a4.v1,0.5665743676427327
Glyma.08G179400.Wm82.a4.v1,0.5665650287870228
Glyma.05G105800.Wm82.a4.v1,0.5665650287870228
Glyma.02G015300.Wm82.a4.v1,0.5665323427920377
Glyma.16G011100.Wm82.a4.v1,0.5665276733641826
Glyma.07G019000.Wm82.a4.v1,0.5664903179413426
Glyma.12G020200.Wm82.a4.v1,0.5664809790856327
Glyma.09G282400.Wm82.a4.v1,0.5664109376678076
Glyma.02G206600.Wm82.a4.v1,0.5664062682399525
Glyma.20G233700.Wm82.a4.v1,0.5663082102549974
Glyma.18G062900.Wm82.a4.v1,0.5663035408271424
Glyma.18G220000.Wm82.a4.v1,0.5662988713992875
Glyma.18G227400.Wm82.a4.v1,0.5662942019714324
Glyma.07G144500.Wm82.a4.v1,0.5662942019714324
Glyma.14G208100.Wm82.a4.v1,0.5662381688371724
Glyma.03G136000.Wm82.a4.v1,0.5662334994093173
Glyma.12G201500.Wm82.a4.v1,0.5662288299814624
Glyma.12G027700.Wm82.a4.v1,0.5662288299814624
Glyma.17G045500.Wm82.a4.v1,0.5662241605536074
Glyma.18G007600.Wm82.a4.v1,0.5662194911257523
Glyma.15G207700.Wm82.a4.v1,0.5662148216978974
Glyma.13G167600.Wm82.a4.v1,0.5661587885636373
Glyma.15G193300.Wm82.a4.v1,0.5660980860015222
Glyma.06G209700.Wm82.a4.v1,0.5660373834394071
Glyma.06G145800.Wm82.a4.v1,0.5659439948823071
Glyma.03G006000.Wm82.a4.v1,0.5659206477430321
Glyma.09G017400.Wm82.a4.v1,0.565794573190947
Glyma.17G113400.Wm82.a4.v1,0.5657852343352369
Glyma.03G224200.Wm82.a4.v1,0.5657432094845418
Glyma.19G037500.Wm82.a4.v1,0.5657338706288318
Glyma.13G320500.Wm82.a4.v1,0.5657338706288318
Glyma.13G313600.Wm82.a4.v1,0.5657245317731219
Glyma.05G032200.Wm82.a4.v1,0.5657198623452668
Glyma.02G068500.Wm82.a4.v1,0.5657105234895569
Glyma.15G124400.Wm82.a4.v1,0.5657058540617018
Glyma.05G246700.Wm82.a4.v1,0.5656218043603117
Glyma.U031408.Wm82.a4.v1,0.5656077960767467
Glyma.04G229500.Wm82.a4.v1,0.5655564323703417
Glyma.12G020600.Wm82.a4.v1,0.5654817215246616
Glyma.13G293900.Wm82.a4.v1,0.5654723826689516
Glyma.07G021700.Wm82.a4.v1,0.5654723826689516
Glyma.08G133200.Wm82.a4.v1,0.5654396966739665
Glyma.04G044000.Wm82.a4.v1,0.5654163495346916
Glyma.20G126600.Wm82.a4.v1,0.5654023412511265
Glyma.12G019700.Wm82.a4.v1,0.5653976718232715
Glyma.04G142100.Wm82.a4.v1,0.5653743246839965
Glyma.09G257700.Wm82.a4.v1,0.5653463081168665
Glyma.18G227100.Wm82.a4.v1,0.5653322998333015
Glyma.14G053200.Wm82.a4.v1,0.5652389112762013
Glyma.17G249100.Wm82.a4.v1,0.5651548615748112
Glyma.02G049500.Wm82.a4.v1,0.5651361838633913
Glyma.11G143000.Wm82.a4.v1,0.5651221755798262
Glyma.16G180600.Wm82.a4.v1,0.5650754813012762
Glyma.03G234300.Wm82.a4.v1,0.5650521341620012
Glyma.05G104300.Wm82.a4.v1,0.5649680844606111
Glyma.05G226800.Wm82.a4.v1,0.564963415032756
Glyma.13G184500.Wm82.a4.v1,0.564935398465626
Glyma.19G088700.Wm82.a4.v1,0.564930729037771
Glyma.06G161300.Wm82.a4.v1,0.564926059609916
Glyma.11G059700.Wm82.a4.v1,0.564921390182061
Glyma.13G232100.Wm82.a4.v1,0.564870026475656
Glyma.11G044300.Wm82.a4.v1,0.5648139933413959
Glyma.07G114400.Wm82.a4.v1,0.5648046544856858
Glyma.09G277000.Wm82.a4.v1,0.5647813073464109
Glyma.14G182100.Wm82.a4.v1,0.5647486213514258
Glyma.04G123700.Wm82.a4.v1,0.5647486213514258
Glyma.02G300000.Wm82.a4.v1,0.5647019270728758
Glyma.02G216600.Wm82.a4.v1,0.5646925882171657
Glyma.07G236200.Wm82.a4.v1,0.5646879187893108
Glyma.18G040500.Wm82.a4.v1,0.5646599022221808
Glyma.20G218600.Wm82.a4.v1,0.5646458939386158
Glyma.11G167382.Wm82.a4.v1,0.5646458939386158
Glyma.16G006000.Wm82.a4.v1,0.5646365550829057
Glyma.08G061000.Wm82.a4.v1,0.5646272162271957
Glyma.04G215500.Wm82.a4.v1,0.5645851913765007
Glyma.04G064300.Wm82.a4.v1,0.5645571748093706
Glyma.13G059400.Wm82.a4.v1,0.5645291582422406
Glyma.04G074400.Wm82.a4.v1,0.5645011416751106
Glyma.14G012300.Wm82.a4.v1,0.5644451085408505
Glyma.09G188000.Wm82.a4.v1,0.5644404391129955
Glyma.01G176300.Wm82.a4.v1,0.5644217614015755
Glyma.13G211600.Wm82.a4.v1,0.5644077531180105
Glyma.12G030400.Wm82.a4.v1,0.5643984142623004
Glyma.08G261500.Wm82.a4.v1,0.5643797365508805
Glyma.04G115700.Wm82.a4.v1,0.5643657282673155
Glyma.19G010300.Wm82.a4.v1,0.5643143645609103
Glyma.16G179200.Wm82.a4.v1,0.5642770091380703
Glyma.08G349200.Wm82.a4.v1,0.5642583314266503
Glyma.07G105400.Wm82.a4.v1,0.5642536619987953
Glyma.15G130100.Wm82.a4.v1,0.5642116371481003
Glyma.19G216200.Wm82.a4.v1,0.5642116371481003
Glyma.16G067000.Wm82.a4.v1,0.5641742817252602
Glyma.10G240700.Wm82.a4.v1,0.5641649428695502
Glyma.19G072800.Wm82.a4.v1,0.5641509345859852
Glyma.02G305100.Wm82.a4.v1,0.5641415957302752
Glyma.10G092700.Wm82.a4.v1,0.5641369263024202
Glyma.13G130100.Wm82.a4.v1,0.5641182485910001
Glyma.01G177700.Wm82.a4.v1,0.5641135791631451
Glyma.05G181700.Wm82.a4.v1,0.56407155431245
Glyma.08G238200.Wm82.a4.v1,0.56407155431245
Glyma.03G175200.Wm82.a4.v1,0.56391279376538
Glyma.04G130200.Wm82.a4.v1,0.5638847771982499
Glyma.13G041500.Wm82.a4.v1,0.5638287440639899
Glyma.17G235300.Wm82.a4.v1,0.5637867192132948
Glyma.14G131700.Wm82.a4.v1,0.5637680415018748
Glyma.11G078800.Wm82.a4.v1,0.5637633720740197
Glyma.05G243400.Wm82.a4.v1,0.5637026695119047
Glyma.13G247300.Wm82.a4.v1,0.5636839918004847
Glyma.01G046700.Wm82.a4.v1,0.5636699835169197
Glyma.14G131300.Wm82.a4.v1,0.5636139503826596
Glyma.03G097000.Wm82.a4.v1,0.5635765949598196
Glyma.17G141400.Wm82.a4.v1,0.5635765949598196
Glyma.15G053400.Wm82.a4.v1,0.5635579172483995
Glyma.06G182600.Wm82.a4.v1,0.5635485783926896
Glyma.06G222400.Wm82.a4.v1,0.5635252312534145
Glyma.02G014100.Wm82.a4.v1,0.5635158923977045
Glyma.11G014900.Wm82.a4.v1,0.5635112229698495
Glyma.15G172500.Wm82.a4.v1,0.5634925452584295
Glyma.07G014400.Wm82.a4.v1,0.5634691981191544
Glyma.13G092800.Wm82.a4.v1,0.5634365121241695
Glyma.19G186100.Wm82.a4.v1,0.5634178344127494
Glyma.01G146900.Wm82.a4.v1,0.5634038261291844
Glyma.04G021000.Wm82.a4.v1,0.5633851484177643
Glyma.07G144300.Wm82.a4.v1,0.5633618012784893
Glyma.01G235300.Wm82.a4.v1,0.5633431235670693
Glyma.02G191100.Wm82.a4.v1,0.5632964292885193
Glyma.U003033.Wm82.a4.v1,0.5632870904328092
Glyma.18G149600.Wm82.a4.v1,0.5632450655821142
Glyma.20G082000.Wm82.a4.v1,0.5632357267264042
Glyma.06G001200.Wm82.a4.v1,0.5632263878706942
Glyma.01G081500.Wm82.a4.v1,0.5632030407314191
Glyma.14G089000.Wm82.a4.v1,0.5631937018757092
Glyma.15G028800.Wm82.a4.v1,0.5631703547364342
Glyma.09G022200.Wm82.a4.v1,0.5631656853085791
Glyma.02G288400.Wm82.a4.v1,0.5631563464528692
Glyma.08G216700.Wm82.a4.v1,0.5631096521743191
Glyma.14G099000.Wm82.a4.v1,0.563104982746464
Glyma.15G158800.Wm82.a4.v1,0.563044280184349
Glyma.01G176800.Wm82.a4.v1,0.563020933045074
Glyma.15G123100.Wm82.a4.v1,0.562997585905799
Glyma.13G301000.Wm82.a4.v1,0.5629835776222339
Glyma.15G259802.Wm82.a4.v1,0.5629835776222339
Glyma.18G017800.Wm82.a4.v1,0.5629835776222339
Glyma.07G213700.Wm82.a4.v1,0.5629695693386689
Glyma.08G095600.Wm82.a4.v1,0.5629555610551039
Glyma.05G183700.Wm82.a4.v1,0.5629462221993939
Glyma.16G097200.Wm82.a4.v1,0.5628995279208439
Glyma.17G161100.Wm82.a4.v1,0.5628621724980039
Glyma.13G096600.Wm82.a4.v1,0.5628388253587288
Glyma.20G159500.Wm82.a4.v1,0.5628294865030188
Glyma.09G044400.Wm82.a4.v1,0.5628108087915987
Glyma.06G112600.Wm82.a4.v1,0.5627921310801788
Glyma.04G256300.Wm82.a4.v1,0.5627314285180637
Glyma.01G031800.Wm82.a4.v1,0.5627174202344987
Glyma.11G138800.Wm82.a4.v1,0.5627174202344987
Glyma.13G125400.Wm82.a4.v1,0.5626146928216885
Glyma.19G129300.Wm82.a4.v1,0.5625679985431385
Glyma.05G010900.Wm82.a4.v1,0.5625213042645885
Glyma.04G053300.Wm82.a4.v1,0.5625072959810234
Glyma.09G072500.Wm82.a4.v1,0.5624465934189083
Glyma.12G094000.Wm82.a4.v1,0.5624419239910534
Glyma.01G111300.Wm82.a4.v1,0.5624232462796334
Glyma.19G129000.Wm82.a4.v1,0.5623812214289383
Glyma.06G012000.Wm82.a4.v1,0.5623765520010833
Glyma.01G212900.Wm82.a4.v1,0.5623251882946783
Glyma.11G199900.Wm82.a4.v1,0.5623158494389683
Glyma.04G197900.Wm82.a4.v1,0.5623065105832582
Glyma.07G123900.Wm82.a4.v1,0.5622925022996932
Glyma.20G060900.Wm82.a4.v1,0.5622784940161282
Glyma.02G295900.Wm82.a4.v1,0.5622691551604182
Glyma.05G032400.Wm82.a4.v1,0.5622691551604182
Glyma.08G292800.Wm82.a4.v1,0.5622504774489981
Glyma.06G320400.Wm82.a4.v1,0.5622458080211432
Glyma.06G097400.Wm82.a4.v1,0.562152419464043
Glyma.19G213300.Wm82.a4.v1,0.562138411180478
Glyma.02G205500.Wm82.a4.v1,0.562096386329783
Glyma.03G228300.Wm82.a4.v1,0.562073039190508
Glyma.16G030700.Wm82.a4.v1,0.562059030906943
Glyma.19G148000.Wm82.a4.v1,0.5620543614790879
Glyma.17G112100.Wm82.a4.v1,0.562035683767668
Glyma.02G094100.Wm82.a4.v1,0.562031014339813
Glyma.08G067600.Wm82.a4.v1,0.5619889894891179
Glyma.01G041300.Wm82.a4.v1,0.5619236174991479
Glyma.05G124100.Wm82.a4.v1,0.5618956009320178
Glyma.20G226700.Wm82.a4.v1,0.5618862620763078
Glyma.05G240600.Wm82.a4.v1,0.5618535760813228
Glyma.11G241300.Wm82.a4.v1,0.5617741958077876
Glyma.11G121600.Wm82.a4.v1,0.5617508486685127
Glyma.13G154600.Wm82.a4.v1,0.5616667989671226
Glyma.04G220000.Wm82.a4.v1,0.5616527906835576
Glyma.12G064400.Wm82.a4.v1,0.5615874186935875
Glyma.08G239300.Wm82.a4.v1,0.5615640715543124
Glyma.16G009500.Wm82.a4.v1,0.5615500632707474
Glyma.20G204100.Wm82.a4.v1,0.5615313855593275
Glyma.08G337600.Wm82.a4.v1,0.5614800218529223
Glyma.05G243500.Wm82.a4.v1,0.5614379970022273
Glyma.12G141400.Wm82.a4.v1,0.5614099804350973
Glyma.01G016900.Wm82.a4.v1,0.5613913027236773
Glyma.08G104400.Wm82.a4.v1,0.5613165918779972
Glyma.16G062800.Wm82.a4.v1,0.5612558893158821
Glyma.07G218900.Wm82.a4.v1,0.5612372116044622
Glyma.02G091900.Wm82.a4.v1,0.561209195037332
Glyma.13G201200.Wm82.a4.v1,0.561167170186637
Glyma.09G084800.Wm82.a4.v1,0.561153161903072
Glyma.08G126400.Wm82.a4.v1,0.5610504344902619
Glyma.04G231600.Wm82.a4.v1,0.5609944013560019
Glyma.11G072200.Wm82.a4.v1,0.5608636573760617
Glyma.12G174200.Wm82.a4.v1,0.5608216325253667
Glyma.17G254400.Wm82.a4.v1,0.5607469216796865
Glyma.07G252700.Wm82.a4.v1,0.5607142356847016
Glyma.15G125400.Wm82.a4.v1,0.5606955579732815
Glyma.17G095633.Wm82.a4.v1,0.5606768802618615
Glyma.20G078300.Wm82.a4.v1,0.5606582025504415
Glyma.19G169000.Wm82.a4.v1,0.5606021694161815
Glyma.10G286400.Wm82.a4.v1,0.5605974999883264
Glyma.07G107300.Wm82.a4.v1,0.5605484709958489
Glyma.13G161800.Wm82.a4.v1,0.5604994420033713
Glyma.08G319800.Wm82.a4.v1,0.5604947725755163
Glyma.18G284300.Wm82.a4.v1,0.5604901031476613
Glyma.14G073000.Wm82.a4.v1,0.5604901031476613
Glyma.07G175000.Wm82.a4.v1,0.5604760948640963
Glyma.16G182500.Wm82.a4.v1,0.5604387394412562
Glyma.04G024300.Wm82.a4.v1,0.5604060534462713
Glyma.10G222200.Wm82.a4.v1,0.5603640285955762
Glyma.09G266500.Wm82.a4.v1,0.5603453508841562
Glyma.04G066800.Wm82.a4.v1,0.5603453508841562
Glyma.06G128700.Wm82.a4.v1,0.5602893177498961
Glyma.13G253700.Wm82.a4.v1,0.5602776441802586
Glyma.08G261800.Wm82.a4.v1,0.5602753094663311
Glyma.18G244800.Wm82.a4.v1,0.5601025406356959
Glyma.08G020300.Wm82.a4.v1,0.5600932017799859
Glyma.12G028800.Wm82.a4.v1,0.5600932017799859
Glyma.14G193500.Wm82.a4.v1,0.5600838629242759
Glyma.18G041500.Wm82.a4.v1,0.5600558463571459
Glyma.07G232800.Wm82.a4.v1,0.5600278297900159
Glyma.13G186600.Wm82.a4.v1,0.5600278297900159
Glyma.03G076900.Wm82.a4.v1,0.5600044826507408
Glyma.11G126900.Wm82.a4.v1,0.5599834702253933
Glyma.05G062300.Wm82.a4.v1,0.5599764660836107
Glyma.05G005600.Wm82.a4.v1,0.5599391106607707
Glyma.01G012400.Wm82.a4.v1,0.5599204329493507
Glyma.18G188700.Wm82.a4.v1,0.5597616724022806
Glyma.13G166500.Wm82.a4.v1,0.5597429946908605
Glyma.01G013600.Wm82.a4.v1,0.5596729532730355
Glyma.04G096200.Wm82.a4.v1,0.5596449367059054
Glyma.01G243100.Wm82.a4.v1,0.5596075812830654
Glyma.02G260500.Wm82.a4.v1,0.5596029118552104
Glyma.09G161900.Wm82.a4.v1,0.5595935729995004
Glyma.04G097400.Wm82.a4.v1,0.5595562175766603
Glyma.15G165700.Wm82.a4.v1,0.5595468787209503
Glyma.08G290100.Wm82.a4.v1,0.5595422092930953
Glyma.17G009400.Wm82.a4.v1,0.5594908455866903
Glyma.09G268000.Wm82.a4.v1,0.5594721678752702
Glyma.05G203800.Wm82.a4.v1,0.5594348124524302
Glyma.08G137600.Wm82.a4.v1,0.5594067958853002
Glyma.20G195000.Wm82.a4.v1,0.5594021264574451
Glyma.01G235700.Wm82.a4.v1,0.5593647710346051
Glyma.09G188500.Wm82.a4.v1,0.5593367544674751
Glyma.17G166700.Wm82.a4.v1,0.55930406847249
Glyma.05G077800.Wm82.a4.v1,0.5592993990446351
Glyma.19G234300.Wm82.a4.v1,0.5592947296167801
Glyma.06G308000.Wm82.a4.v1,0.559290060188925
Glyma.11G126200.Wm82.a4.v1,0.55926671304965
Glyma.07G077100.Wm82.a4.v1,0.559234027054665
Glyma.12G017200.Wm82.a4.v1,0.5591499773532749
Glyma.15G171800.Wm82.a4.v1,0.5591406384975649
Glyma.10G166500.Wm82.a4.v1,0.5591359690697099
Glyma.11G202700.Wm82.a4.v1,0.5591312996418549
Glyma.13G360400.Wm82.a4.v1,0.5591172913582899
Glyma.07G073800.Wm82.a4.v1,0.5590916095050873
Glyma.02G049100.Wm82.a4.v1,0.5590659276518848
Glyma.13G131200.Wm82.a4.v1,0.5590519193683198
Glyma.06G310200.Wm82.a4.v1,0.5590285722290448
Glyma.18G271700.Wm82.a4.v1,0.5590192333733348
Glyma.11G017100.Wm82.a4.v1,0.5589865473783497
Glyma.08G350600.Wm82.a4.v1,0.5589818779504947
Glyma.04G004500.Wm82.a4.v1,0.5589491919555097
Glyma.16G210900.Wm82.a4.v1,0.5589398530997997
Glyma.10G206100.Wm82.a4.v1,0.5588978282491046
Glyma.07G197200.Wm82.a4.v1,0.5588651422541197
Glyma.17G075300.Wm82.a4.v1,0.5587997702641495
Glyma.10G165900.Wm82.a4.v1,0.5587997702641495
Glyma.04G026100.Wm82.a4.v1,0.5587670842691645
Glyma.03G207200.Wm82.a4.v1,0.5587063817070494
Glyma.08G241300.Wm82.a4.v1,0.5586783651399194
Glyma.20G166800.Wm82.a4.v1,0.5585803071549643
Glyma.05G122900.Wm82.a4.v1,0.5585803071549643
Glyma.01G187200.Wm82.a4.v1,0.5585662988713993
Glyma.06G066900.Wm82.a4.v1,0.5585616294435443
Glyma.09G160100.Wm82.a4.v1,0.5585616294435443
Glyma.16G078300.Wm82.a4.v1,0.5585616294435443
Glyma.10G195600.Wm82.a4.v1,0.5584962574535742
Glyma.12G068100.Wm82.a4.v1,0.5584729103142992
Glyma.01G233200.Wm82.a4.v1,0.5584355548914591
Glyma.03G016500.Wm82.a4.v1,0.5583795217571991
Glyma.13G182500.Wm82.a4.v1,0.5583701829014891
Glyma.13G045600.Wm82.a4.v1,0.5583561746179241
Glyma.05G130700.Wm82.a4.v1,0.558328158050794
Glyma.08G196400.Wm82.a4.v1,0.558309480339374
Glyma.20G159100.Wm82.a4.v1,0.558300141483664
Glyma.19G230000.Wm82.a4.v1,0.558272124916534
Glyma.16G167500.Wm82.a4.v1,0.558244108349404
Glyma.02G128500.Wm82.a4.v1,0.5582394389215489
Glyma.14G164600.Wm82.a4.v1,0.5582324347797665
Glyma.09G017000.Wm82.a4.v1,0.5581507197923038
Glyma.11G031100.Wm82.a4.v1,0.5581413809365938
Glyma.08G137200.Wm82.a4.v1,0.5581180337973188
Glyma.10G032900.Wm82.a4.v1,0.5581086949416088
Glyma.17G076400.Wm82.a4.v1,0.5581086949416088
Glyma.03G059200.Wm82.a4.v1,0.5580433229516387
Glyma.15G050200.Wm82.a4.v1,0.5579452649666836
Glyma.05G135400.Wm82.a4.v1,0.5579125789716985
Glyma.20G112200.Wm82.a4.v1,0.5579032401159886
Glyma.14G114000.Wm82.a4.v1,0.5578939012602786
Glyma.05G141900.Wm82.a4.v1,0.5578798929767136
Glyma.02G292500.Wm82.a4.v1,0.5578518764095836
Glyma.05G067300.Wm82.a4.v1,0.5578378681260185
Glyma.14G020200.Wm82.a4.v1,0.5578285292703085
Glyma.10G095500.Wm82.a4.v1,0.5578098515588885
Glyma.18G005400.Wm82.a4.v1,0.5577211324296434
Glyma.14G028100.Wm82.a4.v1,0.5577164630017883
Glyma.13G168100.Wm82.a4.v1,0.5577071241460784
Glyma.15G014800.Wm82.a4.v1,0.5576837770068034
Glyma.12G052000.Wm82.a4.v1,0.5576744381510933
Glyma.01G090102.Wm82.a4.v1,0.5576744381510933
Glyma.16G042800.Wm82.a4.v1,0.5576650992953833
Glyma.05G215300.Wm82.a4.v1,0.5576417521561083
Glyma.05G004500.Wm82.a4.v1,0.5576043967332682
Glyma.09G043800.Wm82.a4.v1,0.5576043967332682
Glyma.09G088500.Wm82.a4.v1,0.5575623718825732
Glyma.15G153800.Wm82.a4.v1,0.5575203470318781
Glyma.08G335300.Wm82.a4.v1,0.557398941907648
Glyma.07G072300.Wm82.a4.v1,0.557333569917678
Glyma.08G113000.Wm82.a4.v1,0.5572822062112729
Glyma.12G186400.Wm82.a4.v1,0.5572588590719979
Glyma.20G092000.Wm82.a4.v1,0.5572215036491579
Glyma.01G139000.Wm82.a4.v1,0.5572028259377378
Glyma.02G138700.Wm82.a4.v1,0.5571794787984629
Glyma.19G011900.Wm82.a4.v1,0.5571794787984629
Glyma.11G072500.Wm82.a4.v1,0.5571748093706078
Glyma.08G129900.Wm82.a4.v1,0.5571748093706078
Glyma.20G143100.Wm82.a4.v1,0.5571608010870428
Glyma.03G058000.Wm82.a4.v1,0.5571514622313328
Glyma.02G163300.Wm82.a4.v1,0.5571141068084927
Glyma.16G151700.Wm82.a4.v1,0.5571094373806378
Glyma.11G236400.Wm82.a4.v1,0.5569693545449876
Glyma.09G156800.Wm82.a4.v1,0.5569506768335676
Glyma.13G314500.Wm82.a4.v1,0.5568993131271626
Glyma.12G099000.Wm82.a4.v1,0.5568666271321775
Glyma.06G171500.Wm82.a4.v1,0.5567452220079474
Glyma.17G149300.Wm82.a4.v1,0.5566565028787023
Glyma.09G206600.Wm82.a4.v1,0.5565771226051672
Glyma.19G245700.Wm82.a4.v1,0.5565491060380372
Glyma.20G219700.Wm82.a4.v1,0.5565397671823271
Glyma.06G128900.Wm82.a4.v1,0.5564790646202121
Glyma.08G063400.Wm82.a4.v1,0.5564743951923571
Glyma.04G147700.Wm82.a4.v1,0.556441709197372
Glyma.12G043000.Wm82.a4.v1,0.556427700913807
Glyma.13G341600.Wm82.a4.v1,0.556413692630242
Glyma.11G084700.Wm82.a4.v1,0.556390345490967
Glyma.13G119500.Wm82.a4.v1,0.5563576594959819
Glyma.09G049900.Wm82.a4.v1,0.5563343123567069
Glyma.17G201000.Wm82.a4.v1,0.5563343123567069
Glyma.10G219500.Wm82.a4.v1,0.556324973500997
Glyma.20G198500.Wm82.a4.v1,0.556310965217432
Glyma.10G035300.Wm82.a4.v1,0.5562922875060119
Glyma.13G153052.Wm82.a4.v1,0.5562502626553169
Glyma.08G175600.Wm82.a4.v1,0.5562222460881868
Glyma.08G067100.Wm82.a4.v1,0.5562129072324768
Glyma.19G236400.Wm82.a4.v1,0.5561662129539268
Glyma.07G271300.Wm82.a4.v1,0.5560961715361017
Glyma.12G193600.Wm82.a4.v1,0.5560634855411166
Glyma.19G239400.Wm82.a4.v1,0.5559794358397265
Glyma.06G255200.Wm82.a4.v1,0.5559327415611766
Glyma.09G063100.Wm82.a4.v1,0.5559000555661915
Glyma.13G294100.Wm82.a4.v1,0.5558907167104815
Glyma.17G088900.Wm82.a4.v1,0.5557086090241363
Glyma.10G023800.Wm82.a4.v1,0.5557039395962813
Glyma.11G103200.Wm82.a4.v1,0.5556946007405713
Glyma.09G267800.Wm82.a4.v1,0.5556852618848612
Glyma.18G003900.Wm82.a4.v1,0.5556619147455862
Glyma.19G248000.Wm82.a4.v1,0.5556619147455862
Glyma.01G054300.Wm82.a4.v1,0.5556338981784562
Glyma.08G077500.Wm82.a4.v1,0.5555731956163411
Glyma.13G051100.Wm82.a4.v1,0.5555638567606311
Glyma.13G130400.Wm82.a4.v1,0.5555451790492111
Glyma.07G010800.Wm82.a4.v1,0.5554564599199661
Glyma.07G239700.Wm82.a4.v1,0.555428443352836
Glyma.20G247850.Wm82.a4.v1,0.555428443352836
Glyma.07G266400.Wm82.a4.v1,0.5553864185021409
Glyma.18G092300.Wm82.a4.v1,0.555381749074286
Glyma.07G256800.Wm82.a4.v1,0.5553724102185759
Glyma.07G053600.Wm82.a4.v1,0.5553584019350108
Glyma.14G128900.Wm82.a4.v1,0.5553397242235909
Glyma.05G185700.Wm82.a4.v1,0.5553257159400259
Glyma.14G150400.Wm82.a4.v1,0.5553210465121708
Glyma.19G017300.Wm82.a4.v1,0.5553117076564609
Glyma.10G236500.Wm82.a4.v1,0.5552883605171858
Glyma.02G277700.Wm82.a4.v1,0.5552650133779108
Glyma.16G207100.Wm82.a4.v1,0.5552463356664907
Glyma.03G158500.Wm82.a4.v1,0.5552229885272157
Glyma.17G155100.Wm82.a4.v1,0.5551949719600857
Glyma.11G029800.Wm82.a4.v1,0.5551949719600857
Glyma.09G259000.Wm82.a4.v1,0.5551762942486657
Glyma.10G203700.Wm82.a4.v1,0.5551202611144056
Glyma.20G228200.Wm82.a4.v1,0.5551015834029857
Glyma.14G010500.Wm82.a4.v1,0.5550688974080006
Glyma.14G008300.Wm82.a4.v1,0.5550315419851606
Glyma.05G017900.Wm82.a4.v1,0.5549988559901755
Glyma.05G020500.Wm82.a4.v1,0.5549755088509005
Glyma.01G136100.Wm82.a4.v1,0.5549661699951904
Glyma.17G245600.Wm82.a4.v1,0.5549615005673355
Glyma.06G091651.Wm82.a4.v1,0.5549381534280604
Glyma.12G186952.Wm82.a4.v1,0.5549381534280604
Glyma.13G161700.Wm82.a4.v1,0.5549007980052204
Glyma.01G202000.Wm82.a4.v1,0.5548541037266703
Glyma.04G135000.Wm82.a4.v1,0.5548447648709603
Glyma.14G057000.Wm82.a4.v1,0.5548097441620479
Glyma.03G224400.Wm82.a4.v1,0.5548074094481203
Glyma.08G276900.Wm82.a4.v1,0.5547653845974253
Glyma.05G053000.Wm82.a4.v1,0.5546813348960352
Glyma.06G170200.Wm82.a4.v1,0.5545832769110801
Glyma.17G205100.Wm82.a4.v1,0.5545786074832251
Glyma.08G003100.Wm82.a4.v1,0.55454592148824
Glyma.05G176400.Wm82.a4.v1,0.554513235493255
Glyma.18G234600.Wm82.a4.v1,0.5545085660654
Glyma.10G287600.Wm82.a4.v1,0.5545085660654
Glyma.18G234800.Wm82.a4.v1,0.5544525329311399
Glyma.17G204300.Wm82.a4.v1,0.5543684832297499
Glyma.09G116200.Wm82.a4.v1,0.5543264583790548
Glyma.08G040000.Wm82.a4.v1,0.5543077806676348
Glyma.01G210200.Wm82.a4.v1,0.5541817061155496
Glyma.17G025600.Wm82.a4.v1,0.5541770366876947
Glyma.13G058800.Wm82.a4.v1,0.5541770366876947
Glyma.06G228700.Wm82.a4.v1,0.5541256729812896
Glyma.17G081400.Wm82.a4.v1,0.5541023258420146
Glyma.01G197800.Wm82.a4.v1,0.5541023258420146
Glyma.10G057000.Wm82.a4.v1,0.5540462927077545
Glyma.03G056500.Wm82.a4.v1,0.5540369538520445
Glyma.12G154400.Wm82.a4.v1,0.5539809207177845
Glyma.07G151000.Wm82.a4.v1,0.5539809207177845
Glyma.08G294100.Wm82.a4.v1,0.5539762512899294
Glyma.12G182700.Wm82.a4.v1,0.5539248875835244
Glyma.18G030200.Wm82.a4.v1,0.5538922015885394
Glyma.08G176800.Wm82.a4.v1,0.5538828627328294
Glyma.10G018300.Wm82.a4.v1,0.5538688544492644
Glyma.08G021200.Wm82.a4.v1,0.5538268295985693
Glyma.05G229900.Wm82.a4.v1,0.5537988130314393
Glyma.09G021400.Wm82.a4.v1,0.5537521187528892
Glyma.15G093300.Wm82.a4.v1,0.5537427798971792
Glyma.14G180400.Wm82.a4.v1,0.5537241021857592
Glyma.13G276100.Wm82.a4.v1,0.5536960856186292
Glyma.20G244100.Wm82.a4.v1,0.5536960856186292
Glyma.11G228400.Wm82.a4.v1,0.5536914161907741
Glyma.14G084700.Wm82.a4.v1,0.5536727384793542
Glyma.20G052500.Wm82.a4.v1,0.5536447219122241
Glyma.17G233800.Wm82.a4.v1,0.5536307136286591
Glyma.03G242300.Wm82.a4.v1,0.553598027633674
Glyma.11G155900.Wm82.a4.v1,0.5535746804943991
Glyma.02G204900.Wm82.a4.v1,0.553570011066544
Glyma.04G092400.Wm82.a4.v1,0.553570011066544
Glyma.12G224900.Wm82.a4.v1,0.5535233167879939
Glyma.15G037400.Wm82.a4.v1,0.5534859613651539
Glyma.19G255600.Wm82.a4.v1,0.5533925728080539
Glyma.10G038100.Wm82.a4.v1,0.5533365396737938
Glyma.03G076100.Wm82.a4.v1,0.5533038536788087
Glyma.10G194700.Wm82.a4.v1,0.5532711676838237
Glyma.13G186500.Wm82.a4.v1,0.5532664982559687
Glyma.03G205900.Wm82.a4.v1,0.5532338122609837
Glyma.06G081900.Wm82.a4.v1,0.5532338122609837
Glyma.19G004600.Wm82.a4.v1,0.5532291428331286
Glyma.07G087000.Wm82.a4.v1,0.5532244734052737
Glyma.03G076500.Wm82.a4.v1,0.5532057956938536
Glyma.07G024100.Wm82.a4.v1,0.5530890599974785
Glyma.15G222400.Wm82.a4.v1,0.5530610434303485
Glyma.02G267900.Wm82.a4.v1,0.5530610434303485
Glyma.10G123400.Wm82.a4.v1,0.5530423657189285
Glyma.13G197500.Wm82.a4.v1,0.5530190185796534
Glyma.03G123300.Wm82.a4.v1,0.5528882745997133
Glyma.17G094200.Wm82.a4.v1,0.5528509191768732
Glyma.12G081900.Wm82.a4.v1,0.5528415803211633
Glyma.08G313000.Wm82.a4.v1,0.5528392456072357
Glyma.17G106000.Wm82.a4.v1,0.5528229026097432
Glyma.08G058100.Wm82.a4.v1,0.5527995554704682
Glyma.09G009400.Wm82.a4.v1,0.5527902166147582
Glyma.05G068200.Wm82.a4.v1,0.5527108363412231
Glyma.19G157300.Wm82.a4.v1,0.5526431296373255
Glyma.09G091700.Wm82.a4.v1,0.552547406366298
Glyma.08G356100.Wm82.a4.v1,0.552524059227023
Glyma.03G264500.Wm82.a4.v1,0.5525053815156029
Glyma.11G139700.Wm82.a4.v1,0.5525007120877479
Glyma.06G277500.Wm82.a4.v1,0.5524726955206178
Glyma.07G119500.Wm82.a4.v1,0.5524400095256328
Glyma.07G230300.Wm82.a4.v1,0.5524213318142128
Glyma.13G277200.Wm82.a4.v1,0.5524073235306478
Glyma.20G020800.Wm82.a4.v1,0.5524026541027928
Glyma.10G019100.Wm82.a4.v1,0.5523886458192278
Glyma.05G210300.Wm82.a4.v1,0.5523839763913727
Glyma.04G145000.Wm82.a4.v1,0.5523652986799528
Glyma.05G238600.Wm82.a4.v1,0.5523326126849677
Glyma.14G223100.Wm82.a4.v1,0.5523279432571127
Glyma.04G249300.Wm82.a4.v1,0.5523045961178377
Glyma.09G105000.Wm82.a4.v1,0.5522812489785627
Glyma.05G123200.Wm82.a4.v1,0.5522625712671426
Glyma.10G057100.Wm82.a4.v1,0.5522158769885925
Glyma.19G006900.Wm82.a4.v1,0.5521645132821875
Glyma.13G124500.Wm82.a4.v1,0.5521458355707675
Glyma.08G346000.Wm82.a4.v1,0.5521364967150575
Glyma.05G122100.Wm82.a4.v1,0.5521038107200724
Glyma.09G060300.Wm82.a4.v1,0.5520804635807974
Glyma.03G237800.Wm82.a4.v1,0.5519824055958423
Glyma.09G000500.Wm82.a4.v1,0.5519824055958423
Glyma.09G033400.Wm82.a4.v1,0.5519310418894373
Glyma.13G286700.Wm82.a4.v1,0.5518843476108872
Glyma.07G232200.Wm82.a4.v1,0.5517956284816421
Glyma.17G038000.Wm82.a4.v1,0.5517909590537872
Glyma.15G084400.Wm82.a4.v1,0.5517582730588021
Glyma.02G093600.Wm82.a4.v1,0.551739595347382
Glyma.19G065700.Wm82.a4.v1,0.551725587063817
Glyma.14G096000.Wm82.a4.v1,0.5516929010688321
Glyma.06G182500.Wm82.a4.v1,0.551688231640977
Glyma.04G234500.Wm82.a4.v1,0.5516275290788619
Glyma.11G116600.Wm82.a4.v1,0.5516041819395869
Glyma.06G128100.Wm82.a4.v1,0.5515901736560219
Glyma.17G131100.Wm82.a4.v1,0.5515761653724569
Glyma.14G199000.Wm82.a4.v1,0.5514827768153568
Glyma.07G085500.Wm82.a4.v1,0.5514080659696767
Glyma.05G195700.Wm82.a4.v1,0.5513333551239966
Glyma.14G036700.Wm82.a4.v1,0.5513053385568666
Glyma.15G064700.Wm82.a4.v1,0.5512586442783166
Glyma.12G222600.Wm82.a4.v1,0.5511932722883465
Glyma.06G052500.Wm82.a4.v1,0.5511792640047815
Glyma.03G180700.Wm82.a4.v1,0.5511465780097965
Glyma.08G336200.Wm82.a4.v1,0.5511419085819415
Glyma.14G083900.Wm82.a4.v1,0.5511325697262315
Glyma.10G178000.Wm82.a4.v1,0.5511279002983764
Glyma.19G111600.Wm82.a4.v1,0.5511138920148114
Glyma.05G054500.Wm82.a4.v1,0.5510905448755364
Glyma.01G162800.Wm82.a4.v1,0.5510905448755364
Glyma.10G124800.Wm82.a4.v1,0.5510765365919714
Glyma.16G092500.Wm82.a4.v1,0.5509924868905813
Glyma.18G182500.Wm82.a4.v1,0.5509504620398863
Glyma.16G176300.Wm82.a4.v1,0.5509177760449012
Glyma.16G016300.Wm82.a4.v1,0.5509037677613362
Glyma.04G154300.Wm82.a4.v1,0.5509037677613362
Glyma.19G249500.Wm82.a4.v1,0.5508383957713662
Glyma.04G003800.Wm82.a4.v1,0.550716990647136
Glyma.06G184200.Wm82.a4.v1,0.550684304652151
Glyma.15G273500.Wm82.a4.v1,0.5506095938064709
Glyma.15G193200.Wm82.a4.v1,0.5506002549507609
Glyma.07G228200.Wm82.a4.v1,0.5505862466671959
Glyma.15G127300.Wm82.a4.v1,0.5505582301000659
Glyma.04G101400.Wm82.a4.v1,0.5505535606722108
Glyma.18G077500.Wm82.a4.v1,0.5505302135329359
Glyma.18G153100.Wm82.a4.v1,0.5504601721151108
Glyma.04G071500.Wm82.a4.v1,0.5504274861201257
Glyma.02G051600.Wm82.a4.v1,0.5504274861201257
Glyma.14G066200.Wm82.a4.v1,0.5503574447023006
Glyma.15G085200.Wm82.a4.v1,0.5503527752744456
Glyma.03G250300.Wm82.a4.v1,0.5503014115680406
Glyma.16G008950.Wm82.a4.v1,0.5503014115680406
Glyma.18G252000.Wm82.a4.v1,0.5502173618666505
Glyma.05G063100.Wm82.a4.v1,0.5501659981602455
Glyma.08G139900.Wm82.a4.v1,0.5501286427374054
Glyma.17G144700.Wm82.a4.v1,0.5499558739067703
Glyma.13G246800.Wm82.a4.v1,0.5499465350510602
Glyma.10G094400.Wm82.a4.v1,0.5499138490560752
Glyma.18G298200.Wm82.a4.v1,0.5498764936332351
Glyma.08G346200.Wm82.a4.v1,0.5498531464939601
Glyma.07G034600.Wm82.a4.v1,0.549745749653295
Glyma.14G141400.Wm82.a4.v1,0.5497037248026
Glyma.09G258100.Wm82.a4.v1,0.5497037248026
Glyma.15G187700.Wm82.a4.v1,0.549689716519035
Glyma.02G005000.Wm82.a4.v1,0.5496803776633249
Glyma.13G263200.Wm82.a4.v1,0.5496430222404849
Glyma.03G020100.Wm82.a4.v1,0.5496196751012099
Glyma.03G235100.Wm82.a4.v1,0.5495776502505149
Glyma.20G007400.Wm82.a4.v1,0.5495636419669498
Glyma.14G050700.Wm82.a4.v1,0.5495309559719648
Glyma.15G135900.Wm82.a4.v1,0.5495309559719648
Glyma.01G243600.Wm82.a4.v1,0.5495076088326897
Glyma.17G056700.Wm82.a4.v1,0.5495029394048347
Glyma.20G248500.Wm82.a4.v1,0.5494982699769797
Glyma.03G049700.Wm82.a4.v1,0.5494842616934147
Glyma.16G092200.Wm82.a4.v1,0.5494795922655596
Glyma.13G204400.Wm82.a4.v1,0.5494609145541397
Glyma.18G221700.Wm82.a4.v1,0.5494375674148646
Glyma.06G076900.Wm82.a4.v1,0.5493955425641696
Glyma.03G013400.Wm82.a4.v1,0.5493768648527496
Glyma.03G101000.Wm82.a4.v1,0.5493161622906345
Glyma.12G240400.Wm82.a4.v1,0.5491947571664044
Glyma.12G006400.Wm82.a4.v1,0.5491947571664044
Glyma.16G089300.Wm82.a4.v1,0.5491620711714194
Glyma.17G250400.Wm82.a4.v1,0.5491620711714194
Glyma.14G011800.Wm82.a4.v1,0.5490780214700293
Glyma.18G018600.Wm82.a4.v1,0.5489939717686392
Glyma.13G268000.Wm82.a4.v1,0.5489706246293642
Glyma.08G117000.Wm82.a4.v1,0.5489332692065241
Glyma.17G050100.Wm82.a4.v1,0.5488585583608441
Glyma.08G343900.Wm82.a4.v1,0.548835211221569
Glyma.13G245700.Wm82.a4.v1,0.548835211221569
Glyma.04G207300.Wm82.a4.v1,0.548830541793714
Glyma.17G205300.Wm82.a4.v1,0.548797855798729
Glyma.03G027500.Wm82.a4.v1,0.5487931863708739
Glyma.02G295500.Wm82.a4.v1,0.5487558309480339
Glyma.16G194600.Wm82.a4.v1,0.548746492092324
Glyma.18G149300.Wm82.a4.v1,0.5486064092566738
Glyma.06G309300.Wm82.a4.v1,0.5485924009731088
Glyma.19G115100.Wm82.a4.v1,0.5485690538338337
Glyma.06G231200.Wm82.a4.v1,0.5485503761224138
Glyma.18G020900.Wm82.a4.v1,0.5485176901274287
Glyma.13G098500.Wm82.a4.v1,0.5484990124160086
Glyma.13G245500.Wm82.a4.v1,0.5484990124160086
Glyma.10G014700.Wm82.a4.v1,0.5484943429881537
Glyma.04G080900.Wm82.a4.v1,0.5484196321424736
Glyma.14G132600.Wm82.a4.v1,0.5484102932867636
Glyma.10G184800.Wm82.a4.v1,0.5483776072917785
Glyma.02G084900.Wm82.a4.v1,0.5483729378639235
Glyma.01G231600.Wm82.a4.v1,0.5483682684360686
Glyma.08G002900.Wm82.a4.v1,0.5483075658739535
Glyma.03G073300.Wm82.a4.v1,0.5482562021675484
Glyma.06G313200.Wm82.a4.v1,0.5482071731750708
Glyma.10G216600.Wm82.a4.v1,0.5481954996054333
Glyma.19G205700.Wm82.a4.v1,0.5481161193318983
Glyma.10G288600.Wm82.a4.v1,0.5481161193318983
Glyma.01G089900.Wm82.a4.v1,0.5480787639090582
Glyma.10G260400.Wm82.a4.v1,0.5480787639090582
Glyma.03G151500.Wm82.a4.v1,0.5480740944812033
Glyma.18G038600.Wm82.a4.v1,0.5480647556254932
Glyma.18G247400.Wm82.a4.v1,0.5480367390583631
Glyma.03G198800.Wm82.a4.v1,0.5480320696305082
Glyma.08G270701.Wm82.a4.v1,0.5480180613469432
Glyma.08G016300.Wm82.a4.v1,0.547952689356973
Glyma.17G161800.Wm82.a4.v1,0.547901325650568
Glyma.01G106600.Wm82.a4.v1,0.547859300799873
Glyma.14G016900.Wm82.a4.v1,0.547845292516308
Glyma.12G128600.Wm82.a4.v1,0.5478032676656129
Glyma.04G185600.Wm82.a4.v1,0.5477985982377579
Glyma.19G104300.Wm82.a4.v1,0.5477285568199328
Glyma.11G142700.Wm82.a4.v1,0.5477145485363678
Glyma.17G109700.Wm82.a4.v1,0.5476958708249479
Glyma.12G061900.Wm82.a4.v1,0.5476958708249479
Glyma.13G009100.Wm82.a4.v1,0.5476818625413828
Glyma.02G186300.Wm82.a4.v1,0.5476678542578178
Glyma.10G242500.Wm82.a4.v1,0.5475277714221677
Glyma.09G035400.Wm82.a4.v1,0.5475137631386027
Glyma.09G213600.Wm82.a4.v1,0.5474764077157626
Glyma.04G019700.Wm82.a4.v1,0.5474297134372126
Glyma.07G036200.Wm82.a4.v1,0.5474063662979375
Glyma.07G045900.Wm82.a4.v1,0.5473923580143725
Glyma.02G000100.Wm82.a4.v1,0.5472289280394473
Glyma.19G116400.Wm82.a4.v1,0.5471728949051873
Glyma.13G030500.Wm82.a4.v1,0.5471682254773322
Glyma.02G188000.Wm82.a4.v1,0.5471308700544922
Glyma.11G138900.Wm82.a4.v1,0.5470888452037972
Glyma.06G312400.Wm82.a4.v1,0.5470328120695371
Glyma.09G224300.Wm82.a4.v1,0.5470281426416821
Glyma.06G103000.Wm82.a4.v1,0.5469534317960021
Glyma.09G188300.Wm82.a4.v1,0.5469534317960021
Glyma.13G239900.Wm82.a4.v1,0.5469534317960021
Glyma.08G140500.Wm82.a4.v1,0.546878720950322
Glyma.10G139400.Wm82.a4.v1,0.546864712666757
Glyma.03G127200.Wm82.a4.v1,0.5468133489603519
Glyma.06G114100.Wm82.a4.v1,0.5468086795324969
Glyma.15G254600.Wm82.a4.v1,0.5467900018210768
Glyma.06G097700.Wm82.a4.v1,0.5467853323932219
Glyma.15G007000.Wm82.a4.v1,0.5467713241096569
Glyma.15G092200.Wm82.a4.v1,0.5467573158260919
Glyma.11G094000.Wm82.a4.v1,0.5467433075425269
Glyma.09G017700.Wm82.a4.v1,0.5467433075425269
Glyma.06G047000.Wm82.a4.v1,0.5466826049804118
Glyma.08G149700.Wm82.a4.v1,0.5466826049804118
Glyma.06G221300.Wm82.a4.v1,0.5466592578411368
Glyma.09G165400.Wm82.a4.v1,0.5465191750054865
Glyma.01G132400.Wm82.a4.v1,0.5464724807269365
Glyma.13G116800.Wm82.a4.v1,0.5464631418712265
Glyma.09G206400.Wm82.a4.v1,0.5464538030155165
Glyma.12G020100.Wm82.a4.v1,0.5464117781648214
Glyma.18G131200.Wm82.a4.v1,0.5463697533141264
Glyma.15G184900.Wm82.a4.v1,0.5463323978912864
Glyma.10G292500.Wm82.a4.v1,0.5463137201798663
Glyma.01G014200.Wm82.a4.v1,0.5462810341848813
Glyma.07G106200.Wm82.a4.v1,0.5462763647570263
Glyma.11G102200.Wm82.a4.v1,0.5462623564734613
Glyma.08G010000.Wm82.a4.v1,0.5462576870456063
Glyma.18G059900.Wm82.a4.v1,0.5462063233392013
Glyma.04G023300.Wm82.a4.v1,0.5461829761999262
Glyma.14G060000.Wm82.a4.v1,0.5461642984885062
Glyma.06G069800.Wm82.a4.v1,0.5461549596327961
Glyma.07G181500.Wm82.a4.v1,0.5460242156528561
Glyma.19G064700.Wm82.a4.v1,0.545982190802161
Glyma.14G099700.Wm82.a4.v1,0.545935496523611
Glyma.15G139200.Wm82.a4.v1,0.5459028105286259
Glyma.08G340800.Wm82.a4.v1,0.5457860748322508
Glyma.05G220200.Wm82.a4.v1,0.5457393805537007
Glyma.06G016100.Wm82.a4.v1,0.5457020251308607
Glyma.16G166900.Wm82.a4.v1,0.5456880168472957
Glyma.17G166000.Wm82.a4.v1,0.5456553308523107
Glyma.20G170700.Wm82.a4.v1,0.5456273142851806
Glyma.06G001400.Wm82.a4.v1,0.5455619422952106
Glyma.08G029500.Wm82.a4.v1,0.5454405371709804
Glyma.12G174100.Wm82.a4.v1,0.5454218594595605
Glyma.04G067800.Wm82.a4.v1,0.5454171900317054
Glyma.07G226633.Wm82.a4.v1,0.5453751651810104
Glyma.15G165500.Wm82.a4.v1,0.5453704957531553
Glyma.20G132500.Wm82.a4.v1,0.5452257434896502
Glyma.19G021800.Wm82.a4.v1,0.5452117352060852
Glyma.11G153500.Wm82.a4.v1,0.5451557020718252
Glyma.09G040200.Wm82.a4.v1,0.54502962751974
Glyma.02G296000.Wm82.a4.v1,0.5448615281169599
Glyma.02G302000.Wm82.a4.v1,0.5448101644105547
Glyma.07G164800.Wm82.a4.v1,0.5447961561269897
Glyma.18G264900.Wm82.a4.v1,0.5447774784155698
Glyma.16G195400.Wm82.a4.v1,0.5447494618484398
Glyma.02G092400.Wm82.a4.v1,0.5447354535648747
Glyma.09G001100.Wm82.a4.v1,0.5446980981420346
Glyma.10G051600.Wm82.a4.v1,0.5446233872963546
Glyma.03G170600.Wm82.a4.v1,0.5446140484406445
Glyma.04G035800.Wm82.a4.v1,0.5445673541620946
Glyma.12G075000.Wm82.a4.v1,0.5445626847342395
Glyma.07G089300.Wm82.a4.v1,0.5445580153063845
Glyma.17G000300.Wm82.a4.v1,0.5445346681671095
Glyma.08G187600.Wm82.a4.v1,0.5444646267492844
Glyma.08G295700.Wm82.a4.v1,0.5444459490378644
Glyma.08G196700.Wm82.a4.v1,0.5444459490378644
Glyma.08G343200.Wm82.a4.v1,0.5444132630428794
Glyma.08G159800.Wm82.a4.v1,0.5443899159036043
Glyma.20G234300.Wm82.a4.v1,0.5443572299086193
Glyma.15G176300.Wm82.a4.v1,0.5442965273465042
Glyma.07G007200.Wm82.a4.v1,0.5442965273465042
Glyma.06G082600.Wm82.a4.v1,0.5442825190629392
Glyma.17G064400.Wm82.a4.v1,0.5442358247843891
Glyma.02G302800.Wm82.a4.v1,0.5442078082172591
Glyma.11G152542.Wm82.a4.v1,0.5441844610779841
Glyma.09G114600.Wm82.a4.v1,0.5441517750829991
Glyma.08G224300.Wm82.a4.v1,0.5441190890880141
Glyma.13G194600.Wm82.a4.v1,0.544044378242334
Glyma.20G164500.Wm82.a4.v1,0.5440257005309139
Glyma.12G057300.Wm82.a4.v1,0.5439976839637839
Glyma.11G256600.Wm82.a4.v1,0.5438949565509739
Glyma.02G238400.Wm82.a4.v1,0.5438295845610037
Glyma.06G041000.Wm82.a4.v1,0.5438015679938737
Glyma.11G175500.Wm82.a4.v1,0.5438015679938737
Glyma.20G069800.Wm82.a4.v1,0.5437782208545987
Glyma.02G273700.Wm82.a4.v1,0.5437735514267437
Glyma.08G300451.Wm82.a4.v1,0.5437455348596136
Glyma.19G182500.Wm82.a4.v1,0.5437455348596136
Glyma.11G052600.Wm82.a4.v1,0.5437315265760486
Glyma.18G004000.Wm82.a4.v1,0.5437221877203386
Glyma.11G011600.Wm82.a4.v1,0.5437035100089186
Glyma.04G224400.Wm82.a4.v1,0.5436801628696436
Glyma.10G226900.Wm82.a4.v1,0.5436241297353835
Glyma.11G200700.Wm82.a4.v1,0.5435540883175585
Glyma.18G097100.Wm82.a4.v1,0.5435494188897034
Glyma.03G069700.Wm82.a4.v1,0.5435400800339935
Glyma.08G080700.Wm82.a4.v1,0.5435260717504284
Glyma.10G267700.Wm82.a4.v1,0.5435214023225734
Glyma.19G121400.Wm82.a4.v1,0.5434933857554434
Glyma.09G253600.Wm82.a4.v1,0.5434466914768933
Glyma.15G029200.Wm82.a4.v1,0.5434186749097633
Glyma.02G296300.Wm82.a4.v1,0.5433906583426332
Glyma.09G184900.Wm82.a4.v1,0.5433813194869233
Glyma.01G046500.Wm82.a4.v1,0.5433696459172858
Glyma.08G068100.Wm82.a4.v1,0.5433112780690982
Glyma.03G104400.Wm82.a4.v1,0.5433066086412431
Glyma.03G242700.Wm82.a4.v1,0.5432739226462582
Glyma.17G079200.Wm82.a4.v1,0.5432692532184031
Glyma.09G024800.Wm82.a4.v1,0.5432552449348381
Glyma.04G081200.Wm82.a4.v1,0.5432132200841431
Glyma.20G059801.Wm82.a4.v1,0.543133839810608
Glyma.13G291600.Wm82.a4.v1,0.543119831527043
Glyma.10G102800.Wm82.a4.v1,0.5430731372484929
Glyma.15G032700.Wm82.a4.v1,0.5430451206813629
Glyma.02G097500.Wm82.a4.v1,0.5430357818256529
Glyma.05G025100.Wm82.a4.v1,0.5429844181192478
Glyma.09G022100.Wm82.a4.v1,0.5429797486913929
Glyma.13G234900.Wm82.a4.v1,0.5429517321242628
Glyma.07G056900.Wm82.a4.v1,0.5429423932685528
Glyma.08G204200.Wm82.a4.v1,0.5429237155571328
Glyma.07G042000.Wm82.a4.v1,0.5428956989900028
Glyma.04G241900.Wm82.a4.v1,0.5428816907064378
Glyma.09G226300.Wm82.a4.v1,0.5428630129950177
Glyma.11G251600.Wm82.a4.v1,0.5427836327214827
Glyma.08G335200.Wm82.a4.v1,0.5427696244379177
Glyma.05G001200.Wm82.a4.v1,0.5427696244379177
Glyma.02G150400.Wm82.a4.v1,0.5427649550100626
Glyma.02G291500.Wm82.a4.v1,0.5427649550100626
Glyma.18G138700.Wm82.a4.v1,0.5427556161543526
Glyma.20G142800.Wm82.a4.v1,0.5427462772986426
Glyma.08G325100.Wm82.a4.v1,0.5426995830200926
Glyma.16G118100.Wm82.a4.v1,0.5426902441643825
Glyma.01G196600.Wm82.a4.v1,0.5426855747365276
Glyma.19G215900.Wm82.a4.v1,0.5426575581693975
Glyma.11G117300.Wm82.a4.v1,0.5426342110301224
Glyma.09G075100.Wm82.a4.v1,0.5426202027465574
Glyma.18G173000.Wm82.a4.v1,0.5425408224730224
Glyma.13G146700.Wm82.a4.v1,0.5425314836173124
Glyma.08G241600.Wm82.a4.v1,0.5425221447616023
Glyma.09G202900.Wm82.a4.v1,0.5424707810551973
Glyma.19G260100.Wm82.a4.v1,0.5424661116273423
Glyma.09G164600.Wm82.a4.v1,0.5424287562045023
Glyma.03G245800.Wm82.a4.v1,0.5424194173487923
Glyma.06G232300.Wm82.a4.v1,0.5423914007816623
Glyma.08G100600.Wm82.a4.v1,0.5423633842145322
Glyma.10G145100.Wm82.a4.v1,0.5423447065031122
Glyma.16G207200.Wm82.a4.v1,0.5423306982195472
Glyma.01G107100.Wm82.a4.v1,0.542181276528187
Glyma.06G015600.Wm82.a4.v1,0.542171937672477
Glyma.17G164900.Wm82.a4.v1,0.542153259961057
Glyma.10G034800.Wm82.a4.v1,0.542148590533202
Glyma.14G076900.Wm82.a4.v1,0.5421439211053469
Glyma.13G367700.Wm82.a4.v1,0.5420925573989419
Glyma.18G292800.Wm82.a4.v1,0.5420738796875219
Glyma.05G054700.Wm82.a4.v1,0.5419384662797267
Glyma.09G251900.Wm82.a4.v1,0.5418964414290317
Glyma.19G220300.Wm82.a4.v1,0.5417143337426865
Glyma.13G370900.Wm82.a4.v1,0.5416909866034115
Glyma.10G053800.Wm82.a4.v1,0.5416816477477014
Glyma.02G238200.Wm82.a4.v1,0.5416349534691515
Glyma.20G187900.Wm82.a4.v1,0.5415228872006314
Glyma.10G272400.Wm82.a4.v1,0.5414995400613563
Glyma.19G168400.Wm82.a4.v1,0.5413080935193011
Glyma.07G009000.Wm82.a4.v1,0.5412427215293311
Glyma.09G186800.Wm82.a4.v1,0.541214704962201
Glyma.19G112100.Wm82.a4.v1,0.541186688395071
Glyma.06G177000.Wm82.a4.v1,0.541182018967216
Glyma.18G091000.Wm82.a4.v1,0.541168010683651
Glyma.14G206100.Wm82.a4.v1,0.5411633412557959
Glyma.07G061000.Wm82.a4.v1,0.541158671827941
Glyma.08G111600.Wm82.a4.v1,0.5411213164051009
Glyma.12G075600.Wm82.a4.v1,0.5410699526986958
Glyma.10G055300.Wm82.a4.v1,0.5410699526986958
Glyma.02G272800.Wm82.a4.v1,0.5410466055594209
Glyma.16G147900.Wm82.a4.v1,0.5410045807087258
Glyma.03G109400.Wm82.a4.v1,0.5409718947137407
Glyma.06G102700.Wm82.a4.v1,0.5408971838680606
Glyma.08G240800.Wm82.a4.v1,0.5408551590173656
Glyma.20G121600.Wm82.a4.v1,0.5408224730223806
Glyma.15G085900.Wm82.a4.v1,0.5407711093159755
Glyma.08G055600.Wm82.a4.v1,0.5407571010324105
Glyma.06G221900.Wm82.a4.v1,0.5406590430474554
Glyma.06G076600.Wm82.a4.v1,0.5406497041917454
Glyma.15G251100.Wm82.a4.v1,0.5406216876246154
Glyma.04G121100.Wm82.a4.v1,0.5406170181967603
Glyma.20G102400.Wm82.a4.v1,0.5405656544903553
Glyma.01G215700.Wm82.a4.v1,0.5405656544903553
Glyma.07G264600.Wm82.a4.v1,0.5405306337814427
Glyma.07G071800.Wm82.a4.v1,0.5405236296396603
Glyma.15G036800.Wm82.a4.v1,0.5404722659332551
Glyma.10G234200.Wm82.a4.v1,0.5404022245154301
Glyma.12G191100.Wm82.a4.v1,0.540332183097605
Glyma.18G242300.Wm82.a4.v1,0.5403275136697501
Glyma.02G275600.Wm82.a4.v1,0.54029015824691
Glyma.08G250800.Wm82.a4.v1,0.5402387945405049
Glyma.08G331200.Wm82.a4.v1,0.5402387945405049
Glyma.10G021900.Wm82.a4.v1,0.5402247862569399
Glyma.06G223400.Wm82.a4.v1,0.54021544740123
Glyma.07G008000.Wm82.a4.v1,0.5401734225505349
Glyma.07G082200.Wm82.a4.v1,0.5401360671276948
Glyma.19G111500.Wm82.a4.v1,0.5401313976998399
Glyma.20G101400.Wm82.a4.v1,0.5400660257098697
Glyma.13G181400.Wm82.a4.v1,0.5400473479984498
Glyma.16G163700.Wm82.a4.v1,0.5399959842920447
Glyma.11G087800.Wm82.a4.v1,0.5399819760084796
Glyma.09G155900.Wm82.a4.v1,0.5399632982970597
Glyma.09G062300.Wm82.a4.v1,0.5399492900134947
Glyma.02G125200.Wm82.a4.v1,0.5399306123020746
Glyma.06G076500.Wm82.a4.v1,0.5398885874513796
Glyma.08G060100.Wm82.a4.v1,0.5398465626006845
Glyma.02G194800.Wm82.a4.v1,0.5398372237449746
Glyma.03G129700.Wm82.a4.v1,0.5397485046157294
Glyma.06G234300.Wm82.a4.v1,0.5397438351878744
Glyma.20G177700.Wm82.a4.v1,0.5397344963321644
Glyma.15G010900.Wm82.a4.v1,0.5397344963321644
Glyma.19G026300.Wm82.a4.v1,0.5396551160586294
Glyma.05G183800.Wm82.a4.v1,0.5395897440686592
Glyma.10G153000.Wm82.a4.v1,0.5395804052129493
Glyma.08G140300.Wm82.a4.v1,0.5395477192179642
Glyma.13G056100.Wm82.a4.v1,0.5395383803622542
Glyma.20G132100.Wm82.a4.v1,0.5395290415065442
Glyma.10G145400.Wm82.a4.v1,0.5395103637951242
Glyma.18G184500.Wm82.a4.v1,0.5394963555115592
Glyma.05G131800.Wm82.a4.v1,0.5394963555115592
Glyma.20G228900.Wm82.a4.v1,0.5394263140937341
Glyma.03G235400.Wm82.a4.v1,0.5393982975266041
Glyma.04G096800.Wm82.a4.v1,0.5393609421037641
Glyma.18G156500.Wm82.a4.v1,0.5392161898402589
Glyma.16G015500.Wm82.a4.v1,0.5391975121288388
Glyma.13G229400.Wm82.a4.v1,0.5390247432982037
Glyma.09G212500.Wm82.a4.v1,0.5389733795917986
Glyma.05G058700.Wm82.a4.v1,0.5389406935968136
Glyma.11G044600.Wm82.a4.v1,0.5389220158853936
Glyma.01G185900.Wm82.a4.v1,0.5388659827511335
Glyma.20G093600.Wm82.a4.v1,0.5388006107611635
Glyma.18G029800.Wm82.a4.v1,0.5387959413333084
Glyma.15G194900.Wm82.a4.v1,0.5387725941940334
Glyma.08G207400.Wm82.a4.v1,0.5387492470547584
Glyma.02G167800.Wm82.a4.v1,0.5387305693433384
Glyma.18G195500.Wm82.a4.v1,0.5387025527762084
Glyma.10G231200.Wm82.a4.v1,0.5386885444926434
Glyma.13G067101.Wm82.a4.v1,0.5386371807862382
Glyma.05G070200.Wm82.a4.v1,0.5385998253633982
Glyma.12G029700.Wm82.a4.v1,0.5385858170798332
Glyma.01G000400.Wm82.a4.v1,0.5385578005127032
Glyma.16G040100.Wm82.a4.v1,0.5384597425277481
Glyma.11G065700.Wm82.a4.v1,0.538455073099893
Glyma.01G149400.Wm82.a4.v1,0.538380362254213
Glyma.13G271100.Wm82.a4.v1,0.5383289985478079
Glyma.13G208800.Wm82.a4.v1,0.538324329119953
Glyma.04G232700.Wm82.a4.v1,0.538296312552823
Glyma.20G126900.Wm82.a4.v1,0.5382262711349979
Glyma.18G268400.Wm82.a4.v1,0.5381935851400128
Glyma.03G190600.Wm82.a4.v1,0.5380768494436377
Glyma.16G075400.Wm82.a4.v1,0.5380535023043627
Glyma.01G016800.Wm82.a4.v1,0.5380254857372326
Glyma.12G241800.Wm82.a4.v1,0.5380114774536676
Glyma.10G286500.Wm82.a4.v1,0.5379134194687125
Glyma.19G131200.Wm82.a4.v1,0.5379087500408575
Glyma.04G163400.Wm82.a4.v1,0.5379040806130025
Glyma.16G002800.Wm82.a4.v1,0.5378900723294374
Glyma.07G049400.Wm82.a4.v1,0.5378854029015825
Glyma.17G114700.Wm82.a4.v1,0.5378807334737274
Glyma.15G158100.Wm82.a4.v1,0.5378573863344525
Glyma.19G099400.Wm82.a4.v1,0.5378480474787424
Glyma.06G195700.Wm82.a4.v1,0.5377826754887723
Glyma.07G040900.Wm82.a4.v1,0.5377546589216423
Glyma.13G026600.Wm82.a4.v1,0.5376706092202522
Glyma.13G259900.Wm82.a4.v1,0.5376425926531222
Glyma.10G037500.Wm82.a4.v1,0.5376379232252672
Glyma.13G366700.Wm82.a4.v1,0.5375772206631522
Glyma.07G069900.Wm82.a4.v1,0.5375678818074421
Glyma.13G282300.Wm82.a4.v1,0.5375445346681671
Glyma.05G046300.Wm82.a4.v1,0.537511848673182
Glyma.14G126700.Wm82.a4.v1,0.5374931709617621
Glyma.18G199700.Wm82.a4.v1,0.537488501533907
Glyma.09G062900.Wm82.a4.v1,0.537460484966777
Glyma.15G121200.Wm82.a4.v1,0.5374137906882269
Glyma.18G114700.Wm82.a4.v1,0.5373577575539669
Glyma.11G190800.Wm82.a4.v1,0.5373530881261119
Glyma.02G003300.Wm82.a4.v1,0.5373204021311269
Glyma.09G270500.Wm82.a4.v1,0.5373157327032718
Glyma.14G057500.Wm82.a4.v1,0.5372737078525768
Glyma.03G120400.Wm82.a4.v1,0.5372550301411568
Glyma.09G247200.Wm82.a4.v1,0.5372363524297368
Glyma.10G253000.Wm82.a4.v1,0.5371196167333616
Glyma.08G315300.Wm82.a4.v1,0.5370962695940866
Glyma.08G361200.Wm82.a4.v1,0.5370775918826666
Glyma.05G140600.Wm82.a4.v1,0.5370682530269566
Glyma.20G165700.Wm82.a4.v1,0.5367787484999463
Glyma.06G122600.Wm82.a4.v1,0.5367367236492513
Glyma.20G209900.Wm82.a4.v1,0.5366199879528761
Glyma.12G198400.Wm82.a4.v1,0.5366106490971662
Glyma.06G021900.Wm82.a4.v1,0.536535938251486
Glyma.11G217500.Wm82.a4.v1,0.5364612274058059
Glyma.07G099600.Wm82.a4.v1,0.5363771777044158
Glyma.02G065500.Wm82.a4.v1,0.5363771777044158
Glyma.08G112900.Wm82.a4.v1,0.5363725082765609
Glyma.06G305900.Wm82.a4.v1,0.5363584999929959
Glyma.10G267100.Wm82.a4.v1,0.5363304834258659
Glyma.02G046400.Wm82.a4.v1,0.5362884585751708
Glyma.08G242600.Wm82.a4.v1,0.5362837891473158
Glyma.04G065200.Wm82.a4.v1,0.5362791197194607
Glyma.02G095400.Wm82.a4.v1,0.5361343674559557
Glyma.05G160800.Wm82.a4.v1,0.5360689954659855
Glyma.19G067100.Wm82.a4.v1,0.5360129623317255
Glyma.04G203600.Wm82.a4.v1,0.5359756069088855
Glyma.06G048400.Wm82.a4.v1,0.5359055654910604
Glyma.03G000800.Wm82.a4.v1,0.5358822183517854
Glyma.02G048900.Wm82.a4.v1,0.5358682100682204
Glyma.19G211200.Wm82.a4.v1,0.5358588712125103
Glyma.02G112800.Wm82.a4.v1,0.5358542017846554
Glyma.06G314900.Wm82.a4.v1,0.5358028380782502
Glyma.02G053300.Wm82.a4.v1,0.5357981686503953
Glyma.02G235700.Wm82.a4.v1,0.5357234578047152
Glyma.03G260500.Wm82.a4.v1,0.5357047800932951
Glyma.13G166300.Wm82.a4.v1,0.5356394081033251
Glyma.05G005000.Wm82.a4.v1,0.5356300692476151
Glyma.01G015900.Wm82.a4.v1,0.53560672210834
Glyma.18G166600.Wm82.a4.v1,0.535592713824775
Glyma.07G081800.Wm82.a4.v1,0.5355740361133551
Glyma.07G220800.Wm82.a4.v1,0.535499325267675
Glyma.06G016500.Wm82.a4.v1,0.5354386227055599
Glyma.19G099000.Wm82.a4.v1,0.5354246144219948
Glyma.04G061600.Wm82.a4.v1,0.5353032092977648
Glyma.20G243300.Wm82.a4.v1,0.5352938704420548
Glyma.04G133100.Wm82.a4.v1,0.5352798621584898
Glyma.15G040000.Wm82.a4.v1,0.5352751927306347
Glyma.04G191400.Wm82.a4.v1,0.5352658538749248
Glyma.08G258500.Wm82.a4.v1,0.5352471761635047
Glyma.03G074167.Wm82.a4.v1,0.5351958124570997
Glyma.09G064000.Wm82.a4.v1,0.5351771347456796
Glyma.13G222300.Wm82.a4.v1,0.5351724653178246
Glyma.13G264200.Wm82.a4.v1,0.5350510601935945
Glyma.14G116200.Wm82.a4.v1,0.5350417213378845
Glyma.18G212400.Wm82.a4.v1,0.5350323824821744
Glyma.19G019300.Wm82.a4.v1,0.5349623410643494
Glyma.11G187800.Wm82.a4.v1,0.5349389939250744
Glyma.13G140300.Wm82.a4.v1,0.5349389939250744
Glyma.06G082900.Wm82.a4.v1,0.5348782913629593
Glyma.03G181900.Wm82.a4.v1,0.5348456053679742
Glyma.11G040900.Wm82.a4.v1,0.5347288696715992
Glyma.13G300000.Wm82.a4.v1,0.5347148613880341
Glyma.16G216100.Wm82.a4.v1,0.5346588282537741
Glyma.15G071900.Wm82.a4.v1,0.5346448199702091
Glyma.18G039300.Wm82.a4.v1,0.534635481114499
Glyma.08G104800.Wm82.a4.v1,0.534560770268819
Glyma.08G345400.Wm82.a4.v1,0.5345514314131089
Glyma.05G084200.Wm82.a4.v1,0.5345420925573989
Glyma.06G131200.Wm82.a4.v1,0.5345047371345589
Glyma.10G291400.Wm82.a4.v1,0.5344953982788488
Glyma.10G181800.Wm82.a4.v1,0.5344907288509939
Glyma.04G175900.Wm82.a4.v1,0.5343833320103287
Glyma.02G226600.Wm82.a4.v1,0.5343786625824738
Glyma.08G203400.Wm82.a4.v1,0.5343599848710537
Glyma.07G223300.Wm82.a4.v1,0.5343553154431987
Glyma.17G154600.Wm82.a4.v1,0.5342245714632586
Glyma.02G022800.Wm82.a4.v1,0.5341732077568535
Glyma.09G199300.Wm82.a4.v1,0.5341545300454336
Glyma.12G082200.Wm82.a4.v1,0.5341218440504485
Glyma.08G091600.Wm82.a4.v1,0.5341171746225934
Glyma.03G032100.Wm82.a4.v1,0.5341125051947385
Glyma.01G077300.Wm82.a4.v1,0.5340891580554634
Glyma.08G065000.Wm82.a4.v1,0.5340377943490584
Glyma.01G223400.Wm82.a4.v1,0.5340284554933484
Glyma.15G236400.Wm82.a4.v1,0.5340284554933484
Glyma.20G014100.Wm82.a4.v1,0.5340191166376383
Glyma.19G255100.Wm82.a4.v1,0.5340097777819284
Glyma.14G092800.Wm82.a4.v1,0.5339724223590884
Glyma.09G061500.Wm82.a4.v1,0.5339163892248283
Glyma.02G039400.Wm82.a4.v1,0.5338837032298432
Glyma.18G230100.Wm82.a4.v1,0.5338696949462782
Glyma.10G242600.Wm82.a4.v1,0.5338043229563082
Glyma.14G148700.Wm82.a4.v1,0.5337903146727432
Glyma.08G060200.Wm82.a4.v1,0.5337763063891782
Glyma.13G297500.Wm82.a4.v1,0.5337062649713531
Glyma.18G276900.Wm82.a4.v1,0.533701595543498
Glyma.06G230300.Wm82.a4.v1,0.533696926115643
Glyma.17G006100.Wm82.a4.v1,0.5336922566877881
Glyma.05G129000.Wm82.a4.v1,0.533673578976368
Glyma.05G134500.Wm82.a4.v1,0.5336268846978179
Glyma.20G106900.Wm82.a4.v1,0.5335148184292978
Glyma.17G057600.Wm82.a4.v1,0.5335101490014429
Glyma.15G013500.Wm82.a4.v1,0.5334727935786028
Glyma.13G074700.Wm82.a4.v1,0.5334681241507478
Glyma.16G015600.Wm82.a4.v1,0.5334541158671828
Glyma.15G006300.Wm82.a4.v1,0.5333887438772127
Glyma.17G106600.Wm82.a4.v1,0.5333233718872427
Glyma.07G214600.Wm82.a4.v1,0.5333046941758226
Glyma.06G082400.Wm82.a4.v1,0.5332906858922576
Glyma.20G090100.Wm82.a4.v1,0.5332860164644027
Glyma.15G087700.Wm82.a4.v1,0.5332813470365476
Glyma.11G061400.Wm82.a4.v1,0.5332673387529826
Glyma.11G147500.Wm82.a4.v1,0.5332486610415625
Glyma.02G108100.Wm82.a4.v1,0.5331786196237375
Glyma.08G170400.Wm82.a4.v1,0.5331739501958825
Glyma.08G251400.Wm82.a4.v1,0.5331552724844625
Glyma.17G241800.Wm82.a4.v1,0.5329358093752773
Glyma.05G151800.Wm82.a4.v1,0.5329171316638572
Glyma.08G362200.Wm82.a4.v1,0.5329077928081473
Glyma.20G022600.Wm82.a4.v1,0.5328844456688722
Glyma.14G171600.Wm82.a4.v1,0.5328704373853071
Glyma.16G153800.Wm82.a4.v1,0.5328237431067572
Glyma.06G083300.Wm82.a4.v1,0.5328003959674821
Glyma.02G274200.Wm82.a4.v1,0.5327630405446421
Glyma.03G086000.Wm82.a4.v1,0.5327537016889321
Glyma.05G213000.Wm82.a4.v1,0.5327396934053671
Glyma.09G000600.Wm82.a4.v1,0.532730354549657
Glyma.02G045700.Wm82.a4.v1,0.532697668554672
Glyma.17G248200.Wm82.a4.v1,0.532692999126817
Glyma.20G103700.Wm82.a4.v1,0.532669651987542
Glyma.11G046100.Wm82.a4.v1,0.5326089494254269
Glyma.13G108100.Wm82.a4.v1,0.5325062220126168
Glyma.08G314400.Wm82.a4.v1,0.5324828748733418
Glyma.18G252100.Wm82.a4.v1,0.5324641971619217
Glyma.13G272900.Wm82.a4.v1,0.5324268417390817
Glyma.04G067700.Wm82.a4.v1,0.5324221723112267
Glyma.06G083100.Wm82.a4.v1,0.5324128334555167
Glyma.18G092800.Wm82.a4.v1,0.5323241143262716
Glyma.08G299900.Wm82.a4.v1,0.5323194448984166
Glyma.19G018800.Wm82.a4.v1,0.5322820894755765
Glyma.16G139600.Wm82.a4.v1,0.5321746926349115
Glyma.07G227100.Wm82.a4.v1,0.5321139900727964
Glyma.20G094600.Wm82.a4.v1,0.5320719652221013
Glyma.10G294300.Wm82.a4.v1,0.5320672957942463
Glyma.17G026900.Wm82.a4.v1,0.5319925849485663
Glyma.02G289400.Wm82.a4.v1,0.5319832460928562
Glyma.13G330400.Wm82.a4.v1,0.5319505600978712
Glyma.06G277000.Wm82.a4.v1,0.531791799550801
Glyma.02G153600.Wm82.a4.v1,0.531782460695091
Glyma.05G000700.Wm82.a4.v1,0.531712419277266
Glyma.14G190400.Wm82.a4.v1,0.531698410993701
Glyma.08G361700.Wm82.a4.v1,0.5316563861430059
Glyma.20G028000.Wm82.a4.v1,0.5316283695758759
Glyma.08G146700.Wm82.a4.v1,0.5315910141530358
Glyma.19G258500.Wm82.a4.v1,0.5315583281580508
Glyma.03G031200.Wm82.a4.v1,0.5315489893023407
Glyma.11G032000.Wm82.a4.v1,0.5315489893023407
Glyma.15G080600.Wm82.a4.v1,0.5315303115909208
Glyma.01G196300.Wm82.a4.v1,0.5315256421630657
Glyma.13G100800.Wm82.a4.v1,0.5313061790538806
Glyma.16G201600.Wm82.a4.v1,0.5312454764917655
Glyma.17G032100.Wm82.a4.v1,0.5312221293524905
Glyma.11G128700.Wm82.a4.v1,0.5312174599246354
Glyma.12G189800.Wm82.a4.v1,0.5312034516410704
Glyma.18G061300.Wm82.a4.v1,0.5311801045017954
Glyma.04G231400.Wm82.a4.v1,0.5311614267903754
Glyma.04G253500.Wm82.a4.v1,0.5310586993775652
Glyma.05G174700.Wm82.a4.v1,0.5310353522382902
Glyma.10G170200.Wm82.a4.v1,0.5309933273875952
Glyma.12G189100.Wm82.a4.v1,0.5309279553976252
Glyma.10G161700.Wm82.a4.v1,0.5309279553976252
Glyma.05G183400.Wm82.a4.v1,0.5309046082583501
Glyma.14G179300.Wm82.a4.v1,0.5308999388304951
Glyma.08G292400.Wm82.a4.v1,0.5308859305469301
Glyma.02G144600.Wm82.a4.v1,0.5308812611190751
Glyma.13G299600.Wm82.a4.v1,0.53082055855696
Glyma.15G223100.Wm82.a4.v1,0.530815889129105
Glyma.15G176600.Wm82.a4.v1,0.53080188084554
Glyma.13G329700.Wm82.a4.v1,0.5306384508706148
Glyma.08G192500.Wm82.a4.v1,0.5305777483084998
Glyma.15G062000.Wm82.a4.v1,0.5305590705970797
Glyma.13G341700.Wm82.a4.v1,0.5305123763185297
Glyma.06G317600.Wm82.a4.v1,0.5304796903235447
Glyma.02G051400.Wm82.a4.v1,0.5304750208956897
Glyma.18G048200.Wm82.a4.v1,0.5304049794778646
Glyma.05G118700.Wm82.a4.v1,0.5303115909207645
Glyma.04G094100.Wm82.a4.v1,0.5302789049257794
Glyma.08G238500.Wm82.a4.v1,0.5302742354979244
Glyma.19G129500.Wm82.a4.v1,0.5302322106472294
Glyma.12G014700.Wm82.a4.v1,0.5302135329358094
Glyma.09G192100.Wm82.a4.v1,0.5301785122268968
Glyma.08G047000.Wm82.a4.v1,0.5301528303736943
Glyma.09G197900.Wm82.a4.v1,0.5301014666672893
Glyma.04G017400.Wm82.a4.v1,0.5300454335330292
Glyma.01G220000.Wm82.a4.v1,0.5300174169658992
Glyma.09G192300.Wm82.a4.v1,0.5300127475380442
Glyma.20G024800.Wm82.a4.v1,0.5300034086823342
Glyma.09G200700.Wm82.a4.v1,0.5299894003987692
Glyma.11G213800.Wm82.a4.v1,0.5299800615430591
Glyma.05G088000.Wm82.a4.v1,0.5299520449759291
Glyma.20G237950.Wm82.a4.v1,0.5299333672645091
Glyma.20G236400.Wm82.a4.v1,0.5299146895530891
Glyma.05G088300.Wm82.a4.v1,0.529844648135264
Glyma.07G134000.Wm82.a4.v1,0.529839978707409
Glyma.20G022400.Wm82.a4.v1,0.5298259704238439
Glyma.02G211800.Wm82.a4.v1,0.529821300995989
Glyma.05G204700.Wm82.a4.v1,0.5297699372895839
Glyma.10G105300.Wm82.a4.v1,0.5297092347274689
Glyma.11G161300.Wm82.a4.v1,0.5296952264439039
Glyma.16G211600.Wm82.a4.v1,0.5296718793046288
Glyma.12G168200.Wm82.a4.v1,0.5296625404489188
Glyma.18G045400.Wm82.a4.v1,0.5296251850260788
Glyma.11G249500.Wm82.a4.v1,0.5295458047525436
Glyma.12G051500.Wm82.a4.v1,0.5295364658968337
Glyma.16G038400.Wm82.a4.v1,0.5295224576132687
Glyma.18G182600.Wm82.a4.v1,0.5295084493297036
Glyma.08G177600.Wm82.a4.v1,0.5294804327625736
Glyma.15G218700.Wm82.a4.v1,0.5294664244790086
Glyma.05G167800.Wm82.a4.v1,0.5294524161954436
Glyma.05G086900.Wm82.a4.v1,0.5294057219168935
Glyma.09G029200.Wm82.a4.v1,0.5294010524890386
Glyma.03G100700.Wm82.a4.v1,0.5293870442054736
Glyma.06G065100.Wm82.a4.v1,0.5293870442054736
Glyma.01G238700.Wm82.a4.v1,0.5293543582104885
Glyma.14G017400.Wm82.a4.v1,0.5293356804990684
Glyma.11G123500.Wm82.a4.v1,0.5293076639319384
Glyma.01G006900.Wm82.a4.v1,0.5292609696533884
Glyma.18G261600.Wm82.a4.v1,0.5291208868177382
Glyma.05G198300.Wm82.a4.v1,0.5291162173898832
Glyma.13G366600.Wm82.a4.v1,0.5290461759720582
Glyma.02G036200.Wm82.a4.v1,0.5289481179871031
Glyma.08G283500.Wm82.a4.v1,0.5288967542806979
Glyma.14G005200.Wm82.a4.v1,0.5287520020171929
Glyma.11G239200.Wm82.a4.v1,0.5287286548779178
Glyma.13G097500.Wm82.a4.v1,0.5285979108979777
Glyma.09G281200.Wm82.a4.v1,0.5285605554751376
Glyma.02G112200.Wm82.a4.v1,0.5285465471915726
Glyma.20G040700.Wm82.a4.v1,0.5285278694801526
Glyma.18G089600.Wm82.a4.v1,0.5284765057737475
Glyma.06G246300.Wm82.a4.v1,0.5284531586344725
Glyma.01G045200.Wm82.a4.v1,0.5284064643559224
Glyma.18G212800.Wm82.a4.v1,0.5283784477887924
Glyma.12G016600.Wm82.a4.v1,0.5283597700773724
Glyma.17G107500.Wm82.a4.v1,0.5283434270798799
Glyma.19G220000.Wm82.a4.v1,0.5283364229380973
Glyma.12G001700.Wm82.a4.v1,0.5282990675152573
Glyma.14G211000.Wm82.a4.v1,0.5282803898038373
Glyma.04G110300.Wm82.a4.v1,0.5282430343809973
Glyma.05G079500.Wm82.a4.v1,0.5282243566695772
Glyma.06G115100.Wm82.a4.v1,0.5281683235353172
Glyma.16G013900.Wm82.a4.v1,0.5281543152517522
Glyma.18G140500.Wm82.a4.v1,0.5281403069681871
Glyma.04G212600.Wm82.a4.v1,0.5281169598289122
Glyma.02G026900.Wm82.a4.v1,0.5280912779757096
Glyma.20G129700.Wm82.a4.v1,0.527976876993262
Glyma.01G194700.Wm82.a4.v1,0.527920843859002
Glyma.09G000651.Wm82.a4.v1,0.5278741495804519
Glyma.20G006800.Wm82.a4.v1,0.5278508024411769
Glyma.20G239600.Wm82.a4.v1,0.5278274553019019
Glyma.20G084100.Wm82.a4.v1,0.5278274553019019
Glyma.19G028800.Wm82.a4.v1,0.5278227858740469
Glyma.14G063200.Wm82.a4.v1,0.5277854304512068
Glyma.06G159100.Wm82.a4.v1,0.5277200584612367
Glyma.04G235600.Wm82.a4.v1,0.5276873724662517
Glyma.07G200400.Wm82.a4.v1,0.5276780336105417
Glyma.09G211400.Wm82.a4.v1,0.5276173310484267
Glyma.15G053600.Wm82.a4.v1,0.5276033227648617
Glyma.04G019900.Wm82.a4.v1,0.5275963186230791
Glyma.20G005600.Wm82.a4.v1,0.5275239424913265
Glyma.08G197000.Wm82.a4.v1,0.5273978679392414
Glyma.12G209800.Wm82.a4.v1,0.5273978679392414
Glyma.10G208700.Wm82.a4.v1,0.5273791902278214
Glyma.06G069500.Wm82.a4.v1,0.5272904710985763
Glyma.07G221800.Wm82.a4.v1,0.5272717933871562
Glyma.01G234700.Wm82.a4.v1,0.5272297685364612
Glyma.19G228900.Wm82.a4.v1,0.5272204296807512
Glyma.10G248100.Wm82.a4.v1,0.5271643965464912
Glyma.09G015800.Wm82.a4.v1,0.5271363799793611
Glyma.12G088200.Wm82.a4.v1,0.5271177022679411
Glyma.15G102400.Wm82.a4.v1,0.5271036939843761
Glyma.17G202500.Wm82.a4.v1,0.527061669133681
Glyma.01G197100.Wm82.a4.v1,0.527038321994406
Glyma.13G234000.Wm82.a4.v1,0.5269659458626534
Glyma.10G261300.Wm82.a4.v1,0.526944933437306
Glyma.11G145227.Wm82.a4.v1,0.5269262557258859
Glyma.11G256000.Wm82.a4.v1,0.5268702225916259
Glyma.07G126400.Wm82.a4.v1,0.5268422060244958
Glyma.10G029500.Wm82.a4.v1,0.5267021231888457
Glyma.09G065200.Wm82.a4.v1,0.5265013377910804
Glyma.08G092400.Wm82.a4.v1,0.5265013377910804
Glyma.20G201300.Wm82.a4.v1,0.5264639823682404
Glyma.05G075400.Wm82.a4.v1,0.5264546435125305
Glyma.05G035300.Wm82.a4.v1,0.5263986103782704
Glyma.02G213900.Wm82.a4.v1,0.5262818746818952
Glyma.03G034100.Wm82.a4.v1,0.5262398498312002
Glyma.02G301500.Wm82.a4.v1,0.52609042813984
Glyma.19G153400.Wm82.a4.v1,0.526001709010595
Glyma.08G296400.Wm82.a4.v1,0.5259923701548849
Glyma.04G144600.Wm82.a4.v1,0.5259690230156099
Glyma.08G134000.Wm82.a4.v1,0.5259503453041898
Glyma.02G296900.Wm82.a4.v1,0.5259036510256399
Glyma.14G045500.Wm82.a4.v1,0.5258429484635248
Glyma.11G147400.Wm82.a4.v1,0.5257682376178446
Glyma.10G028600.Wm82.a4.v1,0.5256234853543396
Glyma.03G146200.Wm82.a4.v1,0.5255814605036445
Glyma.14G025400.Wm82.a4.v1,0.5255674522200795
Glyma.18G298600.Wm82.a4.v1,0.5255581133643694
Glyma.16G178700.Wm82.a4.v1,0.5255347662250944
Glyma.07G124500.Wm82.a4.v1,0.5255020802301094
Glyma.15G117100.Wm82.a4.v1,0.5253106336880542
Glyma.01G174900.Wm82.a4.v1,0.525179889708114
Glyma.02G034800.Wm82.a4.v1,0.525170550852404
Glyma.02G294500.Wm82.a4.v1,0.5251612119966941
Glyma.20G142500.Wm82.a4.v1,0.5251612119966941
Glyma.07G101700.Wm82.a4.v1,0.5250398068724639
Glyma.02G264600.Wm82.a4.v1,0.5250024514496239
Glyma.09G218700.Wm82.a4.v1,0.5249931125939139
Glyma.09G111400.Wm82.a4.v1,0.5249884431660589
Glyma.10G288800.Wm82.a4.v1,0.5249604265989288
Glyma.18G074200.Wm82.a4.v1,0.5249184017482338
Glyma.17G107700.Wm82.a4.v1,0.5249137323203787
Glyma.09G057800.Wm82.a4.v1,0.5249137323203787
Glyma.07G265000.Wm82.a4.v1,0.5249090628925238
Glyma.15G034000.Wm82.a4.v1,0.5247689800568737
Glyma.06G097900.Wm82.a4.v1,0.5247643106290186
Glyma.15G145200.Wm82.a4.v1,0.5247409634897436
Glyma.19G100200.Wm82.a4.v1,0.5246148889376585
Glyma.13G359000.Wm82.a4.v1,0.5246008806540935
Glyma.18G095900.Wm82.a4.v1,0.5245775335148184
Glyma.20G101700.Wm82.a4.v1,0.5245728640869635
Glyma.10G298700.Wm82.a4.v1,0.5245728640869635
Glyma.20G223300.Wm82.a4.v1,0.5245308392362684
Glyma.11G026900.Wm82.a4.v1,0.5245308392362684
Glyma.17G083100.Wm82.a4.v1,0.5245168309527034
Glyma.10G007300.Wm82.a4.v1,0.5244794755298633
Glyma.06G082100.Wm82.a4.v1,0.5244794755298633
Glyma.06G132400.Wm82.a4.v1,0.5244607978184433
Glyma.14G079900.Wm82.a4.v1,0.5244187729677483
Glyma.02G168300.Wm82.a4.v1,0.524203979286418
Glyma.16G021300.Wm82.a4.v1,0.524124599012883
Glyma.04G129500.Wm82.a4.v1,0.524110590729318
Glyma.13G084300.Wm82.a4.v1,0.5240545575950579
Glyma.02G067100.Wm82.a4.v1,0.5240405493114929
Glyma.20G243400.Wm82.a4.v1,0.5240405493114929
Glyma.06G184500.Wm82.a4.v1,0.5239378218986828
Glyma.05G001900.Wm82.a4.v1,0.5239238136151178
Glyma.01G109600.Wm82.a4.v1,0.5239098053315527
Glyma.14G076200.Wm82.a4.v1,0.5238864581922777
Glyma.11G036200.Wm82.a4.v1,0.5238771193365677
Glyma.18G107800.Wm82.a4.v1,0.5238771193365677
Glyma.03G149800.Wm82.a4.v1,0.5238397639137277
Glyma.06G116200.Wm82.a4.v1,0.5237977390630326
Glyma.16G195300.Wm82.a4.v1,0.5237790613516126
Glyma.12G162990.Wm82.a4.v1,0.5237463753566276
Glyma.08G158600.Wm82.a4.v1,0.5237043505059326
Glyma.17G093400.Wm82.a4.v1,0.5236483173716725
Glyma.08G220400.Wm82.a4.v1,0.5236156313766874
Glyma.18G278800.Wm82.a4.v1,0.5235595982424274
Glyma.14G118300.Wm82.a4.v1,0.5235595982424274
Glyma.17G018000.Wm82.a4.v1,0.5235315816752973
Glyma.06G320500.Wm82.a4.v1,0.5234895568246023
Glyma.15G053000.Wm82.a4.v1,0.5234381931181973
Glyma.13G372400.Wm82.a4.v1,0.5233494739889522
Glyma.18G030800.Wm82.a4.v1,0.5233214574218221
Glyma.17G116400.Wm82.a4.v1,0.523260754859707
Glyma.20G031400.Wm82.a4.v1,0.523232738292577
Glyma.11G002200.Wm82.a4.v1,0.523223399436867
Glyma.09G083300.Wm82.a4.v1,0.523204721725447
Glyma.16G199100.Wm82.a4.v1,0.5230226140391018
Glyma.08G308800.Wm82.a4.v1,0.5229338949098566
Glyma.02G095500.Wm82.a4.v1,0.5228451757806116
Glyma.10G073800.Wm82.a4.v1,0.5228358369249015
Glyma.13G192400.Wm82.a4.v1,0.5228031509299166
Glyma.06G240600.Wm82.a4.v1,0.5226957540892514
Glyma.06G186800.Wm82.a4.v1,0.5226910846613965
Glyma.03G031700.Wm82.a4.v1,0.5226677375221214
Glyma.18G217900.Wm82.a4.v1,0.5225696795371663
Glyma.08G322600.Wm82.a4.v1,0.5225463323978913
Glyma.19G116300.Wm82.a4.v1,0.5224996381193412
Glyma.18G296300.Wm82.a4.v1,0.5224949686914863
Glyma.11G111600.Wm82.a4.v1,0.5224436049850811
Glyma.07G248300.Wm82.a4.v1,0.522359555283691
Glyma.08G303900.Wm82.a4.v1,0.522275505582301
Glyma.17G053900.Wm82.a4.v1,0.522275505582301
Glyma.11G001900.Wm82.a4.v1,0.5222334807316059
Glyma.19G067400.Wm82.a4.v1,0.5221587698859259
Glyma.16G079100.Wm82.a4.v1,0.5221447616023609
Glyma.20G195600.Wm82.a4.v1,0.5221424268884334
Glyma.07G241300.Wm82.a4.v1,0.5221214144630858
Glyma.14G072200.Wm82.a4.v1,0.5221214144630858
Glyma.16G211200.Wm82.a4.v1,0.5221074061795208
Glyma.19G076400.Wm82.a4.v1,0.5220653813288257
Glyma.04G156900.Wm82.a4.v1,0.5220093481945657
Glyma.06G074300.Wm82.a4.v1,0.5219953399110007
Glyma.04G247500.Wm82.a4.v1,0.5219393067767406
Glyma.06G229900.Wm82.a4.v1,0.5218599265032056
Glyma.20G242200.Wm82.a4.v1,0.5218459182196405
Glyma.14G069200.Wm82.a4.v1,0.5218365793639306
Glyma.06G211400.Wm82.a4.v1,0.5218132322246555
Glyma.11G228500.Wm82.a4.v1,0.5217945545132355
Glyma.07G182000.Wm82.a4.v1,0.5217525296625405
Glyma.19G021700.Wm82.a4.v1,0.5217431908068304
Glyma.12G189600.Wm82.a4.v1,0.5217198436675554
Glyma.04G205400.Wm82.a4.v1,0.5217105048118454
Glyma.03G120200.Wm82.a4.v1,0.5217105048118454
Glyma.11G250100.Wm82.a4.v1,0.5217058353839904
Glyma.04G051900.Wm82.a4.v1,0.5216404633940204
Glyma.07G011300.Wm82.a4.v1,0.5216357939661653
Glyma.02G011100.Wm82.a4.v1,0.5216311245383103
Glyma.14G041500.Wm82.a4.v1,0.5216217856826003
Glyma.13G181100.Wm82.a4.v1,0.5216171162547453
Glyma.06G092700.Wm82.a4.v1,0.5216077773990353
Glyma.01G013800.Wm82.a4.v1,0.5215610831204852
Glyma.11G108700.Wm82.a4.v1,0.5215610831204852
Glyma.15G193100.Wm82.a4.v1,0.5215097194140802
Glyma.18G239300.Wm82.a4.v1,0.5215050499862252
Glyma.06G073800.Wm82.a4.v1,0.5215050499862252
Glyma.16G088200.Wm82.a4.v1,0.5215003805583702
Glyma.04G095700.Wm82.a4.v1,0.52140699200127
Glyma.08G217600.Wm82.a4.v1,0.5213836448619951
Glyma.20G157600.Wm82.a4.v1,0.5213743060062851
Glyma.05G008100.Wm82.a4.v1,0.52135095886701
Glyma.15G014000.Wm82.a4.v1,0.521336950583445
Glyma.04G001400.Wm82.a4.v1,0.5212155454592149
Glyma.11G168600.Wm82.a4.v1,0.5211921983199399
Glyma.18G242600.Wm82.a4.v1,0.5211781900363749
Glyma.13G366200.Wm82.a4.v1,0.5210941403349848
Glyma.14G221800.Wm82.a4.v1,0.5210100906335947
Glyma.18G263400.Wm82.a4.v1,0.5209960823500297
Glyma.08G025800.Wm82.a4.v1,0.5209213715043496
Glyma.03G235700.Wm82.a4.v1,0.5208793466536545
Glyma.08G353600.Wm82.a4.v1,0.5208559995143796
Glyma.13G159800.Wm82.a4.v1,0.5208466606586695
Glyma.17G097000.Wm82.a4.v1,0.5208326523751045
Glyma.08G095800.Wm82.a4.v1,0.5208139746636845
Glyma.18G208300.Wm82.a4.v1,0.5206902348255268
Glyma.18G222500.Wm82.a4.v1,0.5206085198380642
Glyma.02G032800.Wm82.a4.v1,0.5206038504102093
Glyma.07G070800.Wm82.a4.v1,0.5205851726987892
Glyma.06G060400.Wm82.a4.v1,0.5205851726987892
Glyma.01G189400.Wm82.a4.v1,0.5205618255595142
Glyma.17G036700.Wm82.a4.v1,0.5204777758581242
Glyma.12G001500.Wm82.a4.v1,0.5204170732960091
Glyma.19G223700.Wm82.a4.v1,0.520403065012444
Glyma.11G033500.Wm82.a4.v1,0.520379717873169
Glyma.04G018300.Wm82.a4.v1,0.5203423624503289
Glyma.12G191300.Wm82.a4.v1,0.5202956681717789
Glyma.15G091800.Wm82.a4.v1,0.5202256267539538
Glyma.19G232800.Wm82.a4.v1,0.5202209573260989
Glyma.15G147200.Wm82.a4.v1,0.5202116184703888
Glyma.19G185000.Wm82.a4.v1,0.5201882713311138
Glyma.15G097300.Wm82.a4.v1,0.5201836019032587
Glyma.11G238100.Wm82.a4.v1,0.5201275687689987
Glyma.16G005100.Wm82.a4.v1,0.5201112257715063
Glyma.14G017800.Wm82.a4.v1,0.5200948827740137
Glyma.04G134900.Wm82.a4.v1,0.5200855439183036
Glyma.12G071400.Wm82.a4.v1,0.5200435190676086
Glyma.13G094000.Wm82.a4.v1,0.5200388496397537
Glyma.06G220900.Wm82.a4.v1,0.5200061636447686
Glyma.14G041200.Wm82.a4.v1,0.5199501305105085
Glyma.13G354800.Wm82.a4.v1,0.5198754196648284
Glyma.11G216500.Wm82.a4.v1,0.5198660808091184
Glyma.02G078000.Wm82.a4.v1,0.5198614113812634
Glyma.13G348800.Wm82.a4.v1,0.5198567419534085
Glyma.13G328100.Wm82.a4.v1,0.5198427336698435
Glyma.19G199100.Wm82.a4.v1,0.5197726922520184
Glyma.01G146100.Wm82.a4.v1,0.5196746342670633
Glyma.17G253300.Wm82.a4.v1,0.5196559565556432
Glyma.04G056800.Wm82.a4.v1,0.5196559565556432
Glyma.16G008400.Wm82.a4.v1,0.5196139317049482
Glyma.12G177100.Wm82.a4.v1,0.5195485597149782
Glyma.18G230900.Wm82.a4.v1,0.5195065348642831
Glyma.14G035600.Wm82.a4.v1,0.519483187725008
Glyma.11G041200.Wm82.a4.v1,0.5194131463071829
Glyma.13G170700.Wm82.a4.v1,0.519408476879328
Glyma.07G228000.Wm82.a4.v1,0.5193968033096905
Glyma.15G086500.Wm82.a4.v1,0.519380460312198
Glyma.01G204300.Wm82.a4.v1,0.5193477743172129
Glyma.16G006300.Wm82.a4.v1,0.5193337660336479
Glyma.11G089500.Wm82.a4.v1,0.5193150883222278
Glyma.06G323400.Wm82.a4.v1,0.5192964106108079
Glyma.16G181500.Wm82.a4.v1,0.5192870717550978
Glyma.09G065600.Wm82.a4.v1,0.5192683940436779
Glyma.19G094000.Wm82.a4.v1,0.5192683940436779
Glyma.18G028600.Wm82.a4.v1,0.5192637246158228
Glyma.06G050800.Wm82.a4.v1,0.5191329806358826
Glyma.02G270000.Wm82.a4.v1,0.5190582697902026
Glyma.08G352500.Wm82.a4.v1,0.5190395920787826
Glyma.09G238400.Wm82.a4.v1,0.5189555423773925
Glyma.07G191600.Wm82.a4.v1,0.5188948398152774
Glyma.09G032300.Wm82.a4.v1,0.5188481455367274
Glyma.08G136100.Wm82.a4.v1,0.5188247983974523
Glyma.15G171900.Wm82.a4.v1,0.5188061206860324
Glyma.06G155700.Wm82.a4.v1,0.5187874429746123
Glyma.18G286000.Wm82.a4.v1,0.5187454181239173
Glyma.03G021100.Wm82.a4.v1,0.5187407486960622
Glyma.01G156400.Wm82.a4.v1,0.5186426907111071
Glyma.19G088400.Wm82.a4.v1,0.5186100047161222
Glyma.09G024600.Wm82.a4.v1,0.5185819881489921
Glyma.02G128300.Wm82.a4.v1,0.5185726492932821
Glyma.05G205467.Wm82.a4.v1,0.518502607875457
Glyma.12G094900.Wm82.a4.v1,0.5184325664576319
Glyma.04G192900.Wm82.a4.v1,0.518413888746212
Glyma.10G142800.Wm82.a4.v1,0.5182738059105618
Glyma.20G194200.Wm82.a4.v1,0.5182644670548517
Glyma.19G225600.Wm82.a4.v1,0.5182551281991418
Glyma.20G245300.Wm82.a4.v1,0.5182224422041567
Glyma.10G191400.Wm82.a4.v1,0.5182131033484467
Glyma.08G247800.Wm82.a4.v1,0.5180076485228265
Glyma.17G119500.Wm82.a4.v1,0.5179983096671165
Glyma.14G212500.Wm82.a4.v1,0.5178535574036114
Glyma.15G027500.Wm82.a4.v1,0.5178442185479013
Glyma.12G170100.Wm82.a4.v1,0.5178348796921913
Glyma.07G122000.Wm82.a4.v1,0.5177695077022213
Glyma.18G080000.Wm82.a4.v1,0.5176667802894112
Glyma.13G247800.Wm82.a4.v1,0.517592069443731
Glyma.18G006600.Wm82.a4.v1,0.517568722304456
Glyma.03G085900.Wm82.a4.v1,0.517508019742341
Glyma.01G233700.Wm82.a4.v1,0.5174800031752109
Glyma.01G067100.Wm82.a4.v1,0.5174519866080809
Glyma.17G059800.Wm82.a4.v1,0.5174473171802259
Glyma.04G024900.Wm82.a4.v1,0.5173772757624008
Glyma.17G157300.Wm82.a4.v1,0.5173726063345458
Glyma.15G032800.Wm82.a4.v1,0.5173399203395608
Glyma.11G176400.Wm82.a4.v1,0.5173259120559958
Glyma.08G347800.Wm82.a4.v1,0.5172558706381707
Glyma.08G058200.Wm82.a4.v1,0.5172512012103156
Glyma.08G081000.Wm82.a4.v1,0.5172325234988957
Glyma.08G163800.Wm82.a4.v1,0.5172231846431856
Glyma.13G152576.Wm82.a4.v1,0.5171764903646356
Glyma.17G109500.Wm82.a4.v1,0.5171718209367806
Glyma.20G007800.Wm82.a4.v1,0.5170550852404054
Glyma.U031121.Wm82.a4.v1,0.5170504158125505
Glyma.11G033800.Wm82.a4.v1,0.5169850438225804
Glyma.01G131300.Wm82.a4.v1,0.5169336801161754
Glyma.02G199700.Wm82.a4.v1,0.5167702501412502
Glyma.19G077600.Wm82.a4.v1,0.5167609112855401
Glyma.10G236200.Wm82.a4.v1,0.5167095475791351
Glyma.19G077100.Wm82.a4.v1,0.5167048781512801
Glyma.10G001100.Wm82.a4.v1,0.5167002087234251
Glyma.15G149300.Wm82.a4.v1,0.5166815310120051
Glyma.16G041600.Wm82.a4.v1,0.5165367787484999
Glyma.11G027200.Wm82.a4.v1,0.5164760761863849
Glyma.07G251200.Wm82.a4.v1,0.5164247124799798
Glyma.16G219200.Wm82.a4.v1,0.5163733487735748
Glyma.01G095100.Wm82.a4.v1,0.5163500016342998
Glyma.11G148000.Wm82.a4.v1,0.5162939685000397
Glyma.04G170100.Wm82.a4.v1,0.5162052493707946
Glyma.16G122300.Wm82.a4.v1,0.5161632245200996
Glyma.11G125500.Wm82.a4.v1,0.5161538856643896
Glyma.11G090500.Wm82.a4.v1,0.5161492162365345
Glyma.09G264000.Wm82.a4.v1,0.5161211996694045
Glyma.10G072100.Wm82.a4.v1,0.5160651665351444
Glyma.06G321400.Wm82.a4.v1,0.5160044639730293
Glyma.15G261800.Wm82.a4.v1,0.5159344225552043
Glyma.06G146000.Wm82.a4.v1,0.5159297531273493
Glyma.19G106900.Wm82.a4.v1,0.5158830588487993
Glyma.13G130800.Wm82.a4.v1,0.5158737199930893
Glyma.07G031300.Wm82.a4.v1,0.5157850008638442
Glyma.01G159000.Wm82.a4.v1,0.5157709925802791
Glyma.04G052900.Wm82.a4.v1,0.5157336371574391
Glyma.14G063900.Wm82.a4.v1,0.515649587456049
Glyma.02G203800.Wm82.a4.v1,0.515602893177499
Glyma.13G077900.Wm82.a4.v1,0.5155982237496439
Glyma.10G001900.Wm82.a4.v1,0.515588884893934
Glyma.16G114900.Wm82.a4.v1,0.5155328517596739
Glyma.16G220800.Wm82.a4.v1,0.5155095046203989
Glyma.11G026600.Wm82.a4.v1,0.5155001657646888
Glyma.02G268600.Wm82.a4.v1,0.5154768186254138
Glyma.19G137300.Wm82.a4.v1,0.5154441326304288
Glyma.20G124800.Wm82.a4.v1,0.5153740912126037
Glyma.01G097700.Wm82.a4.v1,0.5153647523568937
Glyma.11G166300.Wm82.a4.v1,0.5152853720833587
Glyma.04G052700.Wm82.a4.v1,0.5152480166605186
Glyma.01G124900.Wm82.a4.v1,0.5152480166605186
Glyma.13G128600.Wm82.a4.v1,0.5152246695212436
Glyma.20G191700.Wm82.a4.v1,0.5152200000933885
Glyma.03G198000.Wm82.a4.v1,0.5152059918098235
Glyma.02G072600.Wm82.a4.v1,0.5151779752426935
Glyma.19G259200.Wm82.a4.v1,0.5151359503919984
Glyma.06G235200.Wm82.a4.v1,0.5151079338248684
Glyma.15G056200.Wm82.a4.v1,0.5151032643970135
Glyma.20G108800.Wm82.a4.v1,0.5150238841234783
Glyma.09G223000.Wm82.a4.v1,0.5150238841234783
Glyma.13G047500.Wm82.a4.v1,0.5150145452677684
Glyma.18G175500.Wm82.a4.v1,0.5149958675563483
Glyma.19G131700.Wm82.a4.v1,0.5149164872828133
Glyma.07G190200.Wm82.a4.v1,0.5149071484271033
Glyma.06G134000.Wm82.a4.v1,0.5148838012878282
Glyma.20G212200.Wm82.a4.v1,0.5147904127307281
Glyma.09G158100.Wm82.a4.v1,0.5147670655914531
Glyma.02G275900.Wm82.a4.v1,0.5147530573078881
Glyma.19G042200.Wm82.a4.v1,0.5146456604672229
Glyma.14G148900.Wm82.a4.v1,0.5145709496215428
Glyma.18G160200.Wm82.a4.v1,0.5145009082037177
Glyma.07G191900.Wm82.a4.v1,0.5144868999201527
Glyma.06G204800.Wm82.a4.v1,0.5144261973580377
Glyma.03G008600.Wm82.a4.v1,0.5143841725073427
Glyma.17G120200.Wm82.a4.v1,0.5142907839502425
Glyma.17G062000.Wm82.a4.v1,0.5142907839502425
Glyma.13G127800.Wm82.a4.v1,0.5142674368109675
Glyma.12G164100.Wm82.a4.v1,0.5142487590995475
Glyma.04G016000.Wm82.a4.v1,0.5142020648209975
Glyma.14G011100.Wm82.a4.v1,0.5141133456917524
Glyma.10G161600.Wm82.a4.v1,0.5140666514132023
Glyma.10G053900.Wm82.a4.v1,0.5139779322839573
Glyma.08G348400.Wm82.a4.v1,0.5139685934282472
Glyma.03G175800.Wm82.a4.v1,0.5139312380054072
Glyma.15G227300.Wm82.a4.v1,0.5139172297218422
Glyma.02G088300.Wm82.a4.v1,0.5138892131547121
Glyma.11G105400.Wm82.a4.v1,0.513763138602627
Glyma.12G136300.Wm82.a4.v1,0.5135903697719918
Glyma.19G232400.Wm82.a4.v1,0.5135857003441369
Glyma.17G198400.Wm82.a4.v1,0.5135436754934418
Glyma.17G071900.Wm82.a4.v1,0.5134596257920517
Glyma.09G032600.Wm82.a4.v1,0.5134362786527766
Glyma.04G209000.Wm82.a4.v1,0.5134269397970667
Glyma.03G222100.Wm82.a4.v1,0.5133008652449815
Glyma.07G207800.Wm82.a4.v1,0.5132868569614165
Glyma.16G077000.Wm82.a4.v1,0.5132821875335615
Glyma.13G002400.Wm82.a4.v1,0.5132308238271565
Glyma.18G293800.Wm82.a4.v1,0.5132308238271565
Glyma.16G112300.Wm82.a4.v1,0.5132261543993014
Glyma.01G117800.Wm82.a4.v1,0.5131747906928964
Glyma.08G067400.Wm82.a4.v1,0.5131607824093314
Glyma.12G005400.Wm82.a4.v1,0.5131000798472163
Glyma.13G080400.Wm82.a4.v1,0.5130253690015363
Glyma.16G176000.Wm82.a4.v1,0.5128712778823211
Glyma.06G014300.Wm82.a4.v1,0.5128432613151911
Glyma.09G081800.Wm82.a4.v1,0.512838591887336
Glyma.05G096900.Wm82.a4.v1,0.5128292530316261
Glyma.13G048200.Wm82.a4.v1,0.512791897608786
Glyma.07G042800.Wm82.a4.v1,0.512777889325221
Glyma.16G054200.Wm82.a4.v1,0.512773219897366
Glyma.04G205700.Wm82.a4.v1,0.512768550469511
Glyma.16G043800.Wm82.a4.v1,0.5127078479073959
Glyma.12G231700.Wm82.a4.v1,0.5126378064895708
Glyma.03G233000.Wm82.a4.v1,0.5126191287781509
Glyma.04G175100.Wm82.a4.v1,0.5125957816388758
Glyma.14G167900.Wm82.a4.v1,0.5125864427831658
Glyma.14G065300.Wm82.a4.v1,0.5125350790767608
Glyma.15G107100.Wm82.a4.v1,0.5124650376589357
Glyma.18G299600.Wm82.a4.v1,0.5123716491018355
Glyma.03G205500.Wm82.a4.v1,0.5123016076840105
Glyma.13G111900.Wm82.a4.v1,0.5122455745497504
Glyma.16G050500.Wm82.a4.v1,0.5121661942762153
Glyma.03G093200.Wm82.a4.v1,0.5121428471369404
Glyma.01G072000.Wm82.a4.v1,0.511829995470655
Glyma.09G123500.Wm82.a4.v1,0.5117973094756699
Glyma.11G227900.Wm82.a4.v1,0.5117973094756699
Glyma.11G131600.Wm82.a4.v1,0.5117692929085399
Glyma.19G193800.Wm82.a4.v1,0.5116759043514398
Glyma.02G056900.Wm82.a4.v1,0.5116712349235848
Glyma.02G173900.Wm82.a4.v1,0.5116198712171798
Glyma.08G090500.Wm82.a4.v1,0.5116058629336148
Glyma.17G021800.Wm82.a4.v1,0.5115498297993547
Glyma.17G197600.Wm82.a4.v1,0.5115358215157897
Glyma.09G007700.Wm82.a4.v1,0.5114984660929496
Glyma.05G147302.Wm82.a4.v1,0.5114891272372396
Glyma.08G293000.Wm82.a4.v1,0.5114190858194145
Glyma.19G023000.Wm82.a4.v1,0.5113957386801395
Glyma.17G125900.Wm82.a4.v1,0.5113490444015895
Glyma.14G005800.Wm82.a4.v1,0.5111856144266643
Glyma.06G192600.Wm82.a4.v1,0.5110735481581442
Glyma.19G121500.Wm82.a4.v1,0.5110455315910142
Glyma.08G221000.Wm82.a4.v1,0.5110455315910142
Glyma.10G003000.Wm82.a4.v1,0.5110128455960291
Glyma.13G314900.Wm82.a4.v1,0.510994167884609
Glyma.19G147700.Wm82.a4.v1,0.5109894984567541
Glyma.06G029400.Wm82.a4.v1,0.510956812461769
Glyma.10G142600.Wm82.a4.v1,0.5109474736060591
Glyma.20G031300.Wm82.a4.v1,0.5108821016160889
Glyma.10G221800.Wm82.a4.v1,0.5107513576361489
Glyma.08G194600.Wm82.a4.v1,0.5107140022133088
Glyma.07G178600.Wm82.a4.v1,0.5107093327854538
Glyma.04G055700.Wm82.a4.v1,0.5106532996511938
Glyma.03G144500.Wm82.a4.v1,0.5106346219397737
Glyma.01G194100.Wm82.a4.v1,0.5106159442283537
Glyma.09G066500.Wm82.a4.v1,0.5105925970890787
Glyma.14G025700.Wm82.a4.v1,0.5105925970890787
Glyma.10G285900.Wm82.a4.v1,0.5104104894027335
Glyma.13G206500.Wm82.a4.v1,0.5104058199748784
Glyma.20G130432.Wm82.a4.v1,0.5103544562684734
Glyma.01G220200.Wm82.a4.v1,0.5103217702734884
Glyma.01G015500.Wm82.a4.v1,0.5102377205720983
Glyma.18G292300.Wm82.a4.v1,0.5101443320149982
Glyma.06G010600.Wm82.a4.v1,0.5101256543035781
Glyma.01G036200.Wm82.a4.v1,0.5101256543035781
Glyma.02G305000.Wm82.a4.v1,0.5100789600250282
Glyma.12G097500.Wm82.a4.v1,0.5100229268907681
Glyma.20G100400.Wm82.a4.v1,0.509948216045088
Glyma.01G151800.Wm82.a4.v1,0.5099015217665379
Glyma.12G010500.Wm82.a4.v1,0.5098361497765679
Glyma.16G087200.Wm82.a4.v1,0.5098314803487128
Glyma.10G296700.Wm82.a4.v1,0.5098128026372929
Glyma.16G025900.Wm82.a4.v1,0.5097380917916128
Glyma.10G250400.Wm82.a4.v1,0.5097007363687728
Glyma.17G204800.Wm82.a4.v1,0.5095279675381376
Glyma.14G076800.Wm82.a4.v1,0.5094485872646025
Glyma.17G027100.Wm82.a4.v1,0.5093505292796474
Glyma.07G069300.Wm82.a4.v1,0.5093365209960824
Glyma.09G228500.Wm82.a4.v1,0.5092758184339673
Glyma.13G172200.Wm82.a4.v1,0.5092571407225472
Glyma.19G010500.Wm82.a4.v1,0.5092337935832723
Glyma.07G115700.Wm82.a4.v1,0.5092197852997072
Glyma.18G263900.Wm82.a4.v1,0.5091847645907946
Glyma.08G111100.Wm82.a4.v1,0.5091824298768672
Glyma.03G058100.Wm82.a4.v1,0.5091310661704621
Glyma.05G121100.Wm82.a4.v1,0.5091310661704621
Glyma.09G012600.Wm82.a4.v1,0.5090516858969271
Glyma.14G156600.Wm82.a4.v1,0.5090143304740871
Glyma.07G070600.Wm82.a4.v1,0.508976975051247
Glyma.09G135800.Wm82.a4.v1,0.508958297339827
Glyma.19G064800.Wm82.a4.v1,0.5089069336334219
Glyma.06G019600.Wm82.a4.v1,0.5087808590813367
Glyma.01G245500.Wm82.a4.v1,0.5087014788078017
Glyma.13G310600.Wm82.a4.v1,0.5086547845292516
Glyma.07G072700.Wm82.a4.v1,0.5086267679621216
Glyma.08G289600.Wm82.a4.v1,0.5086034208228466
Glyma.07G087500.Wm82.a4.v1,0.5085287099771665
Glyma.07G020800.Wm82.a4.v1,0.5084820156986164
Glyma.01G164200.Wm82.a4.v1,0.5084680074150514
Glyma.05G173600.Wm82.a4.v1,0.5084306519922114
Glyma.19G082900.Wm82.a4.v1,0.5084259825643563
Glyma.01G029600.Wm82.a4.v1,0.5084026354250814
Glyma.10G141000.Wm82.a4.v1,0.5083746188579513
Glyma.14G138000.Wm82.a4.v1,0.5083606105743863
Glyma.13G266700.Wm82.a4.v1,0.5083092468679813
Glyma.12G156300.Wm82.a4.v1,0.5082858997287062
Glyma.05G074400.Wm82.a4.v1,0.5082532137337212
Glyma.02G066500.Wm82.a4.v1,0.5081644946044761
Glyma.05G118600.Wm82.a4.v1,0.508117800325926
Glyma.13G148100.Wm82.a4.v1,0.508103792042361
Glyma.12G091500.Wm82.a4.v1,0.508094453186651
Glyma.16G176100.Wm82.a4.v1,0.508024411768826
Glyma.14G077000.Wm82.a4.v1,0.508015072913116
Glyma.03G126400.Wm82.a4.v1,0.5079543703510009
Glyma.09G002200.Wm82.a4.v1,0.5079216843560158
Glyma.08G345000.Wm82.a4.v1,0.5078983372167408
Glyma.05G047900.Wm82.a4.v1,0.5078889983610309
Glyma.19G075600.Wm82.a4.v1,0.5077722626646557
Glyma.05G129800.Wm82.a4.v1,0.5077629238089457
Glyma.11G154200.Wm82.a4.v1,0.5077535849532356
Glyma.14G146200.Wm82.a4.v1,0.5077395766696706
Glyma.15G173100.Wm82.a4.v1,0.5077162295303956
Glyma.17G062100.Wm82.a4.v1,0.5076368492568606
Glyma.05G181800.Wm82.a4.v1,0.5076368492568606
Glyma.03G175900.Wm82.a4.v1,0.5075014358490654
Glyma.04G145200.Wm82.a4.v1,0.5074920969933554
Glyma.08G332200.Wm82.a4.v1,0.5073987084362553
Glyma.03G016700.Wm82.a4.v1,0.5073426753019953
Glyma.18G099600.Wm82.a4.v1,0.5072726338841702
Glyma.15G166600.Wm82.a4.v1,0.5072492867448951
Glyma.13G062400.Wm82.a4.v1,0.5072259396056201
Glyma.04G043900.Wm82.a4.v1,0.5071675717574325
Glyma.09G193700.Wm82.a4.v1,0.50714188990423
Glyma.13G030600.Wm82.a4.v1,0.507137220476375
Glyma.06G149900.Wm82.a4.v1,0.507034493063565
Glyma.10G270200.Wm82.a4.v1,0.5070158153521449
Glyma.13G198800.Wm82.a4.v1,0.5070018070685799
Glyma.08G213500.Wm82.a4.v1,0.5069877987850149
Glyma.03G123400.Wm82.a4.v1,0.5069877987850149
Glyma.07G224800.Wm82.a4.v1,0.5068944102279148
Glyma.02G005700.Wm82.a4.v1,0.5067449885365546
Glyma.14G196800.Wm82.a4.v1,0.5066375916958895
Glyma.07G097700.Wm82.a4.v1,0.5066142445566145
Glyma.14G151300.Wm82.a4.v1,0.5066002362730495
Glyma.08G185900.Wm82.a4.v1,0.5065815585616295
Glyma.11G156931.Wm82.a4.v1,0.5065675502780644
Glyma.09G136900.Wm82.a4.v1,0.5064928394323843
Glyma.18G272300.Wm82.a4.v1,0.5064835005766744
Glyma.19G136500.Wm82.a4.v1,0.5064321368702693
Glyma.16G066400.Wm82.a4.v1,0.5064087897309942
Glyma.15G177400.Wm82.a4.v1,0.5063901120195743
Glyma.09G091600.Wm82.a4.v1,0.5063620954524443
Glyma.20G049300.Wm82.a4.v1,0.5063620954524443
Glyma.06G173000.Wm82.a4.v1,0.5062967234624741
Glyma.04G176500.Wm82.a4.v1,0.506198665477519
Glyma.10G218100.Wm82.a4.v1,0.5061939960496641
Glyma.13G009800.Wm82.a4.v1,0.5061006074925639
Glyma.07G079000.Wm82.a4.v1,0.5060865992089989
Glyma.07G235500.Wm82.a4.v1,0.5059465163733488
Glyma.10G137900.Wm82.a4.v1,0.5057970946819886
Glyma.01G138800.Wm82.a4.v1,0.5057177144084535
Glyma.17G058900.Wm82.a4.v1,0.5054842430157033
Glyma.17G134700.Wm82.a4.v1,0.5054468875928633
Glyma.02G307400.Wm82.a4.v1,0.505260110478663
Glyma.03G236700.Wm82.a4.v1,0.5052507716229531
Glyma.13G335000.Wm82.a4.v1,0.5051690566354905
Glyma.15G190700.Wm82.a4.v1,0.5050873416480278
Glyma.07G119000.Wm82.a4.v1,0.5049939530909278
Glyma.08G211800.Wm82.a4.v1,0.5049939530909278
Glyma.09G147300.Wm82.a4.v1,0.5049519282402327
Glyma.06G172500.Wm82.a4.v1,0.5049472588123777
Glyma.01G197600.Wm82.a4.v1,0.5049425893845227
Glyma.05G219500.Wm82.a4.v1,0.5048398619717126
Glyma.20G156900.Wm82.a4.v1,0.5048025065488726
Glyma.06G066400.Wm82.a4.v1,0.5047137874196275
Glyma.01G144800.Wm82.a4.v1,0.5046297377182374
Glyma.02G220400.Wm82.a4.v1,0.5046297377182374
Glyma.11G088700.Wm82.a4.v1,0.5045456880168473
Glyma.10G198600.Wm82.a4.v1,0.5045410185889923
Glyma.20G242800.Wm82.a4.v1,0.5045316797332823
Glyma.08G335600.Wm82.a4.v1,0.5045130020218622
Glyma.15G067500.Wm82.a4.v1,0.5044382911761822
Glyma.06G292900.Wm82.a4.v1,0.5043915968976321
Glyma.14G076700.Wm82.a4.v1,0.504293538912677
Glyma.16G005800.Wm82.a4.v1,0.5042842000569671
Glyma.14G026000.Wm82.a4.v1,0.504260852917692
Glyma.17G255900.Wm82.a4.v1,0.5041721337884469
Glyma.16G052700.Wm82.a4.v1,0.5041534560770269
Glyma.17G180900.Wm82.a4.v1,0.5041394477934619
Glyma.13G002500.Wm82.a4.v1,0.5041254395098969
Glyma.07G012700.Wm82.a4.v1,0.5041114312263318
Glyma.09G173000.Wm82.a4.v1,0.5040834146592018
Glyma.11G130700.Wm82.a4.v1,0.5040787452313468
Glyma.07G199000.Wm82.a4.v1,0.5040367203806517
Glyma.01G021301.Wm82.a4.v1,0.5039993649578117
Glyma.13G217900.Wm82.a4.v1,0.5039806872463917
Glyma.20G216900.Wm82.a4.v1,0.5039013069728566
Glyma.20G202900.Wm82.a4.v1,0.5038732904057266
Glyma.16G006700.Wm82.a4.v1,0.5036631661522514
Glyma.06G232400.Wm82.a4.v1,0.5034390336152111
Glyma.19G194600.Wm82.a4.v1,0.503354983913821
Glyma.11G242000.Wm82.a4.v1,0.503312959063126
Glyma.01G232100.Wm82.a4.v1,0.503284942495996
Glyma.03G195300.Wm82.a4.v1,0.503247587073156
Glyma.02G259100.Wm82.a4.v1,0.5032382482174459
Glyma.13G175800.Wm82.a4.v1,0.5031261819489258
Glyma.05G174600.Wm82.a4.v1,0.5031261819489258
Glyma.11G181700.Wm82.a4.v1,0.5030748182425208
Glyma.10G023900.Wm82.a4.v1,0.5030701488146657
Glyma.08G150800.Wm82.a4.v1,0.5030327933918257
Glyma.11G221900.Wm82.a4.v1,0.5030234545361157
Glyma.06G127900.Wm82.a4.v1,0.5030187851082607
Glyma.02G068300.Wm82.a4.v1,0.5029907685411307
Glyma.08G073000.Wm82.a4.v1,0.5029814296854207
Glyma.19G017700.Wm82.a4.v1,0.5029720908297106
Glyma.02G211500.Wm82.a4.v1,0.5029300659790156
Glyma.13G063600.Wm82.a4.v1,0.5029020494118855
Glyma.07G165800.Wm82.a4.v1,0.5028320079940605
Glyma.03G175100.Wm82.a4.v1,0.5027713054319454
Glyma.01G218100.Wm82.a4.v1,0.5027619665762354
Glyma.14G116000.Wm82.a4.v1,0.5027246111533954
Glyma.12G019200.Wm82.a4.v1,0.5027082681559029
Glyma.02G153500.Wm82.a4.v1,0.5026499003077153
Glyma.12G167300.Wm82.a4.v1,0.5026125448848753
Glyma.08G124200.Wm82.a4.v1,0.5025938671734552
Glyma.18G049100.Wm82.a4.v1,0.5025845283177452
Glyma.01G052200.Wm82.a4.v1,0.5025798588898902
Glyma.03G242000.Wm82.a4.v1,0.5024444454820951
Glyma.10G027100.Wm82.a4.v1,0.5024397760542401
Glyma.13G131300.Wm82.a4.v1,0.502388412347835
Glyma.13G068100.Wm82.a4.v1,0.5022810155071699
Glyma.03G229400.Wm82.a4.v1,0.5022156435171998
Glyma.10G149200.Wm82.a4.v1,0.5021922963779248
Glyma.19G124800.Wm82.a4.v1,0.5021502715272298
Glyma.07G082900.Wm82.a4.v1,0.5020989078208247
Glyma.08G231000.Wm82.a4.v1,0.5020989078208247
Glyma.06G088400.Wm82.a4.v1,0.5019308084180445
Glyma.16G150000.Wm82.a4.v1,0.5019214695623345
Glyma.20G122200.Wm82.a4.v1,0.5018747752837844
Glyma.03G183600.Wm82.a4.v1,0.5018701058559295
Glyma.06G323900.Wm82.a4.v1,0.5017860561545394
Glyma.08G304300.Wm82.a4.v1,0.5017767172988293
Glyma.07G219300.Wm82.a4.v1,0.5017393618759893
Glyma.17G026000.Wm82.a4.v1,0.5016879981695843
Glyma.19G109000.Wm82.a4.v1,0.5016646510303092
Glyma.02G215600.Wm82.a4.v1,0.5016553121745992
Glyma.20G110700.Wm82.a4.v1,0.5016506427467442
Glyma.03G256800.Wm82.a4.v1,0.5016319650353243
Glyma.12G147700.Wm82.a4.v1,0.5016226261796142
Glyma.12G019400.Wm82.a4.v1,0.5015245681946591
Glyma.15G029700.Wm82.a4.v1,0.501431179637559
Glyma.02G127200.Wm82.a4.v1,0.5012163859562287
Glyma.01G094800.Wm82.a4.v1,0.5012023776726637
Glyma.01G137300.Wm82.a4.v1,0.5012023776726637
Glyma.02G285800.Wm82.a4.v1,0.5011743611055337
Glyma.10G108600.Wm82.a4.v1,0.5011510139662587
Glyma.08G149000.Wm82.a4.v1,0.5010622948370136
Glyma.13G074600.Wm82.a4.v1,0.5009922534191885
Glyma.19G067900.Wm82.a4.v1,0.5009502285684935
Glyma.13G317300.Wm82.a4.v1,0.5009315508570735
Glyma.18G028500.Wm82.a4.v1,0.5009175425735085
Glyma.05G014400.Wm82.a4.v1,0.5008428317278284
Glyma.06G301300.Wm82.a4.v1,0.5008334928721184
Glyma.04G193000.Wm82.a4.v1,0.5007914680214234
Glyma.13G058700.Wm82.a4.v1,0.5007074183200333
Glyma.04G201400.Wm82.a4.v1,0.5005906826236581
Glyma.15G269900.Wm82.a4.v1,0.500506632922268
Glyma.18G072500.Wm82.a4.v1,0.500469277499428
Glyma.18G276800.Wm82.a4.v1,0.500459938643718
Glyma.06G019900.Wm82.a4.v1,0.500436591504443
Glyma.20G235800.Wm82.a4.v1,0.5002591532459528
Glyma.06G228900.Wm82.a4.v1,0.5002077895395477
Glyma.08G322700.Wm82.a4.v1,0.5001237398381576
Glyma.17G242200.Wm82.a4.v1,0.5000536984203325
Glyma.16G032500.Wm82.a4.v1,0.4999276238682474
Glyma.07G257000.Wm82.a4.v1,0.4998949378732624
Glyma.19G233300.Wm82.a4.v1,0.4998902684454074
Glyma.17G231100.Wm82.a4.v1,0.49983890473900233
Glyma.03G159500.Wm82.a4.v1,0.4998295658832923
Glyma.07G232500.Wm82.a4.v1,0.49982022702758233
Glyma.17G114000.Wm82.a4.v1,0.49974084675404723
Glyma.13G114700.Wm82.a4.v1,0.49973617732619224
Glyma.03G167300.Wm82.a4.v1,0.4997315078983372
Glyma.14G095000.Wm82.a4.v1,0.49963811934123714
Glyma.15G250400.Wm82.a4.v1,0.4996194416298171
Glyma.05G006300.Wm82.a4.v1,0.4996147722019621
Glyma.07G138300.Wm82.a4.v1,0.49960543334625207
Glyma.07G006400.Wm82.a4.v1,0.49960543334625207
Glyma.11G076600.Wm82.a4.v1,0.49957741677912204
Glyma.14G025100.Wm82.a4.v1,0.499526053072717
Glyma.16G144800.Wm82.a4.v1,0.49947935879416694
Glyma.06G266800.Wm82.a4.v1,0.4994373339434719
Glyma.18G059000.Wm82.a4.v1,0.49935795366993685
Glyma.01G077600.Wm82.a4.v1,0.4993159288192418
Glyma.10G269500.Wm82.a4.v1,0.49931125939138676
Glyma.05G013500.Wm82.a4.v1,0.4992692345406917
Glyma.18G134200.Wm82.a4.v1,0.49921320140643166
Glyma.09G023300.Wm82.a4.v1,0.49920386255072163
Glyma.04G233600.Wm82.a4.v1,0.4991618377000266
Glyma.02G204000.Wm82.a4.v1,0.49911981284933155
Glyma.01G142300.Wm82.a4.v1,0.4990637797150715
Glyma.13G256700.Wm82.a4.v1,0.4989937382972464
Glyma.16G098700.Wm82.a4.v1,0.49898906886939143
Glyma.03G192100.Wm82.a4.v1,0.49898439944153644
Glyma.06G002200.Wm82.a4.v1,0.49890501916800134
Glyma.03G182900.Wm82.a4.v1,0.49875559747664117
Glyma.19G209200.Wm82.a4.v1,0.49872758090951114
Glyma.13G336900.Wm82.a4.v1,0.4986715477752511
Glyma.06G158900.Wm82.a4.v1,0.49860617578528105
Glyma.08G145900.Wm82.a4.v1,0.498573489790296
Glyma.17G222100.Wm82.a4.v1,0.498554812078876
Glyma.15G128500.Wm82.a4.v1,0.49854547322316595
Glyma.04G177000.Wm82.a4.v1,0.49852679551174595
Glyma.09G002600.Wm82.a4.v1,0.4985034483724709
Glyma.07G273900.Wm82.a4.v1,0.49844741523821084
Glyma.17G086000.Wm82.a4.v1,0.49844274581035586
Glyma.02G152200.Wm82.a4.v1,0.49843807638250087
Glyma.08G256100.Wm82.a4.v1,0.49841005981537084
Glyma.08G082200.Wm82.a4.v1,0.49839605153180583
Glyma.14G081700.Wm82.a4.v1,0.4983166712582707
Glyma.18G045800.Wm82.a4.v1,0.4981765884226206
Glyma.07G254502.Wm82.a4.v1,0.4981205552883605
Glyma.13G046500.Wm82.a4.v1,0.4981018775769405
Glyma.03G025500.Wm82.a4.v1,0.4979758030248554
Glyma.15G093600.Wm82.a4.v1,0.4979758030248554
Glyma.20G046700.Wm82.a4.v1,0.49778435648280017
Glyma.05G150000.Wm82.a4.v1,0.4977656787713801
Glyma.18G153800.Wm82.a4.v1,0.4977470010599601
Glyma.18G059800.Wm82.a4.v1,0.49770964563712006
Glyma.16G202700.Wm82.a4.v1,0.49768629849784507
Glyma.04G093600.Wm82.a4.v1,0.49757890165717994
Glyma.01G143100.Wm82.a4.v1,0.4974574965329498
Glyma.07G016100.Wm82.a4.v1,0.4974061328265448
Glyma.02G236700.Wm82.a4.v1,0.49738278568726974
Glyma.06G075900.Wm82.a4.v1,0.49731741369729965
Glyma.04G005800.Wm82.a4.v1,0.49731274426944466
Glyma.08G068000.Wm82.a4.v1,0.49728005827445965
Glyma.03G013200.Wm82.a4.v1,0.4972707194187496
Glyma.03G068900.Wm82.a4.v1,0.49718200028950454
Glyma.17G117500.Wm82.a4.v1,0.49718200028950454
Glyma.03G256300.Wm82.a4.v1,0.4971633225780845
Glyma.03G186700.Wm82.a4.v1,0.4970932811602594
Glyma.13G042100.Wm82.a4.v1,0.4969718760360293
Glyma.10G220800.Wm82.a4.v1,0.4969625371803193
Glyma.09G067200.Wm82.a4.v1,0.49688782633463924
Glyma.11G160100.Wm82.a4.v1,0.4967757600661191
Glyma.15G168600.Wm82.a4.v1,0.4967524129268441
Glyma.05G222600.Wm82.a4.v1,0.4967477434989891
Glyma.02G119000.Wm82.a4.v1,0.49673840464327906
Glyma.04G128800.Wm82.a4.v1,0.49672439635971405
Glyma.15G048600.Wm82.a4.v1,0.4965516275290789
Glyma.09G023400.Wm82.a4.v1,0.4964675778276888
Glyma.02G308000.Wm82.a4.v1,0.49643489183270373
Glyma.08G025500.Wm82.a4.v1,0.4964162141212837
Glyma.04G014000.Wm82.a4.v1,0.4964162141212837
Glyma.09G196300.Wm82.a4.v1,0.49636485041487866
Glyma.09G012500.Wm82.a4.v1,0.49636018098702367
Glyma.10G026200.Wm82.a4.v1,0.4963088172806186
Glyma.09G140300.Wm82.a4.v1,0.49626212300206857
Glyma.16G088400.Wm82.a4.v1,0.4961453873056934
Glyma.10G112400.Wm82.a4.v1,0.49605666817644833
Glyma.05G030400.Wm82.a4.v1,0.4960006350421883
Glyma.16G044800.Wm82.a4.v1,0.4959959656143333
Glyma.03G004500.Wm82.a4.v1,0.49597728790291323
Glyma.03G199700.Wm82.a4.v1,0.4959025770572332
Glyma.15G073300.Wm82.a4.v1,0.4958652216343931
Glyma.04G039800.Wm82.a4.v1,0.495743816510163
Glyma.18G011100.Wm82.a4.v1,0.495729808226598
Glyma.03G177400.Wm82.a4.v1,0.495715799943033
Glyma.09G068400.Wm82.a4.v1,0.495701791659468
Glyma.08G165600.Wm82.a4.v1,0.49569712223161294
Glyma.15G048000.Wm82.a4.v1,0.4956177419580779
Glyma.04G015000.Wm82.a4.v1,0.4956037336745129
Glyma.08G213300.Wm82.a4.v1,0.49557571710738285
Glyma.12G214600.Wm82.a4.v1,0.4955383616845428
Glyma.02G275400.Wm82.a4.v1,0.49551501454526775
Glyma.20G113400.Wm82.a4.v1,0.49551034511741276
Glyma.10G259000.Wm82.a4.v1,0.49549633683384775
Glyma.09G249100.Wm82.a4.v1,0.4954449731274427
Glyma.13G320100.Wm82.a4.v1,0.4953562539981976
Glyma.20G099200.Wm82.a4.v1,0.4953095597196476
Glyma.16G212900.Wm82.a4.v1,0.49530489029179253
Glyma.02G181300.Wm82.a4.v1,0.49528621258037253
Glyma.15G053500.Wm82.a4.v1,0.4951928240232724
Glyma.01G131200.Wm82.a4.v1,0.4951928240232724
Glyma.15G165200.Wm82.a4.v1,0.4951554686004324
Glyma.12G018800.Wm82.a4.v1,0.4951554686004324
Glyma.04G217500.Wm82.a4.v1,0.49512278260544734
Glyma.06G153700.Wm82.a4.v1,0.49511811317759236
Glyma.11G005100.Wm82.a4.v1,0.4950620800433323
Glyma.02G133500.Wm82.a4.v1,0.4950434023319123
Glyma.08G313300.Wm82.a4.v1,0.49490798892411714
Glyma.16G068000.Wm82.a4.v1,0.4948939806405521
Glyma.19G020000.Wm82.a4.v1,0.4948706335012771
Glyma.07G089400.Wm82.a4.v1,0.4948659640734221
Glyma.20G249900.Wm82.a4.v1,0.494805261511307
Glyma.11G037600.Wm82.a4.v1,0.494791253227742
Glyma.10G093600.Wm82.a4.v1,0.49476323666061195
Glyma.11G159857.Wm82.a4.v1,0.4947352200934819
Glyma.09G269000.Wm82.a4.v1,0.4946184843971068
Glyma.11G217200.Wm82.a4.v1,0.4944737321336017
Glyma.13G004100.Wm82.a4.v1,0.4943569964372265
Glyma.09G007600.Wm82.a4.v1,0.4943243104422415
Glyma.17G196400.Wm82.a4.v1,0.4942589384522714
Glyma.15G219300.Wm82.a4.v1,0.49424959959656145
Glyma.04G023400.Wm82.a4.v1,0.4942449301687064
Glyma.13G047900.Wm82.a4.v1,0.4942169136015764
Glyma.10G003500.Wm82.a4.v1,0.4941935664623014
Glyma.06G307200.Wm82.a4.v1,0.4941795581787364
Glyma.08G264100.Wm82.a4.v1,0.49417488875088134
Glyma.11G028500.Wm82.a4.v1,0.49415154161160635
Glyma.13G177400.Wm82.a4.v1,0.49415154161160635
Glyma.15G012900.Wm82.a4.v1,0.49408616962163626
Glyma.02G097600.Wm82.a4.v1,0.4940021199202462
Glyma.02G163200.Wm82.a4.v1,0.49396943392526116
Glyma.20G026800.Wm82.a4.v1,0.4939647644974061
Glyma.08G303800.Wm82.a4.v1,0.49395542564169614
Glyma.04G193600.Wm82.a4.v1,0.49394141735813113
Glyma.04G068000.Wm82.a4.v1,0.4939180702188561
Glyma.13G110300.Wm82.a4.v1,0.49389472307958104
Glyma.05G245500.Wm82.a4.v1,0.493848028801031
Glyma.20G182400.Wm82.a4.v1,0.493843359373176
Glyma.17G068400.Wm82.a4.v1,0.493820012233901
Glyma.07G237200.Wm82.a4.v1,0.49379199566677096
Glyma.06G083500.Wm82.a4.v1,0.4937406319603659
Glyma.09G185000.Wm82.a4.v1,0.49368926825396087
Glyma.02G276900.Wm82.a4.v1,0.49358187141329574
Glyma.10G175400.Wm82.a4.v1,0.4935491854183107
Glyma.15G248800.Wm82.a4.v1,0.4934744745726306
Glyma.14G089018.Wm82.a4.v1,0.49342311086622553
Glyma.14G082900.Wm82.a4.v1,0.49340443315480553
Glyma.19G047100.Wm82.a4.v1,0.4933950942990955
Glyma.16G143500.Wm82.a4.v1,0.49324100317988034
Glyma.02G037500.Wm82.a4.v1,0.49315228405063527
Glyma.02G052200.Wm82.a4.v1,0.4931476146227803
Glyma.09G268300.Wm82.a4.v1,0.49310558977208524
Glyma.04G021400.Wm82.a4.v1,0.4930822426328102
Glyma.08G347400.Wm82.a4.v1,0.49304021778211515
Glyma.19G261800.Wm82.a4.v1,0.4929888540757101
Glyma.02G098500.Wm82.a4.v1,0.4929795152200001
Glyma.19G222100.Wm82.a4.v1,0.49291414323003
Glyma.02G161600.Wm82.a4.v1,0.492890796090755
Glyma.15G040100.Wm82.a4.v1,0.4927927381057999
Glyma.18G139400.Wm82.a4.v1,0.4927927381057999
Glyma.15G203400.Wm82.a4.v1,0.49276005211081486
Glyma.17G122700.Wm82.a4.v1,0.4927180272601198
Glyma.01G178500.Wm82.a4.v1,0.4926993495486998
Glyma.15G231900.Wm82.a4.v1,0.49264798584229474
Glyma.06G120500.Wm82.a4.v1,0.4926059609915997
Glyma.13G187800.Wm82.a4.v1,0.49254992785733964
Glyma.20G178200.Wm82.a4.v1,0.4925172418623546
Glyma.06G043400.Wm82.a4.v1,0.49248455586736956
Glyma.12G120400.Wm82.a4.v1,0.4924752170116596
Glyma.05G228800.Wm82.a4.v1,0.4923444730317194
Glyma.16G150700.Wm82.a4.v1,0.4923164564645894
Glyma.18G034200.Wm82.a4.v1,0.4922417456189093
Glyma.01G176900.Wm82.a4.v1,0.4922183984796343
Glyma.04G235700.Wm82.a4.v1,0.4921436876339542
Glyma.08G031500.Wm82.a4.v1,0.4921203404946792
Glyma.13G269700.Wm82.a4.v1,0.49207831564398413
Glyma.17G080000.Wm82.a4.v1,0.4920502990768541
Glyma.03G228500.Wm82.a4.v1,0.491952241091899
Glyma.13G317800.Wm82.a4.v1,0.491942902236189
Glyma.16G026900.Wm82.a4.v1,0.4918681913905089
Glyma.17G126700.Wm82.a4.v1,0.49181215825624885
Glyma.20G210600.Wm82.a4.v1,0.4917514556941338
Glyma.15G167900.Wm82.a4.v1,0.49170009198772874
Glyma.04G089300.Wm82.a4.v1,0.49162071171419364
Glyma.02G146200.Wm82.a4.v1,0.4915740174356436
Glyma.07G155300.Wm82.a4.v1,0.4914292651721385
Glyma.12G177200.Wm82.a4.v1,0.4913779014657334
Glyma.05G004200.Wm82.a4.v1,0.49133587661503836
Glyma.12G136900.Wm82.a4.v1,0.4913125294757633
Glyma.17G136000.Wm82.a4.v1,0.49130319062005334
Glyma.19G044200.Wm82.a4.v1,0.4912845129086333
Glyma.11G142400.Wm82.a4.v1,0.4912471574857933
Glyma.12G158500.Wm82.a4.v1,0.49124248805793824
Glyma.09G010000.Wm82.a4.v1,0.4911911243515332
Glyma.08G306100.Wm82.a4.v1,0.49110707465014314
Glyma.13G222400.Wm82.a4.v1,0.4910977357944331
Glyma.13G211500.Wm82.a4.v1,0.49106038037159305
Glyma.12G080000.Wm82.a4.v1,0.49105571094373807
Glyma.14G129700.Wm82.a4.v1,0.490999677809478
Glyma.03G104500.Wm82.a4.v1,0.490990338953768
Glyma.08G157500.Wm82.a4.v1,0.49094831410307294
Glyma.11G175200.Wm82.a4.v1,0.49086426440168285
Glyma.11G184601.Wm82.a4.v1,0.4908549255459729
Glyma.04G242700.Wm82.a4.v1,0.4907942229838578
Glyma.09G174200.Wm82.a4.v1,0.49076153698887276
Glyma.11G133200.Wm82.a4.v1,0.49074285927745276
Glyma.15G066600.Wm82.a4.v1,0.4907241815660327
Glyma.18G276300.Wm82.a4.v1,0.49065414014820763
Glyma.12G166900.Wm82.a4.v1,0.49063079300893264
Glyma.09G178500.Wm82.a4.v1,0.4906214541532226
Glyma.02G006500.Wm82.a4.v1,0.4905934375860926
Glyma.17G060300.Wm82.a4.v1,0.4903973216161824
Glyma.06G142700.Wm82.a4.v1,0.49017318907914215
Glyma.18G091600.Wm82.a4.v1,0.4901451725120121
Glyma.03G146300.Wm82.a4.v1,0.490019097959927
Glyma.20G151900.Wm82.a4.v1,0.48997707310923194
Glyma.07G273800.Wm82.a4.v1,0.48994438711424687
Glyma.13G228300.Wm82.a4.v1,0.4899397176863919
Glyma.18G071100.Wm82.a4.v1,0.4899397176863919
Glyma.08G234200.Wm82.a4.v1,0.4899350482585369
Glyma.09G023800.Wm82.a4.v1,0.4899210399749719
Glyma.12G203800.Wm82.a4.v1,0.48991637054711684
Glyma.09G107400.Wm82.a4.v1,0.48989769283569684
Glyma.15G079100.Wm82.a4.v1,0.4897856265671767
Glyma.13G138900.Wm82.a4.v1,0.48972959343291667
Glyma.06G218100.Wm82.a4.v1,0.4896782297265116
Glyma.20G151500.Wm82.a4.v1,0.48963153544796156
Glyma.11G226500.Wm82.a4.v1,0.4895708328858465
Glyma.13G087200.Wm82.a4.v1,0.4895661634579915
Glyma.18G216400.Wm82.a4.v1,0.48951479975158646
Glyma.13G149100.Wm82.a4.v1,0.4894727749008914
Glyma.10G294500.Wm82.a4.v1,0.4894587666173264
Glyma.01G139633.Wm82.a4.v1,0.4894120723387763
Glyma.07G082700.Wm82.a4.v1,0.48940740291092133
Glyma.14G124900.Wm82.a4.v1,0.4893700474880813
Glyma.03G161300.Wm82.a4.v1,0.4892159563688661
Glyma.18G008200.Wm82.a4.v1,0.4891879398017361
Glyma.20G221800.Wm82.a4.v1,0.4891786009460261
Glyma.06G116600.Wm82.a4.v1,0.48914124552318605
Glyma.14G043500.Wm82.a4.v1,0.4890105015432459
Glyma.15G136000.Wm82.a4.v1,0.4889731461204059
Glyma.07G117800.Wm82.a4.v1,0.4889544684089858
Glyma.10G214900.Wm82.a4.v1,0.4889171129861458
Glyma.10G052000.Wm82.a4.v1,0.4888143855733357
Glyma.05G161700.Wm82.a4.v1,0.48880037728977066
Glyma.20G027400.Wm82.a4.v1,0.4887396747276556
Glyma.05G067100.Wm82.a4.v1,0.4887256664440906
Glyma.06G323200.Wm82.a4.v1,0.4887209970162356
Glyma.08G227900.Wm82.a4.v1,0.48868364159339556
Glyma.13G235600.Wm82.a4.v1,0.48868364159339556
Glyma.18G255000.Wm82.a4.v1,0.48861826960342547
Glyma.11G155677.Wm82.a4.v1,0.4885388893298904
Glyma.19G137200.Wm82.a4.v1,0.4885295504741804
Glyma.09G274900.Wm82.a4.v1,0.4885155421906154
Glyma.12G203700.Wm82.a4.v1,0.48850153390705037
Glyma.08G161000.Wm82.a4.v1,0.4884968644791954
Glyma.17G200200.Wm82.a4.v1,0.48848285619563037
Glyma.20G103400.Wm82.a4.v1,0.4884501702006453
Glyma.15G159000.Wm82.a4.v1,0.4884408313449353
Glyma.09G204200.Wm82.a4.v1,0.4884314924892253
Glyma.01G201100.Wm82.a4.v1,0.48839413706638524
Glyma.01G203800.Wm82.a4.v1,0.4883427733599802
Glyma.07G199600.Wm82.a4.v1,0.4883147567928502
Glyma.03G064800.Wm82.a4.v1,0.4883147567928502
Glyma.07G207200.Wm82.a4.v1,0.4880859548279549
Glyma.05G181900.Wm82.a4.v1,0.4880345911215499
Glyma.10G290400.Wm82.a4.v1,0.48801591341012984
Glyma.06G320600.Wm82.a4.v1,0.4879645497037248
Glyma.17G027300.Wm82.a4.v1,0.4879645497037248
Glyma.10G222800.Wm82.a4.v1,0.4879505414201598
Glyma.07G267800.Wm82.a4.v1,0.4879505414201598
Glyma.17G126200.Wm82.a4.v1,0.4877404171666846
Glyma.05G205200.Wm82.a4.v1,0.4877264088831196
Glyma.09G235400.Wm82.a4.v1,0.48771240059955456
Glyma.17G035200.Wm82.a4.v1,0.48771240059955456
Glyma.13G320700.Wm82.a4.v1,0.4874789292068043
Glyma.14G024100.Wm82.a4.v1,0.4873201686597341
Glyma.07G182400.Wm82.a4.v1,0.4873201686597341
Glyma.10G015300.Wm82.a4.v1,0.4872874826647491
Glyma.05G242400.Wm82.a4.v1,0.48727347438118407
Glyma.09G059400.Wm82.a4.v1,0.4872104371051415
Glyma.02G122500.Wm82.a4.v1,0.4871380609733889
Glyma.20G225500.Wm82.a4.v1,0.4870259947048688
Glyma.08G018400.Wm82.a4.v1,0.4870119864213038
Glyma.09G244200.Wm82.a4.v1,0.4869279367199137
Glyma.05G192900.Wm82.a4.v1,0.4868158704513936
Glyma.13G110500.Wm82.a4.v1,0.4868112010235386
Glyma.06G301500.Wm82.a4.v1,0.48677851502855357
Glyma.13G136000.Wm82.a4.v1,0.4867411596057135
Glyma.09G192200.Wm82.a4.v1,0.4867364901778585
Glyma.14G162600.Wm82.a4.v1,0.48671781246643847
Glyma.04G019600.Wm82.a4.v1,0.48659173791435334
Glyma.09G209200.Wm82.a4.v1,0.4865123576408183
Glyma.06G231000.Wm82.a4.v1,0.48648901050154325
Glyma.07G080200.Wm82.a4.v1,0.48640496080015316
Glyma.01G199100.Wm82.a4.v1,0.4864002913722982
Glyma.04G222600.Wm82.a4.v1,0.4863512623798206
Glyma.16G027500.Wm82.a4.v1,0.48629756395948803
Glyma.05G025200.Wm82.a4.v1,0.486264877964503
Glyma.02G151400.Wm82.a4.v1,0.486236861397373
Glyma.16G096600.Wm82.a4.v1,0.486204175402388
Glyma.18G289000.Wm82.a4.v1,0.48618082826311293
Glyma.09G249500.Wm82.a4.v1,0.48618082826311293
Glyma.11G227300.Wm82.a4.v1,0.4860827702781578
Glyma.03G193300.Wm82.a4.v1,0.48605008428317276
Glyma.08G002800.Wm82.a4.v1,0.48603607599960774
Glyma.06G009400.Wm82.a4.v1,0.48601739828818774
Glyma.17G049400.Wm82.a4.v1,0.48586797659682757
Glyma.17G228500.Wm82.a4.v1,0.48573256318903246
Glyma.04G218800.Wm82.a4.v1,0.4855504555026873
Glyma.15G074200.Wm82.a4.v1,0.48552243893555724
Glyma.12G051900.Wm82.a4.v1,0.4854990917962822
Glyma.06G116800.Wm82.a4.v1,0.48547574465700716
Glyma.20G166300.Wm82.a4.v1,0.4854103726670371
Glyma.09G262000.Wm82.a4.v1,0.4854010338113271
Glyma.14G222700.Wm82.a4.v1,0.485298306398517
Glyma.19G040100.Wm82.a4.v1,0.4852235955528369
Glyma.13G158600.Wm82.a4.v1,0.4852002484135619
Glyma.20G212500.Wm82.a4.v1,0.4851722318464319
Glyma.08G237150.Wm82.a4.v1,0.48503214901078173
Glyma.05G018000.Wm82.a4.v1,0.4850274795829267
Glyma.18G253400.Wm82.a4.v1,0.4850134712993617
Glyma.11G082600.Wm82.a4.v1,0.4850088018715067
Glyma.08G111000.Wm82.a4.v1,0.48498545473223165
Glyma.11G118900.Wm82.a4.v1,0.48496677702081165
Glyma.14G078200.Wm82.a4.v1,0.4849107438865516
Glyma.09G138300.Wm82.a4.v1,0.4847333056280614
Glyma.17G160900.Wm82.a4.v1,0.48467260306594634
Glyma.18G237800.Wm82.a4.v1,0.4846539253545263
Glyma.19G253200.Wm82.a4.v1,0.4846492559266713
Glyma.05G170500.Wm82.a4.v1,0.48460256164812127
Glyma.11G161500.Wm82.a4.v1,0.4845978922202662
Glyma.18G070400.Wm82.a4.v1,0.4845558673695712
Glyma.02G051100.Wm82.a4.v1,0.48452318137458616
Glyma.07G052400.Wm82.a4.v1,0.4844624788124711
Glyma.14G218900.Wm82.a4.v1,0.48441111510606605
Glyma.10G088700.Wm82.a4.v1,0.4843901026807185
Glyma.08G242800.Wm82.a4.v1,0.484364420827516
Glyma.14G069800.Wm82.a4.v1,0.48433173483253095
Glyma.18G000800.Wm82.a4.v1,0.48420799499437334
Glyma.03G119900.Wm82.a4.v1,0.4842056602804458
Glyma.06G169400.Wm82.a4.v1,0.4839815277434056
Glyma.04G084800.Wm82.a4.v1,0.48394884174842057
Glyma.12G027900.Wm82.a4.v1,0.4839114863255805
Glyma.14G123000.Wm82.a4.v1,0.4838788003305955
Glyma.15G114400.Wm82.a4.v1,0.48384144490775544
Glyma.17G178800.Wm82.a4.v1,0.48372003978352535
Glyma.04G095300.Wm82.a4.v1,0.4836966926442503
Glyma.13G187100.Wm82.a4.v1,0.4836920232163953
Glyma.17G004400.Wm82.a4.v1,0.48365466779355526
Glyma.20G105000.Wm82.a4.v1,0.48360797351500523
Glyma.18G167300.Wm82.a4.v1,0.48360797351500523
Glyma.18G280600.Wm82.a4.v1,0.4835145849579051
Glyma.20G173100.Wm82.a4.v1,0.48346322125150004
Glyma.03G210000.Wm82.a4.v1,0.48335582441083497
Glyma.01G034300.Wm82.a4.v1,0.48334648555512494
Glyma.11G073900.Wm82.a4.v1,0.4833091301322849
Glyma.17G188600.Wm82.a4.v1,0.4833044607044299
Glyma.19G242600.Wm82.a4.v1,0.48328111356515485
Glyma.13G153120.Wm82.a4.v1,0.4832390887144598
Glyma.19G018100.Wm82.a4.v1,0.4831457001573597
Glyma.08G229800.Wm82.a4.v1,0.48309900587880966
Glyma.20G025500.Wm82.a4.v1,0.4830289644609846
Glyma.07G229600.Wm82.a4.v1,0.48300094789385456
Glyma.02G052400.Wm82.a4.v1,0.48288888162533444
Glyma.14G008900.Wm82.a4.v1,0.4828515262024944
Glyma.03G083200.Wm82.a4.v1,0.48283751791892937
Glyma.06G030700.Wm82.a4.v1,0.48270677393898925
Glyma.14G080400.Wm82.a4.v1,0.4826974350832792
Glyma.11G087600.Wm82.a4.v1,0.48260404652617916
Glyma.05G212100.Wm82.a4.v1,0.482482641401949
Glyma.12G115800.Wm82.a4.v1,0.48241259998412395
Glyma.08G004800.Wm82.a4.v1,0.4823052031434588
Glyma.13G277100.Wm82.a4.v1,0.48228185600418383
Glyma.18G098800.Wm82.a4.v1,0.4822538394370538
Glyma.03G017600.Wm82.a4.v1,0.48223049229777876
Glyma.15G234500.Wm82.a4.v1,0.48223049229777876
Glyma.04G113700.Wm82.a4.v1,0.4822071451585037
Glyma.17G094400.Wm82.a4.v1,0.48213243431282365
Glyma.04G097100.Wm82.a4.v1,0.4820950788899836
Glyma.01G214700.Wm82.a4.v1,0.48201569861644855
Glyma.08G079300.Wm82.a4.v1,0.4819970209050285
Glyma.17G045300.Wm82.a4.v1,0.48193631834291345
Glyma.10G012000.Wm82.a4.v1,0.4818802852086534
Glyma.04G212100.Wm82.a4.v1,0.4818802852086534
Glyma.05G033500.Wm82.a4.v1,0.4818289215022483
Glyma.03G223300.Wm82.a4.v1,0.4817682189401333
Glyma.08G185200.Wm82.a4.v1,0.4817495412287132
Glyma.04G089400.Wm82.a4.v1,0.4817215246615832
Glyma.20G162500.Wm82.a4.v1,0.48169350809445316
Glyma.17G071100.Wm82.a4.v1,0.48149739212454296
Glyma.03G002000.Wm82.a4.v1,0.4814506978459929
Glyma.08G112000.Wm82.a4.v1,0.4813106150103428
Glyma.07G007400.Wm82.a4.v1,0.4812405735925177
Glyma.07G037800.Wm82.a4.v1,0.48121722645324266
Glyma.12G119000.Wm82.a4.v1,0.4811331767518526
Glyma.11G063700.Wm82.a4.v1,0.48108648247330255
Glyma.10G225500.Wm82.a4.v1,0.48099309391620243
Glyma.09G257800.Wm82.a4.v1,0.4808810276476823
Glyma.09G185600.Wm82.a4.v1,0.4808810276476823
Glyma.15G148700.Wm82.a4.v1,0.4808763582198273
Glyma.18G054800.Wm82.a4.v1,0.4807596225234522
Glyma.12G228900.Wm82.a4.v1,0.48070825881704715
Glyma.06G106800.Wm82.a4.v1,0.4806522256827871
Glyma.02G055400.Wm82.a4.v1,0.48061487025994704
Glyma.19G091500.Wm82.a4.v1,0.48060553140423706
Glyma.13G155600.Wm82.a4.v1,0.48059152312067205
Glyma.19G168800.Wm82.a4.v1,0.480572845409252
Glyma.08G083600.Wm82.a4.v1,0.48040007657861683
Glyma.05G090000.Wm82.a4.v1,0.4803767294393418
Glyma.07G198400.Wm82.a4.v1,0.4803580517279218
Glyma.08G363400.Wm82.a4.v1,0.48033470458864674
Glyma.17G231200.Wm82.a4.v1,0.4801152414794615
Glyma.02G274800.Wm82.a4.v1,0.4801059026237515
Glyma.06G089800.Wm82.a4.v1,0.4800825554844765
Glyma.06G155800.Wm82.a4.v1,0.48007321662876645
Glyma.11G250300.Wm82.a4.v1,0.4800171834945064
Glyma.05G012300.Wm82.a4.v1,0.4799051172259863
Glyma.20G217400.Wm82.a4.v1,0.4798864395145663
Glyma.19G012000.Wm82.a4.v1,0.4798817700867113
Glyma.17G085700.Wm82.a4.v1,0.4798350758081612
Glyma.05G203100.Wm82.a4.v1,0.4798350758081612
Glyma.17G080700.Wm82.a4.v1,0.47975569553462616
Glyma.20G122400.Wm82.a4.v1,0.4797090012560761
Glyma.19G142500.Wm82.a4.v1,0.47965763754967106
Glyma.12G035600.Wm82.a4.v1,0.47965763754967106
Glyma.16G015700.Wm82.a4.v1,0.479652968121816
Glyma.01G011100.Wm82.a4.v1,0.479624951554686
Glyma.17G219300.Wm82.a4.v1,0.479601604415411
Glyma.07G021400.Wm82.a4.v1,0.47956424899257094
Glyma.01G098700.Wm82.a4.v1,0.4795268935697309
Glyma.11G046300.Wm82.a4.v1,0.47949887700260085
Glyma.17G088100.Wm82.a4.v1,0.4794335050126308
Glyma.17G036500.Wm82.a4.v1,0.4794054884455008
Glyma.20G118300.Wm82.a4.v1,0.47937747187837076
Glyma.06G198300.Wm82.a4.v1,0.47925139732628563
Glyma.17G087300.Wm82.a4.v1,0.4792420584705756
Glyma.08G094100.Wm82.a4.v1,0.4792327196148656
Glyma.18G172300.Wm82.a4.v1,0.47916734762489555
Glyma.04G103000.Wm82.a4.v1,0.47908796735136044
Glyma.04G029400.Wm82.a4.v1,0.47898990936640534
Glyma.19G169500.Wm82.a4.v1,0.47883114881933514
Glyma.08G360900.Wm82.a4.v1,0.4787844545407851
Glyma.06G238400.Wm82.a4.v1,0.4787704462572201
Glyma.05G018200.Wm82.a4.v1,0.47872842140652505
Glyma.02G216100.Wm82.a4.v1,0.478691065983685
Glyma.12G238500.Wm82.a4.v1,0.4785789997151649
Glyma.11G178255.Wm82.a4.v1,0.47854631372017986
Glyma.11G113500.Wm82.a4.v1,0.4784435863073698
Glyma.12G098800.Wm82.a4.v1,0.4784109003123847
Glyma.03G195700.Wm82.a4.v1,0.47818676777534447
Glyma.07G231900.Wm82.a4.v1,0.4781447429246494
Glyma.13G070900.Wm82.a4.v1,0.4780793709346794
Glyma.15G043600.Wm82.a4.v1,0.47797664352186925
Glyma.02G214300.Wm82.a4.v1,0.4779673046661593
Glyma.08G336400.Wm82.a4.v1,0.4779673046661593
Glyma.11G092100.Wm82.a4.v1,0.47795329638259426
Glyma.10G134200.Wm82.a4.v1,0.47792527981546423
Glyma.02G190000.Wm82.a4.v1,0.4778972632483342
Glyma.08G020500.Wm82.a4.v1,0.4778132135469441
Glyma.15G031200.Wm82.a4.v1,0.4778085441190891
Glyma.18G036200.Wm82.a4.v1,0.47776651926839403
Glyma.20G104700.Wm82.a4.v1,0.47769180842271397
Glyma.05G167900.Wm82.a4.v1,0.4776544529998739
Glyma.07G156000.Wm82.a4.v1,0.4776497835720189
Glyma.08G017800.Wm82.a4.v1,0.4775890810099039
Glyma.08G273300.Wm82.a4.v1,0.4775190395920788
Glyma.07G194200.Wm82.a4.v1,0.47746300645781875
Glyma.08G288700.Wm82.a4.v1,0.4774209816071237
Glyma.06G025200.Wm82.a4.v1,0.47740230389570365
Glyma.13G272600.Wm82.a4.v1,0.4773929650399936
Glyma.08G285700.Wm82.a4.v1,0.47738362618428365
Glyma.10G283200.Wm82.a4.v1,0.47731825419431356
Glyma.11G067600.Wm82.a4.v1,0.4772622210600535
Glyma.13G319400.Wm82.a4.v1,0.47720151849793846
Glyma.06G211500.Wm82.a4.v1,0.47717350193080843
Glyma.03G225000.Wm82.a4.v1,0.47690734454307315
Glyma.03G230200.Wm82.a4.v1,0.4769026751152181
Glyma.08G367100.Wm82.a4.v1,0.4768839974037981
Glyma.10G094100.Wm82.a4.v1,0.47672990628458295
Glyma.03G207300.Wm82.a4.v1,0.47672523685672796
Glyma.11G137800.Wm82.a4.v1,0.4767018897174529
Glyma.04G115900.Wm82.a4.v1,0.47659916230464283
Glyma.12G204300.Wm82.a4.v1,0.47659916230464283
Glyma.13G072700.Wm82.a4.v1,0.4765898234489328
Glyma.04G195700.Wm82.a4.v1,0.47650110431968773
Glyma.10G069600.Wm82.a4.v1,0.4764917654639777
Glyma.10G067500.Wm82.a4.v1,0.47646374889684767
Glyma.11G218700.Wm82.a4.v1,0.4764590794689927
Glyma.04G231900.Wm82.a4.v1,0.47637036033974756
Glyma.01G083000.Wm82.a4.v1,0.4761182112355773
Glyma.14G094100.Wm82.a4.v1,0.4761042029520123
Glyma.18G248100.Wm82.a4.v1,0.4760925293823748
Glyma.16G140200.Wm82.a4.v1,0.4760294921063322
Glyma.16G175600.Wm82.a4.v1,0.4759034175542471
Glyma.18G219000.Wm82.a4.v1,0.47589407869853706
Glyma.04G028300.Wm82.a4.v1,0.47589407869853706
Glyma.10G154000.Wm82.a4.v1,0.47588007041497205
Glyma.19G001700.Wm82.a4.v1,0.4757726735743069
Glyma.13G352400.Wm82.a4.v1,0.47576333471859694
Glyma.05G195500.Wm82.a4.v1,0.47573064872361187
Glyma.20G019700.Wm82.a4.v1,0.47561858245509175
Glyma.08G264402.Wm82.a4.v1,0.47561391302723677
Glyma.13G220000.Wm82.a4.v1,0.47559523531581677
Glyma.19G030900.Wm82.a4.v1,0.4755111856144267
Glyma.04G155300.Wm82.a4.v1,0.47550184675871665
Glyma.04G033700.Wm82.a4.v1,0.47549717733086166
Glyma.11G249300.Wm82.a4.v1,0.4754504830523116
Glyma.07G084700.Wm82.a4.v1,0.47539911934590656
Glyma.08G133900.Wm82.a4.v1,0.4753804416344865
Glyma.15G006700.Wm82.a4.v1,0.47530106136095146
Glyma.10G124600.Wm82.a4.v1,0.4752963919330964
Glyma.16G144500.Wm82.a4.v1,0.4752777142216764
Glyma.06G109400.Wm82.a4.v1,0.47521234223170633
Glyma.16G213000.Wm82.a4.v1,0.47510961481889624
Glyma.19G162400.Wm82.a4.v1,0.4749742014111011
Glyma.14G144100.Wm82.a4.v1,0.474885482281856
Glyma.19G160700.Wm82.a4.v1,0.47484345743116096
Glyma.14G089400.Wm82.a4.v1,0.47479676315261093
Glyma.19G075700.Wm82.a4.v1,0.4747734160133359
Glyma.05G126100.Wm82.a4.v1,0.4745913083269907
Glyma.01G004500.Wm82.a4.v1,0.4745866388991357
Glyma.02G059200.Wm82.a4.v1,0.4745632917598607
Glyma.14G175000.Wm82.a4.v1,0.47448391148632557
Glyma.02G166300.Wm82.a4.v1,0.47443721720777554
Glyma.16G129200.Wm82.a4.v1,0.4742177540985903
Glyma.04G111000.Wm82.a4.v1,0.4741243655414902
Glyma.16G005400.Wm82.a4.v1,0.4740683324072301
Glyma.02G279100.Wm82.a4.v1,0.4740356464122451
Glyma.13G259300.Wm82.a4.v1,0.47392824957158
Glyma.14G179500.Wm82.a4.v1,0.47378349730807484
Glyma.19G235900.Wm82.a4.v1,0.47366676161169974
Glyma.09G234000.Wm82.a4.v1,0.4736434144724247
Glyma.18G265900.Wm82.a4.v1,0.4735733730545996
Glyma.06G117300.Wm82.a4.v1,0.47350800106462954
Glyma.06G271500.Wm82.a4.v1,0.4734566373582245
Glyma.14G111900.Wm82.a4.v1,0.4734566373582245
Glyma.20G198800.Wm82.a4.v1,0.4733679182289794
Glyma.08G074900.Wm82.a4.v1,0.4733165545225744
Glyma.06G058200.Wm82.a4.v1,0.4732511825326043
Glyma.06G320800.Wm82.a4.v1,0.4731531245476492
Glyma.17G129500.Wm82.a4.v1,0.4731484551197942
Glyma.18G016700.Wm82.a4.v1,0.4731344468362292
Glyma.01G165100.Wm82.a4.v1,0.473003702856289
Glyma.16G149300.Wm82.a4.v1,0.472994364000579
Glyma.07G182700.Wm82.a4.v1,0.472975686289159
Glyma.04G099600.Wm82.a4.v1,0.4729056448713339
Glyma.17G121400.Wm82.a4.v1,0.4728215951699438
Glyma.16G030900.Wm82.a4.v1,0.4727282066128437
Glyma.09G169600.Wm82.a4.v1,0.4727095289014237
Glyma.07G173700.Wm82.a4.v1,0.47267217347858365
Glyma.11G173028.Wm82.a4.v1,0.47263481805574364
Glyma.13G233500.Wm82.a4.v1,0.4726068014886136
Glyma.15G248100.Wm82.a4.v1,0.4725274212150785
Glyma.12G137100.Wm82.a4.v1,0.47245271036939845
Glyma.17G026100.Wm82.a4.v1,0.47236866066800837
Glyma.18G166800.Wm82.a4.v1,0.4722005612652282
Glyma.08G299600.Wm82.a4.v1,0.472041800718158
Glyma.18G074900.Wm82.a4.v1,0.47188770959894283
Glyma.10G150900.Wm82.a4.v1,0.4718690318875228
Glyma.09G086000.Wm82.a4.v1,0.4718410153203928
Glyma.10G040800.Wm82.a4.v1,0.47181299875326277
Glyma.18G287400.Wm82.a4.v1,0.47181299875326277
Glyma.13G264100.Wm82.a4.v1,0.4717382879075827
Glyma.05G177800.Wm82.a4.v1,0.47171961019616265
Glyma.11G106500.Wm82.a4.v1,0.4716262216390626
Glyma.13G123800.Wm82.a4.v1,0.47158419678836755
Glyma.20G150700.Wm82.a4.v1,0.4714534528084274
Glyma.17G208500.Wm82.a4.v1,0.47125733683851717
Glyma.05G219300.Wm82.a4.v1,0.47122465084353216
Glyma.07G237700.Wm82.a4.v1,0.47114060114214207
Glyma.04G255100.Wm82.a4.v1,0.47114060114214207
Glyma.13G101000.Wm82.a4.v1,0.471117254002867
Glyma.05G077034.Wm82.a4.v1,0.47106122086860697
Glyma.08G018500.Wm82.a4.v1,0.47103320430147694
Glyma.18G243300.Wm82.a4.v1,0.4709584934557969
Glyma.15G042900.Wm82.a4.v1,0.4709117991772468
Glyma.02G144900.Wm82.a4.v1,0.4709094644633193
Glyma.17G053400.Wm82.a4.v1,0.4708744437544068
Glyma.10G167000.Wm82.a4.v1,0.47084642718727676
Glyma.18G115700.Wm82.a4.v1,0.4707436997744666
Glyma.14G195600.Wm82.a4.v1,0.4707016749237716
Glyma.17G135800.Wm82.a4.v1,0.47062229465023653
Glyma.12G107700.Wm82.a4.v1,0.47060361693881647
Glyma.09G166500.Wm82.a4.v1,0.47055692266026644
Glyma.07G039600.Wm82.a4.v1,0.4705148978095714
Glyma.16G075200.Wm82.a4.v1,0.47048688124244137
Glyma.14G001900.Wm82.a4.v1,0.4704261786803263
Glyma.13G090800.Wm82.a4.v1,0.4704215092524713
Glyma.10G240400.Wm82.a4.v1,0.4703234512675162
Glyma.07G177000.Wm82.a4.v1,0.47026274870540113
Glyma.08G139600.Wm82.a4.v1,0.4702207238547061
Glyma.15G169800.Wm82.a4.v1,0.4702067155711411
Glyma.06G178200.Wm82.a4.v1,0.47019270728757606
Glyma.20G097200.Wm82.a4.v1,0.470150682436881
Glyma.02G091500.Wm82.a4.v1,0.470117996441896
Glyma.19G127000.Wm82.a4.v1,0.47009931873047595
Glyma.04G250500.Wm82.a4.v1,0.4700899798747659
Glyma.07G198700.Wm82.a4.v1,0.47001059960123087
Glyma.04G079900.Wm82.a4.v1,0.46994989703911577
Glyma.14G079700.Wm82.a4.v1,0.46994989703911577
Glyma.02G127400.Wm82.a4.v1,0.4699265498998408
Glyma.09G255800.Wm82.a4.v1,0.46992188047198574
Glyma.04G205600.Wm82.a4.v1,0.4696744007956705
Glyma.13G080800.Wm82.a4.v1,0.4695856816664254
Glyma.18G240300.Wm82.a4.v1,0.4695856816664254
Glyma.12G202600.Wm82.a4.v1,0.4694736153979053
Glyma.11G009100.Wm82.a4.v1,0.4694689459700503
Glyma.11G220200.Wm82.a4.v1,0.46940824340793524
Glyma.15G117200.Wm82.a4.v1,0.4693755574129502
Glyma.07G205900.Wm82.a4.v1,0.46935687970153017
Glyma.20G203200.Wm82.a4.v1,0.46931485485083513
Glyma.06G291400.Wm82.a4.v1,0.4692821688558501
Glyma.02G179900.Wm82.a4.v1,0.46926349114443006
Glyma.13G250000.Wm82.a4.v1,0.469174772015185
Glyma.02G087000.Wm82.a4.v1,0.4691187388809249
Glyma.06G169200.Wm82.a4.v1,0.4689786560452748
Glyma.10G120300.Wm82.a4.v1,0.46896464776170976
Glyma.06G049600.Wm82.a4.v1,0.46895530890599973
Glyma.17G117700.Wm82.a4.v1,0.46893196176672475
Glyma.05G079400.Wm82.a4.v1,0.46874985408037956
Glyma.11G138300.Wm82.a4.v1,0.4685630769661793
Glyma.02G034700.Wm82.a4.v1,0.4684370024140942
Glyma.07G127600.Wm82.a4.v1,0.46832960557342906
Glyma.05G214200.Wm82.a4.v1,0.46821753930490895
Glyma.14G190900.Wm82.a4.v1,0.46813348960351886
Glyma.17G079900.Wm82.a4.v1,0.46809613418067886
Glyma.14G117800.Wm82.a4.v1,0.4679280347778987
Glyma.08G239900.Wm82.a4.v1,0.4678720016436386
Glyma.15G118600.Wm82.a4.v1,0.46771791052442346
Glyma.06G071300.Wm82.a4.v1,0.46770390224085845
Glyma.14G216100.Wm82.a4.v1,0.4676338608230334
Glyma.18G215400.Wm82.a4.v1,0.4675778276887733
Glyma.08G002500.Wm82.a4.v1,0.4674844391316732
Glyma.04G059700.Wm82.a4.v1,0.4673536951517331
Glyma.12G165400.Wm82.a4.v1,0.467321009156748
Glyma.07G087900.Wm82.a4.v1,0.467307000873183
Glyma.08G105400.Wm82.a4.v1,0.4671762568932429
Glyma.08G273400.Wm82.a4.v1,0.4671575791818228
Glyma.09G258600.Wm82.a4.v1,0.46710154604756277
Glyma.10G151500.Wm82.a4.v1,0.4669988186347527
Glyma.02G103900.Wm82.a4.v1,0.4669941492068977
Glyma.18G031000.Wm82.a4.v1,0.46698947977904265
Glyma.07G260200.Wm82.a4.v1,0.4668167109484075
Glyma.12G129300.Wm82.a4.v1,0.4668120415205525
Glyma.12G050200.Wm82.a4.v1,0.46679336380913244
Glyma.16G036900.Wm82.a4.v1,0.4667653472420024
Glyma.18G105600.Wm82.a4.v1,0.4667513389584374
Glyma.15G054800.Wm82.a4.v1,0.46667662811275734
Glyma.06G067900.Wm82.a4.v1,0.4661723299044168
Glyma.04G192100.Wm82.a4.v1,0.4661396439094318
Glyma.10G179800.Wm82.a4.v1,0.46613497448157676
Glyma.06G112800.Wm82.a4.v1,0.46590150308882655
Glyma.06G230600.Wm82.a4.v1,0.4658828253774065
Glyma.12G170300.Wm82.a4.v1,0.4658641476659865
Glyma.04G091500.Wm82.a4.v1,0.46583613109885647
Glyma.20G065200.Wm82.a4.v1,0.46581745338743646
Glyma.08G081900.Wm82.a4.v1,0.46572873425819133
Glyma.14G196200.Wm82.a4.v1,0.46567737055178626
Glyma.11G033600.Wm82.a4.v1,0.4655559654275562
Glyma.17G140900.Wm82.a4.v1,0.46554195714399116
Glyma.03G247300.Wm82.a4.v1,0.46552794886042614
Glyma.03G081600.Wm82.a4.v1,0.4655092711490061
Glyma.15G152700.Wm82.a4.v1,0.46526179147269087
Glyma.06G172100.Wm82.a4.v1,0.4651777417713008
Glyma.10G035800.Wm82.a4.v1,0.46516373348773576
Glyma.10G292551.Wm82.a4.v1,0.4650329895077956
Glyma.13G298000.Wm82.a4.v1,0.4649162538114205
Glyma.09G054300.Wm82.a4.v1,0.46480418754290037
Glyma.05G035600.Wm82.a4.v1,0.4647434849807853
Glyma.14G071200.Wm82.a4.v1,0.46468745184652527
Glyma.14G141500.Wm82.a4.v1,0.4646617699933227
Glyma.04G126600.Wm82.a4.v1,0.46461274100084515
Glyma.13G049600.Wm82.a4.v1,0.46460807157299017
Glyma.13G266300.Wm82.a4.v1,0.46459873271728014
Glyma.15G154700.Wm82.a4.v1,0.4645473690108751
Glyma.10G127100.Wm82.a4.v1,0.46452869129945507
Glyma.03G258000.Wm82.a4.v1,0.46451001358803506
Glyma.06G044900.Wm82.a4.v1,0.4642718727674298
Glyma.12G120100.Wm82.a4.v1,0.4642438562002998
Glyma.01G000600.Wm82.a4.v1,0.46422050906102474
Glyma.06G168300.Wm82.a4.v1,0.46420183134960474
Glyma.04G166900.Wm82.a4.v1,0.46420183134960474
Glyma.11G058500.Wm82.a4.v1,0.4641784842103297
Glyma.03G204400.Wm82.a4.v1,0.46415513707105466
Glyma.15G212200.Wm82.a4.v1,0.4641457982153447
Glyma.02G254000.Wm82.a4.v1,0.4640991039367946
Glyma.02G276400.Wm82.a4.v1,0.4640290625189695
Glyma.08G141500.Wm82.a4.v1,0.4639123268225944
Glyma.20G120900.Wm82.a4.v1,0.4638796408276094
Glyma.18G017200.Wm82.a4.v1,0.4638516242604794
Glyma.17G107900.Wm82.a4.v1,0.4637675745590893
Glyma.18G134900.Wm82.a4.v1,0.4637348885641042
Glyma.08G173200.Wm82.a4.v1,0.46365083886271413
Glyma.12G186600.Wm82.a4.v1,0.46364616943485915
Glyma.11G032300.Wm82.a4.v1,0.46348273945993396
Glyma.15G123600.Wm82.a4.v1,0.46335199547999384
Glyma.08G211500.Wm82.a4.v1,0.4633053012014438
Glyma.14G082600.Wm82.a4.v1,0.46324926806718375
Glyma.17G092000.Wm82.a4.v1,0.46316988779364865
Glyma.07G037200.Wm82.a4.v1,0.4630811686644036
Glyma.04G014400.Wm82.a4.v1,0.4630017883908685
Glyma.04G223900.Wm82.a4.v1,0.46296910239588346
Glyma.17G252900.Wm82.a4.v1,0.46295976354017343
Glyma.12G204100.Wm82.a4.v1,0.46288505269449337
Glyma.08G321000.Wm82.a4.v1,0.46287571383878334
Glyma.03G007400.Wm82.a4.v1,0.46286170555521833
Glyma.17G003200.Wm82.a4.v1,0.4628523666995083
Glyma.13G171900.Wm82.a4.v1,0.46272629214742317
Glyma.03G231800.Wm82.a4.v1,0.46263290359032305
Glyma.17G234600.Wm82.a4.v1,0.462576870456063
Glyma.15G126000.Wm82.a4.v1,0.46254885388893296
Glyma.02G271100.Wm82.a4.v1,0.4624087710532828
Glyma.09G269800.Wm82.a4.v1,0.46235273791902276
Glyma.08G015200.Wm82.a4.v1,0.4623433990633128
Glyma.10G166600.Wm82.a4.v1,0.4622733576454877
Glyma.08G107800.Wm82.a4.v1,0.46222666336693763
Glyma.10G214700.Wm82.a4.v1,0.4621986467998076
Glyma.11G105000.Wm82.a4.v1,0.46202587796917244
Glyma.20G100200.Wm82.a4.v1,0.4619885225463324
Glyma.08G236800.Wm82.a4.v1,0.4619184811285073
Glyma.04G063200.Wm82.a4.v1,0.4618064148599872
Glyma.12G098900.Wm82.a4.v1,0.46172703458645215
Glyma.13G211200.Wm82.a4.v1,0.46163364602935203
Glyma.19G107300.Wm82.a4.v1,0.46157761289509197
Glyma.08G041700.Wm82.a4.v1,0.4615215797608319
Glyma.17G105400.Wm82.a4.v1,0.4614421994872968
Glyma.09G266200.Wm82.a4.v1,0.4613768274973268
Glyma.02G065300.Wm82.a4.v1,0.4613488109301967
Glyma.03G256500.Wm82.a4.v1,0.4612460835173866
Glyma.16G026300.Wm82.a4.v1,0.4612320752338216
Glyma.08G096800.Wm82.a4.v1,0.46115736438814153
Glyma.04G242100.Wm82.a4.v1,0.4611433561045765
Glyma.07G227400.Wm82.a4.v1,0.4611340172488665
Glyma.05G214000.Wm82.a4.v1,0.46110600068173646
Glyma.08G078200.Wm82.a4.v1,0.46105930640318643
Glyma.19G200100.Wm82.a4.v1,0.46090054585611623
Glyma.01G197300.Wm82.a4.v1,0.46082583501043617
Glyma.08G069400.Wm82.a4.v1,0.460704429886206
Glyma.20G226800.Wm82.a4.v1,0.460639057896236
Glyma.08G159600.Wm82.a4.v1,0.4603121979463856
Glyma.19G263700.Wm82.a4.v1,0.4602468259564156
Glyma.03G013000.Wm82.a4.v1,0.46010674312076544
Glyma.03G180300.Wm82.a4.v1,0.4599713297129703
Glyma.18G297400.Wm82.a4.v1,0.4599666602851153
Glyma.15G125800.Wm82.a4.v1,0.45995732142940526
Glyma.07G181800.Wm82.a4.v1,0.45992930486227523
Glyma.06G102800.Wm82.a4.v1,0.459742527748075
Glyma.20G239300.Wm82.a4.v1,0.45973318889236503
Glyma.14G151400.Wm82.a4.v1,0.459723850036655
Glyma.05G245100.Wm82.a4.v1,0.4596398003352649
Glyma.04G226400.Wm82.a4.v1,0.4596257920516999
Glyma.19G113300.Wm82.a4.v1,0.45961645319598987
Glyma.12G179900.Wm82.a4.v1,0.4596117837681349
Glyma.16G003000.Wm82.a4.v1,0.45958376720100486
Glyma.20G243700.Wm82.a4.v1,0.4595744283452948
Glyma.16G213300.Wm82.a4.v1,0.45948103978819477
Glyma.13G029700.Wm82.a4.v1,0.459254572537227
Glyma.12G000700.Wm82.a4.v1,0.4592195518283145
Glyma.13G137700.Wm82.a4.v1,0.45921021297260445
Glyma.11G028700.Wm82.a4.v1,0.4592008741168945
Glyma.10G236702.Wm82.a4.v1,0.4590421135698243
Glyma.09G260100.Wm82.a4.v1,0.45902810528625926
Glyma.16G139700.Wm82.a4.v1,0.45900942757483926
Glyma.18G000500.Wm82.a4.v1,0.45898141100770923
Glyma.19G099200.Wm82.a4.v1,0.4589533944405792
Glyma.07G112400.Wm82.a4.v1,0.45887868359489914
Glyma.16G036400.Wm82.a4.v1,0.458775956182089
Glyma.13G096800.Wm82.a4.v1,0.458757278470669
Glyma.18G024700.Wm82.a4.v1,0.4586778981971339
Glyma.20G057100.Wm82.a4.v1,0.4586638899135689
Glyma.08G054800.Wm82.a4.v1,0.4586265344907289
Glyma.14G113900.Wm82.a4.v1,0.4585611625007588
Glyma.14G207300.Wm82.a4.v1,0.4584584350879487
Glyma.10G198300.Wm82.a4.v1,0.45840707138154363
Glyma.18G078200.Wm82.a4.v1,0.45816426113308334
Glyma.06G150900.Wm82.a4.v1,0.4581082279988233
Glyma.07G053100.Wm82.a4.v1,0.4580241782974332
Glyma.08G304700.Wm82.a4.v1,0.4580195088695782
Glyma.19G005000.Wm82.a4.v1,0.4579868228745932
Glyma.07G187300.Wm82.a4.v1,0.4579214508846231
Glyma.09G065700.Wm82.a4.v1,0.45787942603392806
Glyma.03G014300.Wm82.a4.v1,0.4578747566060731
Glyma.03G096300.Wm82.a4.v1,0.4576272769297578
Glyma.08G267900.Wm82.a4.v1,0.45758058265120777
Glyma.18G014800.Wm82.a4.v1,0.4575619049397877
Glyma.06G076100.Wm82.a4.v1,0.4575619049397877
Glyma.05G201800.Wm82.a4.v1,0.4575245495169477
Glyma.04G123100.Wm82.a4.v1,0.4575105412333827
Glyma.02G064800.Wm82.a4.v1,0.45749186352196264
Glyma.19G175600.Wm82.a4.v1,0.4574428345294851
Glyma.16G179300.Wm82.a4.v1,0.45730508640776246
Glyma.15G113900.Wm82.a4.v1,0.45722570613422736
Glyma.13G166400.Wm82.a4.v1,0.4571556647164023
Glyma.19G072400.Wm82.a4.v1,0.4570856232985772
Glyma.13G311300.Wm82.a4.v1,0.4570202513086072
Glyma.02G277800.Wm82.a4.v1,0.4569735570300571
Glyma.05G231700.Wm82.a4.v1,0.4569688876022021
Glyma.08G173900.Wm82.a4.v1,0.4569595487464921
Glyma.12G051700.Wm82.a4.v1,0.456922193323652
Glyma.19G148900.Wm82.a4.v1,0.45673074678159686
Glyma.19G247700.Wm82.a4.v1,0.4567073996423218
Glyma.05G021300.Wm82.a4.v1,0.4564832671052816
Glyma.16G141100.Wm82.a4.v1,0.4563805396924715
Glyma.09G232500.Wm82.a4.v1,0.45637587026461646
Glyma.12G166100.Wm82.a4.v1,0.4562964899910814
Glyma.09G148100.Wm82.a4.v1,0.45629182056322637
Glyma.03G254800.Wm82.a4.v1,0.45627314285180637
Glyma.08G041600.Wm82.a4.v1,0.45625913456824135
Glyma.14G103800.Wm82.a4.v1,0.4562217791454013
Glyma.13G346200.Wm82.a4.v1,0.45616107658328625
Glyma.01G149900.Wm82.a4.v1,0.4561050434490262
Glyma.15G253800.Wm82.a4.v1,0.4561003740211712
Glyma.10G104300.Wm82.a4.v1,0.4560910351654612
Glyma.13G310500.Wm82.a4.v1,0.45608169630975115
Glyma.07G032800.Wm82.a4.v1,0.4557128115092058
Glyma.19G240600.Wm82.a4.v1,0.45556805924570065
Glyma.09G214300.Wm82.a4.v1,0.45551202611144054
Glyma.04G070200.Wm82.a4.v1,0.4553999598429204
Glyma.04G086400.Wm82.a4.v1,0.4553859515593554
Glyma.01G200700.Wm82.a4.v1,0.4553719432757904
Glyma.01G009800.Wm82.a4.v1,0.45529256300225535
Glyma.19G170900.Wm82.a4.v1,0.4551664884501702
Glyma.08G319100.Wm82.a4.v1,0.45511045531591016
Glyma.06G189500.Wm82.a4.v1,0.4547976036496248
Glyma.16G093400.Wm82.a4.v1,0.45473690108750975
Glyma.19G037400.Wm82.a4.v1,0.4547135539482347
Glyma.11G236300.Wm82.a4.v1,0.4545921488240046
Glyma.13G282700.Wm82.a4.v1,0.45445673541620946
Glyma.11G160900.Wm82.a4.v1,0.4544333882769344
Glyma.06G130700.Wm82.a4.v1,0.4544100411376594
Glyma.08G325300.Wm82.a4.v1,0.4543306608641243
Glyma.13G339000.Wm82.a4.v1,0.4542326028791692
Glyma.04G210200.Wm82.a4.v1,0.4541532226056341
Glyma.04G177900.Wm82.a4.v1,0.4541205366106491
Glyma.11G098800.Wm82.a4.v1,0.4541205366106491
Glyma.02G223700.Wm82.a4.v1,0.45406917290424403
Glyma.17G098900.Wm82.a4.v1,0.454036486909259
Glyma.19G219300.Wm82.a4.v1,0.4539244206407389
Glyma.02G162000.Wm82.a4.v1,0.45391975121288386
Glyma.11G135500.Wm82.a4.v1,0.45387305693433383
Glyma.15G147300.Wm82.a4.v1,0.4538637180786238
Glyma.07G071400.Wm82.a4.v1,0.45380301551650876
Glyma.08G365500.Wm82.a4.v1,0.4537329740986837
Glyma.08G150200.Wm82.a4.v1,0.45371896581511867
Glyma.08G191100.Wm82.a4.v1,0.45368627982013365
Glyma.06G141500.Wm82.a4.v1,0.4536162384023086
Glyma.06G073200.Wm82.a4.v1,0.45352751927306345
Glyma.17G192000.Wm82.a4.v1,0.45352751927306345
Glyma.09G140700.Wm82.a4.v1,0.45349016385022345
Glyma.04G027700.Wm82.a4.v1,0.45349016385022345
Glyma.10G221900.Wm82.a4.v1,0.4534668167109484
Glyma.10G285700.Wm82.a4.v1,0.45344346957167336
Glyma.13G137000.Wm82.a4.v1,0.4533687587259933
Glyma.19G096500.Wm82.a4.v1,0.4532660313131832
Glyma.04G205100.Wm82.a4.v1,0.45320065932321313
Glyma.02G104900.Wm82.a4.v1,0.4531866510396481
Glyma.17G239700.Wm82.a4.v1,0.4531539650446631
Glyma.15G078000.Wm82.a4.v1,0.4531399567610981
Glyma.13G321500.Wm82.a4.v1,0.453102601338258
Glyma.19G096700.Wm82.a4.v1,0.453083923626838
Glyma.06G172000.Wm82.a4.v1,0.4529811962140279
Glyma.04G004700.Wm82.a4.v1,0.45294150607726036
Glyma.04G183300.Wm82.a4.v1,0.45283644395052275
Glyma.12G163500.Wm82.a4.v1,0.4528084273833927
Glyma.08G290400.Wm82.a4.v1,0.45275239424913266
Glyma.02G034051.Wm82.a4.v1,0.45264032798061254
Glyma.06G163900.Wm82.a4.v1,0.4525842948463525
Glyma.07G088700.Wm82.a4.v1,0.45257962541849744
Glyma.20G246400.Wm82.a4.v1,0.45254226999565744
Glyma.03G083100.Wm82.a4.v1,0.45249557571710736
Glyma.14G210900.Wm82.a4.v1,0.45246288972212234
Glyma.07G018400.Wm82.a4.v1,0.4524535508664123
Glyma.19G073200.Wm82.a4.v1,0.45237884002073225
Glyma.16G004200.Wm82.a4.v1,0.4523508234536022
Glyma.08G190500.Wm82.a4.v1,0.452131360344417
Glyma.02G162300.Wm82.a4.v1,0.452122021488707
Glyma.05G062500.Wm82.a4.v1,0.4519959469366219
Glyma.19G226400.Wm82.a4.v1,0.45189788895166677
Glyma.06G098000.Wm82.a4.v1,0.45187454181239173
Glyma.14G123700.Wm82.a4.v1,0.4518465252452617
Glyma.04G080400.Wm82.a4.v1,0.45183718638955167
Glyma.02G026000.Wm82.a4.v1,0.45183718638955167
Glyma.16G069400.Wm82.a4.v1,0.45182317810598666
Glyma.04G083800.Wm82.a4.v1,0.4518138392502767
Glyma.01G050500.Wm82.a4.v1,0.45179049211100164
Glyma.14G061900.Wm82.a4.v1,0.4517157812653216
Glyma.03G212300.Wm82.a4.v1,0.4516784258424815
Glyma.13G043500.Wm82.a4.v1,0.45167375641462654
Glyma.14G018000.Wm82.a4.v1,0.45151499586755633
Glyma.18G268800.Wm82.a4.v1,0.45132354932550117
Glyma.20G212000.Wm82.a4.v1,0.45131887989764613
Glyma.07G255700.Wm82.a4.v1,0.4512768550469511
Glyma.01G019800.Wm82.a4.v1,0.45119747477341604
Glyma.18G030600.Wm82.a4.v1,0.451169458206286
Glyma.03G171000.Wm82.a4.v1,0.4511414416391559
Glyma.11G190700.Wm82.a4.v1,0.4510760696491859
Glyma.20G099000.Wm82.a4.v1,0.45103871422634584
Glyma.11G213700.Wm82.a4.v1,0.4510247059427808
Glyma.07G025700.Wm82.a4.v1,0.4510153670870708
Glyma.20G005400.Wm82.a4.v1,0.4510106976592158
Glyma.16G148100.Wm82.a4.v1,0.45098735051994077
Glyma.13G055300.Wm82.a4.v1,0.4509313173856807
Glyma.09G158300.Wm82.a4.v1,0.45085660654000065
Glyma.15G006200.Wm82.a4.v1,0.4508332594007256
Glyma.10G028900.Wm82.a4.v1,0.4508145816893056
Glyma.18G240800.Wm82.a4.v1,0.4507025154207855
Glyma.05G224700.Wm82.a4.v1,0.45062780457510543
Glyma.06G077900.Wm82.a4.v1,0.45057644086870036
Glyma.08G073500.Wm82.a4.v1,0.45056710201299033
Glyma.18G253200.Wm82.a4.v1,0.45049706059516526
Glyma.14G002000.Wm82.a4.v1,0.4504690440280352
Glyma.13G207200.Wm82.a4.v1,0.4504550357444702
Glyma.17G022200.Wm82.a4.v1,0.45039433318235517
Glyma.08G116500.Wm82.a4.v1,0.45039433318235517
Glyma.04G196200.Wm82.a4.v1,0.45036164718737015
Glyma.19G004100.Wm82.a4.v1,0.45024024206314
Glyma.14G170100.Wm82.a4.v1,0.45005346494893983
Glyma.03G228700.Wm82.a4.v1,0.4499320598247097
Glyma.16G034900.Wm82.a4.v1,0.4498526795511746
Glyma.07G195100.Wm82.a4.v1,0.4498340018397546
Glyma.18G279600.Wm82.a4.v1,0.44982466298404455
Glyma.02G101500.Wm82.a4.v1,0.4496051998748593
Glyma.04G110500.Wm82.a4.v1,0.4494931336063392
Glyma.11G160275.Wm82.a4.v1,0.44939974504923913
Glyma.13G215200.Wm82.a4.v1,0.4493950756213841
Glyma.13G094800.Wm82.a4.v1,0.4493857367656741
Glyma.08G311000.Wm82.a4.v1,0.449287678780719
Glyma.03G128800.Wm82.a4.v1,0.44923631507431394
Glyma.11G111300.Wm82.a4.v1,0.44921763736289394
Glyma.12G111700.Wm82.a4.v1,0.44921763736289394
Glyma.09G062000.Wm82.a4.v1,0.4492129679350389
Glyma.20G219800.Wm82.a4.v1,0.44905887681582374
Glyma.04G019000.Wm82.a4.v1,0.4490028436815637
Glyma.10G101400.Wm82.a4.v1,0.4489981742537087
Glyma.05G005900.Wm82.a4.v1,0.4488207359952185
Glyma.07G247300.Wm82.a4.v1,0.4487833805723785
Glyma.13G330100.Wm82.a4.v1,0.4487040002988434
Glyma.18G199800.Wm82.a4.v1,0.44846585947823814
Glyma.08G244900.Wm82.a4.v1,0.4484285040553981
Glyma.12G236100.Wm82.a4.v1,0.4483911486325581
Glyma.08G119300.Wm82.a4.v1,0.44838180977684805
Glyma.10G276000.Wm82.a4.v1,0.448353793209718
Glyma.05G009300.Wm82.a4.v1,0.448293090647603
Glyma.08G098700.Wm82.a4.v1,0.44818569380693785
Glyma.09G170600.Wm82.a4.v1,0.4481623466676628
Glyma.18G211200.Wm82.a4.v1,0.44810631353340274
Glyma.16G182300.Wm82.a4.v1,0.4479989166927376
Glyma.03G202000.Wm82.a4.v1,0.4478821809963625
Glyma.19G108400.Wm82.a4.v1,0.44772342044929236
Glyma.16G044100.Wm82.a4.v1,0.4476673873150323
Glyma.20G246800.Wm82.a4.v1,0.4476533790314673
Glyma.08G314600.Wm82.a4.v1,0.44753197390723715
Glyma.02G223600.Wm82.a4.v1,0.447391891071587
Glyma.18G011500.Wm82.a4.v1,0.44735453564874694
Glyma.02G290500.Wm82.a4.v1,0.4471911056738218
Glyma.19G185300.Wm82.a4.v1,0.4470977171167217
Glyma.06G219400.Wm82.a4.v1,0.44706970054959166
Glyma.15G145400.Wm82.a4.v1,0.44706036169388164
Glyma.13G253000.Wm82.a4.v1,0.4469669731367816
Glyma.13G138400.Wm82.a4.v1,0.4469156094303765
Glyma.07G270300.Wm82.a4.v1,0.4468315597289864
Glyma.01G228900.Wm82.a4.v1,0.44671015460475627
Glyma.09G244800.Wm82.a4.v1,0.44667746860977126
Glyma.17G063800.Wm82.a4.v1,0.4466727991819162
Glyma.10G248000.Wm82.a4.v1,0.4466447826147862
Glyma.19G143700.Wm82.a4.v1,0.44641598064989096
Glyma.10G147800.Wm82.a4.v1,0.4463506086599209
Glyma.20G054900.Wm82.a4.v1,0.4463506086599209
Glyma.16G147500.Wm82.a4.v1,0.44629924495351586
Glyma.06G276000.Wm82.a4.v1,0.44622453410783575
Glyma.03G195400.Wm82.a4.v1,0.4461685009735757
Glyma.08G195600.Wm82.a4.v1,0.4461544926900107
Glyma.12G024200.Wm82.a4.v1,0.4459630461479555
Glyma.05G119100.Wm82.a4.v1,0.4457902773173203
Glyma.10G132800.Wm82.a4.v1,0.4457856078894653
Glyma.07G226900.Wm82.a4.v1,0.4453887065217899
Glyma.15G002100.Wm82.a4.v1,0.44538403709393487
Glyma.20G151100.Wm82.a4.v1,0.4452813096811248
Glyma.01G133501.Wm82.a4.v1,0.44525329311399475
Glyma.13G340900.Wm82.a4.v1,0.4451225491340546
Glyma.02G004400.Wm82.a4.v1,0.44508052428335954
Glyma.19G202900.Wm82.a4.v1,0.4450384994326645
Glyma.09G256100.Wm82.a4.v1,0.4450244911490995
Glyma.06G189700.Wm82.a4.v1,0.4449871357262595
Glyma.07G091000.Wm82.a4.v1,0.44495911915912945
Glyma.20G125700.Wm82.a4.v1,0.4448377140348993
Glyma.11G157140.Wm82.a4.v1,0.4448050280399143
Glyma.14G195000.Wm82.a4.v1,0.4447256477663792
Glyma.12G194100.Wm82.a4.v1,0.4447209783385242
Glyma.18G263600.Wm82.a4.v1,0.44468362291568414
Glyma.18G273900.Wm82.a4.v1,0.4443287463987038
Glyma.04G003700.Wm82.a4.v1,0.44421201070232863
Glyma.12G071700.Wm82.a4.v1,0.44394585331459335
Glyma.08G184900.Wm82.a4.v1,0.44392250617531837
Glyma.08G190800.Wm82.a4.v1,0.44384779532963825
Glyma.13G297400.Wm82.a4.v1,0.4437263902054081
Glyma.11G004000.Wm82.a4.v1,0.44363767107616303
Glyma.07G261600.Wm82.a4.v1,0.443604985081178
Glyma.08G308900.Wm82.a4.v1,0.443581637941903
Glyma.10G140000.Wm82.a4.v1,0.44357229908619294
Glyma.16G043900.Wm82.a4.v1,0.4435512866608454
Glyma.03G105700.Wm82.a4.v1,0.44343688567839784
Glyma.18G155100.Wm82.a4.v1,0.44330614169845767
Glyma.19G071500.Wm82.a4.v1,0.4432361002806326
Glyma.10G167300.Wm82.a4.v1,0.44318940600208256
Glyma.02G209600.Wm82.a4.v1,0.4431146951564025
Glyma.05G052500.Wm82.a4.v1,0.44306333144999743
Glyma.06G234100.Wm82.a4.v1,0.44299795946002735
Glyma.16G157600.Wm82.a4.v1,0.4429325874700573
Glyma.13G179500.Wm82.a4.v1,0.4424609752567018
Glyma.14G040800.Wm82.a4.v1,0.4424516364009918
Glyma.18G288000.Wm82.a4.v1,0.4424329586895718
Glyma.11G068800.Wm82.a4.v1,0.4423862644110217
Glyma.08G220100.Wm82.a4.v1,0.44232089242105166
Glyma.03G028800.Wm82.a4.v1,0.44223684271966157
Glyma.09G014500.Wm82.a4.v1,0.4420920904561564
Glyma.04G163200.Wm82.a4.v1,0.44201271018262134
Glyma.07G047500.Wm82.a4.v1,0.4419893630433463
Glyma.08G188300.Wm82.a4.v1,0.4419846936154913
Glyma.16G165000.Wm82.a4.v1,0.44193332990908624
Glyma.16G045700.Wm82.a4.v1,0.4417745693620161
Glyma.12G043900.Wm82.a4.v1,0.44175122222274105
Glyma.02G137000.Wm82.a4.v1,0.44175122222274105
Glyma.02G193000.Wm82.a4.v1,0.441727875083466
Glyma.07G226267.Wm82.a4.v1,0.44166717252135096
Glyma.15G027900.Wm82.a4.v1,0.4415177508299908
Glyma.11G034100.Wm82.a4.v1,0.44148973426286076
Glyma.11G096000.Wm82.a4.v1,0.44146638712358577
Glyma.06G206000.Wm82.a4.v1,0.44134031257150064
Glyma.07G184900.Wm82.a4.v1,0.4412189074472705
Glyma.04G116700.Wm82.a4.v1,0.440775311801045
Glyma.09G198400.Wm82.a4.v1,0.44071927866678495
Glyma.11G070800.Wm82.a4.v1,0.44068659267179994
Glyma.02G022400.Wm82.a4.v1,0.4406632455325249
Glyma.13G059500.Wm82.a4.v1,0.44063989839324985
Glyma.09G253100.Wm82.a4.v1,0.44060254297040985
Glyma.10G191500.Wm82.a4.v1,0.4405978735425548
Glyma.20G021000.Wm82.a4.v1,0.4404344435676297
Glyma.20G241900.Wm82.a4.v1,0.4402523358812845
Glyma.19G114900.Wm82.a4.v1,0.4401729556077494
Glyma.08G282800.Wm82.a4.v1,0.439841426230044
Glyma.18G132000.Wm82.a4.v1,0.43977838895400145
Glyma.12G031600.Wm82.a4.v1,0.43973869881723393
Glyma.08G041300.Wm82.a4.v1,0.43965931854369883
Glyma.10G232300.Wm82.a4.v1,0.4396313019765688
Glyma.07G061300.Wm82.a4.v1,0.43958927712587376
Glyma.13G273800.Wm82.a4.v1,0.4395098968523387
Glyma.04G194100.Wm82.a4.v1,0.4393417974495585
Glyma.03G197700.Wm82.a4.v1,0.4393184503102835
Glyma.14G032200.Wm82.a4.v1,0.43931378088242845
Glyma.11G022900.Wm82.a4.v1,0.43930911145457346
Glyma.17G262100.Wm82.a4.v1,0.43916435919106833
Glyma.11G093700.Wm82.a4.v1,0.4390522929225482
Glyma.05G053500.Wm82.a4.v1,0.43901960692756314
Glyma.17G253600.Wm82.a4.v1,0.4388094826740879
Glyma.04G183100.Wm82.a4.v1,0.4387627883955379
Glyma.10G178200.Wm82.a4.v1,0.43868807754985784
Glyma.06G118200.Wm82.a4.v1,0.4386320444155978
Glyma.06G203300.Wm82.a4.v1,0.43860402784846775
Glyma.07G213500.Wm82.a4.v1,0.4384826227242376
Glyma.19G240200.Wm82.a4.v1,0.4384732838685276
Glyma.07G034000.Wm82.a4.v1,0.43844526730139755
Glyma.06G290800.Wm82.a4.v1,0.43830985389360244
Glyma.11G054900.Wm82.a4.v1,0.43825849018719737
Glyma.03G191200.Wm82.a4.v1,0.4381043990679822
Glyma.17G073800.Wm82.a4.v1,0.4380950602122722
Glyma.08G362100.Wm82.a4.v1,0.4380296882223021
Glyma.11G232500.Wm82.a4.v1,0.437945638520912
Glyma.09G265000.Wm82.a4.v1,0.437931630237347
Glyma.09G042300.Wm82.a4.v1,0.437922291381637
Glyma.10G019800.Wm82.a4.v1,0.437912952525927
Glyma.17G139100.Wm82.a4.v1,0.4378615888195219
Glyma.05G017500.Wm82.a4.v1,0.43783824168024693
Glyma.10G034300.Wm82.a4.v1,0.43777753911813183
Glyma.08G259700.Wm82.a4.v1,0.43760477028749667
Glyma.13G000500.Wm82.a4.v1,0.4374413403125715
Glyma.11G217000.Wm82.a4.v1,0.43736196003903643
Glyma.02G203000.Wm82.a4.v1,0.43731059633263136
Glyma.18G302100.Wm82.a4.v1,0.43731059633263136
Glyma.18G222100.Wm82.a4.v1,0.4372685714819363
Glyma.15G214500.Wm82.a4.v1,0.43721720777553125
Glyma.03G158300.Wm82.a4.v1,0.43718452178054623
Glyma.09G244900.Wm82.a4.v1,0.4371378275019962
Glyma.15G108900.Wm82.a4.v1,0.43711448036272116
Glyma.14G034300.Wm82.a4.v1,0.43700708352205603
Glyma.17G189600.Wm82.a4.v1,0.436927703248521
Glyma.02G162600.Wm82.a4.v1,0.4368576618306959
Glyma.12G044200.Wm82.a4.v1,0.43672224842290075
Glyma.11G117400.Wm82.a4.v1,0.43660551272652565
Glyma.20G064600.Wm82.a4.v1,0.43636737190592034
Glyma.15G092600.Wm82.a4.v1,0.4363113387716603
Glyma.01G025800.Wm82.a4.v1,0.43619927250314017
Glyma.16G138100.Wm82.a4.v1,0.43618059479172017
Glyma.01G222500.Wm82.a4.v1,0.4359424539711149
Glyma.12G020500.Wm82.a4.v1,0.4359004291204199
Glyma.06G305600.Wm82.a4.v1,0.4357276602897847
Glyma.04G176800.Wm82.a4.v1,0.43549885832488944
Glyma.14G135100.Wm82.a4.v1,0.43549418889703445
Glyma.13G326400.Wm82.a4.v1,0.4354334863349194
Glyma.16G146500.Wm82.a4.v1,0.43531208121068926
Glyma.11G058700.Wm82.a4.v1,0.43521869265358915
Glyma.13G081500.Wm82.a4.v1,0.43521402322573416
Glyma.06G072200.Wm82.a4.v1,0.4352093537978792
Glyma.05G148100.Wm82.a4.v1,0.43505526267866396
Glyma.17G038300.Wm82.a4.v1,0.4350132378279689
Glyma.17G153700.Wm82.a4.v1,0.4349758824051289
Glyma.10G208800.Wm82.a4.v1,0.43495253526585387
Glyma.20G120600.Wm82.a4.v1,0.4349011715594488
Glyma.20G021700.Wm82.a4.v1,0.43482179128591375
Glyma.12G192100.Wm82.a4.v1,0.4347143944452486
Glyma.02G280400.Wm82.a4.v1,0.4346957167338286
Glyma.18G248400.Wm82.a4.v1,0.4346910473059736
Glyma.20G247200.Wm82.a4.v1,0.43465836131098856
Glyma.13G273300.Wm82.a4.v1,0.434144724246938
Glyma.09G274300.Wm82.a4.v1,0.434130715963373
Glyma.09G199700.Wm82.a4.v1,0.43407468282911293
Glyma.12G016700.Wm82.a4.v1,0.43403732740627293
Glyma.10G158000.Wm82.a4.v1,0.4340139802669979
Glyma.05G015000.Wm82.a4.v1,0.43396728598844786
Glyma.01G124602.Wm82.a4.v1,0.43382253372494267
Glyma.20G177500.Wm82.a4.v1,0.4337384840235526
Glyma.10G084300.Wm82.a4.v1,0.4337384840235526
Glyma.08G179100.Wm82.a4.v1,0.4337291451678426
Glyma.02G081000.Wm82.a4.v1,0.43369645917285754
Glyma.17G002000.Wm82.a4.v1,0.4334583183522523
Glyma.09G132800.Wm82.a4.v1,0.43342096292941223
Glyma.10G295700.Wm82.a4.v1,0.4333649297951522
Glyma.18G022300.Wm82.a4.v1,0.43333691322802215
Glyma.10G203800.Wm82.a4.v1,0.4332435246709221
Glyma.13G158700.Wm82.a4.v1,0.43320616924808203
Glyma.10G229700.Wm82.a4.v1,0.43315480554167696
Glyma.09G101100.Wm82.a4.v1,0.43313612783025696
Glyma.U031908.Wm82.a4.v1,0.4330894335517069
Glyma.20G095300.Wm82.a4.v1,0.4329166647210717
Glyma.19G170400.Wm82.a4.v1,0.43290732586536174
Glyma.15G130800.Wm82.a4.v1,0.43277658188542156
Glyma.08G044700.Wm82.a4.v1,0.43275790417400156
Glyma.10G040900.Wm82.a4.v1,0.43274389589043655
Glyma.06G146800.Wm82.a4.v1,0.4327158793233065
Glyma.06G132700.Wm82.a4.v1,0.43267852390046646
Glyma.05G105500.Wm82.a4.v1,0.4325944741990764
Glyma.06G023600.Wm82.a4.v1,0.4325898047712214
Glyma.20G157500.Wm82.a4.v1,0.43254311049267136
Glyma.07G240300.Wm82.a4.v1,0.4324730690748463
Glyma.10G243500.Wm82.a4.v1,0.43239835822916617
Glyma.13G196800.Wm82.a4.v1,0.43238434994560115
Glyma.15G228600.Wm82.a4.v1,0.4323143085277761
Glyma.02G030800.Wm82.a4.v1,0.43227228367708104
Glyma.11G210989.Wm82.a4.v1,0.4321462091249959
Glyma.18G006900.Wm82.a4.v1,0.4321368702692859
Glyma.17G138800.Wm82.a4.v1,0.43210885370215585
Glyma.09G024400.Wm82.a4.v1,0.43207149827931585
Glyma.19G037000.Wm82.a4.v1,0.4320154651450558
Glyma.10G172900.Wm82.a4.v1,0.43189406002082564
Glyma.14G053400.Wm82.a4.v1,0.4318660434536956
Glyma.17G051600.Wm82.a4.v1,0.4318380268865656
Glyma.13G152100.Wm82.a4.v1,0.4317352994737555
Glyma.05G221300.Wm82.a4.v1,0.43151583636457025
Glyma.01G068600.Wm82.a4.v1,0.4313734188149926
Glyma.13G276000.Wm82.a4.v1,0.43131972039466004
Glyma.18G130500.Wm82.a4.v1,0.4312636872604
Glyma.20G199000.Wm82.a4.v1,0.43114228213616984
Glyma.05G064050.Wm82.a4.v1,0.4310862490019098
Glyma.01G027500.Wm82.a4.v1,0.4310629018626348
Glyma.08G043700.Wm82.a4.v1,0.43094149673840465
Glyma.10G062700.Wm82.a4.v1,0.4308527776091596
Glyma.08G169800.Wm82.a4.v1,0.4307827361913345
Glyma.10G039000.Wm82.a4.v1,0.4307407113406394
Glyma.05G176100.Wm82.a4.v1,0.43065199221139433
Glyma.19G088000.Wm82.a4.v1,0.4306286450721193
Glyma.10G034000.Wm82.a4.v1,0.43059595907713427
Glyma.15G268900.Wm82.a4.v1,0.43057261193785923
Glyma.03G001400.Wm82.a4.v1,0.4304325291022091
Glyma.15G266900.Wm82.a4.v1,0.43038583482365905
Glyma.03G119200.Wm82.a4.v1,0.430348479400819
Glyma.10G011700.Wm82.a4.v1,0.4302644296994289
Glyma.10G229500.Wm82.a4.v1,0.4302457519880089
Glyma.08G258800.Wm82.a4.v1,0.4302364131322989
Glyma.15G149100.Wm82.a4.v1,0.43002628887882366
Glyma.11G248100.Wm82.a4.v1,0.42997959460027363
Glyma.08G176000.Wm82.a4.v1,0.4296900900732633
Glyma.02G115900.Wm82.a4.v1,0.4296900900732633
Glyma.02G062500.Wm82.a4.v1,0.4296760817896983
Glyma.02G017100.Wm82.a4.v1,0.4295640155211782
Glyma.03G005200.Wm82.a4.v1,0.42952199067048313
Glyma.07G211900.Wm82.a4.v1,0.42952199067048313
Glyma.07G232900.Wm82.a4.v1,0.4294893046754981
Glyma.01G233500.Wm82.a4.v1,0.429367899551268
Glyma.19G100500.Wm82.a4.v1,0.42934922183984797
Glyma.07G042700.Wm82.a4.v1,0.42926050271060284
Glyma.01G015200.Wm82.a4.v1,0.42912508930280774
Glyma.11G129100.Wm82.a4.v1,0.4290877338799677
Glyma.01G081600.Wm82.a4.v1,0.42902703131785264
Glyma.05G114300.Wm82.a4.v1,0.4289243039050425
Glyma.04G201300.Wm82.a4.v1,0.4288542624872174
Glyma.10G145500.Wm82.a4.v1,0.4287888904972474
Glyma.08G101100.Wm82.a4.v1,0.42866748537301724
Glyma.08G042500.Wm82.a4.v1,0.42860211338304716
Glyma.04G180900.Wm82.a4.v1,0.42858810509948214
Glyma.13G321000.Wm82.a4.v1,0.42858343567162716
Glyma.17G017300.Wm82.a4.v1,0.42848537768667205
Glyma.02G281300.Wm82.a4.v1,0.42840132798528197
Glyma.05G222500.Wm82.a4.v1,0.4283452948510219
Glyma.13G227000.Wm82.a4.v1,0.42825657572177683
Glyma.05G031100.Wm82.a4.v1,0.4282145508710818
Glyma.02G304100.Wm82.a4.v1,0.4280324431847366
Glyma.04G146600.Wm82.a4.v1,0.4279343851997815
Glyma.19G177400.Wm82.a4.v1,0.42773826922987124
Glyma.20G171800.Wm82.a4.v1,0.4276635583841912
Glyma.19G064200.Wm82.a4.v1,0.42765421952848115
Glyma.11G228600.Wm82.a4.v1,0.42750479783712103
Glyma.18G050900.Wm82.a4.v1,0.4271032270415906
Glyma.20G108700.Wm82.a4.v1,0.42709388818588057
Glyma.09G154800.Wm82.a4.v1,0.4268744250766954
Glyma.02G273100.Wm82.a4.v1,0.4268370696538553
Glyma.12G062500.Wm82.a4.v1,0.42683240022600033
Glyma.16G093600.Wm82.a4.v1,0.42677169766388523
Glyma.07G086800.Wm82.a4.v1,0.42668297853464016
Glyma.14G031400.Wm82.a4.v1,0.42661760654467007
Glyma.02G175400.Wm82.a4.v1,0.42658025112183007
Glyma.04G240800.Wm82.a4.v1,0.42646818485330995
Glyma.15G077800.Wm82.a4.v1,0.4264448377140349
Glyma.05G146100.Wm82.a4.v1,0.4264354988583249
Glyma.05G037500.Wm82.a4.v1,0.4263981434354849
Glyma.09G131400.Wm82.a4.v1,0.42639347400762984
Glyma.14G214600.Wm82.a4.v1,0.4263701268683548
Glyma.10G285300.Wm82.a4.v1,0.42624405231626966
Glyma.02G257200.Wm82.a4.v1,0.42622537460484966
Glyma.03G145700.Wm82.a4.v1,0.4262020274655746
Glyma.06G146500.Wm82.a4.v1,0.4260572752020695
Glyma.18G232400.Wm82.a4.v1,0.42591252293856435
Glyma.13G211400.Wm82.a4.v1,0.4259031840828543
Glyma.08G284600.Wm82.a4.v1,0.42574909296363916
Glyma.08G265967.Wm82.a4.v1,0.4256603738343941
Glyma.13G169300.Wm82.a4.v1,0.425576324133004
Glyma.05G044200.Wm82.a4.v1,0.4253988858745138
Glyma.16G204200.Wm82.a4.v1,0.4253008278895587
Glyma.05G237500.Wm82.a4.v1,0.4251840921931836
Glyma.12G026400.Wm82.a4.v1,0.42509537306393846
Glyma.10G112900.Wm82.a4.v1,0.4250720259246635
Glyma.02G211900.Wm82.a4.v1,0.4250720259246635
Glyma.06G162100.Wm82.a4.v1,0.42506268706895345
Glyma.10G296800.Wm82.a4.v1,0.42494595137257835
Glyma.04G188000.Wm82.a4.v1,0.42488524881046325
Glyma.01G066600.Wm82.a4.v1,0.42481987682049316
Glyma.12G067800.Wm82.a4.v1,0.42478719082550814
Glyma.09G280000.Wm82.a4.v1,0.42478719082550814
Glyma.04G123300.Wm82.a4.v1,0.42424553719432756
Glyma.07G029200.Wm82.a4.v1,0.4241848346322125
Glyma.08G254500.Wm82.a4.v1,0.4240073963737223
Glyma.02G029300.Wm82.a4.v1,0.4240027269458673
Glyma.03G077400.Wm82.a4.v1,0.423685205851727
Glyma.20G208500.Wm82.a4.v1,0.42354512301607683
Glyma.16G096000.Wm82.a4.v1,0.42331165162332657
Glyma.16G079400.Wm82.a4.v1,0.42316689935982144
Glyma.20G160100.Wm82.a4.v1,0.4230361553798813
Glyma.03G096400.Wm82.a4.v1,0.42296611396205624
Glyma.06G133000.Wm82.a4.v1,0.4228447088378261
Glyma.05G202700.Wm82.a4.v1,0.4228260311264061
Glyma.13G222900.Wm82.a4.v1,0.4225692125943808
Glyma.11G167300.Wm82.a4.v1,0.4224524768980057
Glyma.17G021100.Wm82.a4.v1,0.42221900550525543
Glyma.04G085900.Wm82.a4.v1,0.42214429465957537
Glyma.09G095700.Wm82.a4.v1,0.4219295009782451
Glyma.17G055500.Wm82.a4.v1,0.4217147072969149
Glyma.01G080700.Wm82.a4.v1,0.42156061617769974
Glyma.05G237400.Wm82.a4.v1,0.42149524418772966
Glyma.15G098900.Wm82.a4.v1,0.4214859053320197
Glyma.08G037300.Wm82.a4.v1,0.42147656647630966
Glyma.15G029100.Wm82.a4.v1,0.42147189704845467
Glyma.09G245600.Wm82.a4.v1,0.4214158639141946
Glyma.19G209000.Wm82.a4.v1,0.4213691696356445
Glyma.05G232200.Wm82.a4.v1,0.4213271447849495
Glyma.18G025400.Wm82.a4.v1,0.4212897893621095
Glyma.13G120300.Wm82.a4.v1,0.42126177279497945
Glyma.03G070200.Wm82.a4.v1,0.42108900396434423
Glyma.08G332800.Wm82.a4.v1,0.42108900396434423
Glyma.13G262100.Wm82.a4.v1,0.42072478859165385
Glyma.04G029700.Wm82.a4.v1,0.4204072674975135
Glyma.12G168800.Wm82.a4.v1,0.4203559037911085
Glyma.04G058600.Wm82.a4.v1,0.4202811929454284
Glyma.13G239300.Wm82.a4.v1,0.4201271018262132
Glyma.10G217500.Wm82.a4.v1,0.4200804075476632
Glyma.06G033800.Wm82.a4.v1,0.4200150355576931
Glyma.06G320100.Wm82.a4.v1,0.419902969289173
Glyma.16G111500.Wm82.a4.v1,0.4197815641649429
Glyma.11G113100.Wm82.a4.v1,0.4197208616028278
Glyma.04G096700.Wm82.a4.v1,0.4195527622000476
Glyma.02G307900.Wm82.a4.v1,0.41951073734935257
Glyma.12G219500.Wm82.a4.v1,0.41916986911593723
Glyma.15G131800.Wm82.a4.v1,0.41874495118113175
Glyma.06G035800.Wm82.a4.v1,0.4186889180468717
Glyma.12G017500.Wm82.a4.v1,0.4183573886691664
Glyma.07G196500.Wm82.a4.v1,0.4182873472513413
Glyma.07G264400.Wm82.a4.v1,0.4181612726992562
Glyma.18G181100.Wm82.a4.v1,0.4180912312814311
Glyma.09G271100.Wm82.a4.v1,0.417979165012911
Glyma.02G268700.Wm82.a4.v1,0.4179091235950859
Glyma.13G086000.Wm82.a4.v1,0.4178857764558109
Glyma.10G149700.Wm82.a4.v1,0.41785309046082586
Glyma.11G051700.Wm82.a4.v1,0.41779238789871076
Glyma.18G072600.Wm82.a4.v1,0.41759627192880056
Glyma.09G193900.Wm82.a4.v1,0.41758226364523554
Glyma.02G149000.Wm82.a4.v1,0.4175075527995555
Glyma.11G041100.Wm82.a4.v1,0.4174888750881354
Glyma.10G267400.Wm82.a4.v1,0.41740482538674534
Glyma.01G226900.Wm82.a4.v1,0.41720870941683513
Glyma.11G004500.Wm82.a4.v1,0.41717135399399513
Glyma.05G217900.Wm82.a4.v1,0.4171433374268651
Glyma.17G050800.Wm82.a4.v1,0.41710131257617006
Glyma.03G161600.Wm82.a4.v1,0.4169985851633599
Glyma.02G015700.Wm82.a4.v1,0.4169705685962299
Glyma.09G231000.Wm82.a4.v1,0.4167557749148997
Glyma.19G010600.Wm82.a4.v1,0.41670908063634965
Glyma.16G054500.Wm82.a4.v1,0.4166763946413646
Glyma.11G085700.Wm82.a4.v1,0.41661102265139455
Glyma.06G008800.Wm82.a4.v1,0.41655032008927945
Glyma.09G200000.Wm82.a4.v1,0.4163121792686742
Glyma.09G242000.Wm82.a4.v1,0.41623279899513915
Glyma.02G022351.Wm82.a4.v1,0.41606003016450394
Glyma.12G128700.Wm82.a4.v1,0.41606003016450394
Glyma.02G120900.Wm82.a4.v1,0.4160506913087939
Glyma.01G099100.Wm82.a4.v1,0.4160320135973739
Glyma.02G248700.Wm82.a4.v1,0.4160226747416639
Glyma.20G157800.Wm82.a4.v1,0.4158358976274637
Glyma.09G153600.Wm82.a4.v1,0.4158312281996087
Glyma.05G073300.Wm82.a4.v1,0.41560242623471344
Glyma.07G213800.Wm82.a4.v1,0.4155510625283084
Glyma.04G013700.Wm82.a4.v1,0.4155417236725984
Glyma.09G103100.Wm82.a4.v1,0.41533626884697816
Glyma.07G182100.Wm82.a4.v1,0.41528957456842813
Glyma.04G232600.Wm82.a4.v1,0.41521953315060306
Glyma.02G231200.Wm82.a4.v1,0.415154161160633
Glyma.02G114200.Wm82.a4.v1,0.41514015287706796
Glyma.20G126400.Wm82.a4.v1,0.41511213630993793
Glyma.20G181900.Wm82.a4.v1,0.4148693260614777
Glyma.10G276300.Wm82.a4.v1,0.41484597892220265
Glyma.04G254200.Wm82.a4.v1,0.41481329292721764
Glyma.12G016400.Wm82.a4.v1,0.4147852763600876
Glyma.08G139500.Wm82.a4.v1,0.4147759375043776
Glyma.13G366500.Wm82.a4.v1,0.4145938298180324
Glyma.11G126500.Wm82.a4.v1,0.4145144495444973
Glyma.05G180000.Wm82.a4.v1,0.41445841641023723
Glyma.11G138100.Wm82.a4.v1,0.41444907755452726
Glyma.01G080900.Wm82.a4.v1,0.414262300440327
Glyma.05G225000.Wm82.a4.v1,0.4141175481768219
Glyma.02G182600.Wm82.a4.v1,0.41397746534117175
Glyma.19G261500.Wm82.a4.v1,0.4139401099183317
Glyma.09G164500.Wm82.a4.v1,0.4139307710626217
Glyma.15G027800.Wm82.a4.v1,0.41386539907265163
Glyma.15G206200.Wm82.a4.v1,0.4138046965105366
Glyma.09G277700.Wm82.a4.v1,0.4137673410876965
Glyma.02G303600.Wm82.a4.v1,0.41367862195845145
Glyma.14G162800.Wm82.a4.v1,0.41366461367488644
Glyma.18G229000.Wm82.a4.v1,0.4136365971077564
Glyma.13G040600.Wm82.a4.v1,0.4136272582520464
Glyma.U031313.Wm82.a4.v1,0.41361791939633635
Glyma.02G102500.Wm82.a4.v1,0.41340779514286113
Glyma.12G009100.Wm82.a4.v1,0.41338444800358615
Glyma.19G131600.Wm82.a4.v1,0.4133797785757311
Glyma.10G232600.Wm82.a4.v1,0.413295728874341
Glyma.12G228300.Wm82.a4.v1,0.4130996129044308
Glyma.01G080500.Wm82.a4.v1,0.4130902740487208
Glyma.01G074400.Wm82.a4.v1,0.4130669269094458
Glyma.07G209400.Wm82.a4.v1,0.41304824919802574
Glyma.08G324000.Wm82.a4.v1,0.41302490205875075
Glyma.12G108400.Wm82.a4.v1,0.41296419949663565
Glyma.13G277400.Wm82.a4.v1,0.4128941580788106
Glyma.01G157500.Wm82.a4.v1,0.4128754803673906
Glyma.17G151300.Wm82.a4.v1,0.41271671982032043
Glyma.06G155750.Wm82.a4.v1,0.4127073809646104
Glyma.14G039000.Wm82.a4.v1,0.4126606866860604
Glyma.13G212100.Wm82.a4.v1,0.41265601725820533
Glyma.10G015900.Wm82.a4.v1,0.4126420089746403
Glyma.17G089400.Wm82.a4.v1,0.41246457071615017
Glyma.03G196600.Wm82.a4.v1,0.41243655414902014
Glyma.18G089300.Wm82.a4.v1,0.4122170910398349
Glyma.03G200500.Wm82.a4.v1,0.41214238019415483
Glyma.18G170800.Wm82.a4.v1,0.41190890880140457
Glyma.08G016100.Wm82.a4.v1,0.41182952852786947
Glyma.13G344100.Wm82.a4.v1,0.4116801068365093
Glyma.01G110900.Wm82.a4.v1,0.41163808198581425
Glyma.02G152700.Wm82.a4.v1,0.41161940427439425
Glyma.07G189200.Wm82.a4.v1,0.41160072656297425
Glyma.05G247000.Wm82.a4.v1,0.41150266857801915
Glyma.20G114700.Wm82.a4.v1,0.41104973407608364
Glyma.01G187400.Wm82.a4.v1,0.41104973407608364
Glyma.20G145800.Wm82.a4.v1,0.4109937009418236
Glyma.15G089800.Wm82.a4.v1,0.4109890315139686
Glyma.07G238900.Wm82.a4.v1,0.41055477472345314
Glyma.17G145500.Wm82.a4.v1,0.410442708454933
Glyma.17G051500.Wm82.a4.v1,0.41039134474852795
Glyma.14G029500.Wm82.a4.v1,0.40991973253517244
Glyma.17G032500.Wm82.a4.v1,0.40965357514743717
Glyma.07G189700.Wm82.a4.v1,0.4096442362917272
Glyma.13G194700.Wm82.a4.v1,0.4093967566154119
Glyma.06G029500.Wm82.a4.v1,0.40935940119257186
Glyma.11G210662.Wm82.a4.v1,0.40932671519758684
Glyma.02G290300.Wm82.a4.v1,0.40932204576973186
Glyma.02G079900.Wm82.a4.v1,0.4090675619516341
Glyma.12G035900.Wm82.a4.v1,0.40906055780985157
Glyma.10G065800.Wm82.a4.v1,0.4090091941034465
Glyma.15G016200.Wm82.a4.v1,0.4089718386806065
Glyma.09G195000.Wm82.a4.v1,0.40888778897921635
Glyma.14G031600.Wm82.a4.v1,0.4087266937182187
Glyma.17G070900.Wm82.a4.v1,0.40869167300930614
Glyma.04G042900.Wm82.a4.v1,0.40869167300930614
Glyma.20G104300.Wm82.a4.v1,0.4086169621636261
Glyma.03G168300.Wm82.a4.v1,0.4085982844522061
Glyma.05G146600.Wm82.a4.v1,0.408537581890091
Glyma.18G182800.Wm82.a4.v1,0.408532912462236
Glyma.19G158300.Wm82.a4.v1,0.4083321270644708
Glyma.10G004400.Wm82.a4.v1,0.40831344935305075
Glyma.13G238900.Wm82.a4.v1,0.4082434079352257
Glyma.17G096300.Wm82.a4.v1,0.40817803594525565
Glyma.05G002400.Wm82.a4.v1,0.4080472919653155
Glyma.18G074700.Wm82.a4.v1,0.4080426225374605
Glyma.16G155800.Wm82.a4.v1,0.4078605148511153
Glyma.01G157100.Wm82.a4.v1,0.40772043201546515
Glyma.08G280600.Wm82.a4.v1,0.4074729523391499
Glyma.01G146400.Wm82.a4.v1,0.4074542746277299
Glyma.14G043900.Wm82.a4.v1,0.40741224977703483
Glyma.11G066900.Wm82.a4.v1,0.4073982414934698
Glyma.15G035200.Wm82.a4.v1,0.40734687778706474
Glyma.07G069150.Wm82.a4.v1,0.40734220835920976
Glyma.17G194700.Wm82.a4.v1,0.40727683636923967
Glyma.03G260000.Wm82.a4.v1,0.4072348115185446
Glyma.10G052700.Wm82.a4.v1,0.4072348115185446
Glyma.12G160700.Wm82.a4.v1,0.40717877838428457
Glyma.04G029500.Wm82.a4.v1,0.4071367535335895
Glyma.15G019400.Wm82.a4.v1,0.4070200178372144
Glyma.05G011100.Wm82.a4.v1,0.4066978273152191
Glyma.15G003400.Wm82.a4.v1,0.4064363393553388
Glyma.01G047300.Wm82.a4.v1,0.4063849756489337
Glyma.01G150200.Wm82.a4.v1,0.4063382813703837
Glyma.14G101500.Wm82.a4.v1,0.40620286796258853
Glyma.14G170800.Wm82.a4.v1,0.4060767934105034
Glyma.13G323500.Wm82.a4.v1,0.40606745455479343
Glyma.13G335700.Wm82.a4.v1,0.4060254297040984
Glyma.19G027300.Wm82.a4.v1,0.4060067519926783
Glyma.19G050400.Wm82.a4.v1,0.4059273717191432
Glyma.01G220900.Wm82.a4.v1,0.40584332201775314
Glyma.10G141400.Wm82.a4.v1,0.4058293137341881
Glyma.19G123600.Wm82.a4.v1,0.4057872888834931
Glyma.05G066700.Wm82.a4.v1,0.405670553187118
Glyma.20G017100.Wm82.a4.v1,0.40566121433140795
Glyma.02G282100.Wm82.a4.v1,0.4053156766701376
Glyma.11G088400.Wm82.a4.v1,0.40524563525231255
Glyma.07G231500.Wm82.a4.v1,0.4052222881130375
Glyma.17G017700.Wm82.a4.v1,0.40516625497877745
Glyma.12G074000.Wm82.a4.v1,0.4045312127904968
Glyma.19G122700.Wm82.a4.v1,0.4043911299548466
Glyma.16G067200.Wm82.a4.v1,0.40412964199496637
Glyma.04G064100.Wm82.a4.v1,0.4040082368707362
Glyma.09G014800.Wm82.a4.v1,0.40385414575152107
Glyma.14G001100.Wm82.a4.v1,0.403816790328681
Glyma.02G067000.Wm82.a4.v1,0.40372807119943593
Glyma.04G053800.Wm82.a4.v1,0.40346658323955564
Glyma.10G089200.Wm82.a4.v1,0.4033918723938756
Glyma.14G166100.Wm82.a4.v1,0.40333116983176054
Glyma.01G158300.Wm82.a4.v1,0.4032424507025154
Glyma.12G101500.Wm82.a4.v1,0.40317240928469034
Glyma.02G237100.Wm82.a4.v1,0.40308369015544526
Glyma.08G037400.Wm82.a4.v1,0.40291092132481005
Glyma.15G112000.Wm82.a4.v1,0.40289224361339004
Glyma.02G068400.Wm82.a4.v1,0.40286422704626
Glyma.13G350800.Wm82.a4.v1,0.40269612764347984
Glyma.18G073400.Wm82.a4.v1,0.4026821193599148
Glyma.13G227600.Wm82.a4.v1,0.4026727805042048
Glyma.16G101100.Wm82.a4.v1,0.40261207794208975
Glyma.08G247932.Wm82.a4.v1,0.4025607142356847
Glyma.18G068800.Wm82.a4.v1,0.40242063140003453
Glyma.06G322300.Wm82.a4.v1,0.40233191227078946
Glyma.11G050600.Wm82.a4.v1,0.40213112687302427
Glyma.18G102900.Wm82.a4.v1,0.40207042431090917
Glyma.16G208600.Wm82.a4.v1,0.40193968033096905
Glyma.14G140600.Wm82.a4.v1,0.40190699433598404
Glyma.18G294900.Wm82.a4.v1,0.40184629177386894
Glyma.09G203100.Wm82.a4.v1,0.4018182752067389
Glyma.17G002900.Wm82.a4.v1,0.40175757264462386
Glyma.04G170300.Wm82.a4.v1,0.40131864642625337
Glyma.02G165500.Wm82.a4.v1,0.4012252578691533
Glyma.18G286100.Wm82.a4.v1,0.4011318693120532
Glyma.02G094800.Wm82.a4.v1,0.4010991833170682
Glyma.17G194200.Wm82.a4.v1,0.4010291418992431
Glyma.12G004000.Wm82.a4.v1,0.4010198030435331
Glyma.09G242400.Wm82.a4.v1,0.40089372849144794
Glyma.20G248000.Wm82.a4.v1,0.4007816622229278
Glyma.U031224.Wm82.a4.v1,0.4006836042379727
Glyma.08G265200.Wm82.a4.v1,0.4003754219995424
Glyma.16G033100.Wm82.a4.v1,0.4001466200346472
Glyma.08G078000.Wm82.a4.v1,0.400001867771142
Glyma.05G000500.Wm82.a4.v1,0.39988046264691185
Glyma.04G217200.Wm82.a4.v1,0.39984310722407185
Glyma.16G108300.Wm82.a4.v1,0.3998010823733768
Glyma.09G105600.Wm82.a4.v1,0.39930145359289126
Glyma.15G267700.Wm82.a4.v1,0.39922207331935616
Glyma.15G067700.Wm82.a4.v1,0.39922207331935616
Glyma.09G019500.Wm82.a4.v1,0.399030626777301
Glyma.12G088900.Wm82.a4.v1,0.3989559159316209
Glyma.15G201600.Wm82.a4.v1,0.39879715538455074
Glyma.17G115800.Wm82.a4.v1,0.3985776922753655
Glyma.20G102600.Wm82.a4.v1,0.3985730228475105
Glyma.07G040300.Wm82.a4.v1,0.39855434513609045
Glyma.15G140000.Wm82.a4.v1,0.39837223744974526
Glyma.03G172100.Wm82.a4.v1,0.39835355973832526
Glyma.19G001300.Wm82.a4.v1,0.398110749489865
Glyma.06G321300.Wm82.a4.v1,0.3979146335199548
Glyma.19G079600.Wm82.a4.v1,0.39775120354502963
Glyma.11G047600.Wm82.a4.v1,0.3975410792915544
Glyma.15G153600.Wm82.a4.v1,0.39738698817233925
Glyma.04G146800.Wm82.a4.v1,0.39737297988877424
Glyma.11G086400.Wm82.a4.v1,0.39730293847094916
Glyma.13G240900.Wm82.a4.v1,0.39729359961523913
Glyma.19G173000.Wm82.a4.v1,0.39717686391886403
Glyma.16G175900.Wm82.a4.v1,0.3969854173768088
Glyma.02G095100.Wm82.a4.v1,0.39653248287487336
Glyma.01G132800.Wm82.a4.v1,0.3963830611835132
Glyma.10G073400.Wm82.a4.v1,0.3962803337707031
Glyma.18G291600.Wm82.a4.v1,0.396247647775718
Glyma.06G315900.Wm82.a4.v1,0.396182275785748
Glyma.14G056000.Wm82.a4.v1,0.3960141763829678
Glyma.09G015500.Wm82.a4.v1,0.3960095069551128
Glyma.11G091900.Wm82.a4.v1,0.3959721515322728
Glyma.12G079700.Wm82.a4.v1,0.3954958698910622
Glyma.05G146300.Wm82.a4.v1,0.3951876876526319
Glyma.10G042800.Wm82.a4.v1,0.3951643405133569
Glyma.19G154100.Wm82.a4.v1,0.39511764623480683
Glyma.20G111600.Wm82.a4.v1,0.3949915716827217
Glyma.19G040900.Wm82.a4.v1,0.3948701665584916
Glyma.04G253700.Wm82.a4.v1,0.39465070344930636
Glyma.09G126300.Wm82.a4.v1,0.39457132317577126
Glyma.12G060500.Wm82.a4.v1,0.3944639263351062
Glyma.16G021600.Wm82.a4.v1,0.39445925690725114
Glyma.03G023401.Wm82.a4.v1,0.394300496360181
Glyma.07G127100.Wm82.a4.v1,0.3941370663852558
Glyma.01G223100.Wm82.a4.v1,0.3940716943952857
Glyma.14G142100.Wm82.a4.v1,0.3938615701418105
Glyma.14G198800.Wm82.a4.v1,0.3938288841468255
Glyma.11G172191.Wm82.a4.v1,0.39381954529111546
Glyma.08G305100.Wm82.a4.v1,0.3936514458883353
Glyma.08G043000.Wm82.a4.v1,0.3935627267590902
Glyma.05G144700.Wm82.a4.v1,0.39342264392344006
Glyma.07G147800.Wm82.a4.v1,0.3931564865357048
Glyma.14G090400.Wm82.a4.v1,0.3931518171078498
Glyma.03G117600.Wm82.a4.v1,0.3928763208644045
Glyma.02G157200.Wm82.a4.v1,0.39219925382542875
Glyma.16G042500.Wm82.a4.v1,0.39201714613908356
Glyma.06G039500.Wm82.a4.v1,0.39198446014409855
Glyma.14G071300.Wm82.a4.v1,0.39179768302989837
Glyma.12G005700.Wm82.a4.v1,0.3917509887513483
Glyma.09G085200.Wm82.a4.v1,0.39144280651291796
Glyma.14G016700.Wm82.a4.v1,0.3912606988265728
Glyma.08G314800.Wm82.a4.v1,0.39059297064330706
Glyma.07G008900.Wm82.a4.v1,0.39058830121545207
Glyma.01G019400.Wm82.a4.v1,0.39057429293188706
Glyma.07G157900.Wm82.a4.v1,0.39056028464832204
Glyma.18G283800.Wm82.a4.v1,0.3903081355441518
Glyma.20G175400.Wm82.a4.v1,0.3902521024098917
Glyma.06G169100.Wm82.a4.v1,0.3902240858427617
Glyma.08G193800.Wm82.a4.v1,0.3900933418628216
Glyma.19G257700.Wm82.a4.v1,0.39008400300711155
Glyma.01G200000.Wm82.a4.v1,0.3899299118878964
Glyma.06G029700.Wm82.a4.v1,0.3898505316143613
Glyma.02G119600.Wm82.a4.v1,0.38964507678874105
Glyma.19G228800.Wm82.a4.v1,0.38954701880378595
Glyma.05G199400.Wm82.a4.v1,0.38951433280880093
Glyma.06G167200.Wm82.a4.v1,0.38936491111744076
Glyma.13G092100.Wm82.a4.v1,0.38931821683889073
Glyma.07G234300.Wm82.a4.v1,0.38915478686396554
Glyma.11G154632.Wm82.a4.v1,0.38887462119266525
Glyma.18G228900.Wm82.a4.v1,0.3888092492026952
Glyma.05G115100.Wm82.a4.v1,0.3886971829341751
Glyma.06G180500.Wm82.a4.v1,0.388622472088495
Glyma.04G021700.Wm82.a4.v1,0.3885057363921199
Glyma.01G179400.Wm82.a4.v1,0.3884497032578598
Glyma.03G152400.Wm82.a4.v1,0.38831428985006466
Glyma.06G030400.Wm82.a4.v1,0.3881135044522995
Glyma.01G184500.Wm82.a4.v1,0.38810883502444443
Glyma.05G207600.Wm82.a4.v1,0.3879594133330843
Glyma.03G220300.Wm82.a4.v1,0.387697925373204
Glyma.08G354400.Wm82.a4.v1,0.3873757348512087
Glyma.06G096000.Wm82.a4.v1,0.3870442054735033
Glyma.10G123200.Wm82.a4.v1,0.38686209778715813
Glyma.03G184800.Wm82.a4.v1,0.38662862639440787
Glyma.16G129800.Wm82.a4.v1,0.38638114671809265
Glyma.02G135500.Wm82.a4.v1,0.3863624690066726
Glyma.20G173400.Wm82.a4.v1,0.3862130473153125
Glyma.20G060300.Wm82.a4.v1,0.38589085679331714
Glyma.15G129500.Wm82.a4.v1,0.38574143510195696
Glyma.05G229300.Wm82.a4.v1,0.3853912280128316
Glyma.03G068800.Wm82.a4.v1,0.38534920316213656
Glyma.09G111700.Wm82.a4.v1,0.3853165171671515
Glyma.20G054300.Wm82.a4.v1,0.3851997814707764
Glyma.05G197700.Wm82.a4.v1,0.3851437483365163
Glyma.18G164600.Wm82.a4.v1,0.3851110623415313
Glyma.14G046800.Wm82.a4.v1,0.3849009380880561
Glyma.19G195900.Wm82.a4.v1,0.38486358266521603
Glyma.15G017600.Wm82.a4.v1,0.384849574381651
Glyma.02G098000.Wm82.a4.v1,0.3842332099047904
Glyma.05G046100.Wm82.a4.v1,0.38422387104908035
Glyma.10G217800.Wm82.a4.v1,0.38391568881065
Glyma.02G279400.Wm82.a4.v1,0.3838689945321
Glyma.08G223200.Wm82.a4.v1,0.38374758940786985
Glyma.07G196900.Wm82.a4.v1,0.3835608122936697
Glyma.18G265000.Wm82.a4.v1,0.3833973823187445
Glyma.08G090600.Wm82.a4.v1,0.3833133326173544
Glyma.03G177700.Wm82.a4.v1,0.382935108961099
Glyma.15G269200.Wm82.a4.v1,0.38250552159843854
Glyma.18G125800.Wm82.a4.v1,0.38222535592713824
Glyma.06G097200.Wm82.a4.v1,0.3818237851316078
Glyma.08G039100.Wm82.a4.v1,0.38173039657450775
Glyma.08G042400.Wm82.a4.v1,0.3817210577187977
Glyma.16G075000.Wm82.a4.v1,0.3817023800073777
Glyma.20G206700.Wm82.a4.v1,0.38138485891323737
Glyma.03G033300.Wm82.a4.v1,0.3813334952068323
Glyma.12G049000.Wm82.a4.v1,0.3813241563511223
Glyma.13G107100.Wm82.a4.v1,0.3812027512268922
Glyma.10G267900.Wm82.a4.v1,0.38090390784417183
Glyma.13G298300.Wm82.a4.v1,0.3808432052820568
Glyma.06G189600.Wm82.a4.v1,0.38073113901353667
Glyma.11G006900.Wm82.a4.v1,0.38060039503359655
Glyma.02G295400.Wm82.a4.v1,0.38051634533220646
Glyma.09G283200.Wm82.a4.v1,0.3804603121979464
Glyma.03G150800.Wm82.a4.v1,0.3804136179193963
Glyma.09G232700.Wm82.a4.v1,0.3803762624965563
Glyma.16G221200.Wm82.a4.v1,0.3801848159545011
Glyma.07G271400.Wm82.a4.v1,0.38001204712386594
Glyma.10G071500.Wm82.a4.v1,0.3798392782932307
Glyma.09G209600.Wm82.a4.v1,0.37975055916398565
Glyma.18G302000.Wm82.a4.v1,0.3797318814525656
Glyma.07G091800.Wm82.a4.v1,0.3797272120247106
Glyma.16G218600.Wm82.a4.v1,0.37938634379129527
Glyma.08G039800.Wm82.a4.v1,0.37922758324422506
Glyma.20G151300.Wm82.a4.v1,0.3792182443885151
Glyma.10G277400.Wm82.a4.v1,0.3790267978464599
Glyma.08G192100.Wm82.a4.v1,0.37898010356790984
Glyma.11G126700.Wm82.a4.v1,0.3789520870007798
Glyma.11G229000.Wm82.a4.v1,0.37883068187654967
Glyma.13G139400.Wm82.a4.v1,0.37882134302083964
Glyma.06G120200.Wm82.a4.v1,0.3787653098865796
Glyma.06G050600.Wm82.a4.v1,0.3786625824737695
Glyma.10G208300.Wm82.a4.v1,0.37860187991165445
Glyma.11G213900.Wm82.a4.v1,0.37850382192669935
Glyma.02G295600.Wm82.a4.v1,0.37845712764814926
Glyma.03G228200.Wm82.a4.v1,0.378209647971834
Glyma.13G049900.Wm82.a4.v1,0.3781396065540089
Glyma.09G226100.Wm82.a4.v1,0.3781022511311689
Glyma.01G026800.Wm82.a4.v1,0.37796683772337375
Glyma.15G126200.Wm82.a4.v1,0.37794115587017124
Glyma.01G155800.Wm82.a4.v1,0.37787344916627363
Glyma.06G108800.Wm82.a4.v1,0.37786411031056366
Glyma.17G218400.Wm82.a4.v1,0.37778473003702856
Glyma.10G212800.Wm82.a4.v1,0.37767266376850844
Glyma.14G078500.Wm82.a4.v1,0.37759328349497334
Glyma.11G194900.Wm82.a4.v1,0.377266423545123
Glyma.16G116000.Wm82.a4.v1,0.3770703075752128
Glyma.01G242200.Wm82.a4.v1,0.3768274973267526
Glyma.08G245400.Wm82.a4.v1,0.37674111291143497
Glyma.01G030800.Wm82.a4.v1,0.37665939792397235
Glyma.13G099300.Wm82.a4.v1,0.3763839016805271
Glyma.01G136500.Wm82.a4.v1,0.37607105001424174
Glyma.17G204700.Wm82.a4.v1,0.3752072058610658
Glyma.08G030700.Wm82.a4.v1,0.3751698504382258
Glyma.05G127200.Wm82.a4.v1,0.37515117272680576
Glyma.06G215700.Wm82.a4.v1,0.3751465032989508
Glyma.04G076700.Wm82.a4.v1,0.37474026307556535
Glyma.02G139600.Wm82.a4.v1,0.3746188579513352
Glyma.14G152100.Wm82.a4.v1,0.3743340228521799
Glyma.10G069500.Wm82.a4.v1,0.37417993173296477
Glyma.08G205300.Wm82.a4.v1,0.3739231132009395
Glyma.16G157100.Wm82.a4.v1,0.37389042720595445
Glyma.20G167500.Wm82.a4.v1,0.3727977810878833
Glyma.08G246800.Wm82.a4.v1,0.37263902054081316
Glyma.08G362600.Wm82.a4.v1,0.37249426827730797
Glyma.09G116100.Wm82.a4.v1,0.37237753258093287
Glyma.19G235000.Wm82.a4.v1,0.37234951601380284
Glyma.04G232900.Wm82.a4.v1,0.3722934828795428
Glyma.04G082200.Wm82.a4.v1,0.3722281108895727
Glyma.08G253100.Wm82.a4.v1,0.37220009432244267
Glyma.16G067600.Wm82.a4.v1,0.37220009432244267
Glyma.15G014200.Wm82.a4.v1,0.3720273254918075
Glyma.05G153400.Wm82.a4.v1,0.37195728407398243
Glyma.09G052700.Wm82.a4.v1,0.3716864572583921
Glyma.11G189200.Wm82.a4.v1,0.37167711840268214
Glyma.10G011100.Wm82.a4.v1,0.3716677795469721
Glyma.19G178500.Wm82.a4.v1,0.371588399273437
Glyma.15G100800.Wm82.a4.v1,0.3713595973085418
Glyma.02G254500.Wm82.a4.v1,0.37084596024449124
Glyma.01G010900.Wm82.a4.v1,0.37057513342890097
Glyma.16G131000.Wm82.a4.v1,0.3704583977325258
Glyma.13G034900.Wm82.a4.v1,0.3698793886785052
Glyma.20G213300.Wm82.a4.v1,0.36905756937602435
Glyma.19G245900.Wm82.a4.v1,0.3689875279581993
Glyma.01G224300.Wm82.a4.v1,0.3688334368389841
Glyma.13G351300.Wm82.a4.v1,0.36876339542115905
Glyma.18G280050.Wm82.a4.v1,0.36857661830695887
Glyma.11G084000.Wm82.a4.v1,0.36848322974985875
Glyma.10G000800.Wm82.a4.v1,0.36827310549638353
Glyma.10G226600.Wm82.a4.v1,0.36818905579499345
Glyma.18G284500.Wm82.a4.v1,0.3678528569894331
Glyma.15G221400.Wm82.a4.v1,0.36781550156659304
Glyma.10G275100.Wm82.a4.v1,0.36781550156659304
Glyma.07G067400.Wm82.a4.v1,0.3677081047259279
Glyma.07G118501.Wm82.a4.v1,0.3676707493030879
Glyma.05G178500.Wm82.a4.v1,0.3672131453732974
Glyma.04G132300.Wm82.a4.v1,0.36692831027414213
Glyma.08G173000.Wm82.a4.v1,0.3669236408462871
Glyma.05G143300.Wm82.a4.v1,0.36684426057275205
Glyma.15G129100.Wm82.a4.v1,0.36637264835939654
Glyma.06G181900.Wm82.a4.v1,0.36630727636942645
Glyma.20G077200.Wm82.a4.v1,0.365868350151056
Glyma.14G184101.Wm82.a4.v1,0.36561620104688575
Glyma.15G260000.Wm82.a4.v1,0.3652052913956453
Glyma.15G263200.Wm82.a4.v1,0.3650278531371551
Glyma.04G048400.Wm82.a4.v1,0.364953142291475
Glyma.06G183500.Wm82.a4.v1,0.36450954664524954
Glyma.19G245100.Wm82.a4.v1,0.36450487721739455
Glyma.09G000800.Wm82.a4.v1,0.3644628523666995
Glyma.07G245800.Wm82.a4.v1,0.3643788026653094
Glyma.03G127600.Wm82.a4.v1,0.36394921530264895
Glyma.19G132400.Wm82.a4.v1,0.36382781017841886
Glyma.07G190800.Wm82.a4.v1,0.36366904963134866
Glyma.09G214000.Wm82.a4.v1,0.3635663222185386
Glyma.05G162800.Wm82.a4.v1,0.36344491709430843
Glyma.20G087700.Wm82.a4.v1,0.3633655368207733
Glyma.07G097800.Wm82.a4.v1,0.36289859403527286
Glyma.17G168200.Wm82.a4.v1,0.3628612386124328
Glyma.15G029900.Wm82.a4.v1,0.3626464449311026
Glyma.17G144400.Wm82.a4.v1,0.3623616098319473
Glyma.13G218800.Wm82.a4.v1,0.36224487413557216
Glyma.02G297400.Wm82.a4.v1,0.3618292950564767
Glyma.07G107100.Wm82.a4.v1,0.36174057592723163
Glyma.07G109200.Wm82.a4.v1,0.36148842682306137
Glyma.15G004800.Wm82.a4.v1,0.36135768284312125
Glyma.13G046100.Wm82.a4.v1,0.36119425286819606
Glyma.10G290000.Wm82.a4.v1,0.3610074757539959
Glyma.13G082800.Wm82.a4.v1,0.3608113597840857
Glyma.08G099900.Wm82.a4.v1,0.36051251640136533
Glyma.06G080100.Wm82.a4.v1,0.3604191278442652
Glyma.19G040800.Wm82.a4.v1,0.3603584252821502
Glyma.10G209000.Wm82.a4.v1,0.3603397475707302
Glyma.20G099300.Wm82.a4.v1,0.3601202844615449
Glyma.13G197000.Wm82.a4.v1,0.3599054907802147
Glyma.11G152124.Wm82.a4.v1,0.35987280478522965
Glyma.12G068500.Wm82.a4.v1,0.3597327219495795
Glyma.03G139700.Wm82.a4.v1,0.35967201938746446
Glyma.03G212100.Wm82.a4.v1,0.35967201938746446
Glyma.11G171773.Wm82.a4.v1,0.359261109736224
Glyma.11G146200.Wm82.a4.v1,0.3591303657562839
Glyma.02G113700.Wm82.a4.v1,0.35910701861700883
Glyma.15G059500.Wm82.a4.v1,0.3590603243384588
Glyma.11G210335.Wm82.a4.v1,0.3587474726721735
Glyma.08G316900.Wm82.a4.v1,0.3586494146872184
Glyma.06G321800.Wm82.a4.v1,0.35842995157803315
Glyma.07G007300.Wm82.a4.v1,0.35842995157803315
Glyma.05G182600.Wm82.a4.v1,0.3582244967524129
Glyma.19G077300.Wm82.a4.v1,0.3579956947875177
Glyma.12G194300.Wm82.a4.v1,0.3579069756582726
Glyma.17G172500.Wm82.a4.v1,0.3578649508075775
Glyma.17G132500.Wm82.a4.v1,0.35786028137972253
Glyma.06G020700.Wm82.a4.v1,0.3578042482454625
Glyma.20G222500.Wm82.a4.v1,0.3576314794148273
Glyma.07G124000.Wm82.a4.v1,0.35741668573349705
Glyma.14G148500.Wm82.a4.v1,0.35728594175355693
Glyma.20G236700.Wm82.a4.v1,0.3572439169028619
Glyma.11G103900.Wm82.a4.v1,0.3572392474750069
Glyma.06G238100.Wm82.a4.v1,0.3567349492666664
Glyma.03G193800.Wm82.a4.v1,0.35643143645609104
Glyma.20G239200.Wm82.a4.v1,0.3562213122026158
Glyma.02G264000.Wm82.a4.v1,0.35599251023772055
Glyma.04G012100.Wm82.a4.v1,0.35546019546225
Glyma.05G148300.Wm82.a4.v1,0.3553107737708899
Glyma.13G287000.Wm82.a4.v1,0.3552640794923398
Glyma.19G117300.Wm82.a4.v1,0.35518469921880474
Glyma.10G041600.Wm82.a4.v1,0.3551800297909497
Glyma.18G078600.Wm82.a4.v1,0.35509131066170463
Glyma.13G061200.Wm82.a4.v1,0.35507263295028463
Glyma.12G162999.Wm82.a4.v1,0.3548998641196494
Glyma.14G209700.Wm82.a4.v1,0.35438155762774387
Glyma.16G110300.Wm82.a4.v1,0.3543301939213388
Glyma.07G057900.Wm82.a4.v1,0.3539846562600685
Glyma.02G021700.Wm82.a4.v1,0.3539473008372284
Glyma.07G156700.Wm82.a4.v1,0.3539239536979534
Glyma.20G088600.Wm82.a4.v1,0.3539192842700984
Glyma.15G181400.Wm82.a4.v1,0.35387258999154836
Glyma.05G089900.Wm82.a4.v1,0.3538399039965633
Glyma.16G146400.Wm82.a4.v1,0.35353172175813297
Glyma.11G112100.Wm82.a4.v1,0.3532842420818177
Glyma.20G064400.Wm82.a4.v1,0.3531161426790375
Glyma.08G283100.Wm82.a4.v1,0.3530927955397625
Glyma.18G089700.Wm82.a4.v1,0.3529340349926923
Glyma.11G074800.Wm82.a4.v1,0.3528219687241722
Glyma.18G253600.Wm82.a4.v1,0.35274258845063716
Glyma.07G223000.Wm82.a4.v1,0.35247176163504684
Glyma.09G051600.Wm82.a4.v1,0.3521168851180665
Glyma.01G148300.Wm82.a4.v1,0.3519534551431413
Glyma.02G282600.Wm82.a4.v1,0.3519487857152863
Glyma.17G205700.Wm82.a4.v1,0.3518460583024762
Glyma.17G016700.Wm82.a4.v1,0.35164994233256597
Glyma.16G142200.Wm82.a4.v1,0.351645272904711
Glyma.07G124900.Wm82.a4.v1,0.3515285372083359
Glyma.07G194900.Wm82.a4.v1,0.3514118015119607
Glyma.08G097900.Wm82.a4.v1,0.3513324212384257
Glyma.11G102900.Wm82.a4.v1,0.3511829995470655
Glyma.07G131100.Wm82.a4.v1,0.35117366069135547
Glyma.06G131600.Wm82.a4.v1,0.3511176275570954
Glyma.08G200800.Wm82.a4.v1,0.35101023071643034
Glyma.16G131900.Wm82.a4.v1,0.3509028338757652
Glyma.05G030900.Wm82.a4.v1,0.35085147016936014
Glyma.13G174200.Wm82.a4.v1,0.35053861850307483
Glyma.05G189000.Wm82.a4.v1,0.3501837419860944
Glyma.05G219200.Wm82.a4.v1,0.3501697337025294
Glyma.01G019600.Wm82.a4.v1,0.34968411320560894
Glyma.02G066400.Wm82.a4.v1,0.34968411320560894
Glyma.03G245000.Wm82.a4.v1,0.3496654354941889
Glyma.11G062100.Wm82.a4.v1,0.34965142721062387
Glyma.06G109000.Wm82.a4.v1,0.3496467577827689
Glyma.01G217300.Wm82.a4.v1,0.3496094023599288
Glyma.01G052800.Wm82.a4.v1,0.3495627080813788
Glyma.04G012200.Wm82.a4.v1,0.3494739889521337
Glyma.18G145500.Wm82.a4.v1,0.34915646785799337
Glyma.05G018300.Wm82.a4.v1,0.3491517984301384
Glyma.11G172819.Wm82.a4.v1,0.3490397321616182
Glyma.19G203000.Wm82.a4.v1,0.34894634360451815
Glyma.01G042400.Wm82.a4.v1,0.34894634360451815
Glyma.08G342500.Wm82.a4.v1,0.348829607908143
Glyma.10G289000.Wm82.a4.v1,0.3485120868140027
Glyma.13G215500.Wm82.a4.v1,0.34838601226191757
Glyma.11G193700.Wm82.a4.v1,0.3483393179833675
Glyma.09G217000.Wm82.a4.v1,0.3481245243020373
Glyma.13G322700.Wm82.a4.v1,0.34779766435218695
Glyma.04G137000.Wm82.a4.v1,0.3476902675115218
Glyma.03G144200.Wm82.a4.v1,0.34696650619399605
Glyma.13G122200.Wm82.a4.v1,0.3467797290797959
Glyma.01G025200.Wm82.a4.v1,0.3467470430848108
Glyma.07G010600.Wm82.a4.v1,0.3462707614436003
Glyma.17G228600.Wm82.a4.v1,0.34586919064806987
Glyma.04G218300.Wm82.a4.v1,0.34571976895670975
Glyma.04G254000.Wm82.a4.v1,0.34528084273833926
Glyma.12G167500.Wm82.a4.v1,0.3451174127634141
Glyma.04G149900.Wm82.a4.v1,0.3450753879127191
Glyma.04G141800.Wm82.a4.v1,0.34490261908208386
Glyma.09G047200.Wm82.a4.v1,0.3446831559728986
Glyma.18G077400.Wm82.a4.v1,0.34412749405815307
Glyma.11G248300.Wm82.a4.v1,0.344043444356763
Glyma.08G281500.Wm82.a4.v1,0.3433103441835272
Glyma.13G185300.Wm82.a4.v1,0.3431936084871521
Glyma.13G300700.Wm82.a4.v1,0.3426986491345215
Glyma.19G207200.Wm82.a4.v1,0.34262860771669645
Glyma.09G042000.Wm82.a4.v1,0.34231575605041115
Glyma.01G225400.Wm82.a4.v1,0.3419655489612858
Glyma.15G255600.Wm82.a4.v1,0.3416013335885954
Glyma.06G016000.Wm82.a4.v1,0.34146125075294526
Glyma.18G021100.Wm82.a4.v1,0.34105501052955983
Glyma.09G283700.Wm82.a4.v1,0.34089158055463464
Glyma.11G001700.Wm82.a4.v1,0.3405880677440593
Glyma.01G188600.Wm82.a4.v1,0.34057872888834934
Glyma.20G171600.Wm82.a4.v1,0.3404573237641192
Glyma.08G227300.Wm82.a4.v1,0.3403592657791641
Glyma.18G064000.Wm82.a4.v1,0.3401257943864138
Glyma.08G189900.Wm82.a4.v1,0.33975690958586846
Glyma.06G185500.Wm82.a4.v1,0.33974757073015843
Glyma.17G113900.Wm82.a4.v1,0.33964484331734834
Glyma.08G126300.Wm82.a4.v1,0.3391265368254428
Glyma.08G207000.Wm82.a4.v1,0.33902380941263266
Glyma.17G160700.Wm82.a4.v1,0.33830471752296193
Glyma.13G323000.Wm82.a4.v1,0.3383000480951069
Glyma.09G214900.Wm82.a4.v1,0.33814128754803674
Glyma.04G075100.Wm82.a4.v1,0.33806190727450164
Glyma.08G228900.Wm82.a4.v1,0.33782843588175143
Glyma.10G284900.Wm82.a4.v1,0.33757628677758117
Glyma.18G089500.Wm82.a4.v1,0.3374922370761911
Glyma.01G102400.Wm82.a4.v1,0.3358906233219244
Glyma.19G203200.Wm82.a4.v1,0.3357225239191442
Glyma.12G237800.Wm82.a4.v1,0.33501277088518344
Glyma.02G165400.Wm82.a4.v1,0.3350034320294734
Glyma.10G022000.Wm82.a4.v1,0.33484467148240327
Glyma.02G001600.Wm82.a4.v1,0.33474661349744816
Glyma.14G017500.Wm82.a4.v1,0.334578514094668
Glyma.10G263800.Wm82.a4.v1,0.33455049752753796
Glyma.04G130300.Wm82.a4.v1,0.3342843401398027
Glyma.17G200500.Wm82.a4.v1,0.33417227387128257
Glyma.02G195600.Wm82.a4.v1,0.33416293501557254
Glyma.01G011200.Wm82.a4.v1,0.33371466994149207
Glyma.07G212500.Wm82.a4.v1,0.33314499974318146
Glyma.11G138400.Wm82.a4.v1,0.33309830546463143
Glyma.13G342500.Wm82.a4.v1,0.3329909086239663
Glyma.02G123400.Wm82.a4.v1,0.3315480554167698
Glyma.08G091200.Wm82.a4.v1,0.3314640057153797
Glyma.16G100600.Wm82.a4.v1,0.33111379862625434
Glyma.02G001200.Wm82.a4.v1,0.33077293039283895
Glyma.19G221200.Wm82.a4.v1,0.33067487240788385
Glyma.05G117300.Wm82.a4.v1,0.33064218641289883
Glyma.07G058600.Wm82.a4.v1,0.3294001186034675
Glyma.03G163600.Wm82.a4.v1,0.3288257789773019
Glyma.18G060000.Wm82.a4.v1,0.3284709024603215
Glyma.01G215800.Wm82.a4.v1,0.3280459845255161
Glyma.06G088300.Wm82.a4.v1,0.32791990997343096
Glyma.10G220100.Wm82.a4.v1,0.32790590168986594
Glyma.04G048600.Wm82.a4.v1,0.32773780228708577
Glyma.06G066500.Wm82.a4.v1,0.3273035454965703
Glyma.14G038800.Wm82.a4.v1,0.32668718101970967
Glyma.10G025400.Wm82.a4.v1,0.3263696599255693
Glyma.09G078400.Wm82.a4.v1,0.3263556516420043
Glyma.09G104200.Wm82.a4.v1,0.3254404437824233
Glyma.08G055000.Wm82.a4.v1,0.3251789558225431
Glyma.07G003600.Wm82.a4.v1,0.32509023669329795
Glyma.13G340200.Wm82.a4.v1,0.3250248647033279
Glyma.03G176800.Wm82.a4.v1,0.3247493684598826
Glyma.05G127400.Wm82.a4.v1,0.3244551945050173
Glyma.14G010200.Wm82.a4.v1,0.32420304540084705
Glyma.02G124100.Wm82.a4.v1,0.3234185815212062
Glyma.01G017800.Wm82.a4.v1,0.3228675890343156
Glyma.20G006700.Wm82.a4.v1,0.3228395724671856
Glyma.09G237300.Wm82.a4.v1,0.3227555227657955
Glyma.20G026500.Wm82.a4.v1,0.3227508533379405
Glyma.20G174500.Wm82.a4.v1,0.3225407290844653
Glyma.20G179700.Wm82.a4.v1,0.322260563413165
Glyma.03G245500.Wm82.a4.v1,0.3218029594833745
Glyma.13G026901.Wm82.a4.v1,0.3215741575184793
Glyma.19G179800.Wm82.a4.v1,0.32145742182210413
Glyma.03G261000.Wm82.a4.v1,0.3211679172950938
Glyma.14G131100.Wm82.a4.v1,0.32101382617587865
Glyma.05G073500.Wm82.a4.v1,0.3209437847580536
Glyma.18G136200.Wm82.a4.v1,0.3207850242109834
Glyma.03G114000.Wm82.a4.v1,0.3204908502561181
Glyma.10G188500.Wm82.a4.v1,0.3202013457291078
Glyma.13G096400.Wm82.a4.v1,0.31995853548064757
Glyma.11G222000.Wm82.a4.v1,0.3199351883413725
Glyma.08G062600.Wm82.a4.v1,0.31987915520711246
Glyma.09G035500.Wm82.a4.v1,0.31929080729738185
Glyma.14G176600.Wm82.a4.v1,0.31908068304390663
Glyma.14G145000.Wm82.a4.v1,0.3189732862032415
Glyma.19G233700.Wm82.a4.v1,0.31892659192469147
Glyma.04G203200.Wm82.a4.v1,0.3188752282182864
Glyma.05G063000.Wm82.a4.v1,0.31860440140269614
Glyma.19G193300.Wm82.a4.v1,0.3181047726222106
Glyma.04G186500.Wm82.a4.v1,0.3174183667275249
Glyma.13G118400.Wm82.a4.v1,0.31735766416540984
Glyma.13G312200.Wm82.a4.v1,0.31683935767350424
Glyma.05G048800.Wm82.a4.v1,0.31682067996208424
Glyma.01G148600.Wm82.a4.v1,0.31632572060945374
Glyma.05G019700.Wm82.a4.v1,0.3161716294902386
Glyma.06G225100.Wm82.a4.v1,0.31575605041114313
Glyma.04G071800.Wm82.a4.v1,0.31567667013760803
Glyma.10G083800.Wm82.a4.v1,0.31521439677996255
Glyma.05G098800.Wm82.a4.v1,0.3143225360596566
Glyma.17G043800.Wm82.a4.v1,0.3142898500646716
Glyma.08G253600.Wm82.a4.v1,0.3140423703883563
Glyma.01G097900.Wm82.a4.v1,0.3138275767070261
Glyma.05G243000.Wm82.a4.v1,0.3137271840081435
Glyma.04G142300.Wm82.a4.v1,0.3136828244435209
Glyma.14G214000.Wm82.a4.v1,0.3133606339215256
Glyma.15G218000.Wm82.a4.v1,0.3125061286240597
Glyma.02G018200.Wm82.a4.v1,0.3123893929276846
Glyma.20G140800.Wm82.a4.v1,0.31172633417227386
Glyma.09G273200.Wm82.a4.v1,0.3113854659388585
Glyma.11G242300.Wm82.a4.v1,0.31138079651100353
Glyma.20G223700.Wm82.a4.v1,0.31098856457118307
Glyma.18G234100.Wm82.a4.v1,0.3101480675572822
Glyma.20G205100.Wm82.a4.v1,0.3101433981294272
Glyma.04G028200.Wm82.a4.v1,0.3100266624330521
Glyma.02G174600.Wm82.a4.v1,0.3098352158909969
Glyma.13G274700.Wm82.a4.v1,0.30981186875172184
Glyma.15G253200.Wm82.a4.v1,0.30829897412670026
Glyma.08G320100.Wm82.a4.v1,0.30799079188826994
Glyma.06G130100.Wm82.a4.v1,0.3077059567891146
Glyma.03G169400.Wm82.a4.v1,0.30695884833231385
Glyma.10G116500.Wm82.a4.v1,0.3062957895769031
Glyma.10G051900.Wm82.a4.v1,0.3058054996521276
Glyma.U041300.Wm82.a4.v1,0.30560004482650743
Glyma.04G086900.Wm82.a4.v1,0.30475020895689653
Glyma.13G075600.Wm82.a4.v1,0.3037276042566504
Glyma.20G020100.Wm82.a4.v1,0.30318128119761484
Glyma.02G153000.Wm82.a4.v1,0.3026909912728393
Glyma.06G038500.Wm82.a4.v1,0.30221470963162883
Glyma.02G164148.Wm82.a4.v1,0.3017617751296934
Glyma.09G011300.Wm82.a4.v1,0.3012995017720479
Glyma.16G013100.Wm82.a4.v1,0.30129483234419285
Glyma.16G058500.Wm82.a4.v1,0.30081388127512737
Glyma.02G110400.Wm82.a4.v1,0.3007485092851573
Glyma.08G171600.Wm82.a4.v1,0.30029557478322183
Glyma.13G261700.Wm82.a4.v1,0.29948309433645093
Glyma.06G106200.Wm82.a4.v1,0.2981382991142095
Glyma.08G079500.Wm82.a4.v1,0.297601314910884
Glyma.13G361000.Wm82.a4.v1,0.294752963919331
Glyma.11G165710.Wm82.a4.v1,0.29403854145751523
Glyma.14G034800.Wm82.a4.v1,0.2932961024285694
Glyma.14G024000.Wm82.a4.v1,0.29236688628542346
Glyma.03G005300.Wm82.a4.v1,0.29161977782862264
Glyma.07G070900.Wm82.a4.v1,0.29115750447097716
Glyma.01G140200.Wm82.a4.v1,0.28962126270668054
Glyma.07G116700.Wm82.a4.v1,0.28925704733399016
Glyma.17G025800.Wm82.a4.v1,0.289112295070485
Glyma.08G234700.Wm82.a4.v1,0.28896287337912485
Glyma.09G190600.Wm82.a4.v1,0.28817374007162905
Glyma.07G056200.Wm82.a4.v1,0.28705774681428287
Glyma.09G179300.Wm82.a4.v1,0.2867075397251575
Glyma.06G285400.Wm82.a4.v1,0.2860631586811668
Glyma.13G088200.Wm82.a4.v1,0.28584836499983657
Glyma.01G131900.Wm82.a4.v1,0.28562423246279633
Glyma.19G204200.Wm82.a4.v1,0.2855121661942762
Glyma.09G082200.Wm82.a4.v1,0.28450356977759517
Glyma.20G188400.Wm82.a4.v1,0.2835183205001891
Glyma.15G191600.Wm82.a4.v1,0.28329885739100386
Glyma.05G168300.Wm82.a4.v1,0.2832101382617588
Glyma.12G240600.Wm82.a4.v1,0.28307005542610864
Glyma.13G039000.Wm82.a4.v1,0.282421004954263
Glyma.06G118100.Wm82.a4.v1,0.27918976087859954
Glyma.11G015800.Wm82.a4.v1,0.2790310003315294
Glyma.18G285000.Wm82.a4.v1,0.27853137155104385
Glyma.20G062300.Wm82.a4.v1,0.2768363692396771
Glyma.05G049400.Wm82.a4.v1,0.2765235175733917
Glyma.09G046900.Wm82.a4.v1,0.2761826493399764
Glyma.07G274100.Wm82.a4.v1,0.2745250024514496
Glyma.20G174300.Wm82.a4.v1,0.2741047539444992
Glyma.04G099000.Wm82.a4.v1,0.2731661989456432
Glyma.11G172500.Wm82.a4.v1,0.2721202471061221
Glyma.01G170300.Wm82.a4.v1,0.27163462660920157
Glyma.18G092700.Wm82.a4.v1,0.2696828057658095
Glyma.18G224900.Wm82.a4.v1,0.2687956144733586
Glyma.04G253600.Wm82.a4.v1,0.2683566882549881
Glyma.13G067500.Wm82.a4.v1,0.2681418945736579
Glyma.13G334800.Wm82.a4.v1,0.2677636709174025
Glyma.01G025000.Wm82.a4.v1,0.2674694969625372
Glyma.06G254500.Wm82.a4.v1,0.26438300515037894
Glyma.04G114600.Wm82.a4.v1,0.264021124491616
Glyma.06G067300.Wm82.a4.v1,0.2635565164200431
Glyma.11G108100.Wm82.a4.v1,0.26279539967967724
Glyma.02G259600.Wm82.a4.v1,0.26108638908474546
Glyma.11G118500.Wm82.a4.v1,0.2610677113733254
Glyma.09G019300.Wm82.a4.v1,0.2584481623466677
Glyma.13G257200.Wm82.a4.v1,0.25786915329264704
Glyma.14G009700.Wm82.a4.v1,0.25784580615337205
Glyma.12G152600.Wm82.a4.v1,0.2562815478219454
Glyma.14G157700.Wm82.a4.v1,0.2556465056336647
Glyma.20G208100.Wm82.a4.v1,0.25560915021082464
Glyma.17G053100.Wm82.a4.v1,0.2553523316787994
Glyma.11G161000.Wm82.a4.v1,0.2551515462810342
Glyma.10G270400.Wm82.a4.v1,0.25418497471504814
Glyma.17G258200.Wm82.a4.v1,0.2532557585719022
Glyma.18G210400.Wm82.a4.v1,0.2527047660850116
Glyma.04G209100.Wm82.a4.v1,0.25113583832572994
Glyma.13G078800.Wm82.a4.v1,0.25069224267950446
Glyma.11G087000.Wm82.a4.v1,0.24980038195919854
Glyma.16G131600.Wm82.a4.v1,0.24977703481992353
Glyma.20G106400.Wm82.a4.v1,0.2491093066366578
Glyma.11G241200.Wm82.a4.v1,0.2488011243982275
Glyma.13G007400.Wm82.a4.v1,0.24864236385115732
Glyma.11G145100.Wm82.a4.v1,0.24754037887737615
Glyma.19G113500.Wm82.a4.v1,0.24496285470141343
Glyma.15G004700.Wm82.a4.v1,0.2435200014942169
Glyma.13G030700.Wm82.a4.v1,0.24324450525077163
Glyma.02G216800.Wm82.a4.v1,0.24140475067589967
Glyma.14G133700.Wm82.a4.v1,0.24005061659794824
Glyma.11G022700.Wm82.a4.v1,0.23975177321522795
Glyma.12G237700.Wm82.a4.v1,0.2380054071974561
Glyma.03G244400.Wm82.a4.v1,0.23192114270238467
Glyma.18G156300.Wm82.a4.v1,0.2287179151938513
Glyma.06G172551.Wm82.a4.v1,0.22848444380110106
Glyma.20G064301.Wm82.a4.v1,0.22695754089251444
Glyma.08G093500.Wm82.a4.v1,0.22494968691486233
Glyma.12G180400.Wm82.a4.v1,0.2211487726408883
Glyma.07G185800.Wm82.a4.v1,0.21691827100425384
Glyma.05G135900.Wm82.a4.v1,0.2168669072978488
Glyma.12G180000.Wm82.a4.v1,0.21199202461722366
Glyma.13G149200.Wm82.a4.v1,0.2091063182028306
Glyma.13G048500.Wm82.a4.v1,0.20278858231500893
Glyma.19G218300.Wm82.a4.v1,0.2025597803501137
Glyma.07G090800.Wm82.a4.v1,0.192427121904753
Glyma.06G072000.Wm82.a4.v1,0.1849280207696151
Glyma.10G106900.Wm82.a4.v1,0.17921264107508908
Glyma.07G020900.Wm82.a4.v1,0.17401556787246858
Glyma.20G130200.Wm82.a4.v1,0.16888386665981817
Glyma.12G096900.Wm82.a4.v1,0.16752973258186674
Glyma.09G059900.Wm82.a4.v1,0.1669040292492961
Glyma.08G221600.Wm82.a4.v1,0.16592811882760006
Glyma.17G092400.Wm82.a4.v1,0.1656853085791398
Glyma.03G176100.Wm82.a4.v1,0.1625567919162865
Glyma.07G212700.Wm82.a4.v1,0.15983451547681862
Glyma.12G185600.Wm82.a4.v1,0.1586764973687774
Glyma.13G315900.Wm82.a4.v1,0.15718694988303084
Glyma.08G047800.Wm82.a4.v1,0.10968019088621071
