,conservation_score
Glyma.15G221300.Wm82.a4.v1,1.0002250158978623
Glyma.08G181000.Wm82.a4.v1,1.00016631609842
Glyma.02G104600.Wm82.a4.v1,1.0000048916499535
Glyma.18G106300.Wm82.a4.v1,0.99991684195079
Glyma.14G063700.Wm82.a4.v1,0.9999143961258132
Glyma.16G211700.Wm82.a4.v1,0.9998923837010224
Glyma.07G185500.Wm82.a4.v1,0.9998190089517194
Glyma.16G033700.Wm82.a4.v1,0.9998092256518124
Glyma.08G350800.Wm82.a4.v1,0.9998043340018589
Glyma.09G135700.Wm82.a4.v1,0.99975052585237
Glyma.14G063800.Wm82.a4.v1,0.9997382967274862
Glyma.09G155500.Wm82.a4.v1,0.9996918260529276
Glyma.11G053400.Wm82.a4.v1,0.9996624761532065
Glyma.08G238100.Wm82.a4.v1,0.9996429095533924
Glyma.06G324300.Wm82.a4.v1,0.9995401849043682
Glyma.02G205600.Wm82.a4.v1,0.9993420730812503
Glyma.13G311600.Wm82.a4.v1,0.9993249523064129
Glyma.18G103500.Wm82.a4.v1,0.9993102773565523
Glyma.16G158100.Wm82.a4.v1,0.9993053857065989
Glyma.07G200500.Wm82.a4.v1,0.9992809274568312
Glyma.15G186400.Wm82.a4.v1,0.9992662525069707
Glyma.10G032200.Wm82.a4.v1,0.99925157755711
Glyma.16G202500.Wm82.a4.v1,0.9992222276573889
Glyma.07G001300.Wm82.a4.v1,0.9991733111578536
Glyma.01G145200.Wm82.a4.v1,0.9991341779582253
Glyma.08G063700.Wm82.a4.v1,0.9991292863082718
Glyma.15G052400.Wm82.a4.v1,0.9990461282590618
Glyma.18G143700.Wm82.a4.v1,0.9989972117595265
Glyma.15G253700.Wm82.a4.v1,0.9989360661351073
Glyma.02G270200.Wm82.a4.v1,0.9989336203101306
Glyma.08G212000.Wm82.a4.v1,0.9989164995352933
Glyma.03G236200.Wm82.a4.v1,0.9988944871105023
Glyma.12G154300.Wm82.a4.v1,0.9988651372107812
Glyma.01G106800.Wm82.a4.v1,0.9988602455608276
Glyma.02G252800.Wm82.a4.v1,0.9988431247859904
Glyma.10G176400.Wm82.a4.v1,0.998784424986548
Glyma.06G020400.Wm82.a4.v1,0.9987575209118036
Glyma.18G114900.Wm82.a4.v1,0.9986230005380815
Glyma.02G064700.Wm82.a4.v1,0.9986205547131047
Glyma.07G019700.Wm82.a4.v1,0.9986107714131977
Glyma.06G242900.Wm82.a4.v1,0.99858631316343
Glyma.14G099900.Wm82.a4.v1,0.9985716382135694
Glyma.01G198100.Wm82.a4.v1,0.9985716382135694
Glyma.15G148500.Wm82.a4.v1,0.9985520716137554
Glyma.07G019500.Wm82.a4.v1,0.9985422883138483
Glyma.13G204800.Wm82.a4.v1,0.9985373966638947
Glyma.07G258700.Wm82.a4.v1,0.9985373966638947
Glyma.08G304200.Wm82.a4.v1,0.9985276133639877
Glyma.06G150300.Wm82.a4.v1,0.9984982634642665
Glyma.14G138200.Wm82.a4.v1,0.998493371814313
Glyma.16G205200.Wm82.a4.v1,0.9984786968644523
Glyma.08G215300.Wm82.a4.v1,0.9984640219145918
Glyma.14G050900.Wm82.a4.v1,0.9984444553147777
Glyma.16G028500.Wm82.a4.v1,0.9984297803649171
Glyma.07G200000.Wm82.a4.v1,0.9984199970650101
Glyma.11G226900.Wm82.a4.v1,0.9984175512400333
Glyma.20G225900.Wm82.a4.v1,0.9983906471652888
Glyma.20G144700.Wm82.a4.v1,0.9983857555153354
Glyma.01G010200.Wm82.a4.v1,0.9983759722154283
Glyma.10G177200.Wm82.a4.v1,0.9983564056156141
Glyma.15G054100.Wm82.a4.v1,0.9983417306657536
Glyma.10G158900.Wm82.a4.v1,0.9982977058161718
Glyma.02G309500.Wm82.a4.v1,0.9982879225162647
Glyma.16G012000.Wm82.a4.v1,0.998263464266497
Glyma.11G111400.Wm82.a4.v1,0.998243897666683
Glyma.19G123800.Wm82.a4.v1,0.9982414518417062
Glyma.08G068800.Wm82.a4.v1,0.9982267768918456
Glyma.09G072100.Wm82.a4.v1,0.9982047644670548
Glyma.20G015900.Wm82.a4.v1,0.9981558479675194
Glyma.07G200300.Wm82.a4.v1,0.998138727192682
Glyma.08G069000.Wm82.a4.v1,0.9981044856430074
Glyma.06G194900.Wm82.a4.v1,0.9980898106931468
Glyma.09G250800.Wm82.a4.v1,0.9980677982683559
Glyma.10G163300.Wm82.a4.v1,0.9980531233184954
Glyma.09G240900.Wm82.a4.v1,0.9980384483686348
Glyma.10G157100.Wm82.a4.v1,0.9979919776940762
Glyma.18G193600.Wm82.a4.v1,0.9979748569192388
Glyma.16G172600.Wm82.a4.v1,0.9979601819693783
Glyma.08G178500.Wm82.a4.v1,0.9978965905199824
Glyma.20G231600.Wm82.a4.v1,0.9978525656704006
Glyma.10G237800.Wm82.a4.v1,0.997828107420633
Glyma.10G042000.Wm82.a4.v1,0.9977620701462603
Glyma.05G046400.Wm82.a4.v1,0.9977302744215624
Glyma.13G175700.Wm82.a4.v1,0.9975957540478403
Glyma.02G141700.Wm82.a4.v1,0.9975957540478403
Glyma.11G093900.Wm82.a4.v1,0.9975443917233283
Glyma.20G020900.Wm82.a4.v1,0.9975248251235141
Glyma.07G069700.Wm82.a4.v1,0.9975101501736535
Glyma.02G249600.Wm82.a4.v1,0.9974905835738395
Glyma.03G239000.Wm82.a4.v1,0.9974514503742112
Glyma.01G180800.Wm82.a4.v1,0.997412317174583
Glyma.09G089600.Wm82.a4.v1,0.997412317174583
Glyma.04G167900.Wm82.a4.v1,0.9973756297999316
Glyma.19G211700.Wm82.a4.v1,0.9973634006750477
Glyma.09G154700.Wm82.a4.v1,0.9973585090250942
Glyma.11G248900.Wm82.a4.v1,0.9973193758254659
Glyma.12G219300.Wm82.a4.v1,0.9972680135009538
Glyma.07G142700.Wm82.a4.v1,0.9972680135009538
Glyma.02G282500.Wm82.a4.v1,0.9972411094262095
Glyma.18G241700.Wm82.a4.v1,0.9972215428263953
Glyma.11G027000.Wm82.a4.v1,0.9971970845766277
Glyma.13G282000.Wm82.a4.v1,0.9971921929266742
Glyma.11G061300.Wm82.a4.v1,0.9971726263268601
Glyma.01G215500.Wm82.a4.v1,0.997162843026953
Glyma.04G112800.Wm82.a4.v1,0.9971188181773712
Glyma.17G072400.Wm82.a4.v1,0.9971139265274177
Glyma.16G206200.Wm82.a4.v1,0.9969940811035563
Glyma.09G102400.Wm82.a4.v1,0.9969720686787653
Glyma.13G176000.Wm82.a4.v1,0.9969402729540674
Glyma.07G035600.Wm82.a4.v1,0.9969329354791371
Glyma.03G262300.Wm82.a4.v1,0.9969304896541603
Glyma.08G204800.Wm82.a4.v1,0.996913368879323
Glyma.03G190100.Wm82.a4.v1,0.9968913564545321
Glyma.15G174200.Wm82.a4.v1,0.9968889106295553
Glyma.15G101800.Wm82.a4.v1,0.9968889106295553
Glyma.08G163500.Wm82.a4.v1,0.9968448857799735
Glyma.06G054700.Wm82.a4.v1,0.9968424399549968
Glyma.03G121600.Wm82.a4.v1,0.99683999413002
Glyma.06G119500.Wm82.a4.v1,0.9968351024800666
Glyma.15G264600.Wm82.a4.v1,0.9968326566550898
Glyma.10G249000.Wm82.a4.v1,0.9968253191801595
Glyma.10G026600.Wm82.a4.v1,0.9968106442302989
Glyma.16G143600.Wm82.a4.v1,0.9967617277307635
Glyma.05G051300.Wm82.a4.v1,0.99675683608081
Glyma.11G096600.Wm82.a4.v1,0.9967079195812748
Glyma.03G171100.Wm82.a4.v1,0.9966981362813677
Glyma.07G163600.Wm82.a4.v1,0.9966859071564839
Glyma.15G107900.Wm82.a4.v1,0.9965954116323436
Glyma.05G199300.Wm82.a4.v1,0.99659051998239
Glyma.07G027200.Wm82.a4.v1,0.9965636159076456
Glyma.01G040200.Wm82.a4.v1,0.9965367118329013
Glyma.08G320900.Wm82.a4.v1,0.9964829036834124
Glyma.13G065300.Wm82.a4.v1,0.9964682287335518
Glyma.18G030400.Wm82.a4.v1,0.9963972998092256
Glyma.01G115900.Wm82.a4.v1,0.9963703957344813
Glyma.03G215100.Wm82.a4.v1,0.9962847918602945
Glyma.13G138600.Wm82.a4.v1,0.9962823460353177
Glyma.06G193600.Wm82.a4.v1,0.9962432128356895
Glyma.10G042100.Wm82.a4.v1,0.9962334295357824
Glyma.20G008600.Wm82.a4.v1,0.9961453798366189
Glyma.09G160000.Wm82.a4.v1,0.9961453798366189
Glyma.17G214400.Wm82.a4.v1,0.9960230885877807
Glyma.07G059600.Wm82.a4.v1,0.995988847038106
Glyma.05G128000.Wm82.a4.v1,0.9959790637381989
Glyma.02G069100.Wm82.a4.v1,0.9959741720882453
Glyma.05G075100.Wm82.a4.v1,0.9959643887883383
Glyma.11G150300.Wm82.a4.v1,0.9959497138384777
Glyma.03G119500.Wm82.a4.v1,0.9959448221885242
Glyma.12G122700.Wm82.a4.v1,0.9959203639387565
Glyma.10G089300.Wm82.a4.v1,0.9959105806388495
Glyma.17G214100.Wm82.a4.v1,0.9958910140390353
Glyma.08G180000.Wm82.a4.v1,0.9958420975395
Glyma.07G047600.Wm82.a4.v1,0.9958078559898254
Glyma.11G150400.Wm82.a4.v1,0.9957980726899183
Glyma.03G086200.Wm82.a4.v1,0.9957564936653133
Glyma.09G210900.Wm82.a4.v1,0.9957295895905689
Glyma.04G215800.Wm82.a4.v1,0.9957198062906618
Glyma.04G221700.Wm82.a4.v1,0.99567578144108
Glyma.17G214900.Wm82.a4.v1,0.9956464315413589
Glyma.11G103700.Wm82.a4.v1,0.9956072983417307
Glyma.08G126800.Wm82.a4.v1,0.9955975150418236
Glyma.19G030800.Wm82.a4.v1,0.9955828400919631
Glyma.08G332900.Wm82.a4.v1,0.9955779484420095
Glyma.10G178400.Wm82.a4.v1,0.995573056792056
Glyma.15G077700.Wm82.a4.v1,0.99550946534266
Glyma.11G140500.Wm82.a4.v1,0.9954923445678228
Glyma.12G037400.Wm82.a4.v1,0.9954850070928924
Glyma.12G040200.Wm82.a4.v1,0.9954458738932642
Glyma.07G032500.Wm82.a4.v1,0.9953871740938218
Glyma.05G172300.Wm82.a4.v1,0.9953186909944725
Glyma.08G348500.Wm82.a4.v1,0.9952550995450765
Glyma.08G106700.Wm82.a4.v1,0.9952306412953089
Glyma.17G142700.Wm82.a4.v1,0.9952110746954947
Glyma.19G106800.Wm82.a4.v1,0.995208628870518
Glyma.01G152900.Wm82.a4.v1,0.9951621581959595
Glyma.11G111100.Wm82.a4.v1,0.9951230249963313
Glyma.20G021500.Wm82.a4.v1,0.995074108496796
Glyma.01G198500.Wm82.a4.v1,0.9950594335469354
Glyma.04G229800.Wm82.a4.v1,0.9950349752971678
Glyma.04G062200.Wm82.a4.v1,0.9949762754977254
Glyma.15G043200.Wm82.a4.v1,0.9949518172479578
Glyma.15G090300.Wm82.a4.v1,0.9949420339480507
Glyma.07G200200.Wm82.a4.v1,0.9949273589981901
Glyma.08G332000.Wm82.a4.v1,0.9949224673482365
Glyma.06G202200.Wm82.a4.v1,0.994917575698283
Glyma.08G173700.Wm82.a4.v1,0.9949126840483296
Glyma.04G054400.Wm82.a4.v1,0.9949102382233528
Glyma.16G175000.Wm82.a4.v1,0.994907792398376
Glyma.03G230000.Wm82.a4.v1,0.9948980090984689
Glyma.19G227700.Wm82.a4.v1,0.9948882257985618
Glyma.07G258500.Wm82.a4.v1,0.994866213373771
Glyma.12G052500.Wm82.a4.v1,0.9948490925989336
Glyma.08G243600.Wm82.a4.v1,0.9947806094995842
Glyma.03G174100.Wm82.a4.v1,0.9947708261996772
Glyma.17G133200.Wm82.a4.v1,0.9947561512498165
Glyma.11G221000.Wm82.a4.v1,0.9947463679499094
Glyma.06G015900.Wm82.a4.v1,0.9946754390255833
Glyma.07G061500.Wm82.a4.v1,0.994616739226141
Glyma.19G011400.Wm82.a4.v1,0.9945922809763733
Glyma.02G047600.Wm82.a4.v1,0.9945507019517683
Glyma.15G015100.Wm82.a4.v1,0.9945311353519543
Glyma.04G066000.Wm82.a4.v1,0.9944675439025583
Glyma.09G087700.Wm82.a4.v1,0.9944161815780462
Glyma.06G055500.Wm82.a4.v1,0.9943452526537201
Glyma.01G022100.Wm82.a4.v1,0.9943403610037665
Glyma.20G158500.Wm82.a4.v1,0.9943207944039525
Glyma.16G044900.Wm82.a4.v1,0.994315902753999
Glyma.06G176900.Wm82.a4.v1,0.9941936115051607
Glyma.05G007100.Wm82.a4.v1,0.994191165680184
Glyma.11G182100.Wm82.a4.v1,0.9941349117057183
Glyma.14G066400.Wm82.a4.v1,0.9941055618059972
Glyma.08G230400.Wm82.a4.v1,0.994076211906276
Glyma.04G055300.Wm82.a4.v1,0.9940615369564154
Glyma.05G022900.Wm82.a4.v1,0.9940517536565083
Glyma.08G042300.Wm82.a4.v1,0.9940419703566012
Glyma.10G274400.Wm82.a4.v1,0.9940126204568801
Glyma.04G219100.Wm82.a4.v1,0.9939685956072983
Glyma.16G145800.Wm82.a4.v1,0.9939221249327398
Glyma.17G023100.Wm82.a4.v1,0.9938756542581813
Glyma.13G299200.Wm82.a4.v1,0.9938560876583672
Glyma.12G199400.Wm82.a4.v1,0.9937973878589248
Glyma.09G247900.Wm82.a4.v1,0.9937729296091572
Glyma.05G050100.Wm82.a4.v1,0.9937607004842733
Glyma.19G190400.Wm82.a4.v1,0.9937435797094359
Glyma.18G284900.Wm82.a4.v1,0.9937264589345987
Glyma.17G243700.Wm82.a4.v1,0.993670204960133
Glyma.04G020300.Wm82.a4.v1,0.9936139509856675
Glyma.16G029300.Wm82.a4.v1,0.9936017218607837
Glyma.08G154300.Wm82.a4.v1,0.9935625886611554
Glyma.13G176200.Wm82.a4.v1,0.993545467886318
Glyma.01G193600.Wm82.a4.v1,0.9935185638115737
Glyma.12G202500.Wm82.a4.v1,0.9934305141124101
Glyma.03G114600.Wm82.a4.v1,0.993410947512596
Glyma.08G068700.Wm82.a4.v1,0.9933644768380375
Glyma.13G357300.Wm82.a4.v1,0.9933522477131537
Glyma.11G127800.Wm82.a4.v1,0.9933473560632001
Glyma.16G209400.Wm82.a4.v1,0.993254414714083
Glyma.01G231900.Wm82.a4.v1,0.9931810399647801
Glyma.14G011600.Wm82.a4.v1,0.9931761483148266
Glyma.08G354700.Wm82.a4.v1,0.993171256664873
Glyma.16G017600.Wm82.a4.v1,0.993171256664873
Glyma.10G174700.Wm82.a4.v1,0.9930587487159419
Glyma.15G124700.Wm82.a4.v1,0.9930293988162208
Glyma.10G263000.Wm82.a4.v1,0.9930147238663601
Glyma.14G031800.Wm82.a4.v1,0.9929560240669177
Glyma.15G275700.Wm82.a4.v1,0.9929511324169642
Glyma.13G302900.Wm82.a4.v1,0.992943794942034
Glyma.20G018500.Wm82.a4.v1,0.9929095533923592
Glyma.01G238600.Wm82.a4.v1,0.9928973242674755
Glyma.03G259400.Wm82.a4.v1,0.9928924326175219
Glyma.12G215500.Wm82.a4.v1,0.9928043829183584
Glyma.01G229800.Wm82.a4.v1,0.9927970454434281
Glyma.11G060100.Wm82.a4.v1,0.9927945996184513
Glyma.03G105000.Wm82.a4.v1,0.9927799246685907
Glyma.17G100700.Wm82.a4.v1,0.9926772000195666
Glyma.05G038800.Wm82.a4.v1,0.9926723083696131
Glyma.13G129500.Wm82.a4.v1,0.9926282835200313
Glyma.15G016300.Wm82.a4.v1,0.9926038252702637
Glyma.19G216300.Wm82.a4.v1,0.9925451254708213
Glyma.07G220200.Wm82.a4.v1,0.9924521841217042
Glyma.10G000600.Wm82.a4.v1,0.9924228342219831
Glyma.08G343800.Wm82.a4.v1,0.9923934843222619
Glyma.13G176300.Wm82.a4.v1,0.9923641344225407
Glyma.07G266500.Wm82.a4.v1,0.9923592427725872
Glyma.02G019200.Wm82.a4.v1,0.9923543511226337
Glyma.11G034700.Wm82.a4.v1,0.9923347845228195
Glyma.15G250800.Wm82.a4.v1,0.9923250012229125
Glyma.06G221100.Wm82.a4.v1,0.9922369515237489
Glyma.11G228800.Wm82.a4.v1,0.9922124932739813
Glyma.05G048000.Wm82.a4.v1,0.9922076016240278
Glyma.12G117900.Wm82.a4.v1,0.9921293352247713
Glyma.09G130500.Wm82.a4.v1,0.9920608521254219
Glyma.01G209400.Wm82.a4.v1,0.9920412855256078
Glyma.04G008300.Wm82.a4.v1,0.9920119356258866
Glyma.10G281400.Wm82.a4.v1,0.9920021523259795
Glyma.03G219400.Wm82.a4.v1,0.9919923690260725
Glyma.05G051600.Wm82.a4.v1,0.991977694076212
Glyma.19G007700.Wm82.a4.v1,0.9919752482512352
Glyma.20G115500.Wm82.a4.v1,0.9919336692266302
Glyma.16G016100.Wm82.a4.v1,0.9918823069021181
Glyma.04G230000.Wm82.a4.v1,0.9918602944773272
Glyma.14G071100.Wm82.a4.v1,0.9917967030279313
Glyma.18G065900.Wm82.a4.v1,0.9917575698283031
Glyma.09G104000.Wm82.a4.v1,0.9917526781783496
Glyma.01G153300.Wm82.a4.v1,0.9917428948784425
Glyma.08G082900.Wm82.a4.v1,0.9917037616788142
Glyma.06G204200.Wm82.a4.v1,0.9916303869295113
Glyma.10G089500.Wm82.a4.v1,0.9916157119796507
Glyma.07G020000.Wm82.a4.v1,0.991561903830162
Glyma.04G035900.Wm82.a4.v1,0.991561903830162
Glyma.04G190400.Wm82.a4.v1,0.9915521205302549
Glyma.17G037700.Wm82.a4.v1,0.9915423372303478
Glyma.20G083800.Wm82.a4.v1,0.9915374455803942
Glyma.09G067700.Wm82.a4.v1,0.9913075380325784
Glyma.09G024000.Wm82.a4.v1,0.991146113584112
Glyma.13G127200.Wm82.a4.v1,0.9910629555349019
Glyma.12G078100.Wm82.a4.v1,0.9910042557354596
Glyma.18G285100.Wm82.a4.v1,0.9909504475859707
Glyma.10G097800.Wm82.a4.v1,0.9909455559360172
Glyma.13G129400.Wm82.a4.v1,0.9909406642860636
Glyma.03G120300.Wm82.a4.v1,0.9909308809861567
Glyma.06G321900.Wm82.a4.v1,0.9909186518612728
Glyma.05G215900.Wm82.a4.v1,0.990916206036296
Glyma.16G135200.Wm82.a4.v1,0.9909015310864354
Glyma.08G186200.Wm82.a4.v1,0.9908672895367607
Glyma.20G055800.Wm82.a4.v1,0.9908575062368536
Glyma.02G002000.Wm82.a4.v1,0.9907596732377831
Glyma.12G092000.Wm82.a4.v1,0.9907425524629457
Glyma.17G174500.Wm82.a4.v1,0.9906765151885731
Glyma.15G041600.Wm82.a4.v1,0.990656948588759
Glyma.11G152600.Wm82.a4.v1,0.990573790539549
Glyma.08G124900.Wm82.a4.v1,0.9904294868659199
Glyma.12G222200.Wm82.a4.v1,0.9903927994912683
Glyma.13G237800.Wm82.a4.v1,0.9903781245414078
Glyma.02G171100.Wm82.a4.v1,0.9903536662916401
Glyma.13G286000.Wm82.a4.v1,0.9903096414420584
Glyma.06G289000.Wm82.a4.v1,0.9902900748422443
Glyma.16G136600.Wm82.a4.v1,0.9902753998923837
Glyma.07G021600.Wm82.a4.v1,0.9902607249425232
Glyma.10G169600.Wm82.a4.v1,0.9902607249425232
Glyma.05G022200.Wm82.a4.v1,0.9901971334931272
Glyma.08G175800.Wm82.a4.v1,0.9901873501932201
Glyma.12G215900.Wm82.a4.v1,0.9901775668933132
Glyma.01G044000.Wm82.a4.v1,0.9901775668933132
Glyma.11G099400.Wm82.a4.v1,0.9901384336936849
Glyma.05G003200.Wm82.a4.v1,0.9901384336936849
Glyma.15G243300.Wm82.a4.v1,0.9900993004940567
Glyma.17G015600.Wm82.a4.v1,0.9900406006946143
Glyma.16G178000.Wm82.a4.v1,0.9899965758450325
Glyma.17G128400.Wm82.a4.v1,0.9899280927456832
Glyma.05G063500.Wm82.a4.v1,0.9898400430465196
Glyma.18G049600.Wm82.a4.v1,0.9898204764467055
Glyma.01G186000.Wm82.a4.v1,0.9898106931467984
Glyma.14G008000.Wm82.a4.v1,0.9898106931467984
Glyma.17G088200.Wm82.a4.v1,0.9898009098468914
Glyma.13G277900.Wm82.a4.v1,0.9896688352981461
Glyma.15G261900.Wm82.a4.v1,0.9896101354987037
Glyma.12G022700.Wm82.a4.v1,0.9896052438487501
Glyma.10G122200.Wm82.a4.v1,0.9895954605488432
Glyma.18G158100.Wm82.a4.v1,0.9895905688988896
Glyma.12G064000.Wm82.a4.v1,0.9895710022990755
Glyma.03G063200.Wm82.a4.v1,0.989534314924424
Glyma.19G139300.Wm82.a4.v1,0.9894976275497726
Glyma.15G194300.Wm82.a4.v1,0.9894902900748422
Glyma.11G189500.Wm82.a4.v1,0.9894878442498655
Glyma.14G096800.Wm82.a4.v1,0.9894658318250746
Glyma.10G245700.Wm82.a4.v1,0.9894242528004696
Glyma.19G173400.Wm82.a4.v1,0.9893704446509808
Glyma.08G242100.Wm82.a4.v1,0.9893704446509808
Glyma.15G193000.Wm82.a4.v1,0.9893362031013061
Glyma.17G123300.Wm82.a4.v1,0.9893215281514455
Glyma.03G146100.Wm82.a4.v1,0.9893019615516314
Glyma.17G064600.Wm82.a4.v1,0.9892530450520961
Glyma.07G222500.Wm82.a4.v1,0.9892530450520961
Glyma.16G026200.Wm82.a4.v1,0.9891796703027931
Glyma.11G245400.Wm82.a4.v1,0.989160103702979
Glyma.18G174600.Wm82.a4.v1,0.9891527662280487
Glyma.10G157300.Wm82.a4.v1,0.9891356454532114
Glyma.13G335600.Wm82.a4.v1,0.9891111872034437
Glyma.01G214300.Wm82.a4.v1,0.9891014039035366
Glyma.13G136300.Wm82.a4.v1,0.9890916206036297
Glyma.03G172500.Wm82.a4.v1,0.9890378124541408
Glyma.02G251000.Wm82.a4.v1,0.9890182458543266
Glyma.13G286300.Wm82.a4.v1,0.9889986792545126
Glyma.02G218300.Wm82.a4.v1,0.9889791126546984
Glyma.05G178200.Wm82.a4.v1,0.9887981216064179
Glyma.05G234800.Wm82.a4.v1,0.9886953969573937
Glyma.08G200200.Wm82.a4.v1,0.9886122389081837
Glyma.10G236000.Wm82.a4.v1,0.9885975639583231
Glyma.13G046700.Wm82.a4.v1,0.9885731057085555
Glyma.09G249400.Wm82.a4.v1,0.9885535391087413
Glyma.03G211000.Wm82.a4.v1,0.9884752727094849
Glyma.09G027900.Wm82.a4.v1,0.9884410311598102
Glyma.11G201200.Wm82.a4.v1,0.988401897960182
Glyma.04G174400.Wm82.a4.v1,0.9883578731106002
Glyma.20G007900.Wm82.a4.v1,0.9883383065107861
Glyma.02G263200.Wm82.a4.v1,0.9883383065107861
Glyma.08G199500.Wm82.a4.v1,0.9883236315609255
Glyma.11G207000.Wm82.a4.v1,0.9883040649611113
Glyma.01G030500.Wm82.a4.v1,0.9883040649611113
Glyma.18G244900.Wm82.a4.v1,0.9882918358362276
Glyma.19G161400.Wm82.a4.v1,0.9882209069119013
Glyma.15G250500.Wm82.a4.v1,0.9882160152619478
Glyma.08G205500.Wm82.a4.v1,0.9881768820623196
Glyma.04G200000.Wm82.a4.v1,0.9880888323631561
Glyma.09G209700.Wm82.a4.v1,0.9880496991635278
Glyma.18G289100.Wm82.a4.v1,0.9879812160641784
Glyma.02G308700.Wm82.a4.v1,0.9879665411143178
Glyma.13G132100.Wm82.a4.v1,0.9879592036393876
Glyma.07G057200.Wm82.a4.v1,0.9879298537396664
Glyma.05G139800.Wm82.a4.v1,0.9878735997652008
Glyma.08G062800.Wm82.a4.v1,0.9877806584160838
Glyma.02G232600.Wm82.a4.v1,0.9877757667661302
Glyma.14G003400.Wm82.a4.v1,0.9877757667661302
Glyma.09G130400.Wm82.a4.v1,0.9877708751161767
Glyma.05G149900.Wm82.a4.v1,0.9877244044416181
Glyma.18G281600.Wm82.a4.v1,0.9876485838673384
Glyma.08G297400.Wm82.a4.v1,0.9876192339676173
Glyma.11G043400.Wm82.a4.v1,0.9876094506677102
Glyma.08G263000.Wm82.a4.v1,0.9875947757178496
Glyma.20G233800.Wm82.a4.v1,0.9875507508682678
Glyma.07G013500.Wm82.a4.v1,0.9875018343687326
Glyma.17G214600.Wm82.a4.v1,0.9874724844690114
Glyma.02G303000.Wm82.a4.v1,0.9874480262192438
Glyma.16G027200.Wm82.a4.v1,0.9874431345692902
Glyma.11G142100.Wm82.a4.v1,0.9873844347698478
Glyma.14G222500.Wm82.a4.v1,0.9873453015702196
Glyma.13G003000.Wm82.a4.v1,0.9872327936212885
Glyma.12G169500.Wm82.a4.v1,0.9871838771217532
Glyma.17G130100.Wm82.a4.v1,0.9871740938218461
Glyma.01G096200.Wm82.a4.v1,0.9871594188719856
Glyma.07G201300.Wm82.a4.v1,0.9871520813970552
Glyma.04G015900.Wm82.a4.v1,0.9871056107224967
Glyma.09G131500.Wm82.a4.v1,0.9870811524727291
Glyma.06G157000.Wm82.a4.v1,0.9870811524727291
Glyma.09G147500.Wm82.a4.v1,0.9870615858729149
Glyma.18G215500.Wm82.a4.v1,0.9870371276231473
Glyma.11G049900.Wm82.a4.v1,0.9870077777234261
Glyma.19G027400.Wm82.a4.v1,0.9870028860734725
Glyma.19G232500.Wm82.a4.v1,0.9869735361737514
Glyma.08G220200.Wm82.a4.v1,0.9869148363743091
Glyma.09G185500.Wm82.a4.v1,0.9868659198747738
Glyma.05G238000.Wm82.a4.v1,0.9867680868757032
Glyma.08G062300.Wm82.a4.v1,0.9866898204764467
Glyma.12G028500.Wm82.a4.v1,0.9866800371765396
Glyma.14G162100.Wm82.a4.v1,0.9866702538766325
Glyma.07G030500.Wm82.a4.v1,0.9866604705767256
Glyma.09G214400.Wm82.a4.v1,0.9866457956268649
Glyma.19G167800.Wm82.a4.v1,0.9866457956268649
Glyma.16G039800.Wm82.a4.v1,0.9866457956268649
Glyma.14G177200.Wm82.a4.v1,0.9866017707772832
Glyma.05G166800.Wm82.a4.v1,0.9865675292276085
Glyma.17G062200.Wm82.a4.v1,0.9865381793278873
Glyma.10G216700.Wm82.a4.v1,0.986489262828352
Glyma.16G012100.Wm82.a4.v1,0.9864843711783985
Glyma.15G209000.Wm82.a4.v1,0.986406104779142
Glyma.05G184000.Wm82.a4.v1,0.986396321479235
Glyma.17G181000.Wm82.a4.v1,0.986322946729932
Glyma.09G218100.Wm82.a4.v1,0.9863180550799785
Glyma.07G060700.Wm82.a4.v1,0.9862935968302108
Glyma.01G211200.Wm82.a4.v1,0.9862471261556524
Glyma.18G186800.Wm82.a4.v1,0.9861761972313261
Glyma.03G142800.Wm82.a4.v1,0.9861223890818374
Glyma.01G234600.Wm82.a4.v1,0.9861077141319767
Glyma.17G127000.Wm82.a4.v1,0.9860587976324414
Glyma.18G243000.Wm82.a4.v1,0.9860587976324414
Glyma.05G230700.Wm82.a4.v1,0.9860343393826738
Glyma.07G049000.Wm82.a4.v1,0.9859413980335567
Glyma.03G110100.Wm82.a4.v1,0.9859022648339285
Glyma.12G073000.Wm82.a4.v1,0.9858729149342073
Glyma.06G309000.Wm82.a4.v1,0.9858582399843467
Glyma.20G168100.Wm82.a4.v1,0.9857701902851832
Glyma.19G145800.Wm82.a4.v1,0.985750623685369
Glyma.16G094600.Wm82.a4.v1,0.9857432862104388
Glyma.13G262200.Wm82.a4.v1,0.9857212737856479
Glyma.11G067100.Wm82.a4.v1,0.9857212737856479
Glyma.04G014500.Wm82.a4.v1,0.9856430073863914
Glyma.05G112100.Wm82.a4.v1,0.985564740987135
Glyma.20G160500.Wm82.a4.v1,0.9855402827373673
Glyma.10G056600.Wm82.a4.v1,0.9855353910874138
Glyma.14G070400.Wm82.a4.v1,0.9855158244875997
Glyma.14G029700.Wm82.a4.v1,0.985398424888715
Glyma.18G138300.Wm82.a4.v1,0.985315266839505
Glyma.04G020000.Wm82.a4.v1,0.9852712419899232
Glyma.14G150500.Wm82.a4.v1,0.985232108790295
Glyma.12G181400.Wm82.a4.v1,0.9852027588905737
Glyma.13G071400.Wm82.a4.v1,0.9851660715159223
Glyma.11G121900.Wm82.a4.v1,0.9851538423910385
Glyma.16G129700.Wm82.a4.v1,0.9851000342415497
Glyma.14G094700.Wm82.a4.v1,0.9850878051166658
Glyma.02G209000.Wm82.a4.v1,0.9850853592916891
Glyma.17G032200.Wm82.a4.v1,0.9849337181431297
Glyma.05G001100.Wm82.a4.v1,0.9849288264931761
Glyma.01G199700.Wm82.a4.v1,0.984899476593455
Glyma.05G156300.Wm82.a4.v1,0.9848970307684782
Glyma.05G236300.Wm82.a4.v1,0.9848945849435015
Glyma.02G061100.Wm82.a4.v1,0.9848530059188965
Glyma.15G088100.Wm82.a4.v1,0.9848309934941055
Glyma.15G167400.Wm82.a4.v1,0.984826101844152
Glyma.14G008500.Wm82.a4.v1,0.9847967519444308
Glyma.11G171355.Wm82.a4.v1,0.9847282688450815
Glyma.20G082800.Wm82.a4.v1,0.9847233771951279
Glyma.10G293500.Wm82.a4.v1,0.9847233771951279
Glyma.20G116100.Wm82.a4.v1,0.9847038105953138
Glyma.09G138400.Wm82.a4.v1,0.984659785745732
Glyma.14G185700.Wm82.a4.v1,0.9845521694467544
Glyma.17G228800.Wm82.a4.v1,0.9845326028469402
Glyma.02G253500.Wm82.a4.v1,0.984493469647312
Glyma.13G334300.Wm82.a4.v1,0.9844739030474979
Glyma.15G040300.Wm82.a4.v1,0.9844152032480555
Glyma.04G133900.Wm82.a4.v1,0.9843026952991244
Glyma.20G175300.Wm82.a4.v1,0.9842880203492638
Glyma.08G165500.Wm82.a4.v1,0.9842831286993102
Glyma.07G181900.Wm82.a4.v1,0.9842831286993102
Glyma.12G050700.Wm82.a4.v1,0.9842733453994033
Glyma.15G021700.Wm82.a4.v1,0.9842488871496355
Glyma.11G114300.Wm82.a4.v1,0.9842391038497285
Glyma.08G134300.Wm82.a4.v1,0.9841559458005185
Glyma.15G082000.Wm82.a4.v1,0.9840091963019126
Glyma.11G022300.Wm82.a4.v1,0.9839407132025633
Glyma.13G285600.Wm82.a4.v1,0.9839309299026562
Glyma.13G153400.Wm82.a4.v1,0.9838477718534462
Glyma.19G052400.Wm82.a4.v1,0.9838477718534462
Glyma.15G040200.Wm82.a4.v1,0.9838330969035856
Glyma.01G185800.Wm82.a4.v1,0.9838330969035856
Glyma.12G065100.Wm82.a4.v1,0.9838013011788876
Glyma.13G136200.Wm82.a4.v1,0.9837988553539109
Glyma.15G185000.Wm82.a4.v1,0.9837939637039573
Glyma.11G037500.Wm82.a4.v1,0.9837890720540038
Glyma.18G040100.Wm82.a4.v1,0.9837841804040502
Glyma.09G143200.Wm82.a4.v1,0.9837303722545615
Glyma.06G307100.Wm82.a4.v1,0.9836276476055373
Glyma.19G090000.Wm82.a4.v1,0.9835444895563273
Glyma.02G038100.Wm82.a4.v1,0.9835298146064667
Glyma.20G027200.Wm82.a4.v1,0.9835200313065597
Glyma.04G229000.Wm82.a4.v1,0.9834662231570709
Glyma.02G004100.Wm82.a4.v1,0.9834662231570709
Glyma.19G124900.Wm82.a4.v1,0.9833488235581862
Glyma.04G156200.Wm82.a4.v1,0.9832950154086973
Glyma.10G261200.Wm82.a4.v1,0.9832901237587438
Glyma.14G031200.Wm82.a4.v1,0.983268111333953
Glyma.13G103300.Wm82.a4.v1,0.9832558822090691
Glyma.13G217100.Wm82.a4.v1,0.9832412072592085
Glyma.03G234600.Wm82.a4.v1,0.9832314239593015
Glyma.03G123100.Wm82.a4.v1,0.9831140243604167
Glyma.05G079700.Wm82.a4.v1,0.9830846744606956
Glyma.06G101600.Wm82.a4.v1,0.983079782810742
Glyma.05G178000.Wm82.a4.v1,0.9830553245609744
Glyma.08G168700.Wm82.a4.v1,0.9830553245609744
Glyma.10G040600.Wm82.a4.v1,0.9830504329110209
Glyma.07G198500.Wm82.a4.v1,0.9829721665117644
Glyma.13G137100.Wm82.a4.v1,0.9828400919630191
Glyma.01G174000.Wm82.a4.v1,0.9828009587633909
Glyma.17G247300.Wm82.a4.v1,0.9827422589639485
Glyma.09G187300.Wm82.a4.v1,0.9826150760651567
Glyma.05G185000.Wm82.a4.v1,0.9826150760651567
Glyma.18G036400.Wm82.a4.v1,0.9825417013158538
Glyma.18G074100.Wm82.a4.v1,0.9823460353177127
Glyma.04G161600.Wm82.a4.v1,0.9823411436677592
Glyma.06G185200.Wm82.a4.v1,0.9823069021180845
Glyma.03G171400.Wm82.a4.v1,0.9822433106686885
Glyma.07G198600.Wm82.a4.v1,0.9821943941691532
Glyma.11G099300.Wm82.a4.v1,0.9821577067945018
Glyma.20G104000.Wm82.a4.v1,0.9821063444699897
Glyma.04G001500.Wm82.a4.v1,0.9821014528200362
Glyma.03G158200.Wm82.a4.v1,0.9820280780707332
Glyma.13G333800.Wm82.a4.v1,0.9820182947708262
Glyma.12G184900.Wm82.a4.v1,0.9820036198209656
Glyma.16G127300.Wm82.a4.v1,0.9819693782712909
Glyma.08G030900.Wm82.a4.v1,0.9819693782712909
Glyma.19G186900.Wm82.a4.v1,0.9819449200215232
Glyma.04G164400.Wm82.a4.v1,0.9818960035219879
Glyma.13G165200.Wm82.a4.v1,0.9818568703223597
Glyma.02G126500.Wm82.a4.v1,0.9817883872230103
Glyma.03G190900.Wm82.a4.v1,0.9817786039231032
Glyma.17G186500.Wm82.a4.v1,0.9817639289732427
Glyma.13G147000.Wm82.a4.v1,0.9817419165484518
Glyma.17G149600.Wm82.a4.v1,0.9817296874235679
Glyma.13G113200.Wm82.a4.v1,0.9817247957736145
Glyma.04G002300.Wm82.a4.v1,0.9817101208237539
Glyma.08G245100.Wm82.a4.v1,0.9816954458738932
Glyma.20G243500.Wm82.a4.v1,0.9816489751993347
Glyma.18G028400.Wm82.a4.v1,0.9816245169495671
Glyma.10G162200.Wm82.a4.v1,0.9815829379249621
Glyma.19G181300.Wm82.a4.v1,0.9815780462750086
Glyma.12G221000.Wm82.a4.v1,0.981573154625055
Glyma.08G142700.Wm82.a4.v1,0.9815438047253339
Glyma.08G222300.Wm82.a4.v1,0.9815389130753803
Glyma.06G064200.Wm82.a4.v1,0.9814802132759379
Glyma.18G132200.Wm82.a4.v1,0.9814606466761239
Glyma.02G107100.Wm82.a4.v1,0.9814557550261703
Glyma.11G141600.Wm82.a4.v1,0.9814508633762168
Glyma.08G184300.Wm82.a4.v1,0.9814019468766815
Glyma.13G220900.Wm82.a4.v1,0.9813774886269139
Glyma.12G013300.Wm82.a4.v1,0.9813677053270068
Glyma.07G058200.Wm82.a4.v1,0.9813579220270997
Glyma.04G055400.Wm82.a4.v1,0.9813554762021229
Glyma.20G066100.Wm82.a4.v1,0.9813530303771462
Glyma.06G097000.Wm82.a4.v1,0.9813359096023089
Glyma.02G127600.Wm82.a4.v1,0.9812943305777039
Glyma.17G101700.Wm82.a4.v1,0.9812943305777039
Glyma.07G269600.Wm82.a4.v1,0.9812356307782615
Glyma.18G061700.Wm82.a4.v1,0.9812160641784474
Glyma.18G116900.Wm82.a4.v1,0.9812160641784474
Glyma.16G028800.Wm82.a4.v1,0.9812062808785403
Glyma.06G164800.Wm82.a4.v1,0.9811011104045394
Glyma.07G114900.Wm82.a4.v1,0.9810986645795627
Glyma.03G261500.Wm82.a4.v1,0.9810986645795627
Glyma.06G109300.Wm82.a4.v1,0.9810595313799344
Glyma.20G107800.Wm82.a4.v1,0.9810424106050971
Glyma.07G089200.Wm82.a4.v1,0.980981264980678
Glyma.18G237400.Wm82.a4.v1,0.980971481680771
Glyma.08G274400.Wm82.a4.v1,0.9809568067309103
Glyma.03G137000.Wm82.a4.v1,0.9809127818813286
Glyma.15G267000.Wm82.a4.v1,0.9808932152815144
Glyma.03G166700.Wm82.a4.v1,0.9808442987819792
Glyma.02G109100.Wm82.a4.v1,0.9807953822824439
Glyma.02G098600.Wm82.a4.v1,0.9807464657829086
Glyma.06G175100.Wm82.a4.v1,0.9807122242332339
Glyma.13G344700.Wm82.a4.v1,0.9806926576334197
Glyma.17G084300.Wm82.a4.v1,0.9806779826835592
Glyma.06G218000.Wm82.a4.v1,0.980658416083745
Glyma.07G089500.Wm82.a4.v1,0.9806510786088147
Glyma.20G118500.Wm82.a4.v1,0.980648632783838
Glyma.11G101500.Wm82.a4.v1,0.980565474734628
Glyma.09G109200.Wm82.a4.v1,0.9805361248349068
Glyma.19G214500.Wm82.a4.v1,0.9805018832852321
Glyma.10G075000.Wm82.a4.v1,0.9804431834857897
Glyma.17G075900.Wm82.a4.v1,0.9804382918358362
Glyma.09G073900.Wm82.a4.v1,0.9803942669862544
Glyma.14G004200.Wm82.a4.v1,0.9803844836863475
Glyma.08G302600.Wm82.a4.v1,0.9803600254365797
Glyma.17G063200.Wm82.a4.v1,0.9802524091376021
Glyma.15G275600.Wm82.a4.v1,0.9802499633126254
Glyma.12G227800.Wm82.a4.v1,0.9802401800127183
Glyma.17G046500.Wm82.a4.v1,0.980232842537788
Glyma.11G175800.Wm82.a4.v1,0.9801937093381597
Glyma.13G283600.Wm82.a4.v1,0.9801203345888568
Glyma.10G145300.Wm82.a4.v1,0.9801056596389962
Glyma.11G154214.Wm82.a4.v1,0.980066526439368
Glyma.10G168200.Wm82.a4.v1,0.9800469598395539
Glyma.01G217400.Wm82.a4.v1,0.9799686934402975
Glyma.19G045800.Wm82.a4.v1,0.9799638017903439
Glyma.08G103700.Wm82.a4.v1,0.9799589101403904
Glyma.11G069000.Wm82.a4.v1,0.9799393435405762
Glyma.06G001500.Wm82.a4.v1,0.9799197769407622
Glyma.17G133600.Wm82.a4.v1,0.9798806437411339
Glyma.18G281200.Wm82.a4.v1,0.9798366188915522
Glyma.13G112900.Wm82.a4.v1,0.9798219439416915
Glyma.11G141800.Wm82.a4.v1,0.9797974856919239
Glyma.04G226700.Wm82.a4.v1,0.9797583524922957
Glyma.11G164300.Wm82.a4.v1,0.9797241109426209
Glyma.10G029400.Wm82.a4.v1,0.9797167734676907
Glyma.11G030400.Wm82.a4.v1,0.9797020985178301
Glyma.09G187800.Wm82.a4.v1,0.9796703027931322
Glyma.04G054300.Wm82.a4.v1,0.9796605194932251
Glyma.11G189600.Wm82.a4.v1,0.9796311695935039
Glyma.07G023000.Wm82.a4.v1,0.9796213862935969
Glyma.07G127500.Wm82.a4.v1,0.9796067113437362
Glyma.14G110000.Wm82.a4.v1,0.9795822530939686
Glyma.04G188700.Wm82.a4.v1,0.9795626864941545
Glyma.01G176400.Wm82.a4.v1,0.9795577948442009
Glyma.06G260100.Wm82.a4.v1,0.9795137699946191
Glyma.04G065600.Wm82.a4.v1,0.9794990950447586
Glyma.18G276200.Wm82.a4.v1,0.9794599618451304
Glyma.20G129500.Wm82.a4.v1,0.9794550701951769
Glyma.13G046200.Wm82.a4.v1,0.9794232744704789
Glyma.19G172500.Wm82.a4.v1,0.9794159369955486
Glyma.11G075700.Wm82.a4.v1,0.979381695445874
Glyma.08G114100.Wm82.a4.v1,0.9792496208971286
Glyma.13G069100.Wm82.a4.v1,0.9792398375972216
Glyma.15G014400.Wm82.a4.v1,0.9791077630484762
Glyma.11G048300.Wm82.a4.v1,0.9790906422736388
Glyma.07G043600.Wm82.a4.v1,0.9790833047987086
Glyma.09G146500.Wm82.a4.v1,0.9790099300494056
Glyma.13G230600.Wm82.a4.v1,0.9789805801496845
Glyma.12G074500.Wm82.a4.v1,0.9789610135498704
Glyma.20G232900.Wm82.a4.v1,0.9789365553001027
Glyma.19G126000.Wm82.a4.v1,0.9788240473511716
Glyma.15G238600.Wm82.a4.v1,0.9788142640512645
Glyma.08G145600.Wm82.a4.v1,0.9787898058014969
Glyma.06G174200.Wm82.a4.v1,0.9787751308516363
Glyma.11G151300.Wm82.a4.v1,0.9787604559017756
Glyma.12G138800.Wm82.a4.v1,0.9787555642518221
Glyma.11G027400.Wm82.a4.v1,0.9787286601770777
Glyma.19G260600.Wm82.a4.v1,0.9787213227021474
Glyma.03G216600.Wm82.a4.v1,0.9786577312527516
Glyma.15G029500.Wm82.a4.v1,0.9786039231032627
Glyma.14G093600.Wm82.a4.v1,0.9785794648534951
Glyma.05G052300.Wm82.a4.v1,0.9785745732035416
Glyma.13G254900.Wm82.a4.v1,0.978528102528983
Glyma.09G077600.Wm82.a4.v1,0.9784914151543316
Glyma.13G136400.Wm82.a4.v1,0.9784718485545174
Glyma.15G121400.Wm82.a4.v1,0.9784620652546103
Glyma.12G194400.Wm82.a4.v1,0.9783348823558187
Glyma.08G070500.Wm82.a4.v1,0.9783153157560045
Glyma.02G242000.Wm82.a4.v1,0.9783055324560974
Glyma.11G157976.Wm82.a4.v1,0.978268845081446
Glyma.17G134100.Wm82.a4.v1,0.978227266056841
Glyma.09G071400.Wm82.a4.v1,0.9782076994570269
Glyma.18G150000.Wm82.a4.v1,0.9782003619820966
Glyma.11G181100.Wm82.a4.v1,0.9781832412072592
Glyma.18G075300.Wm82.a4.v1,0.9781734579073521
Glyma.13G177900.Wm82.a4.v1,0.9781416621826542
Glyma.06G263900.Wm82.a4.v1,0.9781343247077239
Glyma.19G130800.Wm82.a4.v1,0.9780951915080957
Glyma.16G148500.Wm82.a4.v1,0.9780854082081886
Glyma.16G203100.Wm82.a4.v1,0.978070733258328
Glyma.09G227200.Wm82.a4.v1,0.9780462750085603
Glyma.08G214000.Wm82.a4.v1,0.9780169251088392
Glyma.20G212400.Wm82.a4.v1,0.9779729002592574
Glyma.03G245300.Wm82.a4.v1,0.9779044171599081
Glyma.01G205400.Wm82.a4.v1,0.9778897422100474
Glyma.02G188300.Wm82.a4.v1,0.9778750672601869
Glyma.13G192600.Wm82.a4.v1,0.9778555006603727
Glyma.19G168300.Wm82.a4.v1,0.9778188132857213
Glyma.17G253500.Wm82.a4.v1,0.9778065841608374
Glyma.10G049400.Wm82.a4.v1,0.9777821259110698
Glyma.09G255500.Wm82.a4.v1,0.9777625593112557
Glyma.20G003100.Wm82.a4.v1,0.9777478843613951
Glyma.12G032800.Wm82.a4.v1,0.9777381010614881
Glyma.11G148362.Wm82.a4.v1,0.9777087511617668
Glyma.01G087900.Wm82.a4.v1,0.9777038595118134
Glyma.15G095400.Wm82.a4.v1,0.9776794012620457
Glyma.04G019100.Wm82.a4.v1,0.9776109181626963
Glyma.06G055600.Wm82.a4.v1,0.9775815682629752
Glyma.07G049900.Wm82.a4.v1,0.9775717849630681
Glyma.11G178100.Wm82.a4.v1,0.977562001663161
Glyma.08G007200.Wm82.a4.v1,0.9775130851636257
Glyma.18G079900.Wm82.a4.v1,0.9775081935136721
Glyma.08G297100.Wm82.a4.v1,0.9774984102137652
Glyma.01G026700.Wm82.a4.v1,0.9774886269138581
Glyma.18G049200.Wm82.a4.v1,0.9774348187643692
Glyma.06G261400.Wm82.a4.v1,0.9774201438145086
Glyma.10G104700.Wm82.a4.v1,0.9773761189649268
Glyma.08G167900.Wm82.a4.v1,0.9773174191654845
Glyma.04G191700.Wm82.a4.v1,0.9772733943159028
Glyma.19G047300.Wm82.a4.v1,0.9772685026659492
Glyma.03G086400.Wm82.a4.v1,0.9772098028665068
Glyma.11G158500.Wm82.a4.v1,0.9772000195665999
Glyma.19G189600.Wm82.a4.v1,0.9771902362666928
Glyma.01G191300.Wm82.a4.v1,0.9770288118182263
Glyma.06G113200.Wm82.a4.v1,0.9770239201682728
Glyma.11G176000.Wm82.a4.v1,0.9770141368683657
Glyma.09G263100.Wm82.a4.v1,0.9769847869686445
Glyma.20G118600.Wm82.a4.v1,0.9769701120187839
Glyma.12G169600.Wm82.a4.v1,0.9769456537690163
Glyma.03G216900.Wm82.a4.v1,0.9768771706696668
Glyma.07G222900.Wm82.a4.v1,0.9768576040698528
Glyma.08G074000.Wm82.a4.v1,0.9768527124198992
Glyma.05G114900.Wm82.a4.v1,0.9768429291199922
Glyma.05G043200.Wm82.a4.v1,0.9768233625201781
Glyma.14G004000.Wm82.a4.v1,0.9767842293205499
Glyma.20G094500.Wm82.a4.v1,0.9767353128210146
Glyma.06G289300.Wm82.a4.v1,0.9767230836961307
Glyma.19G228100.Wm82.a4.v1,0.9766228048720833
Glyma.14G024600.Wm82.a4.v1,0.9766130215721763
Glyma.06G097300.Wm82.a4.v1,0.9766032382722692
Glyma.13G111500.Wm82.a4.v1,0.9765787800225015
Glyma.20G207100.Wm82.a4.v1,0.9765616592476642
Glyma.10G000900.Wm82.a4.v1,0.976522526048036
Glyma.18G243200.Wm82.a4.v1,0.9764662720735704
Glyma.13G007200.Wm82.a4.v1,0.9764075722741281
Glyma.08G135000.Wm82.a4.v1,0.9763488724746857
Glyma.15G115600.Wm82.a4.v1,0.9763488724746857
Glyma.15G040400.Wm82.a4.v1,0.9763390891747786
Glyma.14G093100.Wm82.a4.v1,0.9763293058748715
Glyma.02G283400.Wm82.a4.v1,0.9762510394756151
Glyma.07G185400.Wm82.a4.v1,0.9762045688010565
Glyma.04G169200.Wm82.a4.v1,0.9761629897764516
Glyma.15G127500.Wm82.a4.v1,0.9761580981264981
Glyma.08G359600.Wm82.a4.v1,0.9761434231766375
Glyma.12G049500.Wm82.a4.v1,0.9761238565768233
Glyma.18G119400.Wm82.a4.v1,0.9760896150271486
Glyma.08G028000.Wm82.a4.v1,0.9760113486278922
Glyma.14G010900.Wm82.a4.v1,0.9758866115540772
Glyma.20G169500.Wm82.a4.v1,0.9758841657291004
Glyma.06G069600.Wm82.a4.v1,0.9758645991292864
Glyma.16G002500.Wm82.a4.v1,0.9758499241794257
Glyma.13G243100.Wm82.a4.v1,0.9758303575796116
Glyma.16G046500.Wm82.a4.v1,0.9757471995304016
Glyma.17G148200.Wm82.a4.v1,0.975742307880448
Glyma.06G055900.Wm82.a4.v1,0.9757129579807269
Glyma.04G167400.Wm82.a4.v1,0.9756738247810987
Glyma.16G116300.Wm82.a4.v1,0.975639583231424
Glyma.13G151600.Wm82.a4.v1,0.9756249082815633
Glyma.05G184100.Wm82.a4.v1,0.9756053416817493
Glyma.11G237200.Wm82.a4.v1,0.9755417502323533
Glyma.07G034800.Wm82.a4.v1,0.9755221836325393
Glyma.13G232500.Wm82.a4.v1,0.9755075086826787
Glyma.08G181300.Wm82.a4.v1,0.9755026170327251
Glyma.07G019400.Wm82.a4.v1,0.9754781587829575
Glyma.14G208600.Wm82.a4.v1,0.9754488088832363
Glyma.03G120700.Wm82.a4.v1,0.9753754341339334
Glyma.12G197100.Wm82.a4.v1,0.9753607591840728
Glyma.01G183300.Wm82.a4.v1,0.9753167343344911
Glyma.06G018400.Wm82.a4.v1,0.9752482512351416
Glyma.16G076300.Wm82.a4.v1,0.9752042263855598
Glyma.07G112000.Wm82.a4.v1,0.9751895514356993
Glyma.02G168000.Wm82.a4.v1,0.9750819351367216
Glyma.18G061800.Wm82.a4.v1,0.9750428019370934
Glyma.16G005300.Wm82.a4.v1,0.9750281269872328
Glyma.12G065200.Wm82.a4.v1,0.9749498605879763
Glyma.02G239700.Wm82.a4.v1,0.9749254023382087
Glyma.03G243700.Wm82.a4.v1,0.9749205106882551
Glyma.11G150452.Wm82.a4.v1,0.9748813774886269
Glyma.01G201000.Wm82.a4.v1,0.974808002739324
Glyma.04G060000.Wm82.a4.v1,0.9748031110893705
Glyma.15G008800.Wm82.a4.v1,0.9747297363400675
Glyma.19G049200.Wm82.a4.v1,0.9747199530401605
Glyma.20G218902.Wm82.a4.v1,0.9745878784914151
Glyma.06G145700.Wm82.a4.v1,0.9745683118916011
Glyma.11G124800.Wm82.a4.v1,0.9745096120921587
Glyma.13G357200.Wm82.a4.v1,0.9745047204422052
Glyma.05G200500.Wm82.a4.v1,0.9744900454923445
Glyma.06G236200.Wm82.a4.v1,0.9744802621924376
Glyma.15G021000.Wm82.a4.v1,0.9744704788925305
Glyma.03G263200.Wm82.a4.v1,0.9744460206427628
Glyma.12G012800.Wm82.a4.v1,0.9744411289928093
Glyma.03G246300.Wm82.a4.v1,0.9744264540429487
Glyma.03G232400.Wm82.a4.v1,0.9743824291933669
Glyma.03G245100.Wm82.a4.v1,0.9743139460940176
Glyma.02G125900.Wm82.a4.v1,0.9743041627941105
Glyma.13G316400.Wm82.a4.v1,0.9742943794942034
Glyma.10G004300.Wm82.a4.v1,0.9742894878442498
Glyma.14G061100.Wm82.a4.v1,0.9742307880448076
Glyma.17G224300.Wm82.a4.v1,0.9742161130949469
Glyma.05G192600.Wm82.a4.v1,0.9741623049454581
Glyma.07G139300.Wm82.a4.v1,0.974152521645551
Glyma.12G206600.Wm82.a4.v1,0.9741476299955976
Glyma.02G147000.Wm82.a4.v1,0.9741182800958763
Glyma.01G114800.Wm82.a4.v1,0.9741084967959692
Glyma.03G030400.Wm82.a4.v1,0.9741036051460158
Glyma.20G149400.Wm82.a4.v1,0.9740987134960623
Glyma.08G253800.Wm82.a4.v1,0.9740644719463876
Glyma.08G304000.Wm82.a4.v1,0.9739910971970845
Glyma.18G115500.Wm82.a4.v1,0.9739666389473169
Glyma.05G000300.Wm82.a4.v1,0.9739226140977352
Glyma.06G138100.Wm82.a4.v1,0.973903047497921
Glyma.09G075500.Wm82.a4.v1,0.9738981558479676
Glyma.05G019600.Wm82.a4.v1,0.9738883725480605
Glyma.06G146700.Wm82.a4.v1,0.9738443476984787
Glyma.08G204600.Wm82.a4.v1,0.9738394560485252
Glyma.13G210800.Wm82.a4.v1,0.9737905395489899
Glyma.13G280300.Wm82.a4.v1,0.9737807562490828
Glyma.06G014500.Wm82.a4.v1,0.973717164799687
Glyma.09G239000.Wm82.a4.v1,0.9736095485007092
Glyma.07G043800.Wm82.a4.v1,0.973560632001174
Glyma.01G050100.Wm82.a4.v1,0.9735263904514992
Glyma.20G155600.Wm82.a4.v1,0.9735263904514992
Glyma.13G169000.Wm82.a4.v1,0.973519052976569
Glyma.11G226800.Wm82.a4.v1,0.9734799197769408
Glyma.05G016000.Wm82.a4.v1,0.973477473951964
Glyma.15G090500.Wm82.a4.v1,0.9734383407523358
Glyma.06G163500.Wm82.a4.v1,0.973384532602847
Glyma.13G230500.Wm82.a4.v1,0.9733698576529863
Glyma.14G132800.Wm82.a4.v1,0.9733649660030328
Glyma.11G180500.Wm82.a4.v1,0.9733502910531723
Glyma.04G249700.Wm82.a4.v1,0.9732622413540087
Glyma.20G128600.Wm82.a4.v1,0.9732328914542875
Glyma.05G218800.Wm82.a4.v1,0.9731497334050775
Glyma.02G001500.Wm82.a4.v1,0.9730861419556817
Glyma.09G198900.Wm82.a4.v1,0.9730421171060999
Glyma.12G015800.Wm82.a4.v1,0.9730421171060999
Glyma.08G024900.Wm82.a4.v1,0.9729736340067505
Glyma.11G012700.Wm82.a4.v1,0.9729638507068434
Glyma.03G142200.Wm82.a4.v1,0.9728611260578193
Glyma.14G187800.Wm82.a4.v1,0.9728317761580981
Glyma.10G048100.Wm82.a4.v1,0.972802426258377
Glyma.04G242000.Wm82.a4.v1,0.9727241598591205
Glyma.12G162300.Wm82.a4.v1,0.9726312185100034
Glyma.09G131100.Wm82.a4.v1,0.9725333855109328
Glyma.04G178500.Wm82.a4.v1,0.9724600107616299
Glyma.15G112500.Wm82.a4.v1,0.9724159859120481
Glyma.08G022300.Wm82.a4.v1,0.9724159859120481
Glyma.02G198400.Wm82.a4.v1,0.972396419312234
Glyma.08G141700.Wm82.a4.v1,0.972386636012327
Glyma.04G241000.Wm82.a4.v1,0.9723719610624664
Glyma.08G364600.Wm82.a4.v1,0.9723523944626522
Glyma.10G221600.Wm82.a4.v1,0.9723475028126988
Glyma.06G108100.Wm82.a4.v1,0.9723279362128846
Glyma.02G087800.Wm82.a4.v1,0.9722839113633028
Glyma.10G048500.Wm82.a4.v1,0.9722692364134422
Glyma.11G050900.Wm82.a4.v1,0.9722398865137211
Glyma.12G024100.Wm82.a4.v1,0.9722349948637675
Glyma.04G122700.Wm82.a4.v1,0.9722105366139999
Glyma.10G117200.Wm82.a4.v1,0.9721616201144646
Glyma.05G045800.Wm82.a4.v1,0.9720442205155799
Glyma.09G095400.Wm82.a4.v1,0.9720393288656264
Glyma.20G084000.Wm82.a4.v1,0.9719659541163235
Glyma.14G041700.Wm82.a4.v1,0.9719170376167882
Glyma.02G138600.Wm82.a4.v1,0.9718583378173458
Glyma.15G003200.Wm82.a4.v1,0.9718192046177175
Glyma.04G050700.Wm82.a4.v1,0.9717996380179035
Glyma.13G280600.Wm82.a4.v1,0.9717702881181822
Glyma.15G163100.Wm82.a4.v1,0.9717409382184611
Glyma.14G038200.Wm82.a4.v1,0.9717360465685075
Glyma.17G058600.Wm82.a4.v1,0.9717262632686005
Glyma.02G118500.Wm82.a4.v1,0.9716235386195764
Glyma.20G085900.Wm82.a4.v1,0.9715868512449249
Glyma.20G131500.Wm82.a4.v1,0.9715746221200411
Glyma.03G186500.Wm82.a4.v1,0.971564838820134
Glyma.11G192700.Wm82.a4.v1,0.9715599471701805
Glyma.10G066500.Wm82.a4.v1,0.9715061390206917
Glyma.09G042400.Wm82.a4.v1,0.9715012473707382
Glyma.03G232700.Wm82.a4.v1,0.9714523308712029
Glyma.12G184800.Wm82.a4.v1,0.9714327642713887
Glyma.06G083200.Wm82.a4.v1,0.9714180893215282
Glyma.03G197600.Wm82.a4.v1,0.9714131976715746
Glyma.06G294100.Wm82.a4.v1,0.9713838477718535
Glyma.16G041700.Wm82.a4.v1,0.9713691728219929
Glyma.20G166400.Wm82.a4.v1,0.97129579807269
Glyma.17G212200.Wm82.a4.v1,0.97121264002348
Glyma.08G327500.Wm82.a4.v1,0.9711832901237587
Glyma.10G124200.Wm82.a4.v1,0.9711735068238517
Glyma.15G250100.Wm82.a4.v1,0.9711099153744558
Glyma.10G006200.Wm82.a4.v1,0.9711001320745487
Glyma.12G009600.Wm82.a4.v1,0.971065890524874
Glyma.10G155000.Wm82.a4.v1,0.9710561072249669
Glyma.12G131800.Wm82.a4.v1,0.97096316587585
Glyma.20G180100.Wm82.a4.v1,0.9709435992760358
Glyma.13G097400.Wm82.a4.v1,0.9709240326762217
Glyma.11G025700.Wm82.a4.v1,0.9709240326762217
Glyma.12G182500.Wm82.a4.v1,0.9709191410262682
Glyma.17G202300.Wm82.a4.v1,0.9708310913271047
Glyma.06G170900.Wm82.a4.v1,0.9708115247272905
Glyma.15G156900.Wm82.a4.v1,0.970806633077337
Glyma.15G152900.Wm82.a4.v1,0.9707919581274764
Glyma.16G159700.Wm82.a4.v1,0.9707772831776158
Glyma.10G002600.Wm82.a4.v1,0.9707626082277552
Glyma.12G054700.Wm82.a4.v1,0.9707577165778017
Glyma.02G245100.Wm82.a4.v1,0.970733258328034
Glyma.05G052400.Wm82.a4.v1,0.9707088000782664
Glyma.17G201600.Wm82.a4.v1,0.970681896003522
Glyma.06G204100.Wm82.a4.v1,0.9705131340801252
Glyma.11G030500.Wm82.a4.v1,0.9705082424301716
Glyma.01G242902.Wm82.a4.v1,0.9704691092305434
Glyma.18G291900.Wm82.a4.v1,0.9703859511813334
Glyma.20G132300.Wm82.a4.v1,0.970307684782077
Glyma.10G044400.Wm82.a4.v1,0.9702832265323094
Glyma.18G258900.Wm82.a4.v1,0.9702783348823558
Glyma.18G195200.Wm82.a4.v1,0.9702489849826347
Glyma.04G080500.Wm82.a4.v1,0.970224526732867
Glyma.08G056600.Wm82.a4.v1,0.9702049601330529
Glyma.07G190100.Wm82.a4.v1,0.9700900063591449
Glyma.04G132400.Wm82.a4.v1,0.9700337523846794
Glyma.16G173500.Wm82.a4.v1,0.9700288607347258
Glyma.11G173700.Wm82.a4.v1,0.9700288607347258
Glyma.18G184000.Wm82.a4.v1,0.9700141857848652
Glyma.08G151900.Wm82.a4.v1,0.9699652692853299
Glyma.19G141100.Wm82.a4.v1,0.9699652692853299
Glyma.08G331900.Wm82.a4.v1,0.9699163527857947
Glyma.10G000200.Wm82.a4.v1,0.9698870028860734
Glyma.04G139200.Wm82.a4.v1,0.9698772195861665
Glyma.02G255500.Wm82.a4.v1,0.9698772195861665
Glyma.18G075000.Wm82.a4.v1,0.9698234114366776
Glyma.09G084600.Wm82.a4.v1,0.969808736486817
Glyma.05G024200.Wm82.a4.v1,0.9697696032871888
Glyma.05G174300.Wm82.a4.v1,0.9696962285378858
Glyma.02G161100.Wm82.a4.v1,0.9696619869882112
Glyma.17G223900.Wm82.a4.v1,0.9696375287384434
Glyma.17G192200.Wm82.a4.v1,0.9695983955388152
Glyma.05G026200.Wm82.a4.v1,0.9695739372890476
Glyma.10G223450.Wm82.a4.v1,0.9695690456390941
Glyma.19G110700.Wm82.a4.v1,0.9695152374896052
Glyma.14G135900.Wm82.a4.v1,0.9695054541896981
Glyma.02G047800.Wm82.a4.v1,0.969476104289977
Glyma.12G082100.Wm82.a4.v1,0.9694663209900699
Glyma.06G175400.Wm82.a4.v1,0.9693587046910923
Glyma.18G057900.Wm82.a4.v1,0.9693391380912781
Glyma.02G195400.Wm82.a4.v1,0.9692902215917429
Glyma.02G057900.Wm82.a4.v1,0.9691483637430905
Glyma.15G016400.Wm82.a4.v1,0.969060314043927
Glyma.01G031400.Wm82.a4.v1,0.9689869392946241
Glyma.19G012900.Wm82.a4.v1,0.9689624810448564
Glyma.19G123400.Wm82.a4.v1,0.9689429144450423
Glyma.02G251700.Wm82.a4.v1,0.9689331311451352
Glyma.15G091400.Wm82.a4.v1,0.9689086728953676
Glyma.09G248600.Wm82.a4.v1,0.9688157315462506
Glyma.04G233500.Wm82.a4.v1,0.9688157315462506
Glyma.02G300200.Wm82.a4.v1,0.9687961649464364
Glyma.19G036100.Wm82.a4.v1,0.9687961649464364
Glyma.08G222100.Wm82.a4.v1,0.9686053905982488
Glyma.05G183500.Wm82.a4.v1,0.9686053905982488
Glyma.03G159100.Wm82.a4.v1,0.9686004989482953
Glyma.18G223100.Wm82.a4.v1,0.9685466907988064
Glyma.13G107200.Wm82.a4.v1,0.9685417991488529
Glyma.15G172200.Wm82.a4.v1,0.9684977742992712
Glyma.09G183300.Wm82.a4.v1,0.9684879909993641
Glyma.15G018100.Wm82.a4.v1,0.9684830993494106
Glyma.12G207500.Wm82.a4.v1,0.9684830993494106
Glyma.10G182500.Wm82.a4.v1,0.96838526635034
Glyma.13G347800.Wm82.a4.v1,0.9683803747003864
Glyma.10G253900.Wm82.a4.v1,0.9683656997505259
Glyma.05G025300.Wm82.a4.v1,0.9683510248006653
Glyma.08G301300.Wm82.a4.v1,0.9683265665508977
Glyma.02G002800.Wm82.a4.v1,0.9682776500513623
Glyma.08G185000.Wm82.a4.v1,0.9681896003521988
Glyma.11G231200.Wm82.a4.v1,0.968145575502617
Glyma.01G097100.Wm82.a4.v1,0.9680819840532211
Glyma.05G199700.Wm82.a4.v1,0.9680281759037324
Glyma.10G245200.Wm82.a4.v1,0.9680281759037324
Glyma.13G223900.Wm82.a4.v1,0.9679988260040111
Glyma.02G309800.Wm82.a4.v1,0.9679645844543364
Glyma.15G195500.Wm82.a4.v1,0.9679205596047546
Glyma.13G249900.Wm82.a4.v1,0.9678471848554517
Glyma.06G143300.Wm82.a4.v1,0.9678374015555447
Glyma.14G215200.Wm82.a4.v1,0.9678227266056841
Glyma.13G175100.Wm82.a4.v1,0.9678153891307538
Glyma.06G118000.Wm82.a4.v1,0.967812943305777
Glyma.06G138600.Wm82.a4.v1,0.96780316000587
Glyma.06G100200.Wm82.a4.v1,0.9677933767059629
Glyma.15G041100.Wm82.a4.v1,0.9677395685564741
Glyma.11G095400.Wm82.a4.v1,0.9677248936066135
Glyma.06G110100.Wm82.a4.v1,0.9675977107078217
Glyma.19G193200.Wm82.a4.v1,0.9675830357579611
Glyma.07G273000.Wm82.a4.v1,0.9675683608081006
Glyma.10G256400.Wm82.a4.v1,0.9673531282101453
Glyma.13G354600.Wm82.a4.v1,0.9673237783104242
Glyma.15G059900.Wm82.a4.v1,0.9672944284107029
Glyma.11G222600.Wm82.a4.v1,0.9672797534608424
Glyma.20G076300.Wm82.a4.v1,0.9672112703614929
Glyma.10G078400.Wm82.a4.v1,0.9671868121117253
Glyma.11G249700.Wm82.a4.v1,0.9671721371618647
Glyma.15G111700.Wm82.a4.v1,0.9671672455119111
Glyma.01G213700.Wm82.a4.v1,0.9671476789120971
Glyma.17G080200.Wm82.a4.v1,0.9671330039622364
Glyma.11G096700.Wm82.a4.v1,0.9671281123122829
Glyma.13G177800.Wm82.a4.v1,0.9670987624125618
Glyma.18G003200.Wm82.a4.v1,0.967096316587585
Glyma.15G073900.Wm82.a4.v1,0.9670840874627011
Glyma.02G133800.Wm82.a4.v1,0.9670107127133982
Glyma.08G197500.Wm82.a4.v1,0.9669960377635376
Glyma.03G253200.Wm82.a4.v1,0.9669617962138629
Glyma.02G308900.Wm82.a4.v1,0.9669030964144206
Glyma.05G059600.Wm82.a4.v1,0.9668541799148853
Glyma.19G074500.Wm82.a4.v1,0.9668492882649318
Glyma.19G159900.Wm82.a4.v1,0.9668199383652106
Glyma.12G070100.Wm82.a4.v1,0.96680526341535
Glyma.10G171300.Wm82.a4.v1,0.9667954801154429
Glyma.05G038600.Wm82.a4.v1,0.9667808051655824
Glyma.12G079000.Wm82.a4.v1,0.9667759135156289
Glyma.04G204500.Wm82.a4.v1,0.9667710218656753
Glyma.10G241000.Wm82.a4.v1,0.9667661302157218
Glyma.17G071600.Wm82.a4.v1,0.9667661302157218
Glyma.06G021200.Wm82.a4.v1,0.9667392261409774
Glyma.08G182100.Wm82.a4.v1,0.9667318886660471
Glyma.19G244700.Wm82.a4.v1,0.96672210536614
Glyma.05G216400.Wm82.a4.v1,0.9666634055666976
Glyma.19G178000.Wm82.a4.v1,0.9666585139167441
Glyma.14G208900.Wm82.a4.v1,0.9666536222667906
Glyma.07G092900.Wm82.a4.v1,0.9666438389668836
Glyma.02G228200.Wm82.a4.v1,0.9666144890671624
Glyma.07G012800.Wm82.a4.v1,0.9666047057672553
Glyma.05G232800.Wm82.a4.v1,0.9665949224673482
Glyma.06G118300.Wm82.a4.v1,0.9665900308173947
Glyma.10G039900.Wm82.a4.v1,0.9665802475174876
Glyma.11G042200.Wm82.a4.v1,0.9664873061683706
Glyma.10G005700.Wm82.a4.v1,0.9664824145184171
Glyma.16G177900.Wm82.a4.v1,0.96647263121851
Glyma.14G015700.Wm82.a4.v1,0.9664383896688353
Glyma.14G046100.Wm82.a4.v1,0.9664334980188818
Glyma.04G112500.Wm82.a4.v1,0.9662818568703223
Glyma.18G151800.Wm82.a4.v1,0.9662720735704153
Glyma.06G259800.Wm82.a4.v1,0.9661742405713447
Glyma.17G125700.Wm82.a4.v1,0.9661644572714376
Glyma.07G023300.Wm82.a4.v1,0.96613999902167
Glyma.02G206700.Wm82.a4.v1,0.9660910825221347
Glyma.18G077700.Wm82.a4.v1,0.9660861908721812
Glyma.06G165200.Wm82.a4.v1,0.96605684097246
Glyma.10G095200.Wm82.a4.v1,0.9660079244729247
Glyma.20G213200.Wm82.a4.v1,0.9659541163234359
Glyma.01G047000.Wm82.a4.v1,0.9659051998239006
Glyma.17G166400.Wm82.a4.v1,0.9658709582742259
Glyma.17G098600.Wm82.a4.v1,0.9658171501247371
Glyma.19G195500.Wm82.a4.v1,0.9658024751748765
Glyma.10G094900.Wm82.a4.v1,0.9657780169251088
Glyma.11G216300.Wm82.a4.v1,0.9656606173262241
Glyma.12G025400.Wm82.a4.v1,0.9656557256762706
Glyma.05G145200.Wm82.a4.v1,0.9655725676270606
Glyma.13G126400.Wm82.a4.v1,0.9654551680281759
Glyma.14G015800.Wm82.a4.v1,0.965381793278873
Glyma.01G159600.Wm82.a4.v1,0.9653328767793377
Glyma.06G147100.Wm82.a4.v1,0.9653230934794306
Glyma.13G294300.Wm82.a4.v1,0.9653108643545468
Glyma.15G273300.Wm82.a4.v1,0.9652521645551044
Glyma.02G147300.Wm82.a4.v1,0.9651616690309641
Glyma.01G089300.Wm82.a4.v1,0.9651078608814754
Glyma.16G003700.Wm82.a4.v1,0.9650931859316147
Glyma.14G016300.Wm82.a4.v1,0.9650785109817541
Glyma.16G042000.Wm82.a4.v1,0.9650760651567774
Glyma.11G000800.Wm82.a4.v1,0.9650589443819401
Glyma.08G012200.Wm82.a4.v1,0.9650100278824048
Glyma.16G107300.Wm82.a4.v1,0.9650051362324512
Glyma.12G027400.Wm82.a4.v1,0.9649806779826836
Glyma.09G056800.Wm82.a4.v1,0.9649415447830553
Glyma.04G171400.Wm82.a4.v1,0.9649073032333806
Glyma.10G291500.Wm82.a4.v1,0.9648975199334736
Glyma.13G309300.Wm82.a4.v1,0.9648779533336594
Glyma.11G039200.Wm82.a4.v1,0.9648583867338453
Glyma.09G098700.Wm82.a4.v1,0.9648094702343101
Glyma.05G061400.Wm82.a4.v1,0.9647312038350536
Glyma.06G159400.Wm82.a4.v1,0.9647263121851001
Glyma.06G144400.Wm82.a4.v1,0.9646480457858435
Glyma.08G239000.Wm82.a4.v1,0.9646431541358901
Glyma.07G108900.Wm82.a4.v1,0.9645551044367265
Glyma.11G244500.Wm82.a4.v1,0.9645453211368195
Glyma.13G028100.Wm82.a4.v1,0.9645404294868659
Glyma.02G168900.Wm82.a4.v1,0.9644915129873306
Glyma.19G201600.Wm82.a4.v1,0.9644768380374701
Glyma.06G089700.Wm82.a4.v1,0.9644768380374701
Glyma.09G218600.Wm82.a4.v1,0.9644719463875165
Glyma.02G014800.Wm82.a4.v1,0.9644572714376559
Glyma.02G073900.Wm82.a4.v1,0.9643496551386783
Glyma.13G231300.Wm82.a4.v1,0.9642860636892824
Glyma.13G069800.Wm82.a4.v1,0.9642762803893753
Glyma.16G169200.Wm82.a4.v1,0.9642077972900259
Glyma.09G196000.Wm82.a4.v1,0.9641931223401653
Glyma.03G138000.Wm82.a4.v1,0.9641833390402583
Glyma.19G242700.Wm82.a4.v1,0.9641833390402583
Glyma.10G179400.Wm82.a4.v1,0.9641490974905835
Glyma.08G189600.Wm82.a4.v1,0.964134422540723
Glyma.06G322000.Wm82.a4.v1,0.9640903976911412
Glyma.08G174200.Wm82.a4.v1,0.9640806143912342
Glyma.07G184800.Wm82.a4.v1,0.9639974563420242
Glyma.06G195600.Wm82.a4.v1,0.9639925646920706
Glyma.02G002300.Wm82.a4.v1,0.9638653817932789
Glyma.01G227400.Wm82.a4.v1,0.9638409235435113
Glyma.12G058000.Wm82.a4.v1,0.9637871153940224
Glyma.08G114400.Wm82.a4.v1,0.9637479821943942
Glyma.08G070800.Wm82.a4.v1,0.9636746074450913
Glyma.06G019400.Wm82.a4.v1,0.9636599324952306
Glyma.09G254302.Wm82.a4.v1,0.963635474245463
Glyma.01G006100.Wm82.a4.v1,0.9636207992956024
Glyma.16G150400.Wm82.a4.v1,0.9635572078462066
Glyma.18G096400.Wm82.a4.v1,0.9635449787213227
Glyma.10G002200.Wm82.a4.v1,0.963542532896346
Glyma.15G023700.Wm82.a4.v1,0.9634887247468571
Glyma.15G179600.Wm82.a4.v1,0.9634838330969036
Glyma.05G021500.Wm82.a4.v1,0.9634642664970895
Glyma.05G119500.Wm82.a4.v1,0.9634055666976471
Glyma.08G312800.Wm82.a4.v1,0.9634006750476936
Glyma.02G067400.Wm82.a4.v1,0.9633566501981118
Glyma.17G063100.Wm82.a4.v1,0.9633321919483442
Glyma.02G305400.Wm82.a4.v1,0.9633175169984836
Glyma.12G120500.Wm82.a4.v1,0.963271046323925
Glyma.10G186300.Wm82.a4.v1,0.9632588171990413
Glyma.12G236500.Wm82.a4.v1,0.96322946729932
Glyma.08G151700.Wm82.a4.v1,0.9631854424497382
Glyma.09G218800.Wm82.a4.v1,0.9631560925500171
Glyma.15G108000.Wm82.a4.v1,0.9631487550750868
Glyma.15G202300.Wm82.a4.v1,0.9631218510003424
Glyma.15G076500.Wm82.a4.v1,0.9630631512009
Glyma.03G075300.Wm82.a4.v1,0.9630582595509465
Glyma.17G127900.Wm82.a4.v1,0.9630558137259698
Glyma.18G035300.Wm82.a4.v1,0.9630289096512253
Glyma.08G200100.Wm82.a4.v1,0.9629897764515971
Glyma.20G109900.Wm82.a4.v1,0.9629848848016436
Glyma.06G190300.Wm82.a4.v1,0.962960426551876
Glyma.05G165600.Wm82.a4.v1,0.9628919434525265
Glyma.17G090900.Wm82.a4.v1,0.962877268502666
Glyma.01G026100.Wm82.a4.v1,0.96281367705327
Glyma.02G185000.Wm82.a4.v1,0.9627745438536418
Glyma.15G143232.Wm82.a4.v1,0.9627549772538277
Glyma.10G103000.Wm82.a4.v1,0.9627500856038742
Glyma.09G066200.Wm82.a4.v1,0.9627060607542924
Glyma.01G005400.Wm82.a4.v1,0.9626962774543854
Glyma.05G173100.Wm82.a4.v1,0.9626816025045247
Glyma.02G290200.Wm82.a4.v1,0.9626816025045247
Glyma.18G289500.Wm82.a4.v1,0.9626767108545713
Glyma.10G225400.Wm82.a4.v1,0.9626375776549431
Glyma.15G243100.Wm82.a4.v1,0.9626229027050824
Glyma.17G211900.Wm82.a4.v1,0.9626229027050824
Glyma.10G255200.Wm82.a4.v1,0.9626033361052683
Glyma.08G218600.Wm82.a4.v1,0.9625837695054542
Glyma.08G003500.Wm82.a4.v1,0.9625739862055471
Glyma.10G075900.Wm82.a4.v1,0.9625593112556865
Glyma.20G133300.Wm82.a4.v1,0.9625201780560583
Glyma.12G112000.Wm82.a4.v1,0.9625201780560583
Glyma.08G367400.Wm82.a4.v1,0.9625103947561513
Glyma.11G044800.Wm82.a4.v1,0.9624908281563371
Glyma.12G063400.Wm82.a4.v1,0.9624761532064765
Glyma.17G003900.Wm82.a4.v1,0.9623685369074989
Glyma.13G369700.Wm82.a4.v1,0.9622266790588465
Glyma.08G176300.Wm82.a4.v1,0.9621875458592183
Glyma.03G107900.Wm82.a4.v1,0.9621753167343345
Glyma.15G275900.Wm82.a4.v1,0.9621484126595901
Glyma.04G231500.Wm82.a4.v1,0.9621092794599618
Glyma.02G119500.Wm82.a4.v1,0.9620799295602407
Glyma.04G253300.Wm82.a4.v1,0.9620652546103801
Glyma.05G002000.Wm82.a4.v1,0.9620407963606125
Glyma.11G046200.Wm82.a4.v1,0.9618598053123318
Glyma.04G075800.Wm82.a4.v1,0.9618402387125178
Glyma.15G253000.Wm82.a4.v1,0.961796213862936
Glyma.05G247800.Wm82.a4.v1,0.9617668639632148
Glyma.19G213200.Wm82.a4.v1,0.9617179474636794
Glyma.08G175900.Wm82.a4.v1,0.961713055813726
Glyma.15G102000.Wm82.a4.v1,0.9617081641637725
Glyma.13G112000.Wm82.a4.v1,0.9616739226140978
Glyma.15G161100.Wm82.a4.v1,0.9616739226140978
Glyma.11G100800.Wm82.a4.v1,0.9616543560142836
Glyma.14G198700.Wm82.a4.v1,0.9616054395147483
Glyma.13G318000.Wm82.a4.v1,0.9615858729149342
Glyma.08G089700.Wm82.a4.v1,0.9615491855402828
Glyma.05G175500.Wm82.a4.v1,0.9615027148657243
Glyma.01G221400.Wm82.a4.v1,0.9614929315658172
Glyma.04G002900.Wm82.a4.v1,0.9614782566159565
Glyma.17G205000.Wm82.a4.v1,0.9614342317663748
Glyma.15G063700.Wm82.a4.v1,0.9614244484664677
Glyma.04G111500.Wm82.a4.v1,0.9614244484664677
Glyma.04G132900.Wm82.a4.v1,0.9614048818666536
Glyma.01G242300.Wm82.a4.v1,0.9613999902167001
Glyma.04G017500.Wm82.a4.v1,0.9613950985667465
Glyma.07G228300.Wm82.a4.v1,0.9613363987673043
Glyma.11G049800.Wm82.a4.v1,0.9613021572176295
Glyma.08G131500.Wm82.a4.v1,0.9612776989678619
Glyma.15G252000.Wm82.a4.v1,0.9612703614929315
Glyma.11G190900.Wm82.a4.v1,0.9612532407180943
Glyma.06G223500.Wm82.a4.v1,0.9611896492686983
Glyma.03G105200.Wm82.a4.v1,0.9611798659687912
Glyma.07G043700.Wm82.a4.v1,0.9610331164701854
Glyma.03G207500.Wm82.a4.v1,0.9610233331702783
Glyma.19G203900.Wm82.a4.v1,0.9609695250207895
Glyma.16G026400.Wm82.a4.v1,0.9609597417208825
Glyma.08G293100.Wm82.a4.v1,0.9609499584209754
Glyma.20G169900.Wm82.a4.v1,0.9609108252213472
Glyma.13G051000.Wm82.a4.v1,0.9609010419214401
Glyma.15G206100.Wm82.a4.v1,0.9608374504720443
Glyma.01G201200.Wm82.a4.v1,0.9608325588220907
Glyma.18G057500.Wm82.a4.v1,0.9608276671721372
Glyma.19G005900.Wm82.a4.v1,0.9607445091229272
Glyma.08G009000.Wm82.a4.v1,0.9607347258230201
Glyma.05G205300.Wm82.a4.v1,0.9606955926233919
Glyma.18G134700.Wm82.a4.v1,0.9606760260235777
Glyma.05G188300.Wm82.a4.v1,0.9606711343736242
Glyma.18G007500.Wm82.a4.v1,0.9606320011739959
Glyma.11G113800.Wm82.a4.v1,0.9606271095240425
Glyma.05G223800.Wm82.a4.v1,0.9606124345741819
Glyma.17G006800.Wm82.a4.v1,0.9605977596243213
Glyma.08G346500.Wm82.a4.v1,0.9605977596243213
Glyma.07G139700.Wm82.a4.v1,0.9605512889497627
Glyma.20G240700.Wm82.a4.v1,0.9604950349752972
Glyma.04G022900.Wm82.a4.v1,0.9604607934256225
Glyma.01G240000.Wm82.a4.v1,0.9603629604265519
Glyma.13G312000.Wm82.a4.v1,0.9603482854766913
Glyma.12G183100.Wm82.a4.v1,0.9602553441275742
Glyma.11G048600.Wm82.a4.v1,0.960216210927946
Glyma.03G030267.Wm82.a4.v1,0.9602015359780854
Glyma.06G283400.Wm82.a4.v1,0.9601917526781784
Glyma.17G105900.Wm82.a4.v1,0.9601526194785501
Glyma.10G179500.Wm82.a4.v1,0.9600352198796654
Glyma.15G075600.Wm82.a4.v1,0.9600205449298048
Glyma.16G199500.Wm82.a4.v1,0.9600107616298977
Glyma.04G257200.Wm82.a4.v1,0.9599814117301766
Glyma.01G236600.Wm82.a4.v1,0.9599373868805948
Glyma.20G123100.Wm82.a4.v1,0.959893362031013
Glyma.19G114700.Wm82.a4.v1,0.959883578731106
Glyma.19G149100.Wm82.a4.v1,0.9598542288313848
Glyma.18G214000.Wm82.a4.v1,0.9598297705816172
Glyma.04G147800.Wm82.a4.v1,0.9598150956317566
Glyma.08G065100.Wm82.a4.v1,0.9597857457320355
Glyma.08G297200.Wm82.a4.v1,0.9597808540820819
Glyma.19G232700.Wm82.a4.v1,0.9597710707821748
Glyma.06G138400.Wm82.a4.v1,0.9596928043829184
Glyma.09G120200.Wm82.a4.v1,0.9596536711832901
Glyma.06G153400.Wm82.a4.v1,0.9596389962334295
Glyma.20G190200.Wm82.a4.v1,0.9596292129335224
Glyma.11G149900.Wm82.a4.v1,0.9596243212835689
Glyma.18G270600.Wm82.a4.v1,0.9596096463337084
Glyma.12G046000.Wm82.a4.v1,0.9595215966345448
Glyma.19G259100.Wm82.a4.v1,0.9594971383847772
Glyma.16G178800.Wm82.a4.v1,0.9594824634349166
Glyma.03G205800.Wm82.a4.v1,0.9594628968351024
Glyma.01G203500.Wm82.a4.v1,0.9594188719855207
Glyma.08G184100.Wm82.a4.v1,0.9594041970356602
Glyma.02G133900.Wm82.a4.v1,0.9593357139363107
Glyma.11G124900.Wm82.a4.v1,0.9593210389864502
Glyma.06G135800.Wm82.a4.v1,0.9592965807366824
Glyma.01G203600.Wm82.a4.v1,0.9592867974367755
Glyma.05G166900.Wm82.a4.v1,0.9592672308369613
Glyma.14G195200.Wm82.a4.v1,0.9592672308369613
Glyma.19G211800.Wm82.a4.v1,0.9591693978378907
Glyma.05G197600.Wm82.a4.v1,0.9591693978378907
Glyma.04G222100.Wm82.a4.v1,0.9591449395881231
Glyma.19G209800.Wm82.a4.v1,0.9591400479381695
Glyma.11G063900.Wm82.a4.v1,0.9590911314386342
Glyma.13G275800.Wm82.a4.v1,0.9590764564887737
Glyma.13G116600.Wm82.a4.v1,0.9590422149390989
Glyma.05G221500.Wm82.a4.v1,0.9589981900895171
Glyma.15G017900.Wm82.a4.v1,0.9589541652399355
Glyma.11G008300.Wm82.a4.v1,0.9589101403903537
Glyma.17G097600.Wm82.a4.v1,0.9588807904906325
Glyma.06G259400.Wm82.a4.v1,0.9588074157413295
Glyma.14G078100.Wm82.a4.v1,0.9587731741916549
Glyma.01G145400.Wm82.a4.v1,0.9587707283666781
Glyma.03G122100.Wm82.a4.v1,0.9587536075918407
Glyma.05G053600.Wm82.a4.v1,0.9587340409920266
Glyma.07G141900.Wm82.a4.v1,0.9587071369172822
Glyma.08G087200.Wm82.a4.v1,0.9586851244924913
Glyma.13G167200.Wm82.a4.v1,0.9586508829428166
Glyma.06G082200.Wm82.a4.v1,0.958616641393142
Glyma.12G079500.Wm82.a4.v1,0.9586117497431884
Glyma.01G062100.Wm82.a4.v1,0.9586019664432813
Glyma.08G140400.Wm82.a4.v1,0.958553049943746
Glyma.01G188500.Wm82.a4.v1,0.9585383749938854
Glyma.11G163201.Wm82.a4.v1,0.9585285916939784
Glyma.15G042300.Wm82.a4.v1,0.9584796751944431
Glyma.20G097700.Wm82.a4.v1,0.9584405419948149
Glyma.11G195900.Wm82.a4.v1,0.9584209753950007
Glyma.14G067000.Wm82.a4.v1,0.9584160837450472
Glyma.09G263400.Wm82.a4.v1,0.9584014087951866
Glyma.06G001100.Wm82.a4.v1,0.9583769505454189
Glyma.16G016700.Wm82.a4.v1,0.958367167245512
Glyma.20G229100.Wm82.a4.v1,0.9583329256958372
Glyma.08G236000.Wm82.a4.v1,0.9582937924962089
Glyma.16G172700.Wm82.a4.v1,0.9582693342464413
Glyma.05G126500.Wm82.a4.v1,0.9581666095974172
Glyma.17G108300.Wm82.a4.v1,0.9580981264980678
Glyma.15G205900.Wm82.a4.v1,0.9580149684488578
Glyma.08G045200.Wm82.a4.v1,0.9579758352492296
Glyma.04G192600.Wm82.a4.v1,0.9579318103996478
Glyma.07G006900.Wm82.a4.v1,0.9579122437998336
Glyma.04G194800.Wm82.a4.v1,0.9578633273002984
Glyma.15G124600.Wm82.a4.v1,0.9578535440003914
Glyma.02G245700.Wm82.a4.v1,0.9578193024507167
Glyma.19G257900.Wm82.a4.v1,0.9578193024507167
Glyma.09G227100.Wm82.a4.v1,0.9578144108007631
Glyma.10G066200.Wm82.a4.v1,0.9577606026512743
Glyma.13G306600.Wm82.a4.v1,0.9576529863522967
Glyma.03G216400.Wm82.a4.v1,0.957638311402436
Glyma.12G057800.Wm82.a4.v1,0.9574671036540625
Glyma.13G101600.Wm82.a4.v1,0.957462212004109
Glyma.20G224100.Wm82.a4.v1,0.9574573203541554
Glyma.06G135100.Wm82.a4.v1,0.957295895905689
Glyma.10G268000.Wm82.a4.v1,0.9572518710561072
Glyma.14G014100.Wm82.a4.v1,0.9572469794061537
Glyma.11G201500.Wm82.a4.v1,0.9572225211563861
Glyma.11G043000.Wm82.a4.v1,0.9572176295064325
Glyma.12G057600.Wm82.a4.v1,0.9571589297069901
Glyma.09G152100.Wm82.a4.v1,0.9571246881573154
Glyma.19G238600.Wm82.a4.v1,0.9570953382575943
Glyma.08G101800.Wm82.a4.v1,0.9570904466076408
Glyma.15G015500.Wm82.a4.v1,0.9570806633077337
Glyma.05G218500.Wm82.a4.v1,0.9570708800078266
Glyma.09G230500.Wm82.a4.v1,0.9570415301081054
Glyma.06G166600.Wm82.a4.v1,0.9569388054590814
Glyma.08G354000.Wm82.a4.v1,0.9569143472093137
Glyma.04G033500.Wm82.a4.v1,0.9568409724600108
Glyma.03G214900.Wm82.a4.v1,0.9567822726605684
Glyma.13G344200.Wm82.a4.v1,0.9566746563615908
Glyma.02G203300.Wm82.a4.v1,0.9566453064618696
Glyma.19G259800.Wm82.a4.v1,0.9566012816122879
Glyma.08G072200.Wm82.a4.v1,0.9565327985129384
Glyma.18G157300.Wm82.a4.v1,0.9564985569632637
Glyma.17G137600.Wm82.a4.v1,0.9564740987134961
Glyma.06G209400.Wm82.a4.v1,0.956464315413589
Glyma.10G290700.Wm82.a4.v1,0.9564153989140537
Glyma.14G134900.Wm82.a4.v1,0.9563909406642861
Glyma.18G207200.Wm82.a4.v1,0.9563909406642861
Glyma.20G150100.Wm82.a4.v1,0.9563615907645648
Glyma.08G143000.Wm82.a4.v1,0.9563469158147043
Glyma.02G301200.Wm82.a4.v1,0.9562637577654943
Glyma.03G253500.Wm82.a4.v1,0.9562539744655872
Glyma.17G071200.Wm82.a4.v1,0.9561854913662379
Glyma.18G039800.Wm82.a4.v1,0.9561414665166561
Glyma.08G240100.Wm82.a4.v1,0.9560289585677249
Glyma.11G050500.Wm82.a4.v1,0.9560191752678179
Glyma.16G106300.Wm82.a4.v1,0.9559996086680037
Glyma.01G038600.Wm82.a4.v1,0.9559115589688402
Glyma.03G255000.Wm82.a4.v1,0.9559066673188866
Glyma.10G153100.Wm82.a4.v1,0.9558919923690261
Glyma.20G136100.Wm82.a4.v1,0.9558724257692119
Glyma.12G164400.Wm82.a4.v1,0.9558479675194443
Glyma.13G193200.Wm82.a4.v1,0.9558479675194443
Glyma.15G047000.Wm82.a4.v1,0.955789267720002
Glyma.03G214400.Wm82.a4.v1,0.9557697011201879
Glyma.08G055300.Wm82.a4.v1,0.9557697011201879
Glyma.14G115500.Wm82.a4.v1,0.9557599178202808
Glyma.09G071600.Wm82.a4.v1,0.9557550261703273
Glyma.10G002400.Wm82.a4.v1,0.955715892970699
Glyma.05G082200.Wm82.a4.v1,0.9557110013207455
Glyma.15G041500.Wm82.a4.v1,0.9556816514210243
Glyma.09G181400.Wm82.a4.v1,0.9556767597710708
Glyma.04G011100.Wm82.a4.v1,0.9555593601721861
Glyma.13G162900.Wm82.a4.v1,0.9554272856234408
Glyma.03G128300.Wm82.a4.v1,0.9553539108741379
Glyma.17G092700.Wm82.a4.v1,0.955300102724649
Glyma.05G097800.Wm82.a4.v1,0.9552022697255784
Glyma.10G058500.Wm82.a4.v1,0.9551924864256713
Glyma.10G256000.Wm82.a4.v1,0.9551680281759037
Glyma.13G100200.Wm82.a4.v1,0.9551435699261361
Glyma.18G143900.Wm82.a4.v1,0.9550995450765544
Glyma.06G191600.Wm82.a4.v1,0.9550897617766473
Glyma.20G243900.Wm82.a4.v1,0.9550799784767402
Glyma.03G107000.Wm82.a4.v1,0.9550750868267867
Glyma.19G258300.Wm82.a4.v1,0.9550750868267867
Glyma.20G175900.Wm82.a4.v1,0.9550677493518563
Glyma.15G271200.Wm82.a4.v1,0.9550506285770191
Glyma.01G041400.Wm82.a4.v1,0.955040845277112
Glyma.13G027300.Wm82.a4.v1,0.9550359536271584
Glyma.15G008700.Wm82.a4.v1,0.9550212786772978
Glyma.13G101100.Wm82.a4.v1,0.9549723621777626
Glyma.20G031700.Wm82.a4.v1,0.9549332289781344
Glyma.17G134800.Wm82.a4.v1,0.9549087707283667
Glyma.15G258500.Wm82.a4.v1,0.9548353959790638
Glyma.15G006900.Wm82.a4.v1,0.9547815878295749
Glyma.07G237000.Wm82.a4.v1,0.9547620212297608
Glyma.11G102300.Wm82.a4.v1,0.9547131047302255
Glyma.18G294100.Wm82.a4.v1,0.954708213080272
Glyma.19G000900.Wm82.a4.v1,0.9547033214303184
Glyma.09G103400.Wm82.a4.v1,0.9546690798806438
Glyma.18G286500.Wm82.a4.v1,0.9546397299809226
Glyma.16G089000.Wm82.a4.v1,0.9546005967812944
Glyma.11G195100.Wm82.a4.v1,0.954561463581666
Glyma.12G201700.Wm82.a4.v1,0.9545467886318055
Glyma.16G088000.Wm82.a4.v1,0.9545370053318984
Glyma.20G025700.Wm82.a4.v1,0.9544098224331067
Glyma.13G227900.Wm82.a4.v1,0.9543804725333855
Glyma.08G063800.Wm82.a4.v1,0.9543364476838038
Glyma.16G137000.Wm82.a4.v1,0.9542239397348725
Glyma.12G163008.Wm82.a4.v1,0.9541603482854767
Glyma.02G267800.Wm82.a4.v1,0.9541163234358949
Glyma.02G238600.Wm82.a4.v1,0.9541065401359878
Glyma.18G231800.Wm82.a4.v1,0.9540771902362667
Glyma.19G229700.Wm82.a4.v1,0.9540576236364525
Glyma.13G361400.Wm82.a4.v1,0.9539940321870567
Glyma.04G118700.Wm82.a4.v1,0.9539646822873356
Glyma.03G178000.Wm82.a4.v1,0.953959790637382
Glyma.17G101300.Wm82.a4.v1,0.9539451156875214
Glyma.17G158500.Wm82.a4.v1,0.9539304407376609
Glyma.08G031400.Wm82.a4.v1,0.9539206574377538
Glyma.02G182800.Wm82.a4.v1,0.9538717409382185
Glyma.05G218000.Wm82.a4.v1,0.9538570659883578
Glyma.13G204700.Wm82.a4.v1,0.9538130411387761
Glyma.01G182600.Wm82.a4.v1,0.9537885828890085
Glyma.19G154700.Wm82.a4.v1,0.9537054248397985
Glyma.13G359500.Wm82.a4.v1,0.9536858582399843
Glyma.07G029900.Wm82.a4.v1,0.9536467250403561
Glyma.01G015100.Wm82.a4.v1,0.9536124834906814
Glyma.03G187000.Wm82.a4.v1,0.9535978085408208
Glyma.12G160300.Wm82.a4.v1,0.9535929168908673
Glyma.07G237600.Wm82.a4.v1,0.9535880252409138
Glyma.03G150600.Wm82.a4.v1,0.9535880252409138
Glyma.14G200200.Wm82.a4.v1,0.9535782419410067
Glyma.18G292600.Wm82.a4.v1,0.9535660128161229
Glyma.12G024600.Wm82.a4.v1,0.9535391087413785
Glyma.04G240500.Wm82.a4.v1,0.9535293254414714
Glyma.18G004100.Wm82.a4.v1,0.9535048671917038
Glyma.09G018500.Wm82.a4.v1,0.9534999755417503
Glyma.19G242800.Wm82.a4.v1,0.9534755172919825
Glyma.15G266300.Wm82.a4.v1,0.953460842342122
Glyma.12G178800.Wm82.a4.v1,0.9534559506921685
Glyma.02G046800.Wm82.a4.v1,0.9534412757423079
Glyma.06G138700.Wm82.a4.v1,0.9534412757423079
Glyma.04G179400.Wm82.a4.v1,0.9534266007924473
Glyma.08G135200.Wm82.a4.v1,0.9534168174925403
Glyma.08G162800.Wm82.a4.v1,0.9534070341926332
Glyma.02G271400.Wm82.a4.v1,0.9533654551680282
Glyma.02G080900.Wm82.a4.v1,0.9533434427432373
Glyma.02G127800.Wm82.a4.v1,0.9532798512938414
Glyma.07G046500.Wm82.a4.v1,0.9532700679939343
Glyma.03G215300.Wm82.a4.v1,0.9532700679939343
Glyma.03G174300.Wm82.a4.v1,0.9532260431443526
Glyma.02G019600.Wm82.a4.v1,0.9531918015946779
Glyma.09G278100.Wm82.a4.v1,0.9531673433449103
Glyma.08G005000.Wm82.a4.v1,0.9530792936457467
Glyma.18G290200.Wm82.a4.v1,0.9530597270459326
Glyma.13G245300.Wm82.a4.v1,0.9530108105463972
Glyma.08G005700.Wm82.a4.v1,0.9529863522966296
Glyma.18G076000.Wm82.a4.v1,0.9529863522966296
Glyma.05G243800.Wm82.a4.v1,0.9529227608472338
Glyma.12G002200.Wm82.a4.v1,0.9528983025974661
Glyma.12G081500.Wm82.a4.v1,0.9528836276476056
Glyma.17G154151.Wm82.a4.v1,0.9528738443476985
Glyma.10G019400.Wm82.a4.v1,0.9528542777478843
Glyma.19G216500.Wm82.a4.v1,0.9528298194981167
Glyma.20G021200.Wm82.a4.v1,0.9527711196986743
Glyma.10G168100.Wm82.a4.v1,0.9527393239739764
Glyma.05G067400.Wm82.a4.v1,0.952712419899232
Glyma.01G078800.Wm82.a4.v1,0.952702636599325
Glyma.04G063000.Wm82.a4.v1,0.9526145869001614
Glyma.16G095000.Wm82.a4.v1,0.9525509954507655
Glyma.12G049400.Wm82.a4.v1,0.9524776207014626
Glyma.15G213600.Wm82.a4.v1,0.9524189209020203
Glyma.17G106200.Wm82.a4.v1,0.9523944626522526
Glyma.14G089042.Wm82.a4.v1,0.9523651127525314
Glyma.08G223900.Wm82.a4.v1,0.9523651127525314
Glyma.16G094300.Wm82.a4.v1,0.9523406545027637
Glyma.17G232235.Wm82.a4.v1,0.9523259795529032
Glyma.07G060000.Wm82.a4.v1,0.9523161962529961
Glyma.19G203300.Wm82.a4.v1,0.9522379298537397
Glyma.19G152600.Wm82.a4.v1,0.9522085799540185
Glyma.19G260900.Wm82.a4.v1,0.9521841217042508
Glyma.19G030200.Wm82.a4.v1,0.952140096854669
Glyma.19G231600.Wm82.a4.v1,0.952140096854669
Glyma.19G254600.Wm82.a4.v1,0.9521352052047155
Glyma.18G072700.Wm82.a4.v1,0.9520765054052732
Glyma.10G127800.Wm82.a4.v1,0.9520618304554126
Glyma.08G295500.Wm82.a4.v1,0.952037372205645
Glyma.02G101100.Wm82.a4.v1,0.9520324805556915
Glyma.13G129300.Wm82.a4.v1,0.9520324805556915
Glyma.03G108500.Wm82.a4.v1,0.9519591058063885
Glyma.12G049700.Wm82.a4.v1,0.9519004060069461
Glyma.16G189100.Wm82.a4.v1,0.9518759477571785
Glyma.07G253400.Wm82.a4.v1,0.9518417062075037
Glyma.16G074600.Wm82.a4.v1,0.9518074646578291
Glyma.19G190600.Wm82.a4.v1,0.9517683314582008
Glyma.19G105700.Wm82.a4.v1,0.9516900650589444
Glyma.04G023200.Wm82.a4.v1,0.9516753901090838
Glyma.04G226900.Wm82.a4.v1,0.9516704984591302
Glyma.08G319900.Wm82.a4.v1,0.9516558235092697
Glyma.14G215100.Wm82.a4.v1,0.9515971237098273
Glyma.17G164200.Wm82.a4.v1,0.9515946778848505
Glyma.09G035800.Wm82.a4.v1,0.9515873404099202
Glyma.01G203100.Wm82.a4.v1,0.9514699408110355
Glyma.12G236300.Wm82.a4.v1,0.951455265861175
Glyma.01G157900.Wm82.a4.v1,0.9514308076114073
Glyma.03G250700.Wm82.a4.v1,0.9514161326615468
Glyma.16G098900.Wm82.a4.v1,0.9514112410115932
Glyma.06G158200.Wm82.a4.v1,0.951381891111872
Glyma.05G007200.Wm82.a4.v1,0.951372107811965
Glyma.12G033700.Wm82.a4.v1,0.951298733062662
Glyma.18G290000.Wm82.a4.v1,0.9512742748128944
Glyma.02G112000.Wm82.a4.v1,0.9512547082130802
Glyma.11G192500.Wm82.a4.v1,0.9512400332632197
Glyma.U031221.Wm82.a4.v1,0.9512204666634055
Glyma.06G275400.Wm82.a4.v1,0.951205791713545
Glyma.10G133100.Wm82.a4.v1,0.9512009000635915
Glyma.08G141300.Wm82.a4.v1,0.9511079587144744
Glyma.19G023200.Wm82.a4.v1,0.9511030670645209
Glyma.03G262900.Wm82.a4.v1,0.9511030670645209
Glyma.09G249700.Wm82.a4.v1,0.9510835004647068
Glyma.11G024100.Wm82.a4.v1,0.9510199090153109
Glyma.10G293900.Wm82.a4.v1,0.950966100865822
Glyma.08G051100.Wm82.a4.v1,0.9509440884410312
Glyma.06G154400.Wm82.a4.v1,0.9509416426160544
Glyma.18G136900.Wm82.a4.v1,0.9509269676661938
Glyma.13G300300.Wm82.a4.v1,0.9509122927163333
Glyma.11G204300.Wm82.a4.v1,0.9509122927163333
Glyma.16G109900.Wm82.a4.v1,0.9509025094164262
Glyma.12G014400.Wm82.a4.v1,0.9508535929168909
Glyma.19G160500.Wm82.a4.v1,0.9508535929168909
Glyma.13G079900.Wm82.a4.v1,0.9508242430171697
Glyma.05G146800.Wm82.a4.v1,0.950790001467495
Glyma.05G197000.Wm82.a4.v1,0.950780218167588
Glyma.13G073200.Wm82.a4.v1,0.9507508682678667
Glyma.20G083300.Wm82.a4.v1,0.950706843418285
Glyma.10G167800.Wm82.a4.v1,0.9506872768184709
Glyma.19G148100.Wm82.a4.v1,0.9506823851685173
Glyma.08G017500.Wm82.a4.v1,0.9506774935185638
Glyma.16G012200.Wm82.a4.v1,0.9506579269187497
Glyma.04G200400.Wm82.a4.v1,0.9506090104192144
Glyma.18G025600.Wm82.a4.v1,0.9505845521694467
Glyma.06G086600.Wm82.a4.v1,0.950550310619772
Glyma.06G131300.Wm82.a4.v1,0.9505356356699115
Glyma.03G241100.Wm82.a4.v1,0.9505013941202367
Glyma.20G104900.Wm82.a4.v1,0.950467152570562
Glyma.06G323700.Wm82.a4.v1,0.9503546446216309
Glyma.07G002700.Wm82.a4.v1,0.9502519199726067
Glyma.13G145200.Wm82.a4.v1,0.9502127867729785
Glyma.04G074200.Wm82.a4.v1,0.9501932201731644
Glyma.09G096800.Wm82.a4.v1,0.9501736535733503
Glyma.03G157700.Wm82.a4.v1,0.9501687619233967
Glyma.07G090400.Wm82.a4.v1,0.9501687619233967
Glyma.11G119300.Wm82.a4.v1,0.950124737073815
Glyma.12G225500.Wm82.a4.v1,0.9500904955241403
Glyma.17G102000.Wm82.a4.v1,0.9500660372743727
Glyma.01G124300.Wm82.a4.v1,0.9500366873746515
Glyma.15G019600.Wm82.a4.v1,0.9499633126253485
Glyma.12G167700.Wm82.a4.v1,0.9499095044758598
Glyma.02G012500.Wm82.a4.v1,0.9498801545761385
Glyma.01G050900.Wm82.a4.v1,0.9498703712762314
Glyma.13G347700.Wm82.a4.v1,0.9498556963263709
Glyma.11G128900.Wm82.a4.v1,0.9498508046764174
Glyma.09G223600.Wm82.a4.v1,0.9498312380766032
Glyma.06G121400.Wm82.a4.v1,0.9497578633273003
Glyma.18G240400.Wm82.a4.v1,0.9497285134275791
Glyma.18G200200.Wm82.a4.v1,0.9496502470283227
Glyma.02G220600.Wm82.a4.v1,0.949616005478648
Glyma.03G156600.Wm82.a4.v1,0.949616005478648
Glyma.06G049400.Wm82.a4.v1,0.9494986058797632
Glyma.05G129100.Wm82.a4.v1,0.9494741476299956
Glyma.10G012900.Wm82.a4.v1,0.9494692559800421
Glyma.08G177200.Wm82.a4.v1,0.9494252311304603
Glyma.06G161100.Wm82.a4.v1,0.9493958812307391
Glyma.11G106900.Wm82.a4.v1,0.9493616396810645
Glyma.04G083100.Wm82.a4.v1,0.9493420730812503
Glyma.19G028700.Wm82.a4.v1,0.9493420730812503
Glyma.17G242000.Wm82.a4.v1,0.9492784816318545
Glyma.16G018500.Wm82.a4.v1,0.9492735899819009
Glyma.16G207300.Wm82.a4.v1,0.9492246734823656
Glyma.07G184300.Wm82.a4.v1,0.9492246734823656
Glyma.04G087000.Wm82.a4.v1,0.9491659736829232
Glyma.07G132000.Wm82.a4.v1,0.9491610820329697
Glyma.12G093100.Wm82.a4.v1,0.9490828156337132
Glyma.07G223700.Wm82.a4.v1,0.9490583573839456
Glyma.16G095100.Wm82.a4.v1,0.9490583573839456
Glyma.17G140600.Wm82.a4.v1,0.9490045492344568
Glyma.09G173500.Wm82.a4.v1,0.9489898742845962
Glyma.07G149300.Wm82.a4.v1,0.948960524384875
Glyma.03G146600.Wm82.a4.v1,0.9489556327349215
Glyma.05G200000.Wm82.a4.v1,0.9489311744851538
Glyma.15G034400.Wm82.a4.v1,0.9489164995352932
Glyma.13G319500.Wm82.a4.v1,0.9489116078853397
Glyma.05G041900.Wm82.a4.v1,0.9488969329354792
Glyma.19G218400.Wm82.a4.v1,0.9488333414860832
Glyma.07G043900.Wm82.a4.v1,0.9488284498361297
Glyma.17G004300.Wm82.a4.v1,0.9487893166365015
Glyma.05G201500.Wm82.a4.v1,0.9487599667367803
Glyma.08G345300.Wm82.a4.v1,0.9487501834368732
Glyma.17G134200.Wm82.a4.v1,0.9487404001369661
Glyma.09G103500.Wm82.a4.v1,0.948711050237245
Glyma.20G127500.Wm82.a4.v1,0.948608325588221
Glyma.11G095600.Wm82.a4.v1,0.9485887589884068
Glyma.06G157400.Wm82.a4.v1,0.9483833096903586
Glyma.11G201700.Wm82.a4.v1,0.9483637430905444
Glyma.11G192300.Wm82.a4.v1,0.9483539597906374
Glyma.04G083900.Wm82.a4.v1,0.9483392848407768
Glyma.05G210900.Wm82.a4.v1,0.9482683559164506
Glyma.13G338500.Wm82.a4.v1,0.9482365601917527
Glyma.14G207500.Wm82.a4.v1,0.9482218852418921
Glyma.08G325000.Wm82.a4.v1,0.9481729687423568
Glyma.10G158400.Wm82.a4.v1,0.9481680770924032
Glyma.16G137200.Wm82.a4.v1,0.948128943892775
Glyma.15G000400.Wm82.a4.v1,0.9480995939930539
Glyma.12G130000.Wm82.a4.v1,0.9480506774935186
Glyma.01G188100.Wm82.a4.v1,0.9480237734187742
Glyma.09G050800.Wm82.a4.v1,0.9479870860441226
Glyma.03G178300.Wm82.a4.v1,0.9479773027442157
Glyma.14G056900.Wm82.a4.v1,0.9479283862446803
Glyma.14G068600.Wm82.a4.v1,0.9478745780951915
Glyma.13G068000.Wm82.a4.v1,0.9478745780951915
Glyma.17G243100.Wm82.a4.v1,0.9478256615956562
Glyma.10G207500.Wm82.a4.v1,0.9478060949958421
Glyma.01G010600.Wm82.a4.v1,0.9477376118964926
Glyma.02G305600.Wm82.a4.v1,0.9476226581225847
Glyma.10G160300.Wm82.a4.v1,0.9475957540478404
Glyma.12G029100.Wm82.a4.v1,0.9475908623978868
Glyma.12G206300.Wm82.a4.v1,0.9475321625984444
Glyma.04G015400.Wm82.a4.v1,0.9474832460989092
Glyma.13G057500.Wm82.a4.v1,0.947453896199188
Glyma.07G027400.Wm82.a4.v1,0.9474147629995597
Glyma.10G045900.Wm82.a4.v1,0.9474049796996526
Glyma.20G170200.Wm82.a4.v1,0.9473951963997457
Glyma.03G125800.Wm82.a4.v1,0.9473756297999315
Glyma.03G155200.Wm82.a4.v1,0.9473071467005821
Glyma.08G257100.Wm82.a4.v1,0.947297363400675
Glyma.09G099100.Wm82.a4.v1,0.947287580100768
Glyma.14G178800.Wm82.a4.v1,0.9471481680770925
Glyma.11G077800.Wm82.a4.v1,0.9471310473022551
Glyma.02G086100.Wm82.a4.v1,0.9470870224526733
Glyma.11G003600.Wm82.a4.v1,0.9469891894536027
Glyma.02G247600.Wm82.a4.v1,0.9469696228537886
Glyma.11G020100.Wm82.a4.v1,0.9469451646040209
Glyma.06G122400.Wm82.a4.v1,0.9468326566550898
Glyma.06G195800.Wm82.a4.v1,0.9468228733551827
Glyma.08G308600.Wm82.a4.v1,0.946788631805508
Glyma.13G357900.Wm82.a4.v1,0.9467543902558333
Glyma.06G064100.Wm82.a4.v1,0.9467446069559262
Glyma.11G071400.Wm82.a4.v1,0.9467299320060657
Glyma.05G027800.Wm82.a4.v1,0.9467201487061586
Glyma.16G147700.Wm82.a4.v1,0.9467201487061586
Glyma.03G189300.Wm82.a4.v1,0.9467201487061586
Glyma.19G194936.Wm82.a4.v1,0.9466418823069022
Glyma.13G189500.Wm82.a4.v1,0.9466369906569486
Glyma.20G207500.Wm82.a4.v1,0.9466076407572274
Glyma.04G085000.Wm82.a4.v1,0.9466051949322506
Glyma.13G280200.Wm82.a4.v1,0.9465929658073668
Glyma.06G080600.Wm82.a4.v1,0.9465587242576922
Glyma.03G007100.Wm82.a4.v1,0.9465049161082033
Glyma.07G133200.Wm82.a4.v1,0.9464511079587145
Glyma.02G245000.Wm82.a4.v1,0.9464217580589933
Glyma.19G177600.Wm82.a4.v1,0.9464119747590862
Glyma.12G182800.Wm82.a4.v1,0.9464021914591791
Glyma.13G058600.Wm82.a4.v1,0.9463826248593651
Glyma.15G259600.Wm82.a4.v1,0.946372841559458
Glyma.09G168700.Wm82.a4.v1,0.9463532749596439
Glyma.08G134400.Wm82.a4.v1,0.9462994668101551
Glyma.07G095000.Wm82.a4.v1,0.9462945751602015
Glyma.13G085100.Wm82.a4.v1,0.946289683510248
Glyma.07G255500.Wm82.a4.v1,0.9462701169104338
Glyma.06G059600.Wm82.a4.v1,0.9462652252604804
Glyma.19G026800.Wm82.a4.v1,0.9462163087609451
Glyma.01G212800.Wm82.a4.v1,0.9462114171109915
Glyma.06G272500.Wm82.a4.v1,0.9462016338110845
Glyma.06G301900.Wm82.a4.v1,0.9461771755613169
Glyma.11G040400.Wm82.a4.v1,0.9461722839113633
Glyma.15G240600.Wm82.a4.v1,0.9461576089615027
Glyma.03G087500.Wm82.a4.v1,0.9461282590617816
Glyma.18G099500.Wm82.a4.v1,0.9460989091620604
Glyma.04G190100.Wm82.a4.v1,0.9460940175121069
Glyma.09G193300.Wm82.a4.v1,0.9460304260627109
Glyma.03G122000.Wm82.a4.v1,0.9460157511128504
Glyma.18G019400.Wm82.a4.v1,0.9460010761629898
Glyma.16G094900.Wm82.a4.v1,0.9459864012131292
Glyma.03G242600.Wm82.a4.v1,0.9459423763635474
Glyma.06G017900.Wm82.a4.v1,0.9459081348138727
Glyma.12G223400.Wm82.a4.v1,0.9458200851147092
Glyma.13G332700.Wm82.a4.v1,0.9458029643398719
Glyma.04G165151.Wm82.a4.v1,0.9457956268649416
Glyma.05G055500.Wm82.a4.v1,0.9457393728904759
Glyma.02G073000.Wm82.a4.v1,0.9457222521156387
Glyma.01G166100.Wm82.a4.v1,0.9456977938658709
Glyma.02G285100.Wm82.a4.v1,0.9456733356161033
Glyma.12G166200.Wm82.a4.v1,0.9456146358166609
Glyma.02G245400.Wm82.a4.v1,0.9456097441667074
Glyma.07G221900.Wm82.a4.v1,0.9455803942669863
Glyma.07G030600.Wm82.a4.v1,0.9455657193171256
Glyma.03G056700.Wm82.a4.v1,0.9455608276671721
Glyma.16G195700.Wm82.a4.v1,0.9455216944675439
Glyma.08G177400.Wm82.a4.v1,0.9454434280682874
Glyma.19G007800.Wm82.a4.v1,0.9454336447683803
Glyma.02G066800.Wm82.a4.v1,0.9454140781685663
Glyma.15G130500.Wm82.a4.v1,0.9453798366188916
Glyma.19G153300.Wm82.a4.v1,0.9453309201193563
Glyma.16G221700.Wm82.a4.v1,0.9453309201193563
Glyma.07G090700.Wm82.a4.v1,0.9452966785696816
Glyma.06G267300.Wm82.a4.v1,0.9452722203199139
Glyma.04G243800.Wm82.a4.v1,0.9452624370200069
Glyma.20G132400.Wm82.a4.v1,0.9452477620701463
Glyma.01G208000.Wm82.a4.v1,0.945115687521401
Glyma.20G105800.Wm82.a4.v1,0.9450667710218656
Glyma.13G264400.Wm82.a4.v1,0.9450667710218656
Glyma.08G212900.Wm82.a4.v1,0.9450447585970748
Glyma.12G038800.Wm82.a4.v1,0.9450129628723769
Glyma.03G241300.Wm82.a4.v1,0.9449933962725627
Glyma.13G095600.Wm82.a4.v1,0.9449298048231669
Glyma.15G179400.Wm82.a4.v1,0.9449249131732134
Glyma.05G013000.Wm82.a4.v1,0.9448613217238174
Glyma.02G297900.Wm82.a4.v1,0.9448466467739569
Glyma.15G068500.Wm82.a4.v1,0.9448026219243751
Glyma.01G001000.Wm82.a4.v1,0.9446314141760016
Glyma.13G321700.Wm82.a4.v1,0.9446314141760016
Glyma.02G035000.Wm82.a4.v1,0.9445971726263268
Glyma.18G054600.Wm82.a4.v1,0.9445678227266057
Glyma.17G246300.Wm82.a4.v1,0.9445678227266057
Glyma.19G153200.Wm82.a4.v1,0.9445433644768381
Glyma.05G066100.Wm82.a4.v1,0.9445384728268845
Glyma.18G064100.Wm82.a4.v1,0.9444846646773957
Glyma.03G056300.Wm82.a4.v1,0.944450423127721
Glyma.03G212900.Wm82.a4.v1,0.9444210732279998
Glyma.10G233300.Wm82.a4.v1,0.9444161815780463
Glyma.09G028000.Wm82.a4.v1,0.9443770483784181
Glyma.17G049700.Wm82.a4.v1,0.9443330235288363
Glyma.02G269600.Wm82.a4.v1,0.9443232402289292
Glyma.11G147108.Wm82.a4.v1,0.944303673629115
Glyma.15G166800.Wm82.a4.v1,0.944242528004696
Glyma.20G237200.Wm82.a4.v1,0.9441985031551142
Glyma.14G072400.Wm82.a4.v1,0.9441887198552071
Glyma.12G239100.Wm82.a4.v1,0.9441275742307881
Glyma.05G011900.Wm82.a4.v1,0.944117790930881
Glyma.19G262000.Wm82.a4.v1,0.944117790930881
Glyma.14G009900.Wm82.a4.v1,0.9441104534559507
Glyma.17G114800.Wm82.a4.v1,0.9440248495817639
Glyma.02G017800.Wm82.a4.v1,0.9440003913319963
Glyma.10G192400.Wm82.a4.v1,0.9439367998826004
Glyma.10G158100.Wm82.a4.v1,0.9439319082326468
Glyma.08G278600.Wm82.a4.v1,0.9439123416328328
Glyma.12G142900.Wm82.a4.v1,0.9438976666829721
Glyma.06G201600.Wm82.a4.v1,0.9438878833830651
Glyma.03G177200.Wm82.a4.v1,0.943868316783251
Glyma.08G002000.Wm82.a4.v1,0.9438291835836228
Glyma.16G219500.Wm82.a4.v1,0.9438096169838086
Glyma.06G039700.Wm82.a4.v1,0.9437509171843663
Glyma.14G015900.Wm82.a4.v1,0.9436897715599472
Glyma.11G246700.Wm82.a4.v1,0.9436677591351563
Glyma.09G168300.Wm82.a4.v1,0.9436579758352492
Glyma.20G010600.Wm82.a4.v1,0.9436530841852957
Glyma.06G191300.Wm82.a4.v1,0.9436433008853886
Glyma.08G286800.Wm82.a4.v1,0.9435943843858533
Glyma.17G188300.Wm82.a4.v1,0.9435405762363646
Glyma.06G126000.Wm82.a4.v1,0.9434476348872475
Glyma.07G048500.Wm82.a4.v1,0.9434476348872475
Glyma.02G049300.Wm82.a4.v1,0.9434427432372939
Glyma.18G060600.Wm82.a4.v1,0.9434182849875263
Glyma.15G271300.Wm82.a4.v1,0.9434182849875263
Glyma.15G100200.Wm82.a4.v1,0.9433938267377586
Glyma.13G259400.Wm82.a4.v1,0.9433546935381304
Glyma.07G003400.Wm82.a4.v1,0.9433057770385951
Glyma.18G203200.Wm82.a4.v1,0.9433008853886415
Glyma.05G034600.Wm82.a4.v1,0.9432715354889204
Glyma.06G317400.Wm82.a4.v1,0.9432519688891063
Glyma.13G191700.Wm82.a4.v1,0.9432250648143619
Glyma.11G061100.Wm82.a4.v1,0.9432226189893851
Glyma.17G052700.Wm82.a4.v1,0.9432177273394315
Glyma.05G184700.Wm82.a4.v1,0.943119894340361
Glyma.08G259000.Wm82.a4.v1,0.943110111040454
Glyma.11G116800.Wm82.a4.v1,0.9430465195910581
Glyma.13G349900.Wm82.a4.v1,0.9430318446411975
Glyma.20G129600.Wm82.a4.v1,0.9430171696913369
Glyma.18G020000.Wm82.a4.v1,0.9429682531918016
Glyma.12G085900.Wm82.a4.v1,0.9429389032920804
Glyma.13G141100.Wm82.a4.v1,0.9428948784424986
Glyma.07G144100.Wm82.a4.v1,0.9428948784424986
Glyma.12G066700.Wm82.a4.v1,0.9428850951425916
Glyma.18G037900.Wm82.a4.v1,0.942880203492638
Glyma.04G001600.Wm82.a4.v1,0.9427676955437069
Glyma.05G052600.Wm82.a4.v1,0.9427481289438928
Glyma.07G255400.Wm82.a4.v1,0.9427334539940322
Glyma.09G016600.Wm82.a4.v1,0.9426820916695201
Glyma.09G205500.Wm82.a4.v1,0.9426454042948686
Glyma.06G276300.Wm82.a4.v1,0.9425573545957051
Glyma.20G170000.Wm82.a4.v1,0.9425035464462163
Glyma.18G243800.Wm82.a4.v1,0.9424986547962628
Glyma.17G030700.Wm82.a4.v1,0.9424839798464022
Glyma.15G156500.Wm82.a4.v1,0.9424839798464022
Glyma.04G232000.Wm82.a4.v1,0.9424154967470528
Glyma.02G133600.Wm82.a4.v1,0.9424106050970993
Glyma.20G223600.Wm82.a4.v1,0.9424106050970993
Glyma.07G023900.Wm82.a4.v1,0.9422834221983075
Glyma.17G033400.Wm82.a4.v1,0.9422687472484469
Glyma.01G006000.Wm82.a4.v1,0.9422638555984933
Glyma.11G175400.Wm82.a4.v1,0.9422198307489116
Glyma.08G100000.Wm82.a4.v1,0.9420926478501198
Glyma.20G139000.Wm82.a4.v1,0.9420828645502128
Glyma.17G053800.Wm82.a4.v1,0.9420730812503058
Glyma.06G245200.Wm82.a4.v1,0.942029056400724
Glyma.19G192800.Wm82.a4.v1,0.9419214401017463
Glyma.05G177000.Wm82.a4.v1,0.9418725236022111
Glyma.09G018900.Wm82.a4.v1,0.9418725236022111
Glyma.06G114000.Wm82.a4.v1,0.9418431737024898
Glyma.18G105900.Wm82.a4.v1,0.9418358362275595
Glyma.18G090400.Wm82.a4.v1,0.9418236071026758
Glyma.06G130900.Wm82.a4.v1,0.9417697989531869
Glyma.18G084800.Wm82.a4.v1,0.9417062075037911
Glyma.11G090800.Wm82.a4.v1,0.941696424203884
Glyma.20G179100.Wm82.a4.v1,0.9416915325539305
Glyma.17G199600.Wm82.a4.v1,0.9416572910042558
Glyma.18G092600.Wm82.a4.v1,0.9416572910042558
Glyma.08G036300.Wm82.a4.v1,0.9415985912048134
Glyma.10G064500.Wm82.a4.v1,0.9415985912048134
Glyma.10G200700.Wm82.a4.v1,0.9415741329550458
Glyma.20G102900.Wm82.a4.v1,0.941539891405371
Glyma.20G052800.Wm82.a4.v1,0.941530108105464
Glyma.07G036000.Wm82.a4.v1,0.9415007582057427
Glyma.05G143700.Wm82.a4.v1,0.9415007582057427
Glyma.06G047400.Wm82.a4.v1,0.9414811916059287
Glyma.05G120400.Wm82.a4.v1,0.9414518417062075
Glyma.15G227500.Wm82.a4.v1,0.9414420584063005
Glyma.02G116900.Wm82.a4.v1,0.9414176001565328
Glyma.07G258400.Wm82.a4.v1,0.9413833586068581
Glyma.11G246600.Wm82.a4.v1,0.9413686836569976
Glyma.06G072500.Wm82.a4.v1,0.9413050922076016
Glyma.19G178800.Wm82.a4.v1,0.9412561757080663
Glyma.03G090200.Wm82.a4.v1,0.9412366091082522
Glyma.15G017000.Wm82.a4.v1,0.9411730176588563
Glyma.20G227900.Wm82.a4.v1,0.9411632343589492
Glyma.08G041100.Wm82.a4.v1,0.9411338844592281
Glyma.04G028400.Wm82.a4.v1,0.941124101159321
Glyma.11G120800.Wm82.a4.v1,0.941124101159321
Glyma.07G049500.Wm82.a4.v1,0.9409773516607152
Glyma.02G143700.Wm82.a4.v1,0.9409235435112263
Glyma.07G222700.Wm82.a4.v1,0.940864843711784
Glyma.13G060100.Wm82.a4.v1,0.9407327691630387
Glyma.20G168400.Wm82.a4.v1,0.9406300445140146
Glyma.10G017900.Wm82.a4.v1,0.940625152864061
Glyma.19G177900.Wm82.a4.v1,0.9405958029643399
Glyma.12G200200.Wm82.a4.v1,0.9405909113143863
Glyma.08G233702.Wm82.a4.v1,0.9405909113143863
Glyma.05G135200.Wm82.a4.v1,0.9405028616152228
Glyma.01G063700.Wm82.a4.v1,0.9403071956170816
Glyma.12G041300.Wm82.a4.v1,0.940272954067407
Glyma.06G054600.Wm82.a4.v1,0.9402680624174534
Glyma.15G003700.Wm82.a4.v1,0.9402387125177323
Glyma.06G307000.Wm82.a4.v1,0.9401359878687081
Glyma.11G149600.Wm82.a4.v1,0.9401310962187546
Glyma.10G271600.Wm82.a4.v1,0.9400675047693587
Glyma.02G100300.Wm82.a4.v1,0.940043046519591
Glyma.18G207700.Wm82.a4.v1,0.9400185882698234
Glyma.03G017200.Wm82.a4.v1,0.9400088049699163
Glyma.11G110000.Wm82.a4.v1,0.9399452135205205
Glyma.10G129800.Wm82.a4.v1,0.9399305385706599
Glyma.17G099200.Wm82.a4.v1,0.9399060803208923
Glyma.07G127300.Wm82.a4.v1,0.9399011886709387
Glyma.08G161400.Wm82.a4.v1,0.939876730421171
Glyma.10G193200.Wm82.a4.v1,0.9398473805214499
Glyma.19G045600.Wm82.a4.v1,0.9398327055715893
Glyma.03G213300.Wm82.a4.v1,0.9398327055715893
Glyma.12G174900.Wm82.a4.v1,0.9398131389717752
Glyma.13G318200.Wm82.a4.v1,0.939774005772147
Glyma.02G244600.Wm82.a4.v1,0.9397544391723328
Glyma.19G132800.Wm82.a4.v1,0.9397446558724257
Glyma.18G102100.Wm82.a4.v1,0.9397348725725188
Glyma.07G069600.Wm82.a4.v1,0.9397153059727046
Glyma.10G221500.Wm82.a4.v1,0.9396859560729834
Glyma.14G221700.Wm82.a4.v1,0.9396321479234946
Glyma.14G098200.Wm82.a4.v1,0.9395783397740057
Glyma.06G036300.Wm82.a4.v1,0.9395636648241452
Glyma.12G026900.Wm82.a4.v1,0.9394951817247957
Glyma.19G180000.Wm82.a4.v1,0.9394902900748422
Glyma.06G249300.Wm82.a4.v1,0.9394756151249817
Glyma.05G187300.Wm82.a4.v1,0.9394707234750281
Glyma.01G188700.Wm82.a4.v1,0.939460940175121
Glyma.12G021500.Wm82.a4.v1,0.9393631071760504
Glyma.11G233800.Wm82.a4.v1,0.9393435405762364
Glyma.10G033100.Wm82.a4.v1,0.9393386489262828
Glyma.12G040400.Wm82.a4.v1,0.9393337572763293
Glyma.11G054000.Wm82.a4.v1,0.9393190823264688
Glyma.03G074800.Wm82.a4.v1,0.9393044073766081
Glyma.11G003700.Wm82.a4.v1,0.9393044073766081
Glyma.04G232400.Wm82.a4.v1,0.9392603825270264
Glyma.20G113300.Wm82.a4.v1,0.9392505992271193
Glyma.03G152200.Wm82.a4.v1,0.9391723328278628
Glyma.15G063000.Wm82.a4.v1,0.9391674411779093
Glyma.18G074000.Wm82.a4.v1,0.9391527662280488
Glyma.18G297800.Wm82.a4.v1,0.9391380912781881
Glyma.01G192300.Wm82.a4.v1,0.939118524678374
Glyma.19G225400.Wm82.a4.v1,0.9391136330284204
Glyma.15G234700.Wm82.a4.v1,0.9390744998287922
Glyma.10G291200.Wm82.a4.v1,0.9390598248789317
Glyma.08G024100.Wm82.a4.v1,0.9390500415790246
Glyma.05G243300.Wm82.a4.v1,0.9390158000293499
Glyma.10G284100.Wm82.a4.v1,0.9389913417795822
Glyma.15G003300.Wm82.a4.v1,0.9389571002299075
Glyma.05G156100.Wm82.a4.v1,0.9389032920804187
Glyma.19G165900.Wm82.a4.v1,0.9388837254806046
Glyma.08G272600.Wm82.a4.v1,0.9388641588807904
Glyma.04G213800.Wm82.a4.v1,0.9388299173311158
Glyma.08G054100.Wm82.a4.v1,0.9388152423812552
Glyma.13G094600.Wm82.a4.v1,0.9388103507313017
Glyma.06G265000.Wm82.a4.v1,0.9387907841314875
Glyma.07G111100.Wm82.a4.v1,0.9387369759819987
Glyma.16G071100.Wm82.a4.v1,0.9387271926820917
Glyma.11G233700.Wm82.a4.v1,0.9387271926820917
Glyma.19G177700.Wm82.a4.v1,0.9387223010321382
Glyma.09G045000.Wm82.a4.v1,0.9387125177322311
Glyma.01G011300.Wm82.a4.v1,0.938692951132417
Glyma.20G135200.Wm82.a4.v1,0.9386880594824635
Glyma.02G274000.Wm82.a4.v1,0.9386587095827422
Glyma.09G094800.Wm82.a4.v1,0.9386097930832069
Glyma.18G039500.Wm82.a4.v1,0.9386049014332535
Glyma.06G132600.Wm82.a4.v1,0.9385853348334393
Glyma.07G152900.Wm82.a4.v1,0.9385559849337182
Glyma.01G209800.Wm82.a4.v1,0.9385462016338111
Glyma.07G075100.Wm82.a4.v1,0.9385462016338111
Glyma.15G051000.Wm82.a4.v1,0.9385168517340899
Glyma.17G258000.Wm82.a4.v1,0.9385021767842293
Glyma.11G231000.Wm82.a4.v1,0.9384679352345546
Glyma.10G057300.Wm82.a4.v1,0.9384190187350193
Glyma.06G001600.Wm82.a4.v1,0.9384190187350193
Glyma.11G137300.Wm82.a4.v1,0.9383798855353911
Glyma.14G074700.Wm82.a4.v1,0.9382820525363205
Glyma.20G249600.Wm82.a4.v1,0.9382478109866458
Glyma.08G087000.Wm82.a4.v1,0.9382478109866458
Glyma.14G094800.Wm82.a4.v1,0.9382184610869246
Glyma.18G024600.Wm82.a4.v1,0.9382111236119943
Glyma.12G190100.Wm82.a4.v1,0.938203786137064
Glyma.05G211100.Wm82.a4.v1,0.9381940028371569
Glyma.15G055400.Wm82.a4.v1,0.9381793278872964
Glyma.09G068000.Wm82.a4.v1,0.9381597612874822
Glyma.02G296600.Wm82.a4.v1,0.9381499779875752
Glyma.20G095700.Wm82.a4.v1,0.9381304113877611
Glyma.11G169700.Wm82.a4.v1,0.9381157364379005
Glyma.20G094800.Wm82.a4.v1,0.9381059531379935
Glyma.13G310300.Wm82.a4.v1,0.93810106148804
Glyma.18G111900.Wm82.a4.v1,0.9379983368390158
Glyma.08G035500.Wm82.a4.v1,0.9379836618891552
Glyma.12G050600.Wm82.a4.v1,0.9379102871398523
Glyma.20G098500.Wm82.a4.v1,0.937871153940224
Glyma.02G231100.Wm82.a4.v1,0.9378662622902705
Glyma.09G252100.Wm82.a4.v1,0.9378369123905493
Glyma.01G114000.Wm82.a4.v1,0.9378173457907352
Glyma.13G106600.Wm82.a4.v1,0.937787995891014
Glyma.08G246400.Wm82.a4.v1,0.9377831042410605
Glyma.09G052100.Wm82.a4.v1,0.9377831042410605
Glyma.05G188200.Wm82.a4.v1,0.9377782125911069
Glyma.18G026100.Wm82.a4.v1,0.9377635376412464
Glyma.09G213800.Wm82.a4.v1,0.93768527124199
Glyma.13G003200.Wm82.a4.v1,0.9376608129922223
Glyma.18G006100.Wm82.a4.v1,0.9376510296923152
Glyma.05G246900.Wm82.a4.v1,0.9376265714425476
Glyma.19G140800.Wm82.a4.v1,0.937621679792594
Glyma.16G187500.Wm82.a4.v1,0.937611896492687
Glyma.12G013100.Wm82.a4.v1,0.9375923298928729
Glyma.07G115900.Wm82.a4.v1,0.9375776549430123
Glyma.03G077300.Wm82.a4.v1,0.9375580883431982
Glyma.04G034500.Wm82.a4.v1,0.9375434133933376
Glyma.08G072000.Wm82.a4.v1,0.9375238467935234
Glyma.10G037400.Wm82.a4.v1,0.9374944968938023
Glyma.08G164800.Wm82.a4.v1,0.9374847135938952
Glyma.07G059900.Wm82.a4.v1,0.937445580394267
Glyma.15G173000.Wm82.a4.v1,0.9374064471946387
Glyma.15G087200.Wm82.a4.v1,0.9373770972949176
Glyma.14G190200.Wm82.a4.v1,0.9373086141955682
Glyma.16G007700.Wm82.a4.v1,0.9372743726458934
Glyma.03G012000.Wm82.a4.v1,0.9371080565474734
Glyma.02G202900.Wm82.a4.v1,0.9370102235484029
Glyma.04G056000.Wm82.a4.v1,0.9369906569485887
Glyma.17G089100.Wm82.a4.v1,0.9369759819987282
Glyma.08G287600.Wm82.a4.v1,0.9369661986988211
Glyma.03G017500.Wm82.a4.v1,0.9369613070488676
Glyma.05G245600.Wm82.a4.v1,0.9369368487990999
Glyma.06G197300.Wm82.a4.v1,0.9367754243506334
Glyma.15G021400.Wm82.a4.v1,0.9367607494007729
Glyma.09G054800.Wm82.a4.v1,0.9367607494007729
Glyma.20G023100.Wm82.a4.v1,0.9367558577508194
Glyma.18G003000.Wm82.a4.v1,0.9367118329012376
Glyma.14G074402.Wm82.a4.v1,0.936697157951377
Glyma.19G212900.Wm82.a4.v1,0.9366726997016094
Glyma.01G033800.Wm82.a4.v1,0.9366580247517488
Glyma.13G128500.Wm82.a4.v1,0.9366335665019812
Glyma.08G001700.Wm82.a4.v1,0.9366091082522134
Glyma.05G132800.Wm82.a4.v1,0.9365748667025388
Glyma.08G045100.Wm82.a4.v1,0.9365406251528641
Glyma.06G263200.Wm82.a4.v1,0.9365259502030034
Glyma.01G094900.Wm82.a4.v1,0.9365112752531429
Glyma.09G139200.Wm82.a4.v1,0.936447683803747
Glyma.18G137500.Wm82.a4.v1,0.9363938756542581
Glyma.04G233300.Wm82.a4.v1,0.9363107176050481
Glyma.03G130800.Wm82.a4.v1,0.9363058259550947
Glyma.10G219600.Wm82.a4.v1,0.9362960426551876
Glyma.14G218500.Wm82.a4.v1,0.9362911510052341
Glyma.13G045800.Wm82.a4.v1,0.9362911510052341
Glyma.13G331900.Wm82.a4.v1,0.936281367705327
Glyma.08G038200.Wm82.a4.v1,0.9362715844054199
Glyma.20G232200.Wm82.a4.v1,0.9361884263562099
Glyma.08G282100.Wm82.a4.v1,0.9361688597563959
Glyma.02G143300.Wm82.a4.v1,0.9360905933571394
Glyma.12G016500.Wm82.a4.v1,0.936031893557697
Glyma.03G097300.Wm82.a4.v1,0.9360270019077435
Glyma.06G110500.Wm82.a4.v1,0.9360221102577899
Glyma.09G045700.Wm82.a4.v1,0.9359731937582546
Glyma.07G038500.Wm82.a4.v1,0.9359438438585335
Glyma.02G026300.Wm82.a4.v1,0.9359438438585335
Glyma.17G230100.Wm82.a4.v1,0.935929168908673
Glyma.20G024400.Wm82.a4.v1,0.9359193856087659
Glyma.11G252900.Wm82.a4.v1,0.9358802524091376
Glyma.01G078200.Wm82.a4.v1,0.9358166609597417
Glyma.04G117800.Wm82.a4.v1,0.9358117693097882
Glyma.18G023100.Wm82.a4.v1,0.9357873110600206
Glyma.04G252400.Wm82.a4.v1,0.9357481778603923
Glyma.11G254900.Wm82.a4.v1,0.9356552365112752
Glyma.08G312300.Wm82.a4.v1,0.935616103311647
Glyma.10G283100.Wm82.a4.v1,0.9356014283617864
Glyma.12G039900.Wm82.a4.v1,0.9355476202122976
Glyma.10G260200.Wm82.a4.v1,0.9354889204128553
Glyma.09G018600.Wm82.a4.v1,0.9354693538130412
Glyma.02G269700.Wm82.a4.v1,0.935449787213227
Glyma.19G249000.Wm82.a4.v1,0.9354302206134129
Glyma.11G120900.Wm82.a4.v1,0.9353813041138777
Glyma.10G051100.Wm82.a4.v1,0.9352198796654111
Glyma.05G060500.Wm82.a4.v1,0.935200313065597
Glyma.15G006600.Wm82.a4.v1,0.9351611798659688
Glyma.02G243800.Wm82.a4.v1,0.935117155016387
Glyma.19G125800.Wm82.a4.v1,0.935117155016387
Glyma.11G140600.Wm82.a4.v1,0.9350926967666194
Glyma.19G172200.Wm82.a4.v1,0.9350291053172235
Glyma.08G012400.Wm82.a4.v1,0.9349801888176882
Glyma.04G002000.Wm82.a4.v1,0.9349801888176882
Glyma.17G069600.Wm82.a4.v1,0.9349606222178741
Glyma.02G280800.Wm82.a4.v1,0.9349557305679206
Glyma.10G072000.Wm82.a4.v1,0.934950838917967
Glyma.06G319900.Wm82.a4.v1,0.934950838917967
Glyma.04G234400.Wm82.a4.v1,0.9349165973682924
Glyma.04G078900.Wm82.a4.v1,0.934867680868757
Glyma.10G193500.Wm82.a4.v1,0.934784522819547
Glyma.14G062900.Wm82.a4.v1,0.9347600645697793
Glyma.11G017800.Wm82.a4.v1,0.9347404979699653
Glyma.04G151600.Wm82.a4.v1,0.9347258230201047
Glyma.14G220200.Wm82.a4.v1,0.9346671232206624
Glyma.20G172300.Wm82.a4.v1,0.9346279900210341
Glyma.08G185800.Wm82.a4.v1,0.9345154820721029
Glyma.06G033700.Wm82.a4.v1,0.9344812405224282
Glyma.15G026500.Wm82.a4.v1,0.9344714572225211
Glyma.08G110100.Wm82.a4.v1,0.9344469989727535
Glyma.14G052067.Wm82.a4.v1,0.9344421073228
Glyma.01G149300.Wm82.a4.v1,0.9343882991733111
Glyma.14G027400.Wm82.a4.v1,0.9343834075233576
Glyma.14G025900.Wm82.a4.v1,0.93435894927359
Glyma.13G311000.Wm82.a4.v1,0.9343491659736829
Glyma.13G276700.Wm82.a4.v1,0.9342904661742406
Glyma.17G058000.Wm82.a4.v1,0.9342904661742406
Glyma.15G088500.Wm82.a4.v1,0.9342464413246588
Glyma.09G119200.Wm82.a4.v1,0.9342415496747053
Glyma.17G147900.Wm82.a4.v1,0.9342317663747982
Glyma.04G195100.Wm82.a4.v1,0.9341583916254953
Glyma.03G193100.Wm82.a4.v1,0.9341290417257742
Glyma.09G107600.Wm82.a4.v1,0.9340801252262388
Glyma.02G216200.Wm82.a4.v1,0.9340752335762853
Glyma.11G229100.Wm82.a4.v1,0.9340409920266106
Glyma.03G260900.Wm82.a4.v1,0.9340067504769358
Glyma.06G238200.Wm82.a4.v1,0.9339480506774935
Glyma.17G240700.Wm82.a4.v1,0.9339138091278189
Glyma.10G186400.Wm82.a4.v1,0.9338746759281906
Glyma.02G262500.Wm82.a4.v1,0.9338697842782371
Glyma.13G217200.Wm82.a4.v1,0.9338404343785158
Glyma.08G122500.Wm82.a4.v1,0.9338208677787018
Glyma.12G014300.Wm82.a4.v1,0.9338061928288411
Glyma.13G345600.Wm82.a4.v1,0.9337964095289341
Glyma.07G273600.Wm82.a4.v1,0.9337915178789806
Glyma.13G119600.Wm82.a4.v1,0.9337230347796311
Glyma.06G044400.Wm82.a4.v1,0.9336839015800029
Glyma.16G177300.Wm82.a4.v1,0.9336349850804676
Glyma.09G249200.Wm82.a4.v1,0.9336203101306071
Glyma.08G139100.Wm82.a4.v1,0.9335371520813971
Glyma.08G164500.Wm82.a4.v1,0.9334931272318153
Glyma.16G043400.Wm82.a4.v1,0.93344421073228
Glyma.20G031600.Wm82.a4.v1,0.9333904025827912
Glyma.20G079300.Wm82.a4.v1,0.9333561610331165
Glyma.19G184600.Wm82.a4.v1,0.9333561610331165
Glyma.02G005200.Wm82.a4.v1,0.9333023528836276
Glyma.05G074800.Wm82.a4.v1,0.9333023528836276
Glyma.08G291800.Wm82.a4.v1,0.9332876779337671
Glyma.13G068400.Wm82.a4.v1,0.9332412072592086
Glyma.09G236700.Wm82.a4.v1,0.9331996282346036
Glyma.17G036600.Wm82.a4.v1,0.9331849532847429
Glyma.17G161900.Wm82.a4.v1,0.9331849532847429
Glyma.19G054500.Wm82.a4.v1,0.9331604950349753
Glyma.02G001000.Wm82.a4.v1,0.9330871202856723
Glyma.11G077700.Wm82.a4.v1,0.9330871202856723
Glyma.10G157000.Wm82.a4.v1,0.9330626620359047
Glyma.09G157700.Wm82.a4.v1,0.9330528787359976
Glyma.20G218200.Wm82.a4.v1,0.9330186371863229
Glyma.05G099500.Wm82.a4.v1,0.9329697206867876
Glyma.07G005600.Wm82.a4.v1,0.9329648290368341
Glyma.01G238200.Wm82.a4.v1,0.9329354791371129
Glyma.19G220100.Wm82.a4.v1,0.9329208041872523
Glyma.07G214900.Wm82.a4.v1,0.9329159125372989
Glyma.02G085300.Wm82.a4.v1,0.9328963459374847
Glyma.02G177500.Wm82.a4.v1,0.9328816709876241
Glyma.20G196900.Wm82.a4.v1,0.932852321087903
Glyma.20G135800.Wm82.a4.v1,0.9328229711881818
Glyma.02G165000.Wm82.a4.v1,0.9327936212884606
Glyma.07G076000.Wm82.a4.v1,0.932769163038693
Glyma.01G151300.Wm82.a4.v1,0.9327642713887394
Glyma.15G092700.Wm82.a4.v1,0.9326933424644133
Glyma.07G271200.Wm82.a4.v1,0.9325539304407376
Glyma.15G192000.Wm82.a4.v1,0.9325539304407376
Glyma.13G053800.Wm82.a4.v1,0.9325147972411094
Glyma.02G015600.Wm82.a4.v1,0.9324952306412954
Glyma.07G028800.Wm82.a4.v1,0.9324512057917136
Glyma.08G064600.Wm82.a4.v1,0.932436530841853
Glyma.07G018200.Wm82.a4.v1,0.932436530841853
Glyma.13G054800.Wm82.a4.v1,0.9324316391918994
Glyma.03G210100.Wm82.a4.v1,0.9324169642420388
Glyma.14G044400.Wm82.a4.v1,0.9323925059922712
Glyma.13G279900.Wm82.a4.v1,0.9323778310424106
Glyma.10G258800.Wm82.a4.v1,0.932353372792643
Glyma.03G070600.Wm82.a4.v1,0.93227999804334
Glyma.01G167300.Wm82.a4.v1,0.9322408648437118
Glyma.04G225300.Wm82.a4.v1,0.9322188524189209
Glyma.07G129200.Wm82.a4.v1,0.9320892236951523
Glyma.09G146700.Wm82.a4.v1,0.9320500904955241
Glyma.15G022700.Wm82.a4.v1,0.9320354155456636
Glyma.12G164800.Wm82.a4.v1,0.9320329697206868
Glyma.13G300200.Wm82.a4.v1,0.9319131242968253
Glyma.06G132500.Wm82.a4.v1,0.931873991097197
Glyma.01G103200.Wm82.a4.v1,0.931873991097197
Glyma.04G098000.Wm82.a4.v1,0.9318397495475224
Glyma.04G057900.Wm82.a4.v1,0.9317957246979406
Glyma.12G084900.Wm82.a4.v1,0.931790833047987
Glyma.10G089700.Wm82.a4.v1,0.9317810497480801
Glyma.08G203200.Wm82.a4.v1,0.9317272415985912
Glyma.13G107500.Wm82.a4.v1,0.9317223499486377
Glyma.18G074400.Wm82.a4.v1,0.9316758792740791
Glyma.15G061500.Wm82.a4.v1,0.9316391918994277
Glyma.12G120800.Wm82.a4.v1,0.9316294085995206
Glyma.09G207700.Wm82.a4.v1,0.9316147336496601
Glyma.10G239200.Wm82.a4.v1,0.9315902753998924
Glyma.11G125100.Wm82.a4.v1,0.9315756004500318
Glyma.19G013200.Wm82.a4.v1,0.9315120090006359
Glyma.02G220000.Wm82.a4.v1,0.9315071173506824
Glyma.05G196100.Wm82.a4.v1,0.9314973340507753
Glyma.10G212000.Wm82.a4.v1,0.9314826591009148
Glyma.06G045400.Wm82.a4.v1,0.9314239593014724
Glyma.U008800.Wm82.a4.v1,0.9314190676515188
Glyma.19G145000.Wm82.a4.v1,0.9313799344518906
Glyma.01G202500.Wm82.a4.v1,0.9313603678520765
Glyma.07G099700.Wm82.a4.v1,0.9313212346524483
Glyma.01G121700.Wm82.a4.v1,0.9313065597025877
Glyma.06G069100.Wm82.a4.v1,0.9312429682531917
Glyma.15G202800.Wm82.a4.v1,0.9312331849532848
Glyma.01G080200.Wm82.a4.v1,0.9312185100034241
Glyma.16G204332.Wm82.a4.v1,0.9312087267035171
Glyma.09G185300.Wm82.a4.v1,0.9311598102039818
Glyma.05G029400.Wm82.a4.v1,0.931106002054493
Glyma.08G086600.Wm82.a4.v1,0.9310668688548648
Glyma.13G125000.Wm82.a4.v1,0.9310521939050042
Glyma.15G086200.Wm82.a4.v1,0.9310179523553295
Glyma.17G259400.Wm82.a4.v1,0.9309201193562588
Glyma.14G220700.Wm82.a4.v1,0.9309005527564448
Glyma.12G169200.Wm82.a4.v1,0.9308125030572812
Glyma.04G076600.Wm82.a4.v1,0.9307782615076066
Glyma.11G121700.Wm82.a4.v1,0.9307538032578389
Glyma.18G025100.Wm82.a4.v1,0.9307342366580248
Glyma.05G233700.Wm82.a4.v1,0.9306364036589542
Glyma.15G134900.Wm82.a4.v1,0.9306021621092795
Glyma.09G248300.Wm82.a4.v1,0.9305825955094653
Glyma.14G095500.Wm82.a4.v1,0.9305385706598835
Glyma.15G137900.Wm82.a4.v1,0.9305287873599766
Glyma.08G172200.Wm82.a4.v1,0.930514112410116
Glyma.08G217700.Wm82.a4.v1,0.9305043291102089
Glyma.02G085800.Wm82.a4.v1,0.9304358460108595
Glyma.08G205900.Wm82.a4.v1,0.9303967128112313
Glyma.07G226400.Wm82.a4.v1,0.930347796311696
Glyma.04G238900.Wm82.a4.v1,0.9302988798121606
Glyma.03G211200.Wm82.a4.v1,0.9302352883627648
Glyma.08G365900.Wm82.a4.v1,0.93020104681309
Glyma.18G019700.Wm82.a4.v1,0.93020104681309
Glyma.16G155100.Wm82.a4.v1,0.9301325637137406
Glyma.05G087100.Wm82.a4.v1,0.9301227804138336
Glyma.06G116300.Wm82.a4.v1,0.9301227804138336
Glyma.11G143400.Wm82.a4.v1,0.93011788876388
Glyma.16G031100.Wm82.a4.v1,0.9300689722643448
Glyma.11G112600.Wm82.a4.v1,0.9300298390647165
Glyma.13G084000.Wm82.a4.v1,0.9300102724649024
Glyma.15G147700.Wm82.a4.v1,0.9300004891649953
Glyma.10G169300.Wm82.a4.v1,0.9299711392652742
Glyma.02G229800.Wm82.a4.v1,0.9299466810155065
Glyma.20G203900.Wm82.a4.v1,0.92986841461625
Glyma.11G104100.Wm82.a4.v1,0.9298292814166218
Glyma.17G038800.Wm82.a4.v1,0.9298292814166218
Glyma.20G106600.Wm82.a4.v1,0.9297461233674118
Glyma.08G293300.Wm82.a4.v1,0.9297216651176442
Glyma.14G145900.Wm82.a4.v1,0.92970209851783
Glyma.08G038100.Wm82.a4.v1,0.9296727486181089
Glyma.11G014700.Wm82.a4.v1,0.9296727486181089
Glyma.18G077600.Wm82.a4.v1,0.9296482903683413
Glyma.10G134100.Wm82.a4.v1,0.929640952893411
Glyma.08G126700.Wm82.a4.v1,0.9296336154184807
Glyma.08G306200.Wm82.a4.v1,0.9295455657193171
Glyma.01G182700.Wm82.a4.v1,0.9295455657193171
Glyma.11G157700.Wm82.a4.v1,0.9294770826199678
Glyma.15G100900.Wm82.a4.v1,0.9294526243702
Glyma.10G174200.Wm82.a4.v1,0.929433057770386
Glyma.08G333900.Wm82.a4.v1,0.9294037078706647
Glyma.16G001900.Wm82.a4.v1,0.9293645746710365
Glyma.09G073050.Wm82.a4.v1,0.9293352247713154
Glyma.16G137600.Wm82.a4.v1,0.9293352247713154
Glyma.10G031900.Wm82.a4.v1,0.9293254414714083
Glyma.10G093400.Wm82.a4.v1,0.9293156581715013
Glyma.19G252700.Wm82.a4.v1,0.9293107665215478
Glyma.15G080200.Wm82.a4.v1,0.9293009832216407
Glyma.06G012900.Wm82.a4.v1,0.92928630827178
Glyma.17G237900.Wm82.a4.v1,0.9292373917722447
Glyma.03G149600.Wm82.a4.v1,0.9291786919728025
Glyma.09G014700.Wm82.a4.v1,0.9291395587731742
Glyma.06G070400.Wm82.a4.v1,0.929110208873453
Glyma.06G051500.Wm82.a4.v1,0.9290906422736389
Glyma.02G167900.Wm82.a4.v1,0.9290661840238712
Glyma.08G326000.Wm82.a4.v1,0.9290515090740107
Glyma.17G180100.Wm82.a4.v1,0.9290319424741965
Glyma.13G302100.Wm82.a4.v1,0.9289732426747542
Glyma.19G143600.Wm82.a4.v1,0.9289536760749401
Glyma.11G166128.Wm82.a4.v1,0.9289487844249865
Glyma.02G293300.Wm82.a4.v1,0.9289194345252654
Glyma.06G200100.Wm82.a4.v1,0.9289096512253583
Glyma.07G112600.Wm82.a4.v1,0.928850951425916
Glyma.07G110900.Wm82.a4.v1,0.9288362764760554
Glyma.12G218900.Wm82.a4.v1,0.9288216015261948
Glyma.01G118350.Wm82.a4.v1,0.9288118182262878
Glyma.04G170400.Wm82.a4.v1,0.9287922516264736
Glyma.09G044800.Wm82.a4.v1,0.9287922516264736
Glyma.02G167600.Wm82.a4.v1,0.9287873599765201
Glyma.02G209900.Wm82.a4.v1,0.9287873599765201
Glyma.15G083500.Wm82.a4.v1,0.928767793376706
Glyma.03G008400.Wm82.a4.v1,0.9287139852272172
Glyma.13G161500.Wm82.a4.v1,0.9286993102773565
Glyma.18G192800.Wm82.a4.v1,0.9286895269774494
Glyma.03G220202.Wm82.a4.v1,0.9286699603776354
Glyma.03G068100.Wm82.a4.v1,0.9285574524287042
Glyma.07G060400.Wm82.a4.v1,0.9285476691287972
Glyma.20G131600.Wm82.a4.v1,0.9284498361297265
Glyma.13G271500.Wm82.a4.v1,0.9284058112801448
Glyma.11G005500.Wm82.a4.v1,0.9284009196301912
Glyma.15G098500.Wm82.a4.v1,0.9283666780805165
Glyma.07G135300.Wm82.a4.v1,0.928361786430563
Glyma.13G215400.Wm82.a4.v1,0.9283568947806095
Glyma.01G118900.Wm82.a4.v1,0.9283177615809812
Glyma.15G078300.Wm82.a4.v1,0.9282835200313065
Glyma.18G216800.Wm82.a4.v1,0.9282737367313995
Glyma.13G078400.Wm82.a4.v1,0.928268845081446
Glyma.06G023400.Wm82.a4.v1,0.9282590617815389
Glyma.10G244200.Wm82.a4.v1,0.9282541701315854
Glyma.13G349500.Wm82.a4.v1,0.9281807953822825
Glyma.20G064100.Wm82.a4.v1,0.9281098664579562
Glyma.14G082200.Wm82.a4.v1,0.9280340458836766
Glyma.09G094200.Wm82.a4.v1,0.928029154233723
Glyma.13G246900.Wm82.a4.v1,0.9279900210340948
Glyma.11G048100.Wm82.a4.v1,0.9279606711343736
Glyma.15G196400.Wm82.a4.v1,0.9279557794844201
Glyma.17G082000.Wm82.a4.v1,0.9277894633860001
Glyma.13G316500.Wm82.a4.v1,0.9277894633860001
Glyma.11G068600.Wm82.a4.v1,0.9277650051362325
Glyma.06G127200.Wm82.a4.v1,0.9277454385364183
Glyma.17G232300.Wm82.a4.v1,0.9277111969867436
Glyma.02G026200.Wm82.a4.v1,0.9276818470870225
Glyma.11G009200.Wm82.a4.v1,0.9276622804872083
Glyma.13G103900.Wm82.a4.v1,0.927593797387859
Glyma.06G170700.Wm82.a4.v1,0.9275889057379054
Glyma.01G189500.Wm82.a4.v1,0.9275742307880448
Glyma.09G086100.Wm82.a4.v1,0.9275644474881377
Glyma.11G074400.Wm82.a4.v1,0.9275253142885095
Glyma.01G241500.Wm82.a4.v1,0.9274935185638116
Glyma.08G059800.Wm82.a4.v1,0.9274910727388348
Glyma.09G240200.Wm82.a4.v1,0.9274861810888813
Glyma.16G127800.Wm82.a4.v1,0.9274519395392066
Glyma.04G124800.Wm82.a4.v1,0.9274421562392995
Glyma.11G097200.Wm82.a4.v1,0.9274030230396713
Glyma.10G197000.Wm82.a4.v1,0.9273883480898107
Glyma.11G178673.Wm82.a4.v1,0.9273345399403219
Glyma.09G210700.Wm82.a4.v1,0.9273247566404148
Glyma.16G090000.Wm82.a4.v1,0.9273051900406007
Glyma.11G253900.Wm82.a4.v1,0.9272905150907401
Glyma.07G102100.Wm82.a4.v1,0.9272758401408795
Glyma.02G202500.Wm82.a4.v1,0.9272660568409724
Glyma.13G051200.Wm82.a4.v1,0.927261165191019
Glyma.10G076400.Wm82.a4.v1,0.9272220319913907
Glyma.14G094200.Wm82.a4.v1,0.9272024653915766
Glyma.18G158700.Wm82.a4.v1,0.9271339822922272
Glyma.10G147200.Wm82.a4.v1,0.9270801741427384
Glyma.06G084200.Wm82.a4.v1,0.9270654991928777
Glyma.06G047700.Wm82.a4.v1,0.9270606075429242
Glyma.11G012200.Wm82.a4.v1,0.9270410409431101
Glyma.11G146300.Wm82.a4.v1,0.9269627745438537
Glyma.13G062900.Wm82.a4.v1,0.9268796164946437
Glyma.16G029000.Wm82.a4.v1,0.9268160250452477
Glyma.16G075800.Wm82.a4.v1,0.9267230836961307
Glyma.06G297000.Wm82.a4.v1,0.9266986254463631
Glyma.18G223300.Wm82.a4.v1,0.9266839504965024
Glyma.08G344000.Wm82.a4.v1,0.9266643838966884
Glyma.04G208300.Wm82.a4.v1,0.9266594922467348
Glyma.19G149200.Wm82.a4.v1,0.9266350339969672
Glyma.16G165900.Wm82.a4.v1,0.9266203590471066
Glyma.18G265100.Wm82.a4.v1,0.9266154673971531
Glyma.14G137100.Wm82.a4.v1,0.9265616592476642
Glyma.05G078000.Wm82.a4.v1,0.9265176343980824
Glyma.11G133800.Wm82.a4.v1,0.9264785011984542
Glyma.11G135900.Wm82.a4.v1,0.9264100180991048
Glyma.20G228100.Wm82.a4.v1,0.9263904514992907
Glyma.14G039100.Wm82.a4.v1,0.9263708848994766
Glyma.02G184800.Wm82.a4.v1,0.9263170767499878
Glyma.13G121500.Wm82.a4.v1,0.9263024018001271
Glyma.19G208400.Wm82.a4.v1,0.9262828352003131
Glyma.04G245200.Wm82.a4.v1,0.9262583769505455
Glyma.01G060300.Wm82.a4.v1,0.9262485936506384
Glyma.07G241700.Wm82.a4.v1,0.9261850022012424
Glyma.05G076800.Wm82.a4.v1,0.9261801105512889
Glyma.06G192500.Wm82.a4.v1,0.9260969525020789
Glyma.07G057700.Wm82.a4.v1,0.9260920608521255
Glyma.10G159500.Wm82.a4.v1,0.9260871692021719
Glyma.08G133800.Wm82.a4.v1,0.9260578193024507
Glyma.02G103600.Wm82.a4.v1,0.9259991195030084
Glyma.10G121600.Wm82.a4.v1,0.9259844445531478
Glyma.17G160600.Wm82.a4.v1,0.9259550946534266
Glyma.17G106800.Wm82.a4.v1,0.925940419703566
Glyma.02G069000.Wm82.a4.v1,0.9258915032040307
Glyma.18G299500.Wm82.a4.v1,0.9257936702049602
Glyma.05G190100.Wm82.a4.v1,0.9257496453553784
Glyma.06G154800.Wm82.a4.v1,0.9257251871056107
Glyma.13G158400.Wm82.a4.v1,0.9257105121557502
Glyma.13G144000.Wm82.a4.v1,0.9256860539059825
Glyma.13G215300.Wm82.a4.v1,0.9256762706060754
Glyma.08G028300.Wm82.a4.v1,0.925671378956122
Glyma.20G237400.Wm82.a4.v1,0.9256664873061684
Glyma.19G071300.Wm82.a4.v1,0.9256615956562149
Glyma.12G022500.Wm82.a4.v1,0.9256567040062613
Glyma.06G125700.Wm82.a4.v1,0.9256420290564007
Glyma.13G100100.Wm82.a4.v1,0.9255980042068189
Glyma.17G099600.Wm82.a4.v1,0.9255637626571442
Glyma.18G006700.Wm82.a4.v1,0.9255613168321675
Glyma.18G278100.Wm82.a4.v1,0.9255441960573302
Glyma.07G096100.Wm82.a4.v1,0.9255344127574231
Glyma.19G013800.Wm82.a4.v1,0.9255001712077484
Glyma.06G075300.Wm82.a4.v1,0.9254512547082131
Glyma.12G073900.Wm82.a4.v1,0.9254267964584454
Glyma.14G036300.Wm82.a4.v1,0.9254121215085849
Glyma.12G084600.Wm82.a4.v1,0.9253680966590031
Glyma.13G202300.Wm82.a4.v1,0.9252898302597466
Glyma.04G202300.Wm82.a4.v1,0.9252702636599325
Glyma.09G267100.Wm82.a4.v1,0.9252115638604902
Glyma.16G198600.Wm82.a4.v1,0.9252066722105367
Glyma.11G077300.Wm82.a4.v1,0.9251724306608619
Glyma.08G334000.Wm82.a4.v1,0.9251479724110943
Glyma.20G160400.Wm82.a4.v1,0.9250061145624419
Glyma.04G072300.Wm82.a4.v1,0.9249571980629067
Glyma.19G198500.Wm82.a4.v1,0.9249376314630925
Glyma.06G133700.Wm82.a4.v1,0.9249131732133249
Glyma.01G016500.Wm82.a4.v1,0.9248544734138825
Glyma.06G323000.Wm82.a4.v1,0.9248104485643007
Glyma.15G055500.Wm82.a4.v1,0.9247859903145331
Glyma.15G140800.Wm82.a4.v1,0.9247713153646725
Glyma.01G029200.Wm82.a4.v1,0.9247566404148119
Glyma.07G196200.Wm82.a4.v1,0.9247028322653231
Glyma.04G238600.Wm82.a4.v1,0.9246881573154625
Glyma.01G199400.Wm82.a4.v1,0.924683265665509
Glyma.08G101400.Wm82.a4.v1,0.9246147825661596
Glyma.15G115500.Wm82.a4.v1,0.9246147825661596
Glyma.19G029400.Wm82.a4.v1,0.9245756493665314
Glyma.06G271200.Wm82.a4.v1,0.9245560827667172
Glyma.12G167800.Wm82.a4.v1,0.9245560827667172
Glyma.14G186700.Wm82.a4.v1,0.9245071662671819
Glyma.06G244900.Wm82.a4.v1,0.9244582497676467
Glyma.07G000500.Wm82.a4.v1,0.9243946583182507
Glyma.08G238600.Wm82.a4.v1,0.9243457418187154
Glyma.04G157300.Wm82.a4.v1,0.9243212835689478
Glyma.12G042600.Wm82.a4.v1,0.9243163919189943
Glyma.17G118200.Wm82.a4.v1,0.9242919336692267
Glyma.15G090800.Wm82.a4.v1,0.9242919336692267
Glyma.06G325300.Wm82.a4.v1,0.9242723670694125
Glyma.08G057000.Wm82.a4.v1,0.9242723670694125
Glyma.08G251900.Wm82.a4.v1,0.9242625837695054
Glyma.18G240500.Wm82.a4.v1,0.9241158342708996
Glyma.04G218900.Wm82.a4.v1,0.9240864843711784
Glyma.07G252100.Wm82.a4.v1,0.9240718094213178
Glyma.06G165700.Wm82.a4.v1,0.9240326762216896
Glyma.15G069200.Wm82.a4.v1,0.9240082179719219
Glyma.12G108900.Wm82.a4.v1,0.9239593014723866
Glyma.13G116300.Wm82.a4.v1,0.9239495181724796
Glyma.13G237000.Wm82.a4.v1,0.9239397348725725
Glyma.20G231400.Wm82.a4.v1,0.923934843222619
Glyma.09G088300.Wm82.a4.v1,0.9238272269236414
Glyma.20G156800.Wm82.a4.v1,0.9238223352736878
Glyma.20G141100.Wm82.a4.v1,0.9238223352736878
Glyma.15G177500.Wm82.a4.v1,0.9238076603238272
Glyma.10G130200.Wm82.a4.v1,0.9237636354742454
Glyma.15G141600.Wm82.a4.v1,0.9237196106246637
Glyma.02G196900.Wm82.a4.v1,0.9236658024751748
Glyma.04G224700.Wm82.a4.v1,0.9236462358753608
Glyma.12G074100.Wm82.a4.v1,0.9236168859756396
Glyma.20G206400.Wm82.a4.v1,0.9235777527760114
Glyma.18G200500.Wm82.a4.v1,0.9235679694761043
Glyma.02G113800.Wm82.a4.v1,0.9234603531771266
Glyma.10G283900.Wm82.a4.v1,0.9234554615271731
Glyma.07G211400.Wm82.a4.v1,0.9234456782272661
Glyma.13G333200.Wm82.a4.v1,0.9234163283275448
Glyma.01G118800.Wm82.a4.v1,0.9234163283275448
Glyma.19G126700.Wm82.a4.v1,0.9234114366775914
Glyma.04G256100.Wm82.a4.v1,0.9233992075527075
Glyma.06G140800.Wm82.a4.v1,0.9233771951279166
Glyma.01G140600.Wm82.a4.v1,0.9233087120285672
Glyma.02G000900.Wm82.a4.v1,0.9232989287286602
Glyma.19G033700.Wm82.a4.v1,0.9232451205791714
Glyma.13G105600.Wm82.a4.v1,0.9232255539793572
Glyma.14G223600.Wm82.a4.v1,0.9232255539793572
Glyma.19G251000.Wm82.a4.v1,0.9231766374798219
Glyma.08G047300.Wm82.a4.v1,0.923144841755124
Glyma.07G248600.Wm82.a4.v1,0.9231277209802866
Glyma.07G079500.Wm82.a4.v1,0.9230396712811231
Glyma.03G081300.Wm82.a4.v1,0.9230127672063787
Glyma.04G186300.Wm82.a4.v1,0.9230103213814019
Glyma.13G371900.Wm82.a4.v1,0.9229956464315413
Glyma.04G018100.Wm82.a4.v1,0.9229858631316343
Glyma.06G312500.Wm82.a4.v1,0.9229760798317272
Glyma.08G142400.Wm82.a4.v1,0.9229467299320061
Glyma.18G096500.Wm82.a4.v1,0.9229271633321919
Glyma.20G036400.Wm82.a4.v1,0.9229222716822384
Glyma.18G158800.Wm82.a4.v1,0.9228880301325637
Glyma.19G110300.Wm82.a4.v1,0.9228880301325637
Glyma.02G221900.Wm82.a4.v1,0.9228684635327496
Glyma.14G193000.Wm82.a4.v1,0.9228097637333073
Glyma.12G205100.Wm82.a4.v1,0.9227901971334931
Glyma.08G329000.Wm82.a4.v1,0.9227755221836326
Glyma.17G256900.Wm82.a4.v1,0.9227314973340508
Glyma.12G122900.Wm82.a4.v1,0.9226972557843761
Glyma.06G247200.Wm82.a4.v1,0.9226581225847479
Glyma.08G318100.Wm82.a4.v1,0.9226532309347943
Glyma.07G149032.Wm82.a4.v1,0.9225260480360026
Glyma.15G048200.Wm82.a4.v1,0.9225162647360955
Glyma.07G136200.Wm82.a4.v1,0.922511373086142
Glyma.01G053300.Wm82.a4.v1,0.9224722398865137
Glyma.10G113802.Wm82.a4.v1,0.9224624565866066
Glyma.06G133600.Wm82.a4.v1,0.922437998336839
Glyma.07G077700.Wm82.a4.v1,0.922428215036932
Glyma.19G020800.Wm82.a4.v1,0.9224037567871644
Glyma.06G079800.Wm82.a4.v1,0.9223988651372108
Glyma.18G273100.Wm82.a4.v1,0.9223597319375826
Glyma.13G088700.Wm82.a4.v1,0.9222667905884655
Glyma.13G010500.Wm82.a4.v1,0.9222667905884655
Glyma.14G046700.Wm82.a4.v1,0.9222667905884655
Glyma.06G153200.Wm82.a4.v1,0.9222570072885584
Glyma.04G240300.Wm82.a4.v1,0.9222276573888373
Glyma.02G037100.Wm82.a4.v1,0.9220613412904173
Glyma.14G132300.Wm82.a4.v1,0.9220466663405567
Glyma.18G070500.Wm82.a4.v1,0.9220075331409284
Glyma.18G023200.Wm82.a4.v1,0.9220026414909749
Glyma.10G048600.Wm82.a4.v1,0.921929266741672
Glyma.16G139500.Wm82.a4.v1,0.921846108692462
Glyma.08G224600.Wm82.a4.v1,0.9218265420926478
Glyma.05G197200.Wm82.a4.v1,0.9218216504426944
Glyma.16G158700.Wm82.a4.v1,0.9217947463679499
Glyma.06G277600.Wm82.a4.v1,0.9217923005429731
Glyma.06G066300.Wm82.a4.v1,0.9217531673433449
Glyma.13G244300.Wm82.a4.v1,0.9217091424937631
Glyma.11G078300.Wm82.a4.v1,0.9216700092941349
Glyma.15G012500.Wm82.a4.v1,0.9216357677444602
Glyma.14G065900.Wm82.a4.v1,0.9216308760945067
Glyma.01G040700.Wm82.a4.v1,0.9215819595949714
Glyma.18G119100.Wm82.a4.v1,0.9215575013452038
Glyma.17G018600.Wm82.a4.v1,0.9215183681455755
Glyma.15G015800.Wm82.a4.v1,0.9214694516460402
Glyma.03G238300.Wm82.a4.v1,0.9214401017463191
Glyma.01G003800.Wm82.a4.v1,0.9214352100963655
Glyma.02G213700.Wm82.a4.v1,0.9214254267964584
Glyma.15G017500.Wm82.a4.v1,0.9214205351465049
Glyma.07G058100.Wm82.a4.v1,0.9214107518465978
Glyma.03G202900.Wm82.a4.v1,0.921366726997016
Glyma.09G143800.Wm82.a4.v1,0.9213031355476202
Glyma.04G247700.Wm82.a4.v1,0.9212957980726899
Glyma.18G170900.Wm82.a4.v1,0.9212737856478991
Glyma.10G150800.Wm82.a4.v1,0.9212688939979455
Glyma.11G113901.Wm82.a4.v1,0.9212199774984102
Glyma.10G258502.Wm82.a4.v1,0.9211417110991538
Glyma.18G293000.Wm82.a4.v1,0.9211172528493861
Glyma.12G227200.Wm82.a4.v1,0.9210781196497578
Glyma.03G001200.Wm82.a4.v1,0.9210732279998043
Glyma.13G221500.Wm82.a4.v1,0.9210438781000831
Glyma.15G000300.Wm82.a4.v1,0.9210292031502225
Glyma.13G059000.Wm82.a4.v1,0.9209509367509661
Glyma.10G244900.Wm82.a4.v1,0.920931370151152
Glyma.14G217900.Wm82.a4.v1,0.9209264785011985
Glyma.12G211000.Wm82.a4.v1,0.9209264785011985
Glyma.13G041200.Wm82.a4.v1,0.9209215868512449
Glyma.17G059100.Wm82.a4.v1,0.9207552707528249
Glyma.06G039900.Wm82.a4.v1,0.9207063542532896
Glyma.18G065700.Wm82.a4.v1,0.9206867876534756
Glyma.13G336100.Wm82.a4.v1,0.9206329795039867
Glyma.01G193200.Wm82.a4.v1,0.9205840630044514
Glyma.11G075100.Wm82.a4.v1,0.9205106882551485
Glyma.13G250500.Wm82.a4.v1,0.9205009049552414
Glyma.09G212600.Wm82.a4.v1,0.9204715550555203
Glyma.15G052300.Wm82.a4.v1,0.9204470968057525
Glyma.19G161600.Wm82.a4.v1,0.9204030719561708
Glyma.17G257600.Wm82.a4.v1,0.9203883970063103
Glyma.10G118900.Wm82.a4.v1,0.9203688304064961
Glyma.02G060002.Wm82.a4.v1,0.9203199139069608
Glyma.02G043500.Wm82.a4.v1,0.9203101306070538
Glyma.17G120100.Wm82.a4.v1,0.9202856723572861
Glyma.19G045400.Wm82.a4.v1,0.9202612141075185
Glyma.15G048700.Wm82.a4.v1,0.9202220809078903
Glyma.12G147300.Wm82.a4.v1,0.9202025143080761
Glyma.02G152400.Wm82.a4.v1,0.9201584894584943
Glyma.18G054100.Wm82.a4.v1,0.9200459815095632
Glyma.15G201100.Wm82.a4.v1,0.9200215232597956
Glyma.07G001400.Wm82.a4.v1,0.9199921733600743
Glyma.09G002300.Wm82.a4.v1,0.9199726067602603
Glyma.08G051600.Wm82.a4.v1,0.9199530401604461
Glyma.19G011300.Wm82.a4.v1,0.9199187986107714
Glyma.05G102100.Wm82.a4.v1,0.9197720491121655
Glyma.14G080800.Wm82.a4.v1,0.9197524825123514
Glyma.10G294100.Wm82.a4.v1,0.9197133493127232
Glyma.13G114800.Wm82.a4.v1,0.9196252996135597
Glyma.11G222100.Wm82.a4.v1,0.9196155163136526
Glyma.19G055000.Wm82.a4.v1,0.9195812747639779
Glyma.18G035500.Wm82.a4.v1,0.9194785501149537
Glyma.07G155200.Wm82.a4.v1,0.919424741965465
Glyma.08G205400.Wm82.a4.v1,0.9193856087658367
Glyma.07G046800.Wm82.a4.v1,0.919341583916255
Glyma.08G014400.Wm82.a4.v1,0.9192290759673237
Glyma.16G211300.Wm82.a4.v1,0.9191850511177421
Glyma.15G177700.Wm82.a4.v1,0.9191312429682532
Glyma.06G073600.Wm82.a4.v1,0.9190774348187644
Glyma.09G050100.Wm82.a4.v1,0.9190627598689037
Glyma.06G183900.Wm82.a4.v1,0.9189844934696473
Glyma.02G007800.Wm82.a4.v1,0.9189160103702979
Glyma.11G006600.Wm82.a4.v1,0.918852418920902
Glyma.03G092500.Wm82.a4.v1,0.9188328523210879
Glyma.12G215300.Wm82.a4.v1,0.9187790441715991
Glyma.17G088400.Wm82.a4.v1,0.918676319522575
Glyma.07G005500.Wm82.a4.v1,0.9186371863229468
Glyma.06G185300.Wm82.a4.v1,0.9185882698234115
Glyma.16G113000.Wm82.a4.v1,0.9185735948735508
Glyma.12G131700.Wm82.a4.v1,0.9185589199236902
Glyma.11G002400.Wm82.a4.v1,0.9185393533238762
Glyma.02G150200.Wm82.a4.v1,0.9185051117742015
Glyma.15G038700.Wm82.a4.v1,0.9184757618744802
Glyma.12G009700.Wm82.a4.v1,0.918426845374945
Glyma.06G223700.Wm82.a4.v1,0.9183387956757815
Glyma.02G301000.Wm82.a4.v1,0.9182947708261997
Glyma.05G036900.Wm82.a4.v1,0.9182898791762462
Glyma.16G017400.Wm82.a4.v1,0.9182262877268502
Glyma.05G129300.Wm82.a4.v1,0.9182018294770826
Glyma.02G074000.Wm82.a4.v1,0.9181920461771755
Glyma.10G109400.Wm82.a4.v1,0.9181284547277797
Glyma.06G137000.Wm82.a4.v1,0.9181186714278726
Glyma.04G038900.Wm82.a4.v1,0.9181137797779191
Glyma.07G217900.Wm82.a4.v1,0.9180599716284302
Glyma.05G086400.Wm82.a4.v1,0.9180012718289879
Glyma.11G135100.Wm82.a4.v1,0.9179523553294526
Glyma.08G279800.Wm82.a4.v1,0.9178985471799638
Glyma.09G129400.Wm82.a4.v1,0.9178887638800567
Glyma.16G198400.Wm82.a4.v1,0.9178887638800567
Glyma.16G219400.Wm82.a4.v1,0.9178398473805215
Glyma.19G019600.Wm82.a4.v1,0.917834955730568
Glyma.19G147400.Wm82.a4.v1,0.9178202807807073
Glyma.02G035200.Wm82.a4.v1,0.9178153891307538
Glyma.20G244500.Wm82.a4.v1,0.9177322310815438
Glyma.15G102550.Wm82.a4.v1,0.9177077728317762
Glyma.05G221800.Wm82.a4.v1,0.9177028811818226
Glyma.07G244300.Wm82.a4.v1,0.9176833145820085
Glyma.01G082700.Wm82.a4.v1,0.9176588563322409
Glyma.08G002100.Wm82.a4.v1,0.9176588563322409
Glyma.01G184600.Wm82.a4.v1,0.9176539646822873
Glyma.16G122700.Wm82.a4.v1,0.9176343980824733
Glyma.12G183200.Wm82.a4.v1,0.9175121068336349
Glyma.06G106900.Wm82.a4.v1,0.9174485153842391
Glyma.20G045500.Wm82.a4.v1,0.917438732084332
Glyma.05G035100.Wm82.a4.v1,0.917438732084332
Glyma.01G034700.Wm82.a4.v1,0.9174289487844249
Glyma.13G234500.Wm82.a4.v1,0.9174142738345644
Glyma.14G217200.Wm82.a4.v1,0.9174093821846109
Glyma.05G013400.Wm82.a4.v1,0.9173213324854473
Glyma.13G174900.Wm82.a4.v1,0.9173115491855403
Glyma.15G263700.Wm82.a4.v1,0.9173115491855403
Glyma.10G143900.Wm82.a4.v1,0.9172773076358656
Glyma.09G024500.Wm82.a4.v1,0.9172234994863767
Glyma.07G027751.Wm82.a4.v1,0.9171403414371667
Glyma.12G075500.Wm82.a4.v1,0.9171256664873062
Glyma.13G356100.Wm82.a4.v1,0.9171109915374456
Glyma.12G226600.Wm82.a4.v1,0.9171012082375385
Glyma.12G228800.Wm82.a4.v1,0.9170669666878638
Glyma.04G221400.Wm82.a4.v1,0.9170620750379103
Glyma.19G175400.Wm82.a4.v1,0.917022941838282
Glyma.03G150700.Wm82.a4.v1,0.9170180501883285
Glyma.09G023700.Wm82.a4.v1,0.917003375238468
Glyma.03G108000.Wm82.a4.v1,0.9169544587389327
Glyma.14G118200.Wm82.a4.v1,0.9169495670889791
Glyma.08G152600.Wm82.a4.v1,0.9168957589394903
Glyma.08G070600.Wm82.a4.v1,0.9168713006897227
Glyma.10G189300.Wm82.a4.v1,0.9168272758401409
Glyma.02G133400.Wm82.a4.v1,0.9168174925402338
Glyma.03G245900.Wm82.a4.v1,0.9168174925402338
Glyma.14G139700.Wm82.a4.v1,0.9168077092403267
Glyma.01G238000.Wm82.a4.v1,0.9168028175903732
Glyma.10G166900.Wm82.a4.v1,0.9167930342904662
Glyma.08G125600.Wm82.a4.v1,0.9167490094408844
Glyma.03G163000.Wm82.a4.v1,0.9167392261409774
Glyma.08G176900.Wm82.a4.v1,0.9167245511911167
Glyma.15G070700.Wm82.a4.v1,0.9166609597417209
Glyma.09G192800.Wm82.a4.v1,0.916587584992418
Glyma.17G020600.Wm82.a4.v1,0.9165778016925109
Glyma.11G176309.Wm82.a4.v1,0.9165435601428362
Glyma.02G137800.Wm82.a4.v1,0.9165288851929756
Glyma.01G213300.Wm82.a4.v1,0.9165191018930685
Glyma.08G146400.Wm82.a4.v1,0.9165191018930685
Glyma.12G129100.Wm82.a4.v1,0.9165166560680917
Glyma.04G095200.Wm82.a4.v1,0.916504426943208
Glyma.17G078400.Wm82.a4.v1,0.9164555104436727
Glyma.09G240600.Wm82.a4.v1,0.9164555104436727
Glyma.08G152100.Wm82.a4.v1,0.9164065939441374
Glyma.08G268300.Wm82.a4.v1,0.9163870273443232
Glyma.11G008400.Wm82.a4.v1,0.9163821356943697
Glyma.02G222200.Wm82.a4.v1,0.916347894144695
Glyma.06G098300.Wm82.a4.v1,0.9162843026952991
Glyma.11G009700.Wm82.a4.v1,0.9162794110453456
Glyma.11G187500.Wm82.a4.v1,0.9162402778457174
Glyma.19G124200.Wm82.a4.v1,0.9161571197965074
Glyma.04G007800.Wm82.a4.v1,0.9161522281465538
Glyma.02G295200.Wm82.a4.v1,0.9161228782468327
Glyma.16G004800.Wm82.a4.v1,0.9161228782468327
Glyma.19G003100.Wm82.a4.v1,0.9161179865968792
Glyma.10G063800.Wm82.a4.v1,0.9160299368977156
Glyma.09G061900.Wm82.a4.v1,0.9159712370982732
Glyma.07G136500.Wm82.a4.v1,0.9159467788485056
Glyma.18G204000.Wm82.a4.v1,0.9159369955485985
Glyma.18G239200.Wm82.a4.v1,0.9159051998239006
Glyma.15G065600.Wm82.a4.v1,0.9158978623489703
Glyma.03G081700.Wm82.a4.v1,0.9158831873991097
Glyma.14G196700.Wm82.a4.v1,0.9158782957491561
Glyma.18G209900.Wm82.a4.v1,0.9158587291493421
Glyma.14G089015.Wm82.a4.v1,0.9158587291493421
Glyma.20G192700.Wm82.a4.v1,0.9158342708995745
Glyma.01G215100.Wm82.a4.v1,0.9158244875996674
Glyma.13G089700.Wm82.a4.v1,0.9158147042997603
Glyma.02G225300.Wm82.a4.v1,0.9157731252751553
Glyma.17G211700.Wm82.a4.v1,0.9157315462505503
Glyma.19G201300.Wm82.a4.v1,0.9156630631512009
Glyma.20G234000.Wm82.a4.v1,0.9155945800518515
Glyma.13G150200.Wm82.a4.v1,0.9155065303526879
Glyma.13G349100.Wm82.a4.v1,0.9154869637528739
Glyma.17G039800.Wm82.a4.v1,0.9153940224037568
Glyma.05G208000.Wm82.a4.v1,0.9153940224037568
Glyma.09G049800.Wm82.a4.v1,0.9153842391038497
Glyma.19G150300.Wm82.a4.v1,0.9153402142542679
Glyma.03G178900.Wm82.a4.v1,0.9153377684292912
Glyma.02G298400.Wm82.a4.v1,0.9152864061047792
Glyma.05G182200.Wm82.a4.v1,0.915247272905151
Glyma.03G098800.Wm82.a4.v1,0.9152277063053368
Glyma.08G107300.Wm82.a4.v1,0.9151787898058015
Glyma.10G136300.Wm82.a4.v1,0.9151592232059874
Glyma.13G221700.Wm82.a4.v1,0.9151298733062662
Glyma.09G198800.Wm82.a4.v1,0.9150907401066379
Glyma.05G201300.Wm82.a4.v1,0.9150760651567774
Glyma.20G164300.Wm82.a4.v1,0.9150662818568703
Glyma.08G138200.Wm82.a4.v1,0.9150662818568703
Glyma.01G010400.Wm82.a4.v1,0.9150564985569632
Glyma.16G046000.Wm82.a4.v1,0.9150467152570562
Glyma.07G149600.Wm82.a4.v1,0.9150271486572421
Glyma.16G101000.Wm82.a4.v1,0.9149366531331018
Glyma.16G079200.Wm82.a4.v1,0.914914640708311
Glyma.15G128400.Wm82.a4.v1,0.9149097490583574
Glyma.10G213600.Wm82.a4.v1,0.9148950741084968
Glyma.07G039900.Wm82.a4.v1,0.9148803991586362
Glyma.13G164900.Wm82.a4.v1,0.9148216993591939
Glyma.02G016000.Wm82.a4.v1,0.9148070244093333
Glyma.17G233000.Wm82.a4.v1,0.9147874578095192
Glyma.13G159600.Wm82.a4.v1,0.914758107909798
Glyma.10G217300.Wm82.a4.v1,0.9147140830602162
Glyma.13G320200.Wm82.a4.v1,0.914674949860588
Glyma.06G001800.Wm82.a4.v1,0.9146602749107274
Glyma.14G066000.Wm82.a4.v1,0.9146504916108203
Glyma.15G010300.Wm82.a4.v1,0.914601575111285
Glyma.19G115400.Wm82.a4.v1,0.9145526586117497
Glyma.04G131800.Wm82.a4.v1,0.9145428753118426
Glyma.09G275100.Wm82.a4.v1,0.914508633762168
Glyma.07G182200.Wm82.a4.v1,0.9144988504622609
Glyma.11G230100.Wm82.a4.v1,0.9144743922124933
Glyma.02G034300.Wm82.a4.v1,0.9144303673629115
Glyma.19G222600.Wm82.a4.v1,0.9144303673629115
Glyma.11G232200.Wm82.a4.v1,0.9144205840630044
Glyma.17G236800.Wm82.a4.v1,0.9144010174631904
Glyma.09G116600.Wm82.a4.v1,0.9144010174631904
Glyma.01G044100.Wm82.a4.v1,0.9143961258132368
Glyma.10G151000.Wm82.a4.v1,0.9143325343638409
Glyma.15G071600.Wm82.a4.v1,0.9143276427138874
Glyma.13G278200.Wm82.a4.v1,0.9143178594139804
Glyma.13G372900.Wm82.a4.v1,0.9143031844641197
Glyma.10G012300.Wm82.a4.v1,0.9142934011642126
Glyma.19G076300.Wm82.a4.v1,0.9142836178643057
Glyma.18G021400.Wm82.a4.v1,0.9142542679645844
Glyma.07G190700.Wm82.a4.v1,0.9142493763146309
Glyma.01G159900.Wm82.a4.v1,0.9142444846646774
Glyma.15G156200.Wm82.a4.v1,0.9142298097148168
Glyma.13G303800.Wm82.a4.v1,0.9142102431150027
Glyma.17G259600.Wm82.a4.v1,0.9141662182654209
Glyma.05G046000.Wm82.a4.v1,0.9141368683656997
Glyma.05G239000.Wm82.a4.v1,0.9141173017658857
Glyma.02G116500.Wm82.a4.v1,0.9140781685662575
Glyma.04G139100.Wm82.a4.v1,0.9140634936163968
Glyma.08G204500.Wm82.a4.v1,0.9140439270165827
Glyma.19G155000.Wm82.a4.v1,0.9140194687668151
Glyma.01G021700.Wm82.a4.v1,0.914009685466908
Glyma.05G025900.Wm82.a4.v1,0.9139950105170473
Glyma.09G251500.Wm82.a4.v1,0.9139803355671868
Glyma.10G230000.Wm82.a4.v1,0.9139803355671868
Glyma.14G051300.Wm82.a4.v1,0.9139705522672797
Glyma.11G134700.Wm82.a4.v1,0.9138042361688598
Glyma.11G029200.Wm82.a4.v1,0.9137308614195568
Glyma.16G087700.Wm82.a4.v1,0.9137015115198356
Glyma.13G070100.Wm82.a4.v1,0.9137015115198356
Glyma.09G002100.Wm82.a4.v1,0.9136477033703468
Glyma.19G076500.Wm82.a4.v1,0.9136330284204862
Glyma.17G001900.Wm82.a4.v1,0.9136330284204862
Glyma.03G158100.Wm82.a4.v1,0.9136232451205791
Glyma.17G188500.Wm82.a4.v1,0.9136183534706256
Glyma.17G007100.Wm82.a4.v1,0.9136183534706256
Glyma.02G287600.Wm82.a4.v1,0.9136085701707186
Glyma.19G223000.Wm82.a4.v1,0.9135987868708115
Glyma.16G024600.Wm82.a4.v1,0.9135841119209509
Glyma.10G297700.Wm82.a4.v1,0.9135694369710904
Glyma.11G062000.Wm82.a4.v1,0.9135596536711833
Glyma.12G001000.Wm82.a4.v1,0.9135449787213227
Glyma.03G005900.Wm82.a4.v1,0.9134911705718339
Glyma.15G024800.Wm82.a4.v1,0.9134520373722056
Glyma.10G074900.Wm82.a4.v1,0.913427579122438
Glyma.08G316700.Wm82.a4.v1,0.9134226874724845
Glyma.19G240100.Wm82.a4.v1,0.9133982292227169
Glyma.14G008700.Wm82.a4.v1,0.9133884459228098
Glyma.08G255000.Wm82.a4.v1,0.9133297461233674
Glyma.01G165400.Wm82.a4.v1,0.9133150711735069
Glyma.12G010100.Wm82.a4.v1,0.9133150711735069
Glyma.10G155600.Wm82.a4.v1,0.9132661546739715
Glyma.06G024100.Wm82.a4.v1,0.9132661546739715
Glyma.04G206300.Wm82.a4.v1,0.9132416964242038
Glyma.20G005200.Wm82.a4.v1,0.913178104974808
Glyma.03G025600.Wm82.a4.v1,0.913136525950203
Glyma.08G055400.Wm82.a4.v1,0.9130998385755515
Glyma.07G014500.Wm82.a4.v1,0.9130851636256909
Glyma.13G323400.Wm82.a4.v1,0.9130753803257838
Glyma.19G079000.Wm82.a4.v1,0.9130704886758304
Glyma.08G130400.Wm82.a4.v1,0.9130607053759233
Glyma.07G091400.Wm82.a4.v1,0.9130289096512254
Glyma.01G183800.Wm82.a4.v1,0.9130215721762951
Glyma.18G009200.Wm82.a4.v1,0.9129971139265274
Glyma.06G276200.Wm82.a4.v1,0.9129628723768527
Glyma.12G010800.Wm82.a4.v1,0.9129384141270851
Glyma.17G145300.Wm82.a4.v1,0.9128992809274569
Glyma.05G082400.Wm82.a4.v1,0.9128894976275498
Glyma.02G214400.Wm82.a4.v1,0.9128894976275498
Glyma.10G009100.Wm82.a4.v1,0.9128894976275498
Glyma.20G214000.Wm82.a4.v1,0.9128748226776892
Glyma.05G132500.Wm82.a4.v1,0.9128210145282004
Glyma.18G280500.Wm82.a4.v1,0.9127378564789904
Glyma.02G211200.Wm82.a4.v1,0.9127329648290369
Glyma.18G045900.Wm82.a4.v1,0.9127182898791762
Glyma.11G096300.Wm82.a4.v1,0.9127036149293156
Glyma.18G291500.Wm82.a4.v1,0.9127036149293156
Glyma.07G113400.Wm82.a4.v1,0.9126938316294086
Glyma.17G262400.Wm82.a4.v1,0.9126913858044319
Glyma.05G183100.Wm82.a4.v1,0.9126840483295016
Glyma.02G247700.Wm82.a4.v1,0.9126693733796409
Glyma.20G033900.Wm82.a4.v1,0.9126693733796409
Glyma.12G136800.Wm82.a4.v1,0.9126595900797339
Glyma.07G003700.Wm82.a4.v1,0.9126400234799198
Glyma.15G008300.Wm82.a4.v1,0.9125617570806633
Glyma.08G113200.Wm82.a4.v1,0.9125568654307098
Glyma.12G219600.Wm82.a4.v1,0.9125519737807563
Glyma.02G214900.Wm82.a4.v1,0.9125421904808492
Glyma.14G125200.Wm82.a4.v1,0.9125177322310816
Glyma.16G220200.Wm82.a4.v1,0.912512840581128
Glyma.17G046900.Wm82.a4.v1,0.9124981656312674
Glyma.07G245000.Wm82.a4.v1,0.9124737073814998
Glyma.19G145100.Wm82.a4.v1,0.9124688157315463
Glyma.16G030300.Wm82.a4.v1,0.9124492491317321
Glyma.10G275400.Wm82.a4.v1,0.9124345741818716
Glyma.18G238700.Wm82.a4.v1,0.9123856576823363
Glyma.15G018000.Wm82.a4.v1,0.9123269578828939
Glyma.19G009200.Wm82.a4.v1,0.9123269578828939
Glyma.19G113400.Wm82.a4.v1,0.9123220662329403
Glyma.16G138000.Wm82.a4.v1,0.9122927163332192
Glyma.17G090200.Wm82.a4.v1,0.9122927163332192
Glyma.07G089800.Wm82.a4.v1,0.912253583133591
Glyma.18G025900.Wm82.a4.v1,0.9122437998336839
Glyma.15G165300.Wm82.a4.v1,0.9121606417844739
Glyma.18G227700.Wm82.a4.v1,0.9121459668346134
Glyma.02G013700.Wm82.a4.v1,0.9121410751846598
Glyma.13G308300.Wm82.a4.v1,0.9121410751846598
Glyma.07G007000.Wm82.a4.v1,0.9121312918847527
Glyma.09G138100.Wm82.a4.v1,0.9121166169348921
Glyma.11G178300.Wm82.a4.v1,0.912097050335078
Glyma.13G266600.Wm82.a4.v1,0.9120921586851245
Glyma.12G144400.Wm82.a4.v1,0.9120383505356356
Glyma.18G129800.Wm82.a4.v1,0.9119992173360074
Glyma.04G248100.Wm82.a4.v1,0.9119747590862398
Glyma.12G198200.Wm82.a4.v1,0.9119747590862398
Glyma.08G267700.Wm82.a4.v1,0.9118916010370298
Glyma.07G048000.Wm82.a4.v1,0.9118769260871692
Glyma.16G041400.Wm82.a4.v1,0.9118084429878198
Glyma.08G146300.Wm82.a4.v1,0.9117742014381451
Glyma.06G202500.Wm82.a4.v1,0.9117448515384239
Glyma.09G271600.Wm82.a4.v1,0.9117057183387957
Glyma.15G268800.Wm82.a4.v1,0.9117057183387957
Glyma.19G243400.Wm82.a4.v1,0.9116861517389816
Glyma.17G010500.Wm82.a4.v1,0.9116812600890281
Glyma.06G074900.Wm82.a4.v1,0.9116812600890281
Glyma.16G070800.Wm82.a4.v1,0.9116812600890281
Glyma.13G089200.Wm82.a4.v1,0.9116519101893068
Glyma.08G300800.Wm82.a4.v1,0.9116470185393534
Glyma.03G196900.Wm82.a4.v1,0.9116421268893998
Glyma.18G236000.Wm82.a4.v1,0.9116176686396321
Glyma.20G206300.Wm82.a4.v1,0.9116078853397251
Glyma.10G026400.Wm82.a4.v1,0.911588318739911
Glyma.07G083500.Wm82.a4.v1,0.9115442938903292
Glyma.15G180900.Wm82.a4.v1,0.911505160690701
Glyma.01G001600.Wm82.a4.v1,0.911505160690701
Glyma.02G045100.Wm82.a4.v1,0.9114904857408404
Glyma.02G084300.Wm82.a4.v1,0.9114758107909798
Glyma.17G059300.Wm82.a4.v1,0.9114709191410263
Glyma.09G094300.Wm82.a4.v1,0.9114513525412121
Glyma.02G288600.Wm82.a4.v1,0.9114244484664678
Glyma.03G225300.Wm82.a4.v1,0.911422002641491
Glyma.11G056200.Wm82.a4.v1,0.9113339529423274
Glyma.08G322000.Wm82.a4.v1,0.9113339529423274
Glyma.10G099700.Wm82.a4.v1,0.9112654698429781
Glyma.07G055200.Wm82.a4.v1,0.9112605781930245
Glyma.06G109200.Wm82.a4.v1,0.911255686543071
Glyma.01G147700.Wm82.a4.v1,0.9112507948931174
Glyma.07G102700.Wm82.a4.v1,0.9112459032431639
Glyma.03G261800.Wm82.a4.v1,0.9111872034437216
Glyma.02G173600.Wm82.a4.v1,0.9111823117937681
Glyma.18G081700.Wm82.a4.v1,0.911172528493861
Glyma.08G362000.Wm82.a4.v1,0.9111382869441863
Glyma.11G079500.Wm82.a4.v1,0.9110991537445581
Glyma.09G191000.Wm82.a4.v1,0.911089370444651
Glyma.17G048100.Wm82.a4.v1,0.9110306706452086
Glyma.20G122600.Wm82.a4.v1,0.9109670791958128
Glyma.05G044000.Wm82.a4.v1,0.9109621875458592
Glyma.10G207800.Wm82.a4.v1,0.9109083793963704
Glyma.01G048700.Wm82.a4.v1,0.9108985960964633
Glyma.12G052700.Wm82.a4.v1,0.9108301129971139
Glyma.07G047700.Wm82.a4.v1,0.9108252213471604
Glyma.01G076100.Wm82.a4.v1,0.9108105463972999
Glyma.09G007300.Wm82.a4.v1,0.9107371716479968
Glyma.14G086500.Wm82.a4.v1,0.9107322799980433
Glyma.08G040800.Wm82.a4.v1,0.9107029300983221
Glyma.08G172600.Wm82.a4.v1,0.9107029300983221
Glyma.19G261600.Wm82.a4.v1,0.9106931467984151
Glyma.19G143200.Wm82.a4.v1,0.9106833634985081
Glyma.13G253800.Wm82.a4.v1,0.9106589052487404
Glyma.16G072400.Wm82.a4.v1,0.9106099887492051
Glyma.06G163800.Wm82.a4.v1,0.9106050970992515
Glyma.07G106900.Wm82.a4.v1,0.9105219390500415
Glyma.18G217000.Wm82.a4.v1,0.9105023724502275
Glyma.09G279000.Wm82.a4.v1,0.9104436726507851
Glyma.01G004300.Wm82.a4.v1,0.9104338893508781
Glyma.07G227200.Wm82.a4.v1,0.9103654062515286
Glyma.02G200700.Wm82.a4.v1,0.9103507313016681
Glyma.10G086600.Wm82.a4.v1,0.910340948001761
Glyma.02G038700.Wm82.a4.v1,0.9102431150026904
Glyma.06G236676.Wm82.a4.v1,0.9102039818030622
Glyma.19G223600.Wm82.a4.v1,0.9101550653035269
Glyma.17G157100.Wm82.a4.v1,0.9101306070537593
Glyma.08G017300.Wm82.a4.v1,0.910091473854131
Glyma.08G362400.Wm82.a4.v1,0.9100670156043633
Glyma.01G152100.Wm82.a4.v1,0.9100621239544098
Glyma.11G054800.Wm82.a4.v1,0.9099887492051069
Glyma.08G243000.Wm82.a4.v1,0.9099838575551533
Glyma.17G048900.Wm82.a4.v1,0.9099740742552463
Glyma.13G243700.Wm82.a4.v1,0.9099593993053857
Glyma.09G276600.Wm82.a4.v1,0.9099447243555251
Glyma.03G190200.Wm82.a4.v1,0.9099398327055715
Glyma.17G158400.Wm82.a4.v1,0.9099202661057575
Glyma.02G137500.Wm82.a4.v1,0.909915374455804
Glyma.06G315300.Wm82.a4.v1,0.9098664579562686
Glyma.15G078800.Wm82.a4.v1,0.909768624957198
Glyma.17G101400.Wm82.a4.v1,0.9097246001076162
Glyma.12G108100.Wm82.a4.v1,0.9097099251577557
Glyma.16G010300.Wm82.a4.v1,0.909582742258964
Glyma.01G226700.Wm82.a4.v1,0.9095778506090104
Glyma.18G259100.Wm82.a4.v1,0.9095533923592428
Glyma.01G236400.Wm82.a4.v1,0.9095264882844983
Glyma.08G318900.Wm82.a4.v1,0.9095069216846843
Glyma.06G242800.Wm82.a4.v1,0.9094946925598004
Glyma.09G011200.Wm82.a4.v1,0.9094457760602651
Glyma.13G313500.Wm82.a4.v1,0.9094408844103116
Glyma.10G224200.Wm82.a4.v1,0.9094311011104046
Glyma.15G161000.Wm82.a4.v1,0.9094066428606369
Glyma.11G174701.Wm82.a4.v1,0.9093968595607298
Glyma.19G208000.Wm82.a4.v1,0.9093185931614733
Glyma.06G116500.Wm82.a4.v1,0.9092843516117987
Glyma.14G029100.Wm82.a4.v1,0.9092305434623098
Glyma.06G026000.Wm82.a4.v1,0.9092060852125422
Glyma.13G362200.Wm82.a4.v1,0.909186518612728
Glyma.02G302500.Wm82.a4.v1,0.9091571687130069
Glyma.13G098100.Wm82.a4.v1,0.9091424937631463
Glyma.09G227900.Wm82.a4.v1,0.9091278188132857
Glyma.02G294900.Wm82.a4.v1,0.9091229271633322
Glyma.03G244800.Wm82.a4.v1,0.9090446607640758
Glyma.09G216300.Wm82.a4.v1,0.9090348774641687
Glyma.15G246100.Wm82.a4.v1,0.909020202514308
Glyma.07G120400.Wm82.a4.v1,0.9090153108643545
Glyma.15G100100.Wm82.a4.v1,0.9089028029154234
Glyma.10G295100.Wm82.a4.v1,0.9088294281661204
Glyma.04G249400.Wm82.a4.v1,0.9087756200166316
Glyma.07G004900.Wm82.a4.v1,0.9087315951670498
Glyma.14G057400.Wm82.a4.v1,0.9087120285672358
Glyma.08G353900.Wm82.a4.v1,0.908604412268258
Glyma.04G155100.Wm82.a4.v1,0.9085897373183975
Glyma.19G000400.Wm82.a4.v1,0.9085897373183975
Glyma.06G269500.Wm82.a4.v1,0.9085603874186763
Glyma.12G242500.Wm82.a4.v1,0.9085554957687227
Glyma.01G223500.Wm82.a4.v1,0.9085457124688158
Glyma.12G081300.Wm82.a4.v1,0.908543266643839
Glyma.16G199700.Wm82.a4.v1,0.9084772293694663
Glyma.01G185400.Wm82.a4.v1,0.9084625544196058
Glyma.04G032000.Wm82.a4.v1,0.9084478794697451
Glyma.07G253300.Wm82.a4.v1,0.9084136379200705
Glyma.02G091200.Wm82.a4.v1,0.9084087462701169
Glyma.19G001900.Wm82.a4.v1,0.9084087462701169
Glyma.15G044500.Wm82.a4.v1,0.9083793963703958
Glyma.17G143200.Wm82.a4.v1,0.9083598297705816
Glyma.16G040400.Wm82.a4.v1,0.9083158049209998
Glyma.06G237700.Wm82.a4.v1,0.9082424301716969
Glyma.10G183800.Wm82.a4.v1,0.9082277552218363
Glyma.04G164100.Wm82.a4.v1,0.9082179719219292
Glyma.08G232100.Wm82.a4.v1,0.9082032969720687
Glyma.19G255300.Wm82.a4.v1,0.9081935136721616
Glyma.07G052100.Wm82.a4.v1,0.9081886220222081
Glyma.10G253200.Wm82.a4.v1,0.9081886220222081
Glyma.08G123300.Wm82.a4.v1,0.908095680673091
Glyma.09G066700.Wm82.a4.v1,0.9080516558235092
Glyma.15G073100.Wm82.a4.v1,0.9079733894242528
Glyma.10G259300.Wm82.a4.v1,0.9079391478745781
Glyma.11G250900.Wm82.a4.v1,0.907846206525461
Glyma.06G224200.Wm82.a4.v1,0.9078413148755075
Glyma.07G214700.Wm82.a4.v1,0.9078315315756005
Glyma.08G325900.Wm82.a4.v1,0.9077875067260187
Glyma.11G098600.Wm82.a4.v1,0.9076945653769016
Glyma.18G092500.Wm82.a4.v1,0.9076407572274128
Glyma.15G056100.Wm82.a4.v1,0.9076358655774592
Glyma.09G197000.Wm82.a4.v1,0.9076211906275987
Glyma.14G049700.Wm82.a4.v1,0.9076065156777381
Glyma.11G057600.Wm82.a4.v1,0.907577165778017
Glyma.01G168200.Wm82.a4.v1,0.9075527075282492
Glyma.16G209600.Wm82.a4.v1,0.9075429242283423
Glyma.04G243900.Wm82.a4.v1,0.9075380325783887
Glyma.16G047100.Wm82.a4.v1,0.9074842244288999
Glyma.15G152200.Wm82.a4.v1,0.9074842244288999
Glyma.04G008900.Wm82.a4.v1,0.9074646578290857
Glyma.11G006800.Wm82.a4.v1,0.907430416279411
Glyma.20G189900.Wm82.a4.v1,0.9074059580296434
Glyma.18G286400.Wm82.a4.v1,0.9073814997798757
Glyma.08G220500.Wm82.a4.v1,0.907337474930294
Glyma.11G252100.Wm82.a4.v1,0.9071564838820134
Glyma.04G158100.Wm82.a4.v1,0.9071271339822923
Glyma.15G219700.Wm82.a4.v1,0.9071075673824781
Glyma.13G233400.Wm82.a4.v1,0.907097784082571
Glyma.06G274200.Wm82.a4.v1,0.9070684341828499
Glyma.19G195100.Wm82.a4.v1,0.9070635425328963
Glyma.02G124500.Wm82.a4.v1,0.9070244093332681
Glyma.09G267500.Wm82.a4.v1,0.9069412512840581
Glyma.08G354800.Wm82.a4.v1,0.9069363596341046
Glyma.10G028800.Wm82.a4.v1,0.906931467984151
Glyma.08G269600.Wm82.a4.v1,0.9069167930342905
Glyma.17G013200.Wm82.a4.v1,0.9068678765347552
Glyma.02G127300.Wm82.a4.v1,0.906848309934941
Glyma.16G202400.Wm82.a4.v1,0.9068336349850805
Glyma.18G283400.Wm82.a4.v1,0.9068189600352199
Glyma.16G061500.Wm82.a4.v1,0.9068091767353128
Glyma.05G120700.Wm82.a4.v1,0.9067993934354057
Glyma.20G017700.Wm82.a4.v1,0.9067896101354987
Glyma.18G123500.Wm82.a4.v1,0.9067700435356846
Glyma.14G033700.Wm82.a4.v1,0.906765151885731
Glyma.08G290000.Wm82.a4.v1,0.9067504769358705
Glyma.16G195900.Wm82.a4.v1,0.9067358019860099
Glyma.10G177000.Wm82.a4.v1,0.9067211270361493
Glyma.20G133200.Wm82.a4.v1,0.9066868854864746
Glyma.03G141200.Wm82.a4.v1,0.906681993836521
Glyma.10G053100.Wm82.a4.v1,0.9066771021865675
Glyma.11G100400.Wm82.a4.v1,0.9066428606368928
Glyma.06G107400.Wm82.a4.v1,0.9066379689869393
Glyma.06G157800.Wm82.a4.v1,0.9066330773369857
Glyma.10G051200.Wm82.a4.v1,0.906598835787311
Glyma.15G064300.Wm82.a4.v1,0.9065645942376364
Glyma.19G232100.Wm82.a4.v1,0.9065645942376364
Glyma.10G120400.Wm82.a4.v1,0.9064276280389375
Glyma.06G007300.Wm82.a4.v1,0.9063151200900064
Glyma.15G148900.Wm82.a4.v1,0.9063102284400528
Glyma.11G041400.Wm82.a4.v1,0.9062319620407964
Glyma.05G241200.Wm82.a4.v1,0.9060607542924228
Glyma.17G044000.Wm82.a4.v1,0.9060460793425622
Glyma.20G142000.Wm82.a4.v1,0.9060460793425622
Glyma.06G137100.Wm82.a4.v1,0.906006946142934
Glyma.12G201900.Wm82.a4.v1,0.9059873795431199
Glyma.03G186900.Wm82.a4.v1,0.9059873795431199
Glyma.01G243300.Wm82.a4.v1,0.9059580296433987
Glyma.03G002200.Wm82.a4.v1,0.9059482463434917
Glyma.13G345400.Wm82.a4.v1,0.9059335713936311
Glyma.18G271100.Wm82.a4.v1,0.9058699799442352
Glyma.07G055900.Wm82.a4.v1,0.905840630044514
Glyma.02G017500.Wm82.a4.v1,0.9057476886953969
Glyma.15G212800.Wm82.a4.v1,0.9057379053954899
Glyma.16G206500.Wm82.a4.v1,0.9056938805459082
Glyma.09G014200.Wm82.a4.v1,0.9056449640463728
Glyma.08G024600.Wm82.a4.v1,0.9056400723964193
Glyma.11G019500.Wm82.a4.v1,0.9056205057966052
Glyma.03G192300.Wm82.a4.v1,0.9056058308467446
Glyma.18G144100.Wm82.a4.v1,0.9056058308467446
Glyma.11G253000.Wm82.a4.v1,0.9055813725969769
Glyma.05G139000.Wm82.a4.v1,0.9055813725969769
Glyma.17G254200.Wm82.a4.v1,0.9055715892970699
Glyma.11G127100.Wm82.a4.v1,0.9055422393973487
Glyma.12G196800.Wm82.a4.v1,0.905424839798464
Glyma.10G280500.Wm82.a4.v1,0.9054101648486035
Glyma.05G028000.Wm82.a4.v1,0.9054052731986499
Glyma.12G175300.Wm82.a4.v1,0.9054003815486964
Glyma.07G081600.Wm82.a4.v1,0.9053905982487893
Glyma.20G249300.Wm82.a4.v1,0.9053563566991146
Glyma.05G052900.Wm82.a4.v1,0.905341681749254
Glyma.03G182600.Wm82.a4.v1,0.9053367900993005
Glyma.09G183900.Wm82.a4.v1,0.9052976568996722
Glyma.07G056600.Wm82.a4.v1,0.9052780902998582
Glyma.14G070600.Wm82.a4.v1,0.9052780902998582
Glyma.09G275000.Wm82.a4.v1,0.9051606907009735
Glyma.11G030700.Wm82.a4.v1,0.9051166658513917
Glyma.10G238600.Wm82.a4.v1,0.905092207601624
Glyma.20G115100.Wm82.a4.v1,0.9050824243017169
Glyma.09G262700.Wm82.a4.v1,0.9050775326517635
Glyma.07G156100.Wm82.a4.v1,0.9050628577019029
Glyma.19G125600.Wm82.a4.v1,0.9049845913026464
Glyma.07G010200.Wm82.a4.v1,0.9049748080027393
Glyma.19G219100.Wm82.a4.v1,0.9049650247028322
Glyma.01G161900.Wm82.a4.v1,0.904925891503204
Glyma.05G120300.Wm82.a4.v1,0.90490632490339
Glyma.18G021500.Wm82.a4.v1,0.9048916499535293
Glyma.10G040000.Wm82.a4.v1,0.9048769750036687
Glyma.16G077500.Wm82.a4.v1,0.9048036002543658
Glyma.09G286000.Wm82.a4.v1,0.9047204422051558
Glyma.18G017700.Wm82.a4.v1,0.9047204422051558
Glyma.17G112200.Wm82.a4.v1,0.9047155505552023
Glyma.04G162600.Wm82.a4.v1,0.9047106589052487
Glyma.06G195200.Wm82.a4.v1,0.9047082130802719
Glyma.17G128500.Wm82.a4.v1,0.9046617424057134
Glyma.14G036900.Wm82.a4.v1,0.9046617424057134
Glyma.06G131500.Wm82.a4.v1,0.9046519591058064
Glyma.02G197600.Wm82.a4.v1,0.9046226092060852
Glyma.08G295600.Wm82.a4.v1,0.9046177175561316
Glyma.05G160301.Wm82.a4.v1,0.9046177175561316
Glyma.18G111000.Wm82.a4.v1,0.9046128259061782
Glyma.11G142900.Wm82.a4.v1,0.9046128259061782
Glyma.01G001100.Wm82.a4.v1,0.9045296678569682
Glyma.13G236500.Wm82.a4.v1,0.904510101257154
Glyma.12G029200.Wm82.a4.v1,0.904510101257154
Glyma.19G240400.Wm82.a4.v1,0.9043878100083158
Glyma.13G124600.Wm82.a4.v1,0.9042997603091523
Glyma.07G263100.Wm82.a4.v1,0.9042557354595705
Glyma.11G117100.Wm82.a4.v1,0.9042410605097099
Glyma.05G042700.Wm82.a4.v1,0.9041872523602211
Glyma.16G147800.Wm82.a4.v1,0.9041579024604999
Glyma.07G147000.Wm82.a4.v1,0.9041040943110111
Glyma.11G001000.Wm82.a4.v1,0.904084527711197
Glyma.03G066700.Wm82.a4.v1,0.9040796360612434
Glyma.05G056300.Wm82.a4.v1,0.9040307195617082
Glyma.11G231100.Wm82.a4.v1,0.9040258279117547
Glyma.17G226500.Wm82.a4.v1,0.9039964780120334
Glyma.18G272000.Wm82.a4.v1,0.9039671281123123
Glyma.04G218400.Wm82.a4.v1,0.9039573448124052
Glyma.04G048100.Wm82.a4.v1,0.9039133199628234
Glyma.19G220200.Wm82.a4.v1,0.9039084283128699
Glyma.11G252500.Wm82.a4.v1,0.9038644034632881
Glyma.13G357800.Wm82.a4.v1,0.9038595118133347
Glyma.07G158200.Wm82.a4.v1,0.9038105953137994
Glyma.04G103100.Wm82.a4.v1,0.9037714621141711
Glyma.13G029900.Wm82.a4.v1,0.903751895514357
Glyma.07G119400.Wm82.a4.v1,0.9036883040649611
Glyma.17G056900.Wm82.a4.v1,0.9036589541652399
Glyma.04G023700.Wm82.a4.v1,0.9036540625152865
Glyma.02G100000.Wm82.a4.v1,0.9036296042655187
Glyma.09G267700.Wm82.a4.v1,0.9036247126155652
Glyma.12G195900.Wm82.a4.v1,0.9035219879665412
Glyma.09G007400.Wm82.a4.v1,0.9035170963165876
Glyma.08G285100.Wm82.a4.v1,0.9034461673922614
Glyma.20G132651.Wm82.a4.v1,0.9033703468179817
Glyma.04G193700.Wm82.a4.v1,0.9032920804187252
Glyma.01G069500.Wm82.a4.v1,0.9032774054688647
Glyma.13G274100.Wm82.a4.v1,0.9032725138189112
Glyma.08G067700.Wm82.a4.v1,0.9032333806192829
Glyma.01G004100.Wm82.a4.v1,0.9031159810203981
Glyma.01G054950.Wm82.a4.v1,0.9030426062710952
Glyma.14G017100.Wm82.a4.v1,0.9029790148216994
Glyma.05G020300.Wm82.a4.v1,0.9029594482218852
Glyma.04G198900.Wm82.a4.v1,0.9029545565719317
Glyma.10G029600.Wm82.a4.v1,0.9029496649219781
Glyma.02G162500.Wm82.a4.v1,0.9029447732720246
Glyma.06G129400.Wm82.a4.v1,0.9028762901726752
Glyma.16G011500.Wm82.a4.v1,0.902859169397838
Glyma.10G050000.Wm82.a4.v1,0.9028469402729541
Glyma.15G019700.Wm82.a4.v1,0.9028029154233723
Glyma.13G084100.Wm82.a4.v1,0.9027784571736046
Glyma.07G262000.Wm82.a4.v1,0.9027588905737906
Glyma.12G232000.Wm82.a4.v1,0.9027491072738835
Glyma.08G316500.Wm82.a4.v1,0.9027295406740694
Glyma.13G112700.Wm82.a4.v1,0.9027246490241159
Glyma.15G158500.Wm82.a4.v1,0.9026952991243946
Glyma.03G082100.Wm82.a4.v1,0.9026757325245806
Glyma.06G283600.Wm82.a4.v1,0.9025583329256959
Glyma.04G082900.Wm82.a4.v1,0.9025094164261606
Glyma.12G133700.Wm82.a4.v1,0.9024849581763928
Glyma.13G130200.Wm82.a4.v1,0.9024262583769506
Glyma.15G169200.Wm82.a4.v1,0.902421366726997
Glyma.16G020400.Wm82.a4.v1,0.9023871251773223
Glyma.10G001200.Wm82.a4.v1,0.9023773418774153
Glyma.16G049000.Wm82.a4.v1,0.9023626669275546
Glyma.14G174200.Wm82.a4.v1,0.9023626669275546
Glyma.15G120400.Wm82.a4.v1,0.9023479919776941
Glyma.09G266600.Wm82.a4.v1,0.9023137504280194
Glyma.07G263300.Wm82.a4.v1,0.9023088587780659
Glyma.05G152200.Wm82.a4.v1,0.9022746172283911
Glyma.02G312200.Wm82.a4.v1,0.9022501589786235
Glyma.19G085600.Wm82.a4.v1,0.9022452673286699
Glyma.03G122500.Wm82.a4.v1,0.9021523259795529
Glyma.16G127400.Wm82.a4.v1,0.9020838428802035
Glyma.17G104100.Wm82.a4.v1,0.9020691679303429
Glyma.10G067800.Wm82.a4.v1,0.9020593846304359
Glyma.08G274300.Wm82.a4.v1,0.9020544929804823
Glyma.19G217700.Wm82.a4.v1,0.902047155505552
Glyma.01G014900.Wm82.a4.v1,0.9020398180306217
Glyma.18G235800.Wm82.a4.v1,0.9020202514308077
Glyma.19G205100.Wm82.a4.v1,0.9020104681309006
Glyma.11G014400.Wm82.a4.v1,0.9020006848309935
Glyma.09G061200.Wm82.a4.v1,0.9019615516313653
Glyma.20G074200.Wm82.a4.v1,0.9019370933815977
Glyma.11G005300.Wm82.a4.v1,0.9018148021327593
Glyma.10G293300.Wm82.a4.v1,0.9018099104828059
Glyma.19G194922.Wm82.a4.v1,0.9017365357335029
Glyma.07G078100.Wm82.a4.v1,0.9017365357335029
Glyma.06G030100.Wm82.a4.v1,0.9017267524335959
Glyma.17G121600.Wm82.a4.v1,0.9017071858337817
Glyma.07G165200.Wm82.a4.v1,0.9016582693342464
Glyma.10G121542.Wm82.a4.v1,0.9016533776842929
Glyma.03G116600.Wm82.a4.v1,0.9016289194345253
Glyma.03G015700.Wm82.a4.v1,0.9015702196350829
Glyma.02G299400.Wm82.a4.v1,0.9015653279851293
Glyma.20G218800.Wm82.a4.v1,0.9015115198356406
Glyma.02G011800.Wm82.a4.v1,0.9014870615858729
Glyma.02G153800.Wm82.a4.v1,0.9014479283862447
Glyma.12G212300.Wm82.a4.v1,0.9014283617864306
Glyma.08G140900.Wm82.a4.v1,0.9014087951866164
Glyma.06G285200.Wm82.a4.v1,0.9013794452868953
Glyma.15G047200.Wm82.a4.v1,0.9013794452868953
Glyma.07G122300.Wm82.a4.v1,0.9013696619869882
Glyma.17G201300.Wm82.a4.v1,0.9013354204373135
Glyma.19G190800.Wm82.a4.v1,0.9011495377390794
Glyma.08G211200.Wm82.a4.v1,0.9011446460891258
Glyma.13G358900.Wm82.a4.v1,0.9011397544391724
Glyma.15G046600.Wm82.a4.v1,0.9011250794893118
Glyma.09G098900.Wm82.a4.v1,0.9011055128894976
Glyma.09G252200.Wm82.a4.v1,0.9010957295895906
Glyma.13G264900.Wm82.a4.v1,0.9010468130900553
Glyma.17G119300.Wm82.a4.v1,0.9010223548402876
Glyma.14G124300.Wm82.a4.v1,0.9009930049405664
Glyma.14G059200.Wm82.a4.v1,0.9009832216406594
Glyma.05G194700.Wm82.a4.v1,0.9009636550408453
Glyma.14G003200.Wm82.a4.v1,0.9009636550408453
Glyma.08G206000.Wm82.a4.v1,0.900934305141124
Glyma.17G113600.Wm82.a4.v1,0.900934305141124
Glyma.10G204400.Wm82.a4.v1,0.9009245218412171
Glyma.02G278500.Wm82.a4.v1,0.9009196301912635
Glyma.19G028100.Wm82.a4.v1,0.9008951719414958
Glyma.05G236700.Wm82.a4.v1,0.9008804969916353
Glyma.14G212900.Wm82.a4.v1,0.9008120138922858
Glyma.11G134200.Wm82.a4.v1,0.9008022305923788
Glyma.11G104500.Wm82.a4.v1,0.9007435307929365
Glyma.16G044400.Wm82.a4.v1,0.9007141808932153
Glyma.01G049100.Wm82.a4.v1,0.9007092892432618
Glyma.09G084300.Wm82.a4.v1,0.9006726018686103
Glyma.06G307700.Wm82.a4.v1,0.90058210634447
Glyma.06G096400.Wm82.a4.v1,0.9005698772195861
Glyma.06G315600.Wm82.a4.v1,0.9005282981949811
Glyma.19G176300.Wm82.a4.v1,0.9004598150956318
Glyma.15G037300.Wm82.a4.v1,0.9003668737465147
Glyma.09G165100.Wm82.a4.v1,0.9003473071467006
Glyma.18G195900.Wm82.a4.v1,0.9003424154967471
Glyma.05G202000.Wm82.a4.v1,0.9003179572469794
Glyma.10G298400.Wm82.a4.v1,0.9003081739470723
Glyma.14G033400.Wm82.a4.v1,0.9002739323973976
Glyma.13G035100.Wm82.a4.v1,0.90024947414763
Glyma.17G256102.Wm82.a4.v1,0.9001809910482805
Glyma.02G311200.Wm82.a4.v1,0.9001614244484665
Glyma.09G227400.Wm82.a4.v1,0.9001027246490241
Glyma.14G178300.Wm82.a4.v1,0.9000929413491171
Glyma.05G028600.Wm82.a4.v1,0.9000391331996282
Glyma.03G207700.Wm82.a4.v1,0.9000342415496747
Glyma.12G007600.Wm82.a4.v1,0.9000048916499536
Glyma.17G026400.Wm82.a4.v1,0.8999804334001859
Glyma.06G234500.Wm82.a4.v1,0.8999315169006505
Glyma.08G196500.Wm82.a4.v1,0.8999119503008365
Glyma.06G179200.Wm82.a4.v1,0.8999021670009294
Glyma.17G092900.Wm82.a4.v1,0.8998532505013941
Glyma.11G052700.Wm82.a4.v1,0.8998434672014871
Glyma.12G099700.Wm82.a4.v1,0.8998092256518123
Glyma.20G094700.Wm82.a4.v1,0.8997309592525559
Glyma.18G101600.Wm82.a4.v1,0.8997260676026023
Glyma.04G067900.Wm82.a4.v1,0.8997260676026023
Glyma.04G068800.Wm82.a4.v1,0.899657584503253
Glyma.14G129400.Wm82.a4.v1,0.8996282346035318
Glyma.08G235900.Wm82.a4.v1,0.89958420975395
Glyma.05G232700.Wm82.a4.v1,0.8995646431541359
Glyma.19G125500.Wm82.a4.v1,0.8994619185051118
Glyma.08G086100.Wm82.a4.v1,0.8994570268551583
Glyma.18G267200.Wm82.a4.v1,0.8992858191067847
Glyma.11G245000.Wm82.a4.v1,0.89925157755711
Glyma.07G015000.Wm82.a4.v1,0.8992271193073423
Glyma.02G101300.Wm82.a4.v1,0.8991977694076212
Glyma.06G156300.Wm82.a4.v1,0.899158636207993
Glyma.04G107100.Wm82.a4.v1,0.8991341779582253
Glyma.12G087100.Wm82.a4.v1,0.8991146113584112
Glyma.06G068000.Wm82.a4.v1,0.8990461282590618
Glyma.13G069200.Wm82.a4.v1,0.8990461282590618
Glyma.10G038400.Wm82.a4.v1,0.8989776451597123
Glyma.13G080100.Wm82.a4.v1,0.8989629702098518
Glyma.13G370200.Wm82.a4.v1,0.8988798121606418
Glyma.14G021800.Wm82.a4.v1,0.8988064374113388
Glyma.18G299200.Wm82.a4.v1,0.8987721958616641
Glyma.12G084700.Wm82.a4.v1,0.8987379543119894
Glyma.15G245800.Wm82.a4.v1,0.8987183877121753
Glyma.17G120900.Wm82.a4.v1,0.8987134960622218
Glyma.15G039500.Wm82.a4.v1,0.8986988211123612
Glyma.13G231500.Wm82.a4.v1,0.8986890378124541
Glyma.08G183600.Wm82.a4.v1,0.8986694712126401
Glyma.09G246600.Wm82.a4.v1,0.898659687912733
Glyma.08G130900.Wm82.a4.v1,0.8986499046128259
Glyma.12G061400.Wm82.a4.v1,0.8986450129628724
Glyma.09G152700.Wm82.a4.v1,0.8986352296629653
Glyma.13G258500.Wm82.a4.v1,0.8986156630631512
Glyma.11G098700.Wm82.a4.v1,0.8986107714131977
Glyma.19G159500.Wm82.a4.v1,0.8985080467641735
Glyma.14G210600.Wm82.a4.v1,0.898493371814313
Glyma.01G040000.Wm82.a4.v1,0.8984591302646383
Glyma.20G166200.Wm82.a4.v1,0.8984395636648241
Glyma.02G027100.Wm82.a4.v1,0.898429780364917
Glyma.03G235000.Wm82.a4.v1,0.8983808638653817
Glyma.13G091800.Wm82.a4.v1,0.8983759722154283
Glyma.05G147800.Wm82.a4.v1,0.8983515139656606
Glyma.08G226600.Wm82.a4.v1,0.8983319473658465
Glyma.05G020900.Wm82.a4.v1,0.8982145477669617
Glyma.16G029500.Wm82.a4.v1,0.8982096561170083
Glyma.08G035400.Wm82.a4.v1,0.8981411730176588
Glyma.01G132000.Wm82.a4.v1,0.8980824732182165
Glyma.19G208200.Wm82.a4.v1,0.8980824732182165
Glyma.09G217900.Wm82.a4.v1,0.8980629066184024
Glyma.10G137800.Wm82.a4.v1,0.8980580149684488
Glyma.18G049400.Wm82.a4.v1,0.8979846402191459
Glyma.15G129800.Wm82.a4.v1,0.8979601819693783
Glyma.10G093900.Wm82.a4.v1,0.8979552903194248
Glyma.20G199900.Wm82.a4.v1,0.8979357237196106
Glyma.03G136200.Wm82.a4.v1,0.8979308320696571
Glyma.19G194985.Wm82.a4.v1,0.8978085408208188
Glyma.17G244600.Wm82.a4.v1,0.8977791909210977
Glyma.19G200800.Wm82.a4.v1,0.8977498410213766
Glyma.19G241200.Wm82.a4.v1,0.8977302744215624
Glyma.12G073200.Wm82.a4.v1,0.8977107078217482
Glyma.20G058400.Wm82.a4.v1,0.8976666829721666
Glyma.03G131000.Wm82.a4.v1,0.897661791322213
Glyma.05G226700.Wm82.a4.v1,0.8976471163723524
Glyma.10G210500.Wm82.a4.v1,0.8976471163723524
Glyma.05G207500.Wm82.a4.v1,0.8976324414224918
Glyma.02G226700.Wm82.a4.v1,0.8976079831727242
Glyma.16G071500.Wm82.a4.v1,0.8975639583231424
Glyma.07G269900.Wm82.a4.v1,0.8975590666731889
Glyma.18G259000.Wm82.a4.v1,0.8975346084234213
Glyma.12G152500.Wm82.a4.v1,0.8975003668737466
Glyma.05G127900.Wm82.a4.v1,0.8974856919238859
Glyma.12G132000.Wm82.a4.v1,0.8974367754243506
Glyma.09G215500.Wm82.a4.v1,0.8973927505747689
Glyma.10G232500.Wm82.a4.v1,0.897329159125373
Glyma.08G153200.Wm82.a4.v1,0.8972655676759771
Glyma.19G241300.Wm82.a4.v1,0.8972606760260236
Glyma.08G349700.Wm82.a4.v1,0.8972215428263953
Glyma.16G205500.Wm82.a4.v1,0.8972117595264882
Glyma.04G088800.Wm82.a4.v1,0.8971677346769065
Glyma.19G000200.Wm82.a4.v1,0.897153059727046
Glyma.12G106600.Wm82.a4.v1,0.8971383847771853
Glyma.15G262600.Wm82.a4.v1,0.8971090348774642
Glyma.08G303700.Wm82.a4.v1,0.8970650100278824
Glyma.14G206700.Wm82.a4.v1,0.8970601183779289
Glyma.04G193400.Wm82.a4.v1,0.8970503350780218
Glyma.15G089500.Wm82.a4.v1,0.8970014185784865
Glyma.05G191900.Wm82.a4.v1,0.8969720686787653
Glyma.07G001000.Wm82.a4.v1,0.8969671770288118
Glyma.17G134500.Wm82.a4.v1,0.8969671770288118
Glyma.03G248600.Wm82.a4.v1,0.8969427187790442
Glyma.20G076400.Wm82.a4.v1,0.8968595607298342
Glyma.08G228100.Wm82.a4.v1,0.8968155358802524
Glyma.20G111800.Wm82.a4.v1,0.8967274861810889
Glyma.14G179200.Wm82.a4.v1,0.8967250403561121
Glyma.05G235600.Wm82.a4.v1,0.8967128112312283
Glyma.07G249600.Wm82.a4.v1,0.8966394364819253
Glyma.12G098600.Wm82.a4.v1,0.8966296531820183
Glyma.17G016300.Wm82.a4.v1,0.8966296531820183
Glyma.02G207800.Wm82.a4.v1,0.8966296531820183
Glyma.14G029901.Wm82.a4.v1,0.8965513867827618
Glyma.16G073100.Wm82.a4.v1,0.8965513867827618
Glyma.07G051400.Wm82.a4.v1,0.8965367118329013
Glyma.16G168000.Wm82.a4.v1,0.8965024702832265
Glyma.04G226600.Wm82.a4.v1,0.896487795333366
Glyma.15G185800.Wm82.a4.v1,0.89642420388397
Glyma.15G231700.Wm82.a4.v1,0.8964193122340165
Glyma.12G135100.Wm82.a4.v1,0.8964193122340165
Glyma.13G280000.Wm82.a4.v1,0.896414420584063
Glyma.13G343500.Wm82.a4.v1,0.896414420584063
Glyma.11G107200.Wm82.a4.v1,0.896404637284156
Glyma.13G212500.Wm82.a4.v1,0.896404637284156
Glyma.08G213900.Wm82.a4.v1,0.8963801790343883
Glyma.17G197500.Wm82.a4.v1,0.8963459374847136
Glyma.02G033900.Wm82.a4.v1,0.8963361541848065
Glyma.10G231700.Wm82.a4.v1,0.8963263708848995
Glyma.08G143100.Wm82.a4.v1,0.8962872376852712
Glyma.08G093400.Wm82.a4.v1,0.896248104485643
Glyma.03G241900.Wm82.a4.v1,0.896238321185736
Glyma.12G021100.Wm82.a4.v1,0.8962187545859218
Glyma.18G099900.Wm82.a4.v1,0.8961991879861078
Glyma.17G022700.Wm82.a4.v1,0.8961698380863865
Glyma.10G197700.Wm82.a4.v1,0.8961600547864795
Glyma.19G120100.Wm82.a4.v1,0.8960768967372695
Glyma.17G226600.Wm82.a4.v1,0.8960573301374554
Glyma.02G009100.Wm82.a4.v1,0.8960279802377342
Glyma.03G179200.Wm82.a4.v1,0.8960181969378271
Glyma.08G104900.Wm82.a4.v1,0.8959179181137797
Glyma.17G021000.Wm82.a4.v1,0.895905688988896
Glyma.05G191500.Wm82.a4.v1,0.8958812307391283
Glyma.10G014800.Wm82.a4.v1,0.8958665557892678
Glyma.08G293900.Wm82.a4.v1,0.8958469891894536
Glyma.09G260600.Wm82.a4.v1,0.8957931810399647
Glyma.09G164200.Wm82.a4.v1,0.8957687227901971
Glyma.05G208400.Wm82.a4.v1,0.8957149146407083
Glyma.17G202700.Wm82.a4.v1,0.8956953480408942
Glyma.07G121300.Wm82.a4.v1,0.895665998141173
Glyma.03G006700.Wm82.a4.v1,0.8956464315413589
Glyma.10G286300.Wm82.a4.v1,0.8956415398914054
Glyma.17G012000.Wm82.a4.v1,0.8955926233918701
Glyma.09G018200.Wm82.a4.v1,0.8955877317419165
Glyma.10G054900.Wm82.a4.v1,0.8955192486425672
Glyma.08G249700.Wm82.a4.v1,0.8954605488431248
Glyma.05G186700.Wm82.a4.v1,0.8954556571931712
Glyma.03G167900.Wm82.a4.v1,0.8954409822433107
Glyma.16G093800.Wm82.a4.v1,0.8954360905933572
Glyma.05G139500.Wm82.a4.v1,0.8954360905933572
Glyma.10G070900.Wm82.a4.v1,0.8954360905933572
Glyma.19G211000.Wm82.a4.v1,0.8953822824438683
Glyma.04G192300.Wm82.a4.v1,0.8953480408941936
Glyma.13G194100.Wm82.a4.v1,0.8952942327447048
Glyma.04G009400.Wm82.a4.v1,0.8952697744949372
Glyma.20G179800.Wm82.a4.v1,0.8952697744949372
Glyma.10G257800.Wm82.a4.v1,0.895250207895123
Glyma.05G021700.Wm82.a4.v1,0.8952355329452625
Glyma.08G332600.Wm82.a4.v1,0.8952012913955877
Glyma.02G120500.Wm82.a4.v1,0.8951963997456343
Glyma.13G114900.Wm82.a4.v1,0.8951817247957736
Glyma.03G253000.Wm82.a4.v1,0.8951768331458201
Glyma.13G295100.Wm82.a4.v1,0.8951621581959595
Glyma.01G163000.Wm82.a4.v1,0.8951621581959595
Glyma.08G348000.Wm82.a4.v1,0.8951034583965172
Glyma.16G030600.Wm82.a4.v1,0.8950985667465636
Glyma.11G255300.Wm82.a4.v1,0.8950447585970748
Glyma.05G152500.Wm82.a4.v1,0.8950154086973536
Glyma.13G026700.Wm82.a4.v1,0.895000733747493
Glyma.10G154300.Wm82.a4.v1,0.8949713838477719
Glyma.12G122400.Wm82.a4.v1,0.8949322506481436
Glyma.18G010300.Wm82.a4.v1,0.8948833341486083
Glyma.02G048400.Wm82.a4.v1,0.8948539842488872
Glyma.02G132100.Wm82.a4.v1,0.894834417649073
Glyma.09G020800.Wm82.a4.v1,0.8948050677493519
Glyma.15G170700.Wm82.a4.v1,0.8947414762999559
Glyma.06G123200.Wm82.a4.v1,0.8947072347502812
Glyma.09G025600.Wm82.a4.v1,0.8946876681504672
Glyma.07G058400.Wm82.a4.v1,0.8946094017512107
Glyma.10G066100.Wm82.a4.v1,0.8945555936017219
Glyma.11G235500.Wm82.a4.v1,0.8945262437020007
Glyma.13G182600.Wm82.a4.v1,0.8945164604020936
Glyma.14G068900.Wm82.a4.v1,0.8945115687521401
Glyma.04G207700.Wm82.a4.v1,0.8944773272024654
Glyma.03G210800.Wm82.a4.v1,0.8944430856527907
Glyma.11G173100.Wm82.a4.v1,0.8944333023528837
Glyma.09G184700.Wm82.a4.v1,0.8943941691532554
Glyma.19G139700.Wm82.a4.v1,0.8943794942033948
Glyma.13G138700.Wm82.a4.v1,0.8943648192535342
Glyma.05G103200.Wm82.a4.v1,0.8943599276035807
Glyma.10G207400.Wm82.a4.v1,0.8943599276035807
Glyma.08G162100.Wm82.a4.v1,0.8943452526537201
Glyma.03G103600.Wm82.a4.v1,0.8943207944039524
Glyma.11G016000.Wm82.a4.v1,0.8942816612043242
Glyma.10G044300.Wm82.a4.v1,0.8942718779044172
Glyma.18G001800.Wm82.a4.v1,0.8942620946045101
Glyma.10G097600.Wm82.a4.v1,0.894252311304603
Glyma.10G089600.Wm82.a4.v1,0.894232744704789
Glyma.07G022700.Wm82.a4.v1,0.8941887198552072
Glyma.08G232600.Wm82.a4.v1,0.8941789365553001
Glyma.05G003900.Wm82.a4.v1,0.8941202367558577
Glyma.07G237800.Wm82.a4.v1,0.8940566453064619
Glyma.17G085400.Wm82.a4.v1,0.8940419703566013
Glyma.17G069100.Wm82.a4.v1,0.8940321870566942
Glyma.13G274500.Wm82.a4.v1,0.8940126204568801
Glyma.07G116000.Wm82.a4.v1,0.893983270557159
Glyma.19G172700.Wm82.a4.v1,0.8938756542581813
Glyma.03G127300.Wm82.a4.v1,0.8938414127085066
Glyma.09G062700.Wm82.a4.v1,0.8938414127085066
Glyma.03G167000.Wm82.a4.v1,0.8938316294085995
Glyma.11G060200.Wm82.a4.v1,0.8937827129090642
Glyma.11G238400.Wm82.a4.v1,0.8937827129090642
Glyma.19G133000.Wm82.a4.v1,0.8937631463092501
Glyma.19G037200.Wm82.a4.v1,0.8937582546592966
Glyma.12G077300.Wm82.a4.v1,0.8937142298097148
Glyma.02G200300.Wm82.a4.v1,0.8936799882600401
Glyma.08G046000.Wm82.a4.v1,0.8936408550604119
Glyma.13G190400.Wm82.a4.v1,0.8936066135107372
Glyma.20G214500.Wm82.a4.v1,0.8935919385608766
Glyma.18G129200.Wm82.a4.v1,0.8935919385608766
Glyma.03G091800.Wm82.a4.v1,0.8935674803111089
Glyma.13G352200.Wm82.a4.v1,0.8935479137112948
Glyma.10G083300.Wm82.a4.v1,0.8934989972117595
Glyma.04G208600.Wm82.a4.v1,0.8934794306119455
Glyma.05G137500.Wm82.a4.v1,0.8934402974123171
Glyma.18G067300.Wm82.a4.v1,0.8934402974123171
Glyma.11G075500.Wm82.a4.v1,0.8933962725627355
Glyma.06G101500.Wm82.a4.v1,0.8933864892628284
Glyma.02G086600.Wm82.a4.v1,0.8933522477131537
Glyma.08G023900.Wm82.a4.v1,0.8933082228635719
Glyma.01G147400.Wm82.a4.v1,0.8932837646138042
Glyma.04G041700.Wm82.a4.v1,0.8932788729638507
Glyma.10G049100.Wm82.a4.v1,0.8932690896639437
Glyma.12G085600.Wm82.a4.v1,0.8932690896639437
Glyma.06G135500.Wm82.a4.v1,0.893244631414176
Glyma.07G009600.Wm82.a4.v1,0.8932103898645013
Glyma.12G218100.Wm82.a4.v1,0.8932006065645942
Glyma.10G127000.Wm82.a4.v1,0.8931565817150124
Glyma.03G202100.Wm82.a4.v1,0.8931027735655237
Glyma.16G210600.Wm82.a4.v1,0.8931027735655237
Glyma.01G044600.Wm82.a4.v1,0.8930342904661742
Glyma.20G207000.Wm82.a4.v1,0.8929804823166854
Glyma.06G265200.Wm82.a4.v1,0.8928728660177078
Glyma.06G183800.Wm82.a4.v1,0.8928630827178007
Glyma.06G003300.Wm82.a4.v1,0.8928581910678471
Glyma.16G012300.Wm82.a4.v1,0.8927994912684049
Glyma.12G232900.Wm82.a4.v1,0.8927750330186371
Glyma.09G181960.Wm82.a4.v1,0.8927554664188231
Glyma.15G192300.Wm82.a4.v1,0.8926918749694271
Glyma.17G079100.Wm82.a4.v1,0.8926820916695202
Glyma.11G109400.Wm82.a4.v1,0.8926380668199384
Glyma.04G184400.Wm82.a4.v1,0.8926087169202171
Glyma.13G063400.Wm82.a4.v1,0.8925744753705425
Glyma.16G059000.Wm82.a4.v1,0.8925695837205889
Glyma.13G324700.Wm82.a4.v1,0.8925695837205889
Glyma.01G191600.Wm82.a4.v1,0.8925451254708213
Glyma.11G117600.Wm82.a4.v1,0.8924937631463092
Glyma.04G229300.Wm82.a4.v1,0.8924570757716578
Glyma.04G161300.Wm82.a4.v1,0.8924375091718436
Glyma.09G037300.Wm82.a4.v1,0.8924228342219831
Glyma.09G079400.Wm82.a4.v1,0.8923739177224478
Glyma.15G203100.Wm82.a4.v1,0.8923543511226336
Glyma.14G017600.Wm82.a4.v1,0.8922760847233772
Glyma.03G142300.Wm82.a4.v1,0.8922663014234702
Glyma.13G369800.Wm82.a4.v1,0.8922565181235631
Glyma.18G019600.Wm82.a4.v1,0.8922565181235631
Glyma.08G264900.Wm82.a4.v1,0.8922369515237489
Glyma.19G036800.Wm82.a4.v1,0.8921880350242136
Glyma.06G194200.Wm82.a4.v1,0.8921684684243996
Glyma.17G110300.Wm82.a4.v1,0.892163576774446
Glyma.17G093900.Wm82.a4.v1,0.8921440101746319
Glyma.19G246100.Wm82.a4.v1,0.8921146602749107
Glyma.11G121100.Wm82.a4.v1,0.8921048769750036
Glyma.13G158200.Wm82.a4.v1,0.8920853103751896
Glyma.09G224600.Wm82.a4.v1,0.8920559604754684
Glyma.13G027800.Wm82.a4.v1,0.8920412855256078
Glyma.13G221400.Wm82.a4.v1,0.8919630191263513
Glyma.12G139200.Wm82.a4.v1,0.8919092109768625
Glyma.03G218500.Wm82.a4.v1,0.8918847527270949
Glyma.16G101500.Wm82.a4.v1,0.8917967030279313
Glyma.19G045500.Wm82.a4.v1,0.8917967030279313
Glyma.18G029300.Wm82.a4.v1,0.8917673531282101
Glyma.18G169800.Wm82.a4.v1,0.8917575698283031
Glyma.17G021700.Wm82.a4.v1,0.8917331115785354
Glyma.02G038800.Wm82.a4.v1,0.8916793034290467
Glyma.03G130300.Wm82.a4.v1,0.891664628479186
Glyma.03G234200.Wm82.a4.v1,0.8916157119796507
Glyma.18G013700.Wm82.a4.v1,0.8916059286797436
Glyma.05G041700.Wm82.a4.v1,0.8915570121802083
Glyma.12G198700.Wm82.a4.v1,0.8915423372303478
Glyma.16G217900.Wm82.a4.v1,0.8915374455803943
Glyma.13G176800.Wm82.a4.v1,0.8915154331556033
Glyma.14G098100.Wm82.a4.v1,0.891488529080859
Glyma.19G222500.Wm82.a4.v1,0.8914542875311843
Glyma.03G060100.Wm82.a4.v1,0.8914347209313701
Glyma.12G233900.Wm82.a4.v1,0.8914249376314631
Glyma.18G159900.Wm82.a4.v1,0.8914249376314631
Glyma.13G207100.Wm82.a4.v1,0.891405371031649
Glyma.02G063300.Wm82.a4.v1,0.8913368879322996
Glyma.13G253400.Wm82.a4.v1,0.891331996282346
Glyma.09G262800.Wm82.a4.v1,0.891322212982439
Glyma.02G292800.Wm82.a4.v1,0.8912977547326714
Glyma.14G067100.Wm82.a4.v1,0.8912879714327643
Glyma.12G135700.Wm82.a4.v1,0.8912879714327643
Glyma.01G030300.Wm82.a4.v1,0.8912732964829037
Glyma.11G019400.Wm82.a4.v1,0.8912341632832754
Glyma.19G238800.Wm82.a4.v1,0.8912341632832754
Glyma.19G201000.Wm82.a4.v1,0.8912097050335078
Glyma.10G149000.Wm82.a4.v1,0.8912097050335078
Glyma.17G255800.Wm82.a4.v1,0.8911901384336937
Glyma.02G106100.Wm82.a4.v1,0.8911461135841119
Glyma.01G087000.Wm82.a4.v1,0.8911265469842978
Glyma.06G175900.Wm82.a4.v1,0.8911069803844837
Glyma.08G204400.Wm82.a4.v1,0.8910971970845766
Glyma.13G190000.Wm82.a4.v1,0.8910238223352737
Glyma.04G105000.Wm82.a4.v1,0.8909846891356454
Glyma.06G135900.Wm82.a4.v1,0.8908966394364819
Glyma.03G120800.Wm82.a4.v1,0.8908819644866214
Glyma.14G174500.Wm82.a4.v1,0.8908477229369466
Glyma.19G006400.Wm82.a4.v1,0.8908281563371325
Glyma.17G129600.Wm82.a4.v1,0.890823264687179
Glyma.04G061900.Wm82.a4.v1,0.8908134813872719
Glyma.13G130000.Wm82.a4.v1,0.8908036980873648
Glyma.14G154600.Wm82.a4.v1,0.8907988064374114
Glyma.07G102200.Wm82.a4.v1,0.8907939147874578
Glyma.11G014300.Wm82.a4.v1,0.8907694565376901
Glyma.18G171900.Wm82.a4.v1,0.8907352149880154
Glyma.12G201100.Wm82.a4.v1,0.8907352149880154
Glyma.06G072700.Wm82.a4.v1,0.8907107567382478
Glyma.17G042100.Wm82.a4.v1,0.8906814068385266
Glyma.15G163800.Wm82.a4.v1,0.8906618402387125
Glyma.05G024500.Wm82.a4.v1,0.8906300445140146
Glyma.16G217700.Wm82.a4.v1,0.8905933571393632
Glyma.08G186500.Wm82.a4.v1,0.8905493322897814
Glyma.13G279600.Wm82.a4.v1,0.8905150907401066
Glyma.09G192400.Wm82.a4.v1,0.8905004157902461
Glyma.11G009500.Wm82.a4.v1,0.8904563909406643
Glyma.17G083200.Wm82.a4.v1,0.8904514992907108
Glyma.08G026700.Wm82.a4.v1,0.8904025827911755
Glyma.09G198300.Wm82.a4.v1,0.8903781245414079
Glyma.03G226600.Wm82.a4.v1,0.8903585579415937
Glyma.10G199900.Wm82.a4.v1,0.8903536662916401
Glyma.02G245300.Wm82.a4.v1,0.8903438829917331
Glyma.09G176132.Wm82.a4.v1,0.8903389913417796
Glyma.06G141700.Wm82.a4.v1,0.8903145330920119
Glyma.20G209000.Wm82.a4.v1,0.8902607249425231
Glyma.12G206200.Wm82.a4.v1,0.8901922418431737
Glyma.11G028600.Wm82.a4.v1,0.8901873501932202
Glyma.02G215800.Wm82.a4.v1,0.8901873501932202
Glyma.05G027100.Wm82.a4.v1,0.8901824585432666
Glyma.18G158300.Wm82.a4.v1,0.8901384336936848
Glyma.06G193200.Wm82.a4.v1,0.8901188670938708
Glyma.10G280000.Wm82.a4.v1,0.8900601672944284
Glyma.05G218400.Wm82.a4.v1,0.8900161424448466
Glyma.19G133800.Wm82.a4.v1,0.8900112507948931
Glyma.01G084700.Wm82.a4.v1,0.8899819008951719
Glyma.04G220200.Wm82.a4.v1,0.889908526145869
Glyma.03G149200.Wm82.a4.v1,0.8898718387712176
Glyma.18G035000.Wm82.a4.v1,0.8898596096463337
Glyma.20G149200.Wm82.a4.v1,0.8898498263464266
Glyma.19G173200.Wm82.a4.v1,0.8897226434476349
Glyma.20G080900.Wm82.a4.v1,0.8897030768478208
Glyma.06G011700.Wm82.a4.v1,0.8896932935479137
Glyma.18G159800.Wm82.a4.v1,0.8896737269480995
Glyma.14G002500.Wm82.a4.v1,0.889575893949029
Glyma.08G184600.Wm82.a4.v1,0.8895612189991684
Glyma.06G143700.Wm82.a4.v1,0.8895514356992613
Glyma.02G026400.Wm82.a4.v1,0.8895025191997261
Glyma.06G324700.Wm82.a4.v1,0.8894682776500513
Glyma.04G202900.Wm82.a4.v1,0.8893704446509808
Glyma.19G102100.Wm82.a4.v1,0.8893459864012131
Glyma.13G224300.Wm82.a4.v1,0.8893362031013061
Glyma.01G117900.Wm82.a4.v1,0.8892236951523749
Glyma.14G089075.Wm82.a4.v1,0.8891894536027002
Glyma.02G254200.Wm82.a4.v1,0.8891649953529326
Glyma.11G087900.Wm82.a4.v1,0.8891356454532113
Glyma.08G154100.Wm82.a4.v1,0.8891258621533044
Glyma.04G047200.Wm82.a4.v1,0.8891258621533044
Glyma.06G173200.Wm82.a4.v1,0.8890818373037226
Glyma.16G189500.Wm82.a4.v1,0.8890475957540478
Glyma.04G213700.Wm82.a4.v1,0.8890378124541408
Glyma.20G007100.Wm82.a4.v1,0.8890280291542337
Glyma.20G229800.Wm82.a4.v1,0.889003570904466
Glyma.11G091400.Wm82.a4.v1,0.8889644377048378
Glyma.08G322800.Wm82.a4.v1,0.888910629555349
Glyma.02G208000.Wm82.a4.v1,0.888900846255442
Glyma.02G250400.Wm82.a4.v1,0.8888127965562784
Glyma.01G238300.Wm82.a4.v1,0.8888079049063249
Glyma.14G016600.Wm82.a4.v1,0.8887687717066967
Glyma.10G006500.Wm82.a4.v1,0.8887638800567431
Glyma.14G159600.Wm82.a4.v1,0.8886807220075331
Glyma.17G232700.Wm82.a4.v1,0.8886758303575796
Glyma.14G089078.Wm82.a4.v1,0.8886758303575796
Glyma.14G023300.Wm82.a4.v1,0.888670938707626
Glyma.17G259300.Wm82.a4.v1,0.8886660470576726
Glyma.08G329100.Wm82.a4.v1,0.8886562637577655
Glyma.20G053500.Wm82.a4.v1,0.8886318055079978
Glyma.19G187000.Wm82.a4.v1,0.8886073472582302
Glyma.09G125800.Wm82.a4.v1,0.8885584307586949
Glyma.10G263400.Wm82.a4.v1,0.8885584307586949
Glyma.18G246400.Wm82.a4.v1,0.8885535391087414
Glyma.17G220200.Wm82.a4.v1,0.8885241892090202
Glyma.19G107500.Wm82.a4.v1,0.8884948393092991
Glyma.02G033300.Wm82.a4.v1,0.8884875018343688
Glyma.05G139600.Wm82.a4.v1,0.8883529814606467
Glyma.11G139600.Wm82.a4.v1,0.8883285232108791
Glyma.20G237000.Wm82.a4.v1,0.888318739910972
Glyma.08G315600.Wm82.a4.v1,0.8883040649611114
Glyma.12G044500.Wm82.a4.v1,0.8883040649611114
Glyma.01G185300.Wm82.a4.v1,0.8882991733111578
Glyma.04G187500.Wm82.a4.v1,0.888235581861762
Glyma.01G019100.Wm82.a4.v1,0.8882209069119014
Glyma.02G215700.Wm82.a4.v1,0.8882111236119943
Glyma.06G139100.Wm82.a4.v1,0.8881964486621338
Glyma.13G230800.Wm82.a4.v1,0.8881426405126449
Glyma.13G326800.Wm82.a4.v1,0.8881377488626914
Glyma.06G078400.Wm82.a4.v1,0.8881328572127378
Glyma.04G163000.Wm82.a4.v1,0.8881279655627843
Glyma.08G114000.Wm82.a4.v1,0.8881083989629702
Glyma.05G151200.Wm82.a4.v1,0.8880986156630631
Glyma.13G038900.Wm82.a4.v1,0.8880839407132025
Glyma.16G136400.Wm82.a4.v1,0.8880790490632491
Glyma.10G298900.Wm82.a4.v1,0.888069265763342
Glyma.08G225400.Wm82.a4.v1,0.8880594824634349
Glyma.07G212800.Wm82.a4.v1,0.8880350242136673
Glyma.19G219500.Wm82.a4.v1,0.8880350242136673
Glyma.09G010700.Wm82.a4.v1,0.8880154576138531
Glyma.15G109800.Wm82.a4.v1,0.8879714327642714
Glyma.05G149800.Wm82.a4.v1,0.8879518661644573
Glyma.10G030600.Wm82.a4.v1,0.8879225162647361
Glyma.08G230900.Wm82.a4.v1,0.8878735997652007
Glyma.15G058100.Wm82.a4.v1,0.8878589248153402
Glyma.08G283700.Wm82.a4.v1,0.8878393582155261
Glyma.16G173700.Wm82.a4.v1,0.8877708751161767
Glyma.08G213000.Wm82.a4.v1,0.8877317419165485
Glyma.10G261000.Wm82.a4.v1,0.8876828254170132
Glyma.18G237100.Wm82.a4.v1,0.887570317468082
Glyma.08G356300.Wm82.a4.v1,0.8875409675683608
Glyma.09G273300.Wm82.a4.v1,0.8875067260186861
Glyma.14G085300.Wm82.a4.v1,0.8875018343687325
Glyma.11G053800.Wm82.a4.v1,0.8874773761189649
Glyma.13G221900.Wm82.a4.v1,0.8874627011691043
Glyma.09G021000.Wm82.a4.v1,0.8874578095191508
Glyma.03G153902.Wm82.a4.v1,0.8874088930196156
Glyma.06G102900.Wm82.a4.v1,0.887404001369662
Glyma.06G225800.Wm82.a4.v1,0.8873893264198014
Glyma.12G224600.Wm82.a4.v1,0.8873746514699408
Glyma.12G159000.Wm82.a4.v1,0.8873501932201732
Glyma.11G244600.Wm82.a4.v1,0.8873453015702196
Glyma.09G060200.Wm82.a4.v1,0.8873159516704985
Glyma.06G316500.Wm82.a4.v1,0.8873110600205449
Glyma.19G013500.Wm82.a4.v1,0.8872817101208238
Glyma.10G142500.Wm82.a4.v1,0.8871594188719856
Glyma.01G100900.Wm82.a4.v1,0.887154527222032
Glyma.15G216400.Wm82.a4.v1,0.8871398522721714
Glyma.07G128800.Wm82.a4.v1,0.8871153940224038
Glyma.02G155400.Wm82.a4.v1,0.8870860441226825
Glyma.16G198500.Wm82.a4.v1,0.8870762608227756
Glyma.13G336200.Wm82.a4.v1,0.8870762608227756
Glyma.05G082500.Wm82.a4.v1,0.8870175610233332
Glyma.16G221300.Wm82.a4.v1,0.8869197280242626
Glyma.15G137000.Wm82.a4.v1,0.886821895025192
Glyma.02G301700.Wm82.a4.v1,0.8867827618255638
Glyma.07G037000.Wm82.a4.v1,0.8867338453260285
Glyma.01G231400.Wm82.a4.v1,0.886728953676075
Glyma.06G087100.Wm82.a4.v1,0.8867142787262143
Glyma.06G078100.Wm82.a4.v1,0.8866702538766326
Glyma.13G272800.Wm82.a4.v1,0.8864843711783985
Glyma.16G017700.Wm82.a4.v1,0.8864403463288167
Glyma.07G224000.Wm82.a4.v1,0.8864061047791421
Glyma.20G176400.Wm82.a4.v1,0.8863914298292814
Glyma.17G081800.Wm82.a4.v1,0.8863914298292814
Glyma.14G154500.Wm82.a4.v1,0.8863816465293743
Glyma.10G150300.Wm82.a4.v1,0.8863620799295603
Glyma.04G256800.Wm82.a4.v1,0.8863620799295603
Glyma.07G063100.Wm82.a4.v1,0.8863522966296532
Glyma.15G043800.Wm82.a4.v1,0.8863229467299321
Glyma.11G221400.Wm82.a4.v1,0.8863229467299321
Glyma.02G222300.Wm82.a4.v1,0.8863033801301179
Glyma.05G045200.Wm82.a4.v1,0.8862740302303967
Glyma.01G040400.Wm82.a4.v1,0.8862642469304897
Glyma.20G187100.Wm82.a4.v1,0.8862055471310473
Glyma.11G243400.Wm82.a4.v1,0.8860979308320697
Glyma.13G066500.Wm82.a4.v1,0.8860490143325344
Glyma.08G256300.Wm82.a4.v1,0.8860441226825808
Glyma.14G056800.Wm82.a4.v1,0.8860392310326273
Glyma.14G181400.Wm82.a4.v1,0.8860147727828597
Glyma.05G027300.Wm82.a4.v1,0.885980531233185
Glyma.11G085400.Wm82.a4.v1,0.8859707479332779
Glyma.07G068750.Wm82.a4.v1,0.8859707479332779
Glyma.12G010900.Wm82.a4.v1,0.8859658562833244
Glyma.20G124000.Wm82.a4.v1,0.8859560729834173
Glyma.17G022300.Wm82.a4.v1,0.8859511813334637
Glyma.04G142800.Wm82.a4.v1,0.8859511813334637
Glyma.17G154900.Wm82.a4.v1,0.8858533483343932
Glyma.07G101600.Wm82.a4.v1,0.8858484566844397
Glyma.13G190800.Wm82.a4.v1,0.8858435650344861
Glyma.08G049400.Wm82.a4.v1,0.885833781734579
Glyma.01G180200.Wm82.a4.v1,0.8858044318348579
Glyma.12G038200.Wm82.a4.v1,0.8857701902851832
Glyma.02G001900.Wm82.a4.v1,0.8857261654356015
Glyma.01G002000.Wm82.a4.v1,0.8857163821356944
Glyma.10G244600.Wm82.a4.v1,0.8857017071858337
Glyma.08G157600.Wm82.a4.v1,0.8856919238859268
Glyma.07G142300.Wm82.a4.v1,0.8856723572861126
Glyma.09G131800.Wm82.a4.v1,0.8856723572861126
Glyma.16G143200.Wm82.a4.v1,0.8856674656361591
Glyma.20G145700.Wm82.a4.v1,0.8856674656361591
Glyma.20G200300.Wm82.a4.v1,0.8856625739862055
Glyma.11G067300.Wm82.a4.v1,0.8856136574866702
Glyma.13G364200.Wm82.a4.v1,0.8855989825368097
Glyma.14G201000.Wm82.a4.v1,0.8855940908868561
Glyma.13G062200.Wm82.a4.v1,0.8855158244875997
Glyma.16G127900.Wm82.a4.v1,0.8854766912879715
Glyma.10G238800.Wm82.a4.v1,0.8854571246881573
Glyma.07G118600.Wm82.a4.v1,0.8854522330382038
Glyma.05G233300.Wm82.a4.v1,0.8854277747884362
Glyma.15G206300.Wm82.a4.v1,0.8853690749889938
Glyma.15G213700.Wm82.a4.v1,0.8853495083891797
Glyma.13G288400.Wm82.a4.v1,0.8853397250892726
Glyma.10G022600.Wm82.a4.v1,0.8853005918896444
Glyma.18G031300.Wm82.a4.v1,0.8852174338404344
Glyma.16G127500.Wm82.a4.v1,0.8851978672406202
Glyma.02G036000.Wm82.a4.v1,0.8851685173408991
Glyma.16G022300.Wm82.a4.v1,0.8851440590911315
Glyma.12G002000.Wm82.a4.v1,0.8851293841412708
Glyma.07G064900.Wm82.a4.v1,0.8850804676417355
Glyma.02G008500.Wm82.a4.v1,0.8850804676417355
Glyma.06G175800.Wm82.a4.v1,0.8850364427921538
Glyma.04G137800.Wm82.a4.v1,0.8850266594922467
Glyma.02G255000.Wm82.a4.v1,0.8850022012424791
Glyma.01G109800.Wm82.a4.v1,0.884992417942572
Glyma.20G107100.Wm82.a4.v1,0.8849043682434085
Glyma.11G041000.Wm82.a4.v1,0.8847967519444309
Glyma.08G173800.Wm82.a4.v1,0.8847918602944773
Glyma.18G061500.Wm82.a4.v1,0.884742943794942
Glyma.03G218300.Wm82.a4.v1,0.8847038105953138
Glyma.06G305000.Wm82.a4.v1,0.8846500024458249
Glyma.17G226300.Wm82.a4.v1,0.8845864109964291
Glyma.11G009300.Wm82.a4.v1,0.8845864109964291
Glyma.13G135900.Wm82.a4.v1,0.884576627696522
Glyma.20G065900.Wm82.a4.v1,0.8845717360465685
Glyma.14G222000.Wm82.a4.v1,0.8845472777968009
Glyma.09G177100.Wm82.a4.v1,0.8845228195470333
Glyma.03G156400.Wm82.a4.v1,0.8844885779973585
Glyma.20G201400.Wm82.a4.v1,0.8844836863474049
Glyma.02G020400.Wm82.a4.v1,0.8844396614978233
Glyma.05G015200.Wm82.a4.v1,0.8843809616983809
Glyma.01G225300.Wm82.a4.v1,0.8843418284987526
Glyma.10G021800.Wm82.a4.v1,0.8842880203492638
Glyma.12G071300.Wm82.a4.v1,0.8842733453994032
Glyma.09G044200.Wm82.a4.v1,0.8842488871496356
Glyma.12G193000.Wm82.a4.v1,0.884224428899868
Glyma.11G213600.Wm82.a4.v1,0.884224428899868
Glyma.17G258300.Wm82.a4.v1,0.8842097539500073
Glyma.14G163200.Wm82.a4.v1,0.8841755124003327
Glyma.17G233100.Wm82.a4.v1,0.884141270850658
Glyma.04G224000.Wm82.a4.v1,0.8841363792007044
Glyma.11G161400.Wm82.a4.v1,0.8841363792007044
Glyma.03G089700.Wm82.a4.v1,0.8840972460010762
Glyma.19G217300.Wm82.a4.v1,0.8840605586264247
Glyma.09G134500.Wm82.a4.v1,0.8840043046519591
Glyma.06G095200.Wm82.a4.v1,0.883994521352052
Glyma.13G244500.Wm82.a4.v1,0.883974954752238
Glyma.10G018200.Wm82.a4.v1,0.8839358215526097
Glyma.08G015300.Wm82.a4.v1,0.8839162549527956
Glyma.16G111200.Wm82.a4.v1,0.883901580002935
Glyma.04G106500.Wm82.a4.v1,0.8838869050530744
Glyma.17G167200.Wm82.a4.v1,0.8838820134031209
Glyma.13G057700.Wm82.a4.v1,0.8838722301032138
Glyma.14G214800.Wm82.a4.v1,0.8838624468033067
Glyma.14G098400.Wm82.a4.v1,0.8838330969035856
Glyma.05G014300.Wm82.a4.v1,0.883828205253632
Glyma.10G277900.Wm82.a4.v1,0.8838233136036785
Glyma.07G080400.Wm82.a4.v1,0.8837841804040503
Glyma.13G093100.Wm82.a4.v1,0.8837548305043291
Glyma.08G056500.Wm82.a4.v1,0.8837059140047938
Glyma.09G153300.Wm82.a4.v1,0.8836374309054444
Glyma.17G108200.Wm82.a4.v1,0.8836080810057232
Glyma.19G032000.Wm82.a4.v1,0.8835982977058162
Glyma.18G025500.Wm82.a4.v1,0.8835493812062809
Glyma.13G202200.Wm82.a4.v1,0.8835493812062809
Glyma.15G160700.Wm82.a4.v1,0.8835298146064667
Glyma.17G153300.Wm82.a4.v1,0.8834515482072103
Glyma.09G031700.Wm82.a4.v1,0.8834173066575356
Glyma.14G218400.Wm82.a4.v1,0.8834075233576285
Glyma.17G251800.Wm82.a4.v1,0.8833879567578145
Glyma.20G184000.Wm82.a4.v1,0.8833879567578145
Glyma.02G266900.Wm82.a4.v1,0.8832999070586509
Glyma.11G110900.Wm82.a4.v1,0.8832509905591156
Glyma.07G187500.Wm82.a4.v1,0.8832460989091621
Glyma.06G262700.Wm82.a4.v1,0.8832412072592085
Glyma.09G096700.Wm82.a4.v1,0.8832314239593014
Glyma.15G171000.Wm82.a4.v1,0.8832216406593945
Glyma.10G213200.Wm82.a4.v1,0.8831140243604167
Glyma.17G189300.Wm82.a4.v1,0.8830895661106491
Glyma.18G192400.Wm82.a4.v1,0.8830651078608814
Glyma.03G175600.Wm82.a4.v1,0.8829183583622756
Glyma.17G233900.Wm82.a4.v1,0.8828547669128797
Glyma.15G227600.Wm82.a4.v1,0.8828009587633909
Glyma.12G195700.Wm82.a4.v1,0.8827911754634838
Glyma.17G013900.Wm82.a4.v1,0.8827667172137161
Glyma.07G131700.Wm82.a4.v1,0.8827471506139021
Glyma.12G050800.Wm82.a4.v1,0.8826982341143668
Glyma.14G101000.Wm82.a4.v1,0.8826786675145527
Glyma.15G038200.Wm82.a4.v1,0.8826786675145527
Glyma.02G157002.Wm82.a4.v1,0.8825955094653427
Glyma.12G209300.Wm82.a4.v1,0.882571051215575
Glyma.01G044500.Wm82.a4.v1,0.8825465929658074
Glyma.15G158900.Wm82.a4.v1,0.8824976764662721
Glyma.05G157800.Wm82.a4.v1,0.8824732182165044
Glyma.11G218000.Wm82.a4.v1,0.8824487599667368
Glyma.14G089093.Wm82.a4.v1,0.8824389766668297
Glyma.13G067700.Wm82.a4.v1,0.8824194100670156
Glyma.07G156500.Wm82.a4.v1,0.8823900601672944
Glyma.20G224400.Wm82.a4.v1,0.8823753852174339
Glyma.19G210600.Wm82.a4.v1,0.8823704935674803
Glyma.14G033200.Wm82.a4.v1,0.8823460353177127
Glyma.04G065300.Wm82.a4.v1,0.882321577067945
Glyma.01G157000.Wm82.a4.v1,0.8823069021180844
Glyma.12G204400.Wm82.a4.v1,0.8822873355182703
Glyma.06G176100.Wm82.a4.v1,0.8822677689184562
Glyma.07G090000.Wm82.a4.v1,0.8822628772685027
Glyma.02G002500.Wm82.a4.v1,0.8822579856185492
Glyma.09G264100.Wm82.a4.v1,0.8821992858191068
Glyma.01G077400.Wm82.a4.v1,0.8821748275693392
Glyma.11G042400.Wm82.a4.v1,0.8821259110698039
Glyma.15G131100.Wm82.a4.v1,0.8820818862202221
Glyma.02G244300.Wm82.a4.v1,0.8820427530205939
Glyma.07G253700.Wm82.a4.v1,0.8820427530205939
Glyma.11G181300.Wm82.a4.v1,0.8820134031208726
Glyma.12G053700.Wm82.a4.v1,0.8820134031208726
Glyma.14G212700.Wm82.a4.v1,0.881969378271291
Glyma.20G162400.Wm82.a4.v1,0.8819595949713839
Glyma.14G092900.Wm82.a4.v1,0.8819449200215232
Glyma.16G145300.Wm82.a4.v1,0.8818470870224526
Glyma.13G066900.Wm82.a4.v1,0.8818324120725921
Glyma.10G264200.Wm82.a4.v1,0.8818275204226386
Glyma.07G273500.Wm82.a4.v1,0.8817981705229174
Glyma.17G160300.Wm82.a4.v1,0.8817786039231033
Glyma.02G044500.Wm82.a4.v1,0.8817492540233821
Glyma.04G238000.Wm82.a4.v1,0.8817052291738003
Glyma.01G219400.Wm82.a4.v1,0.8816954458738933
Glyma.16G074300.Wm82.a4.v1,0.8816905542239397
Glyma.08G107100.Wm82.a4.v1,0.8816514210243115
Glyma.05G038100.Wm82.a4.v1,0.881646529374358
Glyma.08G002300.Wm82.a4.v1,0.8816318544244974
Glyma.13G106700.Wm82.a4.v1,0.8815780462750086
Glyma.01G110600.Wm82.a4.v1,0.8815535880252409
Glyma.12G188200.Wm82.a4.v1,0.8815486963752874
Glyma.14G050000.Wm82.a4.v1,0.8814973340507753
Glyma.17G024800.Wm82.a4.v1,0.8814704299760309
Glyma.18G132900.Wm82.a4.v1,0.8814655383260774
Glyma.08G082100.Wm82.a4.v1,0.8813921635767744
Glyma.03G156800.Wm82.a4.v1,0.8813334637773321
Glyma.18G127200.Wm82.a4.v1,0.8813041138776109
Glyma.17G203800.Wm82.a4.v1,0.8812943305777039
Glyma.08G090300.Wm82.a4.v1,0.8812356307782615
Glyma.08G148300.Wm82.a4.v1,0.8811769309788191
Glyma.20G097001.Wm82.a4.v1,0.8811231228293304
Glyma.20G114500.Wm82.a4.v1,0.8811084478794697
Glyma.13G329600.Wm82.a4.v1,0.8810888812796557
Glyma.05G210400.Wm82.a4.v1,0.8810497480800273
Glyma.17G047700.Wm82.a4.v1,0.8810448564300739
Glyma.11G117800.Wm82.a4.v1,0.8810252898302597
Glyma.17G060900.Wm82.a4.v1,0.8810203981803062
Glyma.09G010600.Wm82.a4.v1,0.8810106148803991
Glyma.11G188100.Wm82.a4.v1,0.8810057232304457
Glyma.08G043900.Wm82.a4.v1,0.8810008315804921
Glyma.17G229100.Wm82.a4.v1,0.8809763733307244
Glyma.15G136200.Wm82.a4.v1,0.8809714816807709
Glyma.01G214600.Wm82.a4.v1,0.8809568067309104
Glyma.05G014800.Wm82.a4.v1,0.8809176735312821
Glyma.06G062900.Wm82.a4.v1,0.8809029985814215
Glyma.03G073714.Wm82.a4.v1,0.8808785403316539
Glyma.02G138000.Wm82.a4.v1,0.8808687570317468
Glyma.13G285500.Wm82.a4.v1,0.8808589737318397
Glyma.08G109600.Wm82.a4.v1,0.8808491904319327
Glyma.12G024400.Wm82.a4.v1,0.8806975492833733
Glyma.17G037900.Wm82.a4.v1,0.8806877659834662
Glyma.08G149300.Wm82.a4.v1,0.8806730910336056
Glyma.13G264500.Wm82.a4.v1,0.880648632783838
Glyma.02G141500.Wm82.a4.v1,0.8805605830846744
Glyma.03G085700.Wm82.a4.v1,0.8805507997847674
Glyma.14G058300.Wm82.a4.v1,0.8805312331849533
Glyma.01G022600.Wm82.a4.v1,0.8805214498850462
Glyma.04G189200.Wm82.a4.v1,0.8805116665851391
Glyma.16G109200.Wm82.a4.v1,0.8804920999853251
Glyma.10G149400.Wm82.a4.v1,0.880482316685418
Glyma.08G226000.Wm82.a4.v1,0.8804627500856039
Glyma.13G331400.Wm82.a4.v1,0.8804480751357433
Glyma.19G145900.Wm82.a4.v1,0.8804285085359291
Glyma.19G108500.Wm82.a4.v1,0.8803844836863474
Glyma.01G023300.Wm82.a4.v1,0.8802719757374162
Glyma.20G239700.Wm82.a4.v1,0.8802573007875556
Glyma.02G103500.Wm82.a4.v1,0.8802230592378809
Glyma.17G200600.Wm82.a4.v1,0.8802181675879274
Glyma.02G131500.Wm82.a4.v1,0.8802034926380669
Glyma.08G077300.Wm82.a4.v1,0.8801986009881133
Glyma.03G014000.Wm82.a4.v1,0.8801105512889498
Glyma.18G231300.Wm82.a4.v1,0.8800812013892286
Glyma.10G201800.Wm82.a4.v1,0.8800225015897862
Glyma.05G185300.Wm82.a4.v1,0.8800029349899721
Glyma.12G012400.Wm82.a4.v1,0.8799882600401115
Glyma.17G051900.Wm82.a4.v1,0.879983368390158
Glyma.10G185200.Wm82.a4.v1,0.879983368390158
Glyma.05G014200.Wm82.a4.v1,0.8798953186909945
Glyma.17G092200.Wm82.a4.v1,0.8798855353910874
Glyma.13G161100.Wm82.a4.v1,0.8798561854913662
Glyma.13G303500.Wm82.a4.v1,0.8798366188915521
Glyma.08G182200.Wm82.a4.v1,0.879817052291738
Glyma.10G064200.Wm82.a4.v1,0.8798121606417845
Glyma.09G014600.Wm82.a4.v1,0.8797534608423421
Glyma.18G083900.Wm82.a4.v1,0.8797387858924816
Glyma.13G088100.Wm82.a4.v1,0.8796849777429927
Glyma.18G244100.Wm82.a4.v1,0.8796556278432716
Glyma.13G286400.Wm82.a4.v1,0.8796336154184806
Glyma.16G152200.Wm82.a4.v1,0.8795724697940616
Glyma.08G210900.Wm82.a4.v1,0.8795431198943403
Glyma.13G001100.Wm82.a4.v1,0.8794893117448516
Glyma.07G168500.Wm82.a4.v1,0.8794770826199677
Glyma.08G311400.Wm82.a4.v1,0.8794746367949909
Glyma.13G151300.Wm82.a4.v1,0.8794599618451303
Glyma.14G142500.Wm82.a4.v1,0.8794550701951769
Glyma.12G028700.Wm82.a4.v1,0.8794403952453163
Glyma.06G125200.Wm82.a4.v1,0.8794355035953627
Glyma.17G170300.Wm82.a4.v1,0.8794306119454092
Glyma.01G214100.Wm82.a4.v1,0.8794110453455951
Glyma.02G242200.Wm82.a4.v1,0.8793816954458739
Glyma.13G100700.Wm82.a4.v1,0.8793768037959203
Glyma.10G259400.Wm82.a4.v1,0.8793572371961063
Glyma.03G134800.Wm82.a4.v1,0.8793425622462456
Glyma.17G135500.Wm82.a4.v1,0.8793278872963851
Glyma.12G037200.Wm82.a4.v1,0.8793132123465245
Glyma.18G081100.Wm82.a4.v1,0.8792985373966639
Glyma.09G129300.Wm82.a4.v1,0.8792447292471751
Glyma.08G046400.Wm82.a4.v1,0.8791077630484763
Glyma.20G205200.Wm82.a4.v1,0.878975688499731
Glyma.19G082100.Wm82.a4.v1,0.878892530450521
Glyma.13G239400.Wm82.a4.v1,0.878819155701218
Glyma.08G049300.Wm82.a4.v1,0.878819155701218
Glyma.04G092900.Wm82.a4.v1,0.8787995891014039
Glyma.02G256000.Wm82.a4.v1,0.8787164310521939
Glyma.14G027900.Wm82.a4.v1,0.8787066477522868
Glyma.09G229900.Wm82.a4.v1,0.8786724062026121
Glyma.10G049200.Wm82.a4.v1,0.8786675145526586
Glyma.07G081900.Wm82.a4.v1,0.878643056302891
Glyma.06G290000.Wm82.a4.v1,0.8786381646529374
Glyma.19G020100.Wm82.a4.v1,0.8786234897030768
Glyma.06G157100.Wm82.a4.v1,0.8786185980531234
Glyma.06G018300.Wm82.a4.v1,0.8785941398033557
Glyma.08G125000.Wm82.a4.v1,0.8785647899036345
Glyma.18G008700.Wm82.a4.v1,0.8785550066037274
Glyma.16G059500.Wm82.a4.v1,0.8785501149537739
Glyma.04G038500.Wm82.a4.v1,0.8785109817541457
Glyma.04G096100.Wm82.a4.v1,0.8785060901041921
Glyma.07G062900.Wm82.a4.v1,0.8784669569045639
Glyma.01G161500.Wm82.a4.v1,0.8784473903047498
Glyma.10G021600.Wm82.a4.v1,0.8784424986547963
Glyma.12G225000.Wm82.a4.v1,0.8784180404050286
Glyma.10G244300.Wm82.a4.v1,0.8783789072054003
Glyma.05G214851.Wm82.a4.v1,0.8783495573056792
Glyma.13G360800.Wm82.a4.v1,0.8783153157560045
Glyma.19G128300.Wm82.a4.v1,0.8782859658562834
Glyma.16G016400.Wm82.a4.v1,0.878163674607445
Glyma.13G141700.Wm82.a4.v1,0.8781294330577704
Glyma.13G159100.Wm82.a4.v1,0.8780756249082816
Glyma.07G004300.Wm82.a4.v1,0.878060949958421
Glyma.19G016000.Wm82.a4.v1,0.8780511666585139
Glyma.13G359900.Wm82.a4.v1,0.8780218167587928
Glyma.01G092100.Wm82.a4.v1,0.8779924668590716
Glyma.18G063100.Wm82.a4.v1,0.8779924668590716
Glyma.03G021000.Wm82.a4.v1,0.8779875752091181
Glyma.16G116350.Wm82.a4.v1,0.8779435503595363
Glyma.17G190400.Wm82.a4.v1,0.8779386587095828
Glyma.02G013500.Wm82.a4.v1,0.877914200459815
Glyma.11G243800.Wm82.a4.v1,0.877914200459815
Glyma.20G227200.Wm82.a4.v1,0.8779093088098616
Glyma.09G078700.Wm82.a4.v1,0.8779044171599081
Glyma.09G184500.Wm82.a4.v1,0.8778848505600939
Glyma.12G015900.Wm82.a4.v1,0.8778359340605586
Glyma.14G085200.Wm82.a4.v1,0.8778016925108839
Glyma.06G221600.Wm82.a4.v1,0.8777381010614881
Glyma.06G086000.Wm82.a4.v1,0.8777332094115345
Glyma.13G185000.Wm82.a4.v1,0.8776647263121851
Glyma.18G031100.Wm82.a4.v1,0.8775717849630681
Glyma.09G217300.Wm82.a4.v1,0.877562001663161
Glyma.08G302200.Wm82.a4.v1,0.8775424350633468
Glyma.02G066600.Wm82.a4.v1,0.8775375434133933
Glyma.20G021100.Wm82.a4.v1,0.8775179768135792
Glyma.03G002600.Wm82.a4.v1,0.8775033018637186
Glyma.06G162600.Wm82.a4.v1,0.8774935185638115
Glyma.20G211200.Wm82.a4.v1,0.8774739519639975
Glyma.04G159600.Wm82.a4.v1,0.8774739519639975
Glyma.05G191700.Wm82.a4.v1,0.8774592770141368
Glyma.05G176300.Wm82.a4.v1,0.8774494937142298
Glyma.02G271800.Wm82.a4.v1,0.8774250354644622
Glyma.06G002800.Wm82.a4.v1,0.877395685564741
Glyma.10G229000.Wm82.a4.v1,0.8773516607151592
Glyma.13G306800.Wm82.a4.v1,0.8773223108154381
Glyma.12G187700.Wm82.a4.v1,0.8772929609157168
Glyma.15G095300.Wm82.a4.v1,0.8772636110159957
Glyma.12G094800.Wm82.a4.v1,0.8772440444161815
Glyma.10G055000.Wm82.a4.v1,0.8772391527662281
Glyma.04G007400.Wm82.a4.v1,0.8771511030670646
Glyma.U031320.Wm82.a4.v1,0.8771266448172969
Glyma.09G283300.Wm82.a4.v1,0.8771266448172969
Glyma.12G078500.Wm82.a4.v1,0.8771217531673433
Glyma.07G122400.Wm82.a4.v1,0.8771021865675293
Glyma.13G330600.Wm82.a4.v1,0.877072836667808
Glyma.19G261700.Wm82.a4.v1,0.8770288118182263
Glyma.18G015500.Wm82.a4.v1,0.876979895318691
Glyma.03G128900.Wm82.a4.v1,0.8769652203688304
Glyma.13G041700.Wm82.a4.v1,0.8769603287188769
Glyma.10G243800.Wm82.a4.v1,0.8769456537690163
Glyma.01G153200.Wm82.a4.v1,0.8769114122193415
Glyma.04G146000.Wm82.a4.v1,0.8768429291199922
Glyma.10G206600.Wm82.a4.v1,0.8768184708702246
Glyma.11G155400.Wm82.a4.v1,0.8767891209705033
Glyma.14G166000.Wm82.a4.v1,0.8767548794208286
Glyma.13G142000.Wm82.a4.v1,0.8767255295211075
Glyma.08G047100.Wm82.a4.v1,0.8767157462212004
Glyma.13G271400.Wm82.a4.v1,0.8766717213716186
Glyma.09G179400.Wm82.a4.v1,0.8766619380717116
Glyma.11G248000.Wm82.a4.v1,0.876647263121851
Glyma.20G200000.Wm82.a4.v1,0.8766179132221298
Glyma.11G095300.Wm82.a4.v1,0.8766130215721762
Glyma.14G195700.Wm82.a4.v1,0.8765836716724551
Glyma.06G007700.Wm82.a4.v1,0.8765396468228733
Glyma.17G205900.Wm82.a4.v1,0.8763928973242675
Glyma.11G073400.Wm82.a4.v1,0.8763831140243604
Glyma.19G166200.Wm82.a4.v1,0.8763390891747787
Glyma.20G242100.Wm82.a4.v1,0.876324414224918
Glyma.19G223200.Wm82.a4.v1,0.876314630925011
Glyma.09G265500.Wm82.a4.v1,0.8762657144254757
Glyma.17G206700.Wm82.a4.v1,0.8762608227755222
Glyma.10G233900.Wm82.a4.v1,0.8761972313261263
Glyma.11G193200.Wm82.a4.v1,0.876158098126498
Glyma.18G001900.Wm82.a4.v1,0.876138531526684
Glyma.08G020300.Wm82.a4.v1,0.876138531526684
Glyma.18G000300.Wm82.a4.v1,0.8761287482267769
Glyma.12G098300.Wm82.a4.v1,0.876055373477474
Glyma.19G177300.Wm82.a4.v1,0.8760211319277993
Glyma.20G081600.Wm82.a4.v1,0.8760162402778457
Glyma.13G051800.Wm82.a4.v1,0.8760162402778457
Glyma.13G193300.Wm82.a4.v1,0.875991782028078
Glyma.06G119700.Wm82.a4.v1,0.8759819987281711
Glyma.04G168300.Wm82.a4.v1,0.8759477571784963
Glyma.06G211300.Wm82.a4.v1,0.8758645991292863
Glyma.14G179800.Wm82.a4.v1,0.8758645991292863
Glyma.08G093900.Wm82.a4.v1,0.8758499241794258
Glyma.18G107900.Wm82.a4.v1,0.8757814410800763
Glyma.20G125100.Wm82.a4.v1,0.8757569828303087
Glyma.03G074600.Wm82.a4.v1,0.8757545370053319
Glyma.02G060732.Wm82.a4.v1,0.875742307880448
Glyma.01G233600.Wm82.a4.v1,0.8757178496306804
Glyma.01G212200.Wm82.a4.v1,0.8756982830308663
Glyma.02G308400.Wm82.a4.v1,0.8756982830308663
Glyma.01G055400.Wm82.a4.v1,0.8756346915814704
Glyma.03G173800.Wm82.a4.v1,0.8755808834319816
Glyma.01G205700.Wm82.a4.v1,0.8755466418823069
Glyma.06G106000.Wm82.a4.v1,0.8755075086826787
Glyma.02G046600.Wm82.a4.v1,0.875492833732818
Glyma.13G242800.Wm82.a4.v1,0.875473267133004
Glyma.14G197600.Wm82.a4.v1,0.8754194589835151
Glyma.04G015800.Wm82.a4.v1,0.8753020593846305
Glyma.02G115400.Wm82.a4.v1,0.8752433595851881
Glyma.13G117900.Wm82.a4.v1,0.8752213471603972
Glyma.14G077900.Wm82.a4.v1,0.8751699848358852
Glyma.17G048000.Wm82.a4.v1,0.875150418236071
Glyma.01G015600.Wm82.a4.v1,0.8751112850364428
Glyma.08G162200.Wm82.a4.v1,0.875057476886954
Glyma.15G000800.Wm82.a4.v1,0.8750428019370934
Glyma.13G256400.Wm82.a4.v1,0.8749792104876974
Glyma.19G005600.Wm82.a4.v1,0.8749694271877905
Glyma.05G132000.Wm82.a4.v1,0.8749498605879763
Glyma.19G257000.Wm82.a4.v1,0.8749498605879763
Glyma.15G091600.Wm82.a4.v1,0.8749351856381158
Glyma.20G005900.Wm82.a4.v1,0.8749107273883481
Glyma.05G016600.Wm82.a4.v1,0.8749058357383945
Glyma.08G276400.Wm82.a4.v1,0.8748960524384874
Glyma.02G025200.Wm82.a4.v1,0.8748422442889987
Glyma.08G205700.Wm82.a4.v1,0.8748275693391381
Glyma.16G121300.Wm82.a4.v1,0.8747786528396028
Glyma.05G091100.Wm82.a4.v1,0.8747639778897423
Glyma.10G080000.Wm82.a4.v1,0.8747199530401605
Glyma.14G020000.Wm82.a4.v1,0.8746563615907645
Glyma.01G005000.Wm82.a4.v1,0.874641686640904
Glyma.06G172400.Wm82.a4.v1,0.8746221200410899
Glyma.09G234400.Wm82.a4.v1,0.8746221200410899
Glyma.16G101200.Wm82.a4.v1,0.8745634202416475
Glyma.06G177700.Wm82.a4.v1,0.8745462994668102
Glyma.20G176000.Wm82.a4.v1,0.8745438536418334
Glyma.19G207300.Wm82.a4.v1,0.8744802621924375
Glyma.15G265300.Wm82.a4.v1,0.874401995793181
Glyma.08G075100.Wm82.a4.v1,0.874401995793181
Glyma.14G199200.Wm82.a4.v1,0.874392212493274
Glyma.13G179300.Wm82.a4.v1,0.8743481876436923
Glyma.20G244300.Wm82.a4.v1,0.8742968253191802
Glyma.04G101000.Wm82.a4.v1,0.8742748128943892
Glyma.03G255400.Wm82.a4.v1,0.8742601379445287
Glyma.14G088800.Wm82.a4.v1,0.8742405713447146
Glyma.07G270800.Wm82.a4.v1,0.8742063297950399
Glyma.05G186200.Wm82.a4.v1,0.874152521645551
Glyma.13G211000.Wm82.a4.v1,0.874152521645551
Glyma.02G035800.Wm82.a4.v1,0.8741182800958763
Glyma.08G291000.Wm82.a4.v1,0.8740889301961552
Glyma.14G022300.Wm82.a4.v1,0.8740595802964339
Glyma.14G070300.Wm82.a4.v1,0.874049796996527
Glyma.18G039400.Wm82.a4.v1,0.8738785892481534
Glyma.16G204100.Wm82.a4.v1,0.8738736975981999
Glyma.02G137100.Wm82.a4.v1,0.8738590226483393
Glyma.13G367300.Wm82.a4.v1,0.8738590226483393
Glyma.05G184200.Wm82.a4.v1,0.8738443476984787
Glyma.15G127800.Wm82.a4.v1,0.873819889448711
Glyma.13G311800.Wm82.a4.v1,0.8738149977987575
Glyma.14G223900.Wm82.a4.v1,0.8737514063493617
Glyma.02G296400.Wm82.a4.v1,0.8737514063493617
Glyma.18G229200.Wm82.a4.v1,0.873736731399501
Glyma.03G204300.Wm82.a4.v1,0.8737122731497334
Glyma.06G173500.Wm82.a4.v1,0.8736829232500122
Glyma.19G102000.Wm82.a4.v1,0.873550848701267
Glyma.04G088000.Wm82.a4.v1,0.8735263904514993
Glyma.18G071900.Wm82.a4.v1,0.8735214988015457
Glyma.10G069000.Wm82.a4.v1,0.8733258328034046
Glyma.06G325100.Wm82.a4.v1,0.8732818079538228
Glyma.06G310100.Wm82.a4.v1,0.8732769163038693
Glyma.16G076800.Wm82.a4.v1,0.8732671330039622
Glyma.03G225200.Wm82.a4.v1,0.8732622413540088
Glyma.04G126100.Wm82.a4.v1,0.873218216504427
Glyma.12G084100.Wm82.a4.v1,0.873154625055031
Glyma.13G080900.Wm82.a4.v1,0.8731301668052635
Glyma.15G150400.Wm82.a4.v1,0.8731252751553099
Glyma.15G269800.Wm82.a4.v1,0.8731203835053564
Glyma.03G145900.Wm82.a4.v1,0.8731106002054493
Glyma.06G018800.Wm82.a4.v1,0.8730959252555887
Glyma.07G041400.Wm82.a4.v1,0.8730812503057281
Glyma.16G153900.Wm82.a4.v1,0.8730665753558675
Glyma.17G071300.Wm82.a4.v1,0.873051900406007
Glyma.19G009700.Wm82.a4.v1,0.8730421171060999
Glyma.11G245300.Wm82.a4.v1,0.8729442841070293
Glyma.11G213400.Wm82.a4.v1,0.8729100425573546
Glyma.20G089400.Wm82.a4.v1,0.872885584307587
Glyma.15G276700.Wm82.a4.v1,0.8728513427579122
Glyma.07G211100.Wm82.a4.v1,0.8728171012082375
Glyma.01G068000.Wm82.a4.v1,0.872812209558284
Glyma.14G138980.Wm82.a4.v1,0.8727828596585628
Glyma.01G231700.Wm82.a4.v1,0.8727779680086093
Glyma.10G038600.Wm82.a4.v1,0.8727730763586558
Glyma.20G005800.Wm82.a4.v1,0.8727486181088882
Glyma.12G026700.Wm82.a4.v1,0.8727339431590275
Glyma.15G143100.Wm82.a4.v1,0.8727045932593064
Glyma.06G270500.Wm82.a4.v1,0.8726703517096317
Glyma.02G003100.Wm82.a4.v1,0.8726018686102822
Glyma.08G226700.Wm82.a4.v1,0.8726018686102822
Glyma.04G138600.Wm82.a4.v1,0.8724893606613511
Glyma.20G181300.Wm82.a4.v1,0.8724746857114904
Glyma.07G152200.Wm82.a4.v1,0.8724502274617228
Glyma.17G092500.Wm82.a4.v1,0.8724502274617228
Glyma.20G161600.Wm82.a4.v1,0.8724110942620946
Glyma.20G099600.Wm82.a4.v1,0.8724062026121411
Glyma.20G152100.Wm82.a4.v1,0.8724013109621875
Glyma.03G143100.Wm82.a4.v1,0.8723915276622805
Glyma.08G335500.Wm82.a4.v1,0.8723426111627451
Glyma.15G099400.Wm82.a4.v1,0.8722985863131635
Glyma.17G035700.Wm82.a4.v1,0.8722398865137211
Glyma.13G042500.Wm82.a4.v1,0.8722056449640464
Glyma.12G162963.Wm82.a4.v1,0.8721714034143717
Glyma.18G011000.Wm82.a4.v1,0.8721518368145575
Glyma.08G061700.Wm82.a4.v1,0.8721078119649758
Glyma.15G123400.Wm82.a4.v1,0.8721029203150222
Glyma.02G288900.Wm82.a4.v1,0.8720931370151151
Glyma.11G243000.Wm82.a4.v1,0.8720784620652546
Glyma.20G135400.Wm82.a4.v1,0.871980629066184
Glyma.16G196800.Wm82.a4.v1,0.8719708457662769
Glyma.17G095800.Wm82.a4.v1,0.8719561708164164
Glyma.07G152300.Wm82.a4.v1,0.8719268209166952
Glyma.11G134900.Wm82.a4.v1,0.8719121459668346
Glyma.11G160300.Wm82.a4.v1,0.8718485545174387
Glyma.13G225900.Wm82.a4.v1,0.8717898547179964
Glyma.13G152916.Wm82.a4.v1,0.8717849630680429
Glyma.06G005700.Wm82.a4.v1,0.8717556131683217
Glyma.14G211700.Wm82.a4.v1,0.8717458298684146
Glyma.04G009100.Wm82.a4.v1,0.8717409382184611
Glyma.14G086300.Wm82.a4.v1,0.8717262632686005
Glyma.02G145200.Wm82.a4.v1,0.8717066966687864
Glyma.03G225400.Wm82.a4.v1,0.8716871300689722
Glyma.07G257800.Wm82.a4.v1,0.8716724551191116
Glyma.11G116700.Wm82.a4.v1,0.8716577801692511
Glyma.02G164700.Wm82.a4.v1,0.8716431052193905
Glyma.08G005500.Wm82.a4.v1,0.8715012473707382
Glyma.15G146800.Wm82.a4.v1,0.8714718974710169
Glyma.09G056200.Wm82.a4.v1,0.8714523308712029
Glyma.06G261500.Wm82.a4.v1,0.8714278726214352
Glyma.03G258800.Wm82.a4.v1,0.8713691728219929
Glyma.18G196000.Wm82.a4.v1,0.8713544978721323
Glyma.01G163300.Wm82.a4.v1,0.8713447145722252
Glyma.06G193000.Wm82.a4.v1,0.8713398229222716
Glyma.02G278300.Wm82.a4.v1,0.871315364672504
Glyma.11G255000.Wm82.a4.v1,0.8712811231228293
Glyma.07G213200.Wm82.a4.v1,0.8712762314728758
Glyma.09G085300.Wm82.a4.v1,0.8712517732231082
Glyma.15G046201.Wm82.a4.v1,0.8712419899232011
Glyma.06G184600.Wm82.a4.v1,0.8712077483735264
Glyma.01G219800.Wm82.a4.v1,0.8711832901237587
Glyma.01G234000.Wm82.a4.v1,0.871149048574084
Glyma.08G298500.Wm82.a4.v1,0.8711343736242234
Glyma.02G138100.Wm82.a4.v1,0.8711294819742699
Glyma.17G019800.Wm82.a4.v1,0.871065890524874
Glyma.10G175900.Wm82.a4.v1,0.871056107224967
Glyma.07G209100.Wm82.a4.v1,0.8709778408257105
Glyma.15G111800.Wm82.a4.v1,0.870899574426454
Glyma.08G185500.Wm82.a4.v1,0.8708946827765005
Glyma.20G174800.Wm82.a4.v1,0.870889791126547
Glyma.04G117400.Wm82.a4.v1,0.8708017414273834
Glyma.08G360100.Wm82.a4.v1,0.8707772831776158
Glyma.03G145500.Wm82.a4.v1,0.8707381499779876
Glyma.09G112200.Wm82.a4.v1,0.8707283666780805
Glyma.13G320800.Wm82.a4.v1,0.8706696668786381
Glyma.08G268900.Wm82.a4.v1,0.8706501002788241
Glyma.17G135200.Wm82.a4.v1,0.8706452086288705
Glyma.09G285100.Wm82.a4.v1,0.8705914004793817
Glyma.08G285900.Wm82.a4.v1,0.8705767255295211
Glyma.14G150600.Wm82.a4.v1,0.8705669422296141
Glyma.20G023500.Wm82.a4.v1,0.8705180257300787
Glyma.11G056700.Wm82.a4.v1,0.8704886758303576
Glyma.01G240700.Wm82.a4.v1,0.8704642175805899
Glyma.15G208200.Wm82.a4.v1,0.8704153010810547
Glyma.09G043900.Wm82.a4.v1,0.870390842831287
Glyma.18G051400.Wm82.a4.v1,0.8702930098322164
Glyma.12G117700.Wm82.a4.v1,0.8702783348823558
Glyma.08G171500.Wm82.a4.v1,0.8702685515824488
Glyma.13G341100.Wm82.a4.v1,0.8702196350829134
Glyma.11G165900.Wm82.a4.v1,0.8702098517830064
Glyma.10G267000.Wm82.a4.v1,0.8701805018832852
Glyma.18G255200.Wm82.a4.v1,0.8701218020838429
Glyma.06G023900.Wm82.a4.v1,0.8701120187839358
Glyma.14G035700.Wm82.a4.v1,0.8700973438340752
Glyma.03G178500.Wm82.a4.v1,0.8700484273345399
Glyma.08G020800.Wm82.a4.v1,0.8700386440346329
Glyma.01G187300.Wm82.a4.v1,0.8700239690847723
Glyma.03G005800.Wm82.a4.v1,0.8699554859854229
Glyma.13G252800.Wm82.a4.v1,0.8699457026855159
Glyma.13G221100.Wm82.a4.v1,0.8699359193856088
Glyma.13G169500.Wm82.a4.v1,0.8698967861859805
Glyma.08G207200.Wm82.a4.v1,0.869891894536027
Glyma.13G148400.Wm82.a4.v1,0.8698821112361199
Glyma.08G142300.Wm82.a4.v1,0.8698674362862594
Glyma.07G103000.Wm82.a4.v1,0.8698380863865381
Glyma.01G010800.Wm82.a4.v1,0.8697842782370494
Glyma.15G056800.Wm82.a4.v1,0.8697647116372352
Glyma.18G153300.Wm82.a4.v1,0.8697549283373281
Glyma.03G257600.Wm82.a4.v1,0.869725578437607
Glyma.07G091166.Wm82.a4.v1,0.8697011201878394
Glyma.18G015200.Wm82.a4.v1,0.8696962285378859
Glyma.08G194700.Wm82.a4.v1,0.8696962285378859
Glyma.19G160600.Wm82.a4.v1,0.8696522036883041
Glyma.04G182900.Wm82.a4.v1,0.8696228537885828
Glyma.12G163700.Wm82.a4.v1,0.8696081788387223
Glyma.02G311333.Wm82.a4.v1,0.8696032871887688
Glyma.02G096600.Wm82.a4.v1,0.8695543706892335
Glyma.13G212600.Wm82.a4.v1,0.8695348040894194
Glyma.14G127800.Wm82.a4.v1,0.8694467543902559
Glyma.10G197100.Wm82.a4.v1,0.8694027295406741
Glyma.04G158600.Wm82.a4.v1,0.8693978378907206
Glyma.08G012600.Wm82.a4.v1,0.8693782712909064
Glyma.01G215400.Wm82.a4.v1,0.8693342464413246
Glyma.20G047600.Wm82.a4.v1,0.8693195714914641
Glyma.10G128100.Wm82.a4.v1,0.8692951132416964
Glyma.20G246100.Wm82.a4.v1,0.8692853299417894
Glyma.09G118100.Wm82.a4.v1,0.8692804382918359
Glyma.11G243500.Wm82.a4.v1,0.8692461967421611
Glyma.07G162900.Wm82.a4.v1,0.869226630142347
Glyma.15G221700.Wm82.a4.v1,0.8692217384923935
Glyma.20G107300.Wm82.a4.v1,0.8691874969427188
Glyma.02G288300.Wm82.a4.v1,0.8691826052927653
Glyma.10G244800.Wm82.a4.v1,0.8691190138433693
Glyma.02G157900.Wm82.a4.v1,0.8691165680183927
Glyma.15G138500.Wm82.a4.v1,0.869060314043927
Glyma.11G017900.Wm82.a4.v1,0.868977155994717
Glyma.17G128200.Wm82.a4.v1,0.8689624810448564
Glyma.11G114001.Wm82.a4.v1,0.8689478060949959
Glyma.04G189600.Wm82.a4.v1,0.8689380227950888
Glyma.01G120400.Wm82.a4.v1,0.8689331311451353
Glyma.07G032200.Wm82.a4.v1,0.8689184561952746
Glyma.06G265100.Wm82.a4.v1,0.8689184561952746
Glyma.20G170600.Wm82.a4.v1,0.8689135645453211
Glyma.18G094600.Wm82.a4.v1,0.8689062270703909
Glyma.16G153200.Wm82.a4.v1,0.8688988895954606
Glyma.11G243700.Wm82.a4.v1,0.8688842146456
Glyma.07G250000.Wm82.a4.v1,0.8688304064961111
Glyma.16G117200.Wm82.a4.v1,0.8688059482463435
Glyma.02G235800.Wm82.a4.v1,0.8686983319473659
Glyma.09G070300.Wm82.a4.v1,0.8686591987477376
Glyma.06G292500.Wm82.a4.v1,0.8686591987477376
Glyma.08G135900.Wm82.a4.v1,0.86863474049797
Glyma.17G138500.Wm82.a4.v1,0.8686004989482953
Glyma.12G180600.Wm82.a4.v1,0.8685711490485741
Glyma.05G104100.Wm82.a4.v1,0.8685662573986206
Glyma.20G219600.Wm82.a4.v1,0.8685173408990853
Glyma.11G112000.Wm82.a4.v1,0.8685075575991782
Glyma.04G161000.Wm82.a4.v1,0.8684879909993641
Glyma.07G001600.Wm82.a4.v1,0.8684243995499682
Glyma.07G084500.Wm82.a4.v1,0.8683901580002935
Glyma.08G361500.Wm82.a4.v1,0.8683828205253632
Glyma.10G056800.Wm82.a4.v1,0.8683754830504329
Glyma.17G127200.Wm82.a4.v1,0.8683510248006653
Glyma.20G018800.Wm82.a4.v1,0.8683412415007582
Glyma.06G139300.Wm82.a4.v1,0.8683314582008511
Glyma.02G279600.Wm82.a4.v1,0.8682825417013158
Glyma.04G013900.Wm82.a4.v1,0.8681847087022453
Glyma.04G145400.Wm82.a4.v1,0.8681406838526635
Glyma.07G260802.Wm82.a4.v1,0.8680966590030817
Glyma.07G016700.Wm82.a4.v1,0.8680868757031747
Glyma.19G171200.Wm82.a4.v1,0.8680819840532211
Glyma.19G247500.Wm82.a4.v1,0.8680746465782908
Glyma.02G190600.Wm82.a4.v1,0.868072200753314
Glyma.07G095900.Wm82.a4.v1,0.8680697549283374
Glyma.03G129100.Wm82.a4.v1,0.8680135009538718
Glyma.02G297000.Wm82.a4.v1,0.8680037176539647
Glyma.14G177300.Wm82.a4.v1,0.8679939343540576
Glyma.18G067200.Wm82.a4.v1,0.8679205596047547
Glyma.13G136500.Wm82.a4.v1,0.8678814264051264
Glyma.18G269100.Wm82.a4.v1,0.8678520765054053
Glyma.13G283500.Wm82.a4.v1,0.8677884850560094
Glyma.12G063700.Wm82.a4.v1,0.8676417355574035
Glyma.11G188800.Wm82.a4.v1,0.8676074940077289
Glyma.11G226400.Wm82.a4.v1,0.8675439025583329
Glyma.11G082400.Wm82.a4.v1,0.8674949860587976
Glyma.01G207700.Wm82.a4.v1,0.8674900944088441
Glyma.16G083500.Wm82.a4.v1,0.8674803111089371
Glyma.11G133600.Wm82.a4.v1,0.8674656361590765
Glyma.14G126300.Wm82.a4.v1,0.8674558528591694
Glyma.04G196800.Wm82.a4.v1,0.8674509612092158
Glyma.08G308700.Wm82.a4.v1,0.8674460695592623
Glyma.18G255400.Wm82.a4.v1,0.8674118280095876
Glyma.12G242300.Wm82.a4.v1,0.8673555740351221
Glyma.06G045600.Wm82.a4.v1,0.8673433449102382
Glyma.04G225700.Wm82.a4.v1,0.8673237783104241
Glyma.14G009300.Wm82.a4.v1,0.8672650785109818
Glyma.16G204000.Wm82.a4.v1,0.8672063787115394
Glyma.02G121300.Wm82.a4.v1,0.8671672455119112
Glyma.03G007200.Wm82.a4.v1,0.8671476789120971
Glyma.08G067000.Wm82.a4.v1,0.8670791958127476
Glyma.19G065600.Wm82.a4.v1,0.8670351709631658
Glyma.02G029800.Wm82.a4.v1,0.8669911461135841
Glyma.18G213900.Wm82.a4.v1,0.8669666878638165
Glyma.19G018600.Wm82.a4.v1,0.8669666878638165
Glyma.05G056400.Wm82.a4.v1,0.8669569045639094
Glyma.07G190300.Wm82.a4.v1,0.8669324463141418
Glyma.10G020300.Wm82.a4.v1,0.8669030964144205
Glyma.16G135000.Wm82.a4.v1,0.8668590715648388
Glyma.05G185200.Wm82.a4.v1,0.8668248300151641
Glyma.01G229400.Wm82.a4.v1,0.8668003717653965
Glyma.03G002500.Wm82.a4.v1,0.8667905884654894
Glyma.05G195000.Wm82.a4.v1,0.86672210536614
Glyma.09G202500.Wm82.a4.v1,0.8666976471163723
Glyma.06G265500.Wm82.a4.v1,0.8666829721665118
Glyma.16G143800.Wm82.a4.v1,0.8666438389668836
Glyma.12G113302.Wm82.a4.v1,0.8665704642175805
Glyma.05G241900.Wm82.a4.v1,0.8665117644181383
Glyma.06G081500.Wm82.a4.v1,0.8664286063689283
Glyma.05G089000.Wm82.a4.v1,0.8663503399696718
Glyma.05G224400.Wm82.a4.v1,0.8663454483197183
Glyma.06G077400.Wm82.a4.v1,0.8663307733698576
Glyma.14G018300.Wm82.a4.v1,0.8663209900699506
Glyma.06G037100.Wm82.a4.v1,0.8662818568703223
Glyma.05G239300.Wm82.a4.v1,0.8662182654209265
Glyma.01G017400.Wm82.a4.v1,0.866213373770973
Glyma.18G228700.Wm82.a4.v1,0.8661889155212052
Glyma.20G172100.Wm82.a4.v1,0.8661546739715306
Glyma.03G223500.Wm82.a4.v1,0.866149782321577
Glyma.06G156500.Wm82.a4.v1,0.8661155407719023
Glyma.03G120900.Wm82.a4.v1,0.8660764075722741
Glyma.05G163700.Wm82.a4.v1,0.8660372743726459
Glyma.15G229400.Wm82.a4.v1,0.8660323827226923
Glyma.13G279500.Wm82.a4.v1,0.8659981411730177
Glyma.11G085100.Wm82.a4.v1,0.8659932495230641
Glyma.11G082800.Wm82.a4.v1,0.8659590079733894
Glyma.02G120000.Wm82.a4.v1,0.8659394413735753
Glyma.01G141900.Wm82.a4.v1,0.8659345497236218
Glyma.14G098600.Wm82.a4.v1,0.8659051998239006
Glyma.20G242400.Wm82.a4.v1,0.8658905248740401
Glyma.09G264400.Wm82.a4.v1,0.8658905248740401
Glyma.06G267400.Wm82.a4.v1,0.865880741574133
Glyma.07G262100.Wm82.a4.v1,0.8658465000244583
Glyma.17G213700.Wm82.a4.v1,0.8658416083745047
Glyma.12G181800.Wm82.a4.v1,0.8658318250745977
Glyma.20G208000.Wm82.a4.v1,0.8657926918749694
Glyma.17G017100.Wm82.a4.v1,0.8657682336252018
Glyma.01G232500.Wm82.a4.v1,0.8657535586753412
Glyma.11G092200.Wm82.a4.v1,0.8656997505258524
Glyma.17G001700.Wm82.a4.v1,0.8656581715012474
Glyma.01G045500.Wm82.a4.v1,0.865650834026317
Glyma.06G119400.Wm82.a4.v1,0.8656019175267818
Glyma.08G053000.Wm82.a4.v1,0.8655921342268748
Glyma.18G189800.Wm82.a4.v1,0.8655774592770141
Glyma.03G172600.Wm82.a4.v1,0.865567675977107
Glyma.18G011200.Wm82.a4.v1,0.8655530010272465
Glyma.18G270300.Wm82.a4.v1,0.8655285427774788
Glyma.10G192300.Wm82.a4.v1,0.8654991928777577
Glyma.10G009700.Wm82.a4.v1,0.8654698429780365
Glyma.13G235300.Wm82.a4.v1,0.8654258181284548
Glyma.15G237900.Wm82.a4.v1,0.865401359878687
Glyma.07G051700.Wm82.a4.v1,0.8653915765787801
Glyma.20G237900.Wm82.a4.v1,0.8653426600792448
Glyma.04G024100.Wm82.a4.v1,0.8652790686298488
Glyma.03G223000.Wm82.a4.v1,0.8652692853299417
Glyma.07G253800.Wm82.a4.v1,0.8652643936799883
Glyma.15G037200.Wm82.a4.v1,0.8652546103800812
Glyma.08G188800.Wm82.a4.v1,0.8652203688304065
Glyma.20G092200.Wm82.a4.v1,0.8651469940811035
Glyma.16G195000.Wm82.a4.v1,0.8651127525314288
Glyma.13G336300.Wm82.a4.v1,0.8650980775815683
Glyma.07G142000.Wm82.a4.v1,0.8650198111823117
Glyma.01G173300.Wm82.a4.v1,0.8650002445824977
Glyma.08G065200.Wm82.a4.v1,0.8649953529325441
Glyma.09G199100.Wm82.a4.v1,0.8649953529325441
Glyma.18G016900.Wm82.a4.v1,0.8649904612825906
Glyma.19G213500.Wm82.a4.v1,0.8649317614831483
Glyma.02G048800.Wm82.a4.v1,0.8649024115834271
Glyma.04G046100.Wm82.a4.v1,0.864882844983613
Glyma.18G234700.Wm82.a4.v1,0.8648437117839848
Glyma.02G217200.Wm82.a4.v1,0.8648339284840777
Glyma.18G175800.Wm82.a4.v1,0.8648192535342171
Glyma.11G251300.Wm82.a4.v1,0.8648143618842635
Glyma.10G289700.Wm82.a4.v1,0.86480947023431
Glyma.08G077100.Wm82.a4.v1,0.8647947952844495
Glyma.20G053400.Wm82.a4.v1,0.8647752286846353
Glyma.13G270900.Wm82.a4.v1,0.8647703370346818
Glyma.20G133500.Wm82.a4.v1,0.8647067455852859
Glyma.18G036300.Wm82.a4.v1,0.8646040209362618
Glyma.06G170300.Wm82.a4.v1,0.8645844543364477
Glyma.20G249800.Wm82.a4.v1,0.8645453211368195
Glyma.05G051800.Wm82.a4.v1,0.8645404294868659
Glyma.16G217600.Wm82.a4.v1,0.8644964046372842
Glyma.10G179900.Wm82.a4.v1,0.8644230298879813
Glyma.07G247500.Wm82.a4.v1,0.8644181382380277
Glyma.16G025700.Wm82.a4.v1,0.8644181382380277
Glyma.09G083800.Wm82.a4.v1,0.8644083549381206
Glyma.15G060100.Wm82.a4.v1,0.8644034632881671
Glyma.06G206600.Wm82.a4.v1,0.8643790050383995
Glyma.06G152800.Wm82.a4.v1,0.8643741133884459
Glyma.15G097700.Wm82.a4.v1,0.8643545467886318
Glyma.15G173500.Wm82.a4.v1,0.8643349801888177
Glyma.20G061700.Wm82.a4.v1,0.8643300885388642
Glyma.13G290400.Wm82.a4.v1,0.8643276427138874
Glyma.13G212900.Wm82.a4.v1,0.8643251968889106
Glyma.06G289700.Wm82.a4.v1,0.8642958469891895
Glyma.02G140900.Wm82.a4.v1,0.8642664970894682
Glyma.20G081500.Wm82.a4.v1,0.8642518221396077
Glyma.05G196400.Wm82.a4.v1,0.8642126889399795
Glyma.13G175600.Wm82.a4.v1,0.8641735557403513
Glyma.14G000800.Wm82.a4.v1,0.8641686640903977
Glyma.09G175966.Wm82.a4.v1,0.8641637724404442
Glyma.14G062200.Wm82.a4.v1,0.8641490974905836
Glyma.11G094500.Wm82.a4.v1,0.864124639240816
Glyma.03G243500.Wm82.a4.v1,0.8641124101159321
Glyma.07G028300.Wm82.a4.v1,0.864051264491513
Glyma.10G180100.Wm82.a4.v1,0.864041481191606
Glyma.16G051600.Wm82.a4.v1,0.8639901188670939
Glyma.07G183000.Wm82.a4.v1,0.8639827813921636
Glyma.14G080100.Wm82.a4.v1,0.8639485398424889
Glyma.10G158500.Wm82.a4.v1,0.8638604901433253
Glyma.02G149700.Wm82.a4.v1,0.8638458151934647
Glyma.04G069200.Wm82.a4.v1,0.8638409235435113
Glyma.18G045000.Wm82.a4.v1,0.863801790343883
Glyma.09G069800.Wm82.a4.v1,0.8637871153940224
Glyma.02G265100.Wm82.a4.v1,0.8637381988944871
Glyma.20G245400.Wm82.a4.v1,0.8637235239446265
Glyma.08G036900.Wm82.a4.v1,0.8637235239446265
Glyma.05G135100.Wm82.a4.v1,0.8636990656948589
Glyma.06G067800.Wm82.a4.v1,0.8636746074450913
Glyma.11G191900.Wm82.a4.v1,0.86364525754537
Glyma.05G006000.Wm82.a4.v1,0.8635767744460207
Glyma.13G335100.Wm82.a4.v1,0.8635572078462065
Glyma.01G193700.Wm82.a4.v1,0.8635327495964389
Glyma.13G135100.Wm82.a4.v1,0.8635033996967177
Glyma.07G000400.Wm82.a4.v1,0.8634495915472289
Glyma.04G084200.Wm82.a4.v1,0.8634495915472289
Glyma.08G200500.Wm82.a4.v1,0.8634104583476007
Glyma.13G308900.Wm82.a4.v1,0.863376216797926
Glyma.05G076300.Wm82.a4.v1,0.8633419752482512
Glyma.02G247300.Wm82.a4.v1,0.8633321919483442
Glyma.03G069100.Wm82.a4.v1,0.8632245756493665
Glyma.04G002600.Wm82.a4.v1,0.8631903340996918
Glyma.06G164600.Wm82.a4.v1,0.8631609841999707
Glyma.03G248500.Wm82.a4.v1,0.8631560925500171
Glyma.15G057700.Wm82.a4.v1,0.8631560925500171
Glyma.11G159230.Wm82.a4.v1,0.8631560925500171
Glyma.20G229900.Wm82.a4.v1,0.8631512009000636
Glyma.10G215800.Wm82.a4.v1,0.8631512009000636
Glyma.18G024000.Wm82.a4.v1,0.8631414176001565
Glyma.03G019500.Wm82.a4.v1,0.8630876094506678
Glyma.04G229600.Wm82.a4.v1,0.8630778261507607
Glyma.14G095900.Wm82.a4.v1,0.863053367900993
Glyma.06G134900.Wm82.a4.v1,0.8630338013011789
Glyma.13G245600.Wm82.a4.v1,0.8630338013011789
Glyma.19G186000.Wm82.a4.v1,0.8630240180012718
Glyma.14G112200.Wm82.a4.v1,0.8630093430514112
Glyma.01G064400.Wm82.a4.v1,0.862970209851783
Glyma.13G312300.Wm82.a4.v1,0.8629457516020154
Glyma.15G077900.Wm82.a4.v1,0.8629310766521547
Glyma.07G234900.Wm82.a4.v1,0.8629310766521547
Glyma.18G297900.Wm82.a4.v1,0.8629115100523407
Glyma.19G229500.Wm82.a4.v1,0.8628919434525265
Glyma.12G087300.Wm82.a4.v1,0.8628919434525265
Glyma.10G122100.Wm82.a4.v1,0.8628528102528983
Glyma.14G133000.Wm82.a4.v1,0.8628234603531771
Glyma.13G352000.Wm82.a4.v1,0.8627305190040601
Glyma.05G085200.Wm82.a4.v1,0.8626913858044318
Glyma.19G206900.Wm82.a4.v1,0.8626742650295944
Glyma.20G244900.Wm82.a4.v1,0.8626326860049894
Glyma.04G246200.Wm82.a4.v1,0.8626326860049894
Glyma.20G035300.Wm82.a4.v1,0.8626229027050825
Glyma.18G227200.Wm82.a4.v1,0.8626229027050825
Glyma.17G253900.Wm82.a4.v1,0.8625837695054542
Glyma.09G070600.Wm82.a4.v1,0.8625593112556865
Glyma.16G047400.Wm82.a4.v1,0.8625495279557794
Glyma.06G079000.Wm82.a4.v1,0.8624859365063836
Glyma.18G200800.Wm82.a4.v1,0.8624810448564301
Glyma.04G199200.Wm82.a4.v1,0.8624761532064765
Glyma.15G195700.Wm82.a4.v1,0.8624565866066625
Glyma.03G136900.Wm82.a4.v1,0.8623832118573594
Glyma.03G146000.Wm82.a4.v1,0.8623587536075918
Glyma.15G044700.Wm82.a4.v1,0.8623342953578242
Glyma.07G045600.Wm82.a4.v1,0.8623294037078707
Glyma.13G126200.Wm82.a4.v1,0.8623000538081494
Glyma.17G145100.Wm82.a4.v1,0.8623000538081494
Glyma.20G205000.Wm82.a4.v1,0.8621777625593112
Glyma.12G216900.Wm82.a4.v1,0.8620701462603336
Glyma.08G343100.Wm82.a4.v1,0.8620212297607983
Glyma.09G196100.Wm82.a4.v1,0.8619820965611701
Glyma.02G304500.Wm82.a4.v1,0.8619331800616348
Glyma.11G130200.Wm82.a4.v1,0.8619331800616348
Glyma.05G010500.Wm82.a4.v1,0.8618989385119601
Glyma.06G189900.Wm82.a4.v1,0.861889155212053
Glyma.03G019700.Wm82.a4.v1,0.8618402387125177
Glyma.09G008100.Wm82.a4.v1,0.8617766472631219
Glyma.12G194500.Wm82.a4.v1,0.8617277307635866
Glyma.15G118800.Wm82.a4.v1,0.8616788142640512
Glyma.07G206800.Wm82.a4.v1,0.8616739226140977
Glyma.08G040400.Wm82.a4.v1,0.8616690309641442
Glyma.19G194900.Wm82.a4.v1,0.8616347894144695
Glyma.03G014900.Wm82.a4.v1,0.861598102039818
Glyma.04G052000.Wm82.a4.v1,0.8615614146651666
Glyma.13G305000.Wm82.a4.v1,0.861556523015213
Glyma.17G101000.Wm82.a4.v1,0.8615271731154919
Glyma.06G260000.Wm82.a4.v1,0.8615222814655383
Glyma.14G017700.Wm82.a4.v1,0.8614929315658172
Glyma.11G241500.Wm82.a4.v1,0.8614489067162354
Glyma.12G095900.Wm82.a4.v1,0.8614195568165142
Glyma.04G123500.Wm82.a4.v1,0.8614097735166072
Glyma.18G197100.Wm82.a4.v1,0.8613877610918163
Glyma.07G013900.Wm82.a4.v1,0.8613755319669324
Glyma.07G239500.Wm82.a4.v1,0.8613315071173507
Glyma.01G231800.Wm82.a4.v1,0.8613266154673972
Glyma.17G122500.Wm82.a4.v1,0.8612336741182801
Glyma.05G243200.Wm82.a4.v1,0.8612287824683266
Glyma.04G206400.Wm82.a4.v1,0.8611945409186519
Glyma.20G192200.Wm82.a4.v1,0.8611700826688842
Glyma.05G085000.Wm82.a4.v1,0.8611505160690701
Glyma.15G027700.Wm82.a4.v1,0.8611456244191166
Glyma.14G087900.Wm82.a4.v1,0.861121166169349
Glyma.08G040700.Wm82.a4.v1,0.8610918162696277
Glyma.06G152500.Wm82.a4.v1,0.8610869246196742
Glyma.06G296102.Wm82.a4.v1,0.8610820329697206
Glyma.08G048200.Wm82.a4.v1,0.8610673580198601
Glyma.02G212100.Wm82.a4.v1,0.8610428997700924
Glyma.13G042800.Wm82.a4.v1,0.8610135498703713
Glyma.13G087000.Wm82.a4.v1,0.860964633370836
Glyma.07G080800.Wm82.a4.v1,0.8609352834711148
Glyma.18G249400.Wm82.a4.v1,0.8609010419214401
Glyma.14G026700.Wm82.a4.v1,0.8608716920217189
Glyma.13G289800.Wm82.a4.v1,0.8607738590226484
Glyma.02G012800.Wm82.a4.v1,0.8607640757227413
Glyma.18G125500.Wm82.a4.v1,0.860724942523113
Glyma.04G199400.Wm82.a4.v1,0.8607004842733454
Glyma.14G020100.Wm82.a4.v1,0.8606760260235777
Glyma.08G084600.Wm82.a4.v1,0.8606466761238566
Glyma.02G211600.Wm82.a4.v1,0.8606271095240424
Glyma.12G171700.Wm82.a4.v1,0.8606026512742748
Glyma.07G022300.Wm82.a4.v1,0.8605635180746466
Glyma.09G054100.Wm82.a4.v1,0.8605292765249719
Glyma.19G112700.Wm82.a4.v1,0.8604901433253437
Glyma.03G203000.Wm82.a4.v1,0.860465685075576
Glyma.01G155300.Wm82.a4.v1,0.8604510101257155
Glyma.16G165100.Wm82.a4.v1,0.8604412268258084
Glyma.20G054600.Wm82.a4.v1,0.8604216602259942
Glyma.08G053500.Wm82.a4.v1,0.8603629604265519
Glyma.07G128100.Wm82.a4.v1,0.8603580687765984
Glyma.04G155551.Wm82.a4.v1,0.8603531771266448
Glyma.05G191200.Wm82.a4.v1,0.8603336105268307
Glyma.15G073000.Wm82.a4.v1,0.8603189355769701
Glyma.14G160600.Wm82.a4.v1,0.8602944773272024
Glyma.16G196700.Wm82.a4.v1,0.8602749107273884
Glyma.09G156302.Wm82.a4.v1,0.8602700190774348
Glyma.11G038800.Wm82.a4.v1,0.8601966443281319
Glyma.02G107700.Wm82.a4.v1,0.8601868610282248
Glyma.12G032300.Wm82.a4.v1,0.8601721860783642
Glyma.01G168500.Wm82.a4.v1,0.8601624027784571
Glyma.01G125900.Wm82.a4.v1,0.8601281612287824
Glyma.07G057600.Wm82.a4.v1,0.8600841363792007
Glyma.12G198100.Wm82.a4.v1,0.8600401115296189
Glyma.01G099700.Wm82.a4.v1,0.8599960866800371
Glyma.04G041900.Wm82.a4.v1,0.8599569534804089
Glyma.15G171100.Wm82.a4.v1,0.8599373868805948
Glyma.06G060800.Wm82.a4.v1,0.8598933620310131
Glyma.18G281700.Wm82.a4.v1,0.8598884703810595
Glyma.11G200400.Wm82.a4.v1,0.8598689037812454
Glyma.08G092300.Wm82.a4.v1,0.8598346622315707
Glyma.16G006400.Wm82.a4.v1,0.8598102039818031
Glyma.09G174400.Wm82.a4.v1,0.8597515041823607
Glyma.02G258200.Wm82.a4.v1,0.8597368292325002
Glyma.18G179600.Wm82.a4.v1,0.859717262632686
Glyma.14G220000.Wm82.a4.v1,0.8597074793327789
Glyma.09G133200.Wm82.a4.v1,0.8596830210830113
Glyma.12G180300.Wm82.a4.v1,0.8596732377831042
Glyma.07G240000.Wm82.a4.v1,0.8596585628332436
Glyma.07G236300.Wm82.a4.v1,0.859634104583476
Glyma.18G251400.Wm82.a4.v1,0.8596292129335225
Glyma.14G070200.Wm82.a4.v1,0.8595754047840336
Glyma.15G100500.Wm82.a4.v1,0.859550946534266
Glyma.11G154423.Wm82.a4.v1,0.8594922467348236
Glyma.11G014600.Wm82.a4.v1,0.8594726801350095
Glyma.13G083400.Wm82.a4.v1,0.8594531135351954
Glyma.11G139400.Wm82.a4.v1,0.8594433302352884
Glyma.04G232500.Wm82.a4.v1,0.8594384385853349
Glyma.07G267200.Wm82.a4.v1,0.8594237636354742
Glyma.04G234000.Wm82.a4.v1,0.8594188719855207
Glyma.14G201500.Wm82.a4.v1,0.8594041970356602
Glyma.08G040500.Wm82.a4.v1,0.8593797387858925
Glyma.13G273000.Wm82.a4.v1,0.8593699554859854
Glyma.18G017400.Wm82.a4.v1,0.8593650638360318
Glyma.10G182000.Wm82.a4.v1,0.8593503888861713
Glyma.20G155900.Wm82.a4.v1,0.8593112556865431
Glyma.02G075900.Wm82.a4.v1,0.8592672308369613
Glyma.01G163700.Wm82.a4.v1,0.8592329892872866
Glyma.05G022500.Wm82.a4.v1,0.8592134226874725
Glyma.13G167300.Wm82.a4.v1,0.8591693978378907
Glyma.08G315100.Wm82.a4.v1,0.8591449395881231
Glyma.14G192100.Wm82.a4.v1,0.8591400479381696
Glyma.10G225800.Wm82.a4.v1,0.8591253729883089
Glyma.17G102200.Wm82.a4.v1,0.8591058063884949
Glyma.13G062700.Wm82.a4.v1,0.8590960230885878
Glyma.17G182700.Wm82.a4.v1,0.8590324316391919
Glyma.09G111400.Wm82.a4.v1,0.8589835151396567
Glyma.03G192900.Wm82.a4.v1,0.8589590568898889
Glyma.16G087300.Wm82.a4.v1,0.8589443819400284
Glyma.06G304200.Wm82.a4.v1,0.8589443819400284
Glyma.08G352600.Wm82.a4.v1,0.8588905737905396
Glyma.10G271200.Wm82.a4.v1,0.8588563322408649
Glyma.12G015700.Wm82.a4.v1,0.8588171990412367
Glyma.08G039600.Wm82.a4.v1,0.8588171990412367
Glyma.09G031800.Wm82.a4.v1,0.8588123073912831
Glyma.11G056000.Wm82.a4.v1,0.8588123073912831
Glyma.08G106500.Wm82.a4.v1,0.858802524091376
Glyma.13G079800.Wm82.a4.v1,0.8587878491415154
Glyma.19G206000.Wm82.a4.v1,0.8587633908917478
Glyma.04G110900.Wm82.a4.v1,0.858709582742259
Glyma.05G016400.Wm82.a4.v1,0.8586949077923983
Glyma.20G131300.Wm82.a4.v1,0.8586802328425378
Glyma.09G135200.Wm82.a4.v1,0.8586753411925843
Glyma.12G002100.Wm82.a4.v1,0.8586215330430954
Glyma.U031222.Wm82.a4.v1,0.8585970747933278
Glyma.01G046200.Wm82.a4.v1,0.8585726165435601
Glyma.08G196200.Wm82.a4.v1,0.8585481582937925
Glyma.07G033400.Wm82.a4.v1,0.858543266643839
Glyma.02G239600.Wm82.a4.v1,0.8585359291689086
Glyma.13G123400.Wm82.a4.v1,0.8584992417942572
Glyma.18G015300.Wm82.a4.v1,0.8584894584943501
Glyma.08G037500.Wm82.a4.v1,0.858460108594629
Glyma.10G031400.Wm82.a4.v1,0.8584503252947219
Glyma.16G212700.Wm82.a4.v1,0.8584454336447683
Glyma.08G329200.Wm82.a4.v1,0.8583818421953725
Glyma.08G075400.Wm82.a4.v1,0.8583573839456049
Glyma.13G047300.Wm82.a4.v1,0.8583524922956514
Glyma.11G050300.Wm82.a4.v1,0.8583524922956514
Glyma.03G009200.Wm82.a4.v1,0.8583476006456978
Glyma.08G143200.Wm82.a4.v1,0.8583329256958372
Glyma.10G138700.Wm82.a4.v1,0.8583133590960231
Glyma.10G054000.Wm82.a4.v1,0.8583084674460696
Glyma.14G119400.Wm82.a4.v1,0.8582350926967666
Glyma.13G159500.Wm82.a4.v1,0.8581959594971383
Glyma.15G102500.Wm82.a4.v1,0.8581715012473707
Glyma.15G052200.Wm82.a4.v1,0.8581421513476496
Glyma.01G237800.Wm82.a4.v1,0.8581225847478354
Glyma.10G049900.Wm82.a4.v1,0.8581128014479283
Glyma.09G133100.Wm82.a4.v1,0.8580736682483001
Glyma.04G013200.Wm82.a4.v1,0.8580541016484861
Glyma.12G209100.Wm82.a4.v1,0.8580247517487649
Glyma.12G177300.Wm82.a4.v1,0.8579709435992761
Glyma.17G257400.Wm82.a4.v1,0.8579660519493225
Glyma.17G226700.Wm82.a4.v1,0.8579122437998337
Glyma.11G028200.Wm82.a4.v1,0.8579122437998337
Glyma.07G189400.Wm82.a4.v1,0.8579073521498801
Glyma.03G184200.Wm82.a4.v1,0.8579024604999266
Glyma.02G259000.Wm82.a4.v1,0.8578877855500661
Glyma.05G152300.Wm82.a4.v1,0.8578731106002054
Glyma.17G175700.Wm82.a4.v1,0.8578731106002054
Glyma.16G138300.Wm82.a4.v1,0.8578633273002984
Glyma.02G019100.Wm82.a4.v1,0.8577703859511814
Glyma.06G312800.Wm82.a4.v1,0.8577654943012278
Glyma.12G002900.Wm82.a4.v1,0.8577361444015066
Glyma.08G115600.Wm82.a4.v1,0.8577019028518319
Glyma.06G032200.Wm82.a4.v1,0.8577019028518319
Glyma.12G010600.Wm82.a4.v1,0.8576823362520178
Glyma.04G189300.Wm82.a4.v1,0.8576725529521108
Glyma.17G067900.Wm82.a4.v1,0.8576334197524825
Glyma.08G223400.Wm82.a4.v1,0.8576138531526684
Glyma.05G000600.Wm82.a4.v1,0.8575991782028078
Glyma.13G094500.Wm82.a4.v1,0.8575893949029008
Glyma.16G013500.Wm82.a4.v1,0.8575845032529472
Glyma.05G215400.Wm82.a4.v1,0.8575698283030866
Glyma.02G113500.Wm82.a4.v1,0.857545370053319
Glyma.12G065000.Wm82.a4.v1,0.8575404784033654
Glyma.11G108900.Wm82.a4.v1,0.8575355867534119
Glyma.03G008200.Wm82.a4.v1,0.8575355867534119
Glyma.07G270400.Wm82.a4.v1,0.8575306951034584
Glyma.01G216500.Wm82.a4.v1,0.8575160201535978
Glyma.12G036900.Wm82.a4.v1,0.8574964535537837
Glyma.15G089300.Wm82.a4.v1,0.8574964535537837
Glyma.15G163600.Wm82.a4.v1,0.8574866702538766
Glyma.09G017600.Wm82.a4.v1,0.857481778603923
Glyma.15G013800.Wm82.a4.v1,0.8574671036540625
Glyma.11G112300.Wm82.a4.v1,0.8574524287042019
Glyma.07G002100.Wm82.a4.v1,0.8574084038546201
Glyma.13G030900.Wm82.a4.v1,0.857398620554713
Glyma.02G232000.Wm82.a4.v1,0.8573545957051314
Glyma.14G071700.Wm82.a4.v1,0.8573545957051314
Glyma.18G280200.Wm82.a4.v1,0.8573448124052243
Glyma.07G129600.Wm82.a4.v1,0.8572861126057819
Glyma.02G147400.Wm82.a4.v1,0.8572567627060608
Glyma.14G023100.Wm82.a4.v1,0.8572029545565719
Glyma.13G076200.Wm82.a4.v1,0.8571931712566648
Glyma.17G052600.Wm82.a4.v1,0.8571540380570366
Glyma.15G084600.Wm82.a4.v1,0.8571540380570366
Glyma.11G244000.Wm82.a4.v1,0.8571491464070831
Glyma.12G205000.Wm82.a4.v1,0.857129579807269
Glyma.01G244900.Wm82.a4.v1,0.857129579807269
Glyma.15G215100.Wm82.a4.v1,0.8571197965073619
Glyma.02G019300.Wm82.a4.v1,0.8571051215575013
Glyma.06G184800.Wm82.a4.v1,0.8570953382575943
Glyma.17G120833.Wm82.a4.v1,0.8570855549576872
Glyma.18G015100.Wm82.a4.v1,0.8570268551582448
Glyma.13G367400.Wm82.a4.v1,0.8570072885584308
Glyma.02G234800.Wm82.a4.v1,0.8569485887589884
Glyma.09G194900.Wm82.a4.v1,0.8569290221591743
Glyma.20G162300.Wm82.a4.v1,0.8569241305092208
Glyma.12G027300.Wm82.a4.v1,0.8568898889595461
Glyma.04G023900.Wm82.a4.v1,0.8568849973095926
Glyma.08G357300.Wm82.a4.v1,0.8568752140096855
Glyma.06G200000.Wm82.a4.v1,0.8568703223597319
Glyma.07G058700.Wm82.a4.v1,0.8568605390598248
Glyma.16G004700.Wm82.a4.v1,0.8568507557599179
Glyma.05G220300.Wm82.a4.v1,0.8568409724600108
Glyma.08G063500.Wm82.a4.v1,0.8566991146113584
Glyma.06G113100.Wm82.a4.v1,0.8566746563615908
Glyma.07G016500.Wm82.a4.v1,0.8566550897617766
Glyma.06G186300.Wm82.a4.v1,0.856630631512009
Glyma.07G178800.Wm82.a4.v1,0.8566257398620555
Glyma.13G144800.Wm82.a4.v1,0.8566061732622413
Glyma.09G226700.Wm82.a4.v1,0.8565083402631708
Glyma.14G152700.Wm82.a4.v1,0.8564985569632637
Glyma.12G158600.Wm82.a4.v1,0.8564349655138678
Glyma.13G156500.Wm82.a4.v1,0.856422736388984
Glyma.05G090500.Wm82.a4.v1,0.8563615907645649
Glyma.08G330300.Wm82.a4.v1,0.8563469158147043
Glyma.16G049600.Wm82.a4.v1,0.8563273492148902
Glyma.19G215100.Wm82.a4.v1,0.8563224575649366
Glyma.08G053300.Wm82.a4.v1,0.8562784327153549
Glyma.09G264700.Wm82.a4.v1,0.8562539744655873
Glyma.03G099400.Wm82.a4.v1,0.8562319620407963
Glyma.03G200700.Wm82.a4.v1,0.856214841265959
Glyma.07G106300.Wm82.a4.v1,0.8561977204911216
Glyma.15G055600.Wm82.a4.v1,0.8561903830161913
Glyma.16G146300.Wm82.a4.v1,0.8561659247664237
Glyma.11G206300.Wm82.a4.v1,0.8561365748667026
Glyma.12G089100.Wm82.a4.v1,0.8560827667172137
Glyma.04G185700.Wm82.a4.v1,0.8560436335175855
Glyma.02G250700.Wm82.a4.v1,0.856038741867632
Glyma.18G203800.Wm82.a4.v1,0.856038741867632
Glyma.06G034900.Wm82.a4.v1,0.8559800420681896
Glyma.01G014700.Wm82.a4.v1,0.855965367118329
Glyma.13G152270.Wm82.a4.v1,0.8559604754683755
Glyma.06G196600.Wm82.a4.v1,0.8559360172186078
Glyma.03G213700.Wm82.a4.v1,0.8559262339187008
Glyma.18G130700.Wm82.a4.v1,0.8559213422687473
Glyma.13G175200.Wm82.a4.v1,0.8558284009196302
Glyma.16G023800.Wm82.a4.v1,0.8558235092696767
Glyma.03G050300.Wm82.a4.v1,0.855799051019909
Glyma.15G266100.Wm82.a4.v1,0.8557794844200949
Glyma.09G183600.Wm82.a4.v1,0.8557501345203737
Glyma.15G105600.Wm82.a4.v1,0.8557110013207455
Glyma.03G035400.Wm82.a4.v1,0.8556963263708849
Glyma.15G261300.Wm82.a4.v1,0.8556963263708849
Glyma.01G158500.Wm82.a4.v1,0.8556865430709778
Glyma.12G018500.Wm82.a4.v1,0.8556816514210243
Glyma.08G279700.Wm82.a4.v1,0.8556327349214891
Glyma.17G170600.Wm82.a4.v1,0.8556327349214891
Glyma.16G082200.Wm82.a4.v1,0.8556131683216749
Glyma.04G099400.Wm82.a4.v1,0.8555984933718143
Glyma.01G147800.Wm82.a4.v1,0.8555838184219537
Glyma.09G251200.Wm82.a4.v1,0.855559360172186
Glyma.19G242300.Wm82.a4.v1,0.8555251186225113
Glyma.07G224400.Wm82.a4.v1,0.8554859854228831
Glyma.06G239100.Wm82.a4.v1,0.855476202122976
Glyma.13G279400.Wm82.a4.v1,0.8554713104730226
Glyma.08G014100.Wm82.a4.v1,0.855456635523162
Glyma.09G028100.Wm82.a4.v1,0.8554517438732084
Glyma.05G060300.Wm82.a4.v1,0.8554175023235338
Glyma.18G296200.Wm82.a4.v1,0.8553832607738591
Glyma.06G015800.Wm82.a4.v1,0.8553783691239055
Glyma.06G024300.Wm82.a4.v1,0.8553685858239984
Glyma.18G181500.Wm82.a4.v1,0.8553588025240914
Glyma.17G057100.Wm82.a4.v1,0.8553245609744167
Glyma.U031117.Wm82.a4.v1,0.855309886024556
Glyma.17G250800.Wm82.a4.v1,0.8552805361248349
Glyma.19G168100.Wm82.a4.v1,0.8552756444748814
Glyma.20G108500.Wm82.a4.v1,0.8552218363253925
Glyma.19G191200.Wm82.a4.v1,0.8552169446754391
Glyma.08G005900.Wm82.a4.v1,0.8552022697255784
Glyma.07G086500.Wm82.a4.v1,0.8551582448759967
Glyma.10G009800.Wm82.a4.v1,0.8551484615760896
Glyma.20G135600.Wm82.a4.v1,0.855143569926136
Glyma.10G252400.Wm82.a4.v1,0.8551288949762755
Glyma.05G017800.Wm82.a4.v1,0.8550848701266938
Glyma.02G067300.Wm82.a4.v1,0.8550653035268796
Glyma.13G170200.Wm82.a4.v1,0.8549821454776696
Glyma.20G028300.Wm82.a4.v1,0.8549527955779485
Glyma.01G109700.Wm82.a4.v1,0.8548940957785061
Glyma.05G066800.Wm82.a4.v1,0.8548207210292031
Glyma.17G126400.Wm82.a4.v1,0.8548109377292961
Glyma.19G158900.Wm82.a4.v1,0.8547962627794355
Glyma.18G273700.Wm82.a4.v1,0.8547962627794355
Glyma.19G095400.Wm82.a4.v1,0.8547669128797143
Glyma.11G022200.Wm82.a4.v1,0.8547033214303185
Glyma.13G109700.Wm82.a4.v1,0.8546641882306902
Glyma.10G047600.Wm82.a4.v1,0.8546544049307832
Glyma.05G162700.Wm82.a4.v1,0.8546152717311549
Glyma.13G056800.Wm82.a4.v1,0.8544929804823167
Glyma.02G185300.Wm82.a4.v1,0.8544831971824096
Glyma.07G118700.Wm82.a4.v1,0.8544244973829673
Glyma.06G030500.Wm82.a4.v1,0.8544196057330138
Glyma.02G282000.Wm82.a4.v1,0.8544000391331996
Glyma.09G149000.Wm82.a4.v1,0.854385364183339
Glyma.06G153500.Wm82.a4.v1,0.854375580883432
Glyma.02G233700.Wm82.a4.v1,0.854292422834222
Glyma.13G337100.Wm82.a4.v1,0.8542875311842685
Glyma.12G028400.Wm82.a4.v1,0.8542435063346867
Glyma.07G012000.Wm82.a4.v1,0.8542141564349656
Glyma.06G298100.Wm82.a4.v1,0.8541407816856625
Glyma.10G201000.Wm82.a4.v1,0.854126106735802
Glyma.06G152600.Wm82.a4.v1,0.8541163234358949
Glyma.20G114800.Wm82.a4.v1,0.8541114317859414
Glyma.10G244100.Wm82.a4.v1,0.8540967568360808
Glyma.13G219700.Wm82.a4.v1,0.8540771902362667
Glyma.20G130366.Wm82.a4.v1,0.854042948686592
Glyma.20G068300.Wm82.a4.v1,0.8540380570366385
Glyma.11G241000.Wm82.a4.v1,0.8540282737367314
Glyma.01G194600.Wm82.a4.v1,0.8539940321870567
Glyma.05G045000.Wm82.a4.v1,0.8539744655872425
Glyma.13G210300.Wm82.a4.v1,0.853969573937289
Glyma.17G186800.Wm82.a4.v1,0.853959790637382
Glyma.04G155800.Wm82.a4.v1,0.8539059824878932
Glyma.13G171700.Wm82.a4.v1,0.8538717409382185
Glyma.20G092502.Wm82.a4.v1,0.853866849288265
Glyma.02G108900.Wm82.a4.v1,0.8538326077385903
Glyma.02G271300.Wm82.a4.v1,0.8538228244386832
Glyma.05G157300.Wm82.a4.v1,0.853793474538962
Glyma.15G112200.Wm82.a4.v1,0.8537885828890085
Glyma.18G011900.Wm82.a4.v1,0.8537690162891943
Glyma.05G240000.Wm82.a4.v1,0.8537494496893803
Glyma.13G165300.Wm82.a4.v1,0.8537298830895661
Glyma.13G110700.Wm82.a4.v1,0.8536956415398914
Glyma.16G144200.Wm82.a4.v1,0.8536956415398914
Glyma.17G018200.Wm82.a4.v1,0.8536907498899379
Glyma.09G066400.Wm82.a4.v1,0.8536907498899379
Glyma.06G132100.Wm82.a4.v1,0.8536907498899379
Glyma.01G032100.Wm82.a4.v1,0.8536907498899379
Glyma.13G135600.Wm82.a4.v1,0.8536418333904026
Glyma.06G217400.Wm82.a4.v1,0.853636941740449
Glyma.10G112700.Wm82.a4.v1,0.853617375140635
Glyma.07G243000.Wm82.a4.v1,0.8535831335909603
Glyma.09G215000.Wm82.a4.v1,0.8535733502910532
Glyma.14G129200.Wm82.a4.v1,0.8535733502910532
Glyma.05G180600.Wm82.a4.v1,0.8535684586410996
Glyma.09G158200.Wm82.a4.v1,0.8535586753411926
Glyma.10G205500.Wm82.a4.v1,0.8535391087413785
Glyma.06G083000.Wm82.a4.v1,0.8535244337915179
Glyma.07G062400.Wm82.a4.v1,0.8534950838917967
Glyma.14G218200.Wm82.a4.v1,0.8534070341926332
Glyma.04G185900.Wm82.a4.v1,0.8533972508927261
Glyma.12G052967.Wm82.a4.v1,0.8533532260431443
Glyma.13G101700.Wm82.a4.v1,0.8533287677933767
Glyma.08G201900.Wm82.a4.v1,0.8533238761434232
Glyma.07G056400.Wm82.a4.v1,0.8533189844934697
Glyma.12G083800.Wm82.a4.v1,0.8533092011935626
Glyma.02G174400.Wm82.a4.v1,0.8532994178936555
Glyma.07G029500.Wm82.a4.v1,0.8532945262437021
Glyma.07G084100.Wm82.a4.v1,0.8532651763439808
Glyma.07G031000.Wm82.a4.v1,0.853221151494399
Glyma.01G018000.Wm82.a4.v1,0.853211368194492
Glyma.12G096600.Wm82.a4.v1,0.8531771266448173
Glyma.04G012700.Wm82.a4.v1,0.8531233184953285
Glyma.13G333700.Wm82.a4.v1,0.8531086435454679
Glyma.07G172700.Wm82.a4.v1,0.8531086435454679
Glyma.19G234800.Wm82.a4.v1,0.8530988602455608
Glyma.13G353200.Wm82.a4.v1,0.8530841852957003
Glyma.03G071600.Wm82.a4.v1,0.8530597270459326
Glyma.01G116000.Wm82.a4.v1,0.8530401604461185
Glyma.12G216300.Wm82.a4.v1,0.853035268796165
Glyma.20G199800.Wm82.a4.v1,0.853035268796165
Glyma.15G098300.Wm82.a4.v1,0.8530303771462114
Glyma.07G147700.Wm82.a4.v1,0.8530205938463044
Glyma.15G132200.Wm82.a4.v1,0.8530205938463044
Glyma.19G052100.Wm82.a4.v1,0.8529912439465832
Glyma.13G035400.Wm82.a4.v1,0.8529863522966297
Glyma.10G039700.Wm82.a4.v1,0.8529570023969085
Glyma.19G022900.Wm82.a4.v1,0.8529570023969085
Glyma.02G263900.Wm82.a4.v1,0.8529080858973732
Glyma.04G193500.Wm82.a4.v1,0.8528983025974661
Glyma.15G070100.Wm82.a4.v1,0.8528983025974661
Glyma.11G118600.Wm82.a4.v1,0.8528860734725823
Glyma.16G210800.Wm82.a4.v1,0.8528738443476985
Glyma.18G222200.Wm82.a4.v1,0.852868952697745
Glyma.05G199200.Wm82.a4.v1,0.8528640610477914
Glyma.10G220000.Wm82.a4.v1,0.8528249278481632
Glyma.01G167600.Wm82.a4.v1,0.8527906862984885
Glyma.06G085600.Wm82.a4.v1,0.852785794648535
Glyma.08G364400.Wm82.a4.v1,0.8527466614489068
Glyma.08G174700.Wm82.a4.v1,0.852722203199139
Glyma.01G212700.Wm82.a4.v1,0.8526830699995108
Glyma.10G207900.Wm82.a4.v1,0.8526488284498361
Glyma.05G068000.Wm82.a4.v1,0.8526268160250452
Glyma.12G062700.Wm82.a4.v1,0.852619478550115
Glyma.06G240500.Wm82.a4.v1,0.8524727290515091
Glyma.04G015600.Wm82.a4.v1,0.852462945751602
Glyma.15G176000.Wm82.a4.v1,0.8523993543022061
Glyma.09G157600.Wm82.a4.v1,0.8523602211025779
Glyma.16G143000.Wm82.a4.v1,0.8523210879029497
Glyma.11G146800.Wm82.a4.v1,0.8522770630533679
Glyma.10G278600.Wm82.a4.v1,0.8522428215036932
Glyma.13G156600.Wm82.a4.v1,0.8522428215036932
Glyma.02G298000.Wm82.a4.v1,0.8521939050041579
Glyma.11G155300.Wm82.a4.v1,0.8521400968546691
Glyma.15G276800.Wm82.a4.v1,0.852130313554762
Glyma.16G200700.Wm82.a4.v1,0.8521107469549479
Glyma.08G026000.Wm82.a4.v1,0.8520960720050873
Glyma.06G065900.Wm82.a4.v1,0.852047155505552
Glyma.15G030800.Wm82.a4.v1,0.8520129139558773
Glyma.07G130600.Wm82.a4.v1,0.8519933473560632
Glyma.10G164800.Wm82.a4.v1,0.8519835640561562
Glyma.06G126100.Wm82.a4.v1,0.8519688891062955
Glyma.05G070000.Wm82.a4.v1,0.8519248642567138
Glyma.13G199600.Wm82.a4.v1,0.8519199726067602
Glyma.05G215800.Wm82.a4.v1,0.8519004060069462
Glyma.06G125951.Wm82.a4.v1,0.8518857310570855
Glyma.08G122600.Wm82.a4.v1,0.8518368145575502
Glyma.03G088800.Wm82.a4.v1,0.8518270312576433
Glyma.20G141600.Wm82.a4.v1,0.8517732231081544
Glyma.05G196800.Wm82.a4.v1,0.8517732231081544
Glyma.12G075900.Wm82.a4.v1,0.8517634398082473
Glyma.07G062200.Wm82.a4.v1,0.8516753901090838
Glyma.02G105600.Wm82.a4.v1,0.8515188573105709
Glyma.20G150200.Wm82.a4.v1,0.8515090740106638
Glyma.08G352800.Wm82.a4.v1,0.8514846157608962
Glyma.15G072700.Wm82.a4.v1,0.851465049161082
Glyma.02G198100.Wm82.a4.v1,0.8513965660617326
Glyma.13G201900.Wm82.a4.v1,0.8513916744117791
Glyma.09G030100.Wm82.a4.v1,0.8513672161620115
Glyma.14G000050.Wm82.a4.v1,0.8513574328621044
Glyma.15G028900.Wm82.a4.v1,0.8513476495621973
Glyma.14G198600.Wm82.a4.v1,0.8513427579122438
Glyma.06G146900.Wm82.a4.v1,0.8513134080125226
Glyma.10G040700.Wm82.a4.v1,0.8513036247126156
Glyma.20G236800.Wm82.a4.v1,0.8512253583133591
Glyma.04G029000.Wm82.a4.v1,0.851112850364428
Glyma.13G223400.Wm82.a4.v1,0.8510786088147532
Glyma.17G083100.Wm82.a4.v1,0.851029692315218
Glyma.13G120100.Wm82.a4.v1,0.8510248006652644
Glyma.05G228500.Wm82.a4.v1,0.8510101257154038
Glyma.02G164300.Wm82.a4.v1,0.8509954507655432
Glyma.09G234600.Wm82.a4.v1,0.8509954507655432
Glyma.03G132300.Wm82.a4.v1,0.8509563175659149
Glyma.11G106400.Wm82.a4.v1,0.8509367509661009
Glyma.05G216500.Wm82.a4.v1,0.8509367509661009
Glyma.18G266400.Wm82.a4.v1,0.8509269676661938
Glyma.11G154005.Wm82.a4.v1,0.8509171843662867
Glyma.06G163000.Wm82.a4.v1,0.8509074010663797
Glyma.10G023700.Wm82.a4.v1,0.8508389179670303
Glyma.06G073900.Wm82.a4.v1,0.8508144597172627
Glyma.15G162500.Wm82.a4.v1,0.8508095680673091
Glyma.08G018700.Wm82.a4.v1,0.8507851098175414
Glyma.14G156300.Wm82.a4.v1,0.8507851098175414
Glyma.15G272000.Wm82.a4.v1,0.8507557599178203
Glyma.11G248500.Wm82.a4.v1,0.8507508682678667
Glyma.17G050600.Wm82.a4.v1,0.8507459766179132
Glyma.06G105900.Wm82.a4.v1,0.8507264100180991
Glyma.15G193400.Wm82.a4.v1,0.8507215183681456
Glyma.11G109000.Wm82.a4.v1,0.8507215183681456
Glyma.08G025700.Wm82.a4.v1,0.8506677102186567
Glyma.11G194500.Wm82.a4.v1,0.8506285770190285
Glyma.18G057000.Wm82.a4.v1,0.8506187937191214
Glyma.18G050100.Wm82.a4.v1,0.8505992271193074
Glyma.10G014400.Wm82.a4.v1,0.8505894438194003
Glyma.02G270400.Wm82.a4.v1,0.8505894438194003
Glyma.17G186600.Wm82.a4.v1,0.8505600939196791
Glyma.13G310400.Wm82.a4.v1,0.8505258523700044
Glyma.07G137300.Wm82.a4.v1,0.8505160690700974
Glyma.11G109800.Wm82.a4.v1,0.8505013941202367
Glyma.05G177100.Wm82.a4.v1,0.8504769358704691
Glyma.04G084300.Wm82.a4.v1,0.8504720442205156
Glyma.15G013100.Wm82.a4.v1,0.8503986694712127
Glyma.11G021400.Wm82.a4.v1,0.8503595362715844
Glyma.03G054100.Wm82.a4.v1,0.8503595362715844
Glyma.12G184600.Wm82.a4.v1,0.8503204030719562
Glyma.02G137700.Wm82.a4.v1,0.8503155114220027
Glyma.05G194500.Wm82.a4.v1,0.8503057281220956
Glyma.01G074000.Wm82.a4.v1,0.850300836472142
Glyma.14G078800.Wm82.a4.v1,0.850291053172235
Glyma.15G165100.Wm82.a4.v1,0.8502812698723279
Glyma.13G002200.Wm82.a4.v1,0.8502763782223745
Glyma.04G045400.Wm82.a4.v1,0.8502714865724209
Glyma.09G207400.Wm82.a4.v1,0.8502665949224674
Glyma.11G084200.Wm82.a4.v1,0.8502617032725138
Glyma.08G018900.Wm82.a4.v1,0.8502568116225603
Glyma.04G067000.Wm82.a4.v1,0.850217678422932
Glyma.09G252800.Wm82.a4.v1,0.8501981118231179
Glyma.12G038600.Wm82.a4.v1,0.8501491953235827
Glyma.20G143800.Wm82.a4.v1,0.8501345203737221
Glyma.19G177200.Wm82.a4.v1,0.8501051704740009
Glyma.12G115400.Wm82.a4.v1,0.8500953871740938
Glyma.13G336800.Wm82.a4.v1,0.8500953871740938
Glyma.05G228700.Wm82.a4.v1,0.8500807122242332
Glyma.01G229700.Wm82.a4.v1,0.8500269040747445
Glyma.03G224700.Wm82.a4.v1,0.8500073374749303
Glyma.03G172400.Wm82.a4.v1,0.8499290710756738
Glyma.12G018600.Wm82.a4.v1,0.8499046128259061
Glyma.08G318400.Wm82.a4.v1,0.8498997211759527
Glyma.08G366200.Wm82.a4.v1,0.8498899378760456
Glyma.07G018500.Wm82.a4.v1,0.8498850462260921
Glyma.02G102300.Wm82.a4.v1,0.849875262926185
Glyma.06G071500.Wm82.a4.v1,0.8498263464266497
Glyma.15G104300.Wm82.a4.v1,0.8498116714767892
Glyma.13G099200.Wm82.a4.v1,0.8497969965269285
Glyma.03G048351.Wm82.a4.v1,0.8497823215770679
Glyma.16G010100.Wm82.a4.v1,0.8497823215770679
Glyma.12G028300.Wm82.a4.v1,0.8497725382771609
Glyma.02G174100.Wm82.a4.v1,0.8497529716773468
Glyma.17G167900.Wm82.a4.v1,0.8497529716773468
Glyma.20G012900.Wm82.a4.v1,0.8497334050775327
Glyma.19G200400.Wm82.a4.v1,0.8497138384777185
Glyma.10G008300.Wm82.a4.v1,0.8496942718779045
Glyma.07G270100.Wm82.a4.v1,0.8496551386782761
Glyma.13G250900.Wm82.a4.v1,0.8496111138286944
Glyma.08G255300.Wm82.a4.v1,0.8495817639289732
Glyma.08G312000.Wm82.a4.v1,0.8495524140292521
Glyma.13G352500.Wm82.a4.v1,0.8495377390793915
Glyma.01G008900.Wm82.a4.v1,0.8495328474294379
Glyma.18G170300.Wm82.a4.v1,0.8495034975297168
Glyma.14G010400.Wm82.a4.v1,0.8494203394805068
Glyma.14G200400.Wm82.a4.v1,0.8493909895807856
Glyma.16G146000.Wm82.a4.v1,0.8493176148314827
Glyma.09G240700.Wm82.a4.v1,0.849293156581715
Glyma.07G159600.Wm82.a4.v1,0.8492344567822726
Glyma.16G154700.Wm82.a4.v1,0.8492344567822726
Glyma.05G153800.Wm82.a4.v1,0.8492148901824585
Glyma.10G266900.Wm82.a4.v1,0.8492051068825515
Glyma.12G040500.Wm82.a4.v1,0.8492051068825515
Glyma.09G036000.Wm82.a4.v1,0.8492051068825515
Glyma.08G069700.Wm82.a4.v1,0.849190431932691
Glyma.10G041500.Wm82.a4.v1,0.8491561903830162
Glyma.07G078900.Wm82.a4.v1,0.849107273883481
Glyma.13G001900.Wm82.a4.v1,0.8491023822335274
Glyma.05G136300.Wm82.a4.v1,0.8490681406838526
Glyma.10G217200.Wm82.a4.v1,0.8490681406838526
Glyma.13G174600.Wm82.a4.v1,0.8490632490338992
Glyma.11G140100.Wm82.a4.v1,0.849043682434085
Glyma.14G085600.Wm82.a4.v1,0.8490387907841315
Glyma.06G097800.Wm82.a4.v1,0.8489800909846892
Glyma.15G118400.Wm82.a4.v1,0.8489703076847821
Glyma.08G004200.Wm82.a4.v1,0.8489703076847821
Glyma.09G072400.Wm82.a4.v1,0.8489360661351074
Glyma.10G071800.Wm82.a4.v1,0.8489067162353862
Glyma.04G213400.Wm82.a4.v1,0.848877366335665
Glyma.08G098100.Wm82.a4.v1,0.8488675830357579
Glyma.20G100000.Wm82.a4.v1,0.8488431247859903
Glyma.15G143000.Wm82.a4.v1,0.8488235581861762
Glyma.15G245600.Wm82.a4.v1,0.8487990999364086
Glyma.06G315500.Wm82.a4.v1,0.8487452917869197
Glyma.08G296300.Wm82.a4.v1,0.8487208335371521
Glyma.08G309900.Wm82.a4.v1,0.8486523504378026
Glyma.18G133100.Wm82.a4.v1,0.8486474587878492
Glyma.02G278800.Wm82.a4.v1,0.8486425671378957
Glyma.08G162300.Wm82.a4.v1,0.8486181088881279
Glyma.05G109300.Wm82.a4.v1,0.8485985422883139
Glyma.01G104800.Wm82.a4.v1,0.8485740840385462
Glyma.06G153900.Wm82.a4.v1,0.8485740840385462
Glyma.20G161200.Wm82.a4.v1,0.8485740840385462
Glyma.14G062800.Wm82.a4.v1,0.848544734138825
Glyma.08G259200.Wm82.a4.v1,0.8485153842391039
Glyma.08G175700.Wm82.a4.v1,0.8484860343393826
Glyma.03G003600.Wm82.a4.v1,0.8484420094898009
Glyma.05G135700.Wm82.a4.v1,0.8484273345399403
Glyma.03G170000.Wm82.a4.v1,0.8483979846402191
Glyma.02G201500.Wm82.a4.v1,0.8483930929902657
Glyma.04G236500.Wm82.a4.v1,0.8483882013403121
Glyma.05G233500.Wm82.a4.v1,0.8483246098909162
Glyma.11G080100.Wm82.a4.v1,0.8483050432911021
Glyma.12G026600.Wm82.a4.v1,0.8482903683412415
Glyma.01G058500.Wm82.a4.v1,0.8482805850413344
Glyma.10G186600.Wm82.a4.v1,0.8482561267915668
Glyma.01G116100.Wm82.a4.v1,0.8482414518417062
Glyma.08G052800.Wm82.a4.v1,0.8482316685417991
Glyma.13G333300.Wm82.a4.v1,0.8482169935919386
Glyma.05G164500.Wm82.a4.v1,0.8482072102920315
Glyma.08G334800.Wm82.a4.v1,0.848202318642078
Glyma.17G187600.Wm82.a4.v1,0.8481974269921244
Glyma.09G148900.Wm82.a4.v1,0.8481827520422639
Glyma.18G106800.Wm82.a4.v1,0.8481729687423568
Glyma.14G046600.Wm82.a4.v1,0.8481631854424497
Glyma.15G177800.Wm82.a4.v1,0.8481093772929609
Glyma.18G279800.Wm82.a4.v1,0.8481069314679841
Glyma.19G125700.Wm82.a4.v1,0.8481044856430073
Glyma.12G160500.Wm82.a4.v1,0.8480849190431933
Glyma.07G084400.Wm82.a4.v1,0.8480408941936115
Glyma.11G154400.Wm82.a4.v1,0.8480311108937044
Glyma.12G236800.Wm82.a4.v1,0.8480164359438439
Glyma.17G142500.Wm82.a4.v1,0.8480115442938904
Glyma.17G044500.Wm82.a4.v1,0.8480017609939833
Glyma.13G272000.Wm82.a4.v1,0.8479968693440297
Glyma.15G018200.Wm82.a4.v1,0.8479577361444015
Glyma.15G215400.Wm82.a4.v1,0.8479234945947268
Glyma.07G126800.Wm82.a4.v1,0.8479039279949127
Glyma.04G081100.Wm82.a4.v1,0.8478843613950986
Glyma.02G026700.Wm82.a4.v1,0.8478012033458886
Glyma.05G195900.Wm82.a4.v1,0.8477914200459815
Glyma.14G133600.Wm82.a4.v1,0.847786528396028
Glyma.19G260400.Wm82.a4.v1,0.8477669617962139
Glyma.13G134200.Wm82.a4.v1,0.8477180452966786
Glyma.16G209800.Wm82.a4.v1,0.8476740204470968
Glyma.13G167800.Wm82.a4.v1,0.8476642371471897
Glyma.02G288000.Wm82.a4.v1,0.847620212297608
Glyma.11G244700.Wm82.a4.v1,0.8476153206476544
Glyma.07G077000.Wm82.a4.v1,0.8476006456977939
Glyma.09G069700.Wm82.a4.v1,0.8475908623978868
Glyma.06G028500.Wm82.a4.v1,0.8475712957980727
Glyma.20G129200.Wm82.a4.v1,0.8475712957980727
Glyma.10G238500.Wm82.a4.v1,0.8475664041481191
Glyma.13G115400.Wm82.a4.v1,0.8475346084234212
Glyma.12G221500.Wm82.a4.v1,0.8475125959986304
Glyma.17G105800.Wm82.a4.v1,0.8474881377488627
Glyma.05G234300.Wm82.a4.v1,0.8474490045492344
Glyma.19G201500.Wm82.a4.v1,0.8474147629995598
Glyma.11G251100.Wm82.a4.v1,0.8473071467005822
Glyma.20G017000.Wm82.a4.v1,0.8472826884508144
Glyma.18G209800.Wm82.a4.v1,0.8472729051509074
Glyma.02G068000.Wm82.a4.v1,0.8472582302010468
Glyma.13G241500.Wm82.a4.v1,0.8472582302010468
Glyma.19G263900.Wm82.a4.v1,0.8472288803013256
Glyma.04G085200.Wm82.a4.v1,0.8471555055520227
Glyma.16G010000.Wm82.a4.v1,0.8471506139020691
Glyma.08G331400.Wm82.a4.v1,0.847121264002348
Glyma.20G235500.Wm82.a4.v1,0.8470772391527662
Glyma.07G260400.Wm82.a4.v1,0.8470625642029056
Glyma.18G071300.Wm82.a4.v1,0.8470625642029056
Glyma.05G212200.Wm82.a4.v1,0.8470576725529521
Glyma.13G225000.Wm82.a4.v1,0.8470429976030915
Glyma.12G063200.Wm82.a4.v1,0.847038105953138
Glyma.08G176100.Wm82.a4.v1,0.8470283226532309
Glyma.05G000900.Wm82.a4.v1,0.8470234310032774
Glyma.03G220500.Wm82.a4.v1,0.8470136477033704
Glyma.01G210800.Wm82.a4.v1,0.8470038644034633
Glyma.11G031200.Wm82.a4.v1,0.8469989727535098
Glyma.12G021900.Wm82.a4.v1,0.8469989727535098
Glyma.09G195400.Wm82.a4.v1,0.8469353813041138
Glyma.11G122300.Wm82.a4.v1,0.8468962481044856
Glyma.19G017200.Wm82.a4.v1,0.8468815731546251
Glyma.03G213600.Wm82.a4.v1,0.8468228733551827
Glyma.02G184600.Wm82.a4.v1,0.8468130900552756
Glyma.08G082600.Wm82.a4.v1,0.8468130900552756
Glyma.16G189700.Wm82.a4.v1,0.8468130900552756
Glyma.12G036400.Wm82.a4.v1,0.846788631805508
Glyma.06G056200.Wm82.a4.v1,0.8467788485056009
Glyma.01G061700.Wm82.a4.v1,0.8467103654062516
Glyma.15G061300.Wm82.a4.v1,0.8466516656068092
Glyma.10G238200.Wm82.a4.v1,0.8466369906569486
Glyma.06G130800.Wm82.a4.v1,0.846622315707088
Glyma.01G097200.Wm82.a4.v1,0.8465782908575062
Glyma.05G129900.Wm82.a4.v1,0.8465636159076456
Glyma.04G199900.Wm82.a4.v1,0.8465293743579709
Glyma.09G157900.Wm82.a4.v1,0.8465195910580638
Glyma.08G188700.Wm82.a4.v1,0.8465049161082033
Glyma.08G033400.Wm82.a4.v1,0.8464657829085751
Glyma.09G285700.Wm82.a4.v1,0.846455999608668
Glyma.08G105100.Wm82.a4.v1,0.8464413246588074
Glyma.11G107300.Wm82.a4.v1,0.8464217580589933
Glyma.19G205000.Wm82.a4.v1,0.8464070831091327
Glyma.03G080200.Wm82.a4.v1,0.846289683510248
Glyma.20G070000.Wm82.a4.v1,0.8462847918602945
Glyma.20G126000.Wm82.a4.v1,0.8462603336105269
Glyma.14G207600.Wm82.a4.v1,0.8461967421611309
Glyma.13G346000.Wm82.a4.v1,0.8461820672112703
Glyma.03G016600.Wm82.a4.v1,0.8461722839113633
Glyma.11G086300.Wm82.a4.v1,0.8461625006114563
Glyma.11G001200.Wm82.a4.v1,0.8461380423616885
Glyma.10G264900.Wm82.a4.v1,0.8461331507117351
Glyma.05G229500.Wm82.a4.v1,0.8461331507117351
Glyma.17G115500.Wm82.a4.v1,0.8461282590617816
Glyma.15G158400.Wm82.a4.v1,0.8461086924619674
Glyma.13G165800.Wm82.a4.v1,0.8460940175121069
Glyma.02G145600.Wm82.a4.v1,0.8460646676123856
Glyma.20G022900.Wm82.a4.v1,0.8460108594628968
Glyma.02G006000.Wm82.a4.v1,0.8459815095631756
Glyma.13G044800.Wm82.a4.v1,0.8458054101648486
Glyma.07G252900.Wm82.a4.v1,0.8458005185148951
Glyma.07G183600.Wm82.a4.v1,0.8457956268649416
Glyma.15G166700.Wm82.a4.v1,0.845790735214988
Glyma.04G087100.Wm82.a4.v1,0.8457760602651274
Glyma.10G274600.Wm82.a4.v1,0.8456782272660568
Glyma.16G015400.Wm82.a4.v1,0.8456782272660568
Glyma.15G271700.Wm82.a4.v1,0.8456537690162892
Glyma.05G085400.Wm82.a4.v1,0.8456048525167539
Glyma.10G253400.Wm82.a4.v1,0.8455706109670792
Glyma.04G216400.Wm82.a4.v1,0.8455608276671721
Glyma.02G291100.Wm82.a4.v1,0.845551044367265
Glyma.20G233900.Wm82.a4.v1,0.845541261067358
Glyma.06G201700.Wm82.a4.v1,0.8455265861174974
Glyma.02G108500.Wm82.a4.v1,0.8454972362177763
Glyma.14G191300.Wm82.a4.v1,0.8454972362177763
Glyma.04G249900.Wm82.a4.v1,0.8454923445678227
Glyma.05G219000.Wm82.a4.v1,0.8454532113681945
Glyma.09G052500.Wm82.a4.v1,0.8453162451694957
Glyma.13G131700.Wm82.a4.v1,0.8452281954703321
Glyma.11G105900.Wm82.a4.v1,0.845218412170425
Glyma.03G030900.Wm82.a4.v1,0.8452037372205645
Glyma.19G185800.Wm82.a4.v1,0.845198845570611
Glyma.17G000700.Wm82.a4.v1,0.8451694956708898
Glyma.18G295800.Wm82.a4.v1,0.8451694956708898
Glyma.20G239800.Wm82.a4.v1,0.8451646040209363
Glyma.02G281000.Wm82.a4.v1,0.845135254121215
Glyma.03G109000.Wm82.a4.v1,0.8451107958714474
Glyma.14G095300.Wm82.a4.v1,0.8451059042214939
Glyma.13G327500.Wm82.a4.v1,0.8450814459717263
Glyma.02G134300.Wm82.a4.v1,0.8450618793719121
Glyma.20G177100.Wm82.a4.v1,0.8450031795724698
Glyma.08G235000.Wm82.a4.v1,0.844968938022795
Glyma.17G224100.Wm82.a4.v1,0.8449249131732133
Glyma.13G171100.Wm82.a4.v1,0.8449200215232598
Glyma.09G245700.Wm82.a4.v1,0.8448613217238174
Glyma.17G072300.Wm82.a4.v1,0.8448613217238174
Glyma.12G234000.Wm82.a4.v1,0.8448221885241892
Glyma.13G296400.Wm82.a4.v1,0.8448221885241892
Glyma.08G023300.Wm82.a4.v1,0.8448001760993983
Glyma.18G284800.Wm82.a4.v1,0.8447488137748863
Glyma.10G200500.Wm82.a4.v1,0.8447439221249328
Glyma.18G005800.Wm82.a4.v1,0.8447439221249328
Glyma.07G093700.Wm82.a4.v1,0.8447145722252115
Glyma.06G081800.Wm82.a4.v1,0.8446950056253975
Glyma.17G052000.Wm82.a4.v1,0.8446901139754439
Glyma.11G118100.Wm82.a4.v1,0.8446607640757228
Glyma.08G223000.Wm82.a4.v1,0.8446558724257692
Glyma.16G128900.Wm82.a4.v1,0.8446509807758157
Glyma.17G247700.Wm82.a4.v1,0.8446460891258621
Glyma.13G315800.Wm82.a4.v1,0.8446216308760945
Glyma.20G190100.Wm82.a4.v1,0.8446069559262339
Glyma.12G181900.Wm82.a4.v1,0.8445873893264197
Glyma.16G014800.Wm82.a4.v1,0.8445482561267915
Glyma.04G112700.Wm82.a4.v1,0.8445286895269775
Glyma.04G205400.Wm82.a4.v1,0.8445189062270704
Glyma.20G198100.Wm82.a4.v1,0.8445042312772097
Glyma.09G196200.Wm82.a4.v1,0.8443966149782322
Glyma.11G074900.Wm82.a4.v1,0.8443917233282786
Glyma.15G000900.Wm82.a4.v1,0.8443721567284646
Glyma.02G119200.Wm82.a4.v1,0.8443036736291151
Glyma.10G063500.Wm82.a4.v1,0.8442987819791615
Glyma.02G041800.Wm82.a4.v1,0.8442792153793475
Glyma.06G112400.Wm82.a4.v1,0.8442743237293939
Glyma.13G272300.Wm82.a4.v1,0.8442743237293939
Glyma.07G130300.Wm82.a4.v1,0.8442547571295798
Glyma.04G010500.Wm82.a4.v1,0.8442498654796263
Glyma.17G200700.Wm82.a4.v1,0.8441862740302304
Glyma.10G181400.Wm82.a4.v1,0.8441813823802768
Glyma.17G173200.Wm82.a4.v1,0.8441667074304163
Glyma.02G143100.Wm82.a4.v1,0.8441226825808346
Glyma.06G183100.Wm82.a4.v1,0.8440884410311598
Glyma.14G084800.Wm82.a4.v1,0.8440884410311598
Glyma.20G183600.Wm82.a4.v1,0.8440248495817639
Glyma.03G204700.Wm82.a4.v1,0.8439661497823215
Glyma.16G042200.Wm82.a4.v1,0.8439465831825075
Glyma.16G066300.Wm82.a4.v1,0.8438878833830651
Glyma.08G023800.Wm82.a4.v1,0.8438536418333904
Glyma.02G010200.Wm82.a4.v1,0.8438340752335762
Glyma.13G199300.Wm82.a4.v1,0.8438047253338551
Glyma.20G050800.Wm82.a4.v1,0.8437900503839946
Glyma.02G120400.Wm82.a4.v1,0.8437900503839946
Glyma.02G255600.Wm82.a4.v1,0.8437558088343198
Glyma.09G091100.Wm82.a4.v1,0.8437558088343198
Glyma.15G272300.Wm82.a4.v1,0.8437264589345986
Glyma.13G275500.Wm82.a4.v1,0.8436677591351562
Glyma.17G024400.Wm82.a4.v1,0.8436628674852028
Glyma.11G077000.Wm82.a4.v1,0.8436481925353422
Glyma.08G229600.Wm82.a4.v1,0.8436433008853886
Glyma.15G022600.Wm82.a4.v1,0.843609059335714
Glyma.05G195600.Wm82.a4.v1,0.8435307929364575
Glyma.17G149900.Wm82.a4.v1,0.8435063346866898
Glyma.13G296900.Wm82.a4.v1,0.8435063346866898
Glyma.05G061300.Wm82.a4.v1,0.8434867680868757
Glyma.09G023600.Wm82.a4.v1,0.8434818764369222
Glyma.07G021300.Wm82.a4.v1,0.843442743237294
Glyma.09G282200.Wm82.a4.v1,0.8434378515873404
Glyma.03G181200.Wm82.a4.v1,0.8434280682874333
Glyma.18G099000.Wm82.a4.v1,0.8434280682874333
Glyma.18G264600.Wm82.a4.v1,0.8434231766374798
Glyma.08G006500.Wm82.a4.v1,0.8433938267377586
Glyma.11G007100.Wm82.a4.v1,0.8433938267377586
Glyma.01G037400.Wm82.a4.v1,0.843369368487991
Glyma.20G154000.Wm82.a4.v1,0.843359585188084
Glyma.16G043700.Wm82.a4.v1,0.8433057770385951
Glyma.15G262300.Wm82.a4.v1,0.8433008853886416
Glyma.11G183600.Wm82.a4.v1,0.843286210438781
Glyma.17G136100.Wm82.a4.v1,0.843203052389571
Glyma.17G024600.Wm82.a4.v1,0.8431834857897569
Glyma.02G112400.Wm82.a4.v1,0.843026952991244
Glyma.05G166600.Wm82.a4.v1,0.843026952991244
Glyma.08G113500.Wm82.a4.v1,0.842963361541848
Glyma.03G217300.Wm82.a4.v1,0.842943794942034
Glyma.08G256900.Wm82.a4.v1,0.8429291199921733
Glyma.18G282300.Wm82.a4.v1,0.8429242283422198
Glyma.12G020400.Wm82.a4.v1,0.8429193366922663
Glyma.17G210100.Wm82.a4.v1,0.8429168908672895
Glyma.12G031300.Wm82.a4.v1,0.8428997700924522
Glyma.01G169900.Wm82.a4.v1,0.8428850951425916
Glyma.04G185200.Wm82.a4.v1,0.8428655285427775
Glyma.04G122100.Wm82.a4.v1,0.8428312869931027
Glyma.10G154400.Wm82.a4.v1,0.8428312869931027
Glyma.08G300100.Wm82.a4.v1,0.8428215036931958
Glyma.08G314700.Wm82.a4.v1,0.8427921537934745
Glyma.16G086700.Wm82.a4.v1,0.8427676955437069
Glyma.02G111800.Wm82.a4.v1,0.8427432372939393
Glyma.08G133700.Wm82.a4.v1,0.8427187790441716
Glyma.16G164900.Wm82.a4.v1,0.842713887394218
Glyma.10G060600.Wm82.a4.v1,0.8426600792447293
Glyma.13G054400.Wm82.a4.v1,0.8426551875947758
Glyma.17G249900.Wm82.a4.v1,0.8426356209949616
Glyma.08G219200.Wm82.a4.v1,0.8426160543951475
Glyma.12G231800.Wm82.a4.v1,0.8425964877953334
Glyma.08G083700.Wm82.a4.v1,0.8425867044954263
Glyma.17G204900.Wm82.a4.v1,0.8425622462456587
Glyma.03G157200.Wm82.a4.v1,0.842547571295798
Glyma.18G046700.Wm82.a4.v1,0.8425182213960769
Glyma.18G120100.Wm82.a4.v1,0.8424741965464951
Glyma.04G000400.Wm82.a4.v1,0.842464413246588
Glyma.01G205900.Wm82.a4.v1,0.8424595215966345
Glyma.17G244800.Wm82.a4.v1,0.842454629946681
Glyma.03G247200.Wm82.a4.v1,0.842444846646774
Glyma.03G140500.Wm82.a4.v1,0.8424350633468669
Glyma.15G011300.Wm82.a4.v1,0.8424154967470527
Glyma.07G243100.Wm82.a4.v1,0.8423861468473316
Glyma.10G083600.Wm82.a4.v1,0.8423470136477034
Glyma.12G134200.Wm82.a4.v1,0.8423421219977498
Glyma.20G048900.Wm82.a4.v1,0.8423421219977498
Glyma.17G128600.Wm82.a4.v1,0.8423372303477963
Glyma.20G223800.Wm82.a4.v1,0.8423176637479822
Glyma.05G225700.Wm82.a4.v1,0.842278530548354
Glyma.20G019300.Wm82.a4.v1,0.8422345056987722
Glyma.08G210500.Wm82.a4.v1,0.8421024311500269
Glyma.06G124100.Wm82.a4.v1,0.8420926478501198
Glyma.10G208100.Wm82.a4.v1,0.8420877562001663
Glyma.18G274700.Wm82.a4.v1,0.8420877562001663
Glyma.20G110900.Wm82.a4.v1,0.8420828645502128
Glyma.04G177700.Wm82.a4.v1,0.8420339480506774
Glyma.18G207300.Wm82.a4.v1,0.8419703566012816
Glyma.13G110000.Wm82.a4.v1,0.8419483441764908
Glyma.20G177400.Wm82.a4.v1,0.8419361150516069
Glyma.16G219900.Wm82.a4.v1,0.8419116568018392
Glyma.10G012600.Wm82.a4.v1,0.8419067651518858
Glyma.18G151400.Wm82.a4.v1,0.8419067651518858
Glyma.07G188100.Wm82.a4.v1,0.8418969818519787
Glyma.02G289700.Wm82.a4.v1,0.8418676319522574
Glyma.20G153600.Wm82.a4.v1,0.8418040405028616
Glyma.13G338600.Wm82.a4.v1,0.8417844739030474
Glyma.06G196800.Wm82.a4.v1,0.841706207503791
Glyma.09G156900.Wm82.a4.v1,0.841706207503791
Glyma.13G034200.Wm82.a4.v1,0.8416915325539305
Glyma.14G025600.Wm82.a4.v1,0.8416621826542092
Glyma.02G069400.Wm82.a4.v1,0.8416572910042557
Glyma.20G198000.Wm82.a4.v1,0.8416523993543022
Glyma.02G256800.Wm82.a4.v1,0.8416034828547669
Glyma.07G166700.Wm82.a4.v1,0.8415839162549528
Glyma.17G239400.Wm82.a4.v1,0.8415839162549528
Glyma.07G152700.Wm82.a4.v1,0.8415643496551387
Glyma.04G200600.Wm82.a4.v1,0.8415594580051852
Glyma.08G203300.Wm82.a4.v1,0.8415545663552316
Glyma.08G139300.Wm82.a4.v1,0.8415447830553245
Glyma.06G027700.Wm82.a4.v1,0.841539891405371
Glyma.08G301200.Wm82.a4.v1,0.841530108105464
Glyma.20G048800.Wm82.a4.v1,0.8415252164555105
Glyma.04G059500.Wm82.a4.v1,0.8415105415056499
Glyma.15G001100.Wm82.a4.v1,0.8414958665557892
Glyma.U032705.Wm82.a4.v1,0.8414860832558823
Glyma.03G117300.Wm82.a4.v1,0.8414420584063005
Glyma.10G255700.Wm82.a4.v1,0.8414127085065792
Glyma.11G141100.Wm82.a4.v1,0.841363792007044
Glyma.12G086800.Wm82.a4.v1,0.8413589003570905
Glyma.10G128300.Wm82.a4.v1,0.8413246588074157
Glyma.17G158200.Wm82.a4.v1,0.8412610673580199
Glyma.04G246800.Wm82.a4.v1,0.8412366091082523
Glyma.11G190400.Wm82.a4.v1,0.841207259208531
Glyma.17G232600.Wm82.a4.v1,0.8411730176588563
Glyma.15G167100.Wm82.a4.v1,0.8409969182605292
Glyma.03G015600.Wm82.a4.v1,0.8409675683608081
Glyma.05G087400.Wm82.a4.v1,0.8409626767108546
Glyma.10G048700.Wm82.a4.v1,0.8409528934109475
Glyma.13G100900.Wm82.a4.v1,0.8409284351611799
Glyma.06G009000.Wm82.a4.v1,0.8409039769114122
Glyma.20G130300.Wm82.a4.v1,0.8409039769114122
Glyma.19G056800.Wm82.a4.v1,0.8408941936115052
Glyma.05G206200.Wm82.a4.v1,0.8408893019615516
Glyma.10G133800.Wm82.a4.v1,0.8408697353617375
Glyma.10G234500.Wm82.a4.v1,0.8408110355622952
Glyma.01G087700.Wm82.a4.v1,0.8408012522623881
Glyma.18G217700.Wm82.a4.v1,0.8407767940126205
Glyma.15G043500.Wm82.a4.v1,0.8407572274128063
Glyma.06G203800.Wm82.a4.v1,0.8407278775130852
Glyma.01G161700.Wm82.a4.v1,0.8407132025632246
Glyma.13G089100.Wm82.a4.v1,0.8406936359634105
Glyma.04G062300.Wm82.a4.v1,0.8406936359634105
Glyma.11G199400.Wm82.a4.v1,0.840688744313457
Glyma.17G034600.Wm82.a4.v1,0.840688744313457
Glyma.04G008567.Wm82.a4.v1,0.8406300445140146
Glyma.15G005000.Wm82.a4.v1,0.8405909113143863
Glyma.18G023300.Wm82.a4.v1,0.8405811280144793
Glyma.06G183000.Wm82.a4.v1,0.8405713447145722
Glyma.08G155000.Wm82.a4.v1,0.8405615614146652
Glyma.06G323600.Wm82.a4.v1,0.840541994814851
Glyma.18G013300.Wm82.a4.v1,0.840532211514944
Glyma.13G304400.Wm82.a4.v1,0.8405175365650834
Glyma.16G104600.Wm82.a4.v1,0.8404881866653622
Glyma.04G191500.Wm82.a4.v1,0.840449053465734
Glyma.03G086800.Wm82.a4.v1,0.8404148119160593
Glyma.07G117400.Wm82.a4.v1,0.8403952453162452
Glyma.08G348300.Wm82.a4.v1,0.8403805703663846
Glyma.01G234300.Wm82.a4.v1,0.840292520667221
Glyma.06G180300.Wm82.a4.v1,0.8402680624174534
Glyma.04G209400.Wm82.a4.v1,0.840209362618011
Glyma.13G367900.Wm82.a4.v1,0.8401849043682434
Glyma.05G248500.Wm82.a4.v1,0.8401751210683364
Glyma.12G033500.Wm82.a4.v1,0.8401457711686152
Glyma.12G189700.Wm82.a4.v1,0.8401408795186617
Glyma.08G037600.Wm82.a4.v1,0.8401359878687081
Glyma.07G066700.Wm82.a4.v1,0.840126204568801
Glyma.13G155900.Wm82.a4.v1,0.8400919630191264
Glyma.19G184800.Wm82.a4.v1,0.8400136966198699
Glyma.20G197100.Wm82.a4.v1,0.8399941300200557
Glyma.10G224900.Wm82.a4.v1,0.8399941300200557
Glyma.01G149700.Wm82.a4.v1,0.8399794550701952
Glyma.13G191900.Wm82.a4.v1,0.8399647801203346
Glyma.14G205700.Wm82.a4.v1,0.8399549968204275
Glyma.13G271000.Wm82.a4.v1,0.839950105170474
Glyma.08G156500.Wm82.a4.v1,0.8399305385706599
Glyma.14G203700.Wm82.a4.v1,0.8399256469207064
Glyma.01G076900.Wm82.a4.v1,0.8399158636207993
Glyma.02G240200.Wm82.a4.v1,0.8398375972215428
Glyma.15G230700.Wm82.a4.v1,0.8397886807220075
Glyma.04G211000.Wm82.a4.v1,0.8397691141221935
Glyma.14G220400.Wm82.a4.v1,0.8397593308222864
Glyma.11G076000.Wm82.a4.v1,0.8397593308222864
Glyma.03G202700.Wm82.a4.v1,0.8397544391723328
Glyma.13G147400.Wm82.a4.v1,0.8397495475223793
Glyma.10G128400.Wm82.a4.v1,0.8397446558724257
Glyma.06G138500.Wm82.a4.v1,0.8396908477229369
Glyma.08G320500.Wm82.a4.v1,0.8396614978232158
Glyma.17G002702.Wm82.a4.v1,0.8396517145233087
Glyma.04G201500.Wm82.a4.v1,0.8396419312234017
Glyma.08G123500.Wm82.a4.v1,0.8396125813236804
Glyma.10G270000.Wm82.a4.v1,0.8395538815242382
Glyma.06G171700.Wm82.a4.v1,0.8395489898742846
Glyma.10G234000.Wm82.a4.v1,0.8395000733747493
Glyma.05G221600.Wm82.a4.v1,0.8394756151249817
Glyma.09G236800.Wm82.a4.v1,0.8394462652252604
Glyma.10G117300.Wm82.a4.v1,0.8393777821259111
Glyma.17G013600.Wm82.a4.v1,0.8393190823264687
Glyma.17G090500.Wm82.a4.v1,0.8393190823264687
Glyma.05G077200.Wm82.a4.v1,0.8392946240767011
Glyma.07G121000.Wm82.a4.v1,0.8392946240767011
Glyma.07G073500.Wm82.a4.v1,0.8392701658269335
Glyma.08G084300.Wm82.a4.v1,0.8392652741769799
Glyma.13G007800.Wm82.a4.v1,0.8392457075771658
Glyma.20G013500.Wm82.a4.v1,0.8392359242772587
Glyma.03G133900.Wm82.a4.v1,0.8392261409773517
Glyma.18G206500.Wm82.a4.v1,0.8391967910776305
Glyma.07G180100.Wm82.a4.v1,0.8391918994276769
Glyma.19G182000.Wm82.a4.v1,0.8391918994276769
Glyma.13G346500.Wm82.a4.v1,0.8391136330284205
Glyma.01G080600.Wm82.a4.v1,0.8391087413784669
Glyma.08G161600.Wm82.a4.v1,0.8389815584796751
Glyma.15G035600.Wm82.a4.v1,0.8389375336300934
Glyma.10G226700.Wm82.a4.v1,0.8388935087805117
Glyma.08G345600.Wm82.a4.v1,0.8388592672308369
Glyma.04G196100.Wm82.a4.v1,0.83884948393093
Glyma.08G113700.Wm82.a4.v1,0.8388397006310229
Glyma.04G078300.Wm82.a4.v1,0.8388201340312087
Glyma.03G026900.Wm82.a4.v1,0.8387907841314876
Glyma.02G005500.Wm82.a4.v1,0.8387516509318593
Glyma.13G270800.Wm82.a4.v1,0.8387467592819058
Glyma.08G101500.Wm82.a4.v1,0.8387320843320452
Glyma.02G251400.Wm82.a4.v1,0.8387320843320452
Glyma.18G227500.Wm82.a4.v1,0.8387223010321382
Glyma.11G008600.Wm82.a4.v1,0.8387125177322311
Glyma.03G226400.Wm82.a4.v1,0.8386880594824634
Glyma.09G151700.Wm82.a4.v1,0.8386733845326029
Glyma.15G223000.Wm82.a4.v1,0.8385853348334393
Glyma.12G233400.Wm82.a4.v1,0.8385755515335322
Glyma.18G146900.Wm82.a4.v1,0.8385608765836716
Glyma.01G241400.Wm82.a4.v1,0.8385241892090202
Glyma.16G196900.Wm82.a4.v1,0.83851685173409
Glyma.13G234200.Wm82.a4.v1,0.83851685173409
Glyma.12G156200.Wm82.a4.v1,0.8384826101844152
Glyma.11G133500.Wm82.a4.v1,0.8384483686347405
Glyma.04G194600.Wm82.a4.v1,0.8384483686347405
Glyma.17G094300.Wm82.a4.v1,0.8383896688352982
Glyma.11G251500.Wm82.a4.v1,0.8383798855353911
Glyma.06G088000.Wm82.a4.v1,0.8383603189355769
Glyma.04G087200.Wm82.a4.v1,0.8383407523357629
Glyma.06G059700.Wm82.a4.v1,0.8383162940859952
Glyma.19G165700.Wm82.a4.v1,0.8383114024360416
Glyma.05G221400.Wm82.a4.v1,0.8382967274861811
Glyma.02G045200.Wm82.a4.v1,0.8382331360367852
Glyma.11G113400.Wm82.a4.v1,0.8382135694369711
Glyma.20G130900.Wm82.a4.v1,0.838203786137064
Glyma.03G131900.Wm82.a4.v1,0.8381548696375287
Glyma.15G233400.Wm82.a4.v1,0.8381059531379934
Glyma.07G242100.Wm82.a4.v1,0.8380912781881329
Glyma.18G051700.Wm82.a4.v1,0.838037470038644
Glyma.04G252800.Wm82.a4.v1,0.8379983368390158
Glyma.18G169600.Wm82.a4.v1,0.8379787702392016
Glyma.04G096900.Wm82.a4.v1,0.8379787702392016
Glyma.17G223200.Wm82.a4.v1,0.8379298537396664
Glyma.14G053300.Wm82.a4.v1,0.8378956121899916
Glyma.09G081700.Wm82.a4.v1,0.8378858288900847
Glyma.14G088900.Wm82.a4.v1,0.8378809372401311
Glyma.14G032500.Wm82.a4.v1,0.8378809372401311
Glyma.10G214200.Wm82.a4.v1,0.8378515873404099
Glyma.10G290800.Wm82.a4.v1,0.8378173457907352
Glyma.07G254400.Wm82.a4.v1,0.8378026708408747
Glyma.05G032700.Wm82.a4.v1,0.8377635376412464
Glyma.05G075600.Wm82.a4.v1,0.8377439710414323
Glyma.10G269400.Wm82.a4.v1,0.8377195127916647
Glyma.10G155400.Wm82.a4.v1,0.8377146211417111
Glyma.08G091700.Wm82.a4.v1,0.837704837841804
Glyma.19G103550.Wm82.a4.v1,0.837695054541897
Glyma.17G057800.Wm82.a4.v1,0.8376828254170131
Glyma.08G051000.Wm82.a4.v1,0.8376657046421758
Glyma.02G140100.Wm82.a4.v1,0.8376510296923152
Glyma.09G059000.Wm82.a4.v1,0.8376314630925011
Glyma.02G228700.Wm82.a4.v1,0.8376021131927799
Glyma.06G151000.Wm82.a4.v1,0.8375874382429194
Glyma.13G128900.Wm82.a4.v1,0.8375483050432911
Glyma.18G002700.Wm82.a4.v1,0.8375483050432911
Glyma.02G099500.Wm82.a4.v1,0.8375434133933376
Glyma.08G253000.Wm82.a4.v1,0.8375336300934305
Glyma.09G132200.Wm82.a4.v1,0.8374896052438487
Glyma.05G192800.Wm82.a4.v1,0.8374015555446852
Glyma.15G177000.Wm82.a4.v1,0.8373428557452429
Glyma.13G113300.Wm82.a4.v1,0.8373281807953823
Glyma.04G225500.Wm82.a4.v1,0.8373037225456146
Glyma.15G150900.Wm82.a4.v1,0.8372939392457076
Glyma.19G056300.Wm82.a4.v1,0.8372939392457076
Glyma.01G166400.Wm82.a4.v1,0.837279264295847
Glyma.06G214900.Wm82.a4.v1,0.837196106246637
Glyma.10G197600.Wm82.a4.v1,0.837196106246637
Glyma.08G094800.Wm82.a4.v1,0.8371912145966834
Glyma.10G028400.Wm82.a4.v1,0.8371912145966834
Glyma.19G179700.Wm82.a4.v1,0.8370542483979846
Glyma.20G209800.Wm82.a4.v1,0.8370151151983564
Glyma.10G139200.Wm82.a4.v1,0.836946632099007
Glyma.07G085800.Wm82.a4.v1,0.8369270654991928
Glyma.04G207200.Wm82.a4.v1,0.8369172821992859
Glyma.18G229100.Wm82.a4.v1,0.8368487990999364
Glyma.19G022700.Wm82.a4.v1,0.8368487990999364
Glyma.08G012000.Wm82.a4.v1,0.8368292325001223
Glyma.09G284800.Wm82.a4.v1,0.8368243408501688
Glyma.14G033600.Wm82.a4.v1,0.836780316000587
Glyma.18G219900.Wm82.a4.v1,0.8367705327006799
Glyma.03G259000.Wm82.a4.v1,0.8367656410507264
Glyma.18G008300.Wm82.a4.v1,0.8367558577508194
Glyma.10G201200.Wm82.a4.v1,0.8367265078510981
Glyma.03G242900.Wm82.a4.v1,0.8367216162011446
Glyma.20G025400.Wm82.a4.v1,0.836697157951377
Glyma.20G070800.Wm82.a4.v1,0.8366873746514699
Glyma.07G203700.Wm82.a4.v1,0.8366482414518417
Glyma.10G281600.Wm82.a4.v1,0.8366433498018881
Glyma.19G252100.Wm82.a4.v1,0.8365993249523064
Glyma.02G267500.Wm82.a4.v1,0.8365748667025388
Glyma.18G255700.Wm82.a4.v1,0.8365553001027246
Glyma.08G081300.Wm82.a4.v1,0.8365259502030035
Glyma.18G119000.Wm82.a4.v1,0.8365259502030035
Glyma.09G082900.Wm82.a4.v1,0.8365210585530499
Glyma.01G028700.Wm82.a4.v1,0.8365063836031894
Glyma.02G219200.Wm82.a4.v1,0.8365063836031894
Glyma.20G119100.Wm82.a4.v1,0.8364672504035611
Glyma.12G160800.Wm82.a4.v1,0.8364672504035611
Glyma.17G119800.Wm82.a4.v1,0.8363938756542582
Glyma.02G144700.Wm82.a4.v1,0.8363840923543511
Glyma.08G088600.Wm82.a4.v1,0.8363498508046764
Glyma.04G017900.Wm82.a4.v1,0.8363351758548159
Glyma.15G005300.Wm82.a4.v1,0.836281367705327
Glyma.19G212800.Wm82.a4.v1,0.8362618011055128
Glyma.02G170600.Wm82.a4.v1,0.8362422345056988
Glyma.07G012400.Wm82.a4.v1,0.8362128846059776
Glyma.07G119900.Wm82.a4.v1,0.8361248349068141
Glyma.17G032700.Wm82.a4.v1,0.8360808100572323
Glyma.19G134100.Wm82.a4.v1,0.8360514601575111
Glyma.07G066800.Wm82.a4.v1,0.8360367852076506
Glyma.01G089500.Wm82.a4.v1,0.8360074353079293
Glyma.09G063200.Wm82.a4.v1,0.8359927603580688
Glyma.13G201700.Wm82.a4.v1,0.8358851440590911
Glyma.06G015300.Wm82.a4.v1,0.8358753607591841
Glyma.11G000500.Wm82.a4.v1,0.8358509025094164
Glyma.09G204500.Wm82.a4.v1,0.8358313359096023
Glyma.18G264200.Wm82.a4.v1,0.8358117693097882
Glyma.12G026000.Wm82.a4.v1,0.8358068776598346
Glyma.14G152500.Wm82.a4.v1,0.83577263611016
Glyma.09G272800.Wm82.a4.v1,0.8356845864109964
Glyma.12G009200.Wm82.a4.v1,0.8356552365112753
Glyma.16G020600.Wm82.a4.v1,0.8356258866115541
Glyma.06G234200.Wm82.a4.v1,0.8356209949616006
Glyma.05G248900.Wm82.a4.v1,0.8356112116616935
Glyma.13G124000.Wm82.a4.v1,0.83560632001174
Glyma.18G164900.Wm82.a4.v1,0.8355818617619724
Glyma.17G200900.Wm82.a4.v1,0.8355525118622511
Glyma.06G275500.Wm82.a4.v1,0.8355133786626229
Glyma.14G090600.Wm82.a4.v1,0.8355035953627158
Glyma.02G217100.Wm82.a4.v1,0.83544000391332
Glyma.08G115100.Wm82.a4.v1,0.8353715208139706
Glyma.18G054000.Wm82.a4.v1,0.8353226043144353
Glyma.04G233700.Wm82.a4.v1,0.8352932544147141
Glyma.10G116600.Wm82.a4.v1,0.8352492295651324
Glyma.06G089600.Wm82.a4.v1,0.8351954214156435
Glyma.09G225700.Wm82.a4.v1,0.8351856381157364
Glyma.10G041900.Wm82.a4.v1,0.8351807464657829
Glyma.13G109600.Wm82.a4.v1,0.8351758548158293
Glyma.03G256100.Wm82.a4.v1,0.8351367216162011
Glyma.06G240000.Wm82.a4.v1,0.8350682385168517
Glyma.17G197200.Wm82.a4.v1,0.8350584552169447
Glyma.19G014000.Wm82.a4.v1,0.8350095387174093
Glyma.18G164200.Wm82.a4.v1,0.8349019224184318
Glyma.06G052900.Wm82.a4.v1,0.8349019224184318
Glyma.17G091200.Wm82.a4.v1,0.8348823558186176
Glyma.13G124400.Wm82.a4.v1,0.8348676808687571
Glyma.03G034900.Wm82.a4.v1,0.8348627892188035
Glyma.13G141500.Wm82.a4.v1,0.83485789756885
Glyma.08G311200.Wm82.a4.v1,0.8348285476691288
Glyma.01G018600.Wm82.a4.v1,0.8348089810693147
Glyma.08G007700.Wm82.a4.v1,0.8347894144695006
Glyma.02G155600.Wm82.a4.v1,0.83477473951964
Glyma.09G246300.Wm82.a4.v1,0.8347551729198258
Glyma.01G051400.Wm82.a4.v1,0.8347307146700582
Glyma.06G025800.Wm82.a4.v1,0.8346964731203835
Glyma.03G118400.Wm82.a4.v1,0.8346622315707088
Glyma.14G196400.Wm82.a4.v1,0.8346573399207553
Glyma.14G083100.Wm82.a4.v1,0.8346524482708018
Glyma.13G365000.Wm82.a4.v1,0.8346426649708947
Glyma.15G054300.Wm82.a4.v1,0.8346230983710806
Glyma.08G094900.Wm82.a4.v1,0.8346133150711735
Glyma.12G005200.Wm82.a4.v1,0.8345839651714523
Glyma.19G075100.Wm82.a4.v1,0.8345105904221494
Glyma.08G222000.Wm82.a4.v1,0.8344910238223353
Glyma.03G003500.Wm82.a4.v1,0.8344567822726605
Glyma.07G041700.Wm82.a4.v1,0.8344127574230789
Glyma.03G232900.Wm82.a4.v1,0.8343980824732182
Glyma.11G200300.Wm82.a4.v1,0.8343393826737758
Glyma.10G221400.Wm82.a4.v1,0.8343344910238223
Glyma.10G146800.Wm82.a4.v1,0.8343198160739618
Glyma.09G253700.Wm82.a4.v1,0.8343002494741476
Glyma.10G232700.Wm82.a4.v1,0.8342660079244729
Glyma.08G348200.Wm82.a4.v1,0.8342513329746123
Glyma.11G235400.Wm82.a4.v1,0.8342317663747982
Glyma.13G106200.Wm82.a4.v1,0.8342268747248447
Glyma.07G047800.Wm82.a4.v1,0.8341779582253094
Glyma.02G138400.Wm82.a4.v1,0.8341730665753558
Glyma.13G074800.Wm82.a4.v1,0.8341632832754489
Glyma.07G244900.Wm82.a4.v1,0.8340899085261458
Glyma.01G154100.Wm82.a4.v1,0.8340654502763782
Glyma.12G010300.Wm82.a4.v1,0.8340605586264247
Glyma.18G003500.Wm82.a4.v1,0.8340605586264247
Glyma.16G040300.Wm82.a4.v1,0.8340605586264247
Glyma.20G056400.Wm82.a4.v1,0.8340556669764712
Glyma.02G218900.Wm82.a4.v1,0.8340214254267965
Glyma.14G062100.Wm82.a4.v1,0.8340067504769358
Glyma.02G009200.Wm82.a4.v1,0.8339627256273541
Glyma.14G023900.Wm82.a4.v1,0.8339627256273541
Glyma.05G047400.Wm82.a4.v1,0.8339235924277258
Glyma.20G066800.Wm82.a4.v1,0.8339187007777723
Glyma.09G226400.Wm82.a4.v1,0.8339089174778653
Glyma.09G274700.Wm82.a4.v1,0.8338551093283765
Glyma.11G050100.Wm82.a4.v1,0.8338257594286553
Glyma.13G004800.Wm82.a4.v1,0.8337964095289341
Glyma.13G197200.Wm82.a4.v1,0.83377684292912
Glyma.12G173500.Wm82.a4.v1,0.8337621679792594
Glyma.01G239000.Wm82.a4.v1,0.8337621679792594
Glyma.01G203200.Wm82.a4.v1,0.8337572763293059
Glyma.06G025400.Wm82.a4.v1,0.8337499388543755
Glyma.09G282100.Wm82.a4.v1,0.8337426013794453
Glyma.03G108100.Wm82.a4.v1,0.8337426013794453
Glyma.12G210400.Wm82.a4.v1,0.8336741182800959
Glyma.05G078300.Wm82.a4.v1,0.8336300934305141
Glyma.11G155050.Wm82.a4.v1,0.8335762852810253
Glyma.15G029400.Wm82.a4.v1,0.8335469353813041
Glyma.10G266400.Wm82.a4.v1,0.8333952942327447
Glyma.08G059300.Wm82.a4.v1,0.8333781734579073
Glyma.17G219600.Wm82.a4.v1,0.8333072445335812
Glyma.06G046000.Wm82.a4.v1,0.8332338697842783
Glyma.02G271900.Wm82.a4.v1,0.8332143031844641
Glyma.16G042700.Wm82.a4.v1,0.83319473658465
Glyma.14G164400.Wm82.a4.v1,0.8331653866849288
Glyma.17G194500.Wm82.a4.v1,0.8331604950349752
Glyma.03G250800.Wm82.a4.v1,0.8331556033850218
Glyma.11G190200.Wm82.a4.v1,0.8331458200851147
Glyma.02G114800.Wm82.a4.v1,0.833121361835347
Glyma.06G019200.Wm82.a4.v1,0.833121361835347
Glyma.09G129000.Wm82.a4.v1,0.8331066868854865
Glyma.06G260700.Wm82.a4.v1,0.8330724453358118
Glyma.08G027700.Wm82.a4.v1,0.8330675536858583
Glyma.10G203200.Wm82.a4.v1,0.8330577703859512
Glyma.18G120300.Wm82.a4.v1,0.8330479870860441
Glyma.10G076700.Wm82.a4.v1,0.8329990705865088
Glyma.05G059500.Wm82.a4.v1,0.8328963459374847
Glyma.01G158200.Wm82.a4.v1,0.8328914542875312
Glyma.08G257900.Wm82.a4.v1,0.8328816709876241
Glyma.17G045900.Wm82.a4.v1,0.832852321087903
Glyma.05G181600.Wm82.a4.v1,0.8328180795382283
Glyma.02G099300.Wm82.a4.v1,0.8328131878882747
Glyma.12G074300.Wm82.a4.v1,0.8328131878882747
Glyma.01G014800.Wm82.a4.v1,0.8327642713887394
Glyma.19G196700.Wm82.a4.v1,0.8327593797387859
Glyma.07G265100.Wm82.a4.v1,0.8327544880888323
Glyma.09G062600.Wm82.a4.v1,0.8327544880888323
Glyma.18G283100.Wm82.a4.v1,0.8327495964388788
Glyma.18G067600.Wm82.a4.v1,0.8327300298390647
Glyma.10G011900.Wm82.a4.v1,0.8327104632392506
Glyma.U031805.Wm82.a4.v1,0.832686004989483
Glyma.04G216700.Wm82.a4.v1,0.8326811133395294
Glyma.11G017700.Wm82.a4.v1,0.8326713300396223
Glyma.06G017700.Wm82.a4.v1,0.8326468717898547
Glyma.07G219000.Wm82.a4.v1,0.832602846940273
Glyma.17G105700.Wm82.a4.v1,0.8325734970405517
Glyma.10G031500.Wm82.a4.v1,0.8325686053905983
Glyma.09G202700.Wm82.a4.v1,0.8325417013158538
Glyma.01G242000.Wm82.a4.v1,0.832539255490877
Glyma.15G001400.Wm82.a4.v1,0.8325294721909701
Glyma.06G136800.Wm82.a4.v1,0.8325245805410165
Glyma.11G087500.Wm82.a4.v1,0.8324952306412953
Glyma.18G295000.Wm82.a4.v1,0.8324756640414812
Glyma.04G190500.Wm82.a4.v1,0.8324756640414812
Glyma.19G056700.Wm82.a4.v1,0.832436530841853
Glyma.11G102600.Wm82.a4.v1,0.8324267475419459
Glyma.19G217900.Wm82.a4.v1,0.8324071809421317
Glyma.19G223500.Wm82.a4.v1,0.8323215770679451
Glyma.20G218400.Wm82.a4.v1,0.8323093479430612
Glyma.14G090700.Wm82.a4.v1,0.8323044562931077
Glyma.09G154900.Wm82.a4.v1,0.832289781343247
Glyma.06G057400.Wm82.a4.v1,0.83227999804334
Glyma.10G241900.Wm82.a4.v1,0.8322653230934794
Glyma.07G057400.Wm82.a4.v1,0.8322457564936653
Glyma.08G232400.Wm82.a4.v1,0.8322408648437117
Glyma.09G065300.Wm82.a4.v1,0.8322261898938512
Glyma.18G244500.Wm82.a4.v1,0.8322237440688744
Glyma.18G034800.Wm82.a4.v1,0.8321185735948735
Glyma.19G132300.Wm82.a4.v1,0.8320794403952453
Glyma.20G043800.Wm82.a4.v1,0.8320598737954312
Glyma.18G124500.Wm82.a4.v1,0.8320451988455706
Glyma.16G037900.Wm82.a4.v1,0.8320011739959888
Glyma.17G051800.Wm82.a4.v1,0.8319571491464071
Glyma.12G040800.Wm82.a4.v1,0.8319326908966395
Glyma.10G037300.Wm82.a4.v1,0.8319229075967324
Glyma.04G086200.Wm82.a4.v1,0.8318690994472435
Glyma.06G164500.Wm82.a4.v1,0.8318397495475224
Glyma.20G041000.Wm82.a4.v1,0.8318299662476153
Glyma.06G222100.Wm82.a4.v1,0.831771266448173
Glyma.17G167100.Wm82.a4.v1,0.8317663747982195
Glyma.05G149700.Wm82.a4.v1,0.8317370248984982
Glyma.13G372700.Wm82.a4.v1,0.8317321332485448
Glyma.10G280600.Wm82.a4.v1,0.8317027833488235
Glyma.03G167800.Wm82.a4.v1,0.8316930000489166
Glyma.13G243600.Wm82.a4.v1,0.8316636501491953
Glyma.06G117500.Wm82.a4.v1,0.8316489751993348
Glyma.11G139800.Wm82.a4.v1,0.8316391918994277
Glyma.11G013900.Wm82.a4.v1,0.8315853837499388
Glyma.05G064700.Wm82.a4.v1,0.8315804920999853
Glyma.01G024000.Wm82.a4.v1,0.8315756004500318
Glyma.16G218000.Wm82.a4.v1,0.8315266839504964
Glyma.17G050000.Wm82.a4.v1,0.8315266839504964
Glyma.19G087900.Wm82.a4.v1,0.8314826591009148
Glyma.01G228300.Wm82.a4.v1,0.8314826591009148
Glyma.01G105400.Wm82.a4.v1,0.8313946094017513
Glyma.09G182600.Wm82.a4.v1,0.8313114513525413
Glyma.12G212000.Wm82.a4.v1,0.8312625348530059
Glyma.17G228000.Wm82.a4.v1,0.8312576432030524
Glyma.09G115600.Wm82.a4.v1,0.8312380766032382
Glyma.20G217800.Wm82.a4.v1,0.8312331849532848
Glyma.15G122300.Wm82.a4.v1,0.8312234016533777
Glyma.13G338700.Wm82.a4.v1,0.8312234016533777
Glyma.07G258600.Wm82.a4.v1,0.8312185100034242
Glyma.19G224300.Wm82.a4.v1,0.83119894340361
Glyma.02G303500.Wm82.a4.v1,0.83119894340361
Glyma.02G122700.Wm82.a4.v1,0.8311940517536565
Glyma.09G185900.Wm82.a4.v1,0.8311842684537495
Glyma.09G275900.Wm82.a4.v1,0.8311647018539353
Glyma.19G025900.Wm82.a4.v1,0.8311451352541213
Glyma.02G035900.Wm82.a4.v1,0.8311402436041677
Glyma.08G184700.Wm82.a4.v1,0.8311206770043535
Glyma.09G281000.Wm82.a4.v1,0.8311206770043535
Glyma.08G177100.Wm82.a4.v1,0.8310913271046324
Glyma.15G030400.Wm82.a4.v1,0.8310668688548647
Glyma.04G226500.Wm82.a4.v1,0.8310081690554224
Glyma.03G210900.Wm82.a4.v1,0.8310081690554224
Glyma.09G263700.Wm82.a4.v1,0.8310032774054689
Glyma.10G210300.Wm82.a4.v1,0.8309837108056547
Glyma.04G180100.Wm82.a4.v1,0.8309592525558871
Glyma.09G195700.Wm82.a4.v1,0.8309543609059336
Glyma.13G190300.Wm82.a4.v1,0.8309152277063053
Glyma.11G104200.Wm82.a4.v1,0.8308907694565377
Glyma.04G057200.Wm82.a4.v1,0.8308907694565377
Glyma.07G108700.Wm82.a4.v1,0.8308418529570024
Glyma.11G246200.Wm82.a4.v1,0.8308369613070489
Glyma.13G310900.Wm82.a4.v1,0.8308222863571882
Glyma.07G095800.Wm82.a4.v1,0.8308125030572813
Glyma.11G147100.Wm82.a4.v1,0.8307880448075136
Glyma.02G253600.Wm82.a4.v1,0.8307684782076995
Glyma.13G291300.Wm82.a4.v1,0.8307538032578389
Glyma.10G101600.Wm82.a4.v1,0.8306559702587683
Glyma.13G082400.Wm82.a4.v1,0.8306339578339774
Glyma.13G292700.Wm82.a4.v1,0.8305874871594189
Glyma.17G215700.Wm82.a4.v1,0.8305825955094653
Glyma.11G037700.Wm82.a4.v1,0.8305777038595118
Glyma.17G143500.Wm82.a4.v1,0.8305483539597907
Glyma.19G025200.Wm82.a4.v1,0.8305385706598836
Glyma.10G101800.Wm82.a4.v1,0.8305287873599765
Glyma.04G243000.Wm82.a4.v1,0.8305190040600695
Glyma.09G019800.Wm82.a4.v1,0.8304847625103947
Glyma.11G175700.Wm82.a4.v1,0.8304456293107665
Glyma.20G245800.Wm82.a4.v1,0.8304260627109524
Glyma.07G249800.Wm82.a4.v1,0.8304162794110453
Glyma.20G183400.Wm82.a4.v1,0.8304162794110453
Glyma.04G051800.Wm82.a4.v1,0.8304064961111383
Glyma.15G063100.Wm82.a4.v1,0.8304016044611847
Glyma.05G030600.Wm82.a4.v1,0.8303869295113242
Glyma.16G129900.Wm82.a4.v1,0.8303722545614636
Glyma.04G161200.Wm82.a4.v1,0.8303233380619283
Glyma.17G236600.Wm82.a4.v1,0.8302988798121607
Glyma.13G187900.Wm82.a4.v1,0.8302939881622071
Glyma.20G106800.Wm82.a4.v1,0.8302793132123465
Glyma.13G148300.Wm82.a4.v1,0.8302548549625789
Glyma.15G271800.Wm82.a4.v1,0.8302499633126253
Glyma.13G306300.Wm82.a4.v1,0.8302303967128112
Glyma.10G280700.Wm82.a4.v1,0.8302255050628577
Glyma.14G162300.Wm82.a4.v1,0.8302059384630436
Glyma.14G004900.Wm82.a4.v1,0.83020104681309
Glyma.08G325800.Wm82.a4.v1,0.8301570219635083
Glyma.10G018000.Wm82.a4.v1,0.8301521303135547
Glyma.04G167200.Wm82.a4.v1,0.8301423470136478
Glyma.13G240100.Wm82.a4.v1,0.8301276720637871
Glyma.17G234200.Wm82.a4.v1,0.8301276720637871
Glyma.13G169100.Wm82.a4.v1,0.830108105463973
Glyma.10G271500.Wm82.a4.v1,0.8300200557648094
Glyma.11G015433.Wm82.a4.v1,0.8300004891649954
Glyma.10G289600.Wm82.a4.v1,0.8299760309152278
Glyma.01G190900.Wm82.a4.v1,0.8299638017903439
Glyma.19G034200.Wm82.a4.v1,0.8299491268404833
Glyma.13G186300.Wm82.a4.v1,0.8298781979161571
Glyma.04G046700.Wm82.a4.v1,0.8298733062662036
Glyma.02G284500.Wm82.a4.v1,0.82986841461625
Glyma.11G115000.Wm82.a4.v1,0.8298635229662965
Glyma.19G210700.Wm82.a4.v1,0.829858631316343
Glyma.08G259500.Wm82.a4.v1,0.8298243897666683
Glyma.12G191600.Wm82.a4.v1,0.8298243897666683
Glyma.19G180600.Wm82.a4.v1,0.8297461233674118
Glyma.03G131800.Wm82.a4.v1,0.8297314484175512
Glyma.07G123100.Wm82.a4.v1,0.8297265567675977
Glyma.10G215300.Wm82.a4.v1,0.8297069901677836
Glyma.14G208500.Wm82.a4.v1,0.829692315217923
Glyma.15G152100.Wm82.a4.v1,0.829682531918016
Glyma.06G169700.Wm82.a4.v1,0.8296629653182018
Glyma.09G281700.Wm82.a4.v1,0.8295357824194101
Glyma.05G178100.Wm82.a4.v1,0.8295308907694565
Glyma.06G137800.Wm82.a4.v1,0.829516215819596
Glyma.09G136700.Wm82.a4.v1,0.8294966492197818
Glyma.01G151700.Wm82.a4.v1,0.8294624076701071
Glyma.13G151000.Wm82.a4.v1,0.8294575160201536
Glyma.18G299900.Wm82.a4.v1,0.8294183828205254
Glyma.16G093900.Wm82.a4.v1,0.8293988162207112
Glyma.05G200300.Wm82.a4.v1,0.8293107665215477
Glyma.16G038800.Wm82.a4.v1,0.8293107665215477
Glyma.15G269500.Wm82.a4.v1,0.8292911999217336
Glyma.04G050600.Wm82.a4.v1,0.8292814166218265
Glyma.11G086000.Wm82.a4.v1,0.8292227168223842
Glyma.14G064900.Wm82.a4.v1,0.8292227168223842
Glyma.16G080900.Wm82.a4.v1,0.8291395587731742
Glyma.07G228400.Wm82.a4.v1,0.8291297754732672
Glyma.08G284700.Wm82.a4.v1,0.8291199921733601
Glyma.04G054100.Wm82.a4.v1,0.8291151005234065
Glyma.02G192600.Wm82.a4.v1,0.8291004255735459
Glyma.13G312600.Wm82.a4.v1,0.8290515090740107
Glyma.03G190800.Wm82.a4.v1,0.8290417257741036
Glyma.16G142800.Wm82.a4.v1,0.828943892775033
Glyma.13G113900.Wm82.a4.v1,0.8289292178251725
Glyma.13G167900.Wm82.a4.v1,0.8289292178251725
Glyma.04G058900.Wm82.a4.v1,0.8288851929755907
Glyma.19G027800.Wm82.a4.v1,0.8288803013256372
Glyma.11G128000.Wm82.a4.v1,0.8288754096756836
Glyma.19G218100.Wm82.a4.v1,0.8288362764760554
Glyma.16G076500.Wm82.a4.v1,0.8288313848261019
Glyma.08G318600.Wm82.a4.v1,0.8288264931761483
Glyma.02G243600.Wm82.a4.v1,0.8287751308516362
Glyma.08G328000.Wm82.a4.v1,0.8287482267768919
Glyma.14G001500.Wm82.a4.v1,0.8287384434769848
Glyma.18G005600.Wm82.a4.v1,0.8287188768771707
Glyma.20G190400.Wm82.a4.v1,0.8287188768771707
Glyma.15G143900.Wm82.a4.v1,0.8286406104779142
Glyma.13G229000.Wm82.a4.v1,0.8286283813530304
Glyma.07G272500.Wm82.a4.v1,0.8286161522281466
Glyma.04G036200.Wm82.a4.v1,0.8285965856283324
Glyma.08G152700.Wm82.a4.v1,0.8285476691287972
Glyma.15G209800.Wm82.a4.v1,0.8284694027295407
Glyma.02G102600.Wm82.a4.v1,0.8284547277796801
Glyma.12G236400.Wm82.a4.v1,0.8284547277796801
Glyma.19G233000.Wm82.a4.v1,0.8284351611798659
Glyma.18G222400.Wm82.a4.v1,0.828425377879959
Glyma.01G182500.Wm82.a4.v1,0.8283666780805166
Glyma.05G182500.Wm82.a4.v1,0.8283666780805166
Glyma.06G176300.Wm82.a4.v1,0.8283568947806095
Glyma.11G072100.Wm82.a4.v1,0.8283568947806095
Glyma.19G233600.Wm82.a4.v1,0.8283275448808883
Glyma.06G002700.Wm82.a4.v1,0.8283177615809812
Glyma.09G276900.Wm82.a4.v1,0.8283177615809812
Glyma.06G046300.Wm82.a4.v1,0.8283128699310277
Glyma.17G087000.Wm82.a4.v1,0.8283079782810742
Glyma.02G274300.Wm82.a4.v1,0.8283055324560974
Glyma.07G179400.Wm82.a4.v1,0.8282981949811672
Glyma.13G318800.Wm82.a4.v1,0.8282688450814459
Glyma.14G002900.Wm82.a4.v1,0.8282639534314924
Glyma.18G279400.Wm82.a4.v1,0.8282346035317713
Glyma.01G172200.Wm82.a4.v1,0.8281710120823754
Glyma.08G149400.Wm82.a4.v1,0.8281318788827472
Glyma.06G297500.Wm82.a4.v1,0.8281172039328866
Glyma.03G098300.Wm82.a4.v1,0.8280389375336301
Glyma.02G017400.Wm82.a4.v1,0.8280169251088392
Glyma.17G157000.Wm82.a4.v1,0.8280144792838624
Glyma.12G205800.Wm82.a4.v1,0.828009587633909
Glyma.18G220200.Wm82.a4.v1,0.8279411045345595
Glyma.10G170800.Wm82.a4.v1,0.8278921880350242
Glyma.19G118900.Wm82.a4.v1,0.8278872963850706
Glyma.03G184400.Wm82.a4.v1,0.827862838135303
Glyma.13G147700.Wm82.a4.v1,0.8278579464853495
Glyma.04G202100.Wm82.a4.v1,0.827853054835396
Glyma.07G256200.Wm82.a4.v1,0.8278383798855354
Glyma.08G287300.Wm82.a4.v1,0.8278237049356748
Glyma.10G132400.Wm82.a4.v1,0.8277503301863719
Glyma.09G028800.Wm82.a4.v1,0.827696522036883
Glyma.07G054500.Wm82.a4.v1,0.8276720637871154
Glyma.15G011900.Wm82.a4.v1,0.8276622804872084
Glyma.18G190400.Wm82.a4.v1,0.8276280389375337
Glyma.04G025400.Wm82.a4.v1,0.827603580687766
Glyma.04G222500.Wm82.a4.v1,0.8275986890378124
Glyma.01G002200.Wm82.a4.v1,0.8275937973878589
Glyma.09G256700.Wm82.a4.v1,0.8275742307880448
Glyma.14G200900.Wm82.a4.v1,0.8275742307880448
Glyma.08G099200.Wm82.a4.v1,0.8275693391380913
Glyma.09G286200.Wm82.a4.v1,0.8275644474881377
Glyma.17G073900.Wm82.a4.v1,0.8275595558381842
Glyma.16G049200.Wm82.a4.v1,0.8275448808883237
Glyma.04G188200.Wm82.a4.v1,0.8275399892383701
Glyma.17G069900.Wm82.a4.v1,0.827520422638556
Glyma.04G093800.Wm82.a4.v1,0.8275008560387419
Glyma.08G007500.Wm82.a4.v1,0.8274225896394855
Glyma.14G109000.Wm82.a4.v1,0.8274128063395784
Glyma.05G195400.Wm82.a4.v1,0.8273932397397642
Glyma.06G171000.Wm82.a4.v1,0.8273834564398571
Glyma.09G025400.Wm82.a4.v1,0.8273785647899037
Glyma.02G217300.Wm82.a4.v1,0.8273492148901824
Glyma.08G356700.Wm82.a4.v1,0.8273443232402289
Glyma.15G069300.Wm82.a4.v1,0.8272856234407866
Glyma.13G102000.Wm82.a4.v1,0.8272464902411584
Glyma.11G099000.Wm82.a4.v1,0.8271926820916695
Glyma.12G043301.Wm82.a4.v1,0.8271731154918553
Glyma.16G067500.Wm82.a4.v1,0.8271731154918553
Glyma.18G091500.Wm82.a4.v1,0.8271193073423666
Glyma.19G067800.Wm82.a4.v1,0.8270948490925989
Glyma.02G280500.Wm82.a4.v1,0.8270801741427384
Glyma.05G209100.Wm82.a4.v1,0.8270752824927848
Glyma.10G161200.Wm82.a4.v1,0.8270654991928778
Glyma.17G185000.Wm82.a4.v1,0.8270459325930637
Glyma.20G214600.Wm82.a4.v1,0.8270312576432031
Glyma.05G134300.Wm82.a4.v1,0.8270165826933424
Glyma.02G115200.Wm82.a4.v1,0.8269529912439466
Glyma.01G236800.Wm82.a4.v1,0.8269432079440395
Glyma.14G189900.Wm82.a4.v1,0.8269138580443184
Glyma.13G180900.Wm82.a4.v1,0.8269089663943648
Glyma.17G083700.Wm82.a4.v1,0.8269040747444113
Glyma.06G133300.Wm82.a4.v1,0.8268355916450619
Glyma.10G069100.Wm82.a4.v1,0.8268160250452478
Glyma.03G187700.Wm82.a4.v1,0.8268160250452478
Glyma.19G187400.Wm82.a4.v1,0.8267964584454336
Glyma.20G123800.Wm82.a4.v1,0.8267866751455266
Glyma.10G199300.Wm82.a4.v1,0.8267524335958519
Glyma.03G088500.Wm82.a4.v1,0.8267279753460842
Glyma.14G061500.Wm82.a4.v1,0.8267230836961307
Glyma.07G109000.Wm82.a4.v1,0.8267133003962236
Glyma.10G125100.Wm82.a4.v1,0.8266986254463631
Glyma.04G180000.Wm82.a4.v1,0.8266986254463631
Glyma.14G155900.Wm82.a4.v1,0.8266594922467349
Glyma.20G194000.Wm82.a4.v1,0.8266546005967813
Glyma.11G012300.Wm82.a4.v1,0.8266497089468278
Glyma.06G018200.Wm82.a4.v1,0.8266350339969671
Glyma.11G010800.Wm82.a4.v1,0.8265812258474784
Glyma.16G095500.Wm82.a4.v1,0.8265665508976178
Glyma.08G029300.Wm82.a4.v1,0.8265616592476642
Glyma.09G257000.Wm82.a4.v1,0.8265445384728269
Glyma.06G299100.Wm82.a4.v1,0.8264246930489654
Glyma.19G191600.Wm82.a4.v1,0.8264002347991978
Glyma.09G097402.Wm82.a4.v1,0.8263366433498018
Glyma.08G089600.Wm82.a4.v1,0.8262877268502666
Glyma.18G016200.Wm82.a4.v1,0.8262681602504525
Glyma.13G132400.Wm82.a4.v1,0.8262534853005918
Glyma.08G183100.Wm82.a4.v1,0.8262290270508242
Glyma.17G065700.Wm82.a4.v1,0.8261996771511031
Glyma.13G103200.Wm82.a4.v1,0.8261801105512889
Glyma.12G109500.Wm82.a4.v1,0.8261752189013354
Glyma.15G050300.Wm82.a4.v1,0.8261580981264981
Glyma.05G053100.Wm82.a4.v1,0.8261311940517536
Glyma.09G215800.Wm82.a4.v1,0.8261018441520325
Glyma.11G255200.Wm82.a4.v1,0.8260969525020789
Glyma.10G218400.Wm82.a4.v1,0.8260724942523113
Glyma.08G133500.Wm82.a4.v1,0.8260676026023578
Glyma.17G211000.Wm82.a4.v1,0.8260333610526831
Glyma.13G119800.Wm82.a4.v1,0.8260284694027296
Glyma.16G098100.Wm82.a4.v1,0.8259697696032872
Glyma.06G047900.Wm82.a4.v1,0.8259502030034731
Glyma.18G295600.Wm82.a4.v1,0.8259159614537984
Glyma.19G004200.Wm82.a4.v1,0.8258523700044025
Glyma.18G210500.Wm82.a4.v1,0.8258230201046813
Glyma.18G237200.Wm82.a4.v1,0.8257985618549136
Glyma.07G051000.Wm82.a4.v1,0.8257154038057036
Glyma.07G082600.Wm82.a4.v1,0.8257056205057967
Glyma.11G060900.Wm82.a4.v1,0.8256713789561219
Glyma.18G095400.Wm82.a4.v1,0.8256518123563078
Glyma.11G043900.Wm82.a4.v1,0.8256469207063543
Glyma.04G104600.Wm82.a4.v1,0.8256224624565867
Glyma.02G154500.Wm82.a4.v1,0.8255490877072836
Glyma.18G158900.Wm82.a4.v1,0.8255099545076554
Glyma.15G275300.Wm82.a4.v1,0.8255099545076554
Glyma.19G247600.Wm82.a4.v1,0.8254903879078413
Glyma.11G250700.Wm82.a4.v1,0.8254683754830504
Glyma.17G129200.Wm82.a4.v1,0.8254463630582596
Glyma.11G214700.Wm82.a4.v1,0.825441471408306
Glyma.10G210600.Wm82.a4.v1,0.8253778799589101
Glyma.02G227600.Wm82.a4.v1,0.8253534217091425
Glyma.09G196400.Wm82.a4.v1,0.8253387467592819
Glyma.17G190500.Wm82.a4.v1,0.8253093968595607
Glyma.10G163700.Wm82.a4.v1,0.8253045052096072
Glyma.12G169700.Wm82.a4.v1,0.8253045052096072
Glyma.13G205000.Wm82.a4.v1,0.8252849386097931
Glyma.13G116100.Wm82.a4.v1,0.8252800469598396
Glyma.12G052600.Wm82.a4.v1,0.8252555887100719
Glyma.10G176900.Wm82.a4.v1,0.8252360221102578
Glyma.03G116900.Wm82.a4.v1,0.8252262388103507
Glyma.04G065700.Wm82.a4.v1,0.8252091180355133
Glyma.02G073100.Wm82.a4.v1,0.825191997260676
Glyma.14G006700.Wm82.a4.v1,0.8251773223108154
Glyma.06G158600.Wm82.a4.v1,0.8251773223108154
Glyma.04G065100.Wm82.a4.v1,0.8251577557110014
Glyma.10G065900.Wm82.a4.v1,0.8251528640610478
Glyma.08G172000.Wm82.a4.v1,0.8251430807611407
Glyma.09G248400.Wm82.a4.v1,0.8251332974612337
Glyma.01G039000.Wm82.a4.v1,0.8250892726116519
Glyma.10G232800.Wm82.a4.v1,0.8250794893117449
Glyma.15G273900.Wm82.a4.v1,0.8250697060118378
Glyma.10G210800.Wm82.a4.v1,0.824932739813139
Glyma.05G127300.Wm82.a4.v1,0.8248936066135107
Glyma.14G077800.Wm82.a4.v1,0.8248789316636501
Glyma.19G206200.Wm82.a4.v1,0.8248789316636501
Glyma.13G142300.Wm82.a4.v1,0.8248202318642078
Glyma.02G240700.Wm82.a4.v1,0.8248006652643937
Glyma.11G136900.Wm82.a4.v1,0.8247566404148119
Glyma.04G000300.Wm82.a4.v1,0.8247517487648584
Glyma.12G101400.Wm82.a4.v1,0.8247468571149048
Glyma.15G092400.Wm82.a4.v1,0.8247126155652301
Glyma.08G315200.Wm82.a4.v1,0.8246734823656019
Glyma.14G203000.Wm82.a4.v1,0.8246490241158343
Glyma.14G058400.Wm82.a4.v1,0.8246392408159272
Glyma.19G227500.Wm82.a4.v1,0.8245952159663454
Glyma.19G137600.Wm82.a4.v1,0.8245707577165778
Glyma.15G033500.Wm82.a4.v1,0.8245560827667172
Glyma.17G138300.Wm82.a4.v1,0.8245414078168566
Glyma.07G017500.Wm82.a4.v1,0.824536516166903
Glyma.18G213400.Wm82.a4.v1,0.824536516166903
Glyma.06G147800.Wm82.a4.v1,0.8245120579171354
Glyma.12G052400.Wm82.a4.v1,0.8244778163674608
Glyma.19G130000.Wm82.a4.v1,0.8244729247175072
Glyma.11G024900.Wm82.a4.v1,0.824453358117693
Glyma.11G064300.Wm82.a4.v1,0.8244435748177861
Glyma.11G185500.Wm82.a4.v1,0.824433791517879
Glyma.03G194000.Wm82.a4.v1,0.8243946583182508
Glyma.12G059600.Wm82.a4.v1,0.8243946583182508
Glyma.20G213400.Wm82.a4.v1,0.8243555251186225
Glyma.02G111700.Wm82.a4.v1,0.8243310668688548
Glyma.02G125100.Wm82.a4.v1,0.8243017169691337
Glyma.15G232600.Wm82.a4.v1,0.8243017169691337
Glyma.20G079600.Wm82.a4.v1,0.8242821503693196
Glyma.15G136800.Wm82.a4.v1,0.8242332338697843
Glyma.18G067700.Wm82.a4.v1,0.8242185589199237
Glyma.08G096300.Wm82.a4.v1,0.8241696424203884
Glyma.11G174073.Wm82.a4.v1,0.8241647507704348
Glyma.01G037700.Wm82.a4.v1,0.8241402925206672
Glyma.11G085900.Wm82.a4.v1,0.824101159321039
Glyma.09G129500.Wm82.a4.v1,0.8240913760211319
Glyma.09G250600.Wm82.a4.v1,0.8240473511715501
Glyma.09G167100.Wm82.a4.v1,0.8240326762216896
Glyma.20G230700.Wm82.a4.v1,0.8239886513721079
Glyma.14G061400.Wm82.a4.v1,0.8239152766228048
Glyma.08G294700.Wm82.a4.v1,0.8239054933228979
Glyma.18G284700.Wm82.a4.v1,0.8238810350731302
Glyma.08G180800.Wm82.a4.v1,0.8238761434231766
Glyma.17G033700.Wm82.a4.v1,0.8238565768233626
Glyma.01G061500.Wm82.a4.v1,0.8237734187741526
Glyma.19G019000.Wm82.a4.v1,0.823768527124199
Glyma.11G050000.Wm82.a4.v1,0.8237636354742455
Glyma.16G033500.Wm82.a4.v1,0.8237587438242919
Glyma.15G108700.Wm82.a4.v1,0.8237489605243848
Glyma.13G234100.Wm82.a4.v1,0.8237342855745243
Glyma.13G211900.Wm82.a4.v1,0.8237245022746172
Glyma.04G214200.Wm82.a4.v1,0.8237147189747102
Glyma.14G220300.Wm82.a4.v1,0.8237049356748031
Glyma.10G200600.Wm82.a4.v1,0.8237049356748031
Glyma.02G205700.Wm82.a4.v1,0.8236902607249426
Glyma.05G131500.Wm82.a4.v1,0.8236755857750819
Glyma.06G293700.Wm82.a4.v1,0.8236217776255931
Glyma.17G000800.Wm82.a4.v1,0.8236168859756395
Glyma.06G172600.Wm82.a4.v1,0.8236071026757326
Glyma.19G038000.Wm82.a4.v1,0.8236071026757326
Glyma.15G000100.Wm82.a4.v1,0.8235973193758255
Glyma.07G158000.Wm82.a4.v1,0.8235337279264295
Glyma.10G168700.Wm82.a4.v1,0.8235288362764761
Glyma.04G003000.Wm82.a4.v1,0.8235239446265226
Glyma.01G087500.Wm82.a4.v1,0.8234945947268013
Glyma.15G093200.Wm82.a4.v1,0.8234897030768478
Glyma.05G221700.Wm82.a4.v1,0.8234603531771266
Glyma.03G073768.Wm82.a4.v1,0.8234310032774055
Glyma.14G180600.Wm82.a4.v1,0.8234212199774984
Glyma.05G035000.Wm82.a4.v1,0.8234114366775913
Glyma.04G176600.Wm82.a4.v1,0.8233771951279166
Glyma.14G144700.Wm82.a4.v1,0.8233380619282884
Glyma.18G016400.Wm82.a4.v1,0.8233184953284743
Glyma.16G073500.Wm82.a4.v1,0.8233184953284743
Glyma.08G025300.Wm82.a4.v1,0.8233062662035905
Glyma.07G025000.Wm82.a4.v1,0.8232940370787066
Glyma.02G306400.Wm82.a4.v1,0.8232940370787066
Glyma.19G210402.Wm82.a4.v1,0.8232304456293108
Glyma.04G173000.Wm82.a4.v1,0.8232255539793573
Glyma.11G150100.Wm82.a4.v1,0.8232206623294037
Glyma.02G277700.Wm82.a4.v1,0.823176637479822
Glyma.13G163700.Wm82.a4.v1,0.8231619625299613
Glyma.13G295300.Wm82.a4.v1,0.8231277209802866
Glyma.18G142500.Wm82.a4.v1,0.8231228293303331
Glyma.07G008200.Wm82.a4.v1,0.8231179376803796
Glyma.18G104400.Wm82.a4.v1,0.823113046030426
Glyma.02G065200.Wm82.a4.v1,0.8231081543804726
Glyma.04G060100.Wm82.a4.v1,0.8230788044807513
Glyma.19G074200.Wm82.a4.v1,0.8230445629310766
Glyma.06G174300.Wm82.a4.v1,0.8230054297314484
Glyma.19G079100.Wm82.a4.v1,0.8229858631316344
Glyma.12G075800.Wm82.a4.v1,0.8229858631316344
Glyma.08G105200.Wm82.a4.v1,0.8229614048818666
Glyma.01G192000.Wm82.a4.v1,0.822936946632099
Glyma.13G076600.Wm82.a4.v1,0.8229124883823313
Glyma.06G123000.Wm82.a4.v1,0.8229027050824244
Glyma.17G175500.Wm82.a4.v1,0.8228978134324708
Glyma.06G171400.Wm82.a4.v1,0.8228733551827031
Glyma.19G240700.Wm82.a4.v1,0.8228488969329355
Glyma.02G060500.Wm82.a4.v1,0.8228342219830749
Glyma.08G141100.Wm82.a4.v1,0.8228048720833537
Glyma.15G018800.Wm82.a4.v1,0.8227901971334931
Glyma.10G160500.Wm82.a4.v1,0.822760847233772
Glyma.09G011500.Wm82.a4.v1,0.8227559555838184
Glyma.06G312300.Wm82.a4.v1,0.8227412806339578
Glyma.20G140500.Wm82.a4.v1,0.8227266056840973
Glyma.13G310202.Wm82.a4.v1,0.8227217140341437
Glyma.06G254100.Wm82.a4.v1,0.8226679058846549
Glyma.03G113800.Wm82.a4.v1,0.8226532309347943
Glyma.11G204766.Wm82.a4.v1,0.8226434476348873
Glyma.01G151600.Wm82.a4.v1,0.8226385559849337
Glyma.07G194800.Wm82.a4.v1,0.822604314435259
Glyma.07G055500.Wm82.a4.v1,0.8225847478354449
Glyma.01G190700.Wm82.a4.v1,0.8225798561854913
Glyma.18G285600.Wm82.a4.v1,0.8225602895856773
Glyma.07G182900.Wm82.a4.v1,0.8225456146358167
Glyma.01G006200.Wm82.a4.v1,0.8225456146358167
Glyma.06G230400.Wm82.a4.v1,0.8225260480360025
Glyma.08G334700.Wm82.a4.v1,0.8225211563860491
Glyma.13G261900.Wm82.a4.v1,0.8224966981362813
Glyma.15G143300.Wm82.a4.v1,0.8224820231864208
Glyma.20G172400.Wm82.a4.v1,0.8224820231864208
Glyma.16G084200.Wm82.a4.v1,0.8224428899867925
Glyma.01G040900.Wm82.a4.v1,0.8224379983368391
Glyma.09G216700.Wm82.a4.v1,0.8224184317370249
Glyma.08G364000.Wm82.a4.v1,0.8223988651372108
Glyma.03G235800.Wm82.a4.v1,0.822364623587536
Glyma.19G133100.Wm82.a4.v1,0.8223548402876291
Glyma.06G196200.Wm82.a4.v1,0.8223254903879078
Glyma.13G170400.Wm82.a4.v1,0.8223254903879078
Glyma.01G213200.Wm82.a4.v1,0.8222667905884655
Glyma.18G026000.Wm82.a4.v1,0.822261898938512
Glyma.06G324000.Wm82.a4.v1,0.8222570072885584
Glyma.20G122800.Wm82.a4.v1,0.8222472239886514
Glyma.18G172300.Wm82.a4.v1,0.8222080907890231
Glyma.09G025000.Wm82.a4.v1,0.8221934158391625
Glyma.02G082100.Wm82.a4.v1,0.8221885241892091
Glyma.03G141600.Wm82.a4.v1,0.8221591742894878
Glyma.11G012000.Wm82.a4.v1,0.8221493909895807
Glyma.20G215200.Wm82.a4.v1,0.8221053661399991
Glyma.08G090100.Wm82.a4.v1,0.8220711245903243
Glyma.02G113300.Wm82.a4.v1,0.8220466663405567
Glyma.17G041700.Wm82.a4.v1,0.8220222080907891
Glyma.07G222400.Wm82.a4.v1,0.8219928581910678
Glyma.18G011700.Wm82.a4.v1,0.8219732915912538
Glyma.09G041400.Wm82.a4.v1,0.8219635082913467
Glyma.05G156400.Wm82.a4.v1,0.821929266741672
Glyma.11G226200.Wm82.a4.v1,0.8219145917918114
Glyma.09G152600.Wm82.a4.v1,0.8218999168419507
Glyma.07G166300.Wm82.a4.v1,0.8218999168419507
Glyma.03G153800.Wm82.a4.v1,0.8218607836423225
Glyma.13G345300.Wm82.a4.v1,0.8218314337426014
Glyma.20G086200.Wm82.a4.v1,0.8218265420926478
Glyma.19G129400.Wm82.a4.v1,0.8217923005429731
Glyma.07G235100.Wm82.a4.v1,0.8217580589932985
Glyma.03G194800.Wm82.a4.v1,0.8217189257936702
Glyma.07G031400.Wm82.a4.v1,0.8217091424937631
Glyma.17G092300.Wm82.a4.v1,0.8216749009440885
Glyma.18G057700.Wm82.a4.v1,0.8216406593944138
Glyma.14G181900.Wm82.a4.v1,0.8216015261947855
Glyma.18G264400.Wm82.a4.v1,0.8215917428948785
Glyma.02G139900.Wm82.a4.v1,0.8215721762950643
Glyma.20G056800.Wm82.a4.v1,0.821513476495622
Glyma.18G284000.Wm82.a4.v1,0.8215085848456685
Glyma.17G045200.Wm82.a4.v1,0.8214841265959008
Glyma.06G007500.Wm82.a4.v1,0.8214498850462261
Glyma.19G244600.Wm82.a4.v1,0.821440101746319
Glyma.11G234200.Wm82.a4.v1,0.8214254267964585
Glyma.17G013000.Wm82.a4.v1,0.8214156434965514
Glyma.15G069100.Wm82.a4.v1,0.8213129188475272
Glyma.14G181100.Wm82.a4.v1,0.8212933522477132
Glyma.02G208700.Wm82.a4.v1,0.8212835689478061
Glyma.18G044200.Wm82.a4.v1,0.8212444357481778
Glyma.08G141400.Wm82.a4.v1,0.8212248691483638
Glyma.14G081000.Wm82.a4.v1,0.8212199774984102
Glyma.04G165900.Wm82.a4.v1,0.8211612776989679
Glyma.16G196200.Wm82.a4.v1,0.8211319277992467
Glyma.03G236600.Wm82.a4.v1,0.8211319277992467
Glyma.06G161000.Wm82.a4.v1,0.8211221444993396
Glyma.17G029800.Wm82.a4.v1,0.8210487697500367
Glyma.02G244500.Wm82.a4.v1,0.821014528200362
Glyma.07G174100.Wm82.a4.v1,0.8209998532505014
Glyma.20G150600.Wm82.a4.v1,0.8209460451010125
Glyma.02G161200.Wm82.a4.v1,0.8208628870518025
Glyma.01G154900.Wm82.a4.v1,0.820857995401849
Glyma.19G239200.Wm82.a4.v1,0.8208335371520814
Glyma.11G184700.Wm82.a4.v1,0.8208090789023138
Glyma.05G213100.Wm82.a4.v1,0.8207895123024996
Glyma.03G192000.Wm82.a4.v1,0.8207895123024996
Glyma.03G178800.Wm82.a4.v1,0.8206672210536614
Glyma.04G164500.Wm82.a4.v1,0.8206280878540332
Glyma.11G110100.Wm82.a4.v1,0.8205938463043585
Glyma.05G003800.Wm82.a4.v1,0.8205840630044514
Glyma.12G214500.Wm82.a4.v1,0.8205596047546837
Glyma.10G020800.Wm82.a4.v1,0.8205449298048232
Glyma.20G044800.Wm82.a4.v1,0.8205449298048232
Glyma.18G288600.Wm82.a4.v1,0.8205302548549626
Glyma.17G010600.Wm82.a4.v1,0.820505796605195
Glyma.13G083100.Wm82.a4.v1,0.820505796605195
Glyma.07G108100.Wm82.a4.v1,0.8204715550555203
Glyma.08G031000.Wm82.a4.v1,0.8204470968057526
Glyma.06G162500.Wm82.a4.v1,0.820442205155799
Glyma.09G191300.Wm82.a4.v1,0.8204373135058455
Glyma.04G228800.Wm82.a4.v1,0.8203883970063103
Glyma.16G217300.Wm82.a4.v1,0.8203786137064032
Glyma.17G127100.Wm82.a4.v1,0.8203492638066819
Glyma.19G221300.Wm82.a4.v1,0.8203345888568214
Glyma.07G242500.Wm82.a4.v1,0.8203150222570073
Glyma.01G194800.Wm82.a4.v1,0.8202661057574719
Glyma.16G021200.Wm82.a4.v1,0.8202612141075185
Glyma.15G255800.Wm82.a4.v1,0.8202612141075185
Glyma.14G022500.Wm82.a4.v1,0.8202465391576579
Glyma.10G294900.Wm82.a4.v1,0.8202269725578437
Glyma.18G000100.Wm82.a4.v1,0.8202122976079832
Glyma.13G003900.Wm82.a4.v1,0.820182947708262
Glyma.11G013700.Wm82.a4.v1,0.8201340312087267
Glyma.01G109500.Wm82.a4.v1,0.8201291395587732
Glyma.20G060000.Wm82.a4.v1,0.8201291395587732
Glyma.09G212100.Wm82.a4.v1,0.8201242479088197
Glyma.03G022900.Wm82.a4.v1,0.8200851147091914
Glyma.10G162000.Wm82.a4.v1,0.8200606564594237
Glyma.06G068200.Wm82.a4.v1,0.8200459815095632
Glyma.16G085900.Wm82.a4.v1,0.8200313065597026
Glyma.10G109200.Wm82.a4.v1,0.8200117399598885
Glyma.07G073100.Wm82.a4.v1,0.820006848309935
Glyma.02G195500.Wm82.a4.v1,0.8199579318103997
Glyma.09G187700.Wm82.a4.v1,0.8199481485104926
Glyma.20G071200.Wm82.a4.v1,0.819923690260725
Glyma.18G189900.Wm82.a4.v1,0.8198992320109573
Glyma.08G125500.Wm82.a4.v1,0.8198992320109573
Glyma.06G012600.Wm82.a4.v1,0.8198943403610037
Glyma.08G126900.Wm82.a4.v1,0.8198845570610968
Glyma.10G217600.Wm82.a4.v1,0.8198698821112361
Glyma.07G056300.Wm82.a4.v1,0.8198649904612826
Glyma.02G030100.Wm82.a4.v1,0.819850315511422
Glyma.09G187100.Wm82.a4.v1,0.8198454238614685
Glyma.04G240000.Wm82.a4.v1,0.8198160739617473
Glyma.09G098300.Wm82.a4.v1,0.8197426992124444
Glyma.02G030200.Wm82.a4.v1,0.819683999413002
Glyma.04G003500.Wm82.a4.v1,0.8196448662133737
Glyma.04G112300.Wm82.a4.v1,0.8196399745634202
Glyma.06G002000.Wm82.a4.v1,0.819591058063885
Glyma.07G056500.Wm82.a4.v1,0.819591058063885
Glyma.07G075900.Wm82.a4.v1,0.8195519248642568
Glyma.08G258000.Wm82.a4.v1,0.8195323582644426
Glyma.01G058200.Wm82.a4.v1,0.8195225749645355
Glyma.08G095000.Wm82.a4.v1,0.819517683314582
Glyma.06G084300.Wm82.a4.v1,0.819517683314582
Glyma.12G223000.Wm82.a4.v1,0.8194394169153255
Glyma.04G216100.Wm82.a4.v1,0.8193905004157902
Glyma.16G124500.Wm82.a4.v1,0.8193122340165337
Glyma.06G145000.Wm82.a4.v1,0.8192731008169055
Glyma.10G124700.Wm82.a4.v1,0.8192633175169984
Glyma.16G155300.Wm82.a4.v1,0.819258425867045
Glyma.06G067100.Wm82.a4.v1,0.8192535342170915
Glyma.06G222000.Wm82.a4.v1,0.8191948344176491
Glyma.03G161800.Wm82.a4.v1,0.8191899427676955
Glyma.17G011500.Wm82.a4.v1,0.8191459179181138
Glyma.08G351000.Wm82.a4.v1,0.8191312429682532
Glyma.12G237600.Wm82.a4.v1,0.8191263513182997
Glyma.16G050800.Wm82.a4.v1,0.8191214596683462
Glyma.13G069000.Wm82.a4.v1,0.819101893068532
Glyma.05G144400.Wm82.a4.v1,0.8190970014185784
Glyma.04G114300.Wm82.a4.v1,0.8190578682189502
Glyma.17G042400.Wm82.a4.v1,0.8190236266692755
Glyma.15G152000.Wm82.a4.v1,0.8190138433693684
Glyma.08G103600.Wm82.a4.v1,0.8189942767695544
Glyma.11G176500.Wm82.a4.v1,0.8189747101697402
Glyma.02G122200.Wm82.a4.v1,0.818925793670205
Glyma.07G248700.Wm82.a4.v1,0.818925793670205
Glyma.08G136400.Wm82.a4.v1,0.8189160103702979
Glyma.06G156600.Wm82.a4.v1,0.8189160103702979
Glyma.05G202900.Wm82.a4.v1,0.8188964437704838
Glyma.17G203900.Wm82.a4.v1,0.8188866604705767
Glyma.15G154200.Wm82.a4.v1,0.8188426356209949
Glyma.14G204700.Wm82.a4.v1,0.8187937191214597
Glyma.01G093100.Wm82.a4.v1,0.8187545859218315
Glyma.08G330400.Wm82.a4.v1,0.8187203443721567
Glyma.20G076500.Wm82.a4.v1,0.8187154527222033
Glyma.04G055600.Wm82.a4.v1,0.8187007777723426
Glyma.10G021500.Wm82.a4.v1,0.8186909944724355
Glyma.06G195500.Wm82.a4.v1,0.8186274030230397
Glyma.12G135600.Wm82.a4.v1,0.8185638115736438
Glyma.02G111500.Wm82.a4.v1,0.8185491366237831
Glyma.10G003400.Wm82.a4.v1,0.8184610869246197
Glyma.16G058900.Wm82.a4.v1,0.8183779288754097
Glyma.14G206800.Wm82.a4.v1,0.8183681455755026
Glyma.11G232600.Wm82.a4.v1,0.818353470625642
Glyma.16G077300.Wm82.a4.v1,0.8183241207259209
Glyma.11G215200.Wm82.a4.v1,0.8183094457760602
Glyma.02G222900.Wm82.a4.v1,0.8183094457760602
Glyma.03G164800.Wm82.a4.v1,0.8182849875262926
Glyma.08G108500.Wm82.a4.v1,0.8182800958763391
Glyma.19G009500.Wm82.a4.v1,0.818270312576432
Glyma.10G158800.Wm82.a4.v1,0.8182360710267573
Glyma.07G214800.Wm82.a4.v1,0.8182262877268502
Glyma.02G091100.Wm82.a4.v1,0.8181431296776402
Glyma.14G186800.Wm82.a4.v1,0.8180355133786626
Glyma.U027200.Wm82.a4.v1,0.8180355133786626
Glyma.11G075300.Wm82.a4.v1,0.818020838428802
Glyma.12G134000.Wm82.a4.v1,0.8179083304798709
Glyma.06G091600.Wm82.a4.v1,0.8179034388299173
Glyma.05G103500.Wm82.a4.v1,0.8178887638800567
Glyma.02G107200.Wm82.a4.v1,0.8178838722301032
Glyma.02G081200.Wm82.a4.v1,0.8178740889301962
Glyma.17G135300.Wm82.a4.v1,0.8178153891307538
Glyma.04G257000.Wm82.a4.v1,0.8178056058308467
Glyma.03G261300.Wm82.a4.v1,0.8177909308809862
Glyma.16G074800.Wm82.a4.v1,0.8177909308809862
Glyma.13G146500.Wm82.a4.v1,0.8177322310815438
Glyma.08G292600.Wm82.a4.v1,0.8177126644817296
Glyma.08G220900.Wm82.a4.v1,0.8177028811818227
Glyma.20G211400.Wm82.a4.v1,0.8176735312821014
Glyma.01G180700.Wm82.a4.v1,0.817668639632148
Glyma.16G016200.Wm82.a4.v1,0.8176197231326127
Glyma.06G263300.Wm82.a4.v1,0.8176099398327056
Glyma.15G251500.Wm82.a4.v1,0.8176001565327985
Glyma.05G049100.Wm82.a4.v1,0.817585481582938
Glyma.08G172900.Wm82.a4.v1,0.8175659149831238
Glyma.18G230500.Wm82.a4.v1,0.8175610233331703
Glyma.03G183400.Wm82.a4.v1,0.8175365650834027
Glyma.11G134800.Wm82.a4.v1,0.8175365650834027
Glyma.16G006900.Wm82.a4.v1,0.8174974318837744
Glyma.15G168700.Wm82.a4.v1,0.8174925402338209
Glyma.10G219400.Wm82.a4.v1,0.8174778652839603
Glyma.08G284100.Wm82.a4.v1,0.8174680819840532
Glyma.08G186400.Wm82.a4.v1,0.8174240571344714
Glyma.12G230400.Wm82.a4.v1,0.8173995988847038
Glyma.06G235500.Wm82.a4.v1,0.817345790735215
Glyma.04G231800.Wm82.a4.v1,0.8173360074353079
Glyma.20G250000.Wm82.a4.v1,0.8173262241354009
Glyma.20G020600.Wm82.a4.v1,0.8173213324854474
Glyma.17G079700.Wm82.a4.v1,0.8173066575355867
Glyma.15G058000.Wm82.a4.v1,0.8172870909357727
Glyma.01G048500.Wm82.a4.v1,0.8171599080369809
Glyma.10G009200.Wm82.a4.v1,0.8171305581372597
Glyma.20G128100.Wm82.a4.v1,0.817106099887492
Glyma.01G109100.Wm82.a4.v1,0.8171012082375385
Glyma.06G143500.Wm82.a4.v1,0.8170767499877709
Glyma.12G222300.Wm82.a4.v1,0.8170767499877709
Glyma.10G138600.Wm82.a4.v1,0.8170376167881427
Glyma.03G169500.Wm82.a4.v1,0.8170082668884214
Glyma.17G054400.Wm82.a4.v1,0.8169935919385609
Glyma.09G181600.Wm82.a4.v1,0.8169838086386538
Glyma.08G181200.Wm82.a4.v1,0.8169838086386538
Glyma.03G124700.Wm82.a4.v1,0.8169495670889791
Glyma.13G260600.Wm82.a4.v1,0.8169104338893509
Glyma.06G081000.Wm82.a4.v1,0.8168761923396761
Glyma.20G118900.Wm82.a4.v1,0.8168517340899085
Glyma.07G132900.Wm82.a4.v1,0.8168321674900945
Glyma.09G083500.Wm82.a4.v1,0.8168126008902803
Glyma.08G113300.Wm82.a4.v1,0.8167881426405127
Glyma.09G235200.Wm82.a4.v1,0.8167783593406056
Glyma.17G252100.Wm82.a4.v1,0.816763684390745
Glyma.02G022300.Wm82.a4.v1,0.8167343344910238
Glyma.08G022600.Wm82.a4.v1,0.8167196595411632
Glyma.19G006000.Wm82.a4.v1,0.8167049845913027
Glyma.17G038100.Wm82.a4.v1,0.8167000929413492
Glyma.07G040500.Wm82.a4.v1,0.8166903096414421
Glyma.02G236900.Wm82.a4.v1,0.8166169348921392
Glyma.06G078500.Wm82.a4.v1,0.8166022599422785
Glyma.13G104500.Wm82.a4.v1,0.816597368292325
Glyma.01G209200.Wm82.a4.v1,0.8165875849924179
Glyma.17G076000.Wm82.a4.v1,0.8165729100425574
Glyma.06G306000.Wm82.a4.v1,0.8165680183926038
Glyma.13G004600.Wm82.a4.v1,0.8165484517927897
Glyma.05G046700.Wm82.a4.v1,0.8165411143178594
Glyma.10G283200.Wm82.a4.v1,0.8164799686934403
Glyma.15G262100.Wm82.a4.v1,0.8164555104436727
Glyma.09G247300.Wm82.a4.v1,0.816431052193905
Glyma.15G015600.Wm82.a4.v1,0.8163821356943697
Glyma.16G063900.Wm82.a4.v1,0.816347894144695
Glyma.18G171000.Wm82.a4.v1,0.8163332191948344
Glyma.13G348200.Wm82.a4.v1,0.8163136525950203
Glyma.04G250600.Wm82.a4.v1,0.8163087609450668
Glyma.11G172401.Wm82.a4.v1,0.8162843026952992
Glyma.12G063600.Wm82.a4.v1,0.8162794110453456
Glyma.17G027600.Wm82.a4.v1,0.8162794110453456
Glyma.13G202500.Wm82.a4.v1,0.8162304945458103
Glyma.14G018700.Wm82.a4.v1,0.8162158195959497
Glyma.19G179300.Wm82.a4.v1,0.8161864696962285
Glyma.15G148200.Wm82.a4.v1,0.8161669030964144
Glyma.17G222200.Wm82.a4.v1,0.8161522281465539
Glyma.02G260600.Wm82.a4.v1,0.8161130949469256
Glyma.06G236700.Wm82.a4.v1,0.8161082032969721
Glyma.04G052600.Wm82.a4.v1,0.8161082032969721
Glyma.09G065000.Wm82.a4.v1,0.816098419997065
Glyma.10G194400.Wm82.a4.v1,0.8160886366971579
Glyma.04G169300.Wm82.a4.v1,0.8160886366971579
Glyma.13G242000.Wm82.a4.v1,0.8160837450472044
Glyma.06G285900.Wm82.a4.v1,0.8160446118475762
Glyma.15G162900.Wm82.a4.v1,0.8160397201976226
Glyma.19G158700.Wm82.a4.v1,0.8160299368977156
Glyma.05G165200.Wm82.a4.v1,0.8160299368977156
Glyma.18G301600.Wm82.a4.v1,0.8159908036980874
Glyma.05G127700.Wm82.a4.v1,0.8159908036980874
Glyma.07G002300.Wm82.a4.v1,0.8159908036980874
Glyma.07G192500.Wm82.a4.v1,0.8159908036980874
Glyma.08G127200.Wm82.a4.v1,0.8159565621484126
Glyma.13G306500.Wm82.a4.v1,0.8159418871985521
Glyma.15G058900.Wm82.a4.v1,0.8159174289487844
Glyma.04G206100.Wm82.a4.v1,0.8159027539989239
Glyma.05G019500.Wm82.a4.v1,0.8158440541994815
Glyma.13G218700.Wm82.a4.v1,0.8158440541994815
Glyma.20G199100.Wm82.a4.v1,0.8158195959497139
Glyma.01G221500.Wm82.a4.v1,0.8158195959497139
Glyma.17G227100.Wm82.a4.v1,0.8158049209998532
Glyma.13G082200.Wm82.a4.v1,0.8157975835249229
Glyma.06G166100.Wm82.a4.v1,0.8157755711001321
Glyma.14G158800.Wm82.a4.v1,0.8157706794501786
Glyma.04G201200.Wm82.a4.v1,0.8157560045003179
Glyma.14G156500.Wm82.a4.v1,0.8157462212004108
Glyma.10G196200.Wm82.a4.v1,0.8156630631512009
Glyma.18G282500.Wm82.a4.v1,0.8156630631512009
Glyma.13G262000.Wm82.a4.v1,0.8156483882013403
Glyma.20G248800.Wm82.a4.v1,0.8155945800518515
Glyma.17G163400.Wm82.a4.v1,0.8155799051019909
Glyma.03G251300.Wm82.a4.v1,0.8155212053025486
Glyma.02G230500.Wm82.a4.v1,0.8155114220026415
Glyma.13G269200.Wm82.a4.v1,0.8154943012278041
Glyma.17G071000.Wm82.a4.v1,0.8154673971530597
Glyma.15G201400.Wm82.a4.v1,0.8154576138531526
Glyma.13G273600.Wm82.a4.v1,0.8154086973536174
Glyma.11G126300.Wm82.a4.v1,0.8153989140537103
Glyma.04G007900.Wm82.a4.v1,0.8153646725040357
Glyma.01G022700.Wm82.a4.v1,0.8153646725040357
Glyma.12G062600.Wm82.a4.v1,0.8153304309543609
Glyma.08G305500.Wm82.a4.v1,0.8153304309543609
Glyma.18G258600.Wm82.a4.v1,0.8153108643545468
Glyma.15G176400.Wm82.a4.v1,0.8152912977547326
Glyma.20G021900.Wm82.a4.v1,0.8152717311549186
Glyma.14G010000.Wm82.a4.v1,0.8152717311549186
Glyma.05G185800.Wm82.a4.v1,0.8152277063053368
Glyma.13G270600.Wm82.a4.v1,0.8152032480555691
Glyma.13G295600.Wm82.a4.v1,0.8151983564056157
Glyma.19G226200.Wm82.a4.v1,0.8150956317565915
Glyma.18G015700.Wm82.a4.v1,0.8150467152570562
Glyma.01G127400.Wm82.a4.v1,0.8150222570072886
Glyma.17G078200.Wm82.a4.v1,0.8149586655578926
Glyma.11G024000.Wm82.a4.v1,0.8148999657584504
Glyma.12G031800.Wm82.a4.v1,0.8148461576089615
Glyma.02G139500.Wm82.a4.v1,0.814841265959008
Glyma.10G139500.Wm82.a4.v1,0.8148314826591009
Glyma.09G093900.Wm82.a4.v1,0.8147727828596586
Glyma.13G368300.Wm82.a4.v1,0.8147434329599373
Glyma.01G227500.Wm82.a4.v1,0.8147336496600304
Glyma.01G217100.Wm82.a4.v1,0.8146700582106344
Glyma.02G025900.Wm82.a4.v1,0.8146651665606809
Glyma.01G002700.Wm82.a4.v1,0.8146455999608668
Glyma.06G019300.Wm82.a4.v1,0.8146455999608668
Glyma.03G235600.Wm82.a4.v1,0.8146015751112851
Glyma.05G102400.Wm82.a4.v1,0.814591791811378
Glyma.09G172700.Wm82.a4.v1,0.8145575502617033
Glyma.20G178400.Wm82.a4.v1,0.8145477669617962
Glyma.01G219502.Wm82.a4.v1,0.8145282003619821
Glyma.02G070100.Wm82.a4.v1,0.8144646089125862
Glyma.04G209700.Wm82.a4.v1,0.8144597172626327
Glyma.05G142300.Wm82.a4.v1,0.8143814508633762
Glyma.11G144800.Wm82.a4.v1,0.8143741133884459
Glyma.19G061200.Wm82.a4.v1,0.8143227510639338
Glyma.08G087500.Wm82.a4.v1,0.8143178594139804
Glyma.11G125400.Wm82.a4.v1,0.8142982928141662
Glyma.10G165200.Wm82.a4.v1,0.8142542679645844
Glyma.05G039400.Wm82.a4.v1,0.8141906765151886
Glyma.09G247500.Wm82.a4.v1,0.8141906765151886
Glyma.10G264600.Wm82.a4.v1,0.8141270850657927
Glyma.13G144400.Wm82.a4.v1,0.8140781685662574
Glyma.17G026600.Wm82.a4.v1,0.8140634936163968
Glyma.09G218500.Wm82.a4.v1,0.8140341437166756
Glyma.08G209900.Wm82.a4.v1,0.814009685466908
Glyma.05G200700.Wm82.a4.v1,0.8139999021670009
Glyma.04G210700.Wm82.a4.v1,0.8139705522672798
Glyma.04G019300.Wm82.a4.v1,0.8139656606173262
Glyma.15G077300.Wm82.a4.v1,0.8139607689673727
Glyma.14G216300.Wm82.a4.v1,0.8139069608178838
Glyma.03G006600.Wm82.a4.v1,0.8139020691679304
Glyma.18G102800.Wm82.a4.v1,0.8138776109181627
Glyma.16G179800.Wm82.a4.v1,0.8138678276182556
Glyma.11G154700.Wm82.a4.v1,0.8138580443183486
Glyma.12G189900.Wm82.a4.v1,0.813843369368488
Glyma.02G211700.Wm82.a4.v1,0.8138140194687669
Glyma.09G117300.Wm82.a4.v1,0.8137748862691386
Glyma.03G202300.Wm82.a4.v1,0.8137748862691386
Glyma.06G092100.Wm82.a4.v1,0.8137455363694174
Glyma.04G200100.Wm82.a4.v1,0.8137308614195569
Glyma.14G031900.Wm82.a4.v1,0.8137210781196498
Glyma.04G187700.Wm82.a4.v1,0.8137210781196498
Glyma.02G237700.Wm82.a4.v1,0.8137210781196498
Glyma.09G077400.Wm82.a4.v1,0.8137015115198356
Glyma.04G150900.Wm82.a4.v1,0.8136428117203933
Glyma.16G077400.Wm82.a4.v1,0.8136281367705327
Glyma.18G065200.Wm82.a4.v1,0.8135645453211369
Glyma.01G222400.Wm82.a4.v1,0.8135498703712762
Glyma.06G090500.Wm82.a4.v1,0.813510737171648
Glyma.15G009900.Wm82.a4.v1,0.8134813872719269
Glyma.15G164100.Wm82.a4.v1,0.8134764956219733
Glyma.01G014500.Wm82.a4.v1,0.8134569290221592
Glyma.17G216000.Wm82.a4.v1,0.8134520373722056
Glyma.19G244500.Wm82.a4.v1,0.8134324707723916
Glyma.02G226200.Wm82.a4.v1,0.8133982292227169
Glyma.08G193200.Wm82.a4.v1,0.8133884459228098
Glyma.02G223400.Wm82.a4.v1,0.8133835542728562
Glyma.18G024200.Wm82.a4.v1,0.8133493127231816
Glyma.18G210100.Wm82.a4.v1,0.8133395294232745
Glyma.06G053800.Wm82.a4.v1,0.8133101795235533
Glyma.07G119200.Wm82.a4.v1,0.8132465880741574
Glyma.13G160700.Wm82.a4.v1,0.8132172381744363
Glyma.11G182400.Wm82.a4.v1,0.8131536467250403
Glyma.03G202400.Wm82.a4.v1,0.8131047302255051
Glyma.14G014000.Wm82.a4.v1,0.8129677640268063
Glyma.17G179200.Wm82.a4.v1,0.8129335224771316
Glyma.05G155300.Wm82.a4.v1,0.812928630827178
Glyma.20G176300.Wm82.a4.v1,0.8129237391772245
Glyma.15G025900.Wm82.a4.v1,0.812918847527271
Glyma.15G217700.Wm82.a4.v1,0.8129090642273639
Glyma.04G008633.Wm82.a4.v1,0.8129041725774103
Glyma.10G214000.Wm82.a4.v1,0.8128992809274568
Glyma.02G278600.Wm82.a4.v1,0.8128503644279216
Glyma.02G305900.Wm82.a4.v1,0.8128405811280145
Glyma.02G097300.Wm82.a4.v1,0.8127769896786186
Glyma.05G217400.Wm82.a4.v1,0.812762314728758
Glyma.02G250200.Wm82.a4.v1,0.8127574230788045
Glyma.12G043100.Wm82.a4.v1,0.8126938316294086
Glyma.08G093800.Wm82.a4.v1,0.8126840483295016
Glyma.18G253900.Wm82.a4.v1,0.812679156679548
Glyma.03G137900.Wm82.a4.v1,0.812669373379641
Glyma.08G143900.Wm82.a4.v1,0.8126400234799198
Glyma.08G337000.Wm82.a4.v1,0.8126008902802916
Glyma.17G049600.Wm82.a4.v1,0.812595998630338
Glyma.13G160800.Wm82.a4.v1,0.8125617570806634
Glyma.08G222900.Wm82.a4.v1,0.8125372988308956
Glyma.01G207200.Wm82.a4.v1,0.8125324071809421
Glyma.06G143100.Wm82.a4.v1,0.812503057281221
Glyma.06G292200.Wm82.a4.v1,0.8124883823313603
Glyma.10G223300.Wm82.a4.v1,0.8124590324316392
Glyma.11G164037.Wm82.a4.v1,0.8124541407816857
Glyma.16G003100.Wm82.a4.v1,0.8124150075820574
Glyma.08G346900.Wm82.a4.v1,0.8124052242821503
Glyma.09G046300.Wm82.a4.v1,0.8124003326321968
Glyma.03G169900.Wm82.a4.v1,0.8123954409822433
Glyma.06G122800.Wm82.a4.v1,0.8123758743824292
Glyma.16G036100.Wm82.a4.v1,0.8123073912830798
Glyma.13G332300.Wm82.a4.v1,0.812273149733405
Glyma.15G176900.Wm82.a4.v1,0.8121997749841021
Glyma.19G182800.Wm82.a4.v1,0.8121948833341486
Glyma.03G197100.Wm82.a4.v1,0.812189991684195
Glyma.18G225000.Wm82.a4.v1,0.8121655334344274
Glyma.19G254000.Wm82.a4.v1,0.8121361835347063
Glyma.12G070300.Wm82.a4.v1,0.8121264002347992
Glyma.04G179700.Wm82.a4.v1,0.8121239544098224
Glyma.08G072500.Wm82.a4.v1,0.8121215085848457
Glyma.20G009200.Wm82.a4.v1,0.8121215085848457
Glyma.07G229800.Wm82.a4.v1,0.8121166169348921
Glyma.16G003300.Wm82.a4.v1,0.8121166169348921
Glyma.09G191700.Wm82.a4.v1,0.8121117252849386
Glyma.20G000400.Wm82.a4.v1,0.8121019419850316
Glyma.17G231300.Wm82.a4.v1,0.8120677004353568
Glyma.10G175300.Wm82.a4.v1,0.8120677004353568
Glyma.11G240200.Wm82.a4.v1,0.8120432421855892
Glyma.18G229600.Wm82.a4.v1,0.8120334588856821
Glyma.02G310900.Wm82.a4.v1,0.8119894340361004
Glyma.08G121900.Wm82.a4.v1,0.8119649757863328
Glyma.02G256300.Wm82.a4.v1,0.8119551924864257
Glyma.20G111200.Wm82.a4.v1,0.8119503008364721
Glyma.13G247700.Wm82.a4.v1,0.8119356258866115
Glyma.13G028000.Wm82.a4.v1,0.8118720344372157
Glyma.16G046600.Wm82.a4.v1,0.8118622511373086
Glyma.09G273100.Wm82.a4.v1,0.8118622511373086
Glyma.03G083500.Wm82.a4.v1,0.8118329012375874
Glyma.11G183800.Wm82.a4.v1,0.8118280095876339
Glyma.03G089000.Wm82.a4.v1,0.8118231179376804
Glyma.11G055700.Wm82.a4.v1,0.8118084429878198
Glyma.10G055200.Wm82.a4.v1,0.8117986596879128
Glyma.04G076900.Wm82.a4.v1,0.8117693097881915
Glyma.04G088300.Wm82.a4.v1,0.811754634838331
Glyma.03G144900.Wm82.a4.v1,0.8117399598884704
Glyma.02G184100.Wm82.a4.v1,0.8117399598884704
Glyma.07G060900.Wm82.a4.v1,0.8117350682385168
Glyma.08G018000.Wm82.a4.v1,0.8117301765885633
Glyma.20G176500.Wm82.a4.v1,0.811691043388935
Glyma.06G215400.Wm82.a4.v1,0.8116812600890281
Glyma.03G181800.Wm82.a4.v1,0.8116323435894928
Glyma.14G193200.Wm82.a4.v1,0.8116176686396321
Glyma.14G189300.Wm82.a4.v1,0.811607885339725
Glyma.17G098200.Wm82.a4.v1,0.8115932103898645
Glyma.01G190100.Wm82.a4.v1,0.8115834270899575
Glyma.14G149800.Wm82.a4.v1,0.8115491855402828
Glyma.18G111200.Wm82.a4.v1,0.8115394022403757
Glyma.11G014500.Wm82.a4.v1,0.8115247272905151
Glyma.09G273000.Wm82.a4.v1,0.811505160690701
Glyma.09G226900.Wm82.a4.v1,0.8114807024409333
Glyma.15G256300.Wm82.a4.v1,0.8114611358411192
Glyma.04G194200.Wm82.a4.v1,0.8114366775913515
Glyma.02G143000.Wm82.a4.v1,0.811422002641491
Glyma.17G259200.Wm82.a4.v1,0.8114122193415839
Glyma.13G058400.Wm82.a4.v1,0.8113975443917233
Glyma.13G241800.Wm82.a4.v1,0.8112997113926528
Glyma.13G045400.Wm82.a4.v1,0.8112459032431639
Glyma.08G199000.Wm82.a4.v1,0.8112361199432568
Glyma.03G146500.Wm82.a4.v1,0.8112361199432568
Glyma.19G189200.Wm82.a4.v1,0.8112018783935822
Glyma.20G161500.Wm82.a4.v1,0.8111872034437215
Glyma.02G203700.Wm82.a4.v1,0.8111431785941398
Glyma.19G122600.Wm82.a4.v1,0.8111333952942328
Glyma.17G160400.Wm82.a4.v1,0.8110208873453015
Glyma.04G133400.Wm82.a4.v1,0.811015995695348
Glyma.16G055700.Wm82.a4.v1,0.8109964290955339
Glyma.16G164700.Wm82.a4.v1,0.8109621875458592
Glyma.14G007100.Wm82.a4.v1,0.8109524042459522
Glyma.08G298400.Wm82.a4.v1,0.8109475125959986
Glyma.17G103100.Wm82.a4.v1,0.8109377292960915
Glyma.03G070700.Wm82.a4.v1,0.8108839211466028
Glyma.03G014600.Wm82.a4.v1,0.8108154380472533
Glyma.16G200500.Wm82.a4.v1,0.8108105463972998
Glyma.06G075600.Wm82.a4.v1,0.8107811964975786
Glyma.15G094700.Wm82.a4.v1,0.8107763048476251
Glyma.14G032700.Wm82.a4.v1,0.8107176050481828
Glyma.17G237100.Wm82.a4.v1,0.8107078217482757
Glyma.07G247900.Wm82.a4.v1,0.8106882551484615
Glyma.08G061900.Wm82.a4.v1,0.8106442302988798
Glyma.17G045100.Wm82.a4.v1,0.8106393386489262
Glyma.12G241300.Wm82.a4.v1,0.8105757471995304
Glyma.14G050100.Wm82.a4.v1,0.8105561805997162
Glyma.09G176900.Wm82.a4.v1,0.8105268306999951
Glyma.15G230600.Wm82.a4.v1,0.8104925891503204
Glyma.05G110000.Wm82.a4.v1,0.8104632392505993
Glyma.20G189200.Wm82.a4.v1,0.8104583476006457
Glyma.10G237300.Wm82.a4.v1,0.810424106050971
Glyma.20G013200.Wm82.a4.v1,0.810424106050971
Glyma.13G207000.Wm82.a4.v1,0.8104094311011104
Glyma.03G002400.Wm82.a4.v1,0.8104045394511569
Glyma.02G109900.Wm82.a4.v1,0.8104045394511569
Glyma.08G010300.Wm82.a4.v1,0.8103213814019469
Glyma.19G208300.Wm82.a4.v1,0.810267573252458
Glyma.08G027900.Wm82.a4.v1,0.8102039818030622
Glyma.03G222000.Wm82.a4.v1,0.8101697402533875
Glyma.02G071900.Wm82.a4.v1,0.810164848603434
Glyma.01G211700.Wm82.a4.v1,0.810164848603434
Glyma.19G102200.Wm82.a4.v1,0.8101501736535733
Glyma.01G149000.Wm82.a4.v1,0.8101379445286895
Glyma.08G320400.Wm82.a4.v1,0.8101208237538522
Glyma.20G232300.Wm82.a4.v1,0.8101110404539451
Glyma.10G233100.Wm82.a4.v1,0.810091473854131
Glyma.01G243600.Wm82.a4.v1,0.8100767989042704
Glyma.08G237500.Wm82.a4.v1,0.8100670156043633
Glyma.09G089700.Wm82.a4.v1,0.8100523406545027
Glyma.11G009800.Wm82.a4.v1,0.8100278824047351
Glyma.03G198100.Wm82.a4.v1,0.8099936408550604
Glyma.13G032300.Wm82.a4.v1,0.8099838575551533
Glyma.06G090100.Wm82.a4.v1,0.8099447243555251
Glyma.11G182900.Wm82.a4.v1,0.8098860245560827
Glyma.16G176800.Wm82.a4.v1,0.8098713496062222
Glyma.07G260100.Wm82.a4.v1,0.809851783006408
Glyma.07G216600.Wm82.a4.v1,0.8098224331066869
Glyma.06G266000.Wm82.a4.v1,0.8098175414567333
Glyma.11G106500.Wm82.a4.v1,0.8098077581568263
Glyma.17G053200.Wm82.a4.v1,0.8097637333072445
Glyma.19G112500.Wm82.a4.v1,0.8097441667074304
Glyma.18G021300.Wm82.a4.v1,0.8097294917575698
Glyma.06G216400.Wm82.a4.v1,0.8097197084576627
Glyma.09G129600.Wm82.a4.v1,0.8097099251577557
Glyma.10G261600.Wm82.a4.v1,0.8097099251577557
Glyma.19G166600.Wm82.a4.v1,0.809675683608081
Glyma.08G312400.Wm82.a4.v1,0.809665900308174
Glyma.14G205500.Wm82.a4.v1,0.8096610086582204
Glyma.18G187200.Wm82.a4.v1,0.8096218754585922
Glyma.13G136600.Wm82.a4.v1,0.8096120921586851
Glyma.02G101800.Wm82.a4.v1,0.809602308858778
Glyma.18G188800.Wm82.a4.v1,0.809582742258964
Glyma.15G126900.Wm82.a4.v1,0.8095289341094751
Glyma.02G053000.Wm82.a4.v1,0.8094946925598004
Glyma.13G142200.Wm82.a4.v1,0.8094555593601722
Glyma.05G072300.Wm82.a4.v1,0.8094457760602651
Glyma.04G249500.Wm82.a4.v1,0.8093968595607298
Glyma.08G288500.Wm82.a4.v1,0.8093919679107763
Glyma.10G298800.Wm82.a4.v1,0.8093821846108692
Glyma.01G028900.Wm82.a4.v1,0.8093821846108692
Glyma.02G079000.Wm82.a4.v1,0.809352834711148
Glyma.13G318300.Wm82.a4.v1,0.809343051411241
Glyma.03G208300.Wm82.a4.v1,0.809333268111334
Glyma.09G223900.Wm82.a4.v1,0.8093234848114269
Glyma.18G228100.Wm82.a4.v1,0.8092990265616592
Glyma.12G082400.Wm82.a4.v1,0.8092941349117058
Glyma.10G178700.Wm82.a4.v1,0.8092892432617522
Glyma.10G261400.Wm82.a4.v1,0.8092794599618451
Glyma.09G186300.Wm82.a4.v1,0.8092452184121705
Glyma.20G001000.Wm82.a4.v1,0.8092256518123563
Glyma.05G085500.Wm82.a4.v1,0.8092060852125422
Glyma.15G125300.Wm82.a4.v1,0.809176735312821
Glyma.01G163900.Wm82.a4.v1,0.809176735312821
Glyma.08G340000.Wm82.a4.v1,0.8091571687130069
Glyma.13G147500.Wm82.a4.v1,0.8091424937631463
Glyma.01G099600.Wm82.a4.v1,0.8091376021131927
Glyma.08G215500.Wm82.a4.v1,0.8090055275644474
Glyma.14G222900.Wm82.a4.v1,0.8089859609646334
Glyma.17G208000.Wm82.a4.v1,0.8089223695152374
Glyma.06G064600.Wm82.a4.v1,0.8089125862153305
Glyma.02G003200.Wm82.a4.v1,0.8089028029154234
Glyma.08G107200.Wm82.a4.v1,0.8088783446656558
Glyma.19G174700.Wm82.a4.v1,0.8088489947659345
Glyma.01G027700.Wm82.a4.v1,0.8088392114660274
Glyma.05G090400.Wm82.a4.v1,0.8088000782663992
Glyma.11G232700.Wm82.a4.v1,0.8088000782663992
Glyma.03G185800.Wm82.a4.v1,0.8087218118671428
Glyma.11G034600.Wm82.a4.v1,0.8086582204177469
Glyma.02G290800.Wm82.a4.v1,0.8086288705180257
Glyma.10G058200.Wm82.a4.v1,0.8085701707185834
Glyma.12G008700.Wm82.a4.v1,0.8085652790686298
Glyma.13G371300.Wm82.a4.v1,0.8085457124688157
Glyma.03G073762.Wm82.a4.v1,0.808501687619234
Glyma.09G150200.Wm82.a4.v1,0.8084821210194199
Glyma.20G122300.Wm82.a4.v1,0.8084772293694663
Glyma.14G039900.Wm82.a4.v1,0.8084723377195128
Glyma.12G114900.Wm82.a4.v1,0.8084674460695592
Glyma.17G201700.Wm82.a4.v1,0.8084625544196057
Glyma.07G053200.Wm82.a4.v1,0.8084380961698381
Glyma.04G236700.Wm82.a4.v1,0.8084087462701169
Glyma.02G155000.Wm82.a4.v1,0.8083989629702099
Glyma.13G192900.Wm82.a4.v1,0.8083696130704887
Glyma.05G019400.Wm82.a4.v1,0.8083500464706745
Glyma.01G012700.Wm82.a4.v1,0.8083158049209999
Glyma.05G223700.Wm82.a4.v1,0.808261996771511
Glyma.09G098000.Wm82.a4.v1,0.8082375385217434
Glyma.09G177600.Wm82.a4.v1,0.8082277552218363
Glyma.08G075500.Wm82.a4.v1,0.8082277552218363
Glyma.17G089200.Wm82.a4.v1,0.8082179719219292
Glyma.19G156300.Wm82.a4.v1,0.8082130802719757
Glyma.06G269600.Wm82.a4.v1,0.8081886220222081
Glyma.11G053500.Wm82.a4.v1,0.8081837303722545
Glyma.10G063100.Wm82.a4.v1,0.8081103556229516
Glyma.10G012200.Wm82.a4.v1,0.8080858973731839
Glyma.15G026600.Wm82.a4.v1,0.8080663307733699
Glyma.18G054400.Wm82.a4.v1,0.8080614391234163
Glyma.03G102700.Wm82.a4.v1,0.8080516558235092
Glyma.19G204400.Wm82.a4.v1,0.8080223059237881
Glyma.07G041100.Wm82.a4.v1,0.8080174142738346
Glyma.12G219400.Wm82.a4.v1,0.8079684977742992
Glyma.11G112700.Wm82.a4.v1,0.8079489311744852
Glyma.08G297000.Wm82.a4.v1,0.8079489311744852
Glyma.05G217300.Wm82.a4.v1,0.8079342562246246
Glyma.05G193600.Wm82.a4.v1,0.807909797974857
Glyma.07G077400.Wm82.a4.v1,0.8079000146749499
Glyma.01G082400.Wm82.a4.v1,0.8078853397250892
Glyma.07G187100.Wm82.a4.v1,0.8078706647752287
Glyma.10G005600.Wm82.a4.v1,0.8078193024507166
Glyma.03G177300.Wm82.a4.v1,0.8077777234261116
Glyma.11G163900.Wm82.a4.v1,0.8077728317761581
Glyma.13G068600.Wm82.a4.v1,0.8077728317761581
Glyma.06G062800.Wm82.a4.v1,0.8077532651763439
Glyma.11G067800.Wm82.a4.v1,0.8077336985765299
Glyma.10G236900.Wm82.a4.v1,0.8077288069265763
Glyma.18G205800.Wm82.a4.v1,0.8076211906275987
Glyma.07G096600.Wm82.a4.v1,0.8076016240277846
Glyma.07G020200.Wm82.a4.v1,0.8075624908281563
Glyma.01G017000.Wm82.a4.v1,0.8075478158782957
Glyma.09G215700.Wm82.a4.v1,0.807503791028714
Glyma.02G012400.Wm82.a4.v1,0.8074255246294575
Glyma.07G041500.Wm82.a4.v1,0.8074059580296434
Glyma.13G281300.Wm82.a4.v1,0.8073912830797828
Glyma.10G279800.Wm82.a4.v1,0.8073814997798757
Glyma.10G181500.Wm82.a4.v1,0.807347258230201
Glyma.13G276500.Wm82.a4.v1,0.8073227999804334
Glyma.04G227100.Wm82.a4.v1,0.8072396419312234
Glyma.02G056200.Wm82.a4.v1,0.8072347502812699
Glyma.16G099100.Wm82.a4.v1,0.8072249669813628
Glyma.08G046200.Wm82.a4.v1,0.8072249669813628
Glyma.16G026600.Wm82.a4.v1,0.8071907254316881
Glyma.01G192100.Wm82.a4.v1,0.807171158831874
Glyma.12G112900.Wm82.a4.v1,0.807161375531967
Glyma.19G166900.Wm82.a4.v1,0.8071418089321528
Glyma.06G062600.Wm82.a4.v1,0.8071124590324317
Glyma.14G114467.Wm82.a4.v1,0.8071075673824781
Glyma.11G110800.Wm82.a4.v1,0.8070928924326175
Glyma.15G163700.Wm82.a4.v1,0.8070244093332681
Glyma.14G024900.Wm82.a4.v1,0.806995059433547
Glyma.11G122700.Wm82.a4.v1,0.8069803844836864
Glyma.02G311800.Wm82.a4.v1,0.8069657095338257
Glyma.06G040400.Wm82.a4.v1,0.8069510345839652
Glyma.13G316700.Wm82.a4.v1,0.806921684684244
Glyma.11G237800.Wm82.a4.v1,0.8069167930342904
Glyma.08G294800.Wm82.a4.v1,0.8069119013843369
Glyma.13G300500.Wm82.a4.v1,0.8068923347845228
Glyma.11G239400.Wm82.a4.v1,0.8068678765347552
Glyma.11G256800.Wm82.a4.v1,0.8068532015848946
Glyma.10G043300.Wm82.a4.v1,0.8068140683852664
Glyma.09G250400.Wm82.a4.v1,0.8068042850853593
Glyma.18G059200.Wm82.a4.v1,0.8066868854864746
Glyma.11G175746.Wm82.a4.v1,0.8066232940370787
Glyma.17G168900.Wm82.a4.v1,0.8066232940370787
Glyma.08G158500.Wm82.a4.v1,0.8066184023871251
Glyma.12G179200.Wm82.a4.v1,0.8066184023871251
Glyma.02G049800.Wm82.a4.v1,0.8066086190872181
Glyma.04G182000.Wm82.a4.v1,0.8065694858875899
Glyma.08G022900.Wm82.a4.v1,0.8065645942376364
Glyma.08G045900.Wm82.a4.v1,0.8065597025876828
Glyma.05G183600.Wm82.a4.v1,0.8065499192877758
Glyma.02G055500.Wm82.a4.v1,0.8064961111382869
Glyma.11G061700.Wm82.a4.v1,0.8064961111382869
Glyma.11G029600.Wm82.a4.v1,0.8064471946387517
Glyma.03G076200.Wm82.a4.v1,0.8064423029887982
Glyma.03G110300.Wm82.a4.v1,0.8064080614391235
Glyma.12G076200.Wm82.a4.v1,0.8063787115394022
Glyma.12G183800.Wm82.a4.v1,0.8063591449395882
Glyma.17G031800.Wm82.a4.v1,0.8063444699897275
Glyma.12G102400.Wm82.a4.v1,0.8063249033899135
Glyma.10G221000.Wm82.a4.v1,0.8063053367900993
Glyma.10G266000.Wm82.a4.v1,0.8063053367900993
Glyma.14G193900.Wm82.a4.v1,0.8062857701902851
Glyma.04G033600.Wm82.a4.v1,0.8062808785403317
Glyma.13G201500.Wm82.a4.v1,0.8061977204911217
Glyma.12G058900.Wm82.a4.v1,0.8061830455412611
Glyma.13G128300.Wm82.a4.v1,0.8061390206916793
Glyma.05G056100.Wm82.a4.v1,0.8060852125421905
Glyma.02G203900.Wm82.a4.v1,0.8060852125421905
Glyma.13G240800.Wm82.a4.v1,0.8060656459423764
Glyma.06G165500.Wm82.a4.v1,0.8060558626424693
Glyma.03G025400.Wm82.a4.v1,0.8060411876926087
Glyma.09G226000.Wm82.a4.v1,0.8060362960426551
Glyma.07G249100.Wm82.a4.v1,0.8059971628430269
Glyma.02G292900.Wm82.a4.v1,0.8059531379934451
Glyma.06G114400.Wm82.a4.v1,0.8059433546935382
Glyma.08G042900.Wm82.a4.v1,0.8059286797436775
Glyma.07G013800.Wm82.a4.v1,0.8059286797436775
Glyma.08G285000.Wm82.a4.v1,0.8059091131438634
Glyma.03G179300.Wm82.a4.v1,0.80590422149391
Glyma.12G039500.Wm82.a4.v1,0.8058944381940029
Glyma.07G216900.Wm82.a4.v1,0.8057623636452576
Glyma.20G006500.Wm82.a4.v1,0.8057330137455364
Glyma.18G028100.Wm82.a4.v1,0.8057281220955829
Glyma.16G027400.Wm82.a4.v1,0.8056107224966982
Glyma.13G133900.Wm82.a4.v1,0.8055226727975346
Glyma.20G180300.Wm82.a4.v1,0.8054688646480458
Glyma.02G117000.Wm82.a4.v1,0.8054541896981852
Glyma.07G121900.Wm82.a4.v1,0.8054444063982782
Glyma.08G171100.Wm82.a4.v1,0.8053954898987429
Glyma.14G179100.Wm82.a4.v1,0.8053905982487893
Glyma.09G151400.Wm82.a4.v1,0.8053367900993005
Glyma.11G152200.Wm82.a4.v1,0.8052878735997652
Glyma.13G346300.Wm82.a4.v1,0.8052878735997652
Glyma.10G146600.Wm82.a4.v1,0.8052487404001369
Glyma.08G004400.Wm82.a4.v1,0.8052144988504623
Glyma.05G187000.Wm82.a4.v1,0.8051900406006947
Glyma.08G173500.Wm82.a4.v1,0.8051851489507411
Glyma.02G087700.Wm82.a4.v1,0.8050628577019029
Glyma.13G221800.Wm82.a4.v1,0.8050286161522281
Glyma.17G057700.Wm82.a4.v1,0.8050237245022747
Glyma.19G154500.Wm82.a4.v1,0.8050041579024605
Glyma.16G149500.Wm82.a4.v1,0.8050041579024605
Glyma.19G143900.Wm82.a4.v1,0.8049845913026464
Glyma.09G070700.Wm82.a4.v1,0.8049601330528787
Glyma.19G054700.Wm82.a4.v1,0.8049209998532505
Glyma.13G055400.Wm82.a4.v1,0.8049112165533434
Glyma.03G097900.Wm82.a4.v1,0.8048769750036687
Glyma.08G027300.Wm82.a4.v1,0.8048671917037616
Glyma.13G268500.Wm82.a4.v1,0.8048378418040405
Glyma.09G068500.Wm82.a4.v1,0.8048133835542729
Glyma.04G238800.Wm82.a4.v1,0.8048084919043194
Glyma.03G188900.Wm82.a4.v1,0.8047987086044123
Glyma.14G069600.Wm82.a4.v1,0.8047449004549234
Glyma.06G065200.Wm82.a4.v1,0.8047400088049699
Glyma.02G112600.Wm82.a4.v1,0.8046910923054347
Glyma.11G057500.Wm82.a4.v1,0.8046910923054347
Glyma.10G157700.Wm82.a4.v1,0.8046470674558529
Glyma.16G039400.Wm82.a4.v1,0.8046372841559458
Glyma.19G161500.Wm82.a4.v1,0.8046323925059923
Glyma.19G211100.Wm82.a4.v1,0.8046030426062711
Glyma.17G039100.Wm82.a4.v1,0.8045785843565034
Glyma.12G098200.Wm82.a4.v1,0.8045492344567823
Glyma.01G225900.Wm82.a4.v1,0.8045443428068287
Glyma.18G165000.Wm82.a4.v1,0.8045394511568752
Glyma.13G326200.Wm82.a4.v1,0.8045296678569681
Glyma.02G066700.Wm82.a4.v1,0.8045149929071076
Glyma.17G084100.Wm82.a4.v1,0.8044758597074794
Glyma.18G141700.Wm82.a4.v1,0.8044709680575258
Glyma.15G021100.Wm82.a4.v1,0.8044514014577117
Glyma.06G105000.Wm82.a4.v1,0.8044318348578976
Glyma.01G059200.Wm82.a4.v1,0.8043682434085017
Glyma.17G027200.Wm82.a4.v1,0.8043682434085017
Glyma.04G221900.Wm82.a4.v1,0.8043633517585481
Glyma.19G215300.Wm82.a4.v1,0.8043291102088734
Glyma.05G026300.Wm82.a4.v1,0.8042948686591987
Glyma.17G002300.Wm82.a4.v1,0.8042850853592917
Glyma.08G154900.Wm82.a4.v1,0.8042263855598494
Glyma.05G211800.Wm82.a4.v1,0.8042019273100817
Glyma.16G199200.Wm82.a4.v1,0.8041725774103605
Glyma.06G254200.Wm82.a4.v1,0.8041579024604999
Glyma.10G042600.Wm82.a4.v1,0.8041236609108252
Glyma.06G088500.Wm82.a4.v1,0.804084527711197
Glyma.02G190700.Wm82.a4.v1,0.804084527711197
Glyma.04G122600.Wm82.a4.v1,0.804084527711197
Glyma.19G197300.Wm82.a4.v1,0.8040698527613364
Glyma.13G032500.Wm82.a4.v1,0.8040698527613364
Glyma.13G278900.Wm82.a4.v1,0.8040698527613364
Glyma.16G161000.Wm82.a4.v1,0.8040209362618012
Glyma.10G261800.Wm82.a4.v1,0.8039818030621728
Glyma.14G192700.Wm82.a4.v1,0.8039818030621728
Glyma.03G028100.Wm82.a4.v1,0.8039720197622658
Glyma.11G010700.Wm82.a4.v1,0.8039671281123123
Glyma.13G342900.Wm82.a4.v1,0.8039573448124052
Glyma.04G185300.Wm82.a4.v1,0.8039426698625446
Glyma.03G133400.Wm82.a4.v1,0.8039377782125912
Glyma.13G010100.Wm82.a4.v1,0.8039377782125912
Glyma.19G208700.Wm82.a4.v1,0.8039377782125912
Glyma.03G035200.Wm82.a4.v1,0.8039231032627305
Glyma.08G123100.Wm82.a4.v1,0.8038448368634741
Glyma.11G040000.Wm82.a4.v1,0.8037372205644964
Glyma.12G089500.Wm82.a4.v1,0.8037225456146359
Glyma.03G196700.Wm82.a4.v1,0.8036931957149146
Glyma.05G114700.Wm82.a4.v1,0.8036736291151005
Glyma.01G124200.Wm82.a4.v1,0.8036540625152864
Glyma.02G022000.Wm82.a4.v1,0.8036393875654259
Glyma.01G031900.Wm82.a4.v1,0.8036198209656117
Glyma.06G052600.Wm82.a4.v1,0.803585579415937
Glyma.10G029800.Wm82.a4.v1,0.8035757961160299
Glyma.20G228000.Wm82.a4.v1,0.8035660128161228
Glyma.02G049600.Wm82.a4.v1,0.8035660128161228
Glyma.01G157300.Wm82.a4.v1,0.8035268796164946
Glyma.06G131400.Wm82.a4.v1,0.803502421366727
Glyma.13G213200.Wm82.a4.v1,0.8034926380668199
Glyma.06G249100.Wm82.a4.v1,0.8034779631169594
Glyma.13G289600.Wm82.a4.v1,0.8034681798170523
Glyma.12G046700.Wm82.a4.v1,0.8034535048671917
Glyma.13G107000.Wm82.a4.v1,0.8034339382673776
Glyma.09G050500.Wm82.a4.v1,0.8033654551680282
Glyma.19G127800.Wm82.a4.v1,0.8032920804187252
Glyma.12G021400.Wm82.a4.v1,0.8032871887687717
Glyma.11G145800.Wm82.a4.v1,0.803211368194492
Glyma.13G078500.Wm82.a4.v1,0.8031795724697941
Glyma.17G041000.Wm82.a4.v1,0.8031746808198406
Glyma.19G025400.Wm82.a4.v1,0.803169789169887
Glyma.08G350100.Wm82.a4.v1,0.8031600058699799
Glyma.16G037100.Wm82.a4.v1,0.8031453309201193
Glyma.03G168700.Wm82.a4.v1,0.8031404392701659
Glyma.07G023100.Wm82.a4.v1,0.8031257643203052
Glyma.02G155100.Wm82.a4.v1,0.8031159810203982
Glyma.05G151800.Wm82.a4.v1,0.8030817394707235
Glyma.07G066500.Wm82.a4.v1,0.8030817394707235
Glyma.02G098700.Wm82.a4.v1,0.8030817394707235
Glyma.02G250800.Wm82.a4.v1,0.8030719561708164
Glyma.02G099200.Wm82.a4.v1,0.8030670645208628
Glyma.08G102600.Wm82.a4.v1,0.8030523895710023
Glyma.07G269500.Wm82.a4.v1,0.8030523895710023
Glyma.02G180100.Wm82.a4.v1,0.803003473071467
Glyma.12G045700.Wm82.a4.v1,0.8029936897715599
Glyma.03G203800.Wm82.a4.v1,0.8029790148216993
Glyma.11G096400.Wm82.a4.v1,0.8029790148216993
Glyma.20G155400.Wm82.a4.v1,0.8029643398718388
Glyma.12G083200.Wm82.a4.v1,0.8029545565719317
Glyma.06G145900.Wm82.a4.v1,0.8029349899721175
Glyma.03G004700.Wm82.a4.v1,0.8028713985227217
Glyma.11G132200.Wm82.a4.v1,0.8028616152228146
Glyma.16G189302.Wm82.a4.v1,0.8028469402729541
Glyma.16G063200.Wm82.a4.v1,0.8027833488235582
Glyma.19G121800.Wm82.a4.v1,0.8027833488235582
Glyma.14G129100.Wm82.a4.v1,0.8027833488235582
Glyma.09G177000.Wm82.a4.v1,0.8027050824243017
Glyma.15G106200.Wm82.a4.v1,0.8026952991243946
Glyma.07G030300.Wm82.a4.v1,0.8026757325245806
Glyma.11G090100.Wm82.a4.v1,0.80266105757472
Glyma.17G202600.Wm82.a4.v1,0.8026512742748129
Glyma.18G272500.Wm82.a4.v1,0.8026414909749059
Glyma.11G025300.Wm82.a4.v1,0.8026414909749059
Glyma.04G237000.Wm82.a4.v1,0.80257789952551
Glyma.15G037500.Wm82.a4.v1,0.8025534412757424
Glyma.20G246700.Wm82.a4.v1,0.8025534412757424
Glyma.17G066400.Wm82.a4.v1,0.8024702832265324
Glyma.16G155000.Wm82.a4.v1,0.8024360416768576
Glyma.17G232255.Wm82.a4.v1,0.8024066917771364
Glyma.06G016700.Wm82.a4.v1,0.8024018001271829
Glyma.15G190500.Wm82.a4.v1,0.8023871251773224
Glyma.12G071000.Wm82.a4.v1,0.8023724502274617
Glyma.10G273700.Wm82.a4.v1,0.8023675585775082
Glyma.07G197900.Wm82.a4.v1,0.802338208677787
Glyma.01G056300.Wm82.a4.v1,0.8022795088783446
Glyma.02G178800.Wm82.a4.v1,0.8022697255784376
Glyma.14G092300.Wm82.a4.v1,0.8022501589786235
Glyma.09G052200.Wm82.a4.v1,0.8022403756787164
Glyma.11G023300.Wm82.a4.v1,0.8022403756787164
Glyma.18G288300.Wm82.a4.v1,0.8022159174289488
Glyma.10G200000.Wm82.a4.v1,0.8022012424790882
Glyma.09G062200.Wm82.a4.v1,0.8021670009294135
Glyma.09G198200.Wm82.a4.v1,0.80216210927946
Glyma.09G144300.Wm82.a4.v1,0.8021474343295993
Glyma.05G000200.Wm82.a4.v1,0.8021425426796458
Glyma.03G205300.Wm82.a4.v1,0.8021180844298782
Glyma.05G217800.Wm82.a4.v1,0.8021083011299711
Glyma.03G241000.Wm82.a4.v1,0.8021034094800176
Glyma.06G171200.Wm82.a4.v1,0.8020349263806682
Glyma.17G145700.Wm82.a4.v1,0.8020349263806682
Glyma.06G127600.Wm82.a4.v1,0.8019468766815047
Glyma.08G199800.Wm82.a4.v1,0.8018979601819693
Glyma.15G232000.Wm82.a4.v1,0.8018930685320158
Glyma.11G008900.Wm82.a4.v1,0.8018881768820623
Glyma.16G198200.Wm82.a4.v1,0.8018735019322017
Glyma.08G033800.Wm82.a4.v1,0.8018539353323876
Glyma.12G234300.Wm82.a4.v1,0.801849043682434
Glyma.08G057500.Wm82.a4.v1,0.8018343687325735
Glyma.08G272100.Wm82.a4.v1,0.8018245854326664
Glyma.11G145700.Wm82.a4.v1,0.8017952355329453
Glyma.04G080200.Wm82.a4.v1,0.8017854522330382
Glyma.15G036700.Wm82.a4.v1,0.8017512106833635
Glyma.08G108600.Wm82.a4.v1,0.8017169691336888
Glyma.09G241100.Wm82.a4.v1,0.8017071858337818
Glyma.10G066000.Wm82.a4.v1,0.8016484860343394
Glyma.06G031900.Wm82.a4.v1,0.8016484860343394
Glyma.14G004300.Wm82.a4.v1,0.8016435943843858
Glyma.10G181100.Wm82.a4.v1,0.8016093528347111
Glyma.16G008700.Wm82.a4.v1,0.8015115198356405
Glyma.07G151300.Wm82.a4.v1,0.80149684488578
Glyma.16G117500.Wm82.a4.v1,0.8014381450863376
Glyma.08G048100.Wm82.a4.v1,0.8014283617864305
Glyma.03G220100.Wm82.a4.v1,0.8013745536369418
Glyma.11G157400.Wm82.a4.v1,0.8013403120872671
Glyma.10G172100.Wm82.a4.v1,0.8013060705375923
Glyma.08G167100.Wm82.a4.v1,0.8013011788876389
Glyma.09G239200.Wm82.a4.v1,0.8013011788876389
Glyma.18G266500.Wm82.a4.v1,0.8012180208384289
Glyma.04G194500.Wm82.a4.v1,0.8012033458885682
Glyma.03G023900.Wm82.a4.v1,0.8012033458885682
Glyma.01G156200.Wm82.a4.v1,0.8011935625886611
Glyma.04G181200.Wm82.a4.v1,0.8011593210389865
Glyma.10G096200.Wm82.a4.v1,0.8011593210389865
Glyma.06G029100.Wm82.a4.v1,0.8011593210389865
Glyma.19G170500.Wm82.a4.v1,0.8011593210389865
Glyma.06G205000.Wm82.a4.v1,0.8011446460891258
Glyma.01G204200.Wm82.a4.v1,0.8011152961894047
Glyma.14G021600.Wm82.a4.v1,0.80108105463973
Glyma.09G126400.Wm82.a4.v1,0.8010565963899623
Glyma.05G065900.Wm82.a4.v1,0.8010125715403805
Glyma.12G095500.Wm82.a4.v1,0.8010027882404736
Glyma.10G102200.Wm82.a4.v1,0.8009783299907058
Glyma.15G112900.Wm82.a4.v1,0.8009538717409382
Glyma.06G099700.Wm82.a4.v1,0.8009489800909847
Glyma.10G013400.Wm82.a4.v1,0.8008658220417747
Glyma.03G179800.Wm82.a4.v1,0.8008609303918212
Glyma.11G081500.Wm82.a4.v1,0.8008169055422394
Glyma.08G208700.Wm82.a4.v1,0.8008022305923788
Glyma.04G256900.Wm82.a4.v1,0.8008022305923788
Glyma.20G238100.Wm82.a4.v1,0.8007973389424253
Glyma.14G075200.Wm82.a4.v1,0.8007973389424253
Glyma.03G019200.Wm82.a4.v1,0.8007728806926576
Glyma.03G164700.Wm82.a4.v1,0.8007728806926576
Glyma.12G008300.Wm82.a4.v1,0.8007288558430758
Glyma.06G162200.Wm82.a4.v1,0.8007288558430758
Glyma.10G251800.Wm82.a4.v1,0.8006848309934941
Glyma.14G093200.Wm82.a4.v1,0.8006799393435405
Glyma.14G001200.Wm82.a4.v1,0.80066526439368
Glyma.19G148700.Wm82.a4.v1,0.8006163478941447
Glyma.12G064100.Wm82.a4.v1,0.800591889644377
Glyma.12G088600.Wm82.a4.v1,0.8005869979944236
Glyma.02G257800.Wm82.a4.v1,0.80058210634447
Glyma.06G158100.Wm82.a4.v1,0.8005674313946094
Glyma.07G123500.Wm82.a4.v1,0.8005331898449347
Glyma.13G333500.Wm82.a4.v1,0.8005234065450276
Glyma.10G249700.Wm82.a4.v1,0.8005234065450276
Glyma.20G219100.Wm82.a4.v1,0.8004842733453994
Glyma.07G208600.Wm82.a4.v1,0.8004647067455852
Glyma.14G171500.Wm82.a4.v1,0.8004304651959105
Glyma.03G220900.Wm82.a4.v1,0.8004304651959105
Glyma.18G238500.Wm82.a4.v1,0.8004206818960036
Glyma.11G002200.Wm82.a4.v1,0.8004108985960965
Glyma.03G144800.Wm82.a4.v1,0.8003962236462359
Glyma.20G017200.Wm82.a4.v1,0.8003668737465147
Glyma.10G140900.Wm82.a4.v1,0.80033263219684
Glyma.12G228400.Wm82.a4.v1,0.80033263219684
Glyma.02G085000.Wm82.a4.v1,0.8003179572469794
Glyma.05G061700.Wm82.a4.v1,0.8003130655970259
Glyma.12G233800.Wm82.a4.v1,0.8003130655970259
Glyma.13G352100.Wm82.a4.v1,0.8003130655970259
Glyma.16G116200.Wm82.a4.v1,0.8002788240473512
Glyma.08G084000.Wm82.a4.v1,0.8002788240473512
Glyma.10G086700.Wm82.a4.v1,0.8002690407474441
Glyma.18G289300.Wm82.a4.v1,0.8002641490974906
Glyma.05G006700.Wm82.a4.v1,0.800259257447537
Glyma.03G150900.Wm82.a4.v1,0.8002054492980483
Glyma.05G144800.Wm82.a4.v1,0.8001809910482806
Glyma.06G042300.Wm82.a4.v1,0.8001222912488383
Glyma.04G066500.Wm82.a4.v1,0.8001027246490241
Glyma.12G083300.Wm82.a4.v1,0.800073374749303
Glyma.08G202000.Wm82.a4.v1,0.8000635914493959
Glyma.11G222500.Wm82.a4.v1,0.8
Glyma.09G187400.Wm82.a4.v1,0.8
Glyma.02G061400.Wm82.a4.v1,0.7999461918505112
Glyma.13G212800.Wm82.a4.v1,0.7999315169006506
Glyma.04G234800.Wm82.a4.v1,0.7998972753509759
Glyma.15G013400.Wm82.a4.v1,0.7998605879763244
Glyma.11G182300.Wm82.a4.v1,0.7998287922516265
Glyma.19G103200.Wm82.a4.v1,0.7997896590519983
Glyma.07G185700.Wm82.a4.v1,0.7997896590519983
Glyma.03G034000.Wm82.a4.v1,0.7997749841021377
Glyma.02G144500.Wm82.a4.v1,0.7997652008022306
Glyma.06G000300.Wm82.a4.v1,0.7997554175023235
Glyma.16G126200.Wm82.a4.v1,0.7997358509025094
Glyma.05G246600.Wm82.a4.v1,0.7997211759526488
Glyma.04G233400.Wm82.a4.v1,0.7997162843026953
Glyma.07G052900.Wm82.a4.v1,0.7996722594531135
Glyma.08G072100.Wm82.a4.v1,0.7996526928532994
Glyma.15G115100.Wm82.a4.v1,0.7996380179034388
Glyma.09G011100.Wm82.a4.v1,0.7996380179034388
Glyma.17G030900.Wm82.a4.v1,0.799593993053857
Glyma.16G154300.Wm82.a4.v1,0.7995891014039035
Glyma.20G190500.Wm82.a4.v1,0.7995695348040894
Glyma.15G005400.Wm82.a4.v1,0.7995450765543217
Glyma.03G162900.Wm82.a4.v1,0.7995206183045541
Glyma.16G182400.Wm82.a4.v1,0.7995059433546935
Glyma.11G164500.Wm82.a4.v1,0.7994227853054835
Glyma.13G054300.Wm82.a4.v1,0.799408110355623
Glyma.08G333000.Wm82.a4.v1,0.7993836521058553
Glyma.15G008200.Wm82.a4.v1,0.7993787604559017
Glyma.13G224500.Wm82.a4.v1,0.7993787604559017
Glyma.03G121000.Wm82.a4.v1,0.7993689771559948
Glyma.16G077800.Wm82.a4.v1,0.7993591938560877
Glyma.03G069400.Wm82.a4.v1,0.7993298439563665
Glyma.01G159400.Wm82.a4.v1,0.7993200606564594
Glyma.07G088900.Wm82.a4.v1,0.7992662525069706
Glyma.10G282400.Wm82.a4.v1,0.799241794257203
Glyma.06G003000.Wm82.a4.v1,0.7992124443574817
Glyma.15G221551.Wm82.a4.v1,0.7991977694076212
Glyma.11G151288.Wm82.a4.v1,0.7991928777576677
Glyma.13G294200.Wm82.a4.v1,0.7990901531086435
Glyma.13G104400.Wm82.a4.v1,0.79908526145869
Glyma.13G107400.Wm82.a4.v1,0.7990608032089224
Glyma.06G090800.Wm82.a4.v1,0.7990559115589688
Glyma.09G052600.Wm82.a4.v1,0.7990363449591548
Glyma.01G010000.Wm82.a4.v1,0.7990265616592477
Glyma.09G248900.Wm82.a4.v1,0.7990265616592477
Glyma.10G171900.Wm82.a4.v1,0.7990241158342709
Glyma.10G158700.Wm82.a4.v1,0.7989825368096659
Glyma.09G249800.Wm82.a4.v1,0.7989776451597124
Glyma.12G044000.Wm82.a4.v1,0.7989482952599912
Glyma.17G097500.Wm82.a4.v1,0.7989434036100377
Glyma.20G116400.Wm82.a4.v1,0.798909162060363
Glyma.17G081700.Wm82.a4.v1,0.7988895954605488
Glyma.02G209100.Wm82.a4.v1,0.7988847038105953
Glyma.17G032400.Wm82.a4.v1,0.7988798121606417
Glyma.17G087600.Wm82.a4.v1,0.7988749205106882
Glyma.04G211300.Wm82.a4.v1,0.7988749205106882
Glyma.18G204200.Wm82.a4.v1,0.79883578731106
Glyma.15G076800.Wm82.a4.v1,0.7988064374113388
Glyma.20G161000.Wm82.a4.v1,0.7988015457613853
Glyma.19G028200.Wm82.a4.v1,0.7987966541114317
Glyma.10G146300.Wm82.a4.v1,0.7987721958616641
Glyma.19G101600.Wm82.a4.v1,0.7987673042117106
Glyma.09G199000.Wm82.a4.v1,0.7987575209118035
Glyma.18G176400.Wm82.a4.v1,0.7987379543119895
Glyma.10G234100.Wm82.a4.v1,0.7987330626620359
Glyma.08G105000.Wm82.a4.v1,0.7987330626620359
Glyma.07G216200.Wm82.a4.v1,0.7987281710120824
Glyma.09G089400.Wm82.a4.v1,0.7987232793621288
Glyma.18G259300.Wm82.a4.v1,0.7987134960622218
Glyma.11G237500.Wm82.a4.v1,0.7987086044122682
Glyma.19G109200.Wm82.a4.v1,0.7987037127623148
Glyma.04G236400.Wm82.a4.v1,0.7987037127623148
Glyma.08G082500.Wm82.a4.v1,0.798701266937338
Glyma.04G182700.Wm82.a4.v1,0.7986939294624077
Glyma.06G032100.Wm82.a4.v1,0.798659687912733
Glyma.07G251000.Wm82.a4.v1,0.7986547962627795
Glyma.16G031600.Wm82.a4.v1,0.7986401213129188
Glyma.08G074400.Wm82.a4.v1,0.7986107714131977
Glyma.08G285600.Wm82.a4.v1,0.7985716382135695
Glyma.05G152800.Wm82.a4.v1,0.7985569632637088
Glyma.12G073100.Wm82.a4.v1,0.7985129384141271
Glyma.03G139000.Wm82.a4.v1,0.7984982634642664
Glyma.15G183100.Wm82.a4.v1,0.7984884801643595
Glyma.03G138200.Wm82.a4.v1,0.7984786968644524
Glyma.10G198000.Wm82.a4.v1,0.7984395636648242
Glyma.03G236500.Wm82.a4.v1,0.7984297803649171
Glyma.06G204500.Wm82.a4.v1,0.79841999706501
Glyma.12G181600.Wm82.a4.v1,0.79841999706501
Glyma.08G134600.Wm82.a4.v1,0.7984151054150564
Glyma.04G039300.Wm82.a4.v1,0.7983319473658465
Glyma.U003166.Wm82.a4.v1,0.7983172724159859
Glyma.15G055100.Wm82.a4.v1,0.7982732475664042
Glyma.12G238400.Wm82.a4.v1,0.7982341143667759
Glyma.06G033200.Wm82.a4.v1,0.798212101941985
Glyma.11G220400.Wm82.a4.v1,0.7982047644670547
Glyma.15G154400.Wm82.a4.v1,0.7981803062172871
Glyma.13G184900.Wm82.a4.v1,0.79817052291738
Glyma.07G059400.Wm82.a4.v1,0.7981264980677982
Glyma.08G185700.Wm82.a4.v1,0.7981216064178447
Glyma.15G009800.Wm82.a4.v1,0.7981167147678913
Glyma.16G141200.Wm82.a4.v1,0.7981069314679842
Glyma.07G102300.Wm82.a4.v1,0.7980971481680771
Glyma.11G118000.Wm82.a4.v1,0.79808736486817
Glyma.13G372600.Wm82.a4.v1,0.7980824732182165
Glyma.09G009000.Wm82.a4.v1,0.798077581568263
Glyma.12G122100.Wm82.a4.v1,0.7980580149684489
Glyma.06G216800.Wm82.a4.v1,0.7980580149684489
Glyma.08G205200.Wm82.a4.v1,0.7979357237196106
Glyma.12G189500.Wm82.a4.v1,0.7979259404197035
Glyma.06G104200.Wm82.a4.v1,0.7978916988700289
Glyma.18G095200.Wm82.a4.v1,0.7978721322702147
Glyma.13G219600.Wm82.a4.v1,0.7978672406202613
Glyma.08G345100.Wm82.a4.v1,0.7978427823704936
Glyma.03G039500.Wm82.a4.v1,0.7977987575209118
Glyma.04G139400.Wm82.a4.v1,0.7977889742210047
Glyma.12G143501.Wm82.a4.v1,0.7977498410213765
Glyma.20G057600.Wm82.a4.v1,0.7977155994717018
Glyma.13G028400.Wm82.a4.v1,0.7976813579220271
Glyma.19G194800.Wm82.a4.v1,0.7976764662720736
Glyma.16G156300.Wm82.a4.v1,0.7976568996722595
Glyma.06G074700.Wm82.a4.v1,0.7976422247223989
Glyma.04G090900.Wm82.a4.v1,0.7976128748226777
Glyma.15G105900.Wm82.a4.v1,0.7975933082228636
Glyma.06G194800.Wm82.a4.v1,0.7975297167734677
Glyma.08G195200.Wm82.a4.v1,0.7974905835738395
Glyma.09G152300.Wm82.a4.v1,0.7974612336741183
Glyma.10G270300.Wm82.a4.v1,0.7974318837743971
Glyma.04G235200.Wm82.a4.v1,0.7974172088245365
Glyma.07G107800.Wm82.a4.v1,0.7974172088245365
Glyma.08G129800.Wm82.a4.v1,0.7973731839749547
Glyma.19G229200.Wm82.a4.v1,0.7973340507753265
Glyma.06G126300.Wm82.a4.v1,0.7972949175756983
Glyma.16G181700.Wm82.a4.v1,0.7972802426258377
Glyma.11G065000.Wm82.a4.v1,0.7972753509758842
Glyma.10G259500.Wm82.a4.v1,0.7972655676759771
Glyma.14G040300.Wm82.a4.v1,0.7972411094262095
Glyma.20G058100.Wm82.a4.v1,0.7972411094262095
Glyma.11G077600.Wm82.a4.v1,0.797236217776256
Glyma.10G188600.Wm82.a4.v1,0.7972313261263024
Glyma.06G054200.Wm82.a4.v1,0.7972019762265812
Glyma.01G178600.Wm82.a4.v1,0.79717262632686
Glyma.14G209400.Wm82.a4.v1,0.7971041432275107
Glyma.13G140900.Wm82.a4.v1,0.7970552267279754
Glyma.17G098000.Wm82.a4.v1,0.7969916352785794
Glyma.02G037700.Wm82.a4.v1,0.7969818519786724
Glyma.20G027900.Wm82.a4.v1,0.7969573937289047
Glyma.02G299700.Wm82.a4.v1,0.7969476104289978
Glyma.10G147600.Wm82.a4.v1,0.7969329354791371
Glyma.16G009800.Wm82.a4.v1,0.7968693440297412
Glyma.13G071800.Wm82.a4.v1,0.796820427530206
Glyma.04G097500.Wm82.a4.v1,0.796820427530206
Glyma.06G002600.Wm82.a4.v1,0.7968155358802524
Glyma.07G067500.Wm82.a4.v1,0.7967959692804383
Glyma.20G227000.Wm82.a4.v1,0.7967959692804383
Glyma.13G177500.Wm82.a4.v1,0.7967910776304847
Glyma.13G329300.Wm82.a4.v1,0.7967910776304847
Glyma.17G103600.Wm82.a4.v1,0.7967812943305776
Glyma.11G060600.Wm82.a4.v1,0.796737269480996
Glyma.06G224700.Wm82.a4.v1,0.7966834613315071
Glyma.05G241100.Wm82.a4.v1,0.796654111431786
Glyma.20G167900.Wm82.a4.v1,0.796654111431786
Glyma.04G114900.Wm82.a4.v1,0.7966443281318789
Glyma.15G108200.Wm82.a4.v1,0.7966394364819254
Glyma.09G116400.Wm82.a4.v1,0.7966149782321577
Glyma.09G147400.Wm82.a4.v1,0.7966100865822042
Glyma.10G159100.Wm82.a4.v1,0.7965220368830407
Glyma.08G014800.Wm82.a4.v1,0.7965122535831336
Glyma.05G010700.Wm82.a4.v1,0.7964829036834125
Glyma.05G116800.Wm82.a4.v1,0.7963899623342954
Glyma.18G241400.Wm82.a4.v1,0.7962823460353177
Glyma.05G177500.Wm82.a4.v1,0.7962725627354107
Glyma.19G200000.Wm82.a4.v1,0.7961845130362472
Glyma.16G022000.Wm82.a4.v1,0.7961502714865725
Glyma.20G161400.Wm82.a4.v1,0.7961453798366189
Glyma.17G180300.Wm82.a4.v1,0.7961355965367118
Glyma.15G121800.Wm82.a4.v1,0.7961282590617815
Glyma.10G292400.Wm82.a4.v1,0.7960915716871301
Glyma.12G013600.Wm82.a4.v1,0.7960768967372694
Glyma.12G074800.Wm82.a4.v1,0.7960671134373625
Glyma.06G027900.Wm82.a4.v1,0.7960230885877807
Glyma.08G214600.Wm82.a4.v1,0.7960035219879665
Glyma.06G134200.Wm82.a4.v1,0.7959937386880594
Glyma.03G155900.Wm82.a4.v1,0.7959594971383848
Glyma.03G124400.Wm82.a4.v1,0.7959448221885241
Glyma.07G068400.Wm82.a4.v1,0.795915472288803
Glyma.01G218400.Wm82.a4.v1,0.7959007973389425
Glyma.15G132500.Wm82.a4.v1,0.7958665557892677
Glyma.08G298900.Wm82.a4.v1,0.7957785060901041
Glyma.13G090700.Wm82.a4.v1,0.7957638311402436
Glyma.17G169700.Wm82.a4.v1,0.7957393728904759
Glyma.09G015200.Wm82.a4.v1,0.7957100229907548
Glyma.10G209800.Wm82.a4.v1,0.7956953480408941
Glyma.04G122200.Wm82.a4.v1,0.7956806730910336
Glyma.16G104500.Wm82.a4.v1,0.7956757814410801
Glyma.03G170300.Wm82.a4.v1,0.795646431541359
Glyma.19G184300.Wm82.a4.v1,0.7955388152423812
Glyma.02G306700.Wm82.a4.v1,0.7955045736927066
Glyma.01G054200.Wm82.a4.v1,0.7954947903927995
Glyma.06G176800.Wm82.a4.v1,0.7954898987428459
Glyma.07G196700.Wm82.a4.v1,0.7954752237929854
Glyma.06G026400.Wm82.a4.v1,0.795396957393729
Glyma.03G211800.Wm82.a4.v1,0.7953529325441472
Glyma.07G038100.Wm82.a4.v1,0.7953382575942866
Glyma.17G191000.Wm82.a4.v1,0.795333365944333
Glyma.03G176200.Wm82.a4.v1,0.7953040160446119
Glyma.01G150700.Wm82.a4.v1,0.7952942327447048
Glyma.15G042000.Wm82.a4.v1,0.7952746661448906
Glyma.02G221300.Wm82.a4.v1,0.7952550995450766
Glyma.13G287100.Wm82.a4.v1,0.7952159663454483
Glyma.08G064900.Wm82.a4.v1,0.7951523748960524
Glyma.04G231700.Wm82.a4.v1,0.7951425915961454
Glyma.11G017200.Wm82.a4.v1,0.7951230249963313
Glyma.11G117900.Wm82.a4.v1,0.7950985667465637
Glyma.01G162200.Wm82.a4.v1,0.7950887834466566
Glyma.04G062400.Wm82.a4.v1,0.7950398669471213
Glyma.13G034600.Wm82.a4.v1,0.7950251919972606
Glyma.07G059700.Wm82.a4.v1,0.795000733747493
Glyma.07G062500.Wm82.a4.v1,0.7949762754977254
Glyma.12G174400.Wm82.a4.v1,0.794917575698283
Glyma.18G124600.Wm82.a4.v1,0.794917575698283
Glyma.06G308600.Wm82.a4.v1,0.7949029007484224
Glyma.07G078700.Wm82.a4.v1,0.7948931174485154
Glyma.08G359900.Wm82.a4.v1,0.7948784424986548
Glyma.05G151100.Wm82.a4.v1,0.7948735508487013
Glyma.13G111700.Wm82.a4.v1,0.7948588758988406
Glyma.06G077100.Wm82.a4.v1,0.7948539842488872
Glyma.06G102500.Wm82.a4.v1,0.7948442009489801
Glyma.04G224300.Wm82.a4.v1,0.794834417649073
Glyma.17G113200.Wm82.a4.v1,0.7947952844494448
Glyma.08G165400.Wm82.a4.v1,0.7947659345497237
Glyma.07G165000.Wm82.a4.v1,0.7947610428997701
Glyma.06G256700.Wm82.a4.v1,0.7947463679499095
Glyma.13G205600.Wm82.a4.v1,0.7947072347502813
Glyma.19G234200.Wm82.a4.v1,0.7946827765005137
Glyma.14G152900.Wm82.a4.v1,0.7946778848505601
Glyma.04G166300.Wm82.a4.v1,0.7946729932006066
Glyma.13G125600.Wm82.a4.v1,0.794658318250746
Glyma.17G229700.Wm82.a4.v1,0.7946534266007924
Glyma.07G133500.Wm82.a4.v1,0.7946460891258621
Glyma.20G180800.Wm82.a4.v1,0.7946387516509319
Glyma.18G045600.Wm82.a4.v1,0.7946094017512106
Glyma.11G254300.Wm82.a4.v1,0.7946045101012571
Glyma.17G239900.Wm82.a4.v1,0.794584943501443
Glyma.12G152700.Wm82.a4.v1,0.7945360270019077
Glyma.19G204100.Wm82.a4.v1,0.7945066771021866
Glyma.09G245000.Wm82.a4.v1,0.7944846646773956
Glyma.03G241800.Wm82.a4.v1,0.7944822188524189
Glyma.12G094500.Wm82.a4.v1,0.7944675439025584
Glyma.10G191200.Wm82.a4.v1,0.7944137357530695
Glyma.15G028700.Wm82.a4.v1,0.794408844103116
Glyma.11G126100.Wm82.a4.v1,0.7943990608032089
Glyma.20G230500.Wm82.a4.v1,0.7943794942033948
Glyma.18G255600.Wm82.a4.v1,0.7943452526537201
Glyma.10G239100.Wm82.a4.v1,0.7942963361541848
Glyma.10G284400.Wm82.a4.v1,0.7942816612043242
Glyma.09G006600.Wm82.a4.v1,0.7942767695543707
Glyma.13G151200.Wm82.a4.v1,0.7942767695543707
Glyma.07G069400.Wm82.a4.v1,0.7942131781049748
Glyma.10G292300.Wm82.a4.v1,0.7941936115051607
Glyma.04G228400.Wm82.a4.v1,0.7941349117057184
Glyma.04G239900.Wm82.a4.v1,0.7941153451059042
Glyma.20G181500.Wm82.a4.v1,0.7941153451059042
Glyma.12G014900.Wm82.a4.v1,0.7940713202563224
Glyma.18G170600.Wm82.a4.v1,0.7940713202563224
Glyma.07G261400.Wm82.a4.v1,0.7940664286063689
Glyma.16G012600.Wm82.a4.v1,0.7940615369564153
Glyma.18G149700.Wm82.a4.v1,0.7940419703566013
Glyma.13G153300.Wm82.a4.v1,0.7939734872572519
Glyma.16G073200.Wm82.a4.v1,0.7939637039573448
Glyma.17G153000.Wm82.a4.v1,0.7939588123073913
Glyma.17G166200.Wm82.a4.v1,0.7939539206574378
Glyma.05G205100.Wm82.a4.v1,0.7939539206574378
Glyma.01G045100.Wm82.a4.v1,0.7938560876583671
Glyma.17G255300.Wm82.a4.v1,0.7938511960084136
Glyma.18G270500.Wm82.a4.v1,0.7937778212591107
Glyma.18G137700.Wm82.a4.v1,0.7937631463092502
Glyma.20G095800.Wm82.a4.v1,0.793743579709436
Glyma.08G092700.Wm82.a4.v1,0.7937191214596684
Glyma.05G047300.Wm82.a4.v1,0.7937142298097148
Glyma.02G144200.Wm82.a4.v1,0.7936750966100866
Glyma.08G178200.Wm82.a4.v1,0.7936555300102724
Glyma.14G041800.Wm82.a4.v1,0.7936408550604119
Glyma.09G086800.Wm82.a4.v1,0.7936017218607836
Glyma.05G037400.Wm82.a4.v1,0.7935283471114807
Glyma.05G242800.Wm82.a4.v1,0.7935234554615271
Glyma.04G210000.Wm82.a4.v1,0.7935185638115736
Glyma.11G195800.Wm82.a4.v1,0.7934549723621778
Glyma.12G233700.Wm82.a4.v1,0.7934256224624566
Glyma.08G310400.Wm82.a4.v1,0.7934060558626425
Glyma.10G271000.Wm82.a4.v1,0.7933620310130607
Glyma.10G147100.Wm82.a4.v1,0.7933522477131536
Glyma.15G207200.Wm82.a4.v1,0.7933375727632931
Glyma.14G188500.Wm82.a4.v1,0.7933375727632931
Glyma.07G152800.Wm82.a4.v1,0.7932495230641295
Glyma.08G087700.Wm82.a4.v1,0.7932348481142689
Glyma.10G165000.Wm82.a4.v1,0.7932250648143618
Glyma.07G001500.Wm82.a4.v1,0.7932006065645942
Glyma.16G116400.Wm82.a4.v1,0.7931174485153842
Glyma.08G002700.Wm82.a4.v1,0.7931027735655236
Glyma.18G264700.Wm82.a4.v1,0.7930734236658025
Glyma.13G003700.Wm82.a4.v1,0.7930000489164996
Glyma.18G156900.Wm82.a4.v1,0.7929902656165925
Glyma.02G304700.Wm82.a4.v1,0.7929902656165925
Glyma.05G165500.Wm82.a4.v1,0.7927750330186372
Glyma.12G229200.Wm82.a4.v1,0.7927261165191019
Glyma.02G078100.Wm82.a4.v1,0.7927212248691483
Glyma.13G163500.Wm82.a4.v1,0.7927065499192878
Glyma.14G060500.Wm82.a4.v1,0.7926723083696131
Glyma.15G276400.Wm82.a4.v1,0.7926723083696131
Glyma.10G212100.Wm82.a4.v1,0.7926723083696131
Glyma.10G235700.Wm82.a4.v1,0.7926478501198454
Glyma.06G036400.Wm82.a4.v1,0.7925989336203101
Glyma.08G068200.Wm82.a4.v1,0.792579367020496
Glyma.05G106100.Wm82.a4.v1,0.7925598004206819
Glyma.01G065100.Wm82.a4.v1,0.7925500171207749
Glyma.08G150000.Wm82.a4.v1,0.7925206672210536
Glyma.10G155100.Wm82.a4.v1,0.7925206672210536
Glyma.05G039900.Wm82.a4.v1,0.7924815340214254
Glyma.07G126200.Wm82.a4.v1,0.7924326175218901
Glyma.13G073400.Wm82.a4.v1,0.7923543511226336
Glyma.12G076700.Wm82.a4.v1,0.7923396761727731
Glyma.07G219200.Wm82.a4.v1,0.7923396761727731
Glyma.19G089100.Wm82.a4.v1,0.7923152179230054
Glyma.14G196600.Wm82.a4.v1,0.7922956513231914
Glyma.10G224500.Wm82.a4.v1,0.7922858680232843
Glyma.14G026900.Wm82.a4.v1,0.7922711930734236
Glyma.01G175400.Wm82.a4.v1,0.7922711930734236
Glyma.02G242400.Wm82.a4.v1,0.7922663014234701
Glyma.20G147400.Wm82.a4.v1,0.7922614097735166
Glyma.06G202000.Wm82.a4.v1,0.7922565181235631
Glyma.17G064100.Wm82.a4.v1,0.792246734823656
Glyma.16G112900.Wm82.a4.v1,0.7922076016240278
Glyma.19G119400.Wm82.a4.v1,0.7921929266741672
Glyma.10G028000.Wm82.a4.v1,0.7921880350242136
Glyma.19G250600.Wm82.a4.v1,0.7921342268747248
Glyma.16G158000.Wm82.a4.v1,0.7920950936750966
Glyma.03G229600.Wm82.a4.v1,0.7920461771755614
Glyma.17G062500.Wm82.a4.v1,0.7920461771755614
Glyma.04G041300.Wm82.a4.v1,0.7920315022257007
Glyma.14G085800.Wm82.a4.v1,0.7920217189257936
Glyma.18G242700.Wm82.a4.v1,0.7920021523259796
Glyma.04G060700.Wm82.a4.v1,0.791987477376119
Glyma.04G247900.Wm82.a4.v1,0.791987477376119
Glyma.15G257300.Wm82.a4.v1,0.7919581274763978
Glyma.03G012600.Wm82.a4.v1,0.7919336692266301
Glyma.13G142400.Wm82.a4.v1,0.7919189942767696
Glyma.19G006700.Wm82.a4.v1,0.7918994276769554
Glyma.16G214669.Wm82.a4.v1,0.7918847527270948
Glyma.07G068600.Wm82.a4.v1,0.7918847527270948
Glyma.16G152700.Wm82.a4.v1,0.7918749694271878
Glyma.10G081500.Wm82.a4.v1,0.7918456195274666
Glyma.17G001400.Wm82.a4.v1,0.7918407278775131
Glyma.04G130500.Wm82.a4.v1,0.7918064863278383
Glyma.19G242200.Wm82.a4.v1,0.7917918113779778
Glyma.13G163900.Wm82.a4.v1,0.7917918113779778
Glyma.01G139633.Wm82.a4.v1,0.7917673531282101
Glyma.06G156700.Wm82.a4.v1,0.791674411779093
Glyma.17G254900.Wm82.a4.v1,0.7916695201291396
Glyma.01G223200.Wm82.a4.v1,0.7916597368292325
Glyma.19G116000.Wm82.a4.v1,0.7916303869295114
Glyma.15G067800.Wm82.a4.v1,0.7915863620799296
Glyma.03G169000.Wm82.a4.v1,0.7915667954801154
Glyma.13G152406.Wm82.a4.v1,0.7915129873306266
Glyma.19G032700.Wm82.a4.v1,0.7914738541309984
Glyma.18G241900.Wm82.a4.v1,0.791424937631463
Glyma.12G028200.Wm82.a4.v1,0.7914102626816025
Glyma.05G022400.Wm82.a4.v1,0.7913809127818813
Glyma.06G307900.Wm82.a4.v1,0.7913760211319278
Glyma.15G095500.Wm82.a4.v1,0.7913319962823461
Glyma.01G057700.Wm82.a4.v1,0.7913173213324854
Glyma.17G164900.Wm82.a4.v1,0.7913075380325784
Glyma.04G001200.Wm82.a4.v1,0.7912879714327643
Glyma.20G191900.Wm82.a4.v1,0.7912781881328572
Glyma.12G155400.Wm82.a4.v1,0.7912732964829037
Glyma.18G116300.Wm82.a4.v1,0.7912684048329501
Glyma.07G036300.Wm82.a4.v1,0.791239054933229
Glyma.18G283900.Wm82.a4.v1,0.791217042508438
Glyma.10G249300.Wm82.a4.v1,0.791175463483833
Glyma.05G160800.Wm82.a4.v1,0.7911020887345301
Glyma.12G059100.Wm82.a4.v1,0.7910384972851343
Glyma.12G045400.Wm82.a4.v1,0.7910336056351808
Glyma.10G266600.Wm82.a4.v1,0.7910238223352737
Glyma.01G006700.Wm82.a4.v1,0.790989580785599
Glyma.10G180600.Wm82.a4.v1,0.790989580785599
Glyma.03G076300.Wm82.a4.v1,0.790989580785599
Glyma.11G084100.Wm82.a4.v1,0.790989580785599
Glyma.13G190900.Wm82.a4.v1,0.7909406642860637
Glyma.02G296700.Wm82.a4.v1,0.7909357726361101
Glyma.07G068700.Wm82.a4.v1,0.7909210976862495
Glyma.07G124200.Wm82.a4.v1,0.7908917477865284
Glyma.03G233400.Wm82.a4.v1,0.7908575062368537
Glyma.06G316600.Wm82.a4.v1,0.7908526145869001
Glyma.14G147200.Wm82.a4.v1,0.7908085897373184
Glyma.07G021000.Wm82.a4.v1,0.7908085897373184
Glyma.03G122200.Wm82.a4.v1,0.7907792398375972
Glyma.20G238951.Wm82.a4.v1,0.7907303233380619
Glyma.15G242125.Wm82.a4.v1,0.7907156483882013
Glyma.17G212500.Wm82.a4.v1,0.7906960817883872
Glyma.13G356900.Wm82.a4.v1,0.7906422736388984
Glyma.15G255300.Wm82.a4.v1,0.7906324903389913
Glyma.07G132300.Wm82.a4.v1,0.7906251528640611
Glyma.04G175300.Wm82.a4.v1,0.7906227070390843
Glyma.06G270300.Wm82.a4.v1,0.7906227070390843
Glyma.13G155200.Wm82.a4.v1,0.7906129237391772
Glyma.10G144800.Wm82.a4.v1,0.7906031404392702
Glyma.08G174100.Wm82.a4.v1,0.7905982487893166
Glyma.10G132300.Wm82.a4.v1,0.7905933571393631
Glyma.13G343600.Wm82.a4.v1,0.7905786821895026
Glyma.13G092000.Wm82.a4.v1,0.7905004157902461
Glyma.09G101300.Wm82.a4.v1,0.7904808491904319
Glyma.19G101000.Wm82.a4.v1,0.7904661742405713
Glyma.14G050200.Wm82.a4.v1,0.7904417159908037
Glyma.17G151000.Wm82.a4.v1,0.7904221493909895
Glyma.13G294500.Wm82.a4.v1,0.7904172577410361
Glyma.02G141400.Wm82.a4.v1,0.7903879078413149
Glyma.19G036900.Wm82.a4.v1,0.7903830161913613
Glyma.12G050300.Wm82.a4.v1,0.7902656165924766
Glyma.20G217500.Wm82.a4.v1,0.7902118084429878
Glyma.03G018600.Wm82.a4.v1,0.7901922418431737
Glyma.13G193700.Wm82.a4.v1,0.7901824585432666
Glyma.05G160032.Wm82.a4.v1,0.7901628919434526
Glyma.13G325000.Wm82.a4.v1,0.790158000293499
Glyma.08G029400.Wm82.a4.v1,0.7901531086435455
Glyma.02G140200.Wm82.a4.v1,0.7901433253436384
Glyma.04G022700.Wm82.a4.v1,0.7901433253436384
Glyma.09G210800.Wm82.a4.v1,0.7901384336936849
Glyma.18G115300.Wm82.a4.v1,0.7900993004940566
Glyma.14G132500.Wm82.a4.v1,0.7900797338942426
Glyma.05G098200.Wm82.a4.v1,0.7900503839945213
Glyma.12G233000.Wm82.a4.v1,0.7900454923445678
Glyma.04G250400.Wm82.a4.v1,0.7900406006946143
Glyma.05G059000.Wm82.a4.v1,0.7900357090446608
Glyma.17G232000.Wm82.a4.v1,0.7900161424448466
Glyma.14G202100.Wm82.a4.v1,0.7899965758450326
Glyma.15G188900.Wm82.a4.v1,0.789981900895172
Glyma.15G124200.Wm82.a4.v1,0.7899672259453113
Glyma.13G364900.Wm82.a4.v1,0.7899525509954508
Glyma.05G067700.Wm82.a4.v1,0.7899378760455902
Glyma.06G105700.Wm82.a4.v1,0.7899232010957296
Glyma.13G312900.Wm82.a4.v1,0.7898645012962873
Glyma.13G145000.Wm82.a4.v1,0.7898449346964731
Glyma.13G043800.Wm82.a4.v1,0.7898302597466126
Glyma.04G237400.Wm82.a4.v1,0.7898302597466126
Glyma.08G104600.Wm82.a4.v1,0.7898204764467055
Glyma.19G194992.Wm82.a4.v1,0.7898204764467055
Glyma.14G068100.Wm82.a4.v1,0.7897666682972166
Glyma.02G059500.Wm82.a4.v1,0.7897128601477278
Glyma.20G179400.Wm82.a4.v1,0.789566110649122
Glyma.08G195100.Wm82.a4.v1,0.7895612189991684
Glyma.16G142300.Wm82.a4.v1,0.7895123024996331
Glyma.06G024600.Wm82.a4.v1,0.7894976275497725
Glyma.07G078800.Wm82.a4.v1,0.789482952599912
Glyma.16G049400.Wm82.a4.v1,0.7894536027001908
Glyma.15G155900.Wm82.a4.v1,0.7894389277503302
Glyma.12G039300.Wm82.a4.v1,0.7894095778506091
Glyma.18G290800.Wm82.a4.v1,0.7893851196008413
Glyma.11G036900.Wm82.a4.v1,0.7893655530010273
Glyma.10G054400.Wm82.a4.v1,0.789336203101306
Glyma.11G053700.Wm82.a4.v1,0.789253045052096
Glyma.11G103100.Wm82.a4.v1,0.7892481534021425
Glyma.17G262700.Wm82.a4.v1,0.7892432617521891
Glyma.06G108500.Wm82.a4.v1,0.789233478452282
Glyma.09G054200.Wm82.a4.v1,0.7892236951523749
Glyma.11G234300.Wm82.a4.v1,0.7892090202025143
Glyma.07G082800.Wm82.a4.v1,0.7891943452526538
Glyma.U031210.Wm82.a4.v1,0.7891894536027002
Glyma.01G040300.Wm82.a4.v1,0.7891454287531184
Glyma.02G205102.Wm82.a4.v1,0.7891307538032578
Glyma.02G166100.Wm82.a4.v1,0.7891160788533973
Glyma.13G265000.Wm82.a4.v1,0.7891160788533973
Glyma.05G236000.Wm82.a4.v1,0.7890720540038155
Glyma.13G159400.Wm82.a4.v1,0.7890182458543267
Glyma.07G244700.Wm82.a4.v1,0.7889986792545125
Glyma.05G182700.Wm82.a4.v1,0.7889937876045591
Glyma.11G109100.Wm82.a4.v1,0.7889301961551631
Glyma.04G184900.Wm82.a4.v1,0.7889301961551631
Glyma.05G229400.Wm82.a4.v1,0.788920412855256
Glyma.18G248300.Wm82.a4.v1,0.7889155212053025
Glyma.04G001800.Wm82.a4.v1,0.7889057379053955
Glyma.05G184400.Wm82.a4.v1,0.7888959546054884
Glyma.06G069700.Wm82.a4.v1,0.7888861713055814
Glyma.05G029800.Wm82.a4.v1,0.7888714963557207
Glyma.19G136200.Wm82.a4.v1,0.7888714963557207
Glyma.19G222400.Wm82.a4.v1,0.7888030132563714
Glyma.13G160600.Wm82.a4.v1,0.788744313456929
Glyma.18G238200.Wm82.a4.v1,0.7887247468571149
Glyma.08G082700.Wm82.a4.v1,0.7886856136574867
Glyma.15G001600.Wm82.a4.v1,0.7886464804578585
Glyma.18G063000.Wm82.a4.v1,0.7886464804578585
Glyma.11G164700.Wm82.a4.v1,0.7886122389081838
Glyma.15G063400.Wm82.a4.v1,0.7886024556082767
Glyma.16G115700.Wm82.a4.v1,0.7885731057085555
Glyma.18G012500.Wm82.a4.v1,0.7885535391087414
Glyma.05G152400.Wm82.a4.v1,0.7885486474587878
Glyma.01G038700.Wm82.a4.v1,0.7885437558088343
Glyma.04G026000.Wm82.a4.v1,0.7885192975590667
Glyma.13G076300.Wm82.a4.v1,0.7885095142591596
Glyma.01G089100.Wm82.a4.v1,0.7885095142591596
Glyma.18G287900.Wm82.a4.v1,0.7884899476593455
Glyma.10G159200.Wm82.a4.v1,0.788401897960182
Glyma.07G182300.Wm82.a4.v1,0.788401897960182
Glyma.02G064500.Wm82.a4.v1,0.7883872230103214
Glyma.13G266400.Wm82.a4.v1,0.7883676564105072
Glyma.19G139800.Wm82.a4.v1,0.7883627647605538
Glyma.17G096800.Wm82.a4.v1,0.7883529814606467
Glyma.19G007900.Wm82.a4.v1,0.7883334148608325
Glyma.06G187000.Wm82.a4.v1,0.788328523210879
Glyma.06G213600.Wm82.a4.v1,0.788245365161669
Glyma.08G122300.Wm82.a4.v1,0.7882209069119014
Glyma.14G031300.Wm82.a4.v1,0.7882013403120872
Glyma.01G178000.Wm82.a4.v1,0.7881866653622267
Glyma.11G093000.Wm82.a4.v1,0.788162207112459
Glyma.01G068800.Wm82.a4.v1,0.7881377488626914
Glyma.07G090200.Wm82.a4.v1,0.7881132906129238
Glyma.19G173600.Wm82.a4.v1,0.788069265763342
Glyma.05G016100.Wm82.a4.v1,0.7880594824634349
Glyma.04G061800.Wm82.a4.v1,0.7880154576138532
Glyma.10G238700.Wm82.a4.v1,0.7879714327642714
Glyma.02G105900.Wm82.a4.v1,0.7879616494643643
Glyma.13G127500.Wm82.a4.v1,0.7879567578144108
Glyma.01G045800.Wm82.a4.v1,0.7879518661644572
Glyma.10G231500.Wm82.a4.v1,0.7879322995646432
Glyma.07G004700.Wm82.a4.v1,0.7879078413148755
Glyma.01G206000.Wm82.a4.v1,0.7878100083158049
Glyma.13G278700.Wm82.a4.v1,0.7876926087169203
Glyma.09G190500.Wm82.a4.v1,0.7876681504671526
Glyma.08G296800.Wm82.a4.v1,0.787653475517292
Glyma.19G179500.Wm82.a4.v1,0.787653475517292
Glyma.03G264300.Wm82.a4.v1,0.7876339089174779
Glyma.14G131900.Wm82.a4.v1,0.7876290172675243
Glyma.15G080500.Wm82.a4.v1,0.7876192339676172
Glyma.15G259200.Wm82.a4.v1,0.7876192339676172
Glyma.17G115100.Wm82.a4.v1,0.7876094506677103
Glyma.07G070700.Wm82.a4.v1,0.7875898840678961
Glyma.17G082700.Wm82.a4.v1,0.787580100767989
Glyma.11G011700.Wm82.a4.v1,0.7875752091180355
Glyma.13G190200.Wm82.a4.v1,0.787570317468082
Glyma.20G197500.Wm82.a4.v1,0.7874822677689185
Glyma.18G112900.Wm82.a4.v1,0.7874724844690114
Glyma.14G073000.Wm82.a4.v1,0.7874431345692903
Glyma.03G179100.Wm82.a4.v1,0.7874333512693832
Glyma.17G164100.Wm82.a4.v1,0.7874235679694761
Glyma.20G105700.Wm82.a4.v1,0.7873893264198014
Glyma.08G126100.Wm82.a4.v1,0.7873746514699408
Glyma.17G045400.Wm82.a4.v1,0.7873648681700337
Glyma.12G182700.Wm82.a4.v1,0.7873404099202661
Glyma.13G197400.Wm82.a4.v1,0.7873404099202661
Glyma.11G182600.Wm82.a4.v1,0.7873208433204519
Glyma.01G150600.Wm82.a4.v1,0.7873159516704985
Glyma.10G273100.Wm82.a4.v1,0.7873012767206379
Glyma.03G257000.Wm82.a4.v1,0.7872866017707773
Glyma.06G051200.Wm82.a4.v1,0.787247468571149
Glyma.12G076900.Wm82.a4.v1,0.7872425769211955
Glyma.17G163800.Wm82.a4.v1,0.7872425769211955
Glyma.04G080700.Wm82.a4.v1,0.787164310521939
Glyma.11G150034.Wm82.a4.v1,0.7871545272220319
Glyma.12G029500.Wm82.a4.v1,0.7871056107224967
Glyma.04G245700.Wm82.a4.v1,0.7870958274225897
Glyma.17G074800.Wm82.a4.v1,0.787061585872915
Glyma.18G102500.Wm82.a4.v1,0.7870518025730079
Glyma.20G002000.Wm82.a4.v1,0.7870469109230543
Glyma.17G029600.Wm82.a4.v1,0.7870273443232402
Glyma.09G230700.Wm82.a4.v1,0.7869931027735655
Glyma.19G089800.Wm82.a4.v1,0.7869735361737514
Glyma.15G039700.Wm82.a4.v1,0.7869441862740302
Glyma.18G243500.Wm82.a4.v1,0.7869344029741232
Glyma.10G094300.Wm82.a4.v1,0.7869295113241697
Glyma.09G103700.Wm82.a4.v1,0.7869246196742161
Glyma.13G370500.Wm82.a4.v1,0.7869246196742161
Glyma.03G136100.Wm82.a4.v1,0.7868757031746808
Glyma.03G195000.Wm82.a4.v1,0.7868512449249132
Glyma.18G071700.Wm82.a4.v1,0.786821895025192
Glyma.20G162800.Wm82.a4.v1,0.7867876534755173
Glyma.07G103400.Wm82.a4.v1,0.7867680868757032
Glyma.12G059700.Wm82.a4.v1,0.7867631952257497
Glyma.13G228000.Wm82.a4.v1,0.7867436286259355
Glyma.09G038100.Wm82.a4.v1,0.786738736975982
Glyma.19G007400.Wm82.a4.v1,0.786728953676075
Glyma.17G254300.Wm82.a4.v1,0.7867240620261214
Glyma.06G180700.Wm82.a4.v1,0.7867093870762608
Glyma.17G067400.Wm82.a4.v1,0.7866996037763537
Glyma.18G067000.Wm82.a4.v1,0.7866360123269579
Glyma.16G178900.Wm82.a4.v1,0.7866311206770044
Glyma.08G211400.Wm82.a4.v1,0.7866017707772832
Glyma.18G085100.Wm82.a4.v1,0.7865870958274226
Glyma.15G130600.Wm82.a4.v1,0.7865528542777479
Glyma.09G020900.Wm82.a4.v1,0.7865528542777479
Glyma.17G112500.Wm82.a4.v1,0.7865430709778408
Glyma.01G213400.Wm82.a4.v1,0.7865088294281661
Glyma.04G160700.Wm82.a4.v1,0.7864745878784914
Glyma.09G114700.Wm82.a4.v1,0.7864403463288168
Glyma.06G309600.Wm82.a4.v1,0.7864305630289097
Glyma.08G133400.Wm82.a4.v1,0.7864207797290026
Glyma.09G222900.Wm82.a4.v1,0.7864109964290955
Glyma.05G096500.Wm82.a4.v1,0.786406104779142
Glyma.11G213000.Wm82.a4.v1,0.7863865381793279
Glyma.13G070500.Wm82.a4.v1,0.7863620799295602
Glyma.03G223200.Wm82.a4.v1,0.7863522966296532
Glyma.20G109400.Wm82.a4.v1,0.7863082717800715
Glyma.18G173400.Wm82.a4.v1,0.7863082717800715
Glyma.02G178250.Wm82.a4.v1,0.7862789218803502
Glyma.15G056600.Wm82.a4.v1,0.7862666927554665
Glyma.06G159900.Wm82.a4.v1,0.786239788680722
Glyma.18G233100.Wm82.a4.v1,0.7861957638311402
Glyma.09G227500.Wm82.a4.v1,0.7861933180061634
Glyma.14G219500.Wm82.a4.v1,0.7861761972313261
Glyma.09G254500.Wm82.a4.v1,0.786156630631512
Glyma.10G152900.Wm82.a4.v1,0.7861321723817444
Glyma.11G011100.Wm82.a4.v1,0.7861126057819302
Glyma.19G261200.Wm82.a4.v1,0.7861126057819302
Glyma.18G172600.Wm82.a4.v1,0.7860881475321626
Glyma.14G035400.Wm82.a4.v1,0.7860881475321626
Glyma.06G015600.Wm82.a4.v1,0.7860587976324415
Glyma.12G099500.Wm82.a4.v1,0.7860539059824879
Glyma.20G120300.Wm82.a4.v1,0.7860490143325344
Glyma.07G170700.Wm82.a4.v1,0.7860343393826738
Glyma.12G191200.Wm82.a4.v1,0.7860196644328132
Glyma.19G091400.Wm82.a4.v1,0.7860147727828597
Glyma.13G366800.Wm82.a4.v1,0.7859805312331849
Glyma.10G008700.Wm82.a4.v1,0.7859756395832315
Glyma.06G032600.Wm82.a4.v1,0.7859560729834173
Glyma.02G037000.Wm82.a4.v1,0.7859365063836032
Glyma.08G179000.Wm82.a4.v1,0.7859365063836032
Glyma.14G216800.Wm82.a4.v1,0.7859218314337426
Glyma.17G140500.Wm82.a4.v1,0.785907156483882
Glyma.18G084600.Wm82.a4.v1,0.7858826982341144
Glyma.15G219200.Wm82.a4.v1,0.7858729149342073
Glyma.02G290600.Wm82.a4.v1,0.7858729149342073
Glyma.09G242900.Wm82.a4.v1,0.7858631316343002
Glyma.02G064900.Wm82.a4.v1,0.7858435650344862
Glyma.18G287100.Wm82.a4.v1,0.7858386733845326
Glyma.03G151400.Wm82.a4.v1,0.7858337817345791
Glyma.19G034700.Wm82.a4.v1,0.7857995401849044
Glyma.05G079000.Wm82.a4.v1,0.7857995401849044
Glyma.09G009900.Wm82.a4.v1,0.7857897568849973
Glyma.08G052500.Wm82.a4.v1,0.785740840385462
Glyma.17G235600.Wm82.a4.v1,0.7857359487355084
Glyma.06G018700.Wm82.a4.v1,0.7857261654356015
Glyma.05G027400.Wm82.a4.v1,0.7857114904857408
Glyma.04G016600.Wm82.a4.v1,0.7857017071858338
Glyma.13G311500.Wm82.a4.v1,0.7856674656361591
Glyma.14G113400.Wm82.a4.v1,0.7856527906862985
Glyma.16G211400.Wm82.a4.v1,0.7856381157364379
Glyma.13G001500.Wm82.a4.v1,0.7855696326370885
Glyma.19G091100.Wm82.a4.v1,0.7855696326370885
Glyma.15G046400.Wm82.a4.v1,0.7855598493371815
Glyma.15G160500.Wm82.a4.v1,0.7855598493371815
Glyma.14G210200.Wm82.a4.v1,0.7855549576872279
Glyma.09G193600.Wm82.a4.v1,0.7855451743873209
Glyma.12G012000.Wm82.a4.v1,0.7855158244875997
Glyma.10G249800.Wm82.a4.v1,0.7855011495377391
Glyma.04G042700.Wm82.a4.v1,0.7854815829379249
Glyma.08G047900.Wm82.a4.v1,0.7854571246881573
Glyma.20G125000.Wm82.a4.v1,0.7854522330382038
Glyma.08G266300.Wm82.a4.v1,0.7854375580883431
Glyma.20G072700.Wm82.a4.v1,0.7854326664383897
Glyma.06G096300.Wm82.a4.v1,0.7854228831384826
Glyma.05G189900.Wm82.a4.v1,0.785408208188622
Glyma.17G238700.Wm82.a4.v1,0.7854033165386685
Glyma.10G094500.Wm82.a4.v1,0.7853592916890867
Glyma.04G177600.Wm82.a4.v1,0.7853544000391331
Glyma.06G182000.Wm82.a4.v1,0.7853446167392262
Glyma.14G090500.Wm82.a4.v1,0.7853397250892726
Glyma.15G076900.Wm82.a4.v1,0.7853299417893655
Glyma.08G124300.Wm82.a4.v1,0.785325050139412
Glyma.12G058500.Wm82.a4.v1,0.7853201584894585
Glyma.08G108300.Wm82.a4.v1,0.7852957002396909
Glyma.14G188200.Wm82.a4.v1,0.7852516753901091
Glyma.14G159800.Wm82.a4.v1,0.7852321087902949
Glyma.01G006500.Wm82.a4.v1,0.7852272171403414
Glyma.09G025300.Wm82.a4.v1,0.7851929755906667
Glyma.06G126600.Wm82.a4.v1,0.7851734089908526
Glyma.18G203400.Wm82.a4.v1,0.7851636256909456
Glyma.09G111300.Wm82.a4.v1,0.7851636256909456
Glyma.08G355600.Wm82.a4.v1,0.7851636256909456
Glyma.01G188900.Wm82.a4.v1,0.7851538423910385
Glyma.18G058900.Wm82.a4.v1,0.7850511177420144
Glyma.05G054600.Wm82.a4.v1,0.7850364427921538
Glyma.08G315900.Wm82.a4.v1,0.7850266594922467
Glyma.01G015000.Wm82.a4.v1,0.7850168761923397
Glyma.06G254000.Wm82.a4.v1,0.7850119845423862
Glyma.05G055100.Wm82.a4.v1,0.7850070928924326
Glyma.12G229400.Wm82.a4.v1,0.7849190431932691
Glyma.14G219000.Wm82.a4.v1,0.7849141515433156
Glyma.14G179900.Wm82.a4.v1,0.7848945849435014
Glyma.04G204300.Wm82.a4.v1,0.7848750183436873
Glyma.18G160500.Wm82.a4.v1,0.7848627892188035
Glyma.11G204200.Wm82.a4.v1,0.7848358851440591
Glyma.18G221900.Wm82.a4.v1,0.784826101844152
Glyma.15G055000.Wm82.a4.v1,0.7847820769945703
Glyma.09G038300.Wm82.a4.v1,0.7847282688450814
Glyma.02G086000.Wm82.a4.v1,0.7847087022452673
Glyma.14G119100.Wm82.a4.v1,0.7846695690456391
Glyma.06G000700.Wm82.a4.v1,0.7846548940957785
Glyma.15G118900.Wm82.a4.v1,0.7846255441960573
Glyma.20G229500.Wm82.a4.v1,0.7846206525461038
Glyma.14G140400.Wm82.a4.v1,0.7845913026463827
Glyma.03G260200.Wm82.a4.v1,0.7845815193464756
Glyma.06G198000.Wm82.a4.v1,0.7845717360465685
Glyma.19G245200.Wm82.a4.v1,0.7845619527466614
Glyma.17G077100.Wm82.a4.v1,0.7844983612972656
Glyma.15G168200.Wm82.a4.v1,0.7844983612972656
Glyma.02G217400.Wm82.a4.v1,0.7844543364476838
Glyma.10G218800.Wm82.a4.v1,0.7844152032480556
Glyma.20G233300.Wm82.a4.v1,0.7843760700484274
Glyma.06G188100.Wm82.a4.v1,0.7843662867485203
Glyma.16G069200.Wm82.a4.v1,0.7843565034486132
Glyma.17G253700.Wm82.a4.v1,0.7842831286993103
Glyma.17G028100.Wm82.a4.v1,0.7842684537494496
Glyma.17G030600.Wm82.a4.v1,0.7842635620994962
Glyma.09G023200.Wm82.a4.v1,0.7842488871496356
Glyma.10G025000.Wm82.a4.v1,0.784234212199775
Glyma.12G077333.Wm82.a4.v1,0.7842097539500074
Glyma.16G042600.Wm82.a4.v1,0.7842048623000538
Glyma.08G011400.Wm82.a4.v1,0.7841755124003327
Glyma.18G130100.Wm82.a4.v1,0.7841706207503791
Glyma.06G163300.Wm82.a4.v1,0.7841461625006114
Glyma.20G050700.Wm82.a4.v1,0.7841021376510297
Glyma.13G328300.Wm82.a4.v1,0.7840972460010761
Glyma.14G223400.Wm82.a4.v1,0.7840972460010761
Glyma.17G002900.Wm82.a4.v1,0.7840874627011691
Glyma.06G312200.Wm82.a4.v1,0.7840727877513085
Glyma.18G241300.Wm82.a4.v1,0.7840630044514014
Glyma.02G142700.Wm82.a4.v1,0.7840287629017267
Glyma.11G023700.Wm82.a4.v1,0.7839896297020985
Glyma.19G160400.Wm82.a4.v1,0.7839602798023774
Glyma.15G048300.Wm82.a4.v1,0.7839456048525167
Glyma.20G099500.Wm82.a4.v1,0.7839358215526097
Glyma.04G194700.Wm82.a4.v1,0.783901580002935
Glyma.17G254500.Wm82.a4.v1,0.7838379885535391
Glyma.18G074300.Wm82.a4.v1,0.7837939637039574
Glyma.02G158200.Wm82.a4.v1,0.7836912390549332
Glyma.06G012200.Wm82.a4.v1,0.7836814557550261
Glyma.16G179500.Wm82.a4.v1,0.7836569975052585
Glyma.05G153500.Wm82.a4.v1,0.7836472142053514
Glyma.09G153200.Wm82.a4.v1,0.7836227559555838
Glyma.U031414.Wm82.a4.v1,0.7836129726556768
Glyma.17G001500.Wm82.a4.v1,0.7836031893557697
Glyma.19G135200.Wm82.a4.v1,0.7835934060558627
Glyma.19G020400.Wm82.a4.v1,0.7835444895563274
Glyma.19G249900.Wm82.a4.v1,0.7835102480066527
Glyma.14G213000.Wm82.a4.v1,0.7834808981069314
Glyma.03G184600.Wm82.a4.v1,0.783402631707675
Glyma.11G031000.Wm82.a4.v1,0.7833683901580003
Glyma.01G074800.Wm82.a4.v1,0.7833634985080468
Glyma.12G097100.Wm82.a4.v1,0.7833537152081397
Glyma.02G193200.Wm82.a4.v1,0.7833488235581861
Glyma.16G010800.Wm82.a4.v1,0.7833390402582792
Glyma.08G366100.Wm82.a4.v1,0.7833341486083256
Glyma.13G221300.Wm82.a4.v1,0.7833047987086044
Glyma.19G027200.Wm82.a4.v1,0.7832901237587439
Glyma.18G090900.Wm82.a4.v1,0.7832656655089761
Glyma.07G065600.Wm82.a4.v1,0.7832020740595803
Glyma.11G191200.Wm82.a4.v1,0.7831825074597661
Glyma.19G147100.Wm82.a4.v1,0.7831678325099056
Glyma.18G054700.Wm82.a4.v1,0.7831042410605097
Glyma.13G360500.Wm82.a4.v1,0.7830553245609744
Glyma.08G053100.Wm82.a4.v1,0.7830455412610674
Glyma.17G165000.Wm82.a4.v1,0.7830455412610674
Glyma.09G002700.Wm82.a4.v1,0.7830308663112068
Glyma.06G172300.Wm82.a4.v1,0.7830064080614392
Glyma.12G075400.Wm82.a4.v1,0.7829917331115785
Glyma.18G139000.Wm82.a4.v1,0.7829379249620897
Glyma.06G161200.Wm82.a4.v1,0.7828498752629262
Glyma.05G215100.Wm82.a4.v1,0.7828352003130656
Glyma.15G019900.Wm82.a4.v1,0.782820525363205
Glyma.09G085700.Wm82.a4.v1,0.782820525363205
Glyma.06G170000.Wm82.a4.v1,0.7828180795382282
Glyma.17G038500.Wm82.a4.v1,0.7828107420632979
Glyma.05G101700.Wm82.a4.v1,0.7828107420632979
Glyma.06G075800.Wm82.a4.v1,0.7828107420632979
Glyma.06G093500.Wm82.a4.v1,0.7826884508144597
Glyma.20G221500.Wm82.a4.v1,0.7826639925646921
Glyma.11G095800.Wm82.a4.v1,0.7826639925646921
Glyma.16G123000.Wm82.a4.v1,0.7826493176148315
Glyma.10G226300.Wm82.a4.v1,0.7826248593650639
Glyma.10G048800.Wm82.a4.v1,0.7826004011152962
Glyma.03G173400.Wm82.a4.v1,0.7825955094653426
Glyma.13G053600.Wm82.a4.v1,0.7825955094653426
Glyma.15G005500.Wm82.a4.v1,0.7825588220906912
Glyma.10G247000.Wm82.a4.v1,0.7825563762657144
Glyma.13G303700.Wm82.a4.v1,0.7825417013158539
Glyma.12G068300.Wm82.a4.v1,0.7825368096659003
Glyma.13G056600.Wm82.a4.v1,0.7825221347160397
Glyma.10G153200.Wm82.a4.v1,0.7824732182165044
Glyma.15G011200.Wm82.a4.v1,0.7824634349165974
Glyma.06G223800.Wm82.a4.v1,0.7824340850168762
Glyma.04G129000.Wm82.a4.v1,0.7823802768673873
Glyma.06G045200.Wm82.a4.v1,0.7823802768673873
Glyma.02G222400.Wm82.a4.v1,0.7823753852174339
Glyma.11G030000.Wm82.a4.v1,0.7823753852174339
Glyma.15G149200.Wm82.a4.v1,0.7823558186176197
Glyma.08G117600.Wm82.a4.v1,0.7823264687178986
Glyma.05G110200.Wm82.a4.v1,0.782321577067945
Glyma.09G057400.Wm82.a4.v1,0.7823069021180844
Glyma.17G163500.Wm82.a4.v1,0.7822824438683168
Glyma.03G159400.Wm82.a4.v1,0.7822677689184562
Glyma.01G015700.Wm82.a4.v1,0.7822433106686886
Glyma.02G281700.Wm82.a4.v1,0.7821895025191997
Glyma.20G188500.Wm82.a4.v1,0.7821748275693391
Glyma.08G111900.Wm82.a4.v1,0.7821748275693391
Glyma.19G165800.Wm82.a4.v1,0.7821650442694321
Glyma.19G176700.Wm82.a4.v1,0.7820916695201291
Glyma.15G034900.Wm82.a4.v1,0.7820818862202221
Glyma.06G316900.Wm82.a4.v1,0.7820672112703615
Glyma.07G052300.Wm82.a4.v1,0.7820525363205009
Glyma.11G039700.Wm82.a4.v1,0.7820427530205939
Glyma.11G145400.Wm82.a4.v1,0.7820427530205939
Glyma.08G218700.Wm82.a4.v1,0.7820378613706404
Glyma.12G168000.Wm82.a4.v1,0.7820231864207797
Glyma.19G193400.Wm82.a4.v1,0.7820134031208726
Glyma.04G181900.Wm82.a4.v1,0.7819547033214304
Glyma.20G084500.Wm82.a4.v1,0.7819498116714768
Glyma.07G028900.Wm82.a4.v1,0.7819400283715697
Glyma.05G186000.Wm82.a4.v1,0.7819351367216162
Glyma.17G024000.Wm82.a4.v1,0.7819204617717556
Glyma.02G093000.Wm82.a4.v1,0.7818911118720344
Glyma.01G026000.Wm82.a4.v1,0.7818911118720344
Glyma.09G021500.Wm82.a4.v1,0.7818813285721273
Glyma.04G148100.Wm82.a4.v1,0.7818764369221739
Glyma.10G126900.Wm82.a4.v1,0.7818030621728709
Glyma.08G206900.Wm82.a4.v1,0.7817883872230104
Glyma.04G103400.Wm82.a4.v1,0.7817247957736144
Glyma.17G248400.Wm82.a4.v1,0.7816758792740791
Glyma.17G252600.Wm82.a4.v1,0.7816660959741721
Glyma.14G088300.Wm82.a4.v1,0.7816660959741721
Glyma.13G370300.Wm82.a4.v1,0.7816416377244044
Glyma.12G165900.Wm82.a4.v1,0.7816367460744509
Glyma.12G119900.Wm82.a4.v1,0.7816367460744509
Glyma.10G181700.Wm82.a4.v1,0.7816269627745438
Glyma.18G095800.Wm82.a4.v1,0.7815976128748227
Glyma.18G062300.Wm82.a4.v1,0.7815780462750086
Glyma.15G005100.Wm82.a4.v1,0.781573154625055
Glyma.09G278600.Wm82.a4.v1,0.7815682629751015
Glyma.10G082800.Wm82.a4.v1,0.781480213275938
Glyma.16G024100.Wm82.a4.v1,0.7814704299760309
Glyma.03G234000.Wm82.a4.v1,0.7814655383260773
Glyma.02G036300.Wm82.a4.v1,0.7814410800763097
Glyma.09G156600.Wm82.a4.v1,0.7814312967764027
Glyma.12G093300.Wm82.a4.v1,0.7813187888274715
Glyma.18G089400.Wm82.a4.v1,0.7813090055275644
Glyma.07G102600.Wm82.a4.v1,0.7812894389277504
Glyma.07G244100.Wm82.a4.v1,0.7812698723279362
Glyma.15G115800.Wm82.a4.v1,0.7812209558284009
Glyma.11G240300.Wm82.a4.v1,0.7812013892285868
Glyma.11G051400.Wm82.a4.v1,0.7812013892285868
Glyma.08G347600.Wm82.a4.v1,0.7811818226287727
Glyma.02G107500.Wm82.a4.v1,0.781167147678912
Glyma.02G281900.Wm82.a4.v1,0.7811622560289586
Glyma.18G247300.Wm82.a4.v1,0.7811426894291444
Glyma.02G008000.Wm82.a4.v1,0.781106002054493
Glyma.10G057600.Wm82.a4.v1,0.7810350731301668
Glyma.19G093900.Wm82.a4.v1,0.780981264980678
Glyma.04G218500.Wm82.a4.v1,0.7809470234310033
Glyma.13G146200.Wm82.a4.v1,0.7809470234310033
Glyma.11G000200.Wm82.a4.v1,0.7809225651812356
Glyma.18G275600.Wm82.a4.v1,0.7808736486817003
Glyma.06G190200.Wm82.a4.v1,0.7808345154820721
Glyma.04G082700.Wm82.a4.v1,0.780814948882258
Glyma.11G097500.Wm82.a4.v1,0.7807855989825369
Glyma.17G117600.Wm82.a4.v1,0.7807709240326762
Glyma.02G293200.Wm82.a4.v1,0.7806926576334198
Glyma.18G138900.Wm82.a4.v1,0.7806926576334198
Glyma.12G079400.Wm82.a4.v1,0.7806437411338845
Glyma.11G001500.Wm82.a4.v1,0.7806241745340703
Glyma.13G309700.Wm82.a4.v1,0.7806046079342562
Glyma.06G024200.Wm82.a4.v1,0.7805752580345351
Glyma.20G219300.Wm82.a4.v1,0.7805410164848603
Glyma.05G241800.Wm82.a4.v1,0.7805361248349069
Glyma.09G097600.Wm82.a4.v1,0.7805361248349069
Glyma.01G169100.Wm82.a4.v1,0.7805263415349998
Glyma.13G355400.Wm82.a4.v1,0.7805214498850462
Glyma.02G102000.Wm82.a4.v1,0.7805018832852321
Glyma.09G089500.Wm82.a4.v1,0.7804529667856969
Glyma.11G152500.Wm82.a4.v1,0.7804187252360221
Glyma.06G124900.Wm82.a4.v1,0.7804089419361151
Glyma.16G152500.Wm82.a4.v1,0.7803502421366727
Glyma.16G208700.Wm82.a4.v1,0.7803306755368585
Glyma.19G142100.Wm82.a4.v1,0.7803306755368585
Glyma.19G001500.Wm82.a4.v1,0.7803111089370445
Glyma.18G041200.Wm82.a4.v1,0.7803013256371374
Glyma.04G209900.Wm82.a4.v1,0.7802915423372303
Glyma.01G132500.Wm82.a4.v1,0.7802817590373233
Glyma.13G170000.Wm82.a4.v1,0.7801986009881133
Glyma.02G073600.Wm82.a4.v1,0.7801888176882062
Glyma.19G068300.Wm82.a4.v1,0.7801545761385316
Glyma.20G158600.Wm82.a4.v1,0.7801545761385316
Glyma.13G187500.Wm82.a4.v1,0.7801350095387174
Glyma.19G077800.Wm82.a4.v1,0.7801301178887639
Glyma.03G153300.Wm82.a4.v1,0.7801154429389033
Glyma.20G014300.Wm82.a4.v1,0.7801154429389033
Glyma.08G014000.Wm82.a4.v1,0.7800029349899721
Glyma.18G152400.Wm82.a4.v1,0.7799686934402974
Glyma.10G289200.Wm82.a4.v1,0.7799638017903439
Glyma.10G233400.Wm82.a4.v1,0.7799491268404833
Glyma.17G245000.Wm82.a4.v1,0.7799344518906227
Glyma.13G256800.Wm82.a4.v1,0.7799344518906227
Glyma.13G363100.Wm82.a4.v1,0.779900210340948
Glyma.18G225700.Wm82.a4.v1,0.779826835591645
Glyma.07G134800.Wm82.a4.v1,0.7798219439416916
Glyma.19G173300.Wm82.a4.v1,0.7798121606417845
Glyma.18G221600.Wm82.a4.v1,0.7797925940419703
Glyma.17G258700.Wm82.a4.v1,0.7797632441422492
Glyma.01G045700.Wm82.a4.v1,0.7797290025925745
Glyma.20G238800.Wm82.a4.v1,0.7796751944430856
Glyma.15G155300.Wm82.a4.v1,0.7796042655187595
Glyma.13G369900.Wm82.a4.v1,0.7795969280438292
Glyma.02G128900.Wm82.a4.v1,0.7795920363938756
Glyma.05G112600.Wm82.a4.v1,0.779577361444015
Glyma.11G137100.Wm82.a4.v1,0.7795724697940616
Glyma.11G073600.Wm82.a4.v1,0.779557794844201
Glyma.04G104800.Wm82.a4.v1,0.779557794844201
Glyma.17G197700.Wm82.a4.v1,0.7795480115442939
Glyma.09G046800.Wm82.a4.v1,0.7794599618451303
Glyma.07G191000.Wm82.a4.v1,0.7794403952453163
Glyma.06G306700.Wm82.a4.v1,0.779401262045688
Glyma.09G197700.Wm82.a4.v1,0.779401262045688
Glyma.07G026800.Wm82.a4.v1,0.779391478745781
Glyma.02G251100.Wm82.a4.v1,0.7793132123465245
Glyma.18G139700.Wm82.a4.v1,0.7792740791468963
Glyma.04G235100.Wm82.a4.v1,0.7792691874969427
Glyma.20G177800.Wm82.a4.v1,0.7792642958469892
Glyma.17G231700.Wm82.a4.v1,0.7792545125470821
Glyma.16G117400.Wm82.a4.v1,0.7792153793474539
Glyma.17G073500.Wm82.a4.v1,0.7792153793474539
Glyma.20G158400.Wm82.a4.v1,0.7791860294477327
Glyma.17G219500.Wm82.a4.v1,0.7791175463483833
Glyma.14G113600.Wm82.a4.v1,0.7790930880986157
Glyma.20G144600.Wm82.a4.v1,0.7790881964486621
Glyma.13G176900.Wm82.a4.v1,0.7790441715990803
Glyma.04G022660.Wm82.a4.v1,0.7790441715990803
Glyma.02G223300.Wm82.a4.v1,0.7790392799491268
Glyma.08G211700.Wm82.a4.v1,0.7790148216993592
Glyma.13G356200.Wm82.a4.v1,0.7790099300494057
Glyma.17G223800.Wm82.a4.v1,0.778995255099545
Glyma.04G054000.Wm82.a4.v1,0.7789512302499633
Glyma.09G035600.Wm82.a4.v1,0.7789316636501492
Glyma.13G330000.Wm82.a4.v1,0.7788974221004745
Glyma.10G231600.Wm82.a4.v1,0.7788827471506139
Glyma.04G229400.Wm82.a4.v1,0.7788680722007533
Glyma.07G212300.Wm82.a4.v1,0.778809372401311
Glyma.13G040500.Wm82.a4.v1,0.7787849141515433
Glyma.03G256200.Wm82.a4.v1,0.7787653475517292
Glyma.07G124300.Wm82.a4.v1,0.7787604559017757
Glyma.18G118100.Wm82.a4.v1,0.7787555642518221
Glyma.09G117600.Wm82.a4.v1,0.7787115394022404
Glyma.12G017800.Wm82.a4.v1,0.7787115394022404
Glyma.05G242300.Wm82.a4.v1,0.7787115394022404
Glyma.02G097000.Wm82.a4.v1,0.7786821895025192
Glyma.01G175100.Wm82.a4.v1,0.7786772978525657
Glyma.17G041500.Wm82.a4.v1,0.7786185980531233
Glyma.18G001500.Wm82.a4.v1,0.7786088147532163
Glyma.10G106500.Wm82.a4.v1,0.7785060901041921
Glyma.13G294700.Wm82.a4.v1,0.7785060901041921
Glyma.13G115800.Wm82.a4.v1,0.778496306804285
Glyma.10G140700.Wm82.a4.v1,0.7784571736046568
Glyma.17G043300.Wm82.a4.v1,0.7784180404050286
Glyma.06G051400.Wm82.a4.v1,0.7783837988553539
Glyma.03G243800.Wm82.a4.v1,0.7783837988553539
Glyma.19G138700.Wm82.a4.v1,0.7782908575062368
Glyma.13G215900.Wm82.a4.v1,0.7782859658562833
Glyma.09G246100.Wm82.a4.v1,0.7781979161571198
Glyma.09G168500.Wm82.a4.v1,0.7781979161571198
Glyma.13G278500.Wm82.a4.v1,0.7781881328572128
Glyma.20G009700.Wm82.a4.v1,0.7781783495573057
Glyma.01G006400.Wm82.a4.v1,0.7781489996575846
Glyma.09G259200.Wm82.a4.v1,0.7781098664579563
Glyma.07G139100.Wm82.a4.v1,0.7780805165582351
Glyma.08G142000.Wm82.a4.v1,0.7780805165582351
Glyma.05G219700.Wm82.a4.v1,0.7780658416083746
Glyma.13G172900.Wm82.a4.v1,0.777987575209118
Glyma.19G232000.Wm82.a4.v1,0.777977791909211
Glyma.15G035900.Wm82.a4.v1,0.7779435503595362
Glyma.18G235600.Wm82.a4.v1,0.7779386587095828
Glyma.18G232000.Wm82.a4.v1,0.7779093088098615
Glyma.04G033200.Wm82.a4.v1,0.7778897422100475
Glyma.11G220500.Wm82.a4.v1,0.7778750672601868
Glyma.20G238600.Wm82.a4.v1,0.7778506090104192
Glyma.03G075500.Wm82.a4.v1,0.7778310424106051
Glyma.12G188600.Wm82.a4.v1,0.7778310424106051
Glyma.02G045400.Wm82.a4.v1,0.7777723426111628
Glyma.05G181000.Wm82.a4.v1,0.7777527760113486
Glyma.18G246700.Wm82.a4.v1,0.7776940762119062
Glyma.09G249900.Wm82.a4.v1,0.7776891845619528
Glyma.01G015300.Wm82.a4.v1,0.7776842929119993
Glyma.11G245800.Wm82.a4.v1,0.7776842929119993
Glyma.14G004600.Wm82.a4.v1,0.777654943012278
Glyma.02G229400.Wm82.a4.v1,0.7776158098126498
Glyma.12G223300.Wm82.a4.v1,0.7775962432128357
Glyma.16G111400.Wm82.a4.v1,0.7775840140879519
Glyma.19G000300.Wm82.a4.v1,0.7775473267133004
Glyma.18G040400.Wm82.a4.v1,0.777488626913858
Glyma.05G139700.Wm82.a4.v1,0.777469060314044
Glyma.10G019300.Wm82.a4.v1,0.7774397104143228
Glyma.20G221000.Wm82.a4.v1,0.7774299271144157
Glyma.14G090000.Wm82.a4.v1,0.7774299271144157
Glyma.18G275700.Wm82.a4.v1,0.7774103605146016
Glyma.03G172200.Wm82.a4.v1,0.7774103605146016
Glyma.06G322700.Wm82.a4.v1,0.7773761189649269
Glyma.04G074500.Wm82.a4.v1,0.7773761189649269
Glyma.09G257900.Wm82.a4.v1,0.7773076358655775
Glyma.13G275400.Wm82.a4.v1,0.7772440444161816
Glyma.04G227300.Wm82.a4.v1,0.7772098028665069
Glyma.06G117400.Wm82.a4.v1,0.7771706696668786
Glyma.10G119200.Wm82.a4.v1,0.7771657780169251
Glyma.07G257700.Wm82.a4.v1,0.777136428117204
Glyma.09G161300.Wm82.a4.v1,0.7771168615173898
Glyma.02G165100.Wm82.a4.v1,0.7771070782174827
Glyma.05G199000.Wm82.a4.v1,0.7770924032676222
Glyma.15G013300.Wm82.a4.v1,0.7770826199677151
Glyma.02G234200.Wm82.a4.v1,0.7770777283177616
Glyma.16G062200.Wm82.a4.v1,0.777063053367901
Glyma.06G185100.Wm82.a4.v1,0.7770239201682727
Glyma.18G260400.Wm82.a4.v1,0.7770092452184122
Glyma.20G103100.Wm82.a4.v1,0.7770067993934354
Glyma.17G135400.Wm82.a4.v1,0.7769114122193416
Glyma.04G223500.Wm82.a4.v1,0.776906520569388
Glyma.17G094000.Wm82.a4.v1,0.7769016289194345
Glyma.14G074900.Wm82.a4.v1,0.7768331458200851
Glyma.01G220300.Wm82.a4.v1,0.7768331458200851
Glyma.19G249200.Wm82.a4.v1,0.7767597710707822
Glyma.07G268200.Wm82.a4.v1,0.7767597710707822
Glyma.08G237400.Wm82.a4.v1,0.7767353128210145
Glyma.16G211200.Wm82.a4.v1,0.7767108545712469
Glyma.10G068900.Wm82.a4.v1,0.7767010712713398
Glyma.06G108900.Wm82.a4.v1,0.7766961796213863
Glyma.11G036800.Wm82.a4.v1,0.7766619380717116
Glyma.05G196700.Wm82.a4.v1,0.776657046421758
Glyma.07G062100.Wm82.a4.v1,0.7766276965220369
Glyma.01G168600.Wm82.a4.v1,0.7765836716724551
Glyma.09G233300.Wm82.a4.v1,0.7765689967225945
Glyma.03G020700.Wm82.a4.v1,0.7765396468228734
Glyma.02G240800.Wm82.a4.v1,0.7764613804236169
Glyma.12G116100.Wm82.a4.v1,0.7764467054737563
Glyma.12G058200.Wm82.a4.v1,0.7764124639240816
Glyma.06G320900.Wm82.a4.v1,0.7763831140243604
Glyma.11G178255.Wm82.a4.v1,0.7763537641246392
Glyma.05G061500.Wm82.a4.v1,0.7763488724746858
Glyma.14G060100.Wm82.a4.v1,0.7763390891747787
Glyma.19G053500.Wm82.a4.v1,0.7763097392750575
Glyma.02G094900.Wm82.a4.v1,0.7762852810252898
Glyma.04G099900.Wm82.a4.v1,0.7762852810252898
Glyma.04G163600.Wm82.a4.v1,0.7762608227755222
Glyma.01G148100.Wm82.a4.v1,0.7762363645257545
Glyma.01G016400.Wm82.a4.v1,0.7762021229760798
Glyma.16G053500.Wm82.a4.v1,0.7761874480262192
Glyma.08G121100.Wm82.a4.v1,0.7761727730763587
Glyma.02G051500.Wm82.a4.v1,0.776138531526684
Glyma.08G114600.Wm82.a4.v1,0.7761336398767305
Glyma.13G278800.Wm82.a4.v1,0.7761336398767305
Glyma.17G047000.Wm82.a4.v1,0.7760064569779387
Glyma.20G013600.Wm82.a4.v1,0.7760015653279851
Glyma.19G185200.Wm82.a4.v1,0.775981998728171
Glyma.08G119900.Wm82.a4.v1,0.7759330822286358
Glyma.16G145700.Wm82.a4.v1,0.7759330822286358
Glyma.15G232800.Wm82.a4.v1,0.7759281905786822
Glyma.19G215800.Wm82.a4.v1,0.7758694907792398
Glyma.16G222000.Wm82.a4.v1,0.7758597074793327
Glyma.19G218000.Wm82.a4.v1,0.7758548158293792
Glyma.03G251900.Wm82.a4.v1,0.7758499241794257
Glyma.01G132400.Wm82.a4.v1,0.7758450325294722
Glyma.17G102800.Wm82.a4.v1,0.7757912243799834
Glyma.09G079000.Wm82.a4.v1,0.7757667661302157
Glyma.06G317700.Wm82.a4.v1,0.7757423078804481
Glyma.08G355500.Wm82.a4.v1,0.775732524580541
Glyma.09G137000.Wm82.a4.v1,0.775732524580541
Glyma.02G135400.Wm82.a4.v1,0.7756542581812845
Glyma.09G183100.Wm82.a4.v1,0.7756297999315169
Glyma.10G150000.Wm82.a4.v1,0.7755466418823069
Glyma.04G191800.Wm82.a4.v1,0.7754537005331898
Glyma.13G254500.Wm82.a4.v1,0.7754488088832363
Glyma.13G181700.Wm82.a4.v1,0.7754439172332828
Glyma.14G039600.Wm82.a4.v1,0.7754390255833292
Glyma.13G222500.Wm82.a4.v1,0.7753901090837939
Glyma.12G220600.Wm82.a4.v1,0.7753852174338405
Glyma.06G227200.Wm82.a4.v1,0.7753754341339334
Glyma.11G082000.Wm82.a4.v1,0.7753509758841657
Glyma.03G110500.Wm82.a4.v1,0.7752873844347699
Glyma.10G067400.Wm82.a4.v1,0.7752727094849092
Glyma.20G055200.Wm82.a4.v1,0.7752629261850023
Glyma.19G130200.Wm82.a4.v1,0.7752580345350487
Glyma.03G263700.Wm82.a4.v1,0.7752531428850952
Glyma.02G125400.Wm82.a4.v1,0.7752189013354205
Glyma.08G330200.Wm82.a4.v1,0.7752189013354205
Glyma.01G102600.Wm82.a4.v1,0.7751846597857457
Glyma.18G278400.Wm82.a4.v1,0.7751699848358852
Glyma.20G096900.Wm82.a4.v1,0.7751553098860245
Glyma.19G097400.Wm82.a4.v1,0.775150418236071
Glyma.18G298500.Wm82.a4.v1,0.7751063933864892
Glyma.20G105400.Wm82.a4.v1,0.7750966100865821
Glyma.16G179900.Wm82.a4.v1,0.7750819351367216
Glyma.18G234200.Wm82.a4.v1,0.7750330186371863
Glyma.09G151900.Wm82.a4.v1,0.7750281269872328
Glyma.12G114000.Wm82.a4.v1,0.7750232353372792
Glyma.14G089600.Wm82.a4.v1,0.7750232353372792
Glyma.18G211400.Wm82.a4.v1,0.7749449689380228
Glyma.16G207400.Wm82.a4.v1,0.7749449689380228
Glyma.06G288900.Wm82.a4.v1,0.7749400772880692
Glyma.15G157800.Wm82.a4.v1,0.7749205106882552
Glyma.20G121300.Wm82.a4.v1,0.7748960524384875
Glyma.20G092900.Wm82.a4.v1,0.7748862691385805
Glyma.05G031900.Wm82.a4.v1,0.7748520275889057
Glyma.07G272200.Wm82.a4.v1,0.7748471359389522
Glyma.06G306800.Wm82.a4.v1,0.7748373526390452
Glyma.11G130100.Wm82.a4.v1,0.7747884361395099
Glyma.15G110000.Wm82.a4.v1,0.7747590862397887
Glyma.20G231000.Wm82.a4.v1,0.7747541945898352
Glyma.17G062900.Wm82.a4.v1,0.7747101697402534
Glyma.19G263400.Wm82.a4.v1,0.7747003864403463
Glyma.10G136100.Wm82.a4.v1,0.7746808198405322
Glyma.20G152200.Wm82.a4.v1,0.7746367949909504
Glyma.13G359600.Wm82.a4.v1,0.7745976617913222
Glyma.12G220000.Wm82.a4.v1,0.7745193953920657
Glyma.08G035200.Wm82.a4.v1,0.7744998287922517
Glyma.13G213600.Wm82.a4.v1,0.7744704788925304
Glyma.14G134800.Wm82.a4.v1,0.7744460206427628
Glyma.17G225800.Wm82.a4.v1,0.7744411289928093
Glyma.06G162900.Wm82.a4.v1,0.7744215623929952
Glyma.13G192100.Wm82.a4.v1,0.774382429193367
Glyma.11G058900.Wm82.a4.v1,0.774382429193367
Glyma.08G094200.Wm82.a4.v1,0.7743726458934599
Glyma.18G007700.Wm82.a4.v1,0.7742894878442499
Glyma.10G213300.Wm82.a4.v1,0.7742797045443428
Glyma.05G031300.Wm82.a4.v1,0.7742650295944822
Glyma.03G017800.Wm82.a4.v1,0.7742063297950399
Glyma.08G193000.Wm82.a4.v1,0.7741720882453652
Glyma.07G204700.Wm82.a4.v1,0.774142738345644
Glyma.10G223800.Wm82.a4.v1,0.774142738345644
Glyma.10G002500.Wm82.a4.v1,0.7741280633957834
Glyma.14G142900.Wm82.a4.v1,0.774069363596341
Glyma.06G177600.Wm82.a4.v1,0.7740644719463875
Glyma.01G173050.Wm82.a4.v1,0.7740204470968057
Glyma.15G181800.Wm82.a4.v1,0.7739910971970846
Glyma.13G213500.Wm82.a4.v1,0.773986205547131
Glyma.17G176300.Wm82.a4.v1,0.7739715305972704
Glyma.07G047100.Wm82.a4.v1,0.7739641931223402
Glyma.14G023700.Wm82.a4.v1,0.7739519639974564
Glyma.18G113100.Wm82.a4.v1,0.7739128307978281
Glyma.10G238300.Wm82.a4.v1,0.7738492393484322
Glyma.13G335300.Wm82.a4.v1,0.7738443476984787
Glyma.16G040900.Wm82.a4.v1,0.7738149977987575
Glyma.13G245900.Wm82.a4.v1,0.7738003228488969
Glyma.03G233500.Wm82.a4.v1,0.7737611896492687
Glyma.17G074500.Wm82.a4.v1,0.7737562979993152
Glyma.08G118400.Wm82.a4.v1,0.7737514063493617
Glyma.15G121500.Wm82.a4.v1,0.7737171647996869
Glyma.12G095700.Wm82.a4.v1,0.7737122731497335
Glyma.02G192200.Wm82.a4.v1,0.7737024898498264
Glyma.01G023700.Wm82.a4.v1,0.7736731399501051
Glyma.18G229900.Wm82.a4.v1,0.7736584650002446
Glyma.07G198900.Wm82.a4.v1,0.7736388984004304
Glyma.01G001700.Wm82.a4.v1,0.7736193318006164
Glyma.15G276300.Wm82.a4.v1,0.7736095485007093
Glyma.08G030200.Wm82.a4.v1,0.7736046568507557
Glyma.09G070500.Wm82.a4.v1,0.7735899819008951
Glyma.05G138900.Wm82.a4.v1,0.7735899819008951
Glyma.06G042100.Wm82.a4.v1,0.7735850902509417
Glyma.04G164200.Wm82.a4.v1,0.7735655236511275
Glyma.08G289100.Wm82.a4.v1,0.7735557403512204
Glyma.13G207900.Wm82.a4.v1,0.7734725823020104
Glyma.20G108900.Wm82.a4.v1,0.7734530157021964
Glyma.07G184500.Wm82.a4.v1,0.7734236658024751
Glyma.06G172900.Wm82.a4.v1,0.7734236658024751
Glyma.16G008900.Wm82.a4.v1,0.7734114366775914
Glyma.14G091600.Wm82.a4.v1,0.7733992075527075
Glyma.13G119900.Wm82.a4.v1,0.7733747493029399
Glyma.06G069200.Wm82.a4.v1,0.773311157853544
Glyma.16G009100.Wm82.a4.v1,0.7732818079538228
Glyma.03G143400.Wm82.a4.v1,0.7732622413540087
Glyma.02G015900.Wm82.a4.v1,0.7732573497040551
Glyma.07G150100.Wm82.a4.v1,0.7732377831042411
Glyma.01G053800.Wm82.a4.v1,0.7732231081543804
Glyma.07G120500.Wm82.a4.v1,0.7732231081543804
Glyma.02G202300.Wm82.a4.v1,0.7731986499046128
Glyma.09G181300.Wm82.a4.v1,0.7731937582546593
Glyma.05G163100.Wm82.a4.v1,0.7731937582546593
Glyma.07G239000.Wm82.a4.v1,0.7731790833047987
Glyma.15G081600.Wm82.a4.v1,0.7731741916548451
Glyma.19G246400.Wm82.a4.v1,0.7731497334050775
Glyma.20G159000.Wm82.a4.v1,0.7731497334050775
Glyma.07G256800.Wm82.a4.v1,0.7731106002054493
Glyma.11G099700.Wm82.a4.v1,0.7731008169055422
Glyma.08G167600.Wm82.a4.v1,0.7730812503057282
Glyma.08G122000.Wm82.a4.v1,0.7730225505062858
Glyma.06G187600.Wm82.a4.v1,0.7730225505062858
Glyma.14G212800.Wm82.a4.v1,0.7730029839064717
Glyma.10G045800.Wm82.a4.v1,0.7729980922565182
Glyma.08G163700.Wm82.a4.v1,0.7729834173066575
Glyma.06G002900.Wm82.a4.v1,0.772978525656704
Glyma.14G045600.Wm82.a4.v1,0.7729442841070293
Glyma.05G195300.Wm82.a4.v1,0.7728855843075869
Glyma.01G133400.Wm82.a4.v1,0.7728806926576334
Glyma.19G173100.Wm82.a4.v1,0.7728464511079587
Glyma.06G300900.Wm82.a4.v1,0.7728317761580982
Glyma.08G201300.Wm82.a4.v1,0.7728268845081446
Glyma.09G172200.Wm82.a4.v1,0.7727975346084234
Glyma.20G183100.Wm82.a4.v1,0.7727877513085164
Glyma.09G256402.Wm82.a4.v1,0.7727535097588416
Glyma.05G064300.Wm82.a4.v1,0.7727437264589346
Glyma.04G006200.Wm82.a4.v1,0.7727241598591205
Glyma.10G047800.Wm82.a4.v1,0.7727045932593064
Glyma.02G024500.Wm82.a4.v1,0.7726850266594922
Glyma.19G009400.Wm82.a4.v1,0.7726703517096316
Glyma.02G232800.Wm82.a4.v1,0.7726312185100034
Glyma.02G010500.Wm82.a4.v1,0.7726116519101893
Glyma.12G173600.Wm82.a4.v1,0.7725725187105611
Glyma.10G243300.Wm82.a4.v1,0.7725333855109329
Glyma.02G137200.Wm82.a4.v1,0.7725333855109329
Glyma.12G091900.Wm82.a4.v1,0.7725187105610722
Glyma.07G127800.Wm82.a4.v1,0.7724844690113976
Glyma.07G035900.Wm82.a4.v1,0.7724771315364672
Glyma.10G156900.Wm82.a4.v1,0.7724746857114905
Glyma.09G258000.Wm82.a4.v1,0.7724722398865137
Glyma.11G245500.Wm82.a4.v1,0.7724159859120482
Glyma.01G179900.Wm82.a4.v1,0.7724110942620946
Glyma.04G214600.Wm82.a4.v1,0.7723866360123269
Glyma.01G033200.Wm82.a4.v1,0.7723866360123269
Glyma.11G191100.Wm82.a4.v1,0.7723866360123269
Glyma.17G178700.Wm82.a4.v1,0.7723817443623734
Glyma.19G010200.Wm82.a4.v1,0.7723572861126058
Glyma.09G004400.Wm82.a4.v1,0.7723426111627452
Glyma.03G250400.Wm82.a4.v1,0.7723279362128846
Glyma.05G186500.Wm82.a4.v1,0.7722839113633029
Glyma.20G240300.Wm82.a4.v1,0.7722692364134423
Glyma.13G299900.Wm82.a4.v1,0.7722545614635816
Glyma.07G223100.Wm82.a4.v1,0.7722496698136281
Glyma.04G121300.Wm82.a4.v1,0.7722447781636746
Glyma.17G063600.Wm82.a4.v1,0.7722349948637676
Glyma.17G150100.Wm82.a4.v1,0.772230103213814
Glyma.08G212600.Wm82.a4.v1,0.7722105366139999
Glyma.03G012900.Wm82.a4.v1,0.7721714034143716
Glyma.08G273200.Wm82.a4.v1,0.7721371618646969
Glyma.04G018200.Wm82.a4.v1,0.7721029203150223
Glyma.02G106900.Wm82.a4.v1,0.7720833537152081
Glyma.06G035000.Wm82.a4.v1,0.7720344372156729
Glyma.06G214700.Wm82.a4.v1,0.7720246539157658
Glyma.15G040600.Wm82.a4.v1,0.7720197622658123
Glyma.10G022200.Wm82.a4.v1,0.7719659541163234
Glyma.19G069300.Wm82.a4.v1,0.7719561708164164
Glyma.05G102600.Wm82.a4.v1,0.7719317125666487
Glyma.13G264600.Wm82.a4.v1,0.7719170376167881
Glyma.03G018700.Wm82.a4.v1,0.7719072543168811
Glyma.09G150500.Wm82.a4.v1,0.7718436628674852
Glyma.11G155100.Wm82.a4.v1,0.7718240962676711
Glyma.03G027600.Wm82.a4.v1,0.7717947463679499
Glyma.05G025000.Wm82.a4.v1,0.7717653964682287
Glyma.14G106500.Wm82.a4.v1,0.7717360465685076
Glyma.14G137200.Wm82.a4.v1,0.771721371618647
Glyma.10G141800.Wm82.a4.v1,0.7717018050188329
Glyma.01G081100.Wm82.a4.v1,0.7716871300689723
Glyma.16G114800.Wm82.a4.v1,0.7716773467690652
Glyma.16G094000.Wm82.a4.v1,0.7716773467690652
Glyma.09G160200.Wm82.a4.v1,0.7716577801692511
Glyma.03G228100.Wm82.a4.v1,0.771647996869344
Glyma.05G018800.Wm82.a4.v1,0.771638213569437
Glyma.11G052100.Wm82.a4.v1,0.7716235386195763
Glyma.15G236300.Wm82.a4.v1,0.7715599471701805
Glyma.10G210900.Wm82.a4.v1,0.7714572225211563
Glyma.05G157600.Wm82.a4.v1,0.7714327642713887
Glyma.01G208600.Wm82.a4.v1,0.7714327642713887
Glyma.14G035900.Wm82.a4.v1,0.7714278726214352
Glyma.19G117700.Wm82.a4.v1,0.7714229809714817
Glyma.01G164000.Wm82.a4.v1,0.7714083060216211
Glyma.18G147100.Wm82.a4.v1,0.7713936310717605
Glyma.20G001300.Wm82.a4.v1,0.7713789561218999
Glyma.16G194400.Wm82.a4.v1,0.7711294819742699
Glyma.18G213500.Wm82.a4.v1,0.7711245903243164
Glyma.19G235100.Wm82.a4.v1,0.7711196986743628
Glyma.18G029500.Wm82.a4.v1,0.7710658905248741
Glyma.09G016700.Wm82.a4.v1,0.7710658905248741
Glyma.06G015000.Wm82.a4.v1,0.7710658905248741
Glyma.08G033600.Wm82.a4.v1,0.7710463239250599
Glyma.03G078700.Wm82.a4.v1,0.7709827324756641
Glyma.01G242800.Wm82.a4.v1,0.7709827324756641
Glyma.19G043901.Wm82.a4.v1,0.7709631658758499
Glyma.18G139100.Wm82.a4.v1,0.7709631658758499
Glyma.04G057400.Wm82.a4.v1,0.7709533825759428
Glyma.19G080600.Wm82.a4.v1,0.7709093577263612
Glyma.18G171100.Wm82.a4.v1,0.7708751161766864
Glyma.15G038600.Wm82.a4.v1,0.7708604412268258
Glyma.19G234400.Wm82.a4.v1,0.7708261996771512
Glyma.01G164400.Wm82.a4.v1,0.7708213080271976
Glyma.16G216200.Wm82.a4.v1,0.7708115247272905
Glyma.10G173000.Wm82.a4.v1,0.7707919581274764
Glyma.02G065000.Wm82.a4.v1,0.7707870664775228
Glyma.14G044700.Wm82.a4.v1,0.7707381499779876
Glyma.09G167900.Wm82.a4.v1,0.7707136917282199
Glyma.08G104500.Wm82.a4.v1,0.7707039084283128
Glyma.06G115300.Wm82.a4.v1,0.7706990167783594
Glyma.05G117900.Wm82.a4.v1,0.7706990167783594
Glyma.05G216700.Wm82.a4.v1,0.7706892334784523
Glyma.05G140400.Wm82.a4.v1,0.7706745585285917
Glyma.20G021600.Wm82.a4.v1,0.7706696668786381
Glyma.17G230500.Wm82.a4.v1,0.7706501002788241
Glyma.18G045100.Wm82.a4.v1,0.7706354253289635
Glyma.05G240200.Wm82.a4.v1,0.7706158587291494
Glyma.11G230200.Wm82.a4.v1,0.7706109670791959
Glyma.07G012600.Wm82.a4.v1,0.7706109670791959
Glyma.19G250700.Wm82.a4.v1,0.7706011837792888
Glyma.09G225600.Wm82.a4.v1,0.7705767255295211
Glyma.13G287300.Wm82.a4.v1,0.7705767255295211
Glyma.20G114300.Wm82.a4.v1,0.7705767255295211
Glyma.19G046800.Wm82.a4.v1,0.7705522672797535
Glyma.16G102300.Wm82.a4.v1,0.7705082424301717
Glyma.13G184800.Wm82.a4.v1,0.7704348676808688
Glyma.12G241900.Wm82.a4.v1,0.7704055177811476
Glyma.12G227500.Wm82.a4.v1,0.7703957344812405
Glyma.09G123600.Wm82.a4.v1,0.7703566012816123
Glyma.17G052800.Wm82.a4.v1,0.7703419263317517
Glyma.20G074700.Wm82.a4.v1,0.770307684782077
Glyma.01G052600.Wm82.a4.v1,0.7702881181822628
Glyma.11G253500.Wm82.a4.v1,0.7702636599324952
Glyma.10G001600.Wm82.a4.v1,0.7702147434329599
Glyma.08G019300.Wm82.a4.v1,0.7702000684830993
Glyma.05G149300.Wm82.a4.v1,0.7701902851831923
Glyma.04G189900.Wm82.a4.v1,0.7701853935332388
Glyma.03G165400.Wm82.a4.v1,0.7701462603336106
Glyma.08G360200.Wm82.a4.v1,0.7701022354840288
Glyma.01G222700.Wm82.a4.v1,0.7701022354840288
Glyma.12G080900.Wm82.a4.v1,0.7700973438340752
Glyma.01G086600.Wm82.a4.v1,0.7700826688842146
Glyma.12G218300.Wm82.a4.v1,0.770058210634447
Glyma.04G039200.Wm82.a4.v1,0.7700533189844935
Glyma.16G217100.Wm82.a4.v1,0.7700533189844935
Glyma.09G173400.Wm82.a4.v1,0.7699799442351906
Glyma.06G054300.Wm82.a4.v1,0.7699554859854228
Glyma.20G239100.Wm82.a4.v1,0.7699261360857017
Glyma.15G213200.Wm82.a4.v1,0.7699261360857017
Glyma.09G224100.Wm82.a4.v1,0.7699261360857017
Glyma.20G188900.Wm82.a4.v1,0.7698967861859806
Glyma.01G023600.Wm82.a4.v1,0.7698870028860735
Glyma.11G235200.Wm82.a4.v1,0.7698674362862593
Glyma.11G223700.Wm82.a4.v1,0.7698527613363988
Glyma.09G192500.Wm82.a4.v1,0.7698429780364917
Glyma.19G199500.Wm82.a4.v1,0.7697793865870959
Glyma.16G091200.Wm82.a4.v1,0.7697744949371423
Glyma.19G206300.Wm82.a4.v1,0.7697696032871888
Glyma.06G183700.Wm82.a4.v1,0.7697598199872817
Glyma.19G021500.Wm82.a4.v1,0.7697598199872817
Glyma.07G088500.Wm82.a4.v1,0.7697451450374211
Glyma.02G141000.Wm82.a4.v1,0.7697280242625838
Glyma.13G136900.Wm82.a4.v1,0.769725578437607
Glyma.18G184500.Wm82.a4.v1,0.7696864452379788
Glyma.10G017600.Wm82.a4.v1,0.7696473120383506
Glyma.02G153700.Wm82.a4.v1,0.76963263708849
Glyma.10G002300.Wm82.a4.v1,0.7696081788387223
Glyma.18G056300.Wm82.a4.v1,0.7695837205889546
Glyma.04G087800.Wm82.a4.v1,0.7695788289390011
Glyma.09G243200.Wm82.a4.v1,0.7695788289390011
Glyma.09G114500.Wm82.a4.v1,0.7695690456390941
Glyma.15G112600.Wm82.a4.v1,0.769559262339187
Glyma.08G103100.Wm82.a4.v1,0.7695543706892335
Glyma.05G175600.Wm82.a4.v1,0.7695152374896053
Glyma.08G007100.Wm82.a4.v1,0.7695005625397446
Glyma.10G117100.Wm82.a4.v1,0.7694565376901629
Glyma.16G091002.Wm82.a4.v1,0.7694516460402093
Glyma.10G269700.Wm82.a4.v1,0.7694467543902558
Glyma.13G114300.Wm82.a4.v1,0.7694467543902558
Glyma.17G110800.Wm82.a4.v1,0.7694271877904417
Glyma.10G180700.Wm82.a4.v1,0.7694174044905346
Glyma.02G219400.Wm82.a4.v1,0.7694125128405811
Glyma.17G084500.Wm82.a4.v1,0.7694027295406741
Glyma.10G102100.Wm82.a4.v1,0.7693489213911853
Glyma.02G118800.Wm82.a4.v1,0.7693440297412317
Glyma.17G148800.Wm82.a4.v1,0.7692853299417893
Glyma.20G121100.Wm82.a4.v1,0.7692755466418824
Glyma.01G002100.Wm82.a4.v1,0.7692657633419753
Glyma.13G274800.Wm82.a4.v1,0.7692608716920217
Glyma.17G128300.Wm82.a4.v1,0.7692559800420682
Glyma.06G156000.Wm82.a4.v1,0.7692559800420682
Glyma.04G239800.Wm82.a4.v1,0.7692559800420682
Glyma.12G155900.Wm82.a4.v1,0.7692217384923935
Glyma.07G259000.Wm82.a4.v1,0.7691777136428117
Glyma.16G207800.Wm82.a4.v1,0.7691630386929511
Glyma.13G366200.Wm82.a4.v1,0.7691483637430906
Glyma.20G234500.Wm82.a4.v1,0.7691287971432764
Glyma.11G019300.Wm82.a4.v1,0.7691239054933229
Glyma.10G211600.Wm82.a4.v1,0.7691092305434624
Glyma.20G181000.Wm82.a4.v1,0.7691043388935088
Glyma.04G038400.Wm82.a4.v1,0.7690896639436482
Glyma.05G054800.Wm82.a4.v1,0.7690749889937876
Glyma.11G086100.Wm82.a4.v1,0.7690554223939735
Glyma.15G088900.Wm82.a4.v1,0.7690554223939735
Glyma.10G017700.Wm82.a4.v1,0.7690407474441129
Glyma.13G042600.Wm82.a4.v1,0.7690407474441129
Glyma.11G254100.Wm82.a4.v1,0.7690260724942524
Glyma.12G042500.Wm82.a4.v1,0.7690211808442988
Glyma.19G010100.Wm82.a4.v1,0.7690162891943453
Glyma.04G037000.Wm82.a4.v1,0.7690113975443917
Glyma.10G178900.Wm82.a4.v1,0.7690113975443917
Glyma.12G002300.Wm82.a4.v1,0.7689918309445776
Glyma.06G177900.Wm82.a4.v1,0.7689918309445776
Glyma.09G236600.Wm82.a4.v1,0.7689478060949958
Glyma.17G037100.Wm82.a4.v1,0.7689331311451353
Glyma.12G229900.Wm82.a4.v1,0.7689086728953676
Glyma.10G295600.Wm82.a4.v1,0.7688939979455071
Glyma.11G087200.Wm82.a4.v1,0.7688891062955535
Glyma.07G220900.Wm82.a4.v1,0.7688842146456
Glyma.14G216900.Wm82.a4.v1,0.7688059482463435
Glyma.20G132100.Wm82.a4.v1,0.7687961649464364
Glyma.14G058900.Wm82.a4.v1,0.7687912732964829
Glyma.15G107200.Wm82.a4.v1,0.7687765983466223
Glyma.03G009700.Wm82.a4.v1,0.7687081152472729
Glyma.18G130900.Wm82.a4.v1,0.7686934402974123
Glyma.08G173400.Wm82.a4.v1,0.7686885486474588
Glyma.08G021400.Wm82.a4.v1,0.7686738736975982
Glyma.11G103300.Wm82.a4.v1,0.768654307097784
Glyma.08G035800.Wm82.a4.v1,0.768654307097784
Glyma.08G027600.Wm82.a4.v1,0.768654307097784
Glyma.19G152700.Wm82.a4.v1,0.7686249571980629
Glyma.17G107200.Wm82.a4.v1,0.7686200655481094
Glyma.20G060400.Wm82.a4.v1,0.7686200655481094
Glyma.18G133400.Wm82.a4.v1,0.7685858239984347
Glyma.01G034200.Wm82.a4.v1,0.7685809323484811
Glyma.09G245500.Wm82.a4.v1,0.7685564740987135
Glyma.12G027600.Wm82.a4.v1,0.7685320158489458
Glyma.10G123200.Wm82.a4.v1,0.7685075575991782
Glyma.19G139400.Wm82.a4.v1,0.7685075575991782
Glyma.08G331800.Wm82.a4.v1,0.768487990999364
Glyma.17G094800.Wm82.a4.v1,0.7684830993494105
Glyma.06G008300.Wm82.a4.v1,0.7684537494496894
Glyma.13G169200.Wm82.a4.v1,0.7684390744998288
Glyma.15G271500.Wm82.a4.v1,0.7684243995499682
Glyma.17G255500.Wm82.a4.v1,0.7683999413002005
Glyma.06G111400.Wm82.a4.v1,0.76838526635034
Glyma.09G128800.Wm82.a4.v1,0.7683510248006653
Glyma.04G254600.Wm82.a4.v1,0.7683461331507118
Glyma.06G004800.Wm82.a4.v1,0.768321674900944
Glyma.10G146900.Wm82.a4.v1,0.7682972166511765
Glyma.11G032200.Wm82.a4.v1,0.7682483001516411
Glyma.10G165600.Wm82.a4.v1,0.76813579220271
Glyma.07G122800.Wm82.a4.v1,0.7681162256028958
Glyma.13G046000.Wm82.a4.v1,0.7681113339529423
Glyma.18G228400.Wm82.a4.v1,0.7681113339529423
Glyma.11G111900.Wm82.a4.v1,0.7680526341535
Glyma.08G351100.Wm82.a4.v1,0.7680232842537787
Glyma.08G043100.Wm82.a4.v1,0.7679939343540576
Glyma.02G254400.Wm82.a4.v1,0.7679890427041041
Glyma.20G164500.Wm82.a4.v1,0.7679792594041971
Glyma.09G190400.Wm82.a4.v1,0.7679743677542435
Glyma.06G304900.Wm82.a4.v1,0.76796947610429
Glyma.06G290600.Wm82.a4.v1,0.7679156679548012
Glyma.07G133000.Wm82.a4.v1,0.7679058846548941
Glyma.08G135800.Wm82.a4.v1,0.7678912097050336
Glyma.14G017900.Wm82.a4.v1,0.7678520765054053
Glyma.12G001200.Wm82.a4.v1,0.7678471848554518
Glyma.13G124700.Wm82.a4.v1,0.7678325099055912
Glyma.09G059100.Wm82.a4.v1,0.767812943305777
Glyma.16G056600.Wm82.a4.v1,0.76780316000587
Glyma.20G248100.Wm82.a4.v1,0.7677640268062418
Glyma.17G071400.Wm82.a4.v1,0.7677542435063347
Glyma.07G248000.Wm82.a4.v1,0.7677248936066136
Glyma.14G209800.Wm82.a4.v1,0.76772000195666
Glyma.18G204800.Wm82.a4.v1,0.7676759771070782
Glyma.18G259700.Wm82.a4.v1,0.767646627207357
Glyma.12G074900.Wm82.a4.v1,0.767646627207357
Glyma.18G174200.Wm82.a4.v1,0.767646627207357
Glyma.15G154300.Wm82.a4.v1,0.7676417355574036
Glyma.05G043700.Wm82.a4.v1,0.7676417355574036
Glyma.17G073100.Wm82.a4.v1,0.7676319522574965
Glyma.11G006000.Wm82.a4.v1,0.7676270606075429
Glyma.17G118400.Wm82.a4.v1,0.7676123856576823
Glyma.03G171800.Wm82.a4.v1,0.7675977107078218
Glyma.06G056500.Wm82.a4.v1,0.7675928190578682
Glyma.06G172700.Wm82.a4.v1,0.7675928190578682
Glyma.14G103000.Wm82.a4.v1,0.7675463483833097
Glyma.02G156800.Wm82.a4.v1,0.7674998777087512
Glyma.09G120900.Wm82.a4.v1,0.7674754194589836
Glyma.10G201900.Wm82.a4.v1,0.7674607445091229
Glyma.02G110800.Wm82.a4.v1,0.7674411779093088
Glyma.06G040300.Wm82.a4.v1,0.76738736975982
Glyma.06G078600.Wm82.a4.v1,0.7673824781098665
Glyma.05G020100.Wm82.a4.v1,0.7673629115100523
Glyma.08G181700.Wm82.a4.v1,0.7673629115100523
Glyma.13G152372.Wm82.a4.v1,0.7673091033605636
Glyma.10G292100.Wm82.a4.v1,0.7672993200606565
Glyma.01G029800.Wm82.a4.v1,0.7672944284107029
Glyma.08G084800.Wm82.a4.v1,0.7672944284107029
Glyma.09G035700.Wm82.a4.v1,0.7672797534608423
Glyma.05G006800.Wm82.a4.v1,0.7672357286112605
Glyma.01G071300.Wm82.a4.v1,0.7672210536614
Glyma.12G169800.Wm82.a4.v1,0.7671917037616788
Glyma.08G111200.Wm82.a4.v1,0.76713789561219
Glyma.19G136000.Wm82.a4.v1,0.7671330039622365
Glyma.05G168600.Wm82.a4.v1,0.7671085457124688
Glyma.13G143300.Wm82.a4.v1,0.7671085457124688
Glyma.09G212400.Wm82.a4.v1,0.7670791958127476
Glyma.06G290400.Wm82.a4.v1,0.7670791958127476
Glyma.03G003800.Wm82.a4.v1,0.7670743041627941
Glyma.03G252000.Wm82.a4.v1,0.7670302793132123
Glyma.01G227700.Wm82.a4.v1,0.7670278334882356
Glyma.05G170500.Wm82.a4.v1,0.7669911461135841
Glyma.01G225800.Wm82.a4.v1,0.766961796213863
Glyma.13G166100.Wm82.a4.v1,0.7669324463141418
Glyma.05G000800.Wm82.a4.v1,0.7669275546641883
Glyma.08G292700.Wm82.a4.v1,0.7669177713642812
Glyma.16G056900.Wm82.a4.v1,0.7669128797143276
Glyma.14G159100.Wm82.a4.v1,0.7669128797143276
Glyma.02G204700.Wm82.a4.v1,0.7668590715648388
Glyma.08G293600.Wm82.a4.v1,0.7668590715648388
Glyma.12G086600.Wm82.a4.v1,0.7668003717653965
Glyma.06G271800.Wm82.a4.v1,0.766795480115443
Glyma.13G259100.Wm82.a4.v1,0.7667905884654894
Glyma.09G205100.Wm82.a4.v1,0.7667808051655823
Glyma.12G074700.Wm82.a4.v1,0.7667710218656753
Glyma.13G272600.Wm82.a4.v1,0.7667563469158147
Glyma.06G127700.Wm82.a4.v1,0.7667441177909309
Glyma.10G038000.Wm82.a4.v1,0.7666927554664188
Glyma.15G136900.Wm82.a4.v1,0.7666878638164653
Glyma.10G184900.Wm82.a4.v1,0.7666585139167441
Glyma.03G097600.Wm82.a4.v1,0.7665998141173017
Glyma.07G263200.Wm82.a4.v1,0.7665924766423715
Glyma.01G053200.Wm82.a4.v1,0.7665508976177665
Glyma.13G162300.Wm82.a4.v1,0.766546005967813
Glyma.12G208500.Wm82.a4.v1,0.7665362226679059
Glyma.17G260000.Wm82.a4.v1,0.7664530646186959
Glyma.07G099400.Wm82.a4.v1,0.7664530646186959
Glyma.08G239500.Wm82.a4.v1,0.7664432813187888
Glyma.02G282400.Wm82.a4.v1,0.7664383896688353
Glyma.04G023800.Wm82.a4.v1,0.7664334980188817
Glyma.09G170700.Wm82.a4.v1,0.7664188230690212
Glyma.04G055900.Wm82.a4.v1,0.7664139314190677
Glyma.07G151000.Wm82.a4.v1,0.766399256469207
Glyma.02G271500.Wm82.a4.v1,0.7663894731693
Glyma.03G016500.Wm82.a4.v1,0.7663845815193465
Glyma.12G136000.Wm82.a4.v1,0.7663747982194394
Glyma.08G170200.Wm82.a4.v1,0.7663650149195324
Glyma.08G294000.Wm82.a4.v1,0.7663503399696717
Glyma.08G104100.Wm82.a4.v1,0.7663014234701365
Glyma.08G051900.Wm82.a4.v1,0.7662769652203688
Glyma.10G215400.Wm82.a4.v1,0.7662671819204617
Glyma.18G116400.Wm82.a4.v1,0.766232940370787
Glyma.09G099000.Wm82.a4.v1,0.76622315707088
Glyma.02G137600.Wm82.a4.v1,0.7661791322212983
Glyma.15G111500.Wm82.a4.v1,0.7661742405713448
Glyma.11G188900.Wm82.a4.v1,0.7661693489213912
Glyma.04G157200.Wm82.a4.v1,0.7661546739715306
Glyma.12G175400.Wm82.a4.v1,0.7661351073717165
Glyma.15G103700.Wm82.a4.v1,0.7661008658220417
Glyma.19G003000.Wm82.a4.v1,0.7661008658220417
Glyma.10G171700.Wm82.a4.v1,0.7660861908721812
Glyma.03G010900.Wm82.a4.v1,0.7660812992222277
Glyma.02G093900.Wm82.a4.v1,0.7660715159223206
Glyma.12G041100.Wm82.a4.v1,0.7660617326224135
Glyma.03G213802.Wm82.a4.v1,0.7660372743726459
Glyma.13G372300.Wm82.a4.v1,0.7660030328229712
Glyma.01G061800.Wm82.a4.v1,0.765983466223157
Glyma.06G179400.Wm82.a4.v1,0.7659687912732965
Glyma.11G080700.Wm82.a4.v1,0.7659198747737612
Glyma.09G185700.Wm82.a4.v1,0.7659100914738541
Glyma.14G038500.Wm82.a4.v1,0.7659051998239006
Glyma.12G066000.Wm82.a4.v1,0.7658954165239935
Glyma.03G126300.Wm82.a4.v1,0.765880741574133
Glyma.08G363600.Wm82.a4.v1,0.7658171501247371
Glyma.03G160600.Wm82.a4.v1,0.7657682336252017
Glyma.03G208700.Wm82.a4.v1,0.7657486670253877
Glyma.05G220000.Wm82.a4.v1,0.7657095338257595
Glyma.02G103800.Wm82.a4.v1,0.7656655089761777
Glyma.20G136300.Wm82.a4.v1,0.7656263757765495
Glyma.16G018200.Wm82.a4.v1,0.7655872425769212
Glyma.05G020200.Wm82.a4.v1,0.7655578926772
Glyma.10G113100.Wm82.a4.v1,0.7655530010272464
Glyma.16G134900.Wm82.a4.v1,0.7655432177273395
Glyma.04G030000.Wm82.a4.v1,0.7654943012278042
Glyma.18G017000.Wm82.a4.v1,0.7654600596781295
Glyma.20G222700.Wm82.a4.v1,0.7654404930783153
Glyma.07G034700.Wm82.a4.v1,0.7654307097784082
Glyma.02G202700.Wm82.a4.v1,0.7654160348285477
Glyma.03G251100.Wm82.a4.v1,0.7653866849288264
Glyma.13G214800.Wm82.a4.v1,0.7653866849288264
Glyma.05G059100.Wm82.a4.v1,0.7653622266790588
Glyma.11G135400.Wm82.a4.v1,0.7653377684292912
Glyma.07G264300.Wm82.a4.v1,0.7653328767793377
Glyma.20G025000.Wm82.a4.v1,0.7653133101795235
Glyma.17G204000.Wm82.a4.v1,0.76530841852957
Glyma.06G115600.Wm82.a4.v1,0.765298635229663
Glyma.17G055200.Wm82.a4.v1,0.7652912977547327
Glyma.12G224800.Wm82.a4.v1,0.7652839602798024
Glyma.18G013400.Wm82.a4.v1,0.7652790686298488
Glyma.20G179600.Wm82.a4.v1,0.765215477180453
Glyma.16G025500.Wm82.a4.v1,0.7651910189306853
Glyma.15G024900.Wm82.a4.v1,0.7651616690309642
Glyma.05G040200.Wm82.a4.v1,0.7651518857310571
Glyma.11G041600.Wm82.a4.v1,0.7651518857310571
Glyma.08G186900.Wm82.a4.v1,0.76514210243115
Glyma.03G114100.Wm82.a4.v1,0.7651029692315218
Glyma.05G072100.Wm82.a4.v1,0.7650834026317077
Glyma.08G000100.Wm82.a4.v1,0.76505894438194
Glyma.13G314800.Wm82.a4.v1,0.7650198111823118
Glyma.06G254700.Wm82.a4.v1,0.7650149195323582
Glyma.13G051500.Wm82.a4.v1,0.7649855696326371
Glyma.06G001900.Wm82.a4.v1,0.7649806779826835
Glyma.17G028900.Wm82.a4.v1,0.7649806779826835
Glyma.01G093000.Wm82.a4.v1,0.7649562197329159
Glyma.13G273100.Wm82.a4.v1,0.7649464364330089
Glyma.04G135300.Wm82.a4.v1,0.7649464364330089
Glyma.07G019000.Wm82.a4.v1,0.7649415447830553
Glyma.16G085700.Wm82.a4.v1,0.7649170865332877
Glyma.01G176600.Wm82.a4.v1,0.7649121948833342
Glyma.17G104500.Wm82.a4.v1,0.7648779533336595
Glyma.10G088000.Wm82.a4.v1,0.7648632783837989
Glyma.05G001800.Wm82.a4.v1,0.7648534950838918
Glyma.13G050200.Wm82.a4.v1,0.7648241451841706
Glyma.11G093600.Wm82.a4.v1,0.7648143618842635
Glyma.03G165100.Wm82.a4.v1,0.7648045785843565
Glyma.10G014200.Wm82.a4.v1,0.7647947952844495
Glyma.16G005200.Wm82.a4.v1,0.7647605537347747
Glyma.07G235800.Wm82.a4.v1,0.764706745585286
Glyma.02G155200.Wm82.a4.v1,0.7647018539353324
Glyma.01G173800.Wm82.a4.v1,0.7646969622853789
Glyma.14G187000.Wm82.a4.v1,0.7646578290857506
Glyma.09G124800.Wm82.a4.v1,0.7646529374357971
Glyma.13G341900.Wm82.a4.v1,0.7646284791860295
Glyma.07G148100.Wm82.a4.v1,0.764623587536076
Glyma.07G149151.Wm82.a4.v1,0.7645746710365406
Glyma.09G207300.Wm82.a4.v1,0.76455999608668
Glyma.07G255900.Wm82.a4.v1,0.7645355378369124
Glyma.07G037300.Wm82.a4.v1,0.7645208628870518
Glyma.15G050500.Wm82.a4.v1,0.7644915129873306
Glyma.04G231000.Wm82.a4.v1,0.7644719463875165
Glyma.10G278200.Wm82.a4.v1,0.7644621630876095
Glyma.06G036500.Wm82.a4.v1,0.7644523797877024
Glyma.14G080600.Wm82.a4.v1,0.7644279215379347
Glyma.06G144100.Wm82.a4.v1,0.7644034632881671
Glyma.09G119700.Wm82.a4.v1,0.7643838966883529
Glyma.19G026600.Wm82.a4.v1,0.7643790050383995
Glyma.05G249000.Wm82.a4.v1,0.7643447634887247
Glyma.10G205600.Wm82.a4.v1,0.7643251968889107
Glyma.18G132700.Wm82.a4.v1,0.7643203052389571
Glyma.14G182400.Wm82.a4.v1,0.76431052193905
Glyma.13G365300.Wm82.a4.v1,0.7643056302890965
Glyma.18G229800.Wm82.a4.v1,0.7642958469891895
Glyma.05G117000.Wm82.a4.v1,0.7642713887394218
Glyma.17G141600.Wm82.a4.v1,0.7642664970894683
Glyma.13G168100.Wm82.a4.v1,0.7641784473903047
Glyma.02G260800.Wm82.a4.v1,0.7641686640903977
Glyma.17G164600.Wm82.a4.v1,0.7641588807904907
Glyma.17G160500.Wm82.a4.v1,0.76414420584063
Glyma.17G012100.Wm82.a4.v1,0.76414420584063
Glyma.13G091100.Wm82.a4.v1,0.764124639240816
Glyma.13G228800.Wm82.a4.v1,0.7641197475908624
Glyma.06G325402.Wm82.a4.v1,0.7641197475908624
Glyma.05G168100.Wm82.a4.v1,0.7641001809910483
Glyma.02G279300.Wm82.a4.v1,0.7640806143912342
Glyma.01G191800.Wm82.a4.v1,0.7640757227412807
Glyma.02G047000.Wm82.a4.v1,0.764051264491513
Glyma.17G220700.Wm82.a4.v1,0.7640365895416524
Glyma.01G244300.Wm82.a4.v1,0.7640316978916989
Glyma.15G140300.Wm82.a4.v1,0.7640316978916989
Glyma.06G140400.Wm82.a4.v1,0.7640219145917918
Glyma.03G258100.Wm82.a4.v1,0.7640121312918847
Glyma.20G000700.Wm82.a4.v1,0.7640023479919777
Glyma.15G089700.Wm82.a4.v1,0.7639045149929071
Glyma.12G011600.Wm82.a4.v1,0.7638996233429536
Glyma.13G182100.Wm82.a4.v1,0.763884948393093
Glyma.08G072600.Wm82.a4.v1,0.763884948393093
Glyma.01G162000.Wm82.a4.v1,0.763884948393093
Glyma.16G038900.Wm82.a4.v1,0.7638800567431394
Glyma.10G211300.Wm82.a4.v1,0.7638555984933718
Glyma.19G112900.Wm82.a4.v1,0.763801790343883
Glyma.16G090700.Wm82.a4.v1,0.763801790343883
Glyma.11G020700.Wm82.a4.v1,0.7637675487942083
Glyma.05G018100.Wm82.a4.v1,0.7637528738443476
Glyma.08G051200.Wm82.a4.v1,0.7636794990950447
Glyma.02G095900.Wm82.a4.v1,0.7636599324952307
Glyma.12G182000.Wm82.a4.v1,0.7636207992956024
Glyma.06G136700.Wm82.a4.v1,0.7636061243457418
Glyma.10G018400.Wm82.a4.v1,0.7636061243457418
Glyma.12G156800.Wm82.a4.v1,0.7635865577459277
Glyma.13G128700.Wm82.a4.v1,0.7635865577459277
Glyma.13G318100.Wm82.a4.v1,0.7635767744460207
Glyma.10G064600.Wm82.a4.v1,0.763552316196253
Glyma.08G178800.Wm82.a4.v1,0.7635229662965318
Glyma.11G068300.Wm82.a4.v1,0.7634838330969036
Glyma.11G081600.Wm82.a4.v1,0.7634544831971825
Glyma.16G203600.Wm82.a4.v1,0.7634251332974612
Glyma.09G029700.Wm82.a4.v1,0.7634055666976471
Glyma.20G098400.Wm82.a4.v1,0.7633811084478794
Glyma.18G234900.Wm82.a4.v1,0.7633224086484371
Glyma.11G152751.Wm82.a4.v1,0.763302842048623
Glyma.12G030000.Wm82.a4.v1,0.7632588171990412
Glyma.08G242000.Wm82.a4.v1,0.7632319131242968
Glyma.19G019900.Wm82.a4.v1,0.7632050090495525
Glyma.06G293400.Wm82.a4.v1,0.7631414176001565
Glyma.16G052300.Wm82.a4.v1,0.7631120677004354
Glyma.01G070300.Wm82.a4.v1,0.7631120677004354
Glyma.03G032200.Wm82.a4.v1,0.7631071760504818
Glyma.06G127500.Wm82.a4.v1,0.7630973927505748
Glyma.15G166200.Wm82.a4.v1,0.7630827178007141
Glyma.06G236100.Wm82.a4.v1,0.7630680428508536
Glyma.03G011000.Wm82.a4.v1,0.7630435846010859
Glyma.05G237400.Wm82.a4.v1,0.7630435846010859
Glyma.02G251900.Wm82.a4.v1,0.7630386929511325
Glyma.13G009500.Wm82.a4.v1,0.7630386929511325
Glyma.07G211600.Wm82.a4.v1,0.7630289096512254
Glyma.16G024900.Wm82.a4.v1,0.7630142347013648
Glyma.18G243400.Wm82.a4.v1,0.7630093430514112
Glyma.18G284100.Wm82.a4.v1,0.7629946681015507
Glyma.13G250100.Wm82.a4.v1,0.7629848848016436
Glyma.17G191900.Wm82.a4.v1,0.762970209851783
Glyma.16G059400.Wm82.a4.v1,0.7629604265518759
Glyma.01G148800.Wm82.a4.v1,0.7629555349019225
Glyma.10G109000.Wm82.a4.v1,0.7629555349019225
Glyma.08G360000.Wm82.a4.v1,0.7629115100523407
Glyma.09G214700.Wm82.a4.v1,0.7628968351024801
Glyma.11G216800.Wm82.a4.v1,0.7628919434525265
Glyma.13G093000.Wm82.a4.v1,0.7628577019028518
Glyma.09G263000.Wm82.a4.v1,0.7628528102528983
Glyma.07G093100.Wm82.a4.v1,0.7628430269529912
Glyma.01G151800.Wm82.a4.v1,0.7627892188035024
Glyma.20G086700.Wm82.a4.v1,0.7627843271535489
Glyma.11G196300.Wm82.a4.v1,0.7627696522036883
Glyma.16G125100.Wm82.a4.v1,0.7627598689037812
Glyma.18G281500.Wm82.a4.v1,0.7627403023039672
Glyma.17G087900.Wm82.a4.v1,0.7626913858044319
Glyma.04G017700.Wm82.a4.v1,0.7626864941544783
Glyma.06G101800.Wm82.a4.v1,0.762637577654943
Glyma.05G248600.Wm82.a4.v1,0.7626033361052683
Glyma.14G207200.Wm82.a4.v1,0.7626033361052683
Glyma.13G169900.Wm82.a4.v1,0.7625739862055472
Glyma.19G044900.Wm82.a4.v1,0.7625446363058259
Glyma.16G040500.Wm82.a4.v1,0.7625446363058259
Glyma.11G154900.Wm82.a4.v1,0.7625397446558724
Glyma.01G048000.Wm82.a4.v1,0.7625299613559654
Glyma.05G133100.Wm82.a4.v1,0.762471261556523
Glyma.14G021200.Wm82.a4.v1,0.7624663699065695
Glyma.15G075100.Wm82.a4.v1,0.7624565866066624
Glyma.09G049700.Wm82.a4.v1,0.7623978868072201
Glyma.01G118200.Wm82.a4.v1,0.7623832118573595
Glyma.16G203200.Wm82.a4.v1,0.7623245120579172
Glyma.03G196100.Wm82.a4.v1,0.7623245120579172
Glyma.14G161400.Wm82.a4.v1,0.7623000538081495
Glyma.12G032700.Wm82.a4.v1,0.7622560289585677
Glyma.07G089600.Wm82.a4.v1,0.7622120041089859
Glyma.18G240200.Wm82.a4.v1,0.7621875458592183
Glyma.18G179800.Wm82.a4.v1,0.7621777625593112
Glyma.02G229600.Wm82.a4.v1,0.7621728709093577
Glyma.07G133100.Wm82.a4.v1,0.7621679792594042
Glyma.08G152500.Wm82.a4.v1,0.7621435210096366
Glyma.02G305700.Wm82.a4.v1,0.7621288460597759
Glyma.02G041400.Wm82.a4.v1,0.7621141711099154
Glyma.11G197900.Wm82.a4.v1,0.7621141711099154
Glyma.13G119500.Wm82.a4.v1,0.7621141711099154
Glyma.12G159300.Wm82.a4.v1,0.7621043878100083
Glyma.01G230700.Wm82.a4.v1,0.7620799295602406
Glyma.18G215000.Wm82.a4.v1,0.7620652546103801
Glyma.14G043400.Wm82.a4.v1,0.7620652546103801
Glyma.11G009600.Wm82.a4.v1,0.7620261214107519
Glyma.02G045800.Wm82.a4.v1,0.7619967715110306
Glyma.03G134200.Wm82.a4.v1,0.7619869882111237
Glyma.06G216700.Wm82.a4.v1,0.7619820965611701
Glyma.09G274500.Wm82.a4.v1,0.7619625299613559
Glyma.08G221900.Wm82.a4.v1,0.7619282884116813
Glyma.04G179100.Wm82.a4.v1,0.7618989385119601
Glyma.07G138400.Wm82.a4.v1,0.7618157804627501
Glyma.06G132900.Wm82.a4.v1,0.7617668639632148
Glyma.15G009400.Wm82.a4.v1,0.7617570806633077
Glyma.03G207000.Wm82.a4.v1,0.7617424057134471
Glyma.02G000200.Wm82.a4.v1,0.7617179474636795
Glyma.08G061300.Wm82.a4.v1,0.761713055813726
Glyma.15G170000.Wm82.a4.v1,0.7616885975639583
Glyma.16G197900.Wm82.a4.v1,0.7616788142640513
Glyma.14G156200.Wm82.a4.v1,0.7616739226140977
Glyma.11G197001.Wm82.a4.v1,0.7616494643643301
Glyma.09G246700.Wm82.a4.v1,0.761639681064423
Glyma.09G267200.Wm82.a4.v1,0.7615956562148413
Glyma.12G043500.Wm82.a4.v1,0.7615858729149342
Glyma.15G261600.Wm82.a4.v1,0.7615027148657242
Glyma.08G157300.Wm82.a4.v1,0.7615027148657242
Glyma.13G299300.Wm82.a4.v1,0.761463581666096
Glyma.02G219000.Wm82.a4.v1,0.7614537983661889
Glyma.10G298200.Wm82.a4.v1,0.7614489067162354
Glyma.13G205300.Wm82.a4.v1,0.7614048818666537
Glyma.16G118900.Wm82.a4.v1,0.7613510737171648
Glyma.20G050300.Wm82.a4.v1,0.7613363987673042
Glyma.16G112800.Wm82.a4.v1,0.7613315071173506
Glyma.13G161900.Wm82.a4.v1,0.7612728073179084
Glyma.13G202800.Wm82.a4.v1,0.7612679156679548
Glyma.20G091100.Wm82.a4.v1,0.7612189991684195
Glyma.08G085900.Wm82.a4.v1,0.7611700826688842
Glyma.14G189000.Wm82.a4.v1,0.7611651910189307
Glyma.02G050600.Wm82.a4.v1,0.7611554077190237
Glyma.20G116900.Wm82.a4.v1,0.7611505160690701
Glyma.09G015100.Wm82.a4.v1,0.761140732769163
Glyma.13G301000.Wm82.a4.v1,0.7611358411192095
Glyma.19G052300.Wm82.a4.v1,0.7611015995695348
Glyma.10G232200.Wm82.a4.v1,0.7610869246196742
Glyma.03G089600.Wm82.a4.v1,0.761047791420046
Glyma.01G158600.Wm82.a4.v1,0.7610428997700924
Glyma.06G242600.Wm82.a4.v1,0.760964633370836
Glyma.11G015700.Wm82.a4.v1,0.760964633370836
Glyma.19G222000.Wm82.a4.v1,0.7609499584209753
Glyma.07G085900.Wm82.a4.v1,0.7609352834711148
Glyma.17G023400.Wm82.a4.v1,0.7609157168713007
Glyma.05G029200.Wm82.a4.v1,0.7609157168713007
Glyma.07G151400.Wm82.a4.v1,0.7609108252213471
Glyma.03G219000.Wm82.a4.v1,0.7608912586215331
Glyma.11G006400.Wm82.a4.v1,0.7608668003717654
Glyma.19G116600.Wm82.a4.v1,0.760798317272416
Glyma.08G360600.Wm82.a4.v1,0.7607738590226484
Glyma.11G222800.Wm82.a4.v1,0.7607494007728807
Glyma.08G009800.Wm82.a4.v1,0.760715159223206
Glyma.19G150400.Wm82.a4.v1,0.7607102675732524
Glyma.15G157500.Wm82.a4.v1,0.7606271095240424
Glyma.02G269000.Wm82.a4.v1,0.7606173262241354
Glyma.18G066500.Wm82.a4.v1,0.7606075429242284
Glyma.17G084700.Wm82.a4.v1,0.7605586264246931
Glyma.15G066100.Wm82.a4.v1,0.7605097099251578
Glyma.16G006800.Wm82.a4.v1,0.7604216602259942
Glyma.02G181500.Wm82.a4.v1,0.7604118769260871
Glyma.02G014000.Wm82.a4.v1,0.760299368977156
Glyma.18G140300.Wm82.a4.v1,0.7602651274274813
Glyma.12G156900.Wm82.a4.v1,0.7602651274274813
Glyma.06G268800.Wm82.a4.v1,0.7602211025778995
Glyma.19G121000.Wm82.a4.v1,0.7601721860783642
Glyma.10G169000.Wm82.a4.v1,0.7601672944284107
Glyma.05G148700.Wm82.a4.v1,0.7601624027784571
Glyma.09G185200.Wm82.a4.v1,0.7601379445286895
Glyma.12G183000.Wm82.a4.v1,0.7600988113290613
Glyma.17G041100.Wm82.a4.v1,0.7600694614293401
Glyma.18G039000.Wm82.a4.v1,0.7600425573545957
Glyma.01G093200.Wm82.a4.v1,0.7599618451303625
Glyma.06G138900.Wm82.a4.v1,0.7599227119307342
Glyma.06G137700.Wm82.a4.v1,0.7598933620310131
Glyma.19G072000.Wm82.a4.v1,0.7598689037812454
Glyma.08G320700.Wm82.a4.v1,0.7598542288313849
Glyma.13G340300.Wm82.a4.v1,0.7598542288313849
Glyma.15G130000.Wm82.a4.v1,0.7598346622315707
Glyma.18G265700.Wm82.a4.v1,0.7598102039818031
Glyma.12G206400.Wm82.a4.v1,0.7598053123318496
Glyma.13G063700.Wm82.a4.v1,0.759800420681896
Glyma.09G124600.Wm82.a4.v1,0.7597857457320354
Glyma.04G222400.Wm82.a4.v1,0.7597808540820818
Glyma.13G116200.Wm82.a4.v1,0.7596683461331507
Glyma.07G072500.Wm82.a4.v1,0.7596438878833831
Glyma.01G237200.Wm82.a4.v1,0.7595998630338013
Glyma.16G161600.Wm82.a4.v1,0.7595705131340801
Glyma.02G253200.Wm82.a4.v1,0.7595558381842196
Glyma.07G263400.Wm82.a4.v1,0.759550946534266
Glyma.07G161500.Wm82.a4.v1,0.759550946534266
Glyma.17G032800.Wm82.a4.v1,0.7595485007092893
Glyma.07G028000.Wm82.a4.v1,0.7595362715844054
Glyma.12G087700.Wm82.a4.v1,0.7595069216846843
Glyma.08G052900.Wm82.a4.v1,0.7594628968351025
Glyma.02G218200.Wm82.a4.v1,0.7594139803355672
Glyma.10G043600.Wm82.a4.v1,0.7593993053857065
Glyma.09G246500.Wm82.a4.v1,0.7593993053857065
Glyma.10G073600.Wm82.a4.v1,0.759384630435846
Glyma.14G035500.Wm82.a4.v1,0.7593259306364036
Glyma.01G094200.Wm82.a4.v1,0.7593259306364036
Glyma.19G052200.Wm82.a4.v1,0.759301472386636
Glyma.04G222900.Wm82.a4.v1,0.7592770141368683
Glyma.14G163800.Wm82.a4.v1,0.7592721224869149
Glyma.16G005700.Wm82.a4.v1,0.7592721224869149
Glyma.06G319300.Wm82.a4.v1,0.7592672308369613
Glyma.18G041900.Wm82.a4.v1,0.7592525558871007
Glyma.06G188000.Wm82.a4.v1,0.7592476642371472
Glyma.08G245200.Wm82.a4.v1,0.7592134226874725
Glyma.07G216800.Wm82.a4.v1,0.7592134226874725
Glyma.02G238700.Wm82.a4.v1,0.7591987477376119
Glyma.04G253800.Wm82.a4.v1,0.7591596145379836
Glyma.16G088700.Wm82.a4.v1,0.7591155896884019
Glyma.06G002400.Wm82.a4.v1,0.7591058063884948
Glyma.20G250200.Wm82.a4.v1,0.7591058063884948
Glyma.08G202600.Wm82.a4.v1,0.7590862397886807
Glyma.13G117500.Wm82.a4.v1,0.7590764564887736
Glyma.03G100500.Wm82.a4.v1,0.7590715648388201
Glyma.02G220800.Wm82.a4.v1,0.7590568898889596
Glyma.08G265600.Wm82.a4.v1,0.759051998239006
Glyma.03G052800.Wm82.a4.v1,0.7590226483392848
Glyma.09G161000.Wm82.a4.v1,0.7590079733894243
Glyma.13G090900.Wm82.a4.v1,0.7589492735899819
Glyma.17G200800.Wm82.a4.v1,0.7589150320403072
Glyma.20G008700.Wm82.a4.v1,0.7589003570904466
Glyma.04G146900.Wm82.a4.v1,0.7588905737905396
Glyma.03G132600.Wm82.a4.v1,0.758875898840679
Glyma.18G283300.Wm82.a4.v1,0.7588563322408648
Glyma.19G243900.Wm82.a4.v1,0.7588465489409578
Glyma.16G123100.Wm82.a4.v1,0.7588318739910972
Glyma.17G237000.Wm82.a4.v1,0.7588171990412366
Glyma.14G000400.Wm82.a4.v1,0.7587878491415154
Glyma.12G117500.Wm82.a4.v1,0.7587438242919337
Glyma.02G233300.Wm82.a4.v1,0.7586900161424448
Glyma.05G106000.Wm82.a4.v1,0.7586704495426307
Glyma.04G220900.Wm82.a4.v1,0.7586655578926772
Glyma.10G101200.Wm82.a4.v1,0.7586068580932348
Glyma.13G284200.Wm82.a4.v1,0.7585970747933278
Glyma.17G112600.Wm82.a4.v1,0.7585383749938854
Glyma.13G097300.Wm82.a4.v1,0.7585285916939783
Glyma.05G231200.Wm82.a4.v1,0.7585188083940714
Glyma.20G249400.Wm82.a4.v1,0.7585041334442107
Glyma.18G027100.Wm82.a4.v1,0.7584943501443037
Glyma.04G023500.Wm82.a4.v1,0.7584894584943501
Glyma.12G222100.Wm82.a4.v1,0.758479675194443
Glyma.18G076100.Wm82.a4.v1,0.7584405419948148
Glyma.01G173700.Wm82.a4.v1,0.7584258670449543
Glyma.12G016900.Wm82.a4.v1,0.7584258670449543
Glyma.20G145900.Wm82.a4.v1,0.7584111920950937
Glyma.14G111300.Wm82.a4.v1,0.7583916254952796
Glyma.01G014400.Wm82.a4.v1,0.7583427089957443
Glyma.14G214400.Wm82.a4.v1,0.7583378173457908
Glyma.15G003600.Wm82.a4.v1,0.7583378173457908
Glyma.14G191700.Wm82.a4.v1,0.7583084674460696
Glyma.07G033100.Wm82.a4.v1,0.758293792496209
Glyma.19G060500.Wm82.a4.v1,0.7582815633713251
Glyma.15G150700.Wm82.a4.v1,0.7582742258963948
Glyma.06G120300.Wm82.a4.v1,0.7582497676466272
Glyma.11G194700.Wm82.a4.v1,0.7582204177469061
Glyma.19G262700.Wm82.a4.v1,0.7581861761972313
Glyma.02G055100.Wm82.a4.v1,0.7581763928973243
Glyma.06G113500.Wm82.a4.v1,0.7581666095974172
Glyma.12G119800.Wm82.a4.v1,0.7581372596976961
Glyma.18G233700.Wm82.a4.v1,0.7581323680477425
Glyma.01G002400.Wm82.a4.v1,0.7581079097979748
Glyma.02G169600.Wm82.a4.v1,0.7580834515482072
Glyma.08G008400.Wm82.a4.v1,0.7580100767989043
Glyma.10G199500.Wm82.a4.v1,0.7580100767989043
Glyma.17G231800.Wm82.a4.v1,0.7580051851489508
Glyma.15G120300.Wm82.a4.v1,0.7579905101990901
Glyma.10G010200.Wm82.a4.v1,0.7579905101990901
Glyma.14G087700.Wm82.a4.v1,0.7579905101990901
Glyma.07G020400.Wm82.a4.v1,0.7579562686494155
Glyma.20G164100.Wm82.a4.v1,0.7579415936995548
Glyma.05G087300.Wm82.a4.v1,0.7579220270997408
Glyma.11G244100.Wm82.a4.v1,0.7579171354497872
Glyma.08G137600.Wm82.a4.v1,0.7578241941006701
Glyma.10G087000.Wm82.a4.v1,0.7578193024507166
Glyma.13G313000.Wm82.a4.v1,0.7577997358509025
Glyma.18G013800.Wm82.a4.v1,0.7577606026512743
Glyma.01G115000.Wm82.a4.v1,0.7577508193513672
Glyma.17G109200.Wm82.a4.v1,0.7577263611015995
Glyma.15G061100.Wm82.a4.v1,0.7576725529521108
Glyma.06G068400.Wm82.a4.v1,0.7576676613021572
Glyma.11G156500.Wm82.a4.v1,0.7576529863522966
Glyma.01G192600.Wm82.a4.v1,0.7576040698527613
Glyma.11G015300.Wm82.a4.v1,0.7575845032529472
Glyma.01G158400.Wm82.a4.v1,0.7575747199530402
Glyma.12G089200.Wm82.a4.v1,0.7575649366531331
Glyma.17G243600.Wm82.a4.v1,0.7574817786039231
Glyma.16G091900.Wm82.a4.v1,0.7574524287042019
Glyma.07G218600.Wm82.a4.v1,0.7574181871545272
Glyma.01G153600.Wm82.a4.v1,0.7574132955045737
Glyma.09G262200.Wm82.a4.v1,0.7573937289047595
Glyma.15G260300.Wm82.a4.v1,0.7573741623049455
Glyma.20G022200.Wm82.a4.v1,0.7573741623049455
Glyma.17G161500.Wm82.a4.v1,0.7573399207552708
Glyma.19G222300.Wm82.a4.v1,0.757295895905689
Glyma.10G210700.Wm82.a4.v1,0.7572910042557355
Glyma.06G127800.Wm82.a4.v1,0.7572323044562931
Glyma.06G325566.Wm82.a4.v1,0.7572078462065255
Glyma.09G090300.Wm82.a4.v1,0.7571931712566649
Glyma.07G252600.Wm82.a4.v1,0.7571687130068973
Glyma.03G129300.Wm82.a4.v1,0.7571638213569437
Glyma.18G213200.Wm82.a4.v1,0.757139363107176
Glyma.04G010800.Wm82.a4.v1,0.757129579807269
Glyma.17G240800.Wm82.a4.v1,0.7571149048574084
Glyma.10G035200.Wm82.a4.v1,0.7571051215575013
Glyma.12G099800.Wm82.a4.v1,0.757046421758059
Glyma.16G004300.Wm82.a4.v1,0.757036638458152
Glyma.20G230200.Wm82.a4.v1,0.7569926136085702
Glyma.18G195700.Wm82.a4.v1,0.7569877219586166
Glyma.01G158800.Wm82.a4.v1,0.7569485887589884
Glyma.15G051700.Wm82.a4.v1,0.7569436971090349
Glyma.01G229200.Wm82.a4.v1,0.7569290221591742
Glyma.05G246300.Wm82.a4.v1,0.7569143472093137
Glyma.16G016600.Wm82.a4.v1,0.7568605390598249
Glyma.20G141700.Wm82.a4.v1,0.7568165142102431
Glyma.10G081400.Wm82.a4.v1,0.756796947610429
Glyma.13G151100.Wm82.a4.v1,0.7567333561610331
Glyma.10G276900.Wm82.a4.v1,0.7566697647116373
Glyma.02G274700.Wm82.a4.v1,0.7566599814117302
Glyma.19G223400.Wm82.a4.v1,0.7566599814117302
Glyma.04G031800.Wm82.a4.v1,0.756640414811916
Glyma.07G261900.Wm82.a4.v1,0.756640414811916
Glyma.20G204000.Wm82.a4.v1,0.7566061732622413
Glyma.01G029100.Wm82.a4.v1,0.7565866066624273
Glyma.04G061000.Wm82.a4.v1,0.756557256762706
Glyma.13G144600.Wm82.a4.v1,0.7565083402631708
Glyma.05G030700.Wm82.a4.v1,0.7564985569632637
Glyma.15G003500.Wm82.a4.v1,0.756464315413589
Glyma.19G071800.Wm82.a4.v1,0.756454532113682
Glyma.08G045500.Wm82.a4.v1,0.7564496404637284
Glyma.09G029000.Wm82.a4.v1,0.7564251822139608
Glyma.04G014100.Wm82.a4.v1,0.7564251822139608
Glyma.07G195500.Wm82.a4.v1,0.7564202905640073
Glyma.11G128600.Wm82.a4.v1,0.7564105072641002
Glyma.10G291900.Wm82.a4.v1,0.7563664824145184
Glyma.16G023600.Wm82.a4.v1,0.7563566991146113
Glyma.12G022100.Wm82.a4.v1,0.7563566991146113
Glyma.08G109700.Wm82.a4.v1,0.7563126742650296
Glyma.14G130700.Wm82.a4.v1,0.756307782615076
Glyma.18G052100.Wm82.a4.v1,0.7562539744655873
Glyma.10G167200.Wm82.a4.v1,0.7562441911656802
Glyma.03G244500.Wm82.a4.v1,0.7562295162158196
Glyma.19G183400.Wm82.a4.v1,0.7562197329159125
Glyma.11G109900.Wm82.a4.v1,0.756205057966052
Glyma.01G038250.Wm82.a4.v1,0.756205057966052
Glyma.05G148600.Wm82.a4.v1,0.7561512498165631
Glyma.04G215400.Wm82.a4.v1,0.756141466516656
Glyma.11G061400.Wm82.a4.v1,0.7561316832167491
Glyma.15G039400.Wm82.a4.v1,0.7561170082668884
Glyma.20G133800.Wm82.a4.v1,0.7560436335175855
Glyma.01G191100.Wm82.a4.v1,0.756038741867632
Glyma.02G138500.Wm82.a4.v1,0.756038741867632
Glyma.06G142900.Wm82.a4.v1,0.7560289585677249
Glyma.19G032500.Wm82.a4.v1,0.7560240669177714
Glyma.13G125100.Wm82.a4.v1,0.7560093919679107
Glyma.07G092600.Wm82.a4.v1,0.7559506921684684
Glyma.08G299000.Wm82.a4.v1,0.7559506921684684
Glyma.17G020500.Wm82.a4.v1,0.7558968840189796
Glyma.04G049900.Wm82.a4.v1,0.7558430758694907
Glyma.18G269500.Wm82.a4.v1,0.7558284009196302
Glyma.05G219400.Wm82.a4.v1,0.7558284009196302
Glyma.14G025300.Wm82.a4.v1,0.7558039426698625
Glyma.11G179600.Wm82.a4.v1,0.7557697011201878
Glyma.10G212600.Wm82.a4.v1,0.7557697011201878
Glyma.14G068200.Wm82.a4.v1,0.7556669764711638
Glyma.06G064800.Wm82.a4.v1,0.7556669764711638
Glyma.09G001400.Wm82.a4.v1,0.7556620848212102
Glyma.04G010000.Wm82.a4.v1,0.755642518221396
Glyma.13G087300.Wm82.a4.v1,0.7556376265714425
Glyma.15G178400.Wm82.a4.v1,0.7556131683216749
Glyma.05G212800.Wm82.a4.v1,0.7556082766717214
Glyma.20G178300.Wm82.a4.v1,0.7556082766717214
Glyma.05G245000.Wm82.a4.v1,0.7555984933718143
Glyma.08G152400.Wm82.a4.v1,0.7555593601721861
Glyma.02G023800.Wm82.a4.v1,0.7555349019224185
Glyma.08G042700.Wm82.a4.v1,0.7555349019224185
Glyma.17G130700.Wm82.a4.v1,0.7555300102724649
Glyma.14G060200.Wm82.a4.v1,0.7555153353226043
Glyma.04G064800.Wm82.a4.v1,0.7554957687227902
Glyma.08G346000.Wm82.a4.v1,0.7554468522232549
Glyma.19G210000.Wm82.a4.v1,0.7554126106735802
Glyma.15G232700.Wm82.a4.v1,0.7554077190236267
Glyma.20G056500.Wm82.a4.v1,0.7554077190236267
Glyma.14G116100.Wm82.a4.v1,0.7553588025240914
Glyma.20G081000.Wm82.a4.v1,0.7553441275742308
Glyma.06G084100.Wm82.a4.v1,0.7553294526243702
Glyma.12G219500.Wm82.a4.v1,0.7553196693244631
Glyma.02G274900.Wm82.a4.v1,0.7553147776745096
Glyma.16G052500.Wm82.a4.v1,0.7553098860245561
Glyma.02G035600.Wm82.a4.v1,0.755300102724649
Glyma.16G032800.Wm82.a4.v1,0.7552560778750672
Glyma.01G218600.Wm82.a4.v1,0.7552316196252996
Glyma.13G267851.Wm82.a4.v1,0.7551924864256714
Glyma.06G300800.Wm82.a4.v1,0.7551827031257643
Glyma.09G018700.Wm82.a4.v1,0.7551827031257643
Glyma.18G072800.Wm82.a4.v1,0.7551582448759967
Glyma.05G219800.Wm82.a4.v1,0.7551484615760896
Glyma.08G029700.Wm82.a4.v1,0.7551093283764614
Glyma.19G015800.Wm82.a4.v1,0.7550848701266938
Glyma.17G136200.Wm82.a4.v1,0.7550701951768332
Glyma.19G221400.Wm82.a4.v1,0.7550555202269725
Glyma.03G139100.Wm82.a4.v1,0.7550310619772049
Glyma.14G092600.Wm82.a4.v1,0.7550310619772049
Glyma.05G206600.Wm82.a4.v1,0.7549870371276232
Glyma.17G238200.Wm82.a4.v1,0.754967470527809
Glyma.16G167600.Wm82.a4.v1,0.754967470527809
Glyma.18G057100.Wm82.a4.v1,0.7549527955779485
Glyma.07G224600.Wm82.a4.v1,0.7549479039279949
Glyma.18G003100.Wm82.a4.v1,0.7549234456782272
Glyma.16G079900.Wm82.a4.v1,0.7548696375287385
Glyma.11G119800.Wm82.a4.v1,0.7548598542288314
Glyma.09G169400.Wm82.a4.v1,0.7548451792789708
Glyma.05G223100.Wm82.a4.v1,0.7548402876290172
Glyma.05G118000.Wm82.a4.v1,0.7548353959790637
Glyma.02G149200.Wm82.a4.v1,0.7548256126791567
Glyma.12G043200.Wm82.a4.v1,0.7548207210292032
Glyma.11G091800.Wm82.a4.v1,0.7548060460793425
Glyma.03G213200.Wm82.a4.v1,0.7547864794795285
Glyma.12G083100.Wm82.a4.v1,0.7547815878295749
Glyma.03G074400.Wm82.a4.v1,0.7547424546299467
Glyma.19G121100.Wm82.a4.v1,0.7547424546299467
Glyma.11G246500.Wm82.a4.v1,0.7547228880301325
Glyma.02G272200.Wm82.a4.v1,0.7547131047302255
Glyma.19G256600.Wm82.a4.v1,0.7546837548305043
Glyma.11G220100.Wm82.a4.v1,0.7546788631805508
Glyma.05G133900.Wm82.a4.v1,0.7546544049307832
Glyma.13G178100.Wm82.a4.v1,0.754634838330969
Glyma.01G032500.Wm82.a4.v1,0.754625055031062
Glyma.15G127400.Wm82.a4.v1,0.754625055031062
Glyma.04G001900.Wm82.a4.v1,0.7545957051313408
Glyma.05G202800.Wm82.a4.v1,0.7545565719317125
Glyma.12G196200.Wm82.a4.v1,0.754532113681945
Glyma.13G153500.Wm82.a4.v1,0.754532113681945
Glyma.15G061000.Wm82.a4.v1,0.7544734138825026
Glyma.02G288800.Wm82.a4.v1,0.7543755808834319
Glyma.05G040900.Wm82.a4.v1,0.7543706892334785
Glyma.01G018400.Wm82.a4.v1,0.7543168810839896
Glyma.04G050400.Wm82.a4.v1,0.7543119894340361
Glyma.02G046400.Wm82.a4.v1,0.7542679645844543
Glyma.13G064900.Wm82.a4.v1,0.7542581812845472
Glyma.06G034800.Wm82.a4.v1,0.7542532896345937
Glyma.12G134500.Wm82.a4.v1,0.7542532896345937
Glyma.06G156800.Wm82.a4.v1,0.754219048084919
Glyma.07G040600.Wm82.a4.v1,0.7542092647850119
Glyma.17G037000.Wm82.a4.v1,0.7542043731350585
Glyma.14G219100.Wm82.a4.v1,0.7541896981851979
Glyma.15G216000.Wm82.a4.v1,0.7541652399354303
Glyma.20G156600.Wm82.a4.v1,0.7541505649855696
Glyma.05G131200.Wm82.a4.v1,0.754135890035709
Glyma.05G243900.Wm82.a4.v1,0.754116323435895
Glyma.16G123700.Wm82.a4.v1,0.754033165386685
Glyma.17G109100.Wm82.a4.v1,0.7540087071369173
Glyma.09G020000.Wm82.a4.v1,0.7540038154869637
Glyma.15G194000.Wm82.a4.v1,0.7539940321870567
Glyma.07G243300.Wm82.a4.v1,0.7539744655872426
Glyma.10G286000.Wm82.a4.v1,0.7539548989874285
Glyma.14G098000.Wm82.a4.v1,0.753950007337475
Glyma.17G154400.Wm82.a4.v1,0.7539206574377537
Glyma.11G211316.Wm82.a4.v1,0.7539157657878002
Glyma.14G128900.Wm82.a4.v1,0.7539010908379397
Glyma.01G056800.Wm82.a4.v1,0.7538961991879861
Glyma.06G210400.Wm82.a4.v1,0.7538570659883579
Glyma.17G067700.Wm82.a4.v1,0.7538472826884508
Glyma.07G091500.Wm82.a4.v1,0.7538423910384973
Glyma.05G044800.Wm82.a4.v1,0.7538179327887297
Glyma.10G003800.Wm82.a4.v1,0.753803257838869
Glyma.13G241000.Wm82.a4.v1,0.7537983661889155
Glyma.09G239600.Wm82.a4.v1,0.7537641246392408
Glyma.14G194100.Wm82.a4.v1,0.7537494496893802
Glyma.11G096100.Wm82.a4.v1,0.7537396663894732
Glyma.13G037600.Wm82.a4.v1,0.7536711832901237
Glyma.16G109700.Wm82.a4.v1,0.7536565083402632
Glyma.04G159300.Wm82.a4.v1,0.7536565083402632
Glyma.02G044600.Wm82.a4.v1,0.753636941740449
Glyma.13G141800.Wm82.a4.v1,0.7536320500904955
Glyma.07G150400.Wm82.a4.v1,0.753617375140635
Glyma.07G130200.Wm82.a4.v1,0.7535831335909602
Glyma.08G320300.Wm82.a4.v1,0.753553783691239
Glyma.19G255600.Wm82.a4.v1,0.753544000391332
Glyma.08G356500.Wm82.a4.v1,0.753534217091425
Glyma.07G199900.Wm82.a4.v1,0.7535146504916108
Glyma.20G094200.Wm82.a4.v1,0.7534853005918897
Glyma.02G019400.Wm82.a4.v1,0.753451059042215
Glyma.02G101200.Wm82.a4.v1,0.753451059042215
Glyma.16G217500.Wm82.a4.v1,0.7534314924424008
Glyma.17G000100.Wm82.a4.v1,0.7534021425426797
Glyma.01G233000.Wm82.a4.v1,0.7534021425426797
Glyma.16G114700.Wm82.a4.v1,0.7533972508927261
Glyma.05G152900.Wm82.a4.v1,0.7533972508927261
Glyma.12G004200.Wm82.a4.v1,0.7533825759428655
Glyma.15G034600.Wm82.a4.v1,0.7533825759428655
Glyma.13G215800.Wm82.a4.v1,0.753304309543609
Glyma.02G194800.Wm82.a4.v1,0.7532798512938415
Glyma.17G047500.Wm82.a4.v1,0.7532700679939344
Glyma.16G115500.Wm82.a4.v1,0.7532651763439808
Glyma.16G115600.Wm82.a4.v1,0.7532260431443526
Glyma.18G137100.Wm82.a4.v1,0.7532064765445384
Glyma.04G184000.Wm82.a4.v1,0.7531966932446315
Glyma.10G197500.Wm82.a4.v1,0.7531869099447244
Glyma.11G077400.Wm82.a4.v1,0.7531477767450961
Glyma.04G077300.Wm82.a4.v1,0.753118426845375
Glyma.18G105500.Wm82.a4.v1,0.7530695103458397
Glyma.06G009400.Wm82.a4.v1,0.7530646186958861
Glyma.20G000300.Wm82.a4.v1,0.753045052096072
Glyma.14G070500.Wm82.a4.v1,0.7530157021963508
Glyma.16G027700.Wm82.a4.v1,0.7529863522966297
Glyma.17G075200.Wm82.a4.v1,0.7529863522966297
Glyma.12G217400.Wm82.a4.v1,0.7529521107469549
Glyma.16G032900.Wm82.a4.v1,0.7529227608472338
Glyma.01G098000.Wm82.a4.v1,0.7529080858973732
Glyma.04G156000.Wm82.a4.v1,0.7528836276476055
Glyma.09G156500.Wm82.a4.v1,0.7528542777478844
Glyma.13G279000.Wm82.a4.v1,0.7528444944479773
Glyma.04G194000.Wm82.a4.v1,0.7528347111480702
Glyma.11G200000.Wm82.a4.v1,0.7528298194981167
Glyma.13G117700.Wm82.a4.v1,0.7528298194981167
Glyma.13G295500.Wm82.a4.v1,0.7528249278481632
Glyma.03G160000.Wm82.a4.v1,0.7527857946485349
Glyma.11G089800.Wm82.a4.v1,0.7527662280487208
Glyma.06G145800.Wm82.a4.v1,0.7526830699995108
Glyma.06G291300.Wm82.a4.v1,0.7526439367998826
Glyma.03G057300.Wm82.a4.v1,0.7526439367998826
Glyma.07G130400.Wm82.a4.v1,0.7526145869001615
Glyma.17G085300.Wm82.a4.v1,0.7525901286503938
Glyma.04G123800.Wm82.a4.v1,0.7525754537005331
Glyma.10G123400.Wm82.a4.v1,0.7525534412757423
Glyma.10G060000.Wm82.a4.v1,0.7525509954507655
Glyma.12G143000.Wm82.a4.v1,0.7525509954507655
Glyma.19G248600.Wm82.a4.v1,0.752546103800812
Glyma.08G209700.Wm82.a4.v1,0.7525265372009979
Glyma.07G256500.Wm82.a4.v1,0.7525216455510444
Glyma.06G275700.Wm82.a4.v1,0.7524922956513231
Glyma.13G308700.Wm82.a4.v1,0.7524922956513231
Glyma.12G170900.Wm82.a4.v1,0.7524678374015555
Glyma.13G261400.Wm82.a4.v1,0.7524433791517879
Glyma.06G296200.Wm82.a4.v1,0.7524189209020202
Glyma.20G101100.Wm82.a4.v1,0.7523748960524385
Glyma.03G253300.Wm82.a4.v1,0.7523455461527173
Glyma.03G246500.Wm82.a4.v1,0.7522330382037862
Glyma.15G246500.Wm82.a4.v1,0.7522281465538326
Glyma.15G195000.Wm82.a4.v1,0.7521498801545762
Glyma.10G087500.Wm82.a4.v1,0.7521254219048085
Glyma.12G164200.Wm82.a4.v1,0.7521156386049014
Glyma.10G093300.Wm82.a4.v1,0.7521156386049014
Glyma.02G212600.Wm82.a4.v1,0.752110746954948
Glyma.03G039300.Wm82.a4.v1,0.7520911803551338
Glyma.08G317700.Wm82.a4.v1,0.7520129139558773
Glyma.02G020000.Wm82.a4.v1,0.7519884557061096
Glyma.19G204000.Wm82.a4.v1,0.7519737807562491
Glyma.17G049000.Wm82.a4.v1,0.7519493225064814
Glyma.03G254700.Wm82.a4.v1,0.7519395392065744
Glyma.12G104100.Wm82.a4.v1,0.751880839407132
Glyma.03G109200.Wm82.a4.v1,0.7518661644572714
Glyma.16G189000.Wm82.a4.v1,0.7518563811573644
Glyma.01G021400.Wm82.a4.v1,0.7518514895074109
Glyma.02G193700.Wm82.a4.v1,0.7518417062075038
Glyma.03G222200.Wm82.a4.v1,0.7518417062075038
Glyma.18G297700.Wm82.a4.v1,0.7518368145575502
Glyma.11G118300.Wm82.a4.v1,0.7518368145575502
Glyma.16G143100.Wm82.a4.v1,0.7518221396076896
Glyma.02G099800.Wm82.a4.v1,0.751797681357922
Glyma.10G243900.Wm82.a4.v1,0.7517389815584796
Glyma.06G295100.Wm82.a4.v1,0.7517096316587585
Glyma.19G000500.Wm82.a4.v1,0.7517047400088049
Glyma.08G090700.Wm82.a4.v1,0.751694956708898
Glyma.09G015600.Wm82.a4.v1,0.751694956708898
Glyma.18G159500.Wm82.a4.v1,0.7516509318593162
Glyma.01G001300.Wm82.a4.v1,0.7516362569094556
Glyma.01G079300.Wm82.a4.v1,0.7515873404099203
Glyma.04G104900.Wm82.a4.v1,0.7515335322604314
Glyma.14G031000.Wm82.a4.v1,0.7514992907107567
Glyma.06G127300.Wm82.a4.v1,0.7514992907107567
Glyma.15G257100.Wm82.a4.v1,0.7514943990608032
Glyma.08G178900.Wm82.a4.v1,0.7514895074108496
Glyma.09G034800.Wm82.a4.v1,0.7513916744117791
Glyma.12G222700.Wm82.a4.v1,0.7513427579122438
Glyma.02G294200.Wm82.a4.v1,0.7513134080125227
Glyma.01G220400.Wm82.a4.v1,0.751288949762755
Glyma.03G217400.Wm82.a4.v1,0.7512791664628479
Glyma.17G157600.Wm82.a4.v1,0.7512644915129874
Glyma.03G050400.Wm82.a4.v1,0.7512595998630338
Glyma.14G066300.Wm82.a4.v1,0.7511862251137309
Glyma.08G302400.Wm82.a4.v1,0.7511617668639632
Glyma.11G139500.Wm82.a4.v1,0.7511617668639632
Glyma.05G241600.Wm82.a4.v1,0.7511568752140096
Glyma.10G007400.Wm82.a4.v1,0.7511519835640561
Glyma.13G134500.Wm82.a4.v1,0.7511373086141956
Glyma.04G193800.Wm82.a4.v1,0.7510981754145674
Glyma.09G228100.Wm82.a4.v1,0.7510835004647067
Glyma.14G172300.Wm82.a4.v1,0.7510835004647067
Glyma.04G193100.Wm82.a4.v1,0.7510052340654503
Glyma.07G085600.Wm82.a4.v1,0.7510052340654503
Glyma.06G217500.Wm82.a4.v1,0.7509856674656361
Glyma.08G207800.Wm82.a4.v1,0.7509856674656361
Glyma.09G232300.Wm82.a4.v1,0.7509709925157756
Glyma.12G234200.Wm82.a4.v1,0.7509612092158685
Glyma.01G008800.Wm82.a4.v1,0.7509416426160544
Glyma.20G174000.Wm82.a4.v1,0.7509343051411241
Glyma.20G178500.Wm82.a4.v1,0.7508976177664727
Glyma.10G278100.Wm82.a4.v1,0.7508976177664727
Glyma.07G077100.Wm82.a4.v1,0.7508878344665656
Glyma.03G024000.Wm82.a4.v1,0.750882942816612
Glyma.14G218300.Wm82.a4.v1,0.7508682678667514
Glyma.17G082100.Wm82.a4.v1,0.7508438096169838
Glyma.07G125300.Wm82.a4.v1,0.7508095680673091
Glyma.07G197200.Wm82.a4.v1,0.7508046764173556
Glyma.01G177700.Wm82.a4.v1,0.7507753265176343
Glyma.09G087400.Wm82.a4.v1,0.7507753265176343
Glyma.15G046100.Wm82.a4.v1,0.7507313016680527
Glyma.12G116500.Wm82.a4.v1,0.7507264100180991
Glyma.04G204400.Wm82.a4.v1,0.7507215183681456
Glyma.03G088000.Wm82.a4.v1,0.7506970601183779
Glyma.09G281300.Wm82.a4.v1,0.7506726018686103
Glyma.11G137400.Wm82.a4.v1,0.7506187937191214
Glyma.04G044400.Wm82.a4.v1,0.7506041187692609
Glyma.19G164500.Wm82.a4.v1,0.7506041187692609
Glyma.20G167600.Wm82.a4.v1,0.7505894438194003
Glyma.20G198402.Wm82.a4.v1,0.7505845521694468
Glyma.13G158600.Wm82.a4.v1,0.7505796605194932
Glyma.07G251300.Wm82.a4.v1,0.7505747688695397
Glyma.13G153700.Wm82.a4.v1,0.7505747688695397
Glyma.05G158700.Wm82.a4.v1,0.7505747688695397
Glyma.11G184500.Wm82.a4.v1,0.7505698772195861
Glyma.08G321100.Wm82.a4.v1,0.7505625397446559
Glyma.08G300400.Wm82.a4.v1,0.7505356356699114
Glyma.09G017000.Wm82.a4.v1,0.7505062857701903
Glyma.11G179300.Wm82.a4.v1,0.7505062857701903
Glyma.08G210000.Wm82.a4.v1,0.7504622609206085
Glyma.12G056800.Wm82.a4.v1,0.750457369270655
Glyma.11G204100.Wm82.a4.v1,0.7504378026708409
Glyma.17G102400.Wm82.a4.v1,0.7504133444210732
Glyma.08G271900.Wm82.a4.v1,0.7504133444210732
Glyma.14G075800.Wm82.a4.v1,0.7503986694712126
Glyma.16G009300.Wm82.a4.v1,0.7503937778212592
Glyma.14G065500.Wm82.a4.v1,0.7503937778212592
Glyma.18G006400.Wm82.a4.v1,0.750374211221445
Glyma.14G040600.Wm82.a4.v1,0.7503546446216309
Glyma.10G017800.Wm82.a4.v1,0.7503252947219097
Glyma.12G053200.Wm82.a4.v1,0.7503204030719561
Glyma.13G083300.Wm82.a4.v1,0.7503204030719561
Glyma.02G172700.Wm82.a4.v1,0.7503008364721421
Glyma.18G284600.Wm82.a4.v1,0.750291053172235
Glyma.15G199800.Wm82.a4.v1,0.7502568116225603
Glyma.18G216100.Wm82.a4.v1,0.7502470283226532
Glyma.09G109000.Wm82.a4.v1,0.7502421366726997
Glyma.12G213500.Wm82.a4.v1,0.750207895123025
Glyma.16G081400.Wm82.a4.v1,0.7501638702734432
Glyma.08G235600.Wm82.a4.v1,0.7501589786234897
Glyma.15G150000.Wm82.a4.v1,0.7501491953235826
Glyma.09G135100.Wm82.a4.v1,0.7501149537739079
Glyma.01G245700.Wm82.a4.v1,0.7501100621239544
Glyma.11G136000.Wm82.a4.v1,0.7501002788240474
Glyma.15G113400.Wm82.a4.v1,0.7500317957246979
Glyma.17G096600.Wm82.a4.v1,0.7500024458249768
Glyma.19G210300.Wm82.a4.v1,0.7499877708751161
Glyma.07G121500.Wm82.a4.v1,0.7499486376754879
Glyma.01G053700.Wm82.a4.v1,0.7499339627256274
Glyma.07G128500.Wm82.a4.v1,0.7499290710756739
Glyma.13G072800.Wm82.a4.v1,0.7499241794257203
Glyma.12G205300.Wm82.a4.v1,0.7499241794257203
Glyma.19G217200.Wm82.a4.v1,0.7499143961258132
Glyma.13G198500.Wm82.a4.v1,0.7498948295259992
Glyma.10G121554.Wm82.a4.v1,0.749875262926185
Glyma.01G144200.Wm82.a4.v1,0.7498703712762315
Glyma.19G086600.Wm82.a4.v1,0.7498703712762315
Glyma.12G019300.Wm82.a4.v1,0.7498556963263708
Glyma.U032005.Wm82.a4.v1,0.7498459130264639
Glyma.10G202000.Wm82.a4.v1,0.7498361297265568
Glyma.06G075000.Wm82.a4.v1,0.7498263464266497
Glyma.05G091200.Wm82.a4.v1,0.7498214547766962
Glyma.17G090600.Wm82.a4.v1,0.7497480800273932
Glyma.05G031800.Wm82.a4.v1,0.7497334050775326
Glyma.04G020800.Wm82.a4.v1,0.7497334050775326
Glyma.20G114000.Wm82.a4.v1,0.7497040551778115
Glyma.07G139200.Wm82.a4.v1,0.7496844885779974
Glyma.04G251700.Wm82.a4.v1,0.7496844885779974
Glyma.17G152800.Wm82.a4.v1,0.7496747052780903
Glyma.13G164000.Wm82.a4.v1,0.7496698136281368
Glyma.14G222600.Wm82.a4.v1,0.7496404637284156
Glyma.01G229000.Wm82.a4.v1,0.7496404637284156
Glyma.03G131100.Wm82.a4.v1,0.7496160054786479
Glyma.14G053200.Wm82.a4.v1,0.7496160054786479
Glyma.08G097300.Wm82.a4.v1,0.7495964388788339
Glyma.10G285200.Wm82.a4.v1,0.7495670889791126
Glyma.17G072000.Wm82.a4.v1,0.7495279557794844
Glyma.11G009000.Wm82.a4.v1,0.7495279557794844
Glyma.20G189100.Wm82.a4.v1,0.7495230641295308
Glyma.07G119300.Wm82.a4.v1,0.7495230641295308
Glyma.04G149200.Wm82.a4.v1,0.7495034975297168
Glyma.11G112200.Wm82.a4.v1,0.7494888225798562
Glyma.17G253000.Wm82.a4.v1,0.7494741476299956
Glyma.18G007300.Wm82.a4.v1,0.7494350144303673
Glyma.06G268700.Wm82.a4.v1,0.7493860979308321
Glyma.15G086400.Wm82.a4.v1,0.7493714229809715
Glyma.14G044900.Wm82.a4.v1,0.7493714229809715
Glyma.15G053700.Wm82.a4.v1,0.7493469647312039
Glyma.13G194900.Wm82.a4.v1,0.7493127231815291
Glyma.17G157700.Wm82.a4.v1,0.7492784816318544
Glyma.17G043500.Wm82.a4.v1,0.7492148901824586
Glyma.05G227000.Wm82.a4.v1,0.749209998532505
Glyma.U031407.Wm82.a4.v1,0.7492002152325979
Glyma.17G084900.Wm82.a4.v1,0.7491953235826444
Glyma.11G054100.Wm82.a4.v1,0.7491953235826444
Glyma.18G282700.Wm82.a4.v1,0.7491904319326909
Glyma.12G036200.Wm82.a4.v1,0.7491904319326909
Glyma.07G110600.Wm82.a4.v1,0.7491757569828303
Glyma.01G241300.Wm82.a4.v1,0.7491561903830162
Glyma.04G155900.Wm82.a4.v1,0.7491561903830162
Glyma.04G080000.Wm82.a4.v1,0.7491512987330626
Glyma.04G236300.Wm82.a4.v1,0.7491512987330626
Glyma.02G176900.Wm82.a4.v1,0.7491366237832021
Glyma.03G209400.Wm82.a4.v1,0.7491219488333415
Glyma.11G042800.Wm82.a4.v1,0.749117057183388
Glyma.09G269900.Wm82.a4.v1,0.7491023822335273
Glyma.13G210700.Wm82.a4.v1,0.7490974905835739
Glyma.02G201400.Wm82.a4.v1,0.7490779239837597
Glyma.16G168400.Wm82.a4.v1,0.7490192241843173
Glyma.05G129600.Wm82.a4.v1,0.7490192241843173
Glyma.04G095800.Wm82.a4.v1,0.7490094408844103
Glyma.02G129800.Wm82.a4.v1,0.748950741084968
Glyma.02G145300.Wm82.a4.v1,0.7489262828352004
Glyma.14G004700.Wm82.a4.v1,0.7489262828352004
Glyma.05G132200.Wm82.a4.v1,0.748794208286455
Glyma.08G260300.Wm82.a4.v1,0.748794208286455
Glyma.01G042300.Wm82.a4.v1,0.7487648583867339
Glyma.17G035800.Wm82.a4.v1,0.7487404001369662
Glyma.17G211100.Wm82.a4.v1,0.7487159418871986
Glyma.11G238700.Wm82.a4.v1,0.7487061585872915
Glyma.03G066000.Wm82.a4.v1,0.7486425671378956
Glyma.15G258100.Wm82.a4.v1,0.7486425671378956
Glyma.14G211800.Wm82.a4.v1,0.7486132172381744
Glyma.15G183400.Wm82.a4.v1,0.7485985422883138
Glyma.14G024700.Wm82.a4.v1,0.7485545174387321
Glyma.04G029800.Wm82.a4.v1,0.7485251675390109
Glyma.01G152700.Wm82.a4.v1,0.7485153842391038
Glyma.17G010400.Wm82.a4.v1,0.7484713593895221
Glyma.05G235400.Wm82.a4.v1,0.7484273345399404
Glyma.17G096700.Wm82.a4.v1,0.7484224428899868
Glyma.12G168300.Wm82.a4.v1,0.7484224428899868
Glyma.11G209354.Wm82.a4.v1,0.7484126595900797
Glyma.08G013800.Wm82.a4.v1,0.7483930929902656
Glyma.06G284000.Wm82.a4.v1,0.748368634740498
Glyma.06G066900.Wm82.a4.v1,0.7483343931908233
Glyma.10G201300.Wm82.a4.v1,0.748305043291102
Glyma.07G060100.Wm82.a4.v1,0.7482659100914738
Glyma.19G027100.Wm82.a4.v1,0.7482365601917527
Glyma.10G186500.Wm82.a4.v1,0.7482365601917527
Glyma.09G235900.Wm82.a4.v1,0.7481974269921244
Glyma.09G202100.Wm82.a4.v1,0.7481876436922174
Glyma.20G155700.Wm82.a4.v1,0.7481582937924962
Glyma.12G000800.Wm82.a4.v1,0.7481534021425427
Glyma.18G099800.Wm82.a4.v1,0.7480800273932398
Glyma.17G116500.Wm82.a4.v1,0.7480702440933327
Glyma.02G212500.Wm82.a4.v1,0.7480702440933327
Glyma.15G105100.Wm82.a4.v1,0.7480653524433791
Glyma.04G255000.Wm82.a4.v1,0.7480457858435651
Glyma.17G222400.Wm82.a4.v1,0.7480115442938904
Glyma.05G146900.Wm82.a4.v1,0.7480017609939833
Glyma.10G144000.Wm82.a4.v1,0.7479919776940762
Glyma.03G198000.Wm82.a4.v1,0.7479821943941691
Glyma.08G122700.Wm82.a4.v1,0.7479381695445874
Glyma.10G084200.Wm82.a4.v1,0.7479137112948198
Glyma.18G233600.Wm82.a4.v1,0.7478843613950986
Glyma.08G072300.Wm82.a4.v1,0.7478745780951915
Glyma.08G045400.Wm82.a4.v1,0.7478745780951915
Glyma.18G275500.Wm82.a4.v1,0.7478745780951915
Glyma.18G027200.Wm82.a4.v1,0.747869686445238
Glyma.13G217000.Wm82.a4.v1,0.7478550114953774
Glyma.12G018400.Wm82.a4.v1,0.7478452281954703
Glyma.08G337900.Wm82.a4.v1,0.7478354448955633
Glyma.07G149500.Wm82.a4.v1,0.7477571784963069
Glyma.13G372100.Wm82.a4.v1,0.7477327202465391
Glyma.06G199800.Wm82.a4.v1,0.747722936946632
Glyma.12G237000.Wm82.a4.v1,0.7477180452966786
Glyma.05G246500.Wm82.a4.v1,0.7477082619967715
Glyma.05G167100.Wm82.a4.v1,0.747703370346818
Glyma.06G092800.Wm82.a4.v1,0.747703370346818
Glyma.11G252200.Wm82.a4.v1,0.7476740204470969
Glyma.09G255302.Wm82.a4.v1,0.7476691287971433
Glyma.06G132300.Wm82.a4.v1,0.7476593454972362
Glyma.14G000600.Wm82.a4.v1,0.7476446705473756
Glyma.11G031800.Wm82.a4.v1,0.7476348872474685
Glyma.03G198200.Wm82.a4.v1,0.7476299955975151
Glyma.10G016400.Wm82.a4.v1,0.747620212297608
Glyma.20G156400.Wm82.a4.v1,0.7475810790979798
Glyma.03G214300.Wm82.a4.v1,0.7475272709484909
Glyma.13G270500.Wm82.a4.v1,0.7475028126987233
Glyma.13G237500.Wm82.a4.v1,0.7474881377488627
Glyma.09G164700.Wm82.a4.v1,0.7474685711490485
Glyma.15G194600.Wm82.a4.v1,0.7474490045492345
Glyma.13G145700.Wm82.a4.v1,0.7474490045492345
Glyma.08G154800.Wm82.a4.v1,0.7473951963997456
Glyma.17G120400.Wm82.a4.v1,0.7473364966003033
Glyma.10G059500.Wm82.a4.v1,0.747287580100768
Glyma.14G068800.Wm82.a4.v1,0.7472680135009538
Glyma.01G136000.Wm82.a4.v1,0.7472093137015116
Glyma.03G258500.Wm82.a4.v1,0.7471995304016045
Glyma.07G215300.Wm82.a4.v1,0.7471555055520227
Glyma.18G117100.Wm82.a4.v1,0.747121264002348
Glyma.07G163300.Wm82.a4.v1,0.7471163723523945
Glyma.14G151100.Wm82.a4.v1,0.7471163723523945
Glyma.17G141500.Wm82.a4.v1,0.7470870224526733
Glyma.16G150900.Wm82.a4.v1,0.7470821308027198
Glyma.09G229600.Wm82.a4.v1,0.7470625642029056
Glyma.18G081200.Wm82.a4.v1,0.7470429976030916
Glyma.11G216200.Wm82.a4.v1,0.747038105953138
Glyma.02G094100.Wm82.a4.v1,0.7470332143031845
Glyma.18G126000.Wm82.a4.v1,0.7470038644034633
Glyma.14G007300.Wm82.a4.v1,0.7469940811035563
Glyma.11G222900.Wm82.a4.v1,0.7469109230543463
Glyma.10G184300.Wm82.a4.v1,0.7469060314043927
Glyma.04G204600.Wm82.a4.v1,0.7469011397544392
Glyma.15G097000.Wm82.a4.v1,0.7468913564545321
Glyma.04G072800.Wm82.a4.v1,0.7468228733551827
Glyma.17G246600.Wm82.a4.v1,0.7468130900552756
Glyma.10G208200.Wm82.a4.v1,0.7467299320060656
Glyma.05G148000.Wm82.a4.v1,0.7467005821063445
Glyma.02G141800.Wm82.a4.v1,0.7466565572567627
Glyma.11G111200.Wm82.a4.v1,0.7466369906569486
Glyma.06G211900.Wm82.a4.v1,0.746632099006995
Glyma.19G169800.Wm82.a4.v1,0.746632099006995
Glyma.03G258000.Wm82.a4.v1,0.7465685075575992
Glyma.04G180800.Wm82.a4.v1,0.7465098077581568
Glyma.08G095900.Wm82.a4.v1,0.7464902411583427
Glyma.13G106300.Wm82.a4.v1,0.7464853495083892
Glyma.09G284900.Wm82.a4.v1,0.7464511079587145
Glyma.15G117500.Wm82.a4.v1,0.7464413246588074
Glyma.12G084000.Wm82.a4.v1,0.7464070831091327
Glyma.10G106400.Wm82.a4.v1,0.7463581666095974
Glyma.01G052700.Wm82.a4.v1,0.7463239250599227
Glyma.17G140700.Wm82.a4.v1,0.7463190334099692
Glyma.15G253300.Wm82.a4.v1,0.7462847918602945
Glyma.01G015400.Wm82.a4.v1,0.746279900210341
Glyma.05G028500.Wm82.a4.v1,0.7462505503106198
Glyma.11G032000.Wm82.a4.v1,0.7462309837108057
Glyma.20G055700.Wm82.a4.v1,0.7462260920608521
Glyma.13G347000.Wm82.a4.v1,0.746206525461038
Glyma.20G046200.Wm82.a4.v1,0.7461869588612239
Glyma.16G157400.Wm82.a4.v1,0.7461820672112703
Glyma.19G095300.Wm82.a4.v1,0.7461576089615027
Glyma.20G186700.Wm82.a4.v1,0.746123367411828
Glyma.11G219500.Wm82.a4.v1,0.7461184757618745
Glyma.10G016200.Wm82.a4.v1,0.7460695592623392
Glyma.01G177300.Wm82.a4.v1,0.7460597759624321
Glyma.09G057300.Wm82.a4.v1,0.7460353177126645
Glyma.10G102400.Wm82.a4.v1,0.746030426062711
Glyma.13G166400.Wm82.a4.v1,0.7460108594628968
Glyma.20G208800.Wm82.a4.v1,0.7459864012131292
Glyma.10G243700.Wm82.a4.v1,0.7459766179132221
Glyma.13G297200.Wm82.a4.v1,0.7459766179132221
Glyma.17G032000.Wm82.a4.v1,0.7459766179132221
Glyma.13G211300.Wm82.a4.v1,0.745966834613315
Glyma.16G182200.Wm82.a4.v1,0.7459374847135939
Glyma.13G186700.Wm82.a4.v1,0.7459032431639192
Glyma.04G203000.Wm82.a4.v1,0.7458738932641981
Glyma.13G071600.Wm82.a4.v1,0.7458200851147092
Glyma.14G150000.Wm82.a4.v1,0.7457858435650345
Glyma.01G230200.Wm82.a4.v1,0.7457418187154528
Glyma.18G287400.Wm82.a4.v1,0.7457369270654992
Glyma.09G263300.Wm82.a4.v1,0.7456635523161963
Glyma.04G247800.Wm82.a4.v1,0.7456586606662428
Glyma.12G211800.Wm82.a4.v1,0.7456537690162892
Glyma.15G106100.Wm82.a4.v1,0.7456488773663357
Glyma.01G135900.Wm82.a4.v1,0.7456390940664286
Glyma.20G161800.Wm82.a4.v1,0.745614635816661
Glyma.06G124500.Wm82.a4.v1,0.7456048525167539
Glyma.11G029100.Wm82.a4.v1,0.7454972362177763
Glyma.11G094200.Wm82.a4.v1,0.7454825612679157
Glyma.06G079600.Wm82.a4.v1,0.7454629946681015
Glyma.06G276400.Wm82.a4.v1,0.7454532113681945
Glyma.17G052500.Wm82.a4.v1,0.7454336447683804
Glyma.02G168400.Wm82.a4.v1,0.7453504867191704
Glyma.18G078800.Wm82.a4.v1,0.7453407034192633
Glyma.03G138600.Wm82.a4.v1,0.7453358117693097
Glyma.09G069500.Wm82.a4.v1,0.7453211368194492
Glyma.11G202000.Wm82.a4.v1,0.7453162451694957
Glyma.19G084600.Wm82.a4.v1,0.745291786919728
Glyma.12G220900.Wm82.a4.v1,0.745291786919728
Glyma.06G121500.Wm82.a4.v1,0.7452771119698675
Glyma.18G137300.Wm82.a4.v1,0.7452330871202857
Glyma.10G196600.Wm82.a4.v1,0.7451841706207504
Glyma.08G012500.Wm82.a4.v1,0.7451548207210292
Glyma.02G238400.Wm82.a4.v1,0.7451352541212151
Glyma.04G073100.Wm82.a4.v1,0.745125470821308
Glyma.19G004500.Wm82.a4.v1,0.7450814459717262
Glyma.07G189900.Wm82.a4.v1,0.7450814459717262
Glyma.06G089000.Wm82.a4.v1,0.7450765543217728
Glyma.05G105000.Wm82.a4.v1,0.7450716626718192
Glyma.15G125700.Wm82.a4.v1,0.7450520960720051
Glyma.01G204900.Wm82.a4.v1,0.7450374211221445
Glyma.04G184600.Wm82.a4.v1,0.7450276378222375
Glyma.03G140100.Wm82.a4.v1,0.7450276378222375
Glyma.05G243700.Wm82.a4.v1,0.7450178545223304
Glyma.14G217300.Wm82.a4.v1,0.7450031795724698
Glyma.05G227100.Wm82.a4.v1,0.7449982879225162
Glyma.12G213300.Wm82.a4.v1,0.7449787213227022
Glyma.06G091200.Wm82.a4.v1,0.7449640463728415
Glyma.14G182600.Wm82.a4.v1,0.7449151298733062
Glyma.10G047200.Wm82.a4.v1,0.7449102382233528
Glyma.01G122000.Wm82.a4.v1,0.7448808883236315
Glyma.09G188100.Wm82.a4.v1,0.7448711050237246
Glyma.15G048900.Wm82.a4.v1,0.7448613217238175
Glyma.04G160400.Wm82.a4.v1,0.7448417551240033
Glyma.07G149400.Wm82.a4.v1,0.7448172968742357
Glyma.08G271700.Wm82.a4.v1,0.7448075135743286
Glyma.19G222700.Wm82.a4.v1,0.7447683803747004
Glyma.18G282400.Wm82.a4.v1,0.7447585970747933
Glyma.13G296600.Wm82.a4.v1,0.7447194638751651
Glyma.16G166500.Wm82.a4.v1,0.7446509807758157
Glyma.03G076900.Wm82.a4.v1,0.7446460891258622
Glyma.03G206200.Wm82.a4.v1,0.7446411974759086
Glyma.17G194300.Wm82.a4.v1,0.7446020642762804
Glyma.01G132300.Wm82.a4.v1,0.7445971726263269
Glyma.09G217100.Wm82.a4.v1,0.744533581176931
Glyma.01G199000.Wm82.a4.v1,0.7444895563273493
Glyma.09G050600.Wm82.a4.v1,0.7444748813774886
Glyma.05G237000.Wm82.a4.v1,0.7444553147776745
Glyma.13G345500.Wm82.a4.v1,0.744450423127721
Glyma.04G080800.Wm82.a4.v1,0.7444455314777675
Glyma.06G016200.Wm82.a4.v1,0.7444406398278139
Glyma.16G219000.Wm82.a4.v1,0.7443917233282786
Glyma.10G017400.Wm82.a4.v1,0.744377048378418
Glyma.20G038500.Wm82.a4.v1,0.7443525901286504
Glyma.04G001400.Wm82.a4.v1,0.7443476984786969
Glyma.17G215800.Wm82.a4.v1,0.7442987819791616
Glyma.10G106100.Wm82.a4.v1,0.7442645404294869
Glyma.19G040200.Wm82.a4.v1,0.7442596487795333
Glyma.14G105900.Wm82.a4.v1,0.7442498654796262
Glyma.19G123100.Wm82.a4.v1,0.7442254072298586
Glyma.09G001900.Wm82.a4.v1,0.7442205155799051
Glyma.17G037600.Wm82.a4.v1,0.744210732279998
Glyma.05G174200.Wm82.a4.v1,0.7442058406300445
Glyma.08G288400.Wm82.a4.v1,0.7442058406300445
Glyma.12G229700.Wm82.a4.v1,0.7441960573301375
Glyma.13G241400.Wm82.a4.v1,0.744191165680184
Glyma.08G217500.Wm82.a4.v1,0.7441764907303233
Glyma.06G181100.Wm82.a4.v1,0.7441520324805557
Glyma.05G079100.Wm82.a4.v1,0.7441471408306022
Glyma.16G003600.Wm82.a4.v1,0.7441422491806486
Glyma.19G135600.Wm82.a4.v1,0.7441324658807416
Glyma.18G261100.Wm82.a4.v1,0.744127574230788
Glyma.12G193500.Wm82.a4.v1,0.744117790930881
Glyma.15G142600.Wm82.a4.v1,0.7441128992809275
Glyma.13G130700.Wm82.a4.v1,0.7440884410311598
Glyma.09G018000.Wm82.a4.v1,0.7440639827813922
Glyma.13G172500.Wm82.a4.v1,0.7440297412317175
Glyma.09G215301.Wm82.a4.v1,0.7440297412317175
Glyma.16G077900.Wm82.a4.v1,0.7440199579318104
Glyma.02G241000.Wm82.a4.v1,0.7440150662818569
Glyma.06G197600.Wm82.a4.v1,0.7440101746319033
Glyma.08G254000.Wm82.a4.v1,0.7439954996820427
Glyma.09G234200.Wm82.a4.v1,0.7439319082326469
Glyma.17G070000.Wm82.a4.v1,0.7438878833830651
Glyma.05G235800.Wm82.a4.v1,0.7438829917331116
Glyma.09G044700.Wm82.a4.v1,0.743878100083158
Glyma.08G310300.Wm82.a4.v1,0.7438242919336693
Glyma.15G104200.Wm82.a4.v1,0.7438242919336693
Glyma.06G062300.Wm82.a4.v1,0.7437509171843663
Glyma.13G160300.Wm82.a4.v1,0.7437362422345057
Glyma.04G192000.Wm82.a4.v1,0.7437264589345987
Glyma.02G050700.Wm82.a4.v1,0.7437215672846451
Glyma.20G051100.Wm82.a4.v1,0.7437215672846451
Glyma.06G151500.Wm82.a4.v1,0.7437166756346916
Glyma.08G014500.Wm82.a4.v1,0.7437166756346916
Glyma.06G116000.Wm82.a4.v1,0.743711783984738
Glyma.09G136800.Wm82.a4.v1,0.743711783984738
Glyma.03G229000.Wm82.a4.v1,0.7436971090348775
Glyma.12G039000.Wm82.a4.v1,0.743692217384924
Glyma.07G029300.Wm82.a4.v1,0.743692217384924
Glyma.08G162600.Wm82.a4.v1,0.7436873257349704
Glyma.06G053200.Wm82.a4.v1,0.7436677591351563
Glyma.06G314700.Wm82.a4.v1,0.7436579758352492
Glyma.03G234800.Wm82.a4.v1,0.743628625935528
Glyma.17G162000.Wm82.a4.v1,0.7435797094359927
Glyma.02G310000.Wm82.a4.v1,0.743525901286504
Glyma.09G010500.Wm82.a4.v1,0.7435210096365504
Glyma.18G208202.Wm82.a4.v1,0.7435014430367363
Glyma.15G126400.Wm82.a4.v1,0.7434916597368292
Glyma.05G172600.Wm82.a4.v1,0.7434769847869687
Glyma.01G009300.Wm82.a4.v1,0.743452526537201
Glyma.02G065600.Wm82.a4.v1,0.7434378515873404
Glyma.03G037100.Wm82.a4.v1,0.7434036100376658
Glyma.07G054800.Wm82.a4.v1,0.743379151787898
Glyma.13G131600.Wm82.a4.v1,0.7433498018881769
Glyma.20G156500.Wm82.a4.v1,0.7433204519884558
Glyma.12G170000.Wm82.a4.v1,0.7432666438389669
Glyma.14G184500.Wm82.a4.v1,0.7432617521890134
Glyma.12G177500.Wm82.a4.v1,0.7432568605390598
Glyma.02G104500.Wm82.a4.v1,0.7432275106393387
Glyma.06G117700.Wm82.a4.v1,0.743212835689478
Glyma.13G210000.Wm82.a4.v1,0.7432079440395245
Glyma.20G246900.Wm82.a4.v1,0.7431883774397104
Glyma.03G235500.Wm82.a4.v1,0.7431737024898498
Glyma.11G239800.Wm82.a4.v1,0.7431052193905004
Glyma.07G235400.Wm82.a4.v1,0.7430856527906863
Glyma.18G138700.Wm82.a4.v1,0.742953578241941
Glyma.02G191500.Wm82.a4.v1,0.742943794942034
Glyma.13G142100.Wm82.a4.v1,0.7429193366922663
Glyma.03G056500.Wm82.a4.v1,0.7429046617424057
Glyma.05G105300.Wm82.a4.v1,0.7428655285427774
Glyma.19G015500.Wm82.a4.v1,0.7427628038937534
Glyma.16G099600.Wm82.a4.v1,0.7426845374944969
Glyma.15G244700.Wm82.a4.v1,0.7426747541945898
Glyma.10G168600.Wm82.a4.v1,0.7426551875947757
Glyma.06G164900.Wm82.a4.v1,0.7426502959448222
Glyma.18G024100.Wm82.a4.v1,0.7426356209949616
Glyma.03G086600.Wm82.a4.v1,0.7425622462456587
Glyma.13G268600.Wm82.a4.v1,0.7425573545957052
Glyma.15G090400.Wm82.a4.v1,0.7425231130460305
Glyma.10G159700.Wm82.a4.v1,0.7424937631463092
Glyma.01G117800.Wm82.a4.v1,0.7424937631463092
Glyma.04G045600.Wm82.a4.v1,0.7424741965464952
Glyma.17G142000.Wm82.a4.v1,0.7424497382967274
Glyma.07G171200.Wm82.a4.v1,0.7424350633468669
Glyma.08G188400.Wm82.a4.v1,0.7424350633468669
Glyma.04G012300.Wm82.a4.v1,0.7424301716969134
Glyma.14G134200.Wm82.a4.v1,0.7424203883970063
Glyma.05G108800.Wm82.a4.v1,0.7424154967470528
Glyma.02G096800.Wm82.a4.v1,0.7423861468473316
Glyma.20G170500.Wm82.a4.v1,0.7423861468473316
Glyma.09G194200.Wm82.a4.v1,0.7423763635474245
Glyma.05G198700.Wm82.a4.v1,0.742371471897471
Glyma.08G103800.Wm82.a4.v1,0.7423616885975639
Glyma.18G213700.Wm82.a4.v1,0.7422932054982145
Glyma.19G246000.Wm82.a4.v1,0.7422785305483539
Glyma.03G158400.Wm82.a4.v1,0.7422002641490975
Glyma.10G200100.Wm82.a4.v1,0.7421953724991439
Glyma.06G303600.Wm82.a4.v1,0.7421758058993299
Glyma.05G150200.Wm82.a4.v1,0.7421660225994228
Glyma.10G209100.Wm82.a4.v1,0.7421611309494692
Glyma.12G151400.Wm82.a4.v1,0.7421415643496552
Glyma.09G040000.Wm82.a4.v1,0.7421317810497481
Glyma.09G174000.Wm82.a4.v1,0.7421317810497481
Glyma.02G021900.Wm82.a4.v1,0.7421317810497481
Glyma.11G075600.Wm82.a4.v1,0.7421171060998875
Glyma.12G202400.Wm82.a4.v1,0.7421122144499339
Glyma.02G081400.Wm82.a4.v1,0.7420926478501199
Glyma.14G211600.Wm82.a4.v1,0.7420437313505845
Glyma.14G100200.Wm82.a4.v1,0.742038839700631
Glyma.07G075500.Wm82.a4.v1,0.7420290564007239
Glyma.13G065000.Wm82.a4.v1,0.7419948148510492
Glyma.16G219100.Wm82.a4.v1,0.7419850315511421
Glyma.05G209900.Wm82.a4.v1,0.7419801399011887
Glyma.02G161900.Wm82.a4.v1,0.741955681651421
Glyma.07G089000.Wm82.a4.v1,0.7419312234016534
Glyma.12G013000.Wm82.a4.v1,0.7419312234016534
Glyma.03G164400.Wm82.a4.v1,0.7419116568018392
Glyma.07G236600.Wm82.a4.v1,0.7419116568018392
Glyma.19G176200.Wm82.a4.v1,0.7419018735019322
Glyma.04G056400.Wm82.a4.v1,0.7418920902020252
Glyma.09G060600.Wm82.a4.v1,0.7418871985520716
Glyma.07G054300.Wm82.a4.v1,0.741852957002397
Glyma.18G296100.Wm82.a4.v1,0.7418480653524434
Glyma.05G216800.Wm82.a4.v1,0.7418431737024899
Glyma.09G120400.Wm82.a4.v1,0.7418333904025828
Glyma.17G250200.Wm82.a4.v1,0.7418284987526292
Glyma.07G080100.Wm82.a4.v1,0.7418187154527222
Glyma.12G191900.Wm82.a4.v1,0.7418187154527222
Glyma.08G041800.Wm82.a4.v1,0.7418040405028616
Glyma.20G019000.Wm82.a4.v1,0.7417795822530939
Glyma.10G212700.Wm82.a4.v1,0.741769798953187
Glyma.07G049600.Wm82.a4.v1,0.7417502323533728
Glyma.08G112400.Wm82.a4.v1,0.7417453407034192
Glyma.07G207500.Wm82.a4.v1,0.7417404490534657
Glyma.19G152900.Wm82.a4.v1,0.7417404490534657
Glyma.04G092700.Wm82.a4.v1,0.7417404490534657
Glyma.13G181200.Wm82.a4.v1,0.7417355574035122
Glyma.18G276600.Wm82.a4.v1,0.7417257741036052
Glyma.20G007400.Wm82.a4.v1,0.7417110991537446
Glyma.16G132600.Wm82.a4.v1,0.7416328327544881
Glyma.05G187400.Wm82.a4.v1,0.7416181578046275
Glyma.20G116300.Wm82.a4.v1,0.7416181578046275
Glyma.09G256800.Wm82.a4.v1,0.7416083745047204
Glyma.15G218400.Wm82.a4.v1,0.7415594580051852
Glyma.03G198500.Wm82.a4.v1,0.7415301081054639
Glyma.16G027100.Wm82.a4.v1,0.7415056498556963
Glyma.15G111000.Wm82.a4.v1,0.7415056498556963
Glyma.16G161500.Wm82.a4.v1,0.7415007582057428
Glyma.06G046400.Wm82.a4.v1,0.7414714083060217
Glyma.17G206800.Wm82.a4.v1,0.7414714083060217
Glyma.11G004300.Wm82.a4.v1,0.7414665166560681
Glyma.07G206500.Wm82.a4.v1,0.7414469500562539
Glyma.07G229000.Wm82.a4.v1,0.7414469500562539
Glyma.08G266500.Wm82.a4.v1,0.7414127085065793
Glyma.10G092500.Wm82.a4.v1,0.7413980335567186
Glyma.05G209600.Wm82.a4.v1,0.7413393337572763
Glyma.12G033600.Wm82.a4.v1,0.7413099838575552
Glyma.18G133800.Wm82.a4.v1,0.7412463924081593
Glyma.17G146400.Wm82.a4.v1,0.7412170425084381
Glyma.17G104200.Wm82.a4.v1,0.7411925842586704
Glyma.08G071900.Wm82.a4.v1,0.7411779093088099
Glyma.06G322800.Wm82.a4.v1,0.7411730176588563
Glyma.08G222600.Wm82.a4.v1,0.7411681260089028
Glyma.06G188500.Wm82.a4.v1,0.7411632343589493
Glyma.09G269300.Wm82.a4.v1,0.741031159810204
Glyma.02G220700.Wm82.a4.v1,0.7410213765102969
Glyma.18G183600.Wm82.a4.v1,0.7410164848603434
Glyma.20G210300.Wm82.a4.v1,0.7410067015604364
Glyma.17G185600.Wm82.a4.v1,0.7410067015604364
Glyma.15G013000.Wm82.a4.v1,0.7409920266105757
Glyma.06G056400.Wm82.a4.v1,0.7409871349606222
Glyma.04G093500.Wm82.a4.v1,0.7409724600107617
Glyma.13G032400.Wm82.a4.v1,0.7409724600107617
Glyma.08G171900.Wm82.a4.v1,0.740957785060901
Glyma.04G254300.Wm82.a4.v1,0.7409284351611799
Glyma.18G281300.Wm82.a4.v1,0.7409137602113193
Glyma.04G033800.Wm82.a4.v1,0.7408990852614586
Glyma.19G044700.Wm82.a4.v1,0.7408990852614586
Glyma.19G132000.Wm82.a4.v1,0.7408941936115052
Glyma.14G223500.Wm82.a4.v1,0.7408893019615517
Glyma.20G171100.Wm82.a4.v1,0.7408844103115981
Glyma.10G083500.Wm82.a4.v1,0.7408697353617375
Glyma.04G203300.Wm82.a4.v1,0.7408697353617375
Glyma.19G171100.Wm82.a4.v1,0.7408452771119699
Glyma.12G059900.Wm82.a4.v1,0.7408403854620164
Glyma.18G253000.Wm82.a4.v1,0.7408354938120628
Glyma.11G002700.Wm82.a4.v1,0.7408061439123417
Glyma.12G224500.Wm82.a4.v1,0.7408061439123417
Glyma.01G106200.Wm82.a4.v1,0.740791468962481
Glyma.16G092700.Wm82.a4.v1,0.740781685662574
Glyma.11G111300.Wm82.a4.v1,0.7407767940126204
Glyma.15G188500.Wm82.a4.v1,0.7407670107127134
Glyma.18G296400.Wm82.a4.v1,0.7407621190627599
Glyma.17G201400.Wm82.a4.v1,0.7407229858631317
Glyma.19G248400.Wm82.a4.v1,0.7406545027637822
Glyma.19G167900.Wm82.a4.v1,0.7406300445140146
Glyma.03G239600.Wm82.a4.v1,0.7406006946142935
Glyma.17G061600.Wm82.a4.v1,0.7405566697647117
Glyma.10G262400.Wm82.a4.v1,0.7405371031648975
Glyma.07G218300.Wm82.a4.v1,0.7405224282150369
Glyma.04G160900.Wm82.a4.v1,0.7405224282150369
Glyma.11G227700.Wm82.a4.v1,0.7405224282150369
Glyma.17G075400.Wm82.a4.v1,0.7405077532651764
Glyma.02G097700.Wm82.a4.v1,0.7404930783153157
Glyma.06G101400.Wm82.a4.v1,0.7404784033654551
Glyma.10G284000.Wm82.a4.v1,0.740449053465734
Glyma.19G188300.Wm82.a4.v1,0.7404099202661057
Glyma.13G261200.Wm82.a4.v1,0.7404099202661057
Glyma.06G183300.Wm82.a4.v1,0.7403903536662917
Glyma.12G227400.Wm82.a4.v1,0.7403854620163381
Glyma.13G275900.Wm82.a4.v1,0.7403805703663846
Glyma.01G181500.Wm82.a4.v1,0.7403805703663846
Glyma.11G041300.Wm82.a4.v1,0.740365895416524
Glyma.12G018100.Wm82.a4.v1,0.7403561121166169
Glyma.08G335900.Wm82.a4.v1,0.7403463288167099
Glyma.04G037100.Wm82.a4.v1,0.7403463288167099
Glyma.07G103600.Wm82.a4.v1,0.7403414371667564
Glyma.17G142600.Wm82.a4.v1,0.7403365455168028
Glyma.19G131400.Wm82.a4.v1,0.7403316538668493
Glyma.17G232285.Wm82.a4.v1,0.7403169789169887
Glyma.20G123600.Wm82.a4.v1,0.7403169789169887
Glyma.20G180600.Wm82.a4.v1,0.7403023039671282
Glyma.01G059900.Wm82.a4.v1,0.7403023039671282
Glyma.14G208300.Wm82.a4.v1,0.7402974123171746
Glyma.18G159000.Wm82.a4.v1,0.740282737367314
Glyma.14G108400.Wm82.a4.v1,0.7402582791175464
Glyma.11G174500.Wm82.a4.v1,0.7402436041676858
Glyma.05G144300.Wm82.a4.v1,0.7402142542679646
Glyma.18G216900.Wm82.a4.v1,0.7401946876681504
Glyma.06G317300.Wm82.a4.v1,0.7401604461184758
Glyma.14G118500.Wm82.a4.v1,0.7401408795186617
Glyma.07G031500.Wm82.a4.v1,0.7401310962187546
Glyma.19G135800.Wm82.a4.v1,0.7401310962187546
Glyma.04G239200.Wm82.a4.v1,0.7401262045688011
Glyma.09G251100.Wm82.a4.v1,0.7401066379689869
Glyma.18G282000.Wm82.a4.v1,0.7400870713691728
Glyma.19G211500.Wm82.a4.v1,0.7400772880692658
Glyma.13G047500.Wm82.a4.v1,0.7400577214694517
Glyma.01G219700.Wm82.a4.v1,0.740033263219684
Glyma.13G065400.Wm82.a4.v1,0.7400185882698234
Glyma.08G225500.Wm82.a4.v1,0.7399990216700093
Glyma.03G167400.Wm82.a4.v1,0.7399892383701022
Glyma.08G207300.Wm82.a4.v1,0.7399403218705669
Glyma.03G211400.Wm82.a4.v1,0.7399109719708458
Glyma.04G073900.Wm82.a4.v1,0.7398914053710316
Glyma.01G170900.Wm82.a4.v1,0.7398865137210782
Glyma.10G219700.Wm82.a4.v1,0.7398620554713105
Glyma.20G177200.Wm82.a4.v1,0.7398424888714964
Glyma.18G020800.Wm82.a4.v1,0.7398327055715893
Glyma.12G102300.Wm82.a4.v1,0.7398082473218216
Glyma.18G064900.Wm82.a4.v1,0.7397984640219146
Glyma.06G062700.Wm82.a4.v1,0.7397886807220075
Glyma.02G116300.Wm82.a4.v1,0.739783789072054
Glyma.17G005500.Wm82.a4.v1,0.7397691141221934
Glyma.15G020300.Wm82.a4.v1,0.7397446558724258
Glyma.10G022800.Wm82.a4.v1,0.7397299809225651
Glyma.04G216000.Wm82.a4.v1,0.7396663894731693
Glyma.10G286700.Wm82.a4.v1,0.7396566061732622
Glyma.20G190600.Wm82.a4.v1,0.7396517145233087
Glyma.04G090500.Wm82.a4.v1,0.7396272562735411
Glyma.04G195500.Wm82.a4.v1,0.7396223646235875
Glyma.15G097900.Wm82.a4.v1,0.7396125813236805
Glyma.06G181600.Wm82.a4.v1,0.7395832314239593
Glyma.08G028200.Wm82.a4.v1,0.7395440982243311
Glyma.01G055500.Wm82.a4.v1,0.7395196399745634
Glyma.11G249000.Wm82.a4.v1,0.7394853984248887
Glyma.20G174900.Wm82.a4.v1,0.7394609401751211
Glyma.12G062900.Wm82.a4.v1,0.7394315902753998
Glyma.04G083000.Wm82.a4.v1,0.7393484322261898
Glyma.06G175700.Wm82.a4.v1,0.7393435405762364
Glyma.01G139600.Wm82.a4.v1,0.7393092990265616
Glyma.09G242800.Wm82.a4.v1,0.7391918994276769
Glyma.02G233000.Wm82.a4.v1,0.7391429829281416
Glyma.03G099000.Wm82.a4.v1,0.7391380912781881
Glyma.19G179000.Wm82.a4.v1,0.7391087413784669
Glyma.03G191000.Wm82.a4.v1,0.7390940664286064
Glyma.11G079200.Wm82.a4.v1,0.7390940664286064
Glyma.13G201200.Wm82.a4.v1,0.7390940664286064
Glyma.13G241300.Wm82.a4.v1,0.7390598248789316
Glyma.17G076700.Wm82.a4.v1,0.7390255833292569
Glyma.12G096100.Wm82.a4.v1,0.7390011250794893
Glyma.10G018700.Wm82.a4.v1,0.7389815584796752
Glyma.01G178200.Wm82.a4.v1,0.7389815584796752
Glyma.13G033400.Wm82.a4.v1,0.7389717751797681
Glyma.05G154700.Wm82.a4.v1,0.7389571002299076
Glyma.14G094400.Wm82.a4.v1,0.7389473169300005
Glyma.03G216700.Wm82.a4.v1,0.7389326419801399
Glyma.13G115500.Wm82.a4.v1,0.7388935087805116
Glyma.14G176900.Wm82.a4.v1,0.738859267230837
Glyma.06G074000.Wm82.a4.v1,0.7388348089810693
Glyma.17G150300.Wm82.a4.v1,0.7388054590813481
Glyma.01G194500.Wm82.a4.v1,0.7387712175316734
Glyma.07G213700.Wm82.a4.v1,0.7387418676319523
Glyma.04G224900.Wm82.a4.v1,0.7387369759819987
Glyma.19G027900.Wm82.a4.v1,0.7387320843320452
Glyma.12G172500.Wm82.a4.v1,0.7387271926820916
Glyma.04G239300.Wm82.a4.v1,0.7386538179327887
Glyma.11G087400.Wm82.a4.v1,0.7386293596830211
Glyma.08G005800.Wm82.a4.v1,0.7385902264833929
Glyma.08G311700.Wm82.a4.v1,0.7385804431834858
Glyma.11G033000.Wm82.a4.v1,0.7385755515335323
Glyma.15G046000.Wm82.a4.v1,0.7385510932837646
Glyma.11G151700.Wm82.a4.v1,0.738526635033997
Glyma.02G019700.Wm82.a4.v1,0.7385168517340899
Glyma.06G071600.Wm82.a4.v1,0.7385168517340899
Glyma.16G176200.Wm82.a4.v1,0.7385070684341829
Glyma.08G087100.Wm82.a4.v1,0.7384826101844152
Glyma.05G146400.Wm82.a4.v1,0.7384336936848799
Glyma.17G119400.Wm82.a4.v1,0.7384288020349263
Glyma.11G050600.Wm82.a4.v1,0.7384190187350194
Glyma.18G032000.Wm82.a4.v1,0.7384141270850658
Glyma.05G235300.Wm82.a4.v1,0.7384043437851587
Glyma.11G243900.Wm82.a4.v1,0.7383505356356699
Glyma.16G082400.Wm82.a4.v1,0.7383456439857163
Glyma.09G120600.Wm82.a4.v1,0.7383407523357629
Glyma.13G045000.Wm82.a4.v1,0.7383358606858094
Glyma.16G033900.Wm82.a4.v1,0.7383211857359487
Glyma.02G001300.Wm82.a4.v1,0.7383065107860881
Glyma.07G106100.Wm82.a4.v1,0.7382429193366923
Glyma.04G061700.Wm82.a4.v1,0.7381891111872034
Glyma.05G238500.Wm82.a4.v1,0.7381695445873894
Glyma.17G120300.Wm82.a4.v1,0.7381353030377146
Glyma.01G193800.Wm82.a4.v1,0.7380961698380863
Glyma.01G079500.Wm82.a4.v1,0.7380668199383652
Glyma.08G087600.Wm82.a4.v1,0.7380619282884117
Glyma.17G099300.Wm82.a4.v1,0.7380570366384581
Glyma.02G267300.Wm82.a4.v1,0.7380521449885046
Glyma.15G054700.Wm82.a4.v1,0.7379983368390158
Glyma.06G045000.Wm82.a4.v1,0.7379836618891552
Glyma.16G041200.Wm82.a4.v1,0.7379738785892481
Glyma.16G212800.Wm82.a4.v1,0.7379738785892481
Glyma.07G106600.Wm82.a4.v1,0.7379640952893411
Glyma.03G111200.Wm82.a4.v1,0.7379396370395734
Glyma.17G083300.Wm82.a4.v1,0.7379347453896199
Glyma.02G004200.Wm82.a4.v1,0.7379249620897128
Glyma.13G288200.Wm82.a4.v1,0.7379151787898058
Glyma.15G258300.Wm82.a4.v1,0.7378662622902705
Glyma.04G069100.Wm82.a4.v1,0.7378564789903634
Glyma.04G148300.Wm82.a4.v1,0.7378271290906423
Glyma.06G081600.Wm82.a4.v1,0.7378271290906423
Glyma.07G069150.Wm82.a4.v1,0.737797779190921
Glyma.10G005200.Wm82.a4.v1,0.7377831042410605
Glyma.13G086300.Wm82.a4.v1,0.7377831042410605
Glyma.01G236100.Wm82.a4.v1,0.7377831042410605
Glyma.17G113700.Wm82.a4.v1,0.737778212591107
Glyma.03G227400.Wm82.a4.v1,0.7377684292911999
Glyma.09G256000.Wm82.a4.v1,0.7377586459912928
Glyma.20G110300.Wm82.a4.v1,0.7377097294917576
Glyma.09G286300.Wm82.a4.v1,0.7376999461918505
Glyma.19G230600.Wm82.a4.v1,0.7376852712419899
Glyma.09G005700.Wm82.a4.v1,0.7376754879420828
Glyma.11G165600.Wm82.a4.v1,0.7376754879420828
Glyma.18G275200.Wm82.a4.v1,0.7376657046421758
Glyma.12G024500.Wm82.a4.v1,0.7376559213422688
Glyma.17G043000.Wm82.a4.v1,0.7376412463924081
Glyma.06G159200.Wm82.a4.v1,0.737631463092501
Glyma.15G024500.Wm82.a4.v1,0.7376216797925941
Glyma.16G003900.Wm82.a4.v1,0.7376216797925941
Glyma.03G017000.Wm82.a4.v1,0.7376070048427334
Glyma.10G105400.Wm82.a4.v1,0.7375238467935235
Glyma.02G040600.Wm82.a4.v1,0.7374896052438488
Glyma.13G094000.Wm82.a4.v1,0.7374896052438488
Glyma.05G138700.Wm82.a4.v1,0.7373281807953823
Glyma.18G007900.Wm82.a4.v1,0.7373086141955681
Glyma.08G244700.Wm82.a4.v1,0.7372890475957541
Glyma.09G098800.Wm82.a4.v1,0.7372205644964046
Glyma.15G276200.Wm82.a4.v1,0.7371765396468228
Glyma.20G042200.Wm82.a4.v1,0.7371080565474735
Glyma.04G050200.Wm82.a4.v1,0.7370346817981706
Glyma.05G012400.Wm82.a4.v1,0.7370200068483099
Glyma.07G265300.Wm82.a4.v1,0.7369613070488675
Glyma.19G120051.Wm82.a4.v1,0.7369368487990999
Glyma.18G043300.Wm82.a4.v1,0.7369221738492393
Glyma.03G224500.Wm82.a4.v1,0.7369123905493323
Glyma.20G060100.Wm82.a4.v1,0.736863474049797
Glyma.02G204300.Wm82.a4.v1,0.7368439074499828
Glyma.01G203000.Wm82.a4.v1,0.7367900993004941
Glyma.04G008500.Wm82.a4.v1,0.736780316000587
Glyma.04G008100.Wm82.a4.v1,0.7367313995010517
Glyma.01G058700.Wm82.a4.v1,0.7367167245511911
Glyma.03G021900.Wm82.a4.v1,0.7367069412512841
Glyma.16G062800.Wm82.a4.v1,0.736697157951377
Glyma.08G217600.Wm82.a4.v1,0.7366775913515629
Glyma.11G189400.Wm82.a4.v1,0.7366726997016093
Glyma.20G160900.Wm82.a4.v1,0.7366433498018882
Glyma.01G155900.Wm82.a4.v1,0.736613999902167
Glyma.19G181900.Wm82.a4.v1,0.7366091082522135
Glyma.10G084500.Wm82.a4.v1,0.7365993249523064
Glyma.20G249700.Wm82.a4.v1,0.7365944333023529
Glyma.02G275300.Wm82.a4.v1,0.7365944333023529
Glyma.13G181500.Wm82.a4.v1,0.7365650834026317
Glyma.20G020300.Wm82.a4.v1,0.7364770337034682
Glyma.06G231500.Wm82.a4.v1,0.7364574671036541
Glyma.14G037300.Wm82.a4.v1,0.73643790050384
Glyma.20G189300.Wm82.a4.v1,0.73643790050384
Glyma.04G248300.Wm82.a4.v1,0.7364134422540723
Glyma.07G214600.Wm82.a4.v1,0.73635474245463
Glyma.12G058100.Wm82.a4.v1,0.7363449591547229
Glyma.19G127700.Wm82.a4.v1,0.7363351758548158
Glyma.08G286700.Wm82.a4.v1,0.7363253925549088
Glyma.06G313200.Wm82.a4.v1,0.7363156092550017
Glyma.11G102000.Wm82.a4.v1,0.736291151005234
Glyma.10G275800.Wm82.a4.v1,0.7362862593552806
Glyma.13G005300.Wm82.a4.v1,0.7362520178056058
Glyma.20G125200.Wm82.a4.v1,0.7362373428557453
Glyma.11G094400.Wm82.a4.v1,0.7362275595558382
Glyma.05G016900.Wm82.a4.v1,0.7362177762559311
Glyma.16G130000.Wm82.a4.v1,0.7361933180061635
Glyma.18G286900.Wm82.a4.v1,0.7361933180061635
Glyma.19G164400.Wm82.a4.v1,0.7361786430563029
Glyma.10G265900.Wm82.a4.v1,0.7361737514063493
Glyma.12G082300.Wm82.a4.v1,0.7361101599569535
Glyma.09G196800.Wm82.a4.v1,0.7360367852076506
Glyma.07G266900.Wm82.a4.v1,0.7359878687081153
Glyma.03G257300.Wm82.a4.v1,0.7359291689086729
Glyma.06G130200.Wm82.a4.v1,0.7359291689086729
Glyma.02G238800.Wm82.a4.v1,0.7359144939588123
Glyma.08G328800.Wm82.a4.v1,0.7358851440590911
Glyma.17G104800.Wm82.a4.v1,0.7358460108594629
Glyma.19G125400.Wm82.a4.v1,0.7357481778603923
Glyma.20G104200.Wm82.a4.v1,0.7357286112605782
Glyma.07G043100.Wm82.a4.v1,0.7357237196106247
Glyma.03G166400.Wm82.a4.v1,0.7356796947610429
Glyma.15G041300.Wm82.a4.v1,0.7356699114611358
Glyma.02G146100.Wm82.a4.v1,0.7356650198111823
Glyma.01G086201.Wm82.a4.v1,0.7356307782615076
Glyma.15G022500.Wm82.a4.v1,0.7356307782615076
Glyma.17G085000.Wm82.a4.v1,0.7356112116616935
Glyma.07G031600.Wm82.a4.v1,0.7355916450618794
Glyma.04G103900.Wm82.a4.v1,0.7355720784620653
Glyma.10G291800.Wm82.a4.v1,0.7355476202122976
Glyma.10G257300.Wm82.a4.v1,0.7355329452624371
Glyma.03G137100.Wm82.a4.v1,0.7355035953627158
Glyma.15G167500.Wm82.a4.v1,0.7354889204128553
Glyma.05G226600.Wm82.a4.v1,0.7354840287629018
Glyma.17G149500.Wm82.a4.v1,0.7354693538130411
Glyma.15G251900.Wm82.a4.v1,0.7354497872132271
Glyma.02G071300.Wm82.a4.v1,0.7354351122633664
Glyma.06G316400.Wm82.a4.v1,0.7354253289634594
Glyma.08G241400.Wm82.a4.v1,0.7353861957638311
Glyma.02G146600.Wm82.a4.v1,0.7353813041138776
Glyma.18G279200.Wm82.a4.v1,0.7353715208139705
Glyma.08G266100.Wm82.a4.v1,0.7353666291640171
Glyma.07G151800.Wm82.a4.v1,0.7353617375140635
Glyma.06G253800.Wm82.a4.v1,0.7353421709142494
Glyma.10G238100.Wm82.a4.v1,0.7353128210145282
Glyma.07G051600.Wm82.a4.v1,0.7353030377146211
Glyma.18G109100.Wm82.a4.v1,0.7352834711148071
Glyma.11G098300.Wm82.a4.v1,0.7352736878149
Glyma.20G124600.Wm82.a4.v1,0.7352492295651323
Glyma.03G232200.Wm82.a4.v1,0.7352345546152718
Glyma.10G291300.Wm82.a4.v1,0.735210096365504
Glyma.20G077000.Wm82.a4.v1,0.7352003130655971
Glyma.16G066000.Wm82.a4.v1,0.7351807464657829
Glyma.15G014900.Wm82.a4.v1,0.7351709631658758
Glyma.13G319000.Wm82.a4.v1,0.7351709631658758
Glyma.01G162700.Wm82.a4.v1,0.7351220466663405
Glyma.02G234500.Wm82.a4.v1,0.73510737171648
Glyma.16G120600.Wm82.a4.v1,0.7350975884165729
Glyma.14G116800.Wm82.a4.v1,0.7350975884165729
Glyma.02G143500.Wm82.a4.v1,0.7350975884165729
Glyma.10G276500.Wm82.a4.v1,0.7350926967666194
Glyma.09G028600.Wm82.a4.v1,0.7350926967666194
Glyma.14G116600.Wm82.a4.v1,0.7350633468668982
Glyma.16G041500.Wm82.a4.v1,0.7350535635669911
Glyma.17G165900.Wm82.a4.v1,0.7350486719170376
Glyma.16G084800.Wm82.a4.v1,0.7350388886171305
Glyma.08G144700.Wm82.a4.v1,0.7350388886171305
Glyma.05G064050.Wm82.a4.v1,0.7350095387174094
Glyma.03G099900.Wm82.a4.v1,0.7349704055177811
Glyma.04G243100.Wm82.a4.v1,0.7349704055177811
Glyma.13G289900.Wm82.a4.v1,0.73494105561806
Glyma.01G182300.Wm82.a4.v1,0.7349214890182458
Glyma.06G308700.Wm82.a4.v1,0.7348921391185247
Glyma.19G159400.Wm82.a4.v1,0.7348774641686641
Glyma.19G158800.Wm82.a4.v1,0.734867680868757
Glyma.02G095200.Wm82.a4.v1,0.7348530059188965
Glyma.04G158800.Wm82.a4.v1,0.7348432226189894
Glyma.06G285800.Wm82.a4.v1,0.7348138727192682
Glyma.13G236700.Wm82.a4.v1,0.7348089810693147
Glyma.20G121700.Wm82.a4.v1,0.7347649562197329
Glyma.06G033500.Wm82.a4.v1,0.7347453896199188
Glyma.06G135600.Wm82.a4.v1,0.7347209313701512
Glyma.19G011200.Wm82.a4.v1,0.7347160397201976
Glyma.06G123500.Wm82.a4.v1,0.7347111480702441
Glyma.08G116000.Wm82.a4.v1,0.7346817981705229
Glyma.14G065400.Wm82.a4.v1,0.7346426649708947
Glyma.04G243600.Wm82.a4.v1,0.73460842342122
Glyma.13G343900.Wm82.a4.v1,0.7345741818715452
Glyma.08G108800.Wm82.a4.v1,0.73452526537201
Glyma.13G029500.Wm82.a4.v1,0.7345154820721029
Glyma.05G220600.Wm82.a4.v1,0.7344959154722888
Glyma.06G010400.Wm82.a4.v1,0.7344616739226141
Glyma.12G013400.Wm82.a4.v1,0.7344616739226141
Glyma.17G251000.Wm82.a4.v1,0.734451890622707
Glyma.04G082000.Wm82.a4.v1,0.7343858533483344
Glyma.15G038400.Wm82.a4.v1,0.734368732573497
Glyma.13G347400.Wm82.a4.v1,0.7343540576236365
Glyma.14G033900.Wm82.a4.v1,0.7343540576236365
Glyma.11G011300.Wm82.a4.v1,0.7343247077239152
Glyma.04G089800.Wm82.a4.v1,0.7343149244240083
Glyma.04G120000.Wm82.a4.v1,0.7343100327740547
Glyma.15G044600.Wm82.a4.v1,0.7342904661742405
Glyma.13G001000.Wm82.a4.v1,0.7342121997749841
Glyma.07G250200.Wm82.a4.v1,0.7342073081250305
Glyma.02G048300.Wm82.a4.v1,0.734202416475077
Glyma.07G080700.Wm82.a4.v1,0.73419263317517
Glyma.17G240400.Wm82.a4.v1,0.73419263317517
Glyma.04G071400.Wm82.a4.v1,0.7341143667759135
Glyma.05G123500.Wm82.a4.v1,0.73410947512596
Glyma.05G011700.Wm82.a4.v1,0.73410947512596
Glyma.03G258600.Wm82.a4.v1,0.734099691826053
Glyma.08G266700.Wm82.a4.v1,0.7340703419263318
Glyma.16G076900.Wm82.a4.v1,0.7340507753265176
Glyma.06G043300.Wm82.a4.v1,0.7340507753265176
Glyma.11G072900.Wm82.a4.v1,0.7340458836765641
Glyma.01G197600.Wm82.a4.v1,0.7340458836765641
Glyma.18G282800.Wm82.a4.v1,0.734036100376657
Glyma.04G240400.Wm82.a4.v1,0.7340067504769359
Glyma.01G226000.Wm82.a4.v1,0.7340018588269823
Glyma.20G182000.Wm82.a4.v1,0.7339969671770288
Glyma.17G058700.Wm82.a4.v1,0.7339969671770288
Glyma.19G239700.Wm82.a4.v1,0.7339822922271683
Glyma.02G225000.Wm82.a4.v1,0.7339676172773076
Glyma.19G054900.Wm82.a4.v1,0.7339676172773076
Glyma.09G015700.Wm82.a4.v1,0.7339627256273541
Glyma.10G282000.Wm82.a4.v1,0.7339089174778652
Glyma.01G205200.Wm82.a4.v1,0.7339089174778652
Glyma.06G299200.Wm82.a4.v1,0.7338942425280047
Glyma.04G113000.Wm82.a4.v1,0.7338648926282835
Glyma.12G008500.Wm82.a4.v1,0.733850217678423
Glyma.09G046500.Wm82.a4.v1,0.7338061928288412
Glyma.16G055800.Wm82.a4.v1,0.7337817345790735
Glyma.17G157900.Wm82.a4.v1,0.7337817345790735
Glyma.01G205100.Wm82.a4.v1,0.7337817345790735
Glyma.19G252400.Wm82.a4.v1,0.7337474930293988
Glyma.05G217000.Wm82.a4.v1,0.7337377097294917
Glyma.17G169000.Wm82.a4.v1,0.7337181431296776
Glyma.04G045100.Wm82.a4.v1,0.7336887932299565
Glyma.17G057600.Wm82.a4.v1,0.7336349850804676
Glyma.01G038800.Wm82.a4.v1,0.7336105268307
Glyma.18G181300.Wm82.a4.v1,0.7336056351807465
Glyma.20G247500.Wm82.a4.v1,0.7335958518808394
Glyma.15G127200.Wm82.a4.v1,0.7335420437313506
Glyma.10G019600.Wm82.a4.v1,0.7335322604314435
Glyma.03G163300.Wm82.a4.v1,0.7335224771315365
Glyma.20G075951.Wm82.a4.v1,0.733517585481583
Glyma.15G135800.Wm82.a4.v1,0.7334784522819547
Glyma.05G015100.Wm82.a4.v1,0.7334784522819547
Glyma.10G276400.Wm82.a4.v1,0.7334735606320012
Glyma.02G009600.Wm82.a4.v1,0.7334637773320941
Glyma.03G248200.Wm82.a4.v1,0.7334491023822335
Glyma.20G182600.Wm82.a4.v1,0.7334099691826053
Glyma.17G084600.Wm82.a4.v1,0.7333952942327447
Glyma.20G236900.Wm82.a4.v1,0.7333806192828841
Glyma.11G147200.Wm82.a4.v1,0.733351269383163
Glyma.13G351800.Wm82.a4.v1,0.7333121361835347
Glyma.17G222800.Wm82.a4.v1,0.73327789463386
Glyma.02G096500.Wm82.a4.v1,0.7332387614342317
Glyma.17G034900.Wm82.a4.v1,0.7332240864843712
Glyma.14G006400.Wm82.a4.v1,0.7331996282346035
Glyma.10G217700.Wm82.a4.v1,0.7331800616347894
Glyma.11G096200.Wm82.a4.v1,0.7330871202856724
Glyma.06G114800.Wm82.a4.v1,0.7330479870860441
Glyma.03G190500.Wm82.a4.v1,0.7330430954360906
Glyma.13G065900.Wm82.a4.v1,0.7330333121361835
Glyma.17G131100.Wm82.a4.v1,0.7330235288362765
Glyma.06G231000.Wm82.a4.v1,0.7330235288362765
Glyma.12G100300.Wm82.a4.v1,0.7330088538864159
Glyma.16G070900.Wm82.a4.v1,0.7329795039866948
Glyma.19G258700.Wm82.a4.v1,0.7329159125372988
Glyma.02G026800.Wm82.a4.v1,0.7328376461380424
Glyma.13G239100.Wm82.a4.v1,0.7328376461380424
Glyma.18G296700.Wm82.a4.v1,0.7328180795382282
Glyma.11G138700.Wm82.a4.v1,0.7328058504133445
Glyma.13G254800.Wm82.a4.v1,0.7327838379885535
Glyma.15G005900.Wm82.a4.v1,0.7327838379885535
Glyma.20G241400.Wm82.a4.v1,0.7327544880888324
Glyma.20G012000.Wm82.a4.v1,0.7327544880888324
Glyma.13G040000.Wm82.a4.v1,0.7327398131389717
Glyma.17G174900.Wm82.a4.v1,0.7326908966394364
Glyma.12G170500.Wm82.a4.v1,0.7326517634398082
Glyma.14G019100.Wm82.a4.v1,0.7326468717898548
Glyma.07G184600.Wm82.a4.v1,0.7326321968399941
Glyma.09G044300.Wm82.a4.v1,0.7326273051900406
Glyma.06G095900.Wm82.a4.v1,0.7326273051900406
Glyma.10G150100.Wm82.a4.v1,0.7326224135400871
Glyma.02G012900.Wm82.a4.v1,0.73261263024018
Glyma.19G235800.Wm82.a4.v1,0.732602846940273
Glyma.16G092800.Wm82.a4.v1,0.7325881719904124
Glyma.17G148400.Wm82.a4.v1,0.7325783886905053
Glyma.07G049700.Wm82.a4.v1,0.7325686053905982
Glyma.19G256200.Wm82.a4.v1,0.7325490387907841
Glyma.08G004900.Wm82.a4.v1,0.732519688891063
Glyma.10G251600.Wm82.a4.v1,0.732519688891063
Glyma.19G247100.Wm82.a4.v1,0.7324952306412953
Glyma.17G247200.Wm82.a4.v1,0.7324903389913417
Glyma.13G053100.Wm82.a4.v1,0.7324560974416671
Glyma.06G145500.Wm82.a4.v1,0.7324414224918064
Glyma.15G105400.Wm82.a4.v1,0.7324169642420388
Glyma.16G140300.Wm82.a4.v1,0.7323778310424106
Glyma.16G050600.Wm82.a4.v1,0.7323778310424106
Glyma.09G234100.Wm82.a4.v1,0.7323729393924571
Glyma.13G118100.Wm82.a4.v1,0.73236315609255
Glyma.20G137100.Wm82.a4.v1,0.7323435894927359
Glyma.04G018000.Wm82.a4.v1,0.7323435894927359
Glyma.09G215200.Wm82.a4.v1,0.7323191312429682
Glyma.07G233500.Wm82.a4.v1,0.7322848896932935
Glyma.16G069000.Wm82.a4.v1,0.7322457564936653
Glyma.13G208500.Wm82.a4.v1,0.7322164065939442
Glyma.11G166100.Wm82.a4.v1,0.7322115149439906
Glyma.07G104200.Wm82.a4.v1,0.73219683999413
Glyma.17G015200.Wm82.a4.v1,0.7321772733943159
Glyma.09G236000.Wm82.a4.v1,0.7321772733943159
Glyma.02G172900.Wm82.a4.v1,0.7321674900944088
Glyma.03G229300.Wm82.a4.v1,0.7321577067945018
Glyma.03G188100.Wm82.a4.v1,0.7321430318446412
Glyma.11G246000.Wm82.a4.v1,0.7320843320451988
Glyma.08G074500.Wm82.a4.v1,0.7320745487452918
Glyma.15G237300.Wm82.a4.v1,0.7320011739959889
Glyma.05G050700.Wm82.a4.v1,0.7320011739959889
Glyma.18G090700.Wm82.a4.v1,0.7319864990461282
Glyma.09G268500.Wm82.a4.v1,0.7319620407963606
Glyma.11G007300.Wm82.a4.v1,0.7319326908966395
Glyma.06G063400.Wm82.a4.v1,0.7318739910971971
Glyma.15G156400.Wm82.a4.v1,0.73186420779729
Glyma.06G140600.Wm82.a4.v1,0.7318495328474295
Glyma.15G066000.Wm82.a4.v1,0.7318348578975689
Glyma.20G100200.Wm82.a4.v1,0.7318103996478013
Glyma.19G102500.Wm82.a4.v1,0.7318055079978477
Glyma.04G213000.Wm82.a4.v1,0.7317516998483589
Glyma.01G203300.Wm82.a4.v1,0.7317027833488235
Glyma.02G279500.Wm82.a4.v1,0.73169789169887
Glyma.14G175800.Wm82.a4.v1,0.7316734334491024
Glyma.06G030000.Wm82.a4.v1,0.7316734334491024
Glyma.10G024400.Wm82.a4.v1,0.7316587584992418
Glyma.06G085200.Wm82.a4.v1,0.7316245169495671
Glyma.19G045202.Wm82.a4.v1,0.7316049503497529
Glyma.06G158400.Wm82.a4.v1,0.7315902753998924
Glyma.12G064600.Wm82.a4.v1,0.7315853837499389
Glyma.17G000600.Wm82.a4.v1,0.7315707088000782
Glyma.11G047400.Wm82.a4.v1,0.7315266839504965
Glyma.13G092700.Wm82.a4.v1,0.7315266839504965
Glyma.10G044200.Wm82.a4.v1,0.7315169006505895
Glyma.08G231900.Wm82.a4.v1,0.7314973340507753
Glyma.12G216100.Wm82.a4.v1,0.7314875507508682
Glyma.05G068500.Wm82.a4.v1,0.7314630925011006
Glyma.17G218700.Wm82.a4.v1,0.7314630925011006
Glyma.20G017300.Wm82.a4.v1,0.7314582008511471
Glyma.16G209500.Wm82.a4.v1,0.7313163430024947
Glyma.18G018800.Wm82.a4.v1,0.7313065597025877
Glyma.17G086600.Wm82.a4.v1,0.7312527515530989
Glyma.07G155400.Wm82.a4.v1,0.7312478599031453
Glyma.17G153800.Wm82.a4.v1,0.7312429682531918
Glyma.13G171900.Wm82.a4.v1,0.73119894340361
Glyma.08G111500.Wm82.a4.v1,0.7311695935038889
Glyma.10G033900.Wm82.a4.v1,0.7311695935038889
Glyma.10G037500.Wm82.a4.v1,0.7311647018539353
Glyma.05G090900.Wm82.a4.v1,0.7311500269040747
Glyma.10G127100.Wm82.a4.v1,0.7311451352541212
Glyma.08G361900.Wm82.a4.v1,0.7311304603042607
Glyma.01G175600.Wm82.a4.v1,0.7311206770043536
Glyma.17G019100.Wm82.a4.v1,0.7310815438047253
Glyma.07G132500.Wm82.a4.v1,0.7310375189551436
Glyma.07G026300.Wm82.a4.v1,0.7310032774054689
Glyma.04G125800.Wm82.a4.v1,0.7309983857555153
Glyma.08G163800.Wm82.a4.v1,0.7309983857555153
Glyma.18G190500.Wm82.a4.v1,0.7309837108056547
Glyma.20G221100.Wm82.a4.v1,0.7309788191557012
Glyma.08G214500.Wm82.a4.v1,0.7309592525558871
Glyma.17G121700.Wm82.a4.v1,0.7309543609059336
Glyma.09G192900.Wm82.a4.v1,0.7309005527564447
Glyma.04G076000.Wm82.a4.v1,0.7308858778065842
Glyma.18G278200.Wm82.a4.v1,0.7308858778065842
Glyma.09G251700.Wm82.a4.v1,0.7308858778065842
Glyma.02G145100.Wm82.a4.v1,0.7308858778065842
Glyma.12G198500.Wm82.a4.v1,0.7308418529570024
Glyma.15G122600.Wm82.a4.v1,0.7308222863571883
Glyma.01G119400.Wm82.a4.v1,0.7308027197573742
Glyma.10G222100.Wm82.a4.v1,0.7307929364574671
Glyma.17G112700.Wm82.a4.v1,0.7307684782076994
Glyma.13G321400.Wm82.a4.v1,0.7307440199579318
Glyma.03G237900.Wm82.a4.v1,0.7307391283079783
Glyma.10G031700.Wm82.a4.v1,0.7307342366580247
Glyma.06G133400.Wm82.a4.v1,0.7306608619087218
Glyma.02G281200.Wm82.a4.v1,0.7306461869588612
Glyma.06G063300.Wm82.a4.v1,0.73061683705914
Glyma.08G172100.Wm82.a4.v1,0.7306119454091865
Glyma.09G005200.Wm82.a4.v1,0.7305825955094654
Glyma.10G276200.Wm82.a4.v1,0.7305825955094654
Glyma.09G284500.Wm82.a4.v1,0.7305581372596976
Glyma.20G200800.Wm82.a4.v1,0.7305385706598836
Glyma.15G125900.Wm82.a4.v1,0.7305385706598836
Glyma.13G358300.Wm82.a4.v1,0.7305287873599765
Glyma.05G049600.Wm82.a4.v1,0.730523895710023
Glyma.05G186900.Wm82.a4.v1,0.7304994374602554
Glyma.17G121100.Wm82.a4.v1,0.7304945458103018
Glyma.05G204000.Wm82.a4.v1,0.7304896541603483
Glyma.05G201100.Wm82.a4.v1,0.7304798708604412
Glyma.09G138600.Wm82.a4.v1,0.7304358460108594
Glyma.19G171700.Wm82.a4.v1,0.7304016044611847
Glyma.03G081900.Wm82.a4.v1,0.7304016044611847
Glyma.16G130700.Wm82.a4.v1,0.7302988798121607
Glyma.10G183200.Wm82.a4.v1,0.7302548549625789
Glyma.06G132000.Wm82.a4.v1,0.7301325637137407
Glyma.04G227400.Wm82.a4.v1,0.7300591889644377
Glyma.14G212100.Wm82.a4.v1,0.7300542973144841
Glyma.02G274600.Wm82.a4.v1,0.7300396223646236
Glyma.20G068500.Wm82.a4.v1,0.7300396223646236
Glyma.18G116500.Wm82.a4.v1,0.7300102724649025
Glyma.09G142000.Wm82.a4.v1,0.7300102724649025
Glyma.20G205500.Wm82.a4.v1,0.7300053808149489
Glyma.05G003500.Wm82.a4.v1,0.7299564643154136
Glyma.02G237800.Wm82.a4.v1,0.7299515726654601
Glyma.04G151500.Wm82.a4.v1,0.7299075478158783
Glyma.01G233300.Wm82.a4.v1,0.7298341730665754
Glyma.03G157900.Wm82.a4.v1,0.7298292814166218
Glyma.18G217900.Wm82.a4.v1,0.7297852565670401
Glyma.03G220600.Wm82.a4.v1,0.7297607983172724
Glyma.12G009900.Wm82.a4.v1,0.7297559066673189
Glyma.17G109300.Wm82.a4.v1,0.7297559066673189
Glyma.08G310800.Wm82.a4.v1,0.7297314484175512
Glyma.18G013100.Wm82.a4.v1,0.7297314484175512
Glyma.12G021700.Wm82.a4.v1,0.7297265567675977
Glyma.10G091000.Wm82.a4.v1,0.729692315217923
Glyma.17G028300.Wm82.a4.v1,0.7296776402680624
Glyma.17G137100.Wm82.a4.v1,0.7296727486181089
Glyma.12G135200.Wm82.a4.v1,0.7296678569681554
Glyma.02G286800.Wm82.a4.v1,0.7296433987183877
Glyma.12G241100.Wm82.a4.v1,0.7296336154184807
Glyma.06G061200.Wm82.a4.v1,0.7296238321185736
Glyma.15G207700.Wm82.a4.v1,0.729609157168713
Glyma.06G320700.Wm82.a4.v1,0.729609157168713
Glyma.10G204900.Wm82.a4.v1,0.7295993738688059
Glyma.03G065500.Wm82.a4.v1,0.7295651323191312
Glyma.19G124100.Wm82.a4.v1,0.7295357824194101
Glyma.17G112800.Wm82.a4.v1,0.7294868659198748
Glyma.10G284600.Wm82.a4.v1,0.7294134911705719
Glyma.08G336800.Wm82.a4.v1,0.7293743579709436
Glyma.10G024100.Wm82.a4.v1,0.7293547913711295
Glyma.14G101400.Wm82.a4.v1,0.7293450080712224
Glyma.16G036300.Wm82.a4.v1,0.7292863082717801
Glyma.13G129700.Wm82.a4.v1,0.729276524971873
Glyma.15G032800.Wm82.a4.v1,0.7292618500220124
Glyma.13G325200.Wm82.a4.v1,0.7292520667221054
Glyma.17G006300.Wm82.a4.v1,0.7292520667221054
Glyma.01G096000.Wm82.a4.v1,0.7292422834221983
Glyma.03G041600.Wm82.a4.v1,0.7292031502225701
Glyma.13G052100.Wm82.a4.v1,0.7291982585726166
Glyma.08G108900.Wm82.a4.v1,0.7291444504231277
Glyma.07G207300.Wm82.a4.v1,0.7290955339235924
Glyma.13G112200.Wm82.a4.v1,0.7290906422736388
Glyma.05G224200.Wm82.a4.v1,0.7290515090740106
Glyma.19G111200.Wm82.a4.v1,0.7290319424741966
Glyma.16G009500.Wm82.a4.v1,0.7290172675243359
Glyma.11G137151.Wm82.a4.v1,0.7290123758743824
Glyma.20G059100.Wm82.a4.v1,0.7289830259746612
Glyma.04G088100.Wm82.a4.v1,0.7289487844249866
Glyma.15G211400.Wm82.a4.v1,0.728943892775033
Glyma.13G325100.Wm82.a4.v1,0.7288851929755906
Glyma.20G074500.Wm82.a4.v1,0.7288803013256372
Glyma.11G175328.Wm82.a4.v1,0.7288705180257301
Glyma.12G241600.Wm82.a4.v1,0.7288460597759624
Glyma.02G268000.Wm82.a4.v1,0.7288460597759624
Glyma.09G043000.Wm82.a4.v1,0.7288362764760554
Glyma.18G195800.Wm82.a4.v1,0.7288362764760554
Glyma.10G218000.Wm82.a4.v1,0.7288338306510787
Glyma.09G144800.Wm82.a4.v1,0.7288264931761483
Glyma.18G245200.Wm82.a4.v1,0.7288069265763342
Glyma.03G180100.Wm82.a4.v1,0.728777576676613
Glyma.17G226100.Wm82.a4.v1,0.728777576676613
Glyma.20G030100.Wm82.a4.v1,0.7287726850266595
Glyma.13G350600.Wm82.a4.v1,0.7287629017267524
Glyma.18G075200.Wm82.a4.v1,0.7287580100767989
Glyma.04G034200.Wm82.a4.v1,0.7287188768771706
Glyma.06G262800.Wm82.a4.v1,0.7287139852272171
Glyma.10G124800.Wm82.a4.v1,0.7286895269774495
Glyma.20G210700.Wm82.a4.v1,0.7286699603776354
Glyma.01G096600.Wm82.a4.v1,0.7286601770777283
Glyma.06G162300.Wm82.a4.v1,0.7286552854277748
Glyma.01G009800.Wm82.a4.v1,0.7286552854277748
Glyma.02G280700.Wm82.a4.v1,0.7286308271780071
Glyma.13G214300.Wm82.a4.v1,0.7285868023284254
Glyma.05G182300.Wm82.a4.v1,0.7285623440786577
Glyma.16G028700.Wm82.a4.v1,0.7285378858288901
Glyma.17G199200.Wm82.a4.v1,0.7285232108790295
Glyma.16G063100.Wm82.a4.v1,0.7285036442792154
Glyma.19G065400.Wm82.a4.v1,0.7284987526292619
Glyma.11G189000.Wm82.a4.v1,0.7284889693293548
Glyma.15G157900.Wm82.a4.v1,0.7284498361297266
Glyma.13G077100.Wm82.a4.v1,0.7283666780805166
Glyma.05G061000.Wm82.a4.v1,0.728361786430563
Glyma.04G179300.Wm82.a4.v1,0.728352003130656
Glyma.16G087600.Wm82.a4.v1,0.7283471114807024
Glyma.17G218300.Wm82.a4.v1,0.7283324365308419
Glyma.03G151300.Wm82.a4.v1,0.7283128699310277
Glyma.05G172800.Wm82.a4.v1,0.7282981949811671
Glyma.11G082200.Wm82.a4.v1,0.7282835200313066
Glyma.12G222500.Wm82.a4.v1,0.7282443868316784
Glyma.02G074200.Wm82.a4.v1,0.7282297118818177
Glyma.06G103100.Wm82.a4.v1,0.728195470332143
Glyma.10G247100.Wm82.a4.v1,0.728195470332143
Glyma.20G165400.Wm82.a4.v1,0.7281807953822824
Glyma.16G150000.Wm82.a4.v1,0.7281807953822824
Glyma.05G197300.Wm82.a4.v1,0.7281759037323289
Glyma.12G107500.Wm82.a4.v1,0.7281612287824684
Glyma.13G296800.Wm82.a4.v1,0.7281563371325148
Glyma.05G197100.Wm82.a4.v1,0.7281563371325148
Glyma.13G364600.Wm82.a4.v1,0.7281416621826542
Glyma.04G178700.Wm82.a4.v1,0.7281367705327007
Glyma.13G234600.Wm82.a4.v1,0.7280731790833048
Glyma.18G212900.Wm82.a4.v1,0.7280389375336301
Glyma.13G051400.Wm82.a4.v1,0.7280389375336301
Glyma.02G093500.Wm82.a4.v1,0.728019370933816
Glyma.08G026300.Wm82.a4.v1,0.728019370933816
Glyma.03G027900.Wm82.a4.v1,0.7280046959839553
Glyma.19G166100.Wm82.a4.v1,0.7279949126840484
Glyma.20G083500.Wm82.a4.v1,0.727936212884606
Glyma.09G037900.Wm82.a4.v1,0.7279264295846989
Glyma.17G228900.Wm82.a4.v1,0.7279215379347453
Glyma.14G119200.Wm82.a4.v1,0.7278872963850707
Glyma.09G117100.Wm82.a4.v1,0.7278628381353031
Glyma.16G122800.Wm82.a4.v1,0.7278481631854424
Glyma.06G100700.Wm82.a4.v1,0.7278188132857213
Glyma.20G162600.Wm82.a4.v1,0.7278139216357677
Glyma.07G234701.Wm82.a4.v1,0.7277943550359536
Glyma.01G175500.Wm82.a4.v1,0.7277894633860001
Glyma.13G352400.Wm82.a4.v1,0.727769896786186
Glyma.13G102400.Wm82.a4.v1,0.7277650051362324
Glyma.15G251600.Wm82.a4.v1,0.727686738736976
Glyma.01G131500.Wm82.a4.v1,0.7276720637871154
Glyma.18G046900.Wm82.a4.v1,0.7276524971873013
Glyma.15G203900.Wm82.a4.v1,0.7276402680624174
Glyma.18G173000.Wm82.a4.v1,0.7276231472875802
Glyma.10G270800.Wm82.a4.v1,0.7276231472875802
Glyma.13G232900.Wm82.a4.v1,0.7276231472875802
Glyma.11G222700.Wm82.a4.v1,0.7275644474881378
Glyma.20G113200.Wm82.a4.v1,0.7274959643887884
Glyma.06G285500.Wm82.a4.v1,0.7274910727388348
Glyma.09G081600.Wm82.a4.v1,0.7274812894389278
Glyma.18G256200.Wm82.a4.v1,0.7274715061390207
Glyma.01G200200.Wm82.a4.v1,0.7274715061390207
Glyma.04G228600.Wm82.a4.v1,0.7274568311891602
Glyma.13G204100.Wm82.a4.v1,0.7274519395392066
Glyma.01G096700.Wm82.a4.v1,0.7274176979895318
Glyma.03G243600.Wm82.a4.v1,0.7273785647899036
Glyma.11G042700.Wm82.a4.v1,0.72729051509074
Glyma.09G178900.Wm82.a4.v1,0.7272562735410654
Glyma.09G056100.Wm82.a4.v1,0.7272269236413442
Glyma.12G050000.Wm82.a4.v1,0.7271584405419949
Glyma.17G126100.Wm82.a4.v1,0.7271535488920413
Glyma.15G010000.Wm82.a4.v1,0.7271535488920413
Glyma.08G221000.Wm82.a4.v1,0.7271095240424595
Glyma.06G193900.Wm82.a4.v1,0.7271095240424595
Glyma.13G144300.Wm82.a4.v1,0.7270948490925989
Glyma.06G230800.Wm82.a4.v1,0.7270752824927849
Glyma.18G104600.Wm82.a4.v1,0.7270703908428313
Glyma.08G281800.Wm82.a4.v1,0.7270165826933425
Glyma.13G312100.Wm82.a4.v1,0.7270165826933425
Glyma.05G165300.Wm82.a4.v1,0.7269823411436678
Glyma.15G148800.Wm82.a4.v1,0.7269236413442254
Glyma.18G106900.Wm82.a4.v1,0.7269138580443183
Glyma.19G232300.Wm82.a4.v1,0.7268942914445042
Glyma.19G169000.Wm82.a4.v1,0.7268600498948296
Glyma.03G169300.Wm82.a4.v1,0.7268502665949225
Glyma.20G134100.Wm82.a4.v1,0.7268355916450618
Glyma.08G019600.Wm82.a4.v1,0.7268111333952942
Glyma.20G156200.Wm82.a4.v1,0.7267915667954801
Glyma.20G066900.Wm82.a4.v1,0.7267915667954801
Glyma.13G202400.Wm82.a4.v1,0.7267817834955731
Glyma.17G138600.Wm82.a4.v1,0.7267768918456196
Glyma.01G005300.Wm82.a4.v1,0.7267768918456196
Glyma.16G160100.Wm82.a4.v1,0.726772000195666
Glyma.07G117300.Wm82.a4.v1,0.7267573252458054
Glyma.14G006800.Wm82.a4.v1,0.7267475419458983
Glyma.20G229600.Wm82.a4.v1,0.7267035170963166
Glyma.19G024400.Wm82.a4.v1,0.7266986254463631
Glyma.07G044300.Wm82.a4.v1,0.7266643838966883
Glyma.18G275400.Wm82.a4.v1,0.7266546005967813
Glyma.04G165500.Wm82.a4.v1,0.7266448172968742
Glyma.16G021700.Wm82.a4.v1,0.7266350339969672
Glyma.10G296000.Wm82.a4.v1,0.7266154673971531
Glyma.10G153800.Wm82.a4.v1,0.7266105757471996
Glyma.04G174800.Wm82.a4.v1,0.726605684097246
Glyma.18G008100.Wm82.a4.v1,0.7265616592476642
Glyma.13G363400.Wm82.a4.v1,0.7265567675977107
Glyma.02G103300.Wm82.a4.v1,0.7265274176979896
Glyma.12G091300.Wm82.a4.v1,0.726522526048036
Glyma.02G157800.Wm82.a4.v1,0.7264833928484078
Glyma.01G238400.Wm82.a4.v1,0.7264687178985472
Glyma.17G073700.Wm82.a4.v1,0.7264540429486865
Glyma.08G330600.Wm82.a4.v1,0.7264344763488725
Glyma.15G114300.Wm82.a4.v1,0.7263806681993836
Glyma.02G049500.Wm82.a4.v1,0.7263513182996625
Glyma.19G223300.Wm82.a4.v1,0.7263513182996625
Glyma.13G229600.Wm82.a4.v1,0.7263317516998483
Glyma.06G087900.Wm82.a4.v1,0.7262681602504525
Glyma.10G012800.Wm82.a4.v1,0.7262265812258475
Glyma.17G104300.Wm82.a4.v1,0.7262143521009636
Glyma.06G141100.Wm82.a4.v1,0.7262045688010565
Glyma.19G071700.Wm82.a4.v1,0.7261654356014283
Glyma.20G044200.Wm82.a4.v1,0.7261507606515678
Glyma.20G077400.Wm82.a4.v1,0.7261507606515678
Glyma.19G016300.Wm82.a4.v1,0.7261360857017072
Glyma.13G193500.Wm82.a4.v1,0.7260871692021719
Glyma.12G001800.Wm82.a4.v1,0.7260822775522183
Glyma.17G240000.Wm82.a4.v1,0.7260724942523114
Glyma.01G003100.Wm82.a4.v1,0.7260431443525901
Glyma.11G237400.Wm82.a4.v1,0.7260382527026366
Glyma.08G344800.Wm82.a4.v1,0.7260382527026366
Glyma.11G200700.Wm82.a4.v1,0.7260284694027296
Glyma.16G129000.Wm82.a4.v1,0.7260186861028225
Glyma.16G157900.Wm82.a4.v1,0.7260089028029154
Glyma.16G037500.Wm82.a4.v1,0.7259893362031014
Glyma.11G040200.Wm82.a4.v1,0.7259893362031014
Glyma.19G247000.Wm82.a4.v1,0.7259697696032872
Glyma.17G074700.Wm82.a4.v1,0.7259550946534266
Glyma.12G007800.Wm82.a4.v1,0.7259502030034731
Glyma.09G184300.Wm82.a4.v1,0.7259355280536125
Glyma.11G063500.Wm82.a4.v1,0.7259257447537054
Glyma.19G012300.Wm82.a4.v1,0.7259208531037519
Glyma.19G114500.Wm82.a4.v1,0.7259110698038448
Glyma.10G023200.Wm82.a4.v1,0.7258817199041236
Glyma.20G203000.Wm82.a4.v1,0.7258499241794257
Glyma.04G072700.Wm82.a4.v1,0.7258181284547278
Glyma.15G083300.Wm82.a4.v1,0.7257887785550066
Glyma.09G248500.Wm82.a4.v1,0.7257692119551925
Glyma.10G107400.Wm82.a4.v1,0.7257398620554714
Glyma.11G070900.Wm82.a4.v1,0.7257349704055178
Glyma.06G063500.Wm82.a4.v1,0.7257300787555643
Glyma.11G100700.Wm82.a4.v1,0.725690945555936
Glyma.10G268300.Wm82.a4.v1,0.7256713789561219
Glyma.03G132000.Wm82.a4.v1,0.7256713789561219
Glyma.15G270400.Wm82.a4.v1,0.7256615956562148
Glyma.18G212300.Wm82.a4.v1,0.7256371374064472
Glyma.11G150243.Wm82.a4.v1,0.7256371374064472
Glyma.03G206400.Wm82.a4.v1,0.7256126791566796
Glyma.02G022500.Wm82.a4.v1,0.7256028958567725
Glyma.14G070100.Wm82.a4.v1,0.7255931125568654
Glyma.18G259500.Wm82.a4.v1,0.7255588710071907
Glyma.06G070300.Wm82.a4.v1,0.7255393044073766
Glyma.02G008600.Wm82.a4.v1,0.7255197378075625
Glyma.03G127200.Wm82.a4.v1,0.7254952795577948
Glyma.09G047900.Wm82.a4.v1,0.7254708213080272
Glyma.05G097100.Wm82.a4.v1,0.7254708213080272
Glyma.14G011300.Wm82.a4.v1,0.7254561463581666
Glyma.06G184200.Wm82.a4.v1,0.7254365797583525
Glyma.12G001400.Wm82.a4.v1,0.7253925549087707
Glyma.16G001100.Wm82.a4.v1,0.725368096659003
Glyma.11G030100.Wm82.a4.v1,0.725348530059189
Glyma.06G324900.Wm82.a4.v1,0.7253436384092354
Glyma.16G071000.Wm82.a4.v1,0.7253338551093284
Glyma.19G011600.Wm82.a4.v1,0.7252996135596537
Glyma.08G018100.Wm82.a4.v1,0.7252898302597466
Glyma.06G187500.Wm82.a4.v1,0.7252898302597466
Glyma.17G110600.Wm82.a4.v1,0.7252800469598396
Glyma.01G230400.Wm82.a4.v1,0.7252506970601184
Glyma.07G248300.Wm82.a4.v1,0.7252458054101648
Glyma.13G137400.Wm82.a4.v1,0.7252066722105366
Glyma.05G023000.Wm82.a4.v1,0.725201780560583
Glyma.11G202900.Wm82.a4.v1,0.7251528640610478
Glyma.15G114200.Wm82.a4.v1,0.7251235141613266
Glyma.18G053700.Wm82.a4.v1,0.7251137308614195
Glyma.13G107700.Wm82.a4.v1,0.7251039475615125
Glyma.19G255200.Wm82.a4.v1,0.7250941642616054
Glyma.17G077400.Wm82.a4.v1,0.7250941642616054
Glyma.05G131100.Wm82.a4.v1,0.7250745976617913
Glyma.15G202000.Wm82.a4.v1,0.7250697060118378
Glyma.15G157700.Wm82.a4.v1,0.7250403561121166
Glyma.07G056000.Wm82.a4.v1,0.7250012229124884
Glyma.14G044000.Wm82.a4.v1,0.7249865479626278
Glyma.05G186600.Wm82.a4.v1,0.7249816563126743
Glyma.15G099800.Wm82.a4.v1,0.7249474147629995
Glyma.15G073500.Wm82.a4.v1,0.7248887149635572
Glyma.09G268400.Wm82.a4.v1,0.7248887149635572
Glyma.13G255300.Wm82.a4.v1,0.7248544734138825
Glyma.20G024900.Wm82.a4.v1,0.7248153402142543
Glyma.09G231100.Wm82.a4.v1,0.7247957736144401
Glyma.19G034600.Wm82.a4.v1,0.7247615320647655
Glyma.15G100700.Wm82.a4.v1,0.7247395196399745
Glyma.02G207500.Wm82.a4.v1,0.7247370738149977
Glyma.05G123600.Wm82.a4.v1,0.7247126155652301
Glyma.07G092300.Wm82.a4.v1,0.7247028322653231
Glyma.13G343700.Wm82.a4.v1,0.7246783740155555
Glyma.10G059800.Wm82.a4.v1,0.7246734823656019
Glyma.01G156000.Wm82.a4.v1,0.7246734823656019
Glyma.15G091500.Wm82.a4.v1,0.7246588074157413
Glyma.09G013700.Wm82.a4.v1,0.7246539157657877
Glyma.13G268800.Wm82.a4.v1,0.7246441324658808
Glyma.03G203900.Wm82.a4.v1,0.7246392408159272
Glyma.13G126600.Wm82.a4.v1,0.7246343491659737
Glyma.08G086000.Wm82.a4.v1,0.7246245658660666
Glyma.17G262500.Wm82.a4.v1,0.7246196742161131
Glyma.04G030800.Wm82.a4.v1,0.7246172283911363
Glyma.12G051200.Wm82.a4.v1,0.7246049992662525
Glyma.13G134900.Wm82.a4.v1,0.7246049992662525
Glyma.01G179300.Wm82.a4.v1,0.7245854326664384
Glyma.06G190900.Wm82.a4.v1,0.7245854326664384
Glyma.15G025600.Wm82.a4.v1,0.7245756493665313
Glyma.10G099200.Wm82.a4.v1,0.7245756493665313
Glyma.08G141200.Wm82.a4.v1,0.7245707577165778
Glyma.17G129100.Wm82.a4.v1,0.7245462994668102
Glyma.02G146000.Wm82.a4.v1,0.7245267328669961
Glyma.17G096900.Wm82.a4.v1,0.7245218412170426
Glyma.12G155700.Wm82.a4.v1,0.7244827080174143
Glyma.19G069800.Wm82.a4.v1,0.724443574817786
Glyma.05G155000.Wm82.a4.v1,0.7244288998679255
Glyma.07G020100.Wm82.a4.v1,0.7244142249180648
Glyma.06G227500.Wm82.a4.v1,0.7244093332681113
Glyma.02G069900.Wm82.a4.v1,0.7243946583182508
Glyma.07G003900.Wm82.a4.v1,0.7243897666682972
Glyma.17G230900.Wm82.a4.v1,0.7243799833683902
Glyma.14G087600.Wm82.a4.v1,0.7243261752189013
Glyma.08G066600.Wm82.a4.v1,0.7242968253191802
Glyma.03G174500.Wm82.a4.v1,0.724267475419459
Glyma.15G047700.Wm82.a4.v1,0.724267475419459
Glyma.13G238000.Wm82.a4.v1,0.7242625837695055
Glyma.03G238100.Wm82.a4.v1,0.7241745340703419
Glyma.13G146900.Wm82.a4.v1,0.7241745340703419
Glyma.18G249600.Wm82.a4.v1,0.7241451841706208
Glyma.11G038000.Wm82.a4.v1,0.7241451841706208
Glyma.09G229000.Wm82.a4.v1,0.7241305092207602
Glyma.13G260200.Wm82.a4.v1,0.7240473511715502
Glyma.13G174000.Wm82.a4.v1,0.7240082179719219
Glyma.04G029100.Wm82.a4.v1,0.7239886513721078
Glyma.13G091700.Wm82.a4.v1,0.7239739764222473
Glyma.02G122900.Wm82.a4.v1,0.7239544098224331
Glyma.06G049700.Wm82.a4.v1,0.7239397348725726
Glyma.19G138000.Wm82.a4.v1,0.723934843222619
Glyma.14G159300.Wm82.a4.v1,0.7238712517732231
Glyma.13G093800.Wm82.a4.v1,0.7238223352736878
Glyma.06G097100.Wm82.a4.v1,0.7238027686738737
Glyma.14G010300.Wm82.a4.v1,0.7237489605243849
Glyma.11G226700.Wm82.a4.v1,0.7237440688744313
Glyma.03G152000.Wm82.a4.v1,0.7237440688744313
Glyma.20G141900.Wm82.a4.v1,0.7237440688744313
Glyma.16G017800.Wm82.a4.v1,0.7236902607249425
Glyma.08G160700.Wm82.a4.v1,0.7236706941251284
Glyma.05G115200.Wm82.a4.v1,0.7236658024751749
Glyma.20G126100.Wm82.a4.v1,0.7236511275253142
Glyma.18G014800.Wm82.a4.v1,0.7236462358753608
Glyma.12G027500.Wm82.a4.v1,0.7236315609255002
Glyma.19G049100.Wm82.a4.v1,0.7236168859756396
Glyma.06G270700.Wm82.a4.v1,0.7236071026757325
Glyma.05G201000.Wm82.a4.v1,0.723602211025779
Glyma.06G161700.Wm82.a4.v1,0.723592427725872
Glyma.10G034400.Wm82.a4.v1,0.7235826444259649
Glyma.17G047100.Wm82.a4.v1,0.7235777527760113
Glyma.15G061800.Wm82.a4.v1,0.723528836276476
Glyma.03G066800.Wm82.a4.v1,0.7234897030768478
Glyma.17G224000.Wm82.a4.v1,0.723477473951964
Glyma.01G154200.Wm82.a4.v1,0.7234652448270802
Glyma.05G094400.Wm82.a4.v1,0.7234554615271731
Glyma.03G037300.Wm82.a4.v1,0.7234212199774984
Glyma.19G066800.Wm82.a4.v1,0.7234212199774984
Glyma.15G265400.Wm82.a4.v1,0.7234065450276378
Glyma.09G079100.Wm82.a4.v1,0.7233723034779631
Glyma.09G197100.Wm82.a4.v1,0.7233380619282884
Glyma.03G204000.Wm82.a4.v1,0.7233331702783349
Glyma.10G174000.Wm82.a4.v1,0.7233233869784278
Glyma.20G103300.Wm82.a4.v1,0.7233184953284743
Glyma.10G267800.Wm82.a4.v1,0.723279362128846
Glyma.15G255000.Wm82.a4.v1,0.7232010957295896
Glyma.17G261600.Wm82.a4.v1,0.723196204079636
Glyma.13G276100.Wm82.a4.v1,0.723176637479822
Glyma.14G221100.Wm82.a4.v1,0.7231619625299613
Glyma.12G061500.Wm82.a4.v1,0.7231521792300543
Glyma.12G155300.Wm82.a4.v1,0.7231423959301473
Glyma.20G121200.Wm82.a4.v1,0.7231375042801937
Glyma.15G060000.Wm82.a4.v1,0.7231179376803796
Glyma.17G059800.Wm82.a4.v1,0.7231081543804725
Glyma.02G126702.Wm82.a4.v1,0.7230885877806584
Glyma.11G029500.Wm82.a4.v1,0.7230885877806584
Glyma.09G016800.Wm82.a4.v1,0.7230885877806584
Glyma.18G019900.Wm82.a4.v1,0.7230739128307978
Glyma.06G147400.Wm82.a4.v1,0.7230396712811231
Glyma.17G111200.Wm82.a4.v1,0.7229956464315414
Glyma.04G059800.Wm82.a4.v1,0.722936946632099
Glyma.11G103800.Wm82.a4.v1,0.722927163332192
Glyma.18G287600.Wm82.a4.v1,0.7229173800322849
Glyma.U031905.Wm82.a4.v1,0.7228978134324707
Glyma.12G072500.Wm82.a4.v1,0.722863571882796
Glyma.08G259100.Wm82.a4.v1,0.7228391136330284
Glyma.12G236900.Wm82.a4.v1,0.7228342219830749
Glyma.05G147400.Wm82.a4.v1,0.7228048720833538
Glyma.20G147000.Wm82.a4.v1,0.7227853054835396
Glyma.08G064100.Wm82.a4.v1,0.7227853054835396
Glyma.17G012400.Wm82.a4.v1,0.7227853054835396
Glyma.09G082100.Wm82.a4.v1,0.722780413833586
Glyma.02G072000.Wm82.a4.v1,0.7227510639338649
Glyma.10G251900.Wm82.a4.v1,0.7227363889840043
Glyma.07G046100.Wm82.a4.v1,0.7227314973340507
Glyma.05G169400.Wm82.a4.v1,0.7227070390842831
Glyma.20G223000.Wm82.a4.v1,0.7226825808345155
Glyma.20G067600.Wm82.a4.v1,0.7226581225847478
Glyma.04G077400.Wm82.a4.v1,0.7226532309347943
Glyma.07G041000.Wm82.a4.v1,0.7226532309347943
Glyma.10G081300.Wm82.a4.v1,0.7226434476348872
Glyma.19G124500.Wm82.a4.v1,0.7226336643349802
Glyma.13G329100.Wm82.a4.v1,0.7226287726850267
Glyma.01G033700.Wm82.a4.v1,0.7226238810350731
Glyma.13G294600.Wm82.a4.v1,0.7225651812356307
Glyma.02G119700.Wm82.a4.v1,0.7225602895856772
Glyma.09G265200.Wm82.a4.v1,0.7225456146358167
Glyma.13G105200.Wm82.a4.v1,0.7225358313359096
Glyma.19G183100.Wm82.a4.v1,0.7224771315364672
Glyma.10G213900.Wm82.a4.v1,0.7224771315364672
Glyma.04G104400.Wm82.a4.v1,0.7224624565866067
Glyma.20G184400.Wm82.a4.v1,0.7224428899867925
Glyma.03G185300.Wm82.a4.v1,0.7224037567871643
Glyma.12G192000.Wm82.a4.v1,0.7224037567871643
Glyma.02G212200.Wm82.a4.v1,0.7224037567871643
Glyma.08G132400.Wm82.a4.v1,0.7223939734872572
Glyma.14G044800.Wm82.a4.v1,0.7223841901873502
Glyma.02G148400.Wm82.a4.v1,0.722354840287629
Glyma.13G100600.Wm82.a4.v1,0.7223352736878149
Glyma.09G222500.Wm82.a4.v1,0.7223352736878149
Glyma.17G235100.Wm82.a4.v1,0.7223157070880007
Glyma.02G081800.Wm82.a4.v1,0.7223059237880938
Glyma.11G135700.Wm82.a4.v1,0.7222961404881867
Glyma.20G188300.Wm82.a4.v1,0.7222863571882796
Glyma.04G149600.Wm82.a4.v1,0.7222765738883725
Glyma.07G105400.Wm82.a4.v1,0.7222667905884654
Glyma.04G237600.Wm82.a4.v1,0.7222276573888372
Glyma.16G062100.Wm82.a4.v1,0.7221983074891161
Glyma.03G157300.Wm82.a4.v1,0.7221983074891161
Glyma.04G018500.Wm82.a4.v1,0.722178740889302
Glyma.02G019000.Wm82.a4.v1,0.7221738492393485
Glyma.20G065600.Wm82.a4.v1,0.7221591742894878
Glyma.20G190000.Wm82.a4.v1,0.7221273785647899
Glyma.17G116600.Wm82.a4.v1,0.7221249327398132
Glyma.01G229500.Wm82.a4.v1,0.722105366139999
Glyma.15G028500.Wm82.a4.v1,0.7220857995401849
Glyma.19G117600.Wm82.a4.v1,0.7220711245903243
Glyma.05G161000.Wm82.a4.v1,0.7220564496404638
Glyma.19G253900.Wm82.a4.v1,0.7220026414909749
Glyma.13G182000.Wm82.a4.v1,0.7219830748911608
Glyma.07G228000.Wm82.a4.v1,0.721939050041579
Glyma.20G159900.Wm82.a4.v1,0.721939050041579
Glyma.14G183500.Wm82.a4.v1,0.7219243750917185
Glyma.01G237400.Wm82.a4.v1,0.7219145917918114
Glyma.04G141900.Wm82.a4.v1,0.7218852418920902
Glyma.19G079700.Wm82.a4.v1,0.7218852418920902
Glyma.05G167600.Wm82.a4.v1,0.721855891992369
Glyma.02G090200.Wm82.a4.v1,0.7218510003424154
Glyma.03G206900.Wm82.a4.v1,0.721846108692462
Glyma.11G084700.Wm82.a4.v1,0.7218363253925549
Glyma.20G225500.Wm82.a4.v1,0.7218363253925549
Glyma.08G300700.Wm82.a4.v1,0.7218314337426014
Glyma.20G171300.Wm82.a4.v1,0.7218216504426943
Glyma.03G169700.Wm82.a4.v1,0.7218069754928337
Glyma.04G245800.Wm82.a4.v1,0.7217923005429732
Glyma.17G004800.Wm82.a4.v1,0.7217874088930196
Glyma.01G159500.Wm82.a4.v1,0.7217531673433449
Glyma.19G129200.Wm82.a4.v1,0.7217140341437167
Glyma.03G221000.Wm82.a4.v1,0.7216553343442743
Glyma.13G107900.Wm82.a4.v1,0.7216357677444603
Glyma.07G197600.Wm82.a4.v1,0.7216210927945996
Glyma.18G123400.Wm82.a4.v1,0.7216162011446461
Glyma.07G189100.Wm82.a4.v1,0.7215868512449249
Glyma.08G242500.Wm82.a4.v1,0.7215770679450179
Glyma.01G084500.Wm82.a4.v1,0.7215672846451108
Glyma.06G152200.Wm82.a4.v1,0.721523259795529
Glyma.14G010600.Wm82.a4.v1,0.721503693195715
Glyma.19G088700.Wm82.a4.v1,0.7214988015457614
Glyma.08G081600.Wm82.a4.v1,0.7214939098958079
Glyma.08G263800.Wm82.a4.v1,0.7214694516460403
Glyma.11G165000.Wm82.a4.v1,0.7214352100963655
Glyma.03G255600.Wm82.a4.v1,0.721420535146505
Glyma.07G189800.Wm82.a4.v1,0.7213911852467837
Glyma.20G012300.Wm82.a4.v1,0.7213227021474343
Glyma.08G201000.Wm82.a4.v1,0.7213031355476203
Glyma.17G248900.Wm82.a4.v1,0.7212884605977596
Glyma.08G296700.Wm82.a4.v1,0.7211563860490143
Glyma.06G177000.Wm82.a4.v1,0.7211514943990608
Glyma.04G089900.Wm82.a4.v1,0.7211172528493861
Glyma.20G198900.Wm82.a4.v1,0.7210536613999902
Glyma.04G040700.Wm82.a4.v1,0.7210145282003619
Glyma.07G103200.Wm82.a4.v1,0.7210096365504085
Glyma.06G258900.Wm82.a4.v1,0.7209949616005479
Glyma.08G008100.Wm82.a4.v1,0.7209705033507802
Glyma.13G274000.Wm82.a4.v1,0.720941153451059
Glyma.07G269000.Wm82.a4.v1,0.7209264785011985
Glyma.19G147800.Wm82.a4.v1,0.720921586851245
Glyma.06G107200.Wm82.a4.v1,0.7208922369515237
Glyma.03G252300.Wm82.a4.v1,0.7208677787017561
Glyma.06G124600.Wm82.a4.v1,0.7208628870518026
Glyma.19G243000.Wm82.a4.v1,0.7208482121019419
Glyma.11G111700.Wm82.a4.v1,0.7208139705522673
Glyma.06G058100.Wm82.a4.v1,0.7208139705522673
Glyma.08G050100.Wm82.a4.v1,0.7207797290025926
Glyma.07G236200.Wm82.a4.v1,0.720774837352639
Glyma.08G304100.Wm82.a4.v1,0.720755270752825
Glyma.05G139300.Wm82.a4.v1,0.7207210292031502
Glyma.01G103500.Wm82.a4.v1,0.7207210292031502
Glyma.13G319300.Wm82.a4.v1,0.7207014626033361
Glyma.11G071000.Wm82.a4.v1,0.7206867876534755
Glyma.08G006400.Wm82.a4.v1,0.7206672210536614
Glyma.03G037000.Wm82.a4.v1,0.7206183045541261
Glyma.05G055000.Wm82.a4.v1,0.7206183045541261
Glyma.02G117100.Wm82.a4.v1,0.7206183045541261
Glyma.07G034400.Wm82.a4.v1,0.7206036296042655
Glyma.01G033900.Wm82.a4.v1,0.7205840630044514
Glyma.20G244400.Wm82.a4.v1,0.7205742797045444
Glyma.07G117000.Wm82.a4.v1,0.7205498214547768
Glyma.06G309100.Wm82.a4.v1,0.7205449298048232
Glyma.15G004900.Wm82.a4.v1,0.7205351465049161
Glyma.17G131300.Wm82.a4.v1,0.7205351465049161
Glyma.03G175700.Wm82.a4.v1,0.720515579905102
Glyma.17G085100.Wm82.a4.v1,0.720515579905102
Glyma.01G150500.Wm82.a4.v1,0.720505796605195
Glyma.02G057800.Wm82.a4.v1,0.7204813383554273
Glyma.20G052400.Wm82.a4.v1,0.7204764467054737
Glyma.05G239100.Wm82.a4.v1,0.7204764467054737
Glyma.01G169800.Wm82.a4.v1,0.7204715550555202
Glyma.19G026300.Wm82.a4.v1,0.7204666634055666
Glyma.12G192700.Wm82.a4.v1,0.7204617717556132
Glyma.08G288300.Wm82.a4.v1,0.720432421855892
Glyma.13G228100.Wm82.a4.v1,0.720422638555985
Glyma.16G155500.Wm82.a4.v1,0.720422638555985
Glyma.10G178500.Wm82.a4.v1,0.7203835053563566
Glyma.18G245700.Wm82.a4.v1,0.7203835053563566
Glyma.13G359400.Wm82.a4.v1,0.7203688304064961
Glyma.15G007100.Wm82.a4.v1,0.7203541554566355
Glyma.16G138100.Wm82.a4.v1,0.720349263806682
Glyma.05G115000.Wm82.a4.v1,0.720339480506775
Glyma.08G067800.Wm82.a4.v1,0.7203296972068679
Glyma.20G233200.Wm82.a4.v1,0.7203101306070537
Glyma.05G037100.Wm82.a4.v1,0.7202954556571932
Glyma.09G240300.Wm82.a4.v1,0.7202954556571932
Glyma.01G228200.Wm82.a4.v1,0.7202807807073326
Glyma.16G220100.Wm82.a4.v1,0.7202709974074255
Glyma.06G324800.Wm82.a4.v1,0.7202465391576579
Glyma.02G310400.Wm82.a4.v1,0.7202269725578437
Glyma.08G188000.Wm82.a4.v1,0.7202171892579367
Glyma.08G346700.Wm82.a4.v1,0.720182947708262
Glyma.11G120300.Wm82.a4.v1,0.7201487061585873
Glyma.17G132300.Wm82.a4.v1,0.7201193562588661
Glyma.13G155700.Wm82.a4.v1,0.7200704397593308
Glyma.09G003900.Wm82.a4.v1,0.7200459815095632
Glyma.05G104400.Wm82.a4.v1,0.7200288607347258
Glyma.03G069600.Wm82.a4.v1,0.7200215232597955
Glyma.18G286200.Wm82.a4.v1,0.7199481485104926
Glyma.05G055600.Wm82.a4.v1,0.7199383652105855
Glyma.20G167700.Wm82.a4.v1,0.719933473560632
Glyma.06G167000.Wm82.a4.v1,0.7198649904612826
Glyma.03G122300.Wm82.a4.v1,0.7198356405615615
Glyma.08G054300.Wm82.a4.v1,0.7197940615369565
Glyma.01G163200.Wm82.a4.v1,0.7197622658122584
Glyma.19G143000.Wm82.a4.v1,0.7197475908623979
Glyma.13G035500.Wm82.a4.v1,0.7197329159125373
Glyma.20G226600.Wm82.a4.v1,0.7197329159125373
Glyma.17G171100.Wm82.a4.v1,0.7197329159125373
Glyma.20G173700.Wm82.a4.v1,0.7196693244631415
Glyma.20G166900.Wm82.a4.v1,0.7196693244631415
Glyma.05G099000.Wm82.a4.v1,0.7196301912635131
Glyma.13G324500.Wm82.a4.v1,0.7196204079636062
Glyma.20G109000.Wm82.a4.v1,0.7196106246636991
Glyma.13G119100.Wm82.a4.v1,0.7196057330137455
Glyma.12G239900.Wm82.a4.v1,0.719600841363792
Glyma.09G038200.Wm82.a4.v1,0.7195812747639779
Glyma.14G164700.Wm82.a4.v1,0.7195372499143962
Glyma.04G016300.Wm82.a4.v1,0.7194883334148608
Glyma.18G052700.Wm82.a4.v1,0.7194785501149538
Glyma.08G219100.Wm82.a4.v1,0.7194296336154185
Glyma.07G045300.Wm82.a4.v1,0.7194247419654649
Glyma.15G075400.Wm82.a4.v1,0.7194002837156973
Glyma.13G109300.Wm82.a4.v1,0.7193905004157902
Glyma.11G131700.Wm82.a4.v1,0.7193807171158831
Glyma.20G171700.Wm82.a4.v1,0.7193220173164409
Glyma.19G157300.Wm82.a4.v1,0.7193171256664873
Glyma.14G122700.Wm82.a4.v1,0.7193073423665802
Glyma.11G131200.Wm82.a4.v1,0.7192584258670449
Glyma.01G166000.Wm82.a4.v1,0.7191948344176491
Glyma.07G042100.Wm82.a4.v1,0.719185051117742
Glyma.01G169000.Wm82.a4.v1,0.7191801594677885
Glyma.06G087700.Wm82.a4.v1,0.7191752678178349
Glyma.09G206500.Wm82.a4.v1,0.7191312429682531
Glyma.02G025000.Wm82.a4.v1,0.7191116763684391
Glyma.15G137800.Wm82.a4.v1,0.7190921097686249
Glyma.01G217500.Wm82.a4.v1,0.7190627598689038
Glyma.19G194700.Wm82.a4.v1,0.7190529765689967
Glyma.10G171600.Wm82.a4.v1,0.7190334099691826
Glyma.07G195400.Wm82.a4.v1,0.7190089517194149
Glyma.17G089700.Wm82.a4.v1,0.7189942767695544
Glyma.13G124800.Wm82.a4.v1,0.7189698185197867
Glyma.04G254100.Wm82.a4.v1,0.7189649268698332
Glyma.05G158100.Wm82.a4.v1,0.718916010370298
Glyma.02G189600.Wm82.a4.v1,0.7188817688206232
Glyma.04G221600.Wm82.a4.v1,0.7188573105708556
Glyma.17G003600.Wm82.a4.v1,0.7188279606711344
Glyma.11G015500.Wm82.a4.v1,0.7187937191214596
Glyma.03G142500.Wm82.a4.v1,0.7187741525216456
Glyma.13G036000.Wm82.a4.v1,0.7187545859218314
Glyma.13G303600.Wm82.a4.v1,0.7187203443721567
Glyma.09G179500.Wm82.a4.v1,0.7187007777723426
Glyma.13G218200.Wm82.a4.v1,0.7186469696228538
Glyma.20G095000.Wm82.a4.v1,0.7186469696228538
Glyma.12G036000.Wm82.a4.v1,0.7186249571980629
Glyma.06G077800.Wm82.a4.v1,0.7186176197231327
Glyma.12G109700.Wm82.a4.v1,0.7185882698234114
Glyma.05G027600.Wm82.a4.v1,0.7185491366237832
Glyma.14G154900.Wm82.a4.v1,0.7185393533238762
Glyma.18G072200.Wm82.a4.v1,0.7185344616739227
Glyma.12G002800.Wm82.a4.v1,0.7185246783740156
Glyma.17G153200.Wm82.a4.v1,0.7185246783740156
Glyma.15G206000.Wm82.a4.v1,0.7184904368243409
Glyma.11G086200.Wm82.a4.v1,0.7184513036247127
Glyma.07G249900.Wm82.a4.v1,0.7184317370248985
Glyma.14G161200.Wm82.a4.v1,0.718426845374945
Glyma.12G080300.Wm82.a4.v1,0.7183779288754096
Glyma.05G111900.Wm82.a4.v1,0.7183632539255491
Glyma.18G002400.Wm82.a4.v1,0.718353470625642
Glyma.11G247600.Wm82.a4.v1,0.718353470625642
Glyma.19G131500.Wm82.a4.v1,0.7183387956757814
Glyma.20G026800.Wm82.a4.v1,0.7183290123758744
Glyma.19G101401.Wm82.a4.v1,0.7183290123758744
Glyma.01G019300.Wm82.a4.v1,0.7183192290759673
Glyma.08G141500.Wm82.a4.v1,0.7183192290759673
Glyma.08G015100.Wm82.a4.v1,0.7182996624761532
Glyma.13G146800.Wm82.a4.v1,0.7182898791762461
Glyma.14G084500.Wm82.a4.v1,0.7182654209264785
Glyma.08G074700.Wm82.a4.v1,0.7182654209264785
Glyma.02G213400.Wm82.a4.v1,0.7182213960768967
Glyma.02G048100.Wm82.a4.v1,0.7182018294770827
Glyma.12G014000.Wm82.a4.v1,0.7181724795773614
Glyma.08G265300.Wm82.a4.v1,0.7181675879274079
Glyma.08G057200.Wm82.a4.v1,0.7180648632783838
Glyma.18G246300.Wm82.a4.v1,0.7180550799784767
Glyma.07G270500.Wm82.a4.v1,0.7180404050286161
Glyma.19G216200.Wm82.a4.v1,0.7180159467788485
Glyma.09G207200.Wm82.a4.v1,0.7180061634789414
Glyma.02G012100.Wm82.a4.v1,0.7180012718289879
Glyma.16G011200.Wm82.a4.v1,0.7179914885290809
Glyma.08G132800.Wm82.a4.v1,0.7179914885290809
Glyma.08G158300.Wm82.a4.v1,0.7179572469794061
Glyma.12G116000.Wm82.a4.v1,0.7179523553294527
Glyma.02G236500.Wm82.a4.v1,0.717937680379592
Glyma.07G034300.Wm82.a4.v1,0.7178104974808003
Glyma.18G242900.Wm82.a4.v1,0.7177860392310327
Glyma.11G102700.Wm82.a4.v1,0.7177273394315903
Glyma.02G207000.Wm82.a4.v1,0.7177028811818227
Glyma.11G216400.Wm82.a4.v1,0.7176539646822874
Glyma.07G172000.Wm82.a4.v1,0.7176441813823803
Glyma.11G133900.Wm82.a4.v1,0.7176392897324267
Glyma.09G136000.Wm82.a4.v1,0.7176392897324267
Glyma.18G286600.Wm82.a4.v1,0.7176197231326127
Glyma.20G117900.Wm82.a4.v1,0.7176148314826591
Glyma.16G001300.Wm82.a4.v1,0.7175903732328914
Glyma.19G126800.Wm82.a4.v1,0.7175659149831238
Glyma.17G155100.Wm82.a4.v1,0.7175316734334491
Glyma.04G138300.Wm82.a4.v1,0.7175218901335421
Glyma.11G016200.Wm82.a4.v1,0.7174680819840532
Glyma.12G037100.Wm82.a4.v1,0.7174240571344714
Glyma.14G098300.Wm82.a4.v1,0.7173898155847968
Glyma.12G096800.Wm82.a4.v1,0.7173800322848897
Glyma.06G313000.Wm82.a4.v1,0.7173800322848897
Glyma.13G070400.Wm82.a4.v1,0.7173262241354009
Glyma.09G188900.Wm82.a4.v1,0.7173139950105171
Glyma.12G016300.Wm82.a4.v1,0.7173017658856332
Glyma.09G238200.Wm82.a4.v1,0.7173017658856332
Glyma.05G002800.Wm82.a4.v1,0.7172870909357726
Glyma.01G020200.Wm82.a4.v1,0.717262632686005
Glyma.16G047800.Wm82.a4.v1,0.7172283911363303
Glyma.14G096100.Wm82.a4.v1,0.7172137161864697
Glyma.09G255400.Wm82.a4.v1,0.7171990412366092
Glyma.12G191400.Wm82.a4.v1,0.7171941495866556
Glyma.12G109600.Wm82.a4.v1,0.7171892579367021
Glyma.06G206200.Wm82.a4.v1,0.7171647996869344
Glyma.01G142800.Wm82.a4.v1,0.7171060998874921
Glyma.08G216900.Wm82.a4.v1,0.7170669666878638
Glyma.05G005900.Wm82.a4.v1,0.7170474000880497
Glyma.04G131700.Wm82.a4.v1,0.7170474000880497
Glyma.18G108300.Wm82.a4.v1,0.7170376167881426
Glyma.01G219600.Wm82.a4.v1,0.7170327251381892
Glyma.01G244400.Wm82.a4.v1,0.7170180501883285
Glyma.05G080100.Wm82.a4.v1,0.7169887002886074
Glyma.09G082000.Wm82.a4.v1,0.716930000489165
Glyma.16G153300.Wm82.a4.v1,0.716846842439955
Glyma.09G228800.Wm82.a4.v1,0.7168174925402339
Glyma.03G049700.Wm82.a4.v1,0.7168126008902803
Glyma.08G016300.Wm82.a4.v1,0.7168077092403268
Glyma.03G034100.Wm82.a4.v1,0.7168077092403268
Glyma.10G160600.Wm82.a4.v1,0.7167979259404197
Glyma.12G208100.Wm82.a4.v1,0.7167979259404197
Glyma.08G301700.Wm82.a4.v1,0.7167832509905591
Glyma.02G250900.Wm82.a4.v1,0.7167783593406056
Glyma.02G031200.Wm82.a4.v1,0.7167734676906521
Glyma.08G283400.Wm82.a4.v1,0.7167734676906521
Glyma.01G050400.Wm82.a4.v1,0.7167685760406985
Glyma.09G233200.Wm82.a4.v1,0.716763684390745
Glyma.13G179900.Wm82.a4.v1,0.7167392261409774
Glyma.12G095400.Wm82.a4.v1,0.7167245511911168
Glyma.04G182100.Wm82.a4.v1,0.7167098762412561
Glyma.13G135700.Wm82.a4.v1,0.7166854179914885
Glyma.03G000100.Wm82.a4.v1,0.7166218265420926
Glyma.06G285000.Wm82.a4.v1,0.7166169348921391
Glyma.18G244000.Wm82.a4.v1,0.716597368292325
Glyma.18G000500.Wm82.a4.v1,0.716597368292325
Glyma.19G095900.Wm82.a4.v1,0.7165875849924179
Glyma.05G164400.Wm82.a4.v1,0.7165729100425574
Glyma.16G001800.Wm82.a4.v1,0.7165729100425574
Glyma.18G181200.Wm82.a4.v1,0.7165680183926039
Glyma.12G189600.Wm82.a4.v1,0.7165533434427432
Glyma.11G028100.Wm82.a4.v1,0.7165533434427432
Glyma.07G175500.Wm82.a4.v1,0.7165484517927897
Glyma.19G149300.Wm82.a4.v1,0.7165044269432079
Glyma.09G045100.Wm82.a4.v1,0.7164946436433008
Glyma.14G066600.Wm82.a4.v1,0.7164799686934403
Glyma.11G049300.Wm82.a4.v1,0.7164701853935332
Glyma.10G228700.Wm82.a4.v1,0.7164555104436726
Glyma.03G234700.Wm82.a4.v1,0.7164457271437656
Glyma.19G213900.Wm82.a4.v1,0.7164163772440444
Glyma.05G112200.Wm82.a4.v1,0.7163919189942768
Glyma.02G261100.Wm82.a4.v1,0.7163772440444162
Glyma.17G087400.Wm82.a4.v1,0.716347894144695
Glyma.12G032400.Wm82.a4.v1,0.7162940859952062
Glyma.20G090300.Wm82.a4.v1,0.7162794110453456
Glyma.11G130300.Wm82.a4.v1,0.7162549527955779
Glyma.05G135300.Wm82.a4.v1,0.7162500611456244
Glyma.13G133800.Wm82.a4.v1,0.7162304945458103
Glyma.05G104300.Wm82.a4.v1,0.7162207112459033
Glyma.01G113000.Wm82.a4.v1,0.7161424448466468
Glyma.16G030800.Wm82.a4.v1,0.7161424448466468
Glyma.12G188800.Wm82.a4.v1,0.7161375531966933
Glyma.07G169500.Wm82.a4.v1,0.7160739617472973
Glyma.12G037700.Wm82.a4.v1,0.716015261947855
Glyma.14G119800.Wm82.a4.v1,0.7160005869979944
Glyma.05G187800.Wm82.a4.v1,0.7159859120481339
Glyma.10G187300.Wm82.a4.v1,0.7159761287482268
Glyma.04G064300.Wm82.a4.v1,0.7159418871985521
Glyma.20G234600.Wm82.a4.v1,0.7158929706990168
Glyma.19G169500.Wm82.a4.v1,0.7158929706990168
Glyma.06G076400.Wm82.a4.v1,0.7158880790490633
Glyma.05G189100.Wm82.a4.v1,0.7158782957491562
Glyma.04G234900.Wm82.a4.v1,0.7158685124492491
Glyma.11G050200.Wm82.a4.v1,0.7158538374993886
Glyma.13G098200.Wm82.a4.v1,0.715848945849435
Glyma.14G221600.Wm82.a4.v1,0.7158098126498068
Glyma.13G008200.Wm82.a4.v1,0.7158000293498997
Glyma.02G221100.Wm82.a4.v1,0.7157902460499926
Glyma.10G186000.Wm82.a4.v1,0.7157853544000391
Glyma.16G000200.Wm82.a4.v1,0.7157462212004109
Glyma.07G190600.Wm82.a4.v1,0.7157119796507362
Glyma.08G058900.Wm82.a4.v1,0.7157070880007826
Glyma.01G007200.Wm82.a4.v1,0.7157021963508291
Glyma.03G130000.Wm82.a4.v1,0.7156924130509221
Glyma.08G157800.Wm82.a4.v1,0.7156875214009686
Glyma.03G015500.Wm82.a4.v1,0.7156679548011544
Glyma.09G057900.Wm82.a4.v1,0.7156630631512009
Glyma.17G149000.Wm82.a4.v1,0.7156630631512009
Glyma.12G093400.Wm82.a4.v1,0.7156532798512938
Glyma.19G144100.Wm82.a4.v1,0.7156483882013404
Glyma.01G183500.Wm82.a4.v1,0.7156239299515726
Glyma.16G140800.Wm82.a4.v1,0.7156092550017121
Glyma.06G104600.Wm82.a4.v1,0.715599471701805
Glyma.11G055900.Wm82.a4.v1,0.7155945800518515
Glyma.07G195700.Wm82.a4.v1,0.7155554468522233
Glyma.12G038100.Wm82.a4.v1,0.7155456635523162
Glyma.06G111200.Wm82.a4.v1,0.7155456635523162
Glyma.19G252500.Wm82.a4.v1,0.7155309886024556
Glyma.15G182800.Wm82.a4.v1,0.7155212053025486
Glyma.13G162400.Wm82.a4.v1,0.7154967470527809
Glyma.20G192300.Wm82.a4.v1,0.7154771804529668
Glyma.17G146600.Wm82.a4.v1,0.7154673971530597
Glyma.12G029900.Wm82.a4.v1,0.715442938903292
Glyma.17G253400.Wm82.a4.v1,0.7154184806535244
Glyma.17G039500.Wm82.a4.v1,0.7154135890035709
Glyma.17G230700.Wm82.a4.v1,0.7153940224037568
Glyma.10G081700.Wm82.a4.v1,0.7153940224037568
Glyma.18G021700.Wm82.a4.v1,0.7153842391038497
Glyma.12G044100.Wm82.a4.v1,0.7153695641539891
Glyma.03G199900.Wm82.a4.v1,0.7153304309543609
Glyma.09G019700.Wm82.a4.v1,0.7153255393044073
Glyma.04G157000.Wm82.a4.v1,0.7152912977547327
Glyma.15G022900.Wm82.a4.v1,0.7152864061047791
Glyma.10G112000.Wm82.a4.v1,0.7152864061047791
Glyma.13G365200.Wm82.a4.v1,0.7152815144548256
Glyma.09G208400.Wm82.a4.v1,0.7152717311549186
Glyma.07G249300.Wm82.a4.v1,0.7152472729051509
Glyma.12G030100.Wm82.a4.v1,0.7152325979552904
Glyma.03G161100.Wm82.a4.v1,0.715193464755662
Glyma.16G100400.Wm82.a4.v1,0.7151445482561268
Glyma.08G224500.Wm82.a4.v1,0.7151445482561268
Glyma.09G197900.Wm82.a4.v1,0.7151445482561268
Glyma.16G200600.Wm82.a4.v1,0.7150809568067309
Glyma.01G200800.Wm82.a4.v1,0.7150809568067309
Glyma.16G053400.Wm82.a4.v1,0.7150760651567774
Glyma.04G116500.Wm82.a4.v1,0.7150711735068238
Glyma.03G242500.Wm82.a4.v1,0.7150369319571491
Glyma.05G145800.Wm82.a4.v1,0.7150222570072886
Glyma.15G211200.Wm82.a4.v1,0.7149684488577998
Glyma.09G258100.Wm82.a4.v1,0.7149635572078462
Glyma.13G323500.Wm82.a4.v1,0.714943990608032
Glyma.19G019200.Wm82.a4.v1,0.7149390989580786
Glyma.11G180200.Wm82.a4.v1,0.7149195323582644
Glyma.11G219200.Wm82.a4.v1,0.7148901824585433
Glyma.12G242000.Wm82.a4.v1,0.7148706158587291
Glyma.08G270900.Wm82.a4.v1,0.7148461576089615
Glyma.15G096800.Wm82.a4.v1,0.7148314826591009
Glyma.01G227200.Wm82.a4.v1,0.7148314826591009
Glyma.15G248300.Wm82.a4.v1,0.7148168077092403
Glyma.02G276800.Wm82.a4.v1,0.7148168077092403
Glyma.09G111000.Wm82.a4.v1,0.7148119160592868
Glyma.18G301500.Wm82.a4.v1,0.7148119160592868
Glyma.11G113600.Wm82.a4.v1,0.7148070244093333
Glyma.20G106500.Wm82.a4.v1,0.7148070244093333
Glyma.13G196300.Wm82.a4.v1,0.7147972411094262
Glyma.15G056500.Wm82.a4.v1,0.714758107909798
Glyma.13G298700.Wm82.a4.v1,0.7146896248104485
Glyma.06G202300.Wm82.a4.v1,0.7146553832607738
Glyma.06G088900.Wm82.a4.v1,0.7146407083109133
Glyma.07G128200.Wm82.a4.v1,0.714611358411192
Glyma.20G238000.Wm82.a4.v1,0.7145869001614245
Glyma.12G179900.Wm82.a4.v1,0.7145673335616103
Glyma.08G059500.Wm82.a4.v1,0.7145624419116569
Glyma.07G036400.Wm82.a4.v1,0.7145477669617962
Glyma.13G182500.Wm82.a4.v1,0.7145282003619821
Glyma.05G096300.Wm82.a4.v1,0.7145282003619821
Glyma.18G107600.Wm82.a4.v1,0.7145233087120285
Glyma.10G024500.Wm82.a4.v1,0.7144988504622609
Glyma.08G237000.Wm82.a4.v1,0.7144450423127721
Glyma.20G089700.Wm82.a4.v1,0.7144303673629115
Glyma.13G035300.Wm82.a4.v1,0.7144205840630045
Glyma.07G217500.Wm82.a4.v1,0.7144156924130509
Glyma.04G057500.Wm82.a4.v1,0.7143814508633762
Glyma.11G242200.Wm82.a4.v1,0.7143716675634691
Glyma.10G075200.Wm82.a4.v1,0.7143129677640268
Glyma.14G099100.Wm82.a4.v1,0.7142689429144451
Glyma.12G062400.Wm82.a4.v1,0.714259159614538
Glyma.07G076800.Wm82.a4.v1,0.7142542679645845
Glyma.03G027400.Wm82.a4.v1,0.7142249180648633
Glyma.20G247000.Wm82.a4.v1,0.7142151347649562
Glyma.14G142300.Wm82.a4.v1,0.7141906765151885
Glyma.05G073700.Wm82.a4.v1,0.7141857848652351
Glyma.11G101700.Wm82.a4.v1,0.7141662182654209
Glyma.08G306800.Wm82.a4.v1,0.7141662182654209
Glyma.12G174800.Wm82.a4.v1,0.7141319767157462
Glyma.02G042100.Wm82.a4.v1,0.7141319767157462
Glyma.06G159300.Wm82.a4.v1,0.7141075184659785
Glyma.07G126300.Wm82.a4.v1,0.7141075184659785
Glyma.13G064500.Wm82.a4.v1,0.7141026268160251
Glyma.05G207700.Wm82.a4.v1,0.7140341437166756
Glyma.04G058300.Wm82.a4.v1,0.7140243604167685
Glyma.07G210200.Wm82.a4.v1,0.7140194687668151
Glyma.13G251000.Wm82.a4.v1,0.7139607689673727
Glyma.19G177100.Wm82.a4.v1,0.7139069608178839
Glyma.02G079400.Wm82.a4.v1,0.7138922858680233
Glyma.13G111400.Wm82.a4.v1,0.7138825025681163
Glyma.14G024300.Wm82.a4.v1,0.7138678276182556
Glyma.18G042900.Wm82.a4.v1,0.7138678276182556
Glyma.11G199100.Wm82.a4.v1,0.713843369368488
Glyma.10G297300.Wm82.a4.v1,0.7138335860685809
Glyma.16G130300.Wm82.a4.v1,0.7138042361688598
Glyma.04G187000.Wm82.a4.v1,0.7137553196693245
Glyma.02G029600.Wm82.a4.v1,0.7137455363694174
Glyma.13G209800.Wm82.a4.v1,0.7136917282199285
Glyma.18G050300.Wm82.a4.v1,0.713667269970161
Glyma.10G209600.Wm82.a4.v1,0.7136281367705327
Glyma.17G225700.Wm82.a4.v1,0.7136085701707185
Glyma.14G177100.Wm82.a4.v1,0.713584111920951
Glyma.17G187400.Wm82.a4.v1,0.713584111920951
Glyma.06G021900.Wm82.a4.v1,0.7135743286210439
Glyma.20G047800.Wm82.a4.v1,0.7135547620212298
Glyma.05G010000.Wm82.a4.v1,0.7135449787213227
Glyma.18G080300.Wm82.a4.v1,0.7134960622217874
Glyma.07G136600.Wm82.a4.v1,0.7134618206721127
Glyma.18G179200.Wm82.a4.v1,0.713427579122438
Glyma.18G246500.Wm82.a4.v1,0.713427579122438
Glyma.05G047500.Wm82.a4.v1,0.7134031208726703
Glyma.09G074100.Wm82.a4.v1,0.7133884459228098
Glyma.10G216300.Wm82.a4.v1,0.7132955045736927
Glyma.18G058700.Wm82.a4.v1,0.7132661546739715
Glyma.04G094500.Wm82.a4.v1,0.713261263024018
Glyma.02G138900.Wm82.a4.v1,0.7132465880741574
Glyma.08G221800.Wm82.a4.v1,0.7132123465244827
Glyma.03G232600.Wm82.a4.v1,0.7132074548745292
Glyma.10G053500.Wm82.a4.v1,0.7131927799246686
Glyma.14G030600.Wm82.a4.v1,0.713104730225505
Glyma.05G168500.Wm82.a4.v1,0.7130998385755515
Glyma.13G161800.Wm82.a4.v1,0.7130655970258768
Glyma.17G257300.Wm82.a4.v1,0.7130313554762021
Glyma.18G029800.Wm82.a4.v1,0.7130166805263415
Glyma.05G180100.Wm82.a4.v1,0.7129922222765739
Glyma.13G059300.Wm82.a4.v1,0.7129922222765739
Glyma.02G079100.Wm82.a4.v1,0.7129873306266203
Glyma.19G017700.Wm82.a4.v1,0.7129530890769457
Glyma.19G211900.Wm82.a4.v1,0.7129433057770386
Glyma.15G255200.Wm82.a4.v1,0.712938414127085
Glyma.16G167200.Wm82.a4.v1,0.7129335224771315
Glyma.17G052100.Wm82.a4.v1,0.712918847527271
Glyma.03G248800.Wm82.a4.v1,0.7128894976275497
Glyma.01G232600.Wm82.a4.v1,0.7128846059775963
Glyma.06G168700.Wm82.a4.v1,0.7128601477278286
Glyma.12G043400.Wm82.a4.v1,0.7128454727779681
Glyma.19G225800.Wm82.a4.v1,0.7128112312282933
Glyma.16G076700.Wm82.a4.v1,0.7127965562784327
Glyma.18G070900.Wm82.a4.v1,0.7127867729785257
Glyma.07G048200.Wm82.a4.v1,0.712772098028665
Glyma.07G195900.Wm82.a4.v1,0.7127672063787115
Glyma.17G024200.Wm82.a4.v1,0.7127623147287581
Glyma.04G181500.Wm82.a4.v1,0.712752531428851
Glyma.13G166800.Wm82.a4.v1,0.7127280731790833
Glyma.18G120051.Wm82.a4.v1,0.7127182898791763
Glyma.04G020600.Wm82.a4.v1,0.7127085065792692
Glyma.08G270701.Wm82.a4.v1,0.7127036149293157
Glyma.11G159648.Wm82.a4.v1,0.712669373379641
Glyma.10G062900.Wm82.a4.v1,0.7126008902802915
Glyma.02G065400.Wm82.a4.v1,0.7125568654307097
Glyma.17G161100.Wm82.a4.v1,0.7125568654307097
Glyma.19G115700.Wm82.a4.v1,0.7125421904808492
Glyma.15G125200.Wm82.a4.v1,0.7125421904808492
Glyma.08G236400.Wm82.a4.v1,0.7124981656312674
Glyma.13G091500.Wm82.a4.v1,0.7124932739813139
Glyma.03G175400.Wm82.a4.v1,0.7124785990314533
Glyma.13G079000.Wm82.a4.v1,0.7124639240815928
Glyma.19G241100.Wm82.a4.v1,0.7124443574817786
Glyma.03G130200.Wm82.a4.v1,0.7124345741818715
Glyma.06G013900.Wm82.a4.v1,0.712429682531918
Glyma.07G046600.Wm82.a4.v1,0.712419899232011
Glyma.01G039800.Wm82.a4.v1,0.7124003326321968
Glyma.13G214600.Wm82.a4.v1,0.7123954409822433
Glyma.07G241900.Wm82.a4.v1,0.7123856576823363
Glyma.04G044200.Wm82.a4.v1,0.7123758743824292
Glyma.10G286200.Wm82.a4.v1,0.7123416328327545
Glyma.11G086500.Wm82.a4.v1,0.7123269578828939
Glyma.02G131700.Wm82.a4.v1,0.712273149733405
Glyma.04G194900.Wm82.a4.v1,0.7122584747835445
Glyma.12G227000.Wm82.a4.v1,0.7122486914836375
Glyma.17G146100.Wm82.a4.v1,0.7122340165337768
Glyma.12G129600.Wm82.a4.v1,0.7122340165337768
Glyma.11G191000.Wm82.a4.v1,0.7121899916841951
Glyma.13G227500.Wm82.a4.v1,0.7121851000342415
Glyma.11G128300.Wm82.a4.v1,0.7121753167343345
Glyma.20G206700.Wm82.a4.v1,0.7121215085848457
Glyma.12G151100.Wm82.a4.v1,0.712087267035171
Glyma.20G187800.Wm82.a4.v1,0.7120334588856821
Glyma.16G213400.Wm82.a4.v1,0.7120285672357286
Glyma.16G207100.Wm82.a4.v1,0.7120236755857751
Glyma.05G075900.Wm82.a4.v1,0.712013892285868
Glyma.02G226100.Wm82.a4.v1,0.7119943256860539
Glyma.02G267400.Wm82.a4.v1,0.7119894340361004
Glyma.05G009500.Wm82.a4.v1,0.7119894340361004
Glyma.02G066100.Wm82.a4.v1,0.7119747590862398
Glyma.14G000500.Wm82.a4.v1,0.7119747590862398
Glyma.08G108400.Wm82.a4.v1,0.7119747590862398
Glyma.17G154800.Wm82.a4.v1,0.7119600841363792
Glyma.03G230600.Wm82.a4.v1,0.7119503008364721
Glyma.11G107500.Wm82.a4.v1,0.7119454091865186
Glyma.20G102700.Wm82.a4.v1,0.7119454091865186
Glyma.01G225700.Wm82.a4.v1,0.711930734236658
Glyma.18G048800.Wm82.a4.v1,0.7119111676368439
Glyma.02G170500.Wm82.a4.v1,0.7118964926869833
Glyma.14G031700.Wm82.a4.v1,0.7118720344372157
Glyma.15G255100.Wm82.a4.v1,0.7118622511373086
Glyma.06G219800.Wm82.a4.v1,0.7118524678374015
Glyma.02G206800.Wm82.a4.v1,0.7118280095876339
Glyma.20G070700.Wm82.a4.v1,0.7118182262877268
Glyma.06G286100.Wm82.a4.v1,0.7118035513378662
Glyma.04G045000.Wm82.a4.v1,0.7117986596879128
Glyma.08G156400.Wm82.a4.v1,0.7117888763880057
Glyma.19G208600.Wm82.a4.v1,0.7117693097881915
Glyma.05G062400.Wm82.a4.v1,0.7117106099887492
Glyma.03G249800.Wm82.a4.v1,0.7117008266888422
Glyma.05G045700.Wm82.a4.v1,0.7116885975639583
Glyma.U031615.Wm82.a4.v1,0.7116616934892139
Glyma.19G194929.Wm82.a4.v1,0.7115834270899575
Glyma.09G212900.Wm82.a4.v1,0.7115809812649807
Glyma.07G114600.Wm82.a4.v1,0.711514943990608
Glyma.16G196400.Wm82.a4.v1,0.711505160690701
Glyma.01G189600.Wm82.a4.v1,0.7114855940908869
Glyma.09G073600.Wm82.a4.v1,0.7114562441911657
Glyma.20G167300.Wm82.a4.v1,0.7114464608912586
Glyma.06G148600.Wm82.a4.v1,0.7114415692413051
Glyma.06G123800.Wm82.a4.v1,0.7114171109915375
Glyma.10G162400.Wm82.a4.v1,0.7113926527417698
Glyma.07G037400.Wm82.a4.v1,0.7113584111920951
Glyma.07G181600.Wm82.a4.v1,0.7112801447928386
Glyma.01G189400.Wm82.a4.v1,0.7112605781930245
Glyma.13G121900.Wm82.a4.v1,0.7111872034437215
Glyma.11G147944.Wm82.a4.v1,0.711172528493861
Glyma.19G099900.Wm82.a4.v1,0.711172528493861
Glyma.03G069800.Wm82.a4.v1,0.7111529618940469
Glyma.03G237100.Wm82.a4.v1,0.7111529618940469
Glyma.10G067900.Wm82.a4.v1,0.7111285036442793
Glyma.19G109400.Wm82.a4.v1,0.711099153744558
Glyma.02G126800.Wm82.a4.v1,0.7110746954947904
Glyma.09G169500.Wm82.a4.v1,0.7110649121948833
Glyma.19G121300.Wm82.a4.v1,0.7110502372450227
Glyma.13G269900.Wm82.a4.v1,0.7110306706452086
Glyma.15G255900.Wm82.a4.v1,0.7110208873453016
Glyma.13G360900.Wm82.a4.v1,0.7110062123954409
Glyma.19G029500.Wm82.a4.v1,0.7110062123954409
Glyma.09G088700.Wm82.a4.v1,0.710996429095534
Glyma.10G243100.Wm82.a4.v1,0.7109915374455804
Glyma.04G178100.Wm82.a4.v1,0.7109621875458593
Glyma.13G240200.Wm82.a4.v1,0.7109475125959986
Glyma.15G187500.Wm82.a4.v1,0.7109279459961845
Glyma.09G213100.Wm82.a4.v1,0.7109181626962775
Glyma.13G348300.Wm82.a4.v1,0.7109034877464169
Glyma.13G080300.Wm82.a4.v1,0.7108937044465098
Glyma.02G000600.Wm82.a4.v1,0.7108350046470675
Glyma.07G032600.Wm82.a4.v1,0.7108252213471604
Glyma.03G222900.Wm82.a4.v1,0.7108154380472533
Glyma.12G136300.Wm82.a4.v1,0.7108105463972998
Glyma.06G050700.Wm82.a4.v1,0.7108007630973927
Glyma.06G094500.Wm82.a4.v1,0.7107273883480898
Glyma.05G063800.Wm82.a4.v1,0.7106955926233919
Glyma.16G144000.Wm82.a4.v1,0.7104583476006457
Glyma.17G069800.Wm82.a4.v1,0.7104045394511569
Glyma.13G292200.Wm82.a4.v1,0.7104045394511569
Glyma.12G190200.Wm82.a4.v1,0.7103654062515287
Glyma.14G085100.Wm82.a4.v1,0.7103605146015751
Glyma.02G273000.Wm82.a4.v1,0.7103458396517145
Glyma.03G076800.Wm82.a4.v1,0.7103458396517145
Glyma.10G017500.Wm82.a4.v1,0.7103262730519004
Glyma.17G069400.Wm82.a4.v1,0.7103262730519004
Glyma.06G146400.Wm82.a4.v1,0.7103115981020398
Glyma.18G272700.Wm82.a4.v1,0.7103067064520863
Glyma.02G109300.Wm82.a4.v1,0.7102969231521792
Glyma.06G090300.Wm82.a4.v1,0.7102773565523651
Glyma.06G225000.Wm82.a4.v1,0.7102724649024116
Glyma.05G148200.Wm82.a4.v1,0.710267573252458
Glyma.03G120400.Wm82.a4.v1,0.7102528983025974
Glyma.07G188200.Wm82.a4.v1,0.7102137651029692
Glyma.01G099800.Wm82.a4.v1,0.7101990901531087
Glyma.01G019200.Wm82.a4.v1,0.7101306070537592
Glyma.15G093900.Wm82.a4.v1,0.7101159321038987
Glyma.09G232600.Wm82.a4.v1,0.710101257154038
Glyma.10G264300.Wm82.a4.v1,0.7100963655040845
Glyma.06G141000.Wm82.a4.v1,0.710081690554224
Glyma.15G046700.Wm82.a4.v1,0.7100670156043634
Glyma.05G162300.Wm82.a4.v1,0.7100670156043634
Glyma.04G077500.Wm82.a4.v1,0.7100523406545027
Glyma.17G225600.Wm82.a4.v1,0.7100425573545958
Glyma.13G000500.Wm82.a4.v1,0.7100327740546887
Glyma.10G248400.Wm82.a4.v1,0.7099789659051998
Glyma.08G354600.Wm82.a4.v1,0.7099740742552463
Glyma.19G136400.Wm82.a4.v1,0.7098860245560827
Glyma.10G082300.Wm82.a4.v1,0.7098860245560827
Glyma.16G149800.Wm82.a4.v1,0.7098811329061292
Glyma.08G008000.Wm82.a4.v1,0.7098713496062222
Glyma.19G115600.Wm82.a4.v1,0.7098615663063151
Glyma.09G187200.Wm82.a4.v1,0.7098468913564545
Glyma.16G058200.Wm82.a4.v1,0.709841999706501
Glyma.02G227000.Wm82.a4.v1,0.7098371080565474
Glyma.04G027600.Wm82.a4.v1,0.7098028665068727
Glyma.08G104400.Wm82.a4.v1,0.7097881915570122
Glyma.10G020700.Wm82.a4.v1,0.7096903585579416
Glyma.01G227000.Wm82.a4.v1,0.7096805752580345
Glyma.09G207800.Wm82.a4.v1,0.709665900308174
Glyma.11G122200.Wm82.a4.v1,0.7096365504084527
Glyma.03G013550.Wm82.a4.v1,0.7096218754585922
Glyma.15G273600.Wm82.a4.v1,0.709592525558871
Glyma.07G106800.Wm82.a4.v1,0.7095533923592428
Glyma.17G015000.Wm82.a4.v1,0.7095338257594287
Glyma.19G003300.Wm82.a4.v1,0.7095289341094752
Glyma.10G023400.Wm82.a4.v1,0.709509367509661
Glyma.07G239600.Wm82.a4.v1,0.7094995842097539
Glyma.02G150100.Wm82.a4.v1,0.7094946925598005
Glyma.04G216300.Wm82.a4.v1,0.7094213178104974
Glyma.19G200700.Wm82.a4.v1,0.7094066428606369
Glyma.01G144500.Wm82.a4.v1,0.7093968595607298
Glyma.04G237200.Wm82.a4.v1,0.7093919679107763
Glyma.10G162300.Wm82.a4.v1,0.7093528347111481
Glyma.10G193000.Wm82.a4.v1,0.7093283764613805
Glyma.13G137800.Wm82.a4.v1,0.7092843516117987
Glyma.02G109400.Wm82.a4.v1,0.7092843516117987
Glyma.16G151100.Wm82.a4.v1,0.7092745683118916
Glyma.19G240000.Wm82.a4.v1,0.7092745683118916
Glyma.U031209.Wm82.a4.v1,0.7092696766619381
Glyma.10G251100.Wm82.a4.v1,0.709259893362031
Glyma.14G059900.Wm82.a4.v1,0.7092550017120774
Glyma.05G022300.Wm82.a4.v1,0.7092354351122634
Glyma.11G174910.Wm82.a4.v1,0.7092354351122634
Glyma.15G043400.Wm82.a4.v1,0.7092256518123563
Glyma.04G067300.Wm82.a4.v1,0.7091963019126352
Glyma.16G035000.Wm82.a4.v1,0.7091718436628675
Glyma.13G366100.Wm82.a4.v1,0.7091620603629605
Glyma.08G199700.Wm82.a4.v1,0.7091571687130069
Glyma.08G337400.Wm82.a4.v1,0.7091522770630534
Glyma.08G302000.Wm82.a4.v1,0.7090837939637039
Glyma.15G072200.Wm82.a4.v1,0.7090495524140292
Glyma.05G189200.Wm82.a4.v1,0.7090250941642616
Glyma.03G013400.Wm82.a4.v1,0.7090153108643545
Glyma.12G103800.Wm82.a4.v1,0.7089957442645405
Glyma.03G200300.Wm82.a4.v1,0.7089810693146799
Glyma.08G177900.Wm82.a4.v1,0.7089321528151445
Glyma.02G057400.Wm82.a4.v1,0.7088881279655628
Glyma.08G157400.Wm82.a4.v1,0.7088832363156092
Glyma.02G152100.Wm82.a4.v1,0.7088098615663063
Glyma.05G235000.Wm82.a4.v1,0.7087951866164457
Glyma.20G246200.Wm82.a4.v1,0.7087756200166316
Glyma.14G076900.Wm82.a4.v1,0.7087462701169104
Glyma.15G042700.Wm82.a4.v1,0.7087315951670499
Glyma.13G339200.Wm82.a4.v1,0.7086973536173752
Glyma.05G138600.Wm82.a4.v1,0.708677787017561
Glyma.20G040900.Wm82.a4.v1,0.7086728953676075
Glyma.07G168100.Wm82.a4.v1,0.7086631120677004
Glyma.10G043000.Wm82.a4.v1,0.708658220417747
Glyma.07G233800.Wm82.a4.v1,0.7086533287677934
Glyma.01G208400.Wm82.a4.v1,0.7086484371178399
Glyma.07G049200.Wm82.a4.v1,0.7086435454678863
Glyma.08G340700.Wm82.a4.v1,0.7086337621679792
Glyma.11G175955.Wm82.a4.v1,0.7085652790686299
Glyma.08G238800.Wm82.a4.v1,0.7085506041187692
Glyma.03G205900.Wm82.a4.v1,0.7084870126693734
Glyma.19G145600.Wm82.a4.v1,0.7084527711196986
Glyma.17G198800.Wm82.a4.v1,0.7084380961698381
Glyma.10G156300.Wm82.a4.v1,0.7084332045198846
Glyma.09G059600.Wm82.a4.v1,0.7084332045198846
Glyma.17G109000.Wm82.a4.v1,0.7083891796703028
Glyma.05G126600.Wm82.a4.v1,0.7083696130704886
Glyma.05G237800.Wm82.a4.v1,0.708345154820721
Glyma.11G125000.Wm82.a4.v1,0.7082913466712322
Glyma.20G130700.Wm82.a4.v1,0.7082864550212786
Glyma.07G122500.Wm82.a4.v1,0.7082717800714181
Glyma.07G031900.Wm82.a4.v1,0.7082522134716039
Glyma.11G107700.Wm82.a4.v1,0.7082277552218363
Glyma.16G080700.Wm82.a4.v1,0.7081886220222081
Glyma.18G024800.Wm82.a4.v1,0.7081739470723475
Glyma.09G067100.Wm82.a4.v1,0.708169055422394
Glyma.04G071900.Wm82.a4.v1,0.708169055422394
Glyma.10G032500.Wm82.a4.v1,0.7081494888225799
Glyma.01G029500.Wm82.a4.v1,0.7081494888225799
Glyma.06G037600.Wm82.a4.v1,0.7081348138727193
Glyma.12G022300.Wm82.a4.v1,0.7081299222227657
Glyma.01G007700.Wm82.a4.v1,0.7081201389228586
Glyma.17G065500.Wm82.a4.v1,0.7081152472729052
Glyma.19G000700.Wm82.a4.v1,0.7081103556229517
Glyma.09G073700.Wm82.a4.v1,0.7081005723230446
Glyma.05G233000.Wm82.a4.v1,0.708095680673091
Glyma.14G079900.Wm82.a4.v1,0.708085897373184
Glyma.06G028400.Wm82.a4.v1,0.708085897373184
Glyma.07G233100.Wm82.a4.v1,0.7080761140732769
Glyma.10G041100.Wm82.a4.v1,0.7080663307733699
Glyma.18G048900.Wm82.a4.v1,0.7080663307733699
Glyma.01G188000.Wm82.a4.v1,0.7080614391234163
Glyma.10G278400.Wm82.a4.v1,0.7080418725236022
Glyma.01G199100.Wm82.a4.v1,0.7079978476740204
Glyma.16G104300.Wm82.a4.v1,0.7079342562246246
Glyma.13G149800.Wm82.a4.v1,0.707919581274764
Glyma.07G001900.Wm82.a4.v1,0.7079049063249034
Glyma.14G219400.Wm82.a4.v1,0.7079049063249034
Glyma.15G130300.Wm82.a4.v1,0.7078266399256469
Glyma.12G018200.Wm82.a4.v1,0.7078217482756934
Glyma.08G309400.Wm82.a4.v1,0.7078168566257399
Glyma.11G087100.Wm82.a4.v1,0.7078070733258328
Glyma.04G228700.Wm82.a4.v1,0.7078021816758793
Glyma.03G005000.Wm82.a4.v1,0.7077777234261117
Glyma.07G208200.Wm82.a4.v1,0.7077190236266693
Glyma.08G272800.Wm82.a4.v1,0.7077190236266693
Glyma.20G098451.Wm82.a4.v1,0.7077190236266693
Glyma.17G067100.Wm82.a4.v1,0.7077190236266693
Glyma.09G018300.Wm82.a4.v1,0.7077043486768086
Glyma.05G225200.Wm82.a4.v1,0.7076945653769017
Glyma.03G199500.Wm82.a4.v1,0.7076749987770875
Glyma.04G111400.Wm82.a4.v1,0.7076505405273199
Glyma.03G120000.Wm82.a4.v1,0.7076456488773664
Glyma.12G179300.Wm82.a4.v1,0.7076162989776451
Glyma.13G301100.Wm82.a4.v1,0.7076065156777381
Glyma.11G145500.Wm82.a4.v1,0.707586949077924
Glyma.18G055100.Wm82.a4.v1,0.7075429242283422
Glyma.10G100400.Wm82.a4.v1,0.7075380325783887
Glyma.18G210300.Wm82.a4.v1,0.7075331409284351
Glyma.09G040100.Wm82.a4.v1,0.7075282492784817
Glyma.05G136200.Wm82.a4.v1,0.7075086826786675
Glyma.06G040100.Wm82.a4.v1,0.707503791028714
Glyma.11G136700.Wm82.a4.v1,0.7074988993787604
Glyma.12G164700.Wm82.a4.v1,0.7074940077288069
Glyma.04G172300.Wm82.a4.v1,0.7074940077288069
Glyma.14G187700.Wm82.a4.v1,0.7074891160788533
Glyma.03G255900.Wm82.a4.v1,0.7074793327789464
Glyma.09G249000.Wm82.a4.v1,0.7074548745291787
Glyma.14G215400.Wm82.a4.v1,0.7074353079293646
Glyma.17G077800.Wm82.a4.v1,0.7074157413295504
Glyma.07G134400.Wm82.a4.v1,0.7073472582302011
Glyma.04G032100.Wm82.a4.v1,0.7073276916303869
Glyma.11G209027.Wm82.a4.v1,0.7073179083304799
Glyma.06G131700.Wm82.a4.v1,0.7071907254316881
Glyma.15G192700.Wm82.a4.v1,0.7071858337817346
Glyma.14G203800.Wm82.a4.v1,0.7071858337817346
Glyma.01G226800.Wm82.a4.v1,0.7071369172821993
Glyma.17G175000.Wm82.a4.v1,0.7071271339822922
Glyma.13G311700.Wm82.a4.v1,0.7071124590324316
Glyma.10G120900.Wm82.a4.v1,0.7071026757325246
Glyma.10G013300.Wm82.a4.v1,0.7071026757325246
Glyma.10G165900.Wm82.a4.v1,0.7070244093332682
Glyma.09G206800.Wm82.a4.v1,0.707004842733454
Glyma.09G255200.Wm82.a4.v1,0.7069706011837793
Glyma.06G316000.Wm82.a4.v1,0.7069608178838722
Glyma.19G084900.Wm82.a4.v1,0.7069021180844299
Glyma.13G099700.Wm82.a4.v1,0.7068727681847087
Glyma.12G019000.Wm82.a4.v1,0.7068434182849875
Glyma.20G110400.Wm82.a4.v1,0.7068091767353128
Glyma.07G009000.Wm82.a4.v1,0.7067993934354058
Glyma.10G091600.Wm82.a4.v1,0.7067798268355916
Glyma.12G030800.Wm82.a4.v1,0.7067260186861029
Glyma.03G155100.Wm82.a4.v1,0.7067113437362422
Glyma.12G152300.Wm82.a4.v1,0.7067064520862887
Glyma.13G160100.Wm82.a4.v1,0.7067064520862887
Glyma.07G221200.Wm82.a4.v1,0.7066966687863816
Glyma.02G294100.Wm82.a4.v1,0.7066477522868464
Glyma.09G061600.Wm82.a4.v1,0.7066379689869393
Glyma.17G241100.Wm82.a4.v1,0.7065792691874969
Glyma.08G211300.Wm82.a4.v1,0.7065401359878687
Glyma.13G084800.Wm82.a4.v1,0.7065352443379151
Glyma.05G218100.Wm82.a4.v1,0.7065303526879616
Glyma.08G217900.Wm82.a4.v1,0.706505894438194
Glyma.06G152900.Wm82.a4.v1,0.706505894438194
Glyma.16G173600.Wm82.a4.v1,0.7065010027882405
Glyma.04G210500.Wm82.a4.v1,0.7064618695886122
Glyma.01G008400.Wm82.a4.v1,0.7063542532896346
Glyma.15G261200.Wm82.a4.v1,0.7063102284400529
Glyma.13G127000.Wm82.a4.v1,0.7063053367900993
Glyma.20G081800.Wm82.a4.v1,0.7062955534901922
Glyma.09G109600.Wm82.a4.v1,0.7062759868903781
Glyma.05G009300.Wm82.a4.v1,0.7062613119405176
Glyma.10G221300.Wm82.a4.v1,0.7062075037910287
Glyma.05G228800.Wm82.a4.v1,0.7061683705914005
Glyma.16G166800.Wm82.a4.v1,0.7061585872914934
Glyma.01G235200.Wm82.a4.v1,0.7061439123416329
Glyma.19G196300.Wm82.a4.v1,0.7061243457418187
Glyma.08G067100.Wm82.a4.v1,0.7060852125421905
Glyma.10G019000.Wm82.a4.v1,0.7060509709925158
Glyma.03G259600.Wm82.a4.v1,0.7060314043927016
Glyma.13G280700.Wm82.a4.v1,0.7060118377928876
Glyma.16G151900.Wm82.a4.v1,0.7060020544929805
Glyma.07G115700.Wm82.a4.v1,0.7059824878931663
Glyma.13G252700.Wm82.a4.v1,0.7059727045932593
Glyma.04G047500.Wm82.a4.v1,0.7059286797436776
Glyma.12G132500.Wm82.a4.v1,0.7059286797436776
Glyma.06G056300.Wm82.a4.v1,0.705923788093724
Glyma.18G059000.Wm82.a4.v1,0.7059188964437705
Glyma.10G232400.Wm82.a4.v1,0.7058944381940029
Glyma.13G049100.Wm82.a4.v1,0.7058919923690261
Glyma.08G258700.Wm82.a4.v1,0.7058895465440493
Glyma.17G018800.Wm82.a4.v1,0.7058259550946534
Glyma.08G254500.Wm82.a4.v1,0.7057917135449787
Glyma.03G028400.Wm82.a4.v1,0.7057917135449787
Glyma.10G185100.Wm82.a4.v1,0.7057868218950252
Glyma.10G233700.Wm82.a4.v1,0.7057721469451647
Glyma.16G000300.Wm82.a4.v1,0.7057672552952111
Glyma.08G340500.Wm82.a4.v1,0.7057379053954899
Glyma.16G025200.Wm82.a4.v1,0.7057232304456293
Glyma.06G234300.Wm82.a4.v1,0.7057183387956758
Glyma.13G206700.Wm82.a4.v1,0.7057183387956758
Glyma.20G048400.Wm82.a4.v1,0.7057134471457223
Glyma.05G244600.Wm82.a4.v1,0.7057036638458152
Glyma.15G123900.Wm82.a4.v1,0.7056987721958616
Glyma.03G204800.Wm82.a4.v1,0.7056792055960476
Glyma.13G216100.Wm82.a4.v1,0.7056596389962334
Glyma.08G354500.Wm82.a4.v1,0.7055862642469305
Glyma.16G209900.Wm82.a4.v1,0.7055764809470234
Glyma.14G223200.Wm82.a4.v1,0.7055569143472094
Glyma.14G029000.Wm82.a4.v1,0.7055569143472094
Glyma.13G238800.Wm82.a4.v1,0.7055471310473023
Glyma.10G284200.Wm82.a4.v1,0.7055422393973487
Glyma.06G106700.Wm82.a4.v1,0.7054933228978134
Glyma.06G068500.Wm82.a4.v1,0.7054639729980923
Glyma.12G111000.Wm82.a4.v1,0.7054541896981852
Glyma.08G121300.Wm82.a4.v1,0.7054297314484176
Glyma.08G061100.Wm82.a4.v1,0.705415056498557
Glyma.18G225900.Wm82.a4.v1,0.7054052731986499
Glyma.08G340900.Wm82.a4.v1,0.7052707528249278
Glyma.03G226200.Wm82.a4.v1,0.7051998239006017
Glyma.04G192200.Wm82.a4.v1,0.7051509074010663
Glyma.12G097500.Wm82.a4.v1,0.7050628577019028
Glyma.17G261700.Wm82.a4.v1,0.7050090495524141
Glyma.06G174400.Wm82.a4.v1,0.7049601330528787
Glyma.14G136700.Wm82.a4.v1,0.7049405664530646
Glyma.12G128600.Wm82.a4.v1,0.704935674803111
Glyma.12G047000.Wm82.a4.v1,0.7049307831531576
Glyma.05G198100.Wm82.a4.v1,0.7049307831531576
Glyma.10G014900.Wm82.a4.v1,0.704916108203297
Glyma.03G228900.Wm82.a4.v1,0.704852516753901
Glyma.02G245500.Wm82.a4.v1,0.7048280585041334
Glyma.09G059300.Wm82.a4.v1,0.7048133835542728
Glyma.17G032300.Wm82.a4.v1,0.7048084919043194
Glyma.15G267900.Wm82.a4.v1,0.7048084919043194
Glyma.19G224100.Wm82.a4.v1,0.7047938169544588
Glyma.08G222200.Wm82.a4.v1,0.7047546837548305
Glyma.02G047300.Wm82.a4.v1,0.704749792104877
Glyma.08G123200.Wm82.a4.v1,0.704727779680086
Glyma.08G223800.Wm82.a4.v1,0.7047057672552952
Glyma.10G048200.Wm82.a4.v1,0.7047008756053417
Glyma.08G032600.Wm82.a4.v1,0.7046323925059923
Glyma.04G059000.Wm82.a4.v1,0.7046323925059923
Glyma.08G315400.Wm82.a4.v1,0.7045932593063641
Glyma.17G170002.Wm82.a4.v1,0.7045639094066428
Glyma.05G167700.Wm82.a4.v1,0.7045149929071076
Glyma.13G323600.Wm82.a4.v1,0.7045052096072005
Glyma.11G142700.Wm82.a4.v1,0.7044562931076652
Glyma.11G196900.Wm82.a4.v1,0.7044122682580835
Glyma.06G203200.Wm82.a4.v1,0.7043731350584552
Glyma.15G073200.Wm82.a4.v1,0.7043731350584552
Glyma.02G062800.Wm82.a4.v1,0.7043731350584552
Glyma.17G125500.Wm82.a4.v1,0.704353568458641
Glyma.07G028400.Wm82.a4.v1,0.7043242185589199
Glyma.08G033300.Wm82.a4.v1,0.7043095436090593
Glyma.10G283300.Wm82.a4.v1,0.7043095436090593
Glyma.19G116100.Wm82.a4.v1,0.7042997603091523
Glyma.12G096500.Wm82.a4.v1,0.7042704104094311
Glyma.07G245500.Wm82.a4.v1,0.7042117106099888
Glyma.13G112600.Wm82.a4.v1,0.7041872523602211
Glyma.08G290900.Wm82.a4.v1,0.7041872523602211
Glyma.10G090400.Wm82.a4.v1,0.7041774690603141
Glyma.13G180100.Wm82.a4.v1,0.704167685760407
Glyma.12G228600.Wm82.a4.v1,0.7041579024604999
Glyma.19G050600.Wm82.a4.v1,0.7041481191605928
Glyma.05G207800.Wm82.a4.v1,0.7041432275106393
Glyma.12G119200.Wm82.a4.v1,0.7041236609108252
Glyma.19G237700.Wm82.a4.v1,0.7040943110111041
Glyma.06G083900.Wm82.a4.v1,0.7040796360612435
Glyma.07G013200.Wm82.a4.v1,0.7040747444112899
Glyma.19G105900.Wm82.a4.v1,0.7040551778114759
Glyma.08G226100.Wm82.a4.v1,0.704001369661987
Glyma.08G139400.Wm82.a4.v1,0.7039866947121264
Glyma.06G076500.Wm82.a4.v1,0.7039720197622659
Glyma.18G041700.Wm82.a4.v1,0.7039426698625446
Glyma.11G047800.Wm82.a4.v1,0.7039377782125911
Glyma.17G068400.Wm82.a4.v1,0.7038741867631952
Glyma.08G204200.Wm82.a4.v1,0.7038741867631952
Glyma.13G284100.Wm82.a4.v1,0.7038301619136135
Glyma.04G155000.Wm82.a4.v1,0.7038008120138923
Glyma.14G048800.Wm82.a4.v1,0.7037959203639388
Glyma.06G182100.Wm82.a4.v1,0.7037812454140782
Glyma.14G223100.Wm82.a4.v1,0.7037763537641246
Glyma.09G179000.Wm82.a4.v1,0.7037665704642175
Glyma.20G193600.Wm82.a4.v1,0.7036980873648682
Glyma.10G227100.Wm82.a4.v1,0.7036736291151006
Glyma.03G219300.Wm82.a4.v1,0.7036198209656117
Glyma.06G269400.Wm82.a4.v1,0.7035953627158441
Glyma.01G150400.Wm82.a4.v1,0.7035806877659835
Glyma.01G026200.Wm82.a4.v1,0.7035611211661693
Glyma.06G289400.Wm82.a4.v1,0.7035317712664482
Glyma.11G078700.Wm82.a4.v1,0.7035268796164946
Glyma.12G050500.Wm82.a4.v1,0.7035219879665411
Glyma.18G299100.Wm82.a4.v1,0.7035170963165875
Glyma.07G004100.Wm82.a4.v1,0.7034779631169593
Glyma.19G025800.Wm82.a4.v1,0.7034632881670988
Glyma.12G141050.Wm82.a4.v1,0.70340948001761
Glyma.11G007800.Wm82.a4.v1,0.70340948001761
Glyma.19G130100.Wm82.a4.v1,0.7033996967177029
Glyma.13G371000.Wm82.a4.v1,0.7033899134177958
Glyma.14G147000.Wm82.a4.v1,0.7033850217678423
Glyma.19G103000.Wm82.a4.v1,0.7032871887687717
Glyma.05G073300.Wm82.a4.v1,0.7032774054688646
Glyma.12G230800.Wm82.a4.v1,0.7032676221689576
Glyma.19G138500.Wm82.a4.v1,0.7032578388690506
Glyma.10G194600.Wm82.a4.v1,0.7032480555691435
Glyma.12G180700.Wm82.a4.v1,0.7032089223695153
Glyma.06G120600.Wm82.a4.v1,0.7031991390696082
Glyma.11G032900.Wm82.a4.v1,0.7031942474196546
Glyma.19G146400.Wm82.a4.v1,0.7031844641197476
Glyma.01G093902.Wm82.a4.v1,0.7031551142200264
Glyma.11G234400.Wm82.a4.v1,0.7031208726703517
Glyma.13G247400.Wm82.a4.v1,0.7031061977204911
Glyma.20G169600.Wm82.a4.v1,0.703086631120677
Glyma.13G130900.Wm82.a4.v1,0.7030670645208629
Glyma.17G066200.Wm82.a4.v1,0.7030377146211417
Glyma.13G249400.Wm82.a4.v1,0.703013256371374
Glyma.15G133700.Wm82.a4.v1,0.7029692315217922
Glyma.01G035100.Wm82.a4.v1,0.7029643398718388
Glyma.19G080400.Wm82.a4.v1,0.702930098322164
Glyma.03G126600.Wm82.a4.v1,0.7029252066722106
Glyma.03G063600.Wm82.a4.v1,0.7028713985227217
Glyma.01G047700.Wm82.a4.v1,0.7028713985227217
Glyma.01G245200.Wm82.a4.v1,0.7028322653230935
Glyma.15G122400.Wm82.a4.v1,0.70282737367314
Glyma.06G128900.Wm82.a4.v1,0.7028175903732329
Glyma.10G236300.Wm82.a4.v1,0.7027833488235582
Glyma.06G062500.Wm82.a4.v1,0.7027686738736976
Glyma.11G039900.Wm82.a4.v1,0.702763782223744
Glyma.09G184900.Wm82.a4.v1,0.7027588905737905
Glyma.02G066000.Wm82.a4.v1,0.7027393239739764
Glyma.17G045300.Wm82.a4.v1,0.7026977449493714
Glyma.10G296900.Wm82.a4.v1,0.7026952991243947
Glyma.07G200800.Wm82.a4.v1,0.7026904074744411
Glyma.09G188000.Wm82.a4.v1,0.7026463826248593
Glyma.05G158300.Wm82.a4.v1,0.7026023577752776
Glyma.06G034200.Wm82.a4.v1,0.70257789952551
Glyma.12G194800.Wm82.a4.v1,0.7025730078755564
Glyma.13G116800.Wm82.a4.v1,0.7025632245756493
Glyma.08G194500.Wm82.a4.v1,0.7025583329256958
Glyma.11G004600.Wm82.a4.v1,0.7025485496257888
Glyma.18G298300.Wm82.a4.v1,0.7025191997260676
Glyma.17G003300.Wm82.a4.v1,0.7025094164261605
Glyma.04G064600.Wm82.a4.v1,0.7025094164261605
Glyma.19G220300.Wm82.a4.v1,0.7025094164261605
Glyma.16G053800.Wm82.a4.v1,0.7024800665264394
Glyma.11G215400.Wm82.a4.v1,0.7024556082766718
Glyma.20G226300.Wm82.a4.v1,0.7024360416768576
Glyma.19G218200.Wm82.a4.v1,0.702431150026904
Glyma.12G219100.Wm82.a4.v1,0.7023724502274618
Glyma.08G124600.Wm82.a4.v1,0.7023724502274618
Glyma.05G156800.Wm82.a4.v1,0.702347991977694
Glyma.16G024200.Wm82.a4.v1,0.7023382086777871
Glyma.09G199500.Wm82.a4.v1,0.7023235337279264
Glyma.10G224000.Wm82.a4.v1,0.7023186420779729
Glyma.11G176302.Wm82.a4.v1,0.7022501589786235
Glyma.06G116700.Wm82.a4.v1,0.70224526732867
Glyma.05G005500.Wm82.a4.v1,0.70224526732867
Glyma.08G126500.Wm82.a4.v1,0.7022354840287629
Glyma.05G229800.Wm82.a4.v1,0.7022257007288558
Glyma.01G018800.Wm82.a4.v1,0.7021963508291347
Glyma.04G063700.Wm82.a4.v1,0.70216210927946
Glyma.08G190500.Wm82.a4.v1,0.7020936261801105
Glyma.04G093400.Wm82.a4.v1,0.7020251430807611
Glyma.02G034051.Wm82.a4.v1,0.7020104681309005
Glyma.19G208100.Wm82.a4.v1,0.70199579318104
Glyma.06G077200.Wm82.a4.v1,0.7019664432813187
Glyma.06G313400.Wm82.a4.v1,0.7019664432813187
Glyma.15G029000.Wm82.a4.v1,0.7018979601819694
Glyma.15G221400.Wm82.a4.v1,0.7018686102822482
Glyma.11G066800.Wm82.a4.v1,0.7018686102822482
Glyma.10G068700.Wm82.a4.v1,0.7017903438829918
Glyma.10G230700.Wm82.a4.v1,0.7017903438829918
Glyma.03G062800.Wm82.a4.v1,0.7017658856332241
Glyma.12G107100.Wm82.a4.v1,0.7017658856332241
Glyma.04G231100.Wm82.a4.v1,0.7017609939832705
Glyma.06G155600.Wm82.a4.v1,0.7017316440835494
Glyma.11G000300.Wm82.a4.v1,0.7017120774837353
Glyma.04G235400.Wm82.a4.v1,0.7016680526341535
Glyma.05G007600.Wm82.a4.v1,0.7016289194345252
Glyma.02G123700.Wm82.a4.v1,0.7016191361346182
Glyma.13G132200.Wm82.a4.v1,0.7015848945849436
Glyma.08G251300.Wm82.a4.v1,0.7015702196350829
Glyma.06G208100.Wm82.a4.v1,0.7015433155603386
Glyma.13G253600.Wm82.a4.v1,0.701506628185687
Glyma.12G024800.Wm82.a4.v1,0.7014577116861518
Glyma.12G009400.Wm82.a4.v1,0.7014185784865236
Glyma.04G228100.Wm82.a4.v1,0.7014087951866165
Glyma.01G080500.Wm82.a4.v1,0.7013843369368488
Glyma.12G114500.Wm82.a4.v1,0.7013794452868952
Glyma.13G062400.Wm82.a4.v1,0.7013745536369418
Glyma.20G143500.Wm82.a4.v1,0.7013500953871741
Glyma.13G214900.Wm82.a4.v1,0.7013500953871741
Glyma.13G058100.Wm82.a4.v1,0.7013158538374994
Glyma.15G012300.Wm82.a4.v1,0.7012522623881035
Glyma.14G033300.Wm82.a4.v1,0.7012278041383359
Glyma.02G144400.Wm82.a4.v1,0.7012229124883823
Glyma.20G249100.Wm82.a4.v1,0.7011984542386147
Glyma.18G128600.Wm82.a4.v1,0.701173995988847
Glyma.09G228200.Wm82.a4.v1,0.7011691043388935
Glyma.16G126300.Wm82.a4.v1,0.7011593210389865
Glyma.08G055900.Wm82.a4.v1,0.7011397544391723
Glyma.02G010700.Wm82.a4.v1,0.7011348627892188
Glyma.03G090000.Wm82.a4.v1,0.7010565963899623
Glyma.11G151400.Wm82.a4.v1,0.7010321381401947
Glyma.19G046200.Wm82.a4.v1,0.7010223548402876
Glyma.15G068300.Wm82.a4.v1,0.7010027882404735
Glyma.15G136300.Wm82.a4.v1,0.70099789659052
Glyma.13G256300.Wm82.a4.v1,0.7009587633908917
Glyma.08G192200.Wm82.a4.v1,0.7009343051411241
Glyma.01G175900.Wm82.a4.v1,0.700924521841217
Glyma.17G176100.Wm82.a4.v1,0.7008902802915423
Glyma.17G153700.Wm82.a4.v1,0.7008853886415888
Glyma.02G152300.Wm82.a4.v1,0.7008804969916352
Glyma.11G126600.Wm82.a4.v1,0.7008364721420535
Glyma.01G142700.Wm82.a4.v1,0.7007777723426112
Glyma.09G007100.Wm82.a4.v1,0.7007630973927506
Glyma.06G188300.Wm82.a4.v1,0.70074842244289
Glyma.08G362900.Wm82.a4.v1,0.7007190725431688
Glyma.03G148700.Wm82.a4.v1,0.7007019517683315
Glyma.04G202500.Wm82.a4.v1,0.7006603727437265
Glyma.10G027000.Wm82.a4.v1,0.7006456977938659
Glyma.08G222400.Wm82.a4.v1,0.7006432519688891
Glyma.15G023966.Wm82.a4.v1,0.7006310228440052
Glyma.18G034400.Wm82.a4.v1,0.7006261311940517
Glyma.11G138000.Wm82.a4.v1,0.700508731595167
Glyma.06G075500.Wm82.a4.v1,0.7004842733453994
Glyma.12G203000.Wm82.a4.v1,0.7004793816954459
Glyma.13G340700.Wm82.a4.v1,0.7004744900454923
Glyma.10G124600.Wm82.a4.v1,0.7004598150956317
Glyma.04G229200.Wm82.a4.v1,0.7004500317957247
Glyma.09G155400.Wm82.a4.v1,0.7004402484958177
Glyma.09G018400.Wm82.a4.v1,0.7004304651959106
Glyma.04G014200.Wm82.a4.v1,0.7003815486963753
Glyma.15G058700.Wm82.a4.v1,0.7003619820965612
Glyma.12G214200.Wm82.a4.v1,0.7003521987966541
Glyma.02G273200.Wm82.a4.v1,0.7003375238467935
Glyma.18G278000.Wm82.a4.v1,0.7003081739470723
Glyma.11G221200.Wm82.a4.v1,0.7002983906471653
Glyma.10G029500.Wm82.a4.v1,0.7002543657975835
Glyma.15G237600.Wm82.a4.v1,0.7002347991977694
Glyma.07G039600.Wm82.a4.v1,0.7001418578486523
Glyma.12G067902.Wm82.a4.v1,0.7001320745487453
Glyma.03G167200.Wm82.a4.v1,0.7001320745487453
Glyma.03G109900.Wm82.a4.v1,0.700073374749303
Glyma.17G061300.Wm82.a4.v1,0.7000489164995353
Glyma.03G084000.Wm82.a4.v1,0.6999926625250698
Glyma.03G145000.Wm82.a4.v1,0.6999706501002788
Glyma.07G261500.Wm82.a4.v1,0.6999608668003717
Glyma.19G219200.Wm82.a4.v1,0.6999461918505112
Glyma.17G136000.Wm82.a4.v1,0.6999364085506041
Glyma.19G153500.Wm82.a4.v1,0.699926625250697
Glyma.01G037300.Wm82.a4.v1,0.699926625250697
Glyma.15G007500.Wm82.a4.v1,0.69991684195079
Glyma.10G282700.Wm82.a4.v1,0.6998532505013941
Glyma.07G261000.Wm82.a4.v1,0.69983368390158
Glyma.14G167900.Wm82.a4.v1,0.6998287922516264
Glyma.11G086400.Wm82.a4.v1,0.6997847674020448
Glyma.07G085200.Wm82.a4.v1,0.6997749841021377
Glyma.09G087900.Wm82.a4.v1,0.6997652008022306
Glyma.08G168800.Wm82.a4.v1,0.6996918260529277
Glyma.19G241800.Wm82.a4.v1,0.69966736780316
Glyma.04G237500.Wm82.a4.v1,0.6996478012033459
Glyma.13G121600.Wm82.a4.v1,0.6996086680037177
Glyma.03G123500.Wm82.a4.v1,0.6995891014039035
Glyma.10G113700.Wm82.a4.v1,0.6995793181039964
Glyma.03G231700.Wm82.a4.v1,0.6995695348040895
Glyma.17G091700.Wm82.a4.v1,0.6995548598542288
Glyma.14G086000.Wm82.a4.v1,0.6995548598542288
Glyma.07G241800.Wm82.a4.v1,0.6994863767548795
Glyma.12G190400.Wm82.a4.v1,0.6994717018050188
Glyma.06G126500.Wm82.a4.v1,0.6994521352052047
Glyma.03G209900.Wm82.a4.v1,0.6994521352052047
Glyma.10G001000.Wm82.a4.v1,0.6993445189062271
Glyma.02G233600.Wm82.a4.v1,0.6992956024066918
Glyma.09G009200.Wm82.a4.v1,0.6992907107567382
Glyma.05G058000.Wm82.a4.v1,0.6992662525069706
Glyma.15G218200.Wm82.a4.v1,0.6992613608570171
Glyma.05G170200.Wm82.a4.v1,0.6992320109572959
Glyma.18G225800.Wm82.a4.v1,0.6991879861077142
Glyma.02G082000.Wm82.a4.v1,0.6991684195079
Glyma.09G200300.Wm82.a4.v1,0.6991635278579464
Glyma.13G154400.Wm82.a4.v1,0.6991586362079929
Glyma.05G238900.Wm82.a4.v1,0.6991537445580395
Glyma.06G201500.Wm82.a4.v1,0.6991439612581324
Glyma.07G028600.Wm82.a4.v1,0.6991341779582253
Glyma.02G163900.Wm82.a4.v1,0.6990950447585971
Glyma.07G065000.Wm82.a4.v1,0.6990754781587829
Glyma.08G293400.Wm82.a4.v1,0.6990314533092012
Glyma.03G142700.Wm82.a4.v1,0.6990265616592477
Glyma.09G198500.Wm82.a4.v1,0.6989776451597124
Glyma.12G113700.Wm82.a4.v1,0.6989580785598982
Glyma.02G082800.Wm82.a4.v1,0.6989287286601771
Glyma.16G111700.Wm82.a4.v1,0.6988847038105953
Glyma.17G120500.Wm82.a4.v1,0.6988211123611995
Glyma.12G129800.Wm82.a4.v1,0.6987917624614782
Glyma.16G063000.Wm82.a4.v1,0.6987819791615711
Glyma.05G032300.Wm82.a4.v1,0.6987770875116177
Glyma.18G143600.Wm82.a4.v1,0.6987721958616642
Glyma.14G045900.Wm82.a4.v1,0.6987721958616642
Glyma.06G051100.Wm82.a4.v1,0.6987673042117106
Glyma.05G073400.Wm82.a4.v1,0.6987281710120824
Glyma.09G072200.Wm82.a4.v1,0.6987134960622218
Glyma.15G256700.Wm82.a4.v1,0.69866947121264
Glyma.10G152700.Wm82.a4.v1,0.698649904612826
Glyma.05G027700.Wm82.a4.v1,0.6986401213129189
Glyma.11G151100.Wm82.a4.v1,0.6986156630631511
Glyma.20G130500.Wm82.a4.v1,0.6986058797632442
Glyma.09G154000.Wm82.a4.v1,0.69858631316343
Glyma.06G267000.Wm82.a4.v1,0.6985716382135695
Glyma.15G084900.Wm82.a4.v1,0.6985716382135695
Glyma.14G214600.Wm82.a4.v1,0.6985569632637089
Glyma.13G167600.Wm82.a4.v1,0.6985129384141271
Glyma.07G018600.Wm82.a4.v1,0.698483588514406
Glyma.01G171000.Wm82.a4.v1,0.6984786968644524
Glyma.10G046600.Wm82.a4.v1,0.6984591302646382
Glyma.18G230300.Wm82.a4.v1,0.6983906471652889
Glyma.18G237700.Wm82.a4.v1,0.6983808638653818
Glyma.04G256700.Wm82.a4.v1,0.6983612972655677
Glyma.02G044700.Wm82.a4.v1,0.6983515139656606
Glyma.20G146900.Wm82.a4.v1,0.6983466223157071
Glyma.06G091400.Wm82.a4.v1,0.6983270557158929
Glyma.02G200000.Wm82.a4.v1,0.6983025974661253
Glyma.11G029300.Wm82.a4.v1,0.6982683559164506
Glyma.10G047100.Wm82.a4.v1,0.6982047644670547
Glyma.10G009300.Wm82.a4.v1,0.69817052291738
Glyma.20G111300.Wm82.a4.v1,0.6981411730176589
Glyma.15G254000.Wm82.a4.v1,0.6981362813677053
Glyma.15G229600.Wm82.a4.v1,0.6981069314679842
Glyma.13G348100.Wm82.a4.v1,0.6980971481680771
Glyma.10G164300.Wm82.a4.v1,0.6980629066184024
Glyma.19G160800.Wm82.a4.v1,0.6980531233184953
Glyma.15G216300.Wm82.a4.v1,0.6980384483686347
Glyma.04G203800.Wm82.a4.v1,0.6980286650687276
Glyma.10G182300.Wm82.a4.v1,0.6980090984689136
Glyma.07G269200.Wm82.a4.v1,0.69800420681896
Glyma.12G018000.Wm82.a4.v1,0.6979944235190529
Glyma.03G108900.Wm82.a4.v1,0.6979944235190529
Glyma.17G073300.Wm82.a4.v1,0.697984640219146
Glyma.08G336400.Wm82.a4.v1,0.6979406153695642
Glyma.11G253100.Wm82.a4.v1,0.6979259404197036
Glyma.12G015600.Wm82.a4.v1,0.6978916988700289
Glyma.10G042900.Wm82.a4.v1,0.6978916988700289
Glyma.17G066600.Wm82.a4.v1,0.697828107420633
Glyma.02G065500.Wm82.a4.v1,0.697818324120726
Glyma.04G112600.Wm82.a4.v1,0.6977889742210047
Glyma.13G359000.Wm82.a4.v1,0.6977889742210047
Glyma.11G045300.Wm82.a4.v1,0.6977009245218412
Glyma.09G133600.Wm82.a4.v1,0.6976862495719807
Glyma.13G325900.Wm82.a4.v1,0.6976813579220271
Glyma.14G218700.Wm82.a4.v1,0.6976764662720736
Glyma.14G018200.Wm82.a4.v1,0.6975297167734676
Glyma.03G099800.Wm82.a4.v1,0.6975199334735607
Glyma.06G103200.Wm82.a4.v1,0.6975052585237
Glyma.12G064800.Wm82.a4.v1,0.6975052585237
Glyma.10G269500.Wm82.a4.v1,0.6974367754243507
Glyma.16G002800.Wm82.a4.v1,0.6974318837743971
Glyma.01G179800.Wm82.a4.v1,0.69742210047449
Glyma.17G017500.Wm82.a4.v1,0.6973976422247224
Glyma.07G270600.Wm82.a4.v1,0.6973829672748618
Glyma.11G011200.Wm82.a4.v1,0.6973438340752336
Glyma.01G186300.Wm82.a4.v1,0.6973193758254659
Glyma.17G046300.Wm82.a4.v1,0.6973193758254659
Glyma.17G130200.Wm82.a4.v1,0.6972655676759771
Glyma.10G104900.Wm82.a4.v1,0.6972655676759771
Glyma.02G109200.Wm82.a4.v1,0.6971921929266741
Glyma.08G188200.Wm82.a4.v1,0.6971775179768136
Glyma.07G013400.Wm82.a4.v1,0.697162843026953
Glyma.13G253900.Wm82.a4.v1,0.6971530597270459
Glyma.13G327000.Wm82.a4.v1,0.6971188181773712
Glyma.06G083500.Wm82.a4.v1,0.6970943599276036
Glyma.10G264400.Wm82.a4.v1,0.6970552267279754
Glyma.06G309800.Wm82.a4.v1,0.6970503350780218
Glyma.10G130800.Wm82.a4.v1,0.6970356601281612
Glyma.11G048200.Wm82.a4.v1,0.6970307684782077
Glyma.11G047300.Wm82.a4.v1,0.6970258768282541
Glyma.14G015600.Wm82.a4.v1,0.6969916352785794
Glyma.19G214000.Wm82.a4.v1,0.6969378271290907
Glyma.16G042800.Wm82.a4.v1,0.6968986939294624
Glyma.13G150900.Wm82.a4.v1,0.6968986939294624
Glyma.12G174000.Wm82.a4.v1,0.6968693440297412
Glyma.05G096000.Wm82.a4.v1,0.6968546690798807
Glyma.09G030300.Wm82.a4.v1,0.6968546690798807
Glyma.04G217100.Wm82.a4.v1,0.6968497774299272
Glyma.04G219632.Wm82.a4.v1,0.6968497774299272
Glyma.07G148900.Wm82.a4.v1,0.6968399941300201
Glyma.12G060600.Wm82.a4.v1,0.6968253191801594
Glyma.17G145600.Wm82.a4.v1,0.6968008609303918
Glyma.01G238700.Wm82.a4.v1,0.6968008609303918
Glyma.06G139800.Wm82.a4.v1,0.6967910776304848
Glyma.16G207200.Wm82.a4.v1,0.6967764026806241
Glyma.07G093600.Wm82.a4.v1,0.6967274861810889
Glyma.06G063800.Wm82.a4.v1,0.6967274861810889
Glyma.10G073700.Wm82.a4.v1,0.6966883529814607
Glyma.04G007500.Wm82.a4.v1,0.6966834613315072
Glyma.19G141700.Wm82.a4.v1,0.6966590030817394
Glyma.06G098700.Wm82.a4.v1,0.6966394364819254
Glyma.17G039200.Wm82.a4.v1,0.6966345448319718
Glyma.13G205500.Wm82.a4.v1,0.6966296531820183
Glyma.18G034700.Wm82.a4.v1,0.6966247615320648
Glyma.20G014100.Wm82.a4.v1,0.6966051949322506
Glyma.13G149600.Wm82.a4.v1,0.6965709533825759
Glyma.06G234800.Wm82.a4.v1,0.6965464951328083
Glyma.02G022200.Wm82.a4.v1,0.6965269285329941
Glyma.20G231200.Wm82.a4.v1,0.6965073619331801
Glyma.13G321300.Wm82.a4.v1,0.6965024702832265
Glyma.09G034500.Wm82.a4.v1,0.6964388788338306
Glyma.16G062400.Wm82.a4.v1,0.6964193122340165
Glyma.06G017800.Wm82.a4.v1,0.6964095289341095
Glyma.02G243400.Wm82.a4.v1,0.6963850706843419
Glyma.05G154200.Wm82.a4.v1,0.6963752873844348
Glyma.04G192100.Wm82.a4.v1,0.6963606124345741
Glyma.11G248700.Wm82.a4.v1,0.6963557207846206
Glyma.18G299400.Wm82.a4.v1,0.6963508291346672
Glyma.02G033500.Wm82.a4.v1,0.696331262534853
Glyma.20G077200.Wm82.a4.v1,0.6963019126351319
Glyma.19G177500.Wm82.a4.v1,0.6962970209851783
Glyma.15G099900.Wm82.a4.v1,0.6962432128356895
Glyma.05G184900.Wm82.a4.v1,0.6962187545859219
Glyma.16G138800.Wm82.a4.v1,0.6962138629359683
Glyma.15G091800.Wm82.a4.v1,0.6961209215868512
Glyma.13G183800.Wm82.a4.v1,0.6961062466369906
Glyma.11G072800.Wm82.a4.v1,0.6960964633370836
Glyma.14G162400.Wm82.a4.v1,0.6960915716871301
Glyma.20G019400.Wm82.a4.v1,0.6960866800371766
Glyma.19G197500.Wm82.a4.v1,0.6960573301374554
Glyma.01G009200.Wm82.a4.v1,0.6960573301374554
Glyma.08G178100.Wm82.a4.v1,0.6960377635376412
Glyma.12G234500.Wm82.a4.v1,0.6960181969378272
Glyma.03G005600.Wm82.a4.v1,0.6959839553881524
Glyma.14G138300.Wm82.a4.v1,0.6959643887883383
Glyma.12G021600.Wm82.a4.v1,0.6959546054884312
Glyma.19G244900.Wm82.a4.v1,0.6959301472386636
Glyma.10G212900.Wm82.a4.v1,0.6959056889888959
Glyma.18G030100.Wm82.a4.v1,0.6958959056889888
Glyma.10G146000.Wm82.a4.v1,0.6958714474392212
Glyma.01G162900.Wm82.a4.v1,0.6958518808394071
Glyma.06G166000.Wm82.a4.v1,0.6958078559898254
Glyma.18G035900.Wm82.a4.v1,0.6957931810399648
Glyma.08G170000.Wm82.a4.v1,0.6957736144401506
Glyma.15G155400.Wm82.a4.v1,0.6957442645404295
Glyma.13G002500.Wm82.a4.v1,0.6957002396908477
Glyma.12G014200.Wm82.a4.v1,0.6956708897911266
Glyma.20G176900.Wm82.a4.v1,0.6956415398914054
Glyma.06G127400.Wm82.a4.v1,0.6956366482414519
Glyma.10G213400.Wm82.a4.v1,0.6956268649415448
Glyma.16G198300.Wm82.a4.v1,0.6956219732915913
Glyma.15G274000.Wm82.a4.v1,0.6956121899916842
Glyma.05G214300.Wm82.a4.v1,0.6956121899916842
Glyma.08G257600.Wm82.a4.v1,0.6955339235924277
Glyma.09G282900.Wm82.a4.v1,0.6955143569926137
Glyma.13G139100.Wm82.a4.v1,0.6955094653426601
Glyma.18G153000.Wm82.a4.v1,0.6955094653426601
Glyma.10G244400.Wm82.a4.v1,0.6954947903927995
Glyma.14G074300.Wm82.a4.v1,0.6954947903927995
Glyma.10G145600.Wm82.a4.v1,0.695489898742846
Glyma.17G166000.Wm82.a4.v1,0.6954850070928924
Glyma.06G128000.Wm82.a4.v1,0.6954556571931713
Glyma.03G060200.Wm82.a4.v1,0.6954360905933571
Glyma.06G082800.Wm82.a4.v1,0.695416523993543
Glyma.03G225800.Wm82.a4.v1,0.6953969573937289
Glyma.07G012700.Wm82.a4.v1,0.6953724991439613
Glyma.01G138300.Wm82.a4.v1,0.6953529325441471
Glyma.18G217500.Wm82.a4.v1,0.6953284742943795
Glyma.05G164100.Wm82.a4.v1,0.6953284742943795
Glyma.10G023000.Wm82.a4.v1,0.6952648828449837
Glyma.06G029700.Wm82.a4.v1,0.6951866164457271
Glyma.17G040400.Wm82.a4.v1,0.6951817247957736
Glyma.13G106800.Wm82.a4.v1,0.695157266546006
Glyma.07G070800.Wm82.a4.v1,0.695157266546006
Glyma.02G236600.Wm82.a4.v1,0.6951083500464706
Glyma.01G174700.Wm82.a4.v1,0.6950692168468424
Glyma.08G105900.Wm82.a4.v1,0.6950398669471213
Glyma.10G121536.Wm82.a4.v1,0.695000733747493
Glyma.13G142500.Wm82.a4.v1,0.6949762754977253
Glyma.12G013800.Wm82.a4.v1,0.6949420339480507
Glyma.12G084300.Wm82.a4.v1,0.6949371422980971
Glyma.18G012000.Wm82.a4.v1,0.6949322506481436
Glyma.03G018102.Wm82.a4.v1,0.694917575698283
Glyma.19G220400.Wm82.a4.v1,0.6949126840483295
Glyma.12G147000.Wm82.a4.v1,0.6948784424986548
Glyma.13G225400.Wm82.a4.v1,0.6948686591987477
Glyma.08G266400.Wm82.a4.v1,0.6948539842488871
Glyma.19G146000.Wm82.a4.v1,0.6948393092990266
Glyma.02G025600.Wm82.a4.v1,0.694824634349166
Glyma.12G044900.Wm82.a4.v1,0.6947952844494448
Glyma.16G208800.Wm82.a4.v1,0.6947855011495377
Glyma.14G000300.Wm82.a4.v1,0.6947855011495377
Glyma.04G184300.Wm82.a4.v1,0.6947855011495377
Glyma.06G156400.Wm82.a4.v1,0.6947659345497236
Glyma.01G077200.Wm82.a4.v1,0.6947023431003277
Glyma.13G056200.Wm82.a4.v1,0.6946729932006066
Glyma.13G225700.Wm82.a4.v1,0.694658318250746
Glyma.20G070600.Wm82.a4.v1,0.6946142934011642
Glyma.10G097900.Wm82.a4.v1,0.6946142934011642
Glyma.17G087500.Wm82.a4.v1,0.6946045101012571
Glyma.13G263200.Wm82.a4.v1,0.6945898351513966
Glyma.08G187500.Wm82.a4.v1,0.6945702685515824
Glyma.06G323500.Wm82.a4.v1,0.6945604852516754
Glyma.07G225000.Wm82.a4.v1,0.6945262437020007
Glyma.16G027500.Wm82.a4.v1,0.6945164604020936
Glyma.06G191900.Wm82.a4.v1,0.6944871105023724
Glyma.07G253200.Wm82.a4.v1,0.6944773272024654
Glyma.18G264000.Wm82.a4.v1,0.6944479773027442
Glyma.10G239500.Wm82.a4.v1,0.6944381940028371
Glyma.07G072100.Wm82.a4.v1,0.69442841070293
Glyma.08G296000.Wm82.a4.v1,0.6944137357530695
Glyma.02G088900.Wm82.a4.v1,0.694408844103116
Glyma.15G195100.Wm82.a4.v1,0.6943941691532554
Glyma.06G155300.Wm82.a4.v1,0.6943843858533484
Glyma.06G034100.Wm82.a4.v1,0.6943697109034878
Glyma.03G096900.Wm82.a4.v1,0.6943599276035807
Glyma.18G027000.Wm82.a4.v1,0.6943207944039524
Glyma.15G064800.Wm82.a4.v1,0.6942865528542778
Glyma.09G231200.Wm82.a4.v1,0.6942474196546495
Glyma.05G012850.Wm82.a4.v1,0.6942327447047889
Glyma.15G144500.Wm82.a4.v1,0.6942033948050678
Glyma.13G301200.Wm82.a4.v1,0.6941985031551142
Glyma.09G017700.Wm82.a4.v1,0.6941936115051607
Glyma.01G197800.Wm82.a4.v1,0.6941838282052536
Glyma.14G098900.Wm82.a4.v1,0.6940566453064618
Glyma.05G213200.Wm82.a4.v1,0.6940566453064618
Glyma.08G336000.Wm82.a4.v1,0.6940297412317175
Glyma.08G065300.Wm82.a4.v1,0.6939881622071125
Glyma.19G065800.Wm82.a4.v1,0.6939734872572518
Glyma.03G084300.Wm82.a4.v1,0.6939685956072983
Glyma.17G108000.Wm82.a4.v1,0.6939637039573449
Glyma.08G340200.Wm82.a4.v1,0.6939490290074842
Glyma.19G246200.Wm82.a4.v1,0.6939343540576236
Glyma.07G188400.Wm82.a4.v1,0.6939050041579025
Glyma.12G053500.Wm82.a4.v1,0.6938756542581813
Glyma.20G043000.Wm82.a4.v1,0.6938658709582742
Glyma.02G241900.Wm82.a4.v1,0.6938609793083207
Glyma.19G061900.Wm82.a4.v1,0.6938560876583671
Glyma.13G293900.Wm82.a4.v1,0.6937680379592036
Glyma.17G023600.Wm82.a4.v1,0.6937386880594825
Glyma.19G041200.Wm82.a4.v1,0.6937289047595754
Glyma.14G157500.Wm82.a4.v1,0.6937289047595754
Glyma.17G052400.Wm82.a4.v1,0.6936848799099936
Glyma.15G051600.Wm82.a4.v1,0.6936799882600401
Glyma.05G100500.Wm82.a4.v1,0.6936799882600401
Glyma.03G074300.Wm82.a4.v1,0.6936653133101796
Glyma.07G255200.Wm82.a4.v1,0.6936653133101796
Glyma.07G260300.Wm82.a4.v1,0.6936310717605049
Glyma.06G324500.Wm82.a4.v1,0.6936261801105513
Glyma.17G107600.Wm82.a4.v1,0.6936017218607836
Glyma.13G344500.Wm82.a4.v1,0.6935723719610625
Glyma.02G202100.Wm82.a4.v1,0.6935332387614342
Glyma.10G005000.Wm82.a4.v1,0.6935185638115736
Glyma.10G281000.Wm82.a4.v1,0.6935185638115736
Glyma.11G160484.Wm82.a4.v1,0.6935038888617131
Glyma.04G202800.Wm82.a4.v1,0.6934892139118525
Glyma.02G282600.Wm82.a4.v1,0.6934843222618989
Glyma.08G128500.Wm82.a4.v1,0.6934011642126889
Glyma.01G181200.Wm82.a4.v1,0.6933962725627354
Glyma.17G069202.Wm82.a4.v1,0.6933375727632931
Glyma.05G236233.Wm82.a4.v1,0.6932935479137113
Glyma.02G188200.Wm82.a4.v1,0.6932593063640365
Glyma.11G238100.Wm82.a4.v1,0.6932348481142689
Glyma.17G009700.Wm82.a4.v1,0.6932054982145478
Glyma.13G060400.Wm82.a4.v1,0.6931957149146407
Glyma.09G007852.Wm82.a4.v1,0.6931810399647801
Glyma.08G032300.Wm82.a4.v1,0.6931761483148265
Glyma.04G237100.Wm82.a4.v1,0.693161473364966
Glyma.17G231600.Wm82.a4.v1,0.6931321234652448
Glyma.11G094300.Wm82.a4.v1,0.6931125568654307
Glyma.13G339500.Wm82.a4.v1,0.693078315315756
Glyma.02G280600.Wm82.a4.v1,0.6930489654160348
Glyma.10G234800.Wm82.a4.v1,0.6930293988162207
Glyma.19G105600.Wm82.a4.v1,0.6930293988162207
Glyma.14G215500.Wm82.a4.v1,0.6930196155163136
Glyma.08G285800.Wm82.a4.v1,0.6930147238663601
Glyma.17G073200.Wm82.a4.v1,0.692995157266546
Glyma.13G258700.Wm82.a4.v1,0.6929462407670107
Glyma.17G107400.Wm82.a4.v1,0.6929266741671966
Glyma.06G222700.Wm82.a4.v1,0.6929168908672896
Glyma.03G208500.Wm82.a4.v1,0.692819057868219
Glyma.08G237150.Wm82.a4.v1,0.6927701413686836
Glyma.18G069300.Wm82.a4.v1,0.6927701413686836
Glyma.07G099600.Wm82.a4.v1,0.6927701413686836
Glyma.04G194100.Wm82.a4.v1,0.6926869833194736
Glyma.15G177600.Wm82.a4.v1,0.6926820916695201
Glyma.16G000500.Wm82.a4.v1,0.6926576334197525
Glyma.10G050300.Wm82.a4.v1,0.692652741769799
Glyma.13G265700.Wm82.a4.v1,0.6926380668199383
Glyma.16G182500.Wm82.a4.v1,0.6926380668199383
Glyma.14G029500.Wm82.a4.v1,0.6926136085701707
Glyma.13G222200.Wm82.a4.v1,0.6926038252702637
Glyma.13G044900.Wm82.a4.v1,0.6925989336203101
Glyma.13G312200.Wm82.a4.v1,0.692579367020496
Glyma.06G312900.Wm82.a4.v1,0.6925549087707283
Glyma.01G082500.Wm82.a4.v1,0.6925451254708213
Glyma.05G041000.Wm82.a4.v1,0.6925011006212396
Glyma.18G243900.Wm82.a4.v1,0.6924766423714719
Glyma.11G035800.Wm82.a4.v1,0.6924668590715648
Glyma.16G058800.Wm82.a4.v1,0.6923885926723083
Glyma.11G011400.Wm82.a4.v1,0.6922907596732378
Glyma.10G019200.Wm82.a4.v1,0.6922907596732378
Glyma.02G036500.Wm82.a4.v1,0.6922222765738884
Glyma.10G204500.Wm82.a4.v1,0.6922124932739813
Glyma.07G213100.Wm82.a4.v1,0.6921929266741672
Glyma.06G320200.Wm82.a4.v1,0.6921146602749108
Glyma.15G213400.Wm82.a4.v1,0.6920853103751895
Glyma.04G047800.Wm82.a4.v1,0.6920804187252361
Glyma.19G178400.Wm82.a4.v1,0.6920461771755613
Glyma.07G222200.Wm82.a4.v1,0.6920217189257937
Glyma.07G208000.Wm82.a4.v1,0.6919825857261654
Glyma.04G203400.Wm82.a4.v1,0.6919776940762119
Glyma.14G140800.Wm82.a4.v1,0.6919532358264443
Glyma.12G147400.Wm82.a4.v1,0.6919434525265372
Glyma.08G201500.Wm82.a4.v1,0.6919385608765837
Glyma.15G106600.Wm82.a4.v1,0.6919385608765837
Glyma.08G240300.Wm82.a4.v1,0.6919189942767695
Glyma.05G113600.Wm82.a4.v1,0.6918064863278384
Glyma.16G181000.Wm82.a4.v1,0.6918015946778848
Glyma.01G146400.Wm82.a4.v1,0.6917771364281172
Glyma.14G036100.Wm82.a4.v1,0.691757569828303
Glyma.03G236900.Wm82.a4.v1,0.6917428948784425
Glyma.12G191800.Wm82.a4.v1,0.6917428948784425
Glyma.04G186400.Wm82.a4.v1,0.6917135449787213
Glyma.19G077700.Wm82.a4.v1,0.6916939783789072
Glyma.06G016400.Wm82.a4.v1,0.6916450618793719
Glyma.17G143400.Wm82.a4.v1,0.6916450618793719
Glyma.02G104200.Wm82.a4.v1,0.6916352785794648
Glyma.06G039200.Wm82.a4.v1,0.6916108203296972
Glyma.05G213800.Wm82.a4.v1,0.6916108203296972
Glyma.12G112600.Wm82.a4.v1,0.691571687130069
Glyma.15G167900.Wm82.a4.v1,0.6915423372303477
Glyma.03G228800.Wm82.a4.v1,0.6915423372303477
Glyma.08G004500.Wm82.a4.v1,0.6915325539304408
Glyma.12G076100.Wm82.a4.v1,0.6915276622804872
Glyma.09G004300.Wm82.a4.v1,0.691498312380766
Glyma.20G194100.Wm82.a4.v1,0.691498312380766
Glyma.15G061600.Wm82.a4.v1,0.6914934207308125
Glyma.04G251300.Wm82.a4.v1,0.6914934207308125
Glyma.18G132500.Wm82.a4.v1,0.6914934207308125
Glyma.04G178000.Wm82.a4.v1,0.6914493958812308
Glyma.11G168428.Wm82.a4.v1,0.6914298292814166
Glyma.18G072400.Wm82.a4.v1,0.691415154331556
Glyma.04G166100.Wm82.a4.v1,0.691415154331556
Glyma.06G166700.Wm82.a4.v1,0.691415154331556
Glyma.13G339300.Wm82.a4.v1,0.6913906960817884
Glyma.03G011100.Wm82.a4.v1,0.6913173213324855
Glyma.08G110600.Wm82.a4.v1,0.6913173213324855
Glyma.10G044000.Wm82.a4.v1,0.6912635131829966
Glyma.15G261100.Wm82.a4.v1,0.6912537298830895
Glyma.08G186600.Wm82.a4.v1,0.6912341632832755
Glyma.20G183500.Wm82.a4.v1,0.6911852467837402
Glyma.05G196600.Wm82.a4.v1,0.6911754634838331
Glyma.11G004500.Wm82.a4.v1,0.6911314386342513
Glyma.15G094800.Wm82.a4.v1,0.6911265469842978
Glyma.05G061200.Wm82.a4.v1,0.6911167636843908
Glyma.04G098100.Wm82.a4.v1,0.6911069803844837
Glyma.10G058000.Wm82.a4.v1,0.6911069803844837
Glyma.17G000500.Wm82.a4.v1,0.691072738834809
Glyma.06G305800.Wm82.a4.v1,0.6910336056351808
Glyma.04G079600.Wm82.a4.v1,0.6910042557354595
Glyma.05G093000.Wm82.a4.v1,0.6909797974856919
Glyma.08G261000.Wm82.a4.v1,0.6909700141857849
Glyma.01G238800.Wm82.a4.v1,0.6909602308858778
Glyma.09G260200.Wm82.a4.v1,0.6909553392359242
Glyma.13G140100.Wm82.a4.v1,0.6909113143863426
Glyma.08G048400.Wm82.a4.v1,0.6909015310864355
Glyma.03G262100.Wm82.a4.v1,0.6908868561365749
Glyma.04G219200.Wm82.a4.v1,0.6908819644866213
Glyma.12G225200.Wm82.a4.v1,0.6908036980873649
Glyma.04G032600.Wm82.a4.v1,0.6907890231375042
Glyma.04G221300.Wm82.a4.v1,0.6907841314875508
Glyma.08G321800.Wm82.a4.v1,0.6907645648877366
Glyma.18G053900.Wm82.a4.v1,0.6907205400381549
Glyma.19G029000.Wm82.a4.v1,0.6907009734383408
Glyma.01G111200.Wm82.a4.v1,0.6906691777136428
Glyma.16G015100.Wm82.a4.v1,0.6906520569388055
Glyma.07G010500.Wm82.a4.v1,0.690647165288852
Glyma.14G217100.Wm82.a4.v1,0.6906227070390842
Glyma.11G088200.Wm82.a4.v1,0.6906227070390842
Glyma.04G017300.Wm82.a4.v1,0.6906031404392702
Glyma.02G059800.Wm82.a4.v1,0.6905542239397349
Glyma.04G038200.Wm82.a4.v1,0.6905346573399208
Glyma.05G009400.Wm82.a4.v1,0.690500415790246
Glyma.20G204700.Wm82.a4.v1,0.6904710658905249
Glyma.06G192700.Wm82.a4.v1,0.6903927994912684
Glyma.07G019100.Wm82.a4.v1,0.6903732328914542
Glyma.13G003400.Wm82.a4.v1,0.6903634495915473
Glyma.12G098400.Wm82.a4.v1,0.690334099691826
Glyma.12G212400.Wm82.a4.v1,0.690282737367314
Glyma.03G014500.Wm82.a4.v1,0.6902802915423373
Glyma.08G150400.Wm82.a4.v1,0.690241158342709
Glyma.02G149600.Wm82.a4.v1,0.6902264833928484
Glyma.09G128500.Wm82.a4.v1,0.6902167000929413
Glyma.09G020500.Wm82.a4.v1,0.6902167000929413
Glyma.12G168200.Wm82.a4.v1,0.6902118084429878
Glyma.04G085500.Wm82.a4.v1,0.6901971334931273
Glyma.19G116200.Wm82.a4.v1,0.6901922418431737
Glyma.09G241300.Wm82.a4.v1,0.6901873501932202
Glyma.01G029400.Wm82.a4.v1,0.690148216993592
Glyma.07G248800.Wm82.a4.v1,0.6901090837939637
Glyma.18G235300.Wm82.a4.v1,0.6900259257447537
Glyma.12G052800.Wm82.a4.v1,0.6900210340948002
Glyma.03G064400.Wm82.a4.v1,0.6899574426454043
Glyma.13G320900.Wm82.a4.v1,0.6899329843956367
Glyma.11G160400.Wm82.a4.v1,0.6899280927456831
Glyma.03G229500.Wm82.a4.v1,0.689898742845962
Glyma.18G215800.Wm82.a4.v1,0.6898938511960084
Glyma.13G317250.Wm82.a4.v1,0.6898791762461478
Glyma.14G145920.Wm82.a4.v1,0.6898791762461478
Glyma.03G004900.Wm82.a4.v1,0.6898791762461478
Glyma.14G164600.Wm82.a4.v1,0.6898742845961943
Glyma.05G002300.Wm82.a4.v1,0.6898742845961943
Glyma.20G198300.Wm82.a4.v1,0.6898400430465196
Glyma.11G241300.Wm82.a4.v1,0.6898106931467984
Glyma.09G121700.Wm82.a4.v1,0.6897960181969378
Glyma.14G118100.Wm82.a4.v1,0.6897862348970307
Glyma.17G143300.Wm82.a4.v1,0.6897666682972167
Glyma.18G056100.Wm82.a4.v1,0.689742210047449
Glyma.19G241400.Wm82.a4.v1,0.6897128601477278
Glyma.U003033.Wm82.a4.v1,0.6897030768478207
Glyma.12G071100.Wm82.a4.v1,0.6897030768478207
Glyma.12G174100.Wm82.a4.v1,0.6896443770483784
Glyma.18G119600.Wm82.a4.v1,0.6896394853984249
Glyma.20G011700.Wm82.a4.v1,0.6896052438487502
Glyma.19G175900.Wm82.a4.v1,0.6895954605488431
Glyma.07G020300.Wm82.a4.v1,0.689585677248936
Glyma.20G204100.Wm82.a4.v1,0.689566110649122
Glyma.02G088300.Wm82.a4.v1,0.6895465440493078
Glyma.20G134700.Wm82.a4.v1,0.6895171941495867
Glyma.13G041800.Wm82.a4.v1,0.6895123024996331
Glyma.05G100400.Wm82.a4.v1,0.689502519199726
Glyma.16G057700.Wm82.a4.v1,0.6894780609499584
Glyma.17G229600.Wm82.a4.v1,0.6894536027001907
Glyma.06G023300.Wm82.a4.v1,0.689399794550702
Glyma.08G317000.Wm82.a4.v1,0.6893802279508878
Glyma.02G211400.Wm82.a4.v1,0.6893655530010272
Glyma.12G006600.Wm82.a4.v1,0.6893508780511667
Glyma.10G143500.Wm82.a4.v1,0.689336203101306
Glyma.01G168900.Wm82.a4.v1,0.6893313114513525
Glyma.06G108200.Wm82.a4.v1,0.6892383701022354
Glyma.07G246900.Wm82.a4.v1,0.6892383701022354
Glyma.05G154100.Wm82.a4.v1,0.6892236951523749
Glyma.01G124900.Wm82.a4.v1,0.689150320403072
Glyma.02G196800.Wm82.a4.v1,0.6891307538032578
Glyma.14G079400.Wm82.a4.v1,0.6890965122535831
Glyma.01G143700.Wm82.a4.v1,0.6890084625544196
Glyma.10G179700.Wm82.a4.v1,0.688900846255442
Glyma.13G325400.Wm82.a4.v1,0.6888421464559996
Glyma.18G199400.Wm82.a4.v1,0.6888372548060461
Glyma.10G294200.Wm82.a4.v1,0.6887883383065108
Glyma.17G005300.Wm82.a4.v1,0.6887834466565572
Glyma.11G018300.Wm82.a4.v1,0.6887785550066037
Glyma.07G256100.Wm82.a4.v1,0.6887638800567432
Glyma.08G292800.Wm82.a4.v1,0.6887589884067896
Glyma.01G161200.Wm82.a4.v1,0.6887540967568361
Glyma.05G067300.Wm82.a4.v1,0.688734530157022
Glyma.06G013100.Wm82.a4.v1,0.688734530157022
Glyma.02G294600.Wm82.a4.v1,0.6887198552071614
Glyma.10G104100.Wm82.a4.v1,0.6886953969573937
Glyma.13G000800.Wm82.a4.v1,0.6886905053074402
Glyma.01G244500.Wm82.a4.v1,0.6886709387076261
Glyma.13G180400.Wm82.a4.v1,0.6885975639583232
Glyma.13G096100.Wm82.a4.v1,0.6885828890084625
Glyma.17G173000.Wm82.a4.v1,0.6885633224086485
Glyma.12G171000.Wm82.a4.v1,0.6885486474587879
Glyma.20G005700.Wm82.a4.v1,0.6885388641588808
Glyma.12G001900.Wm82.a4.v1,0.6885339725089272
Glyma.02G289300.Wm82.a4.v1,0.6885241892090203
Glyma.13G165500.Wm82.a4.v1,0.6884997309592525
Glyma.16G122200.Wm82.a4.v1,0.6884752727094849
Glyma.02G059300.Wm82.a4.v1,0.6884703810595314
Glyma.16G035100.Wm82.a4.v1,0.6884630435846011
Glyma.07G110200.Wm82.a4.v1,0.6884557061096708
Glyma.06G270200.Wm82.a4.v1,0.6884459228097637
Glyma.02G089000.Wm82.a4.v1,0.6884361395098567
Glyma.09G037400.Wm82.a4.v1,0.6884018979601819
Glyma.10G141500.Wm82.a4.v1,0.6883970063102285
Glyma.19G126500.Wm82.a4.v1,0.6883725480604608
Glyma.02G242700.Wm82.a4.v1,0.6883676564105072
Glyma.01G027300.Wm82.a4.v1,0.6883529814606467
Glyma.11G216100.Wm82.a4.v1,0.6883529814606467
Glyma.02G049700.Wm82.a4.v1,0.6883431981607396
Glyma.19G217500.Wm82.a4.v1,0.688308956611065
Glyma.19G165500.Wm82.a4.v1,0.688245365161669
Glyma.07G253900.Wm82.a4.v1,0.688245365161669
Glyma.08G291500.Wm82.a4.v1,0.6882306902118085
Glyma.13G298300.Wm82.a4.v1,0.6882306902118085
Glyma.06G240100.Wm82.a4.v1,0.688225798561855
Glyma.06G228700.Wm82.a4.v1,0.6882160152619479
Glyma.08G100100.Wm82.a4.v1,0.6882160152619479
Glyma.14G035300.Wm82.a4.v1,0.6881964486621337
Glyma.12G188300.Wm82.a4.v1,0.6881915570121802
Glyma.03G107300.Wm82.a4.v1,0.6881866653622267
Glyma.14G118400.Wm82.a4.v1,0.6881866653622267
Glyma.08G168200.Wm82.a4.v1,0.6881866653622267
Glyma.02G291000.Wm82.a4.v1,0.6881768820623196
Glyma.08G104800.Wm82.a4.v1,0.6881719904123661
Glyma.13G184200.Wm82.a4.v1,0.688162207112459
Glyma.18G017100.Wm82.a4.v1,0.688162207112459
Glyma.18G245500.Wm82.a4.v1,0.688142640512645
Glyma.13G254200.Wm82.a4.v1,0.6881328572127379
Glyma.09G017400.Wm82.a4.v1,0.6881230739128308
Glyma.13G135400.Wm82.a4.v1,0.6881083989629702
Glyma.19G012500.Wm82.a4.v1,0.6881035073130167
Glyma.20G124700.Wm82.a4.v1,0.6880986156630632
Glyma.12G062800.Wm82.a4.v1,0.6880888323631561
Glyma.10G071200.Wm82.a4.v1,0.6880643741133885
Glyma.15G098000.Wm82.a4.v1,0.6880252409137602
Glyma.06G036100.Wm82.a4.v1,0.6880056743139461
Glyma.17G159300.Wm82.a4.v1,0.6879322995646432
Glyma.07G241500.Wm82.a4.v1,0.6879225162647361
Glyma.01G078400.Wm82.a4.v1,0.6879225162647361
Glyma.05G059400.Wm82.a4.v1,0.687912732964829
Glyma.03G263500.Wm82.a4.v1,0.6879078413148755
Glyma.08G117300.Wm82.a4.v1,0.6878980580149684
Glyma.14G139800.Wm82.a4.v1,0.6878980580149684
Glyma.06G062100.Wm82.a4.v1,0.6878735997652008
Glyma.18G047900.Wm82.a4.v1,0.6878638164652937
Glyma.13G247300.Wm82.a4.v1,0.6878442498654797
Glyma.05G142000.Wm82.a4.v1,0.687829574915619
Glyma.01G164100.Wm82.a4.v1,0.6878148999657584
Glyma.13G152678.Wm82.a4.v1,0.6878002250158979
Glyma.02G150400.Wm82.a4.v1,0.6877806584160837
Glyma.11G240400.Wm82.a4.v1,0.6877757667661302
Glyma.14G126800.Wm82.a4.v1,0.6877757667661302
Glyma.19G080500.Wm82.a4.v1,0.687726850266595
Glyma.09G208500.Wm82.a4.v1,0.6877170669666879
Glyma.17G230300.Wm82.a4.v1,0.6877121753167343
Glyma.13G105900.Wm82.a4.v1,0.6877121753167343
Glyma.06G096100.Wm82.a4.v1,0.6876828254170132
Glyma.03G015200.Wm82.a4.v1,0.6876192339676173
Glyma.08G293000.Wm82.a4.v1,0.6876167881426405
Glyma.09G041200.Wm82.a4.v1,0.6875898840678961
Glyma.12G165700.Wm82.a4.v1,0.687570317468082
Glyma.12G226900.Wm82.a4.v1,0.6875556425182214
Glyma.09G051400.Wm82.a4.v1,0.687477376118965
Glyma.05G081900.Wm82.a4.v1,0.6874675928190579
Glyma.18G244300.Wm82.a4.v1,0.6874480262192437
Glyma.08G333400.Wm82.a4.v1,0.687413784669569
Glyma.13G186800.Wm82.a4.v1,0.6874088930196155
Glyma.11G015600.Wm82.a4.v1,0.6873697598199873
Glyma.02G276600.Wm82.a4.v1,0.6873648681700337
Glyma.20G122200.Wm82.a4.v1,0.6873012767206379
Glyma.12G236100.Wm82.a4.v1,0.6872914934207308
Glyma.11G240600.Wm82.a4.v1,0.687237685271242
Glyma.17G243300.Wm82.a4.v1,0.6871912145966834
Glyma.10G028700.Wm82.a4.v1,0.6871887687717066
Glyma.02G100900.Wm82.a4.v1,0.6871789854717997
Glyma.15G116300.Wm82.a4.v1,0.6871740938218461
Glyma.15G134500.Wm82.a4.v1,0.6871447439221249
Glyma.17G035500.Wm82.a4.v1,0.6871398522721714
Glyma.09G091002.Wm82.a4.v1,0.6871349606222179
Glyma.07G000300.Wm82.a4.v1,0.6871105023724502
Glyma.10G144600.Wm82.a4.v1,0.6870762608227755
Glyma.19G154800.Wm82.a4.v1,0.6870420192731008
Glyma.18G058600.Wm82.a4.v1,0.6870077777234261
Glyma.13G182900.Wm82.a4.v1,0.6869148363743091
Glyma.07G165300.Wm82.a4.v1,0.686905053074402
Glyma.14G150200.Wm82.a4.v1,0.6869001614244484
Glyma.17G079200.Wm82.a4.v1,0.6868903781245415
Glyma.17G002100.Wm82.a4.v1,0.6868903781245415
Glyma.08G326700.Wm82.a4.v1,0.6868854864745879
Glyma.01G126200.Wm82.a4.v1,0.6868561365748667
Glyma.20G023800.Wm82.a4.v1,0.6868023284253779
Glyma.16G171900.Wm82.a4.v1,0.6867925451254708
Glyma.04G002700.Wm82.a4.v1,0.6867925451254708
Glyma.20G153900.Wm82.a4.v1,0.6867876534755173
Glyma.09G157300.Wm82.a4.v1,0.6867778701756102
Glyma.04G056600.Wm82.a4.v1,0.6867631952257497
Glyma.02G134800.Wm82.a4.v1,0.6867583035757961
Glyma.04G101100.Wm82.a4.v1,0.6867436286259355
Glyma.04G111600.Wm82.a4.v1,0.6867338453260284
Glyma.09G011900.Wm82.a4.v1,0.6867191703761679
Glyma.15G016700.Wm82.a4.v1,0.6866947121264002
Glyma.04G074300.Wm82.a4.v1,0.6866898204764467
Glyma.04G030600.Wm82.a4.v1,0.6866800371765397
Glyma.06G001400.Wm82.a4.v1,0.6865626375776549
Glyma.20G165600.Wm82.a4.v1,0.6865039377782126
Glyma.10G267200.Wm82.a4.v1,0.6865039377782126
Glyma.20G106900.Wm82.a4.v1,0.6864990461282591
Glyma.09G172000.Wm82.a4.v1,0.686489262828352
Glyma.19G162000.Wm82.a4.v1,0.6864452379787702
Glyma.20G190800.Wm82.a4.v1,0.6864207797290026
Glyma.12G103900.Wm82.a4.v1,0.6864207797290026
Glyma.01G021600.Wm82.a4.v1,0.6864012131291884
Glyma.12G161200.Wm82.a4.v1,0.6863718632294673
Glyma.12G005900.Wm82.a4.v1,0.6863669715795138
Glyma.11G192100.Wm82.a4.v1,0.6863522966296531
Glyma.02G085900.Wm82.a4.v1,0.6863474049796997
Glyma.15G140000.Wm82.a4.v1,0.6863474049796997
Glyma.18G209600.Wm82.a4.v1,0.6863033801301179
Glyma.14G044500.Wm82.a4.v1,0.6862935968302109
Glyma.10G009900.Wm82.a4.v1,0.6862838135303038
Glyma.14G025100.Wm82.a4.v1,0.6862740302303967
Glyma.11G126400.Wm82.a4.v1,0.6862495719806291
Glyma.12G214900.Wm82.a4.v1,0.6861908721811867
Glyma.06G115200.Wm82.a4.v1,0.6861761972313262
Glyma.12G006200.Wm82.a4.v1,0.6861174974318838
Glyma.13G121100.Wm82.a4.v1,0.6861126057819302
Glyma.20G076700.Wm82.a4.v1,0.6860905933571394
Glyma.06G311400.Wm82.a4.v1,0.6860783642322555
Glyma.17G078900.Wm82.a4.v1,0.6860612434574181
Glyma.10G162900.Wm82.a4.v1,0.6860612434574181
Glyma.06G306300.Wm82.a4.v1,0.6860587976324414
Glyma.07G201200.Wm82.a4.v1,0.6860049894829526
Glyma.03G165500.Wm82.a4.v1,0.6859316147336496
Glyma.13G072600.Wm82.a4.v1,0.6859022648339285
Glyma.10G032600.Wm82.a4.v1,0.6858826982341144
Glyma.03G055900.Wm82.a4.v1,0.6858386733845326
Glyma.06G293500.Wm82.a4.v1,0.6858337817345791
Glyma.04G156300.Wm82.a4.v1,0.6858288900846256
Glyma.02G089100.Wm82.a4.v1,0.685823998434672
Glyma.06G245100.Wm82.a4.v1,0.685740840385462
Glyma.12G201000.Wm82.a4.v1,0.6857114904857409
Glyma.08G149000.Wm82.a4.v1,0.6857114904857409
Glyma.11G129000.Wm82.a4.v1,0.6856772489360662
Glyma.03G031000.Wm82.a4.v1,0.6856185491366238
Glyma.07G155700.Wm82.a4.v1,0.6855989825368096
Glyma.18G032100.Wm82.a4.v1,0.6855500660372744
Glyma.13G360300.Wm82.a4.v1,0.6855207161375532
Glyma.15G047100.Wm82.a4.v1,0.6854962578877856
Glyma.05G166100.Wm82.a4.v1,0.6854717996380179
Glyma.10G038100.Wm82.a4.v1,0.6854375580883432
Glyma.02G284400.Wm82.a4.v1,0.6854228831384827
Glyma.10G132800.Wm82.a4.v1,0.6854130998385756
Glyma.18G294200.Wm82.a4.v1,0.6853397250892727
Glyma.09G237200.Wm82.a4.v1,0.6853103751895514
Glyma.13G097000.Wm82.a4.v1,0.6853005918896444
Glyma.08G115800.Wm82.a4.v1,0.6852957002396909
Glyma.14G025700.Wm82.a4.v1,0.6852810252898303
Glyma.03G158766.Wm82.a4.v1,0.6852663503399696
Glyma.05G211000.Wm82.a4.v1,0.6852565670400627
Glyma.20G064700.Wm82.a4.v1,0.6852565670400627
Glyma.01G150300.Wm82.a4.v1,0.685241892090202
Glyma.19G115900.Wm82.a4.v1,0.6852027588905738
Glyma.02G053800.Wm82.a4.v1,0.6851929755906667
Glyma.10G214800.Wm82.a4.v1,0.6851831922907596
Glyma.13G146700.Wm82.a4.v1,0.6851783006408061
Glyma.04G177300.Wm82.a4.v1,0.6851783006408061
Glyma.14G105700.Wm82.a4.v1,0.6851734089908527
Glyma.17G080400.Wm82.a4.v1,0.6851685173408991
Glyma.10G102000.Wm82.a4.v1,0.6850951425915961
Glyma.04G130900.Wm82.a4.v1,0.6850902509416427
Glyma.14G183100.Wm82.a4.v1,0.6850413344421074
Glyma.05G041600.Wm82.a4.v1,0.6850266594922467
Glyma.02G011400.Wm82.a4.v1,0.6850266594922467
Glyma.13G065500.Wm82.a4.v1,0.6850217678422932
Glyma.20G187700.Wm82.a4.v1,0.6850168761923396
Glyma.18G291100.Wm82.a4.v1,0.6849581763928974
Glyma.19G115800.Wm82.a4.v1,0.6848896932935479
Glyma.19G154200.Wm82.a4.v1,0.6848750183436874
Glyma.13G328600.Wm82.a4.v1,0.6848554517438732
Glyma.14G128300.Wm82.a4.v1,0.6848358851440591
Glyma.06G109500.Wm82.a4.v1,0.684816318544245
Glyma.07G073300.Wm82.a4.v1,0.6848114268942914
Glyma.15G060300.Wm82.a4.v1,0.6847967519444309
Glyma.05G146700.Wm82.a4.v1,0.6847478354448956
Glyma.08G257400.Wm82.a4.v1,0.684733160495035
Glyma.19G252900.Wm82.a4.v1,0.6847184855451743
Glyma.18G105600.Wm82.a4.v1,0.6846989189453603
Glyma.01G030600.Wm82.a4.v1,0.6846695690456391
Glyma.04G066900.Wm82.a4.v1,0.6846255441960574
Glyma.18G165700.Wm82.a4.v1,0.6846108692461967
Glyma.07G215200.Wm82.a4.v1,0.6845717360465685
Glyma.20G141300.Wm82.a4.v1,0.6845521694467543
Glyma.08G180700.Wm82.a4.v1,0.6845326028469403
Glyma.12G178300.Wm82.a4.v1,0.6845228195470332
Glyma.06G015100.Wm82.a4.v1,0.6845032529472191
Glyma.05G167200.Wm82.a4.v1,0.6844934696473121
Glyma.16G213200.Wm82.a4.v1,0.684483686347405
Glyma.08G281700.Wm82.a4.v1,0.6844543364476838
Glyma.08G190300.Wm82.a4.v1,0.6844396614978232
Glyma.12G194000.Wm82.a4.v1,0.6844152032480556
Glyma.09G273900.Wm82.a4.v1,0.6844054199481485
Glyma.05G222500.Wm82.a4.v1,0.6843809616983809
Glyma.14G062000.Wm82.a4.v1,0.6843418284987526
Glyma.10G288000.Wm82.a4.v1,0.684317370248985
Glyma.02G100600.Wm82.a4.v1,0.6842880203492638
Glyma.08G088900.Wm82.a4.v1,0.6842831286993103
Glyma.10G007800.Wm82.a4.v1,0.6842733453994032
Glyma.02G120900.Wm82.a4.v1,0.6842733453994032
Glyma.11G234500.Wm82.a4.v1,0.6842488871496356
Glyma.02G231800.Wm82.a4.v1,0.6842415496747053
Glyma.18G034300.Wm82.a4.v1,0.684234212199775
Glyma.20G190900.Wm82.a4.v1,0.6842097539500074
Glyma.12G067600.Wm82.a4.v1,0.6841999706501003
Glyma.07G233400.Wm82.a4.v1,0.6841950790001468
Glyma.13G134600.Wm82.a4.v1,0.6841070293009832
Glyma.20G189500.Wm82.a4.v1,0.6840776794012621
Glyma.08G119100.Wm82.a4.v1,0.6840238712517732
Glyma.10G265800.Wm82.a4.v1,0.6840189796018197
Glyma.15G007200.Wm82.a4.v1,0.6840140879518661
Glyma.11G057000.Wm82.a4.v1,0.6840043046519592
Glyma.03G264400.Wm82.a4.v1,0.6839896297020985
Glyma.06G160800.Wm82.a4.v1,0.683984738052145
Glyma.16G008300.Wm82.a4.v1,0.6839700631022844
Glyma.10G139600.Wm82.a4.v1,0.6839260382527026
Glyma.18G241100.Wm82.a4.v1,0.683921146602749
Glyma.10G278500.Wm82.a4.v1,0.6838917967030279
Glyma.03G207600.Wm82.a4.v1,0.6838624468033068
Glyma.10G032100.Wm82.a4.v1,0.6838379885535391
Glyma.17G076800.Wm82.a4.v1,0.6838330969035856
Glyma.20G090000.Wm82.a4.v1,0.683818421953725
Glyma.08G031100.Wm82.a4.v1,0.6838135303037715
Glyma.18G040900.Wm82.a4.v1,0.6837939637039574
Glyma.12G158800.Wm82.a4.v1,0.6837890720540039
Glyma.18G103800.Wm82.a4.v1,0.6837792887540968
Glyma.20G102400.Wm82.a4.v1,0.6837450472044221
Glyma.20G069800.Wm82.a4.v1,0.683735263904515
Glyma.11G013200.Wm82.a4.v1,0.6837254806046079
Glyma.03G147000.Wm82.a4.v1,0.6836863474049797
Glyma.13G366700.Wm82.a4.v1,0.6836765641050726
Glyma.13G337700.Wm82.a4.v1,0.6836472142053515
Glyma.08G042500.Wm82.a4.v1,0.6836374309054444
Glyma.10G234200.Wm82.a4.v1,0.6836325392554908
Glyma.09G193900.Wm82.a4.v1,0.6836129726556768
Glyma.17G138200.Wm82.a4.v1,0.6836031893557697
Glyma.16G218500.Wm82.a4.v1,0.6835787311060021
Glyma.18G246900.Wm82.a4.v1,0.6835738394560485
Glyma.10G191600.Wm82.a4.v1,0.6835249229565132
Glyma.13G106100.Wm82.a4.v1,0.6835004647067456
Glyma.02G309400.Wm82.a4.v1,0.6834906814068386
Glyma.05G089200.Wm82.a4.v1,0.6834613315071173
Glyma.10G063600.Wm82.a4.v1,0.6834515482072103
Glyma.20G210500.Wm82.a4.v1,0.6834515482072103
Glyma.04G123600.Wm82.a4.v1,0.6834417649073032
Glyma.02G276000.Wm82.a4.v1,0.6834270899574426
Glyma.07G204400.Wm82.a4.v1,0.6834173066575356
Glyma.17G055700.Wm82.a4.v1,0.6833879567578144
Glyma.14G159000.Wm82.a4.v1,0.6833830651078608
Glyma.16G057902.Wm82.a4.v1,0.6833341486083256
Glyma.01G105500.Wm82.a4.v1,0.6833292569583721
Glyma.07G174800.Wm82.a4.v1,0.6832999070586508
Glyma.09G091700.Wm82.a4.v1,0.6832999070586508
Glyma.15G117200.Wm82.a4.v1,0.6832803404588368
Glyma.07G082100.Wm82.a4.v1,0.6832705571589297
Glyma.08G288700.Wm82.a4.v1,0.6832607738590226
Glyma.18G243700.Wm82.a4.v1,0.6832607738590226
Glyma.03G065700.Wm82.a4.v1,0.6832265323093479
Glyma.16G205900.Wm82.a4.v1,0.6832167490094408
Glyma.06G061500.Wm82.a4.v1,0.6831776158098126
Glyma.10G259600.Wm82.a4.v1,0.6831776158098126
Glyma.13G179400.Wm82.a4.v1,0.6831629408599521
Glyma.18G074200.Wm82.a4.v1,0.683153157560045
Glyma.04G114800.Wm82.a4.v1,0.6830846744606955
Glyma.17G053300.Wm82.a4.v1,0.6830846744606955
Glyma.01G090002.Wm82.a4.v1,0.683069999510835
Glyma.18G301900.Wm82.a4.v1,0.6830504329110209
Glyma.13G099400.Wm82.a4.v1,0.6830259746612533
Glyma.08G137500.Wm82.a4.v1,0.6830210830112997
Glyma.20G026300.Wm82.a4.v1,0.6829966247615321
Glyma.15G108400.Wm82.a4.v1,0.6829770581617179
Glyma.08G087800.Wm82.a4.v1,0.6829623832118573
Glyma.19G043000.Wm82.a4.v1,0.6829232500122291
Glyma.13G158800.Wm82.a4.v1,0.6828890084625544
Glyma.14G148200.Wm82.a4.v1,0.6828743335126938
Glyma.14G190000.Wm82.a4.v1,0.6828498752629262
Glyma.12G239500.Wm82.a4.v1,0.6827178007141809
Glyma.13G187300.Wm82.a4.v1,0.6826395343149244
Glyma.13G040300.Wm82.a4.v1,0.6826346426649709
Glyma.20G207700.Wm82.a4.v1,0.6825465929658073
Glyma.11G123000.Wm82.a4.v1,0.6825025681162256
Glyma.08G028400.Wm82.a4.v1,0.6824634349165973
Glyma.13G185100.Wm82.a4.v1,0.6824585432666438
Glyma.11G214800.Wm82.a4.v1,0.6824438683167833
Glyma.19G191000.Wm82.a4.v1,0.6824096267671086
Glyma.16G113100.Wm82.a4.v1,0.6823753852174338
Glyma.06G003800.Wm82.a4.v1,0.6823607102675733
Glyma.08G318200.Wm82.a4.v1,0.6823362520178056
Glyma.14G114000.Wm82.a4.v1,0.6822873355182704
Glyma.13G254600.Wm82.a4.v1,0.6822775522183633
Glyma.03G006900.Wm82.a4.v1,0.6822628772685027
Glyma.02G260300.Wm82.a4.v1,0.6822188524189209
Glyma.01G186600.Wm82.a4.v1,0.6822090691190138
Glyma.20G173200.Wm82.a4.v1,0.6822041774690604
Glyma.01G190800.Wm82.a4.v1,0.6821797192192927
Glyma.04G125600.Wm82.a4.v1,0.682165044269432
Glyma.13G209200.Wm82.a4.v1,0.6821356943697109
Glyma.20G019800.Wm82.a4.v1,0.6821308027197573
Glyma.03G049600.Wm82.a4.v1,0.6820769945702686
Glyma.12G227600.Wm82.a4.v1,0.6820721029203151
Glyma.01G164300.Wm82.a4.v1,0.6820574279704544
Glyma.19G180500.Wm82.a4.v1,0.6820378613706403
Glyma.09G017200.Wm82.a4.v1,0.6820085114709191
Glyma.15G172400.Wm82.a4.v1,0.6819889448711051
Glyma.06G007400.Wm82.a4.v1,0.6819644866213374
Glyma.02G061700.Wm82.a4.v1,0.6819253534217091
Glyma.15G268500.Wm82.a4.v1,0.6819008951719415
Glyma.20G149800.Wm82.a4.v1,0.6818911118720344
Glyma.02G288400.Wm82.a4.v1,0.681812845472778
Glyma.07G107900.Wm82.a4.v1,0.6817737122731498
Glyma.11G215700.Wm82.a4.v1,0.6817639289732427
Glyma.02G233500.Wm82.a4.v1,0.6817541456733356
Glyma.15G196800.Wm82.a4.v1,0.6817394707234751
Glyma.04G121100.Wm82.a4.v1,0.6816709876241256
Glyma.15G027200.Wm82.a4.v1,0.6816612043242185
Glyma.15G253100.Wm82.a4.v1,0.681646529374358
Glyma.06G092300.Wm82.a4.v1,0.6816367460744509
Glyma.04G219000.Wm82.a4.v1,0.6815584796751945
Glyma.17G101100.Wm82.a4.v1,0.6815438047253338
Glyma.13G104200.Wm82.a4.v1,0.6815438047253338
Glyma.03G255100.Wm82.a4.v1,0.6815242381255198
Glyma.15G191600.Wm82.a4.v1,0.681499779875752
Glyma.13G124100.Wm82.a4.v1,0.681480213275938
Glyma.06G059800.Wm82.a4.v1,0.6814753216259845
Glyma.13G075300.Wm82.a4.v1,0.6814753216259845
Glyma.14G005900.Wm82.a4.v1,0.6814704299760309
Glyma.08G316100.Wm82.a4.v1,0.6814606466761238
Glyma.09G116000.Wm82.a4.v1,0.6814459717262633
Glyma.17G109600.Wm82.a4.v1,0.6814410800763098
Glyma.08G253900.Wm82.a4.v1,0.6814312967764027
Glyma.16G040200.Wm82.a4.v1,0.6814215134764956
Glyma.02G232900.Wm82.a4.v1,0.681397055226728
Glyma.20G054500.Wm82.a4.v1,0.681397055226728
Glyma.18G010400.Wm82.a4.v1,0.6813921635767745
Glyma.10G003200.Wm82.a4.v1,0.6813823802768674
Glyma.05G048200.Wm82.a4.v1,0.6813628136770533
Glyma.06G217000.Wm82.a4.v1,0.6813628136770533
Glyma.10G067302.Wm82.a4.v1,0.6813530303771462
Glyma.10G227800.Wm82.a4.v1,0.6813236804774251
Glyma.01G156600.Wm82.a4.v1,0.6812894389277503
Glyma.01G128700.Wm82.a4.v1,0.6812649806779827
Glyma.04G016800.Wm82.a4.v1,0.6812649806779827
Glyma.11G213800.Wm82.a4.v1,0.6812454140781685
Glyma.07G149900.Wm82.a4.v1,0.6812356307782615
Glyma.01G152500.Wm82.a4.v1,0.6812356307782615
Glyma.15G038000.Wm82.a4.v1,0.681230739128308
Glyma.02G238300.Wm82.a4.v1,0.6812258474783545
Glyma.06G130700.Wm82.a4.v1,0.6811280144792838
Glyma.05G068600.Wm82.a4.v1,0.6811133395294233
Glyma.16G053900.Wm82.a4.v1,0.6810888812796556
Glyma.09G161900.Wm82.a4.v1,0.6810595313799345
Glyma.11G008700.Wm82.a4.v1,0.6810546397299809
Glyma.03G019600.Wm82.a4.v1,0.6810203981803062
Glyma.08G349900.Wm82.a4.v1,0.6810203981803062
Glyma.09G171000.Wm82.a4.v1,0.6810155065303527
Glyma.02G273300.Wm82.a4.v1,0.6809959399305385
Glyma.17G245600.Wm82.a4.v1,0.680991048280585
Glyma.08G095700.Wm82.a4.v1,0.680991048280585
Glyma.04G202200.Wm82.a4.v1,0.6809714816807709
Glyma.07G082900.Wm82.a4.v1,0.6809225651812356
Glyma.04G236900.Wm82.a4.v1,0.6808932152815145
Glyma.10G026200.Wm82.a4.v1,0.6808345154820721
Glyma.05G037000.Wm82.a4.v1,0.6808198405322116
Glyma.19G046100.Wm82.a4.v1,0.680814948882258
Glyma.06G220500.Wm82.a4.v1,0.6807953822824439
Glyma.10G022700.Wm82.a4.v1,0.6807904906324903
Glyma.11G079600.Wm82.a4.v1,0.6807904906324903
Glyma.02G078700.Wm82.a4.v1,0.680741574132955
Glyma.04G005800.Wm82.a4.v1,0.6806094995842098
Glyma.01G073400.Wm82.a4.v1,0.6806046079342563
Glyma.08G011800.Wm82.a4.v1,0.6805850413344421
Glyma.01G012500.Wm82.a4.v1,0.6805361248349068
Glyma.09G045900.Wm82.a4.v1,0.6805214498850463
Glyma.10G105900.Wm82.a4.v1,0.6805116665851392
Glyma.01G013600.Wm82.a4.v1,0.6804969916352785
Glyma.05G224000.Wm82.a4.v1,0.6804896541603482
Glyma.03G151500.Wm82.a4.v1,0.6804872083353716
Glyma.05G203700.Wm82.a4.v1,0.6804334001858827
Glyma.08G292900.Wm82.a4.v1,0.6804236168859756
Glyma.15G056200.Wm82.a4.v1,0.6804187252360221
Glyma.14G165700.Wm82.a4.v1,0.6803698087364868
Glyma.10G264800.Wm82.a4.v1,0.680316000586998
Glyma.04G015300.Wm82.a4.v1,0.6803111089370445
Glyma.01G036500.Wm82.a4.v1,0.6802964339871839
Glyma.10G034800.Wm82.a4.v1,0.6802670840874627
Glyma.09G213900.Wm82.a4.v1,0.6802524091376021
Glyma.08G157700.Wm82.a4.v1,0.6802475174876486
Glyma.11G053300.Wm82.a4.v1,0.6802377341877415
Glyma.06G070700.Wm82.a4.v1,0.6802132759379739
Glyma.10G145100.Wm82.a4.v1,0.6802083842880203
Glyma.01G127500.Wm82.a4.v1,0.6801692510883921
Glyma.11G045100.Wm82.a4.v1,0.6801350095387174
Glyma.13G281400.Wm82.a4.v1,0.680108105463973
Glyma.07G140400.Wm82.a4.v1,0.6800420681896003
Glyma.06G013000.Wm82.a4.v1,0.6800273932397398
Glyma.02G203200.Wm82.a4.v1,0.6799638017903439
Glyma.17G044200.Wm82.a4.v1,0.6799197769407621
Glyma.13G349600.Wm82.a4.v1,0.6798806437411339
Glyma.07G046700.Wm82.a4.v1,0.6798757520911803
Glyma.02G136800.Wm82.a4.v1,0.6798708604412268
Glyma.01G109300.Wm82.a4.v1,0.6798415105415057
Glyma.17G250300.Wm82.a4.v1,0.679817052291738
Glyma.20G075000.Wm82.a4.v1,0.6798121606417845
Glyma.02G056700.Wm82.a4.v1,0.6797877023920168
Glyma.07G258000.Wm82.a4.v1,0.6796800860930392
Glyma.18G215700.Wm82.a4.v1,0.6796751944430857
Glyma.06G070500.Wm82.a4.v1,0.6796703027931321
Glyma.10G058100.Wm82.a4.v1,0.6796311695935039
Glyma.11G014000.Wm82.a4.v1,0.6795626864941545
Glyma.03G185900.Wm82.a4.v1,0.679557794844201
Glyma.03G213100.Wm82.a4.v1,0.6795039866947121
Glyma.02G193800.Wm82.a4.v1,0.6794403952453163
Glyma.08G051500.Wm82.a4.v1,0.6794355035953628
Glyma.19G103966.Wm82.a4.v1,0.6794159369955486
Glyma.19G167500.Wm82.a4.v1,0.679401262045688
Glyma.03G214500.Wm82.a4.v1,0.6793768037959204
Glyma.15G002700.Wm82.a4.v1,0.6793425622462457
Glyma.18G221200.Wm82.a4.v1,0.6793327789463386
Glyma.11G125700.Wm82.a4.v1,0.6793034290466174
Glyma.09G143900.Wm82.a4.v1,0.6792838624468033
Glyma.19G014100.Wm82.a4.v1,0.6792642958469892
Glyma.13G219800.Wm82.a4.v1,0.6792496208971286
Glyma.15G085200.Wm82.a4.v1,0.679244729247175
Glyma.10G272400.Wm82.a4.v1,0.6791811377977792
Glyma.08G015900.Wm82.a4.v1,0.6791713544978721
Glyma.15G072000.Wm82.a4.v1,0.6790637381988945
Glyma.19G046600.Wm82.a4.v1,0.679058846548941
Glyma.05G171033.Wm82.a4.v1,0.6790050383994521
Glyma.13G066800.Wm82.a4.v1,0.6789903634495915
Glyma.09G030400.Wm82.a4.v1,0.6789805801496845
Glyma.06G276800.Wm82.a4.v1,0.6789561218999168
Glyma.16G218200.Wm82.a4.v1,0.6789267720001957
Glyma.03G074167.Wm82.a4.v1,0.6789169887002886
Glyma.12G172200.Wm82.a4.v1,0.678902313750428
Glyma.12G000500.Wm82.a4.v1,0.6788974221004744
Glyma.19G248200.Wm82.a4.v1,0.678892530450521
Glyma.20G187500.Wm82.a4.v1,0.6788876388005675
Glyma.01G124500.Wm82.a4.v1,0.6788533972508928
Glyma.10G218100.Wm82.a4.v1,0.678819155701218
Glyma.02G078600.Wm82.a4.v1,0.678819155701218
Glyma.07G125400.Wm82.a4.v1,0.6787995891014039
Glyma.07G051300.Wm82.a4.v1,0.6787800225015898
Glyma.09G154400.Wm82.a4.v1,0.6787555642518222
Glyma.12G000900.Wm82.a4.v1,0.6787506726018686
Glyma.11G147400.Wm82.a4.v1,0.678735997652008
Glyma.06G111000.Wm82.a4.v1,0.6787139852272172
Glyma.06G060000.Wm82.a4.v1,0.6786381646529375
Glyma.19G144900.Wm82.a4.v1,0.6786088147532162
Glyma.17G254000.Wm82.a4.v1,0.6785647899036344
Glyma.13G208200.Wm82.a4.v1,0.6785501149537739
Glyma.19G210500.Wm82.a4.v1,0.6785501149537739
Glyma.08G249600.Wm82.a4.v1,0.6785501149537739
Glyma.13G281800.Wm82.a4.v1,0.6785207650540527
Glyma.01G145000.Wm82.a4.v1,0.6785158734040992
Glyma.12G061900.Wm82.a4.v1,0.6785011984542386
Glyma.10G189800.Wm82.a4.v1,0.6784914151543315
Glyma.15G102800.Wm82.a4.v1,0.6784914151543315
Glyma.05G104200.Wm82.a4.v1,0.678476740204471
Glyma.19G069200.Wm82.a4.v1,0.6783984738052145
Glyma.01G239700.Wm82.a4.v1,0.6783666780805165
Glyma.08G005100.Wm82.a4.v1,0.6783642322555398
Glyma.03G175900.Wm82.a4.v1,0.6783593406055862
Glyma.03G133700.Wm82.a4.v1,0.6783397740057722
Glyma.10G201400.Wm82.a4.v1,0.6783397740057722
Glyma.02G108600.Wm82.a4.v1,0.6783299907058651
Glyma.12G205400.Wm82.a4.v1,0.6782957491561904
Glyma.12G224200.Wm82.a4.v1,0.6782859658562833
Glyma.04G206600.Wm82.a4.v1,0.6782810742063298
Glyma.08G358300.Wm82.a4.v1,0.6782615076065157
Glyma.15G135100.Wm82.a4.v1,0.6782174827569339
Glyma.08G211900.Wm82.a4.v1,0.6781979161571198
Glyma.17G196300.Wm82.a4.v1,0.6781783495573057
Glyma.03G246900.Wm82.a4.v1,0.6781367705327007
Glyma.16G163500.Wm82.a4.v1,0.678070733258328
Glyma.18G264800.Wm82.a4.v1,0.6780316000586998
Glyma.02G241100.Wm82.a4.v1,0.6779729002592575
Glyma.02G216000.Wm82.a4.v1,0.6779631169593504
Glyma.14G210700.Wm82.a4.v1,0.6779142004598151
Glyma.05G234700.Wm82.a4.v1,0.6778897422100475
Glyma.09G071800.Wm82.a4.v1,0.6778555006603727
Glyma.11G070100.Wm82.a4.v1,0.6778359340605586
Glyma.11G092900.Wm82.a4.v1,0.6778359340605586
Glyma.17G239500.Wm82.a4.v1,0.6778261507606516
Glyma.02G044000.Wm82.a4.v1,0.677821259110698
Glyma.13G206600.Wm82.a4.v1,0.6778065841608375
Glyma.12G174200.Wm82.a4.v1,0.6777625593112557
Glyma.06G238500.Wm82.a4.v1,0.6777527760113486
Glyma.13G159800.Wm82.a4.v1,0.6777429927114416
Glyma.08G317400.Wm82.a4.v1,0.6777234261116275
Glyma.12G077400.Wm82.a4.v1,0.6777038595118133
Glyma.04G023067.Wm82.a4.v1,0.6776989678618598
Glyma.17G025200.Wm82.a4.v1,0.6776940762119062
Glyma.13G354900.Wm82.a4.v1,0.6776500513623245
Glyma.08G286200.Wm82.a4.v1,0.6776500513623245
Glyma.19G178700.Wm82.a4.v1,0.6776402680624175
Glyma.20G211600.Wm82.a4.v1,0.6776304847625104
Glyma.14G031400.Wm82.a4.v1,0.6775815682629751
Glyma.06G044200.Wm82.a4.v1,0.677571784963068
Glyma.08G015400.Wm82.a4.v1,0.6775375434133933
Glyma.15G112100.Wm82.a4.v1,0.6775277601134863
Glyma.07G242000.Wm82.a4.v1,0.6774715061390207
Glyma.11G153900.Wm82.a4.v1,0.6774446020642763
Glyma.15G053600.Wm82.a4.v1,0.6774250354644622
Glyma.13G067800.Wm82.a4.v1,0.6774152521645551
Glyma.19G091600.Wm82.a4.v1,0.6774103605146016
Glyma.06G043800.Wm82.a4.v1,0.677405468864648
Glyma.02G055300.Wm82.a4.v1,0.6773174191654845
Glyma.12G183500.Wm82.a4.v1,0.6773174191654845
Glyma.15G215900.Wm82.a4.v1,0.677312527515531
Glyma.03G240200.Wm82.a4.v1,0.677312527515531
Glyma.13G216500.Wm82.a4.v1,0.6773076358655774
Glyma.07G262600.Wm82.a4.v1,0.6772905150907401
Glyma.07G074700.Wm82.a4.v1,0.6772440444161816
Glyma.15G035700.Wm82.a4.v1,0.6772440444161816
Glyma.18G164100.Wm82.a4.v1,0.6772171403414372
Glyma.17G228100.Wm82.a4.v1,0.6772000195665998
Glyma.20G018000.Wm82.a4.v1,0.6771755613168322
Glyma.18G186400.Wm82.a4.v1,0.6771706696668787
Glyma.14G145600.Wm82.a4.v1,0.6771608863669716
Glyma.17G088500.Wm82.a4.v1,0.6771413197671574
Glyma.11G068500.Wm82.a4.v1,0.6771119698674363
Glyma.15G154000.Wm82.a4.v1,0.6770924032676222
Glyma.08G254100.Wm82.a4.v1,0.6770875116176687
Glyma.13G157800.Wm82.a4.v1,0.677072836667808
Glyma.05G094000.Wm82.a4.v1,0.6770679450178545
Glyma.04G173300.Wm82.a4.v1,0.6770679450178545
Glyma.15G255400.Wm82.a4.v1,0.6770434867680869
Glyma.05G118300.Wm82.a4.v1,0.6770141368683656
Glyma.16G163700.Wm82.a4.v1,0.6769358704691092
Glyma.15G050400.Wm82.a4.v1,0.6769309788191556
Glyma.20G118000.Wm82.a4.v1,0.6769260871692022
Glyma.03G251200.Wm82.a4.v1,0.6769016289194345
Glyma.10G166500.Wm82.a4.v1,0.6769016289194345
Glyma.04G029900.Wm82.a4.v1,0.6768771706696669
Glyma.04G066400.Wm82.a4.v1,0.6768576040698527
Glyma.13G329700.Wm82.a4.v1,0.6768576040698527
Glyma.08G004300.Wm82.a4.v1,0.6768478207699457
Glyma.18G206200.Wm82.a4.v1,0.6768429291199922
Glyma.13G184500.Wm82.a4.v1,0.6768331458200851
Glyma.14G103800.Wm82.a4.v1,0.6767891209705034
Glyma.06G053000.Wm82.a4.v1,0.676740204470968
Glyma.10G037900.Wm82.a4.v1,0.6767157462212005
Glyma.07G073700.Wm82.a4.v1,0.6766668297216651
Glyma.13G181800.Wm82.a4.v1,0.6765738883725481
Glyma.17G063000.Wm82.a4.v1,0.6765592134226874
Glyma.08G034700.Wm82.a4.v1,0.6765543217727339
Glyma.01G072000.Wm82.a4.v1,0.6765543217727339
Glyma.13G317300.Wm82.a4.v1,0.6765347551729198
Glyma.08G086700.Wm82.a4.v1,0.6765200802230592
Glyma.01G079100.Wm82.a4.v1,0.6764760553734774
Glyma.16G110400.Wm82.a4.v1,0.6764711637235239
Glyma.07G071100.Wm82.a4.v1,0.6764613804236169
Glyma.09G240800.Wm82.a4.v1,0.6764564887736634
Glyma.08G155200.Wm82.a4.v1,0.6764467054737563
Glyma.16G153100.Wm82.a4.v1,0.6764075722741281
Glyma.12G028800.Wm82.a4.v1,0.6763831140243605
Glyma.09G039600.Wm82.a4.v1,0.6763782223744069
Glyma.15G033200.Wm82.a4.v1,0.6763195225749645
Glyma.16G046200.Wm82.a4.v1,0.6763195225749645
Glyma.20G161700.Wm82.a4.v1,0.676314630925011
Glyma.19G004100.Wm82.a4.v1,0.6762706060754292
Glyma.17G236900.Wm82.a4.v1,0.6762608227755221
Glyma.10G209300.Wm82.a4.v1,0.6762559311255687
Glyma.14G112600.Wm82.a4.v1,0.6762216895758939
Glyma.07G059800.Wm82.a4.v1,0.6761727730763587
Glyma.19G125000.Wm82.a4.v1,0.6761532064765445
Glyma.05G247700.Wm82.a4.v1,0.6761385315266839
Glyma.19G000800.Wm82.a4.v1,0.6760602651274275
Glyma.01G122300.Wm82.a4.v1,0.6760553734774739
Glyma.04G234300.Wm82.a4.v1,0.6760553734774739
Glyma.15G177400.Wm82.a4.v1,0.6760309152277063
Glyma.19G175700.Wm82.a4.v1,0.6759966736780316
Glyma.13G297700.Wm82.a4.v1,0.6759966736780316
Glyma.05G143800.Wm82.a4.v1,0.6759868903781245
Glyma.15G153800.Wm82.a4.v1,0.6759868903781245
Glyma.12G091500.Wm82.a4.v1,0.675981998728171
Glyma.05G024700.Wm82.a4.v1,0.6759673237783104
Glyma.09G248100.Wm82.a4.v1,0.6759575404784034
Glyma.13G097600.Wm82.a4.v1,0.6759086239788681
Glyma.01G000322.Wm82.a4.v1,0.6759037323289145
Glyma.08G031800.Wm82.a4.v1,0.6758841657291004
Glyma.05G151500.Wm82.a4.v1,0.6758597074793328
Glyma.08G085500.Wm82.a4.v1,0.6757961160299369
Glyma.14G171600.Wm82.a4.v1,0.6757765494301228
Glyma.05G168900.Wm82.a4.v1,0.6757765494301228
Glyma.12G189400.Wm82.a4.v1,0.6757423078804481
Glyma.11G001900.Wm82.a4.v1,0.6757423078804481
Glyma.12G183700.Wm82.a4.v1,0.6756836080810057
Glyma.05G245300.Wm82.a4.v1,0.6756689331311452
Glyma.05G009700.Wm82.a4.v1,0.6756591498312381
Glyma.17G232200.Wm82.a4.v1,0.6756053416817492
Glyma.02G288500.Wm82.a4.v1,0.6755564251822139
Glyma.12G028100.Wm82.a4.v1,0.675546641882307
Glyma.01G013900.Wm82.a4.v1,0.6755075086826786
Glyma.09G224000.Wm82.a4.v1,0.6754879420828646
Glyma.18G202700.Wm82.a4.v1,0.6754194589835152
Glyma.04G056200.Wm82.a4.v1,0.6754194589835152
Glyma.18G039100.Wm82.a4.v1,0.6753901090837939
Glyma.13G302800.Wm82.a4.v1,0.6753901090837939
Glyma.09G250700.Wm82.a4.v1,0.6753265176343981
Glyma.11G145900.Wm82.a4.v1,0.6752824927848163
Glyma.15G211800.Wm82.a4.v1,0.6752824927848163
Glyma.08G290700.Wm82.a4.v1,0.6752678178349557
Glyma.15G136600.Wm82.a4.v1,0.6752189013354204
Glyma.02G091700.Wm82.a4.v1,0.6752189013354204
Glyma.02G094300.Wm82.a4.v1,0.6751797681357922
Glyma.09G158400.Wm82.a4.v1,0.6751602015359781
Glyma.15G217400.Wm82.a4.v1,0.6751112850364428
Glyma.02G223000.Wm82.a4.v1,0.6750721518368146
Glyma.19G174300.Wm82.a4.v1,0.6750574768869539
Glyma.02G170900.Wm82.a4.v1,0.6750330186371863
Glyma.12G189800.Wm82.a4.v1,0.6750232353372793
Glyma.05G103600.Wm82.a4.v1,0.6750183436873257
Glyma.12G240700.Wm82.a4.v1,0.6750085603874186
Glyma.06G094400.Wm82.a4.v1,0.6749792104876975
Glyma.05G033000.Wm82.a4.v1,0.6749107273883481
Glyma.08G213600.Wm82.a4.v1,0.6748764858386734
Glyma.12G023900.Wm82.a4.v1,0.6748324609890917
Glyma.07G263700.Wm82.a4.v1,0.6748275693391381
Glyma.13G224700.Wm82.a4.v1,0.6747786528396028
Glyma.13G219900.Wm82.a4.v1,0.6747590862397886
Glyma.05G058300.Wm82.a4.v1,0.6747199530401604
Glyma.07G270200.Wm82.a4.v1,0.6746612532407181
Glyma.05G064800.Wm82.a4.v1,0.6746367949909504
Glyma.01G230900.Wm82.a4.v1,0.6746123367411828
Glyma.04G043200.Wm82.a4.v1,0.6745976617913222
Glyma.17G019400.Wm82.a4.v1,0.6745878784914151
Glyma.13G085000.Wm82.a4.v1,0.6745780951915081
Glyma.18G166400.Wm82.a4.v1,0.6745780951915081
Glyma.07G074400.Wm82.a4.v1,0.674558528591694
Glyma.06G322200.Wm82.a4.v1,0.6745340703419264
Glyma.05G208200.Wm82.a4.v1,0.6744998287922517
Glyma.14G189400.Wm82.a4.v1,0.6744215623929951
Glyma.13G334700.Wm82.a4.v1,0.674392212493274
Glyma.08G046600.Wm82.a4.v1,0.6743873208433204
Glyma.13G233900.Wm82.a4.v1,0.6743775375434133
Glyma.12G241700.Wm82.a4.v1,0.6743726458934599
Glyma.09G264800.Wm82.a4.v1,0.6743628625935528
Glyma.19G186800.Wm82.a4.v1,0.6743237293939246
Glyma.16G095200.Wm82.a4.v1,0.674309054444064
Glyma.13G204900.Wm82.a4.v1,0.674309054444064
Glyma.04G002400.Wm82.a4.v1,0.6742748128943893
Glyma.07G245900.Wm82.a4.v1,0.6742552462945751
Glyma.14G127600.Wm82.a4.v1,0.674225896394854
Glyma.13G137500.Wm82.a4.v1,0.6742210047449004
Glyma.13G245700.Wm82.a4.v1,0.6741867631952257
Glyma.19G003900.Wm82.a4.v1,0.6741769798953187
Glyma.07G066100.Wm82.a4.v1,0.6741525216455511
Glyma.08G307800.Wm82.a4.v1,0.6741476299955975
Glyma.06G017100.Wm82.a4.v1,0.6741280633957834
Glyma.13G103500.Wm82.a4.v1,0.6741036051460157
Glyma.09G209600.Wm82.a4.v1,0.6740302303967128
Glyma.17G255602.Wm82.a4.v1,0.6740106637968987
Glyma.08G085800.Wm82.a4.v1,0.6740008804969916
Glyma.13G208800.Wm82.a4.v1,0.6739959888470382
Glyma.05G045900.Wm82.a4.v1,0.6739421806975493
Glyma.15G067900.Wm82.a4.v1,0.6739079391478746
Glyma.02G268600.Wm82.a4.v1,0.673893264198014
Glyma.09G155200.Wm82.a4.v1,0.6738785892481534
Glyma.08G073700.Wm82.a4.v1,0.6738688059482464
Glyma.15G163900.Wm82.a4.v1,0.6738247810986646
Glyma.09G213200.Wm82.a4.v1,0.673810106148804
Glyma.01G052300.Wm82.a4.v1,0.6737905395489898
Glyma.09G280100.Wm82.a4.v1,0.6737856478990364
Glyma.13G156900.Wm82.a4.v1,0.6737758645991293
Glyma.13G369000.Wm82.a4.v1,0.6737709729491758
Glyma.04G243500.Wm82.a4.v1,0.6737367313995011
Glyma.12G242200.Wm82.a4.v1,0.6736682483001516
Glyma.10G272200.Wm82.a4.v1,0.6736584650002446
Glyma.13G293400.Wm82.a4.v1,0.6736535733502911
Glyma.15G165600.Wm82.a4.v1,0.6736486817003375
Glyma.04G143400.Wm82.a4.v1,0.6736242234505698
Glyma.07G023800.Wm82.a4.v1,0.6736095485007093
Glyma.04G015000.Wm82.a4.v1,0.6735655236511275
Glyma.07G209500.Wm82.a4.v1,0.6735361737514064
Glyma.08G027100.Wm82.a4.v1,0.6735214988015458
Glyma.04G134700.Wm82.a4.v1,0.6735068238516851
Glyma.15G104900.Wm82.a4.v1,0.6734627990021034
Glyma.05G156900.Wm82.a4.v1,0.6734383407523358
Glyma.08G003200.Wm82.a4.v1,0.6733796409528934
Glyma.20G238500.Wm82.a4.v1,0.6733747493029398
Glyma.11G202700.Wm82.a4.v1,0.6733698576529864
Glyma.13G272200.Wm82.a4.v1,0.6733453994032187
Glyma.03G152300.Wm82.a4.v1,0.6733062662035905
Glyma.05G149200.Wm82.a4.v1,0.6733062662035905
Glyma.19G241000.Wm82.a4.v1,0.6731888666047058
Glyma.01G242500.Wm82.a4.v1,0.6731350584552169
Glyma.15G068200.Wm82.a4.v1,0.6730714670058211
Glyma.09G215400.Wm82.a4.v1,0.6730665753558676
Glyma.18G085200.Wm82.a4.v1,0.6730519004060069
Glyma.06G308900.Wm82.a4.v1,0.6730372254561463
Glyma.01G162100.Wm82.a4.v1,0.6730274421562393
Glyma.05G139900.Wm82.a4.v1,0.6730225505062858
Glyma.05G132100.Wm82.a4.v1,0.6730176588563322
Glyma.01G148500.Wm82.a4.v1,0.6729834173066576
Glyma.03G244000.Wm82.a4.v1,0.6729736340067505
Glyma.07G171600.Wm82.a4.v1,0.6729198258572616
Glyma.08G126000.Wm82.a4.v1,0.6728660177077729
Glyma.05G160500.Wm82.a4.v1,0.6728366678080516
Glyma.02G293600.Wm82.a4.v1,0.6728219928581911
Glyma.08G044100.Wm82.a4.v1,0.6728219928581911
Glyma.19G068800.Wm82.a4.v1,0.672812209558284
Glyma.08G165800.Wm82.a4.v1,0.672812209558284
Glyma.07G048400.Wm82.a4.v1,0.6726752433595852
Glyma.16G207900.Wm82.a4.v1,0.6726556767597711
Glyma.15G127300.Wm82.a4.v1,0.6726263268600499
Glyma.12G228700.Wm82.a4.v1,0.6726116519101893
Glyma.02G160100.Wm82.a4.v1,0.6725823020104681
Glyma.01G184300.Wm82.a4.v1,0.6725774103605145
Glyma.06G218100.Wm82.a4.v1,0.6724942523113046
Glyma.01G123300.Wm82.a4.v1,0.6724942523113046
Glyma.08G146000.Wm82.a4.v1,0.6724844690113976
Glyma.18G244400.Wm82.a4.v1,0.672469794061537
Glyma.01G234200.Wm82.a4.v1,0.6724551191116763
Glyma.12G185400.Wm82.a4.v1,0.6724502274617229
Glyma.12G031500.Wm82.a4.v1,0.6724453358117694
Glyma.08G049000.Wm82.a4.v1,0.6724257692119552
Glyma.16G066400.Wm82.a4.v1,0.6724062026121411
Glyma.18G215900.Wm82.a4.v1,0.6723817443623734
Glyma.12G147600.Wm82.a4.v1,0.6723817443623734
Glyma.08G068300.Wm82.a4.v1,0.672313261263024
Glyma.02G149800.Wm82.a4.v1,0.6722349948637676
Glyma.11G162365.Wm82.a4.v1,0.6721909700141858
Glyma.05G041800.Wm82.a4.v1,0.6721567284645111
Glyma.11G167382.Wm82.a4.v1,0.6721567284645111
Glyma.15G092500.Wm82.a4.v1,0.6721567284645111
Glyma.12G035600.Wm82.a4.v1,0.672146945164604
Glyma.07G246800.Wm82.a4.v1,0.6721273785647899
Glyma.11G021000.Wm82.a4.v1,0.6720980286650687
Glyma.08G086300.Wm82.a4.v1,0.672063787115394
Glyma.09G061000.Wm82.a4.v1,0.672063787115394
Glyma.13G054500.Wm82.a4.v1,0.6720344372156728
Glyma.04G075700.Wm82.a4.v1,0.6720001956659981
Glyma.04G032700.Wm82.a4.v1,0.6719953040160446
Glyma.17G034500.Wm82.a4.v1,0.6719855207161376
Glyma.12G046200.Wm82.a4.v1,0.671980629066184
Glyma.06G082600.Wm82.a4.v1,0.671980629066184
Glyma.17G045800.Wm82.a4.v1,0.6719659541163234
Glyma.01G003000.Wm82.a4.v1,0.6719610624663699
Glyma.09G186700.Wm82.a4.v1,0.6719512791664628
Glyma.11G246900.Wm82.a4.v1,0.6719268209166952
Glyma.13G311300.Wm82.a4.v1,0.6718974710169741
Glyma.02G245800.Wm82.a4.v1,0.6718436628674852
Glyma.09G274000.Wm82.a4.v1,0.6717996380179034
Glyma.12G184300.Wm82.a4.v1,0.6717898547179963
Glyma.06G027600.Wm82.a4.v1,0.6717800714180894
Glyma.19G122400.Wm82.a4.v1,0.6717702881181823
Glyma.01G063100.Wm82.a4.v1,0.6716969133688794
Glyma.07G020800.Wm82.a4.v1,0.6715941887198552
Glyma.14G224200.Wm82.a4.v1,0.6715697304700876
Glyma.08G094600.Wm82.a4.v1,0.6715452722203199
Glyma.12G036700.Wm82.a4.v1,0.6715159223205988
Glyma.20G179900.Wm82.a4.v1,0.671491464070831
Glyma.02G027600.Wm82.a4.v1,0.6714572225211564
Glyma.03G076600.Wm82.a4.v1,0.6714474392212493
Glyma.14G116200.Wm82.a4.v1,0.6714327642713888
Glyma.03G074700.Wm82.a4.v1,0.6714131976715746
Glyma.11G026000.Wm82.a4.v1,0.671408306021621
Glyma.17G142800.Wm82.a4.v1,0.671408306021621
Glyma.09G059200.Wm82.a4.v1,0.6714034143716676
Glyma.18G097300.Wm82.a4.v1,0.6713936310717605
Glyma.13G144900.Wm82.a4.v1,0.671388739421807
Glyma.06G034400.Wm82.a4.v1,0.6713447145722252
Glyma.17G257900.Wm82.a4.v1,0.6713153646725041
Glyma.15G224400.Wm82.a4.v1,0.6712615565230152
Glyma.05G244800.Wm82.a4.v1,0.6712615565230152
Glyma.01G025300.Wm82.a4.v1,0.6712077483735264
Glyma.12G030200.Wm82.a4.v1,0.671139265274177
Glyma.04G202400.Wm82.a4.v1,0.6711343736242235
Glyma.03G159200.Wm82.a4.v1,0.6711050237245023
Glyma.11G079000.Wm82.a4.v1,0.6711050237245023
Glyma.08G297300.Wm82.a4.v1,0.6710365406251528
Glyma.14G009600.Wm82.a4.v1,0.6710267573252459
Glyma.08G013900.Wm82.a4.v1,0.6709827324756641
Glyma.08G207400.Wm82.a4.v1,0.6709142493763146
Glyma.03G154800.Wm82.a4.v1,0.670889791126547
Glyma.11G181900.Wm82.a4.v1,0.6708848994765935
Glyma.11G225600.Wm82.a4.v1,0.6708604412268258
Glyma.19G199100.Wm82.a4.v1,0.6708506579269188
Glyma.03G201900.Wm82.a4.v1,0.6708457662769652
Glyma.18G248200.Wm82.a4.v1,0.6708261996771511
Glyma.18G248600.Wm82.a4.v1,0.6707968497774299
Glyma.03G013200.Wm82.a4.v1,0.6707723915276623
Glyma.08G317200.Wm82.a4.v1,0.6707332583280341
Glyma.18G216000.Wm82.a4.v1,0.670723475028127
Glyma.13G115600.Wm82.a4.v1,0.6707136917282199
Glyma.15G033700.Wm82.a4.v1,0.6706941251284058
Glyma.05G209700.Wm82.a4.v1,0.6706794501785452
Glyma.13G212200.Wm82.a4.v1,0.6706794501785452
Glyma.15G173100.Wm82.a4.v1,0.6706745585285917
Glyma.16G074700.Wm82.a4.v1,0.6706745585285917
Glyma.04G063400.Wm82.a4.v1,0.6706598835787311
Glyma.08G058400.Wm82.a4.v1,0.6706354253289635
Glyma.11G061000.Wm82.a4.v1,0.6706256420290564
Glyma.02G260100.Wm82.a4.v1,0.6706256420290564
Glyma.05G123300.Wm82.a4.v1,0.6706060754292423
Glyma.09G154100.Wm82.a4.v1,0.6705865088294282
Glyma.13G255900.Wm82.a4.v1,0.6705522672797535
Glyma.18G173100.Wm82.a4.v1,0.6705522672797535
Glyma.18G090300.Wm82.a4.v1,0.6705229173800323
Glyma.15G060700.Wm82.a4.v1,0.6705180257300788
Glyma.09G207000.Wm82.a4.v1,0.6705033507802182
Glyma.18G009700.Wm82.a4.v1,0.6704642175805899
Glyma.16G154800.Wm82.a4.v1,0.6704446509807758
Glyma.14G112700.Wm82.a4.v1,0.6704299760309153
Glyma.01G039100.Wm82.a4.v1,0.6704201927310082
Glyma.09G191100.Wm82.a4.v1,0.670390842831287
Glyma.20G058500.Wm82.a4.v1,0.6703712762314729
Glyma.13G091900.Wm82.a4.v1,0.6703663845815193
Glyma.10G265400.Wm82.a4.v1,0.6703663845815193
Glyma.02G201300.Wm82.a4.v1,0.6703517096316588
Glyma.06G134300.Wm82.a4.v1,0.6703468179817053
Glyma.15G219100.Wm82.a4.v1,0.670234310032774
Glyma.08G209100.Wm82.a4.v1,0.6702049601330529
Glyma.07G003200.Wm82.a4.v1,0.6701805018832853
Glyma.17G089400.Wm82.a4.v1,0.6701756102333317
Glyma.10G289800.Wm82.a4.v1,0.6701707185833782
Glyma.02G105500.Wm82.a4.v1,0.6701658269334246
Glyma.07G009100.Wm82.a4.v1,0.6701658269334246
Glyma.19G037800.Wm82.a4.v1,0.6701218020838429
Glyma.11G104900.Wm82.a4.v1,0.6701169104338893
Glyma.18G017300.Wm82.a4.v1,0.6701022354840288
Glyma.08G335400.Wm82.a4.v1,0.6700826688842146
Glyma.15G191200.Wm82.a4.v1,0.6700728855843076
Glyma.10G254400.Wm82.a4.v1,0.6700435356845864
Glyma.02G034400.Wm82.a4.v1,0.6700190774348188
Glyma.05G001200.Wm82.a4.v1,0.6700141857848653
Glyma.07G060500.Wm82.a4.v1,0.6699359193856088
Glyma.08G316900.Wm82.a4.v1,0.6698723279362129
Glyma.13G278100.Wm82.a4.v1,0.6698478696864453
Glyma.06G055800.Wm82.a4.v1,0.6698478696864453
Glyma.12G210000.Wm82.a4.v1,0.6698429780364917
Glyma.12G139800.Wm82.a4.v1,0.6697891698870029
Glyma.07G180000.Wm82.a4.v1,0.6697744949371423
Glyma.02G139700.Wm82.a4.v1,0.6697109034877464
Glyma.11G233000.Wm82.a4.v1,0.6696717702881182
Glyma.14G130800.Wm82.a4.v1,0.6696375287384435
Glyma.06G058600.Wm82.a4.v1,0.6696228537885829
Glyma.02G213900.Wm82.a4.v1,0.6696032871887688
Glyma.15G129300.Wm82.a4.v1,0.6695983955388153
Glyma.06G001200.Wm82.a4.v1,0.6695445873893264
Glyma.08G196100.Wm82.a4.v1,0.6695250207895123
Glyma.13G215000.Wm82.a4.v1,0.6695250207895123
Glyma.07G227750.Wm82.a4.v1,0.6694907792398376
Glyma.06G100600.Wm82.a4.v1,0.6694271877904417
Glyma.08G359700.Wm82.a4.v1,0.6694076211906276
Glyma.08G201600.Wm82.a4.v1,0.669402729540674
Glyma.04G100100.Wm82.a4.v1,0.6693635963410458
Glyma.03G031800.Wm82.a4.v1,0.6693587046910923
Glyma.03G119300.Wm82.a4.v1,0.6693538130411387
Glyma.13G312400.Wm82.a4.v1,0.6693244631414176
Glyma.19G147500.Wm82.a4.v1,0.669319571491464
Glyma.20G117600.Wm82.a4.v1,0.6692902215917429
Glyma.04G142100.Wm82.a4.v1,0.6692706549919287
Glyma.02G260500.Wm82.a4.v1,0.6692608716920218
Glyma.17G031900.Wm82.a4.v1,0.6692461967421611
Glyma.17G136900.Wm82.a4.v1,0.6692315217923005
Glyma.17G177900.Wm82.a4.v1,0.6691826052927653
Glyma.03G226300.Wm82.a4.v1,0.6691826052927653
Glyma.05G070600.Wm82.a4.v1,0.6691679303429047
Glyma.16G179100.Wm82.a4.v1,0.6691483637430905
Glyma.05G043300.Wm82.a4.v1,0.6691483637430905
Glyma.18G022300.Wm82.a4.v1,0.6691190138433694
Glyma.09G279500.Wm82.a4.v1,0.6691141221934158
Glyma.08G309500.Wm82.a4.v1,0.6691092305434623
Glyma.18G255300.Wm82.a4.v1,0.6690945555936018
Glyma.08G218500.Wm82.a4.v1,0.669060314043927
Glyma.18G089600.Wm82.a4.v1,0.6690358557941594
Glyma.06G308000.Wm82.a4.v1,0.6690211808442987
Glyma.16G050200.Wm82.a4.v1,0.6690162891943453
Glyma.08G051300.Wm82.a4.v1,0.6689820476446705
Glyma.17G029200.Wm82.a4.v1,0.668977155994717
Glyma.11G035900.Wm82.a4.v1,0.6689135645453211
Glyma.07G129800.Wm82.a4.v1,0.6688744313456929
Glyma.17G009100.Wm82.a4.v1,0.6688548647458787
Glyma.18G149800.Wm82.a4.v1,0.6688304064961111
Glyma.19G196000.Wm82.a4.v1,0.6687814899965758
Glyma.20G098100.Wm82.a4.v1,0.6687717066966687
Glyma.01G028100.Wm82.a4.v1,0.6686689820476447
Glyma.09G082300.Wm82.a4.v1,0.6686494154478305
Glyma.08G265400.Wm82.a4.v1,0.6686298488480165
Glyma.10G018900.Wm82.a4.v1,0.6685858239984347
Glyma.07G230100.Wm82.a4.v1,0.6685662573986205
Glyma.04G021500.Wm82.a4.v1,0.6685222325490388
Glyma.11G039100.Wm82.a4.v1,0.6684928826493176
Glyma.09G153100.Wm82.a4.v1,0.668478207699457
Glyma.11G101400.Wm82.a4.v1,0.668478207699457
Glyma.08G064500.Wm82.a4.v1,0.6684390744998288
Glyma.02G251200.Wm82.a4.v1,0.6684292911999218
Glyma.18G164600.Wm82.a4.v1,0.6684195079000147
Glyma.08G090500.Wm82.a4.v1,0.66838526635034
Glyma.17G201100.Wm82.a4.v1,0.66838526635034
Glyma.04G009500.Wm82.a4.v1,0.66838526635034
Glyma.10G192000.Wm82.a4.v1,0.6683705914004794
Glyma.18G014100.Wm82.a4.v1,0.6683559164506188
Glyma.12G168900.Wm82.a4.v1,0.6683314582008512
Glyma.08G322600.Wm82.a4.v1,0.6683265665508976
Glyma.13G317800.Wm82.a4.v1,0.6682972166511765
Glyma.02G276200.Wm82.a4.v1,0.6682727584014088
Glyma.19G074900.Wm82.a4.v1,0.6682580834515482
Glyma.13G078000.Wm82.a4.v1,0.6682238419018734
Glyma.08G126400.Wm82.a4.v1,0.6682042753020594
Glyma.13G269800.Wm82.a4.v1,0.6681651421024312
Glyma.06G220900.Wm82.a4.v1,0.6681602504524776
Glyma.17G009400.Wm82.a4.v1,0.6681260089028029
Glyma.06G076000.Wm82.a4.v1,0.6681015506530352
Glyma.13G110100.Wm82.a4.v1,0.6680330675536859
Glyma.02G169200.Wm82.a4.v1,0.6680086093039183
Glyma.05G005300.Wm82.a4.v1,0.6680086093039183
Glyma.13G129800.Wm82.a4.v1,0.6680037176539647
Glyma.17G053100.Wm82.a4.v1,0.6679939343540576
Glyma.05G042600.Wm82.a4.v1,0.6678814264051265
Glyma.09G031900.Wm82.a4.v1,0.6678618598053123
Glyma.09G074300.Wm82.a4.v1,0.6678276182556376
Glyma.12G010200.Wm82.a4.v1,0.6678276182556376
Glyma.10G182600.Wm82.a4.v1,0.6677835934060559
Glyma.14G129600.Wm82.a4.v1,0.6677640268062417
Glyma.13G324800.Wm82.a4.v1,0.6677591351562883
Glyma.18G154000.Wm82.a4.v1,0.667710218656753
Glyma.13G051900.Wm82.a4.v1,0.6676808687570317
Glyma.11G001800.Wm82.a4.v1,0.6676515188573106
Glyma.20G143200.Wm82.a4.v1,0.6676221689575894
Glyma.02G275500.Wm82.a4.v1,0.6675536858582399
Glyma.18G009100.Wm82.a4.v1,0.6675487942082865
Glyma.07G144500.Wm82.a4.v1,0.6675390109083794
Glyma.11G227900.Wm82.a4.v1,0.6675341192584259
Glyma.09G105300.Wm82.a4.v1,0.6675194443085652
Glyma.05G103300.Wm82.a4.v1,0.6675145526586117
Glyma.01G187200.Wm82.a4.v1,0.6674216113094947
Glyma.18G081900.Wm82.a4.v1,0.6674167196595412
Glyma.10G116800.Wm82.a4.v1,0.667397153059727
Glyma.17G118000.Wm82.a4.v1,0.6673922614097735
Glyma.02G144600.Wm82.a4.v1,0.6673922614097735
Glyma.07G199600.Wm82.a4.v1,0.667377586459913
Glyma.02G047100.Wm82.a4.v1,0.667313995010517
Glyma.17G105500.Wm82.a4.v1,0.6673091033605635
Glyma.13G179100.Wm82.a4.v1,0.667294428410703
Glyma.18G243300.Wm82.a4.v1,0.6672699701609353
Glyma.09G228900.Wm82.a4.v1,0.6672357286112606
Glyma.12G157700.Wm82.a4.v1,0.6672259453113535
Glyma.19G075600.Wm82.a4.v1,0.6672161620114465
Glyma.09G063400.Wm82.a4.v1,0.6672161620114465
Glyma.20G131000.Wm82.a4.v1,0.6671574622120041
Glyma.09G191400.Wm82.a4.v1,0.6671232206623294
Glyma.13G116000.Wm82.a4.v1,0.6671036540625153
Glyma.20G209400.Wm82.a4.v1,0.6670840874627012
Glyma.02G061000.Wm82.a4.v1,0.6670694125128406
Glyma.09G248800.Wm82.a4.v1,0.6670694125128406
Glyma.11G255600.Wm82.a4.v1,0.6670596292129335
Glyma.03G094300.Wm82.a4.v1,0.6670498459130265
Glyma.04G232700.Wm82.a4.v1,0.6670498459130265
Glyma.10G016300.Wm82.a4.v1,0.6670302793132123
Glyma.01G000900.Wm82.a4.v1,0.6670204960133053
Glyma.13G137300.Wm82.a4.v1,0.6670009294134912
Glyma.09G277400.Wm82.a4.v1,0.6669960377635377
Glyma.13G330200.Wm82.a4.v1,0.6669862544636306
Glyma.05G246700.Wm82.a4.v1,0.666961796213863
Glyma.02G277200.Wm82.a4.v1,0.6669520129139559
Glyma.08G187100.Wm82.a4.v1,0.6669471212640024
Glyma.12G191100.Wm82.a4.v1,0.6669275546641882
Glyma.10G201500.Wm82.a4.v1,0.6668541799148853
Glyma.19G205700.Wm82.a4.v1,0.6668492882649317
Glyma.18G001100.Wm82.a4.v1,0.6668101550653035
Glyma.11G124100.Wm82.a4.v1,0.666731888666047
Glyma.20G144400.Wm82.a4.v1,0.6666242723670694
Glyma.11G102200.Wm82.a4.v1,0.6666144890671624
Glyma.04G256600.Wm82.a4.v1,0.6665998141173017
Glyma.05G012500.Wm82.a4.v1,0.66655578926772
Glyma.01G129400.Wm82.a4.v1,0.6665313310179524
Glyma.03G018800.Wm82.a4.v1,0.6665215477180453
Glyma.04G086800.Wm82.a4.v1,0.6665117644181382
Glyma.07G207700.Wm82.a4.v1,0.6665117644181382
Glyma.13G058700.Wm82.a4.v1,0.66647263121851
Glyma.12G230900.Wm82.a4.v1,0.6664530646186959
Glyma.20G074000.Wm82.a4.v1,0.6664139314190677
Glyma.19G170100.Wm82.a4.v1,0.6664041481191606
Glyma.09G192200.Wm82.a4.v1,0.6663992564692071
Glyma.07G119500.Wm82.a4.v1,0.6663503399696717
Glyma.17G147700.Wm82.a4.v1,0.6663405566697647
Glyma.08G084500.Wm82.a4.v1,0.6663356650198112
Glyma.14G089090.Wm82.a4.v1,0.66630631512009
Glyma.06G109600.Wm82.a4.v1,0.6663014234701364
Glyma.02G168300.Wm82.a4.v1,0.6662720735704153
Glyma.08G232700.Wm82.a4.v1,0.6662427236706941
Glyma.13G244400.Wm82.a4.v1,0.6662378320207406
Glyma.19G221000.Wm82.a4.v1,0.6662035904710659
Glyma.14G062600.Wm82.a4.v1,0.6661986988211124
Glyma.02G158100.Wm82.a4.v1,0.6661986988211124
Glyma.09G252300.Wm82.a4.v1,0.6661008658220418
Glyma.09G210200.Wm82.a4.v1,0.6660079244729247
Glyma.13G319200.Wm82.a4.v1,0.6659834662231571
Glyma.18G034600.Wm82.a4.v1,0.6659638996233429
Glyma.19G257700.Wm82.a4.v1,0.6659149831238077
Glyma.09G206900.Wm82.a4.v1,0.6659100914738542
Glyma.11G039800.Wm82.a4.v1,0.6657682336252018
Glyma.07G079700.Wm82.a4.v1,0.6657682336252018
Glyma.15G272400.Wm82.a4.v1,0.6657339920755271
Glyma.01G208100.Wm82.a4.v1,0.6657339920755271
Glyma.16G096700.Wm82.a4.v1,0.6657291004255735
Glyma.14G163000.Wm82.a4.v1,0.66564105072641
Glyma.03G124300.Wm82.a4.v1,0.6656263757765495
Glyma.12G086700.Wm82.a4.v1,0.6655970258768282
Glyma.17G123700.Wm82.a4.v1,0.6655774592770142
Glyma.14G026400.Wm82.a4.v1,0.6655676759771071
Glyma.18G065600.Wm82.a4.v1,0.6655676759771071
Glyma.20G101200.Wm82.a4.v1,0.6655334344274324
Glyma.15G107700.Wm82.a4.v1,0.6655334344274324
Glyma.18G300200.Wm82.a4.v1,0.6655138678276182
Glyma.16G065900.Wm82.a4.v1,0.6654991928777577
Glyma.06G009900.Wm82.a4.v1,0.6654845179278971
Glyma.14G221800.Wm82.a4.v1,0.6654796262779435
Glyma.15G257500.Wm82.a4.v1,0.6654453847282689
Glyma.16G004400.Wm82.a4.v1,0.66539157657878
Glyma.07G035800.Wm82.a4.v1,0.6653866849288265
Glyma.06G142700.Wm82.a4.v1,0.6653817932788729
Glyma.02G287000.Wm82.a4.v1,0.6653671183290124
Glyma.13G249800.Wm82.a4.v1,0.6653524433791518
Glyma.11G091000.Wm82.a4.v1,0.6653377684292912
Glyma.02G206500.Wm82.a4.v1,0.6653035268796165
Glyma.18G231900.Wm82.a4.v1,0.6652986352296629
Glyma.14G005100.Wm82.a4.v1,0.665288851929756
Glyma.01G172300.Wm82.a4.v1,0.6652741769798953
Glyma.03G145200.Wm82.a4.v1,0.6652692853299418
Glyma.18G046800.Wm82.a4.v1,0.6652595020300347
Glyma.10G171500.Wm82.a4.v1,0.6652399354302206
Glyma.19G100200.Wm82.a4.v1,0.6652154771804529
Glyma.07G104250.Wm82.a4.v1,0.6652154771804529
Glyma.06G140200.Wm82.a4.v1,0.6651861272807318
Glyma.03G142600.Wm82.a4.v1,0.6651812356307782
Glyma.11G152960.Wm82.a4.v1,0.6651665606809177
Glyma.20G245900.Wm82.a4.v1,0.6651518857310571
Glyma.01G019900.Wm82.a4.v1,0.6651469940811036
Glyma.10G003600.Wm82.a4.v1,0.66514210243115
Glyma.02G034900.Wm82.a4.v1,0.66514210243115
Glyma.09G255100.Wm82.a4.v1,0.66514210243115
Glyma.02G195600.Wm82.a4.v1,0.6651323191312429
Glyma.10G070700.Wm82.a4.v1,0.6650931859316147
Glyma.03G008500.Wm82.a4.v1,0.6650491610820329
Glyma.03G141700.Wm82.a4.v1,0.6650491610820329
Glyma.02G094400.Wm82.a4.v1,0.6650442694320794
Glyma.15G060600.Wm82.a4.v1,0.6650295944822189
Glyma.15G039800.Wm82.a4.v1,0.6649855696326371
Glyma.19G168500.Wm82.a4.v1,0.6649806779826836
Glyma.12G190800.Wm82.a4.v1,0.6649635572078462
Glyma.10G082900.Wm82.a4.v1,0.6649366531331018
Glyma.17G091500.Wm82.a4.v1,0.6649073032333807
Glyma.14G062500.Wm82.a4.v1,0.6649073032333807
Glyma.13G106900.Wm82.a4.v1,0.6648486034339383
Glyma.18G250700.Wm82.a4.v1,0.6648290368341242
Glyma.17G101800.Wm82.a4.v1,0.6648241451841707
Glyma.12G005300.Wm82.a4.v1,0.6647703370346818
Glyma.12G210300.Wm82.a4.v1,0.6647556620848212
Glyma.15G003900.Wm82.a4.v1,0.6647556620848212
Glyma.06G155500.Wm82.a4.v1,0.6647360954850071
Glyma.05G016700.Wm82.a4.v1,0.6647214205351465
Glyma.02G116100.Wm82.a4.v1,0.6646676123856576
Glyma.04G000700.Wm82.a4.v1,0.6646578290857507
Glyma.17G245700.Wm82.a4.v1,0.6646529374357971
Glyma.18G037300.Wm82.a4.v1,0.6646480457858436
Glyma.03G100800.Wm82.a4.v1,0.664633370835983
Glyma.07G195200.Wm82.a4.v1,0.6645844543364476
Glyma.11G076600.Wm82.a4.v1,0.6645648877366336
Glyma.15G242900.Wm82.a4.v1,0.6645648877366336
Glyma.19G176100.Wm82.a4.v1,0.6645404294868659
Glyma.12G089000.Wm82.a4.v1,0.6645159712370983
Glyma.18G155900.Wm82.a4.v1,0.6644866213373771
Glyma.05G117500.Wm82.a4.v1,0.66447683803747
Glyma.18G201600.Wm82.a4.v1,0.6644572714376559
Glyma.03G156000.Wm82.a4.v1,0.6644425964877954
Glyma.03G225602.Wm82.a4.v1,0.66439367998826
Glyma.19G051500.Wm82.a4.v1,0.6643790050383994
Glyma.09G003000.Wm82.a4.v1,0.6643545467886318
Glyma.19G260200.Wm82.a4.v1,0.6643349801888176
Glyma.02G307200.Wm82.a4.v1,0.6642909553392359
Glyma.18G080700.Wm82.a4.v1,0.6642762803893754
Glyma.17G025600.Wm82.a4.v1,0.6642713887394218
Glyma.20G139700.Wm82.a4.v1,0.6642567137895612
Glyma.06G276100.Wm82.a4.v1,0.6642567137895612
Glyma.18G197600.Wm82.a4.v1,0.6642518221396077
Glyma.13G058900.Wm82.a4.v1,0.6642518221396077
Glyma.04G022620.Wm82.a4.v1,0.6642322555397936
Glyma.08G101200.Wm82.a4.v1,0.66422736388984
Glyma.20G192500.Wm82.a4.v1,0.6642029056400724
Glyma.20G195200.Wm82.a4.v1,0.6641784473903047
Glyma.08G132300.Wm82.a4.v1,0.664134422540723
Glyma.02G007000.Wm82.a4.v1,0.6641148559409089
Glyma.01G067000.Wm82.a4.v1,0.6641050726410018
Glyma.09G225400.Wm82.a4.v1,0.6640708310913271
Glyma.16G205300.Wm82.a4.v1,0.6639974563420241
Glyma.04G176900.Wm82.a4.v1,0.6639191899427677
Glyma.20G178100.Wm82.a4.v1,0.6638996233429536
Glyma.15G268700.Wm82.a4.v1,0.6638947316930001
Glyma.19G201800.Wm82.a4.v1,0.6638507068434183
Glyma.05G077300.Wm82.a4.v1,0.6638360318935577
Glyma.16G156400.Wm82.a4.v1,0.6637968986939294
Glyma.06G113400.Wm82.a4.v1,0.6637088489947659
Glyma.20G009100.Wm82.a4.v1,0.6636746074450912
Glyma.02G098100.Wm82.a4.v1,0.6636550408452772
Glyma.02G173000.Wm82.a4.v1,0.6636452575453701
Glyma.01G245400.Wm82.a4.v1,0.663635474245463
Glyma.11G003200.Wm82.a4.v1,0.6636207992956024
Glyma.08G044900.Wm82.a4.v1,0.6636061243457418
Glyma.08G351200.Wm82.a4.v1,0.6635767744460206
Glyma.05G240800.Wm82.a4.v1,0.663552316196253
Glyma.01G037900.Wm82.a4.v1,0.663552316196253
Glyma.03G242400.Wm82.a4.v1,0.6635474245462994
Glyma.14G194500.Wm82.a4.v1,0.6635278579464854
Glyma.08G095200.Wm82.a4.v1,0.6635131829966248
Glyma.17G255100.Wm82.a4.v1,0.6635082913466712
Glyma.15G126800.Wm82.a4.v1,0.6634985080467641
Glyma.09G025700.Wm82.a4.v1,0.6634789414469501
Glyma.13G138900.Wm82.a4.v1,0.6634740497969965
Glyma.19G233500.Wm82.a4.v1,0.6634740497969965
Glyma.16G175400.Wm82.a4.v1,0.6633713251479724
Glyma.04G162800.Wm82.a4.v1,0.6633419752482512
Glyma.19G109500.Wm82.a4.v1,0.6633175169984836
Glyma.20G072400.Wm82.a4.v1,0.6632881670987624
Glyma.12G235000.Wm82.a4.v1,0.6632637088489948
Glyma.16G156100.Wm82.a4.v1,0.6632392505992272
Glyma.17G002600.Wm82.a4.v1,0.6632392505992272
Glyma.02G304000.Wm82.a4.v1,0.6632343589492736
Glyma.13G057800.Wm82.a4.v1,0.6632245756493665
Glyma.18G151700.Wm82.a4.v1,0.6632147923494595
Glyma.14G075000.Wm82.a4.v1,0.6632050090495524
Glyma.02G299000.Wm82.a4.v1,0.6631658758499241
Glyma.11G142300.Wm82.a4.v1,0.6631560925500172
Glyma.06G166300.Wm82.a4.v1,0.6631560925500172
Glyma.10G240700.Wm82.a4.v1,0.6631463092501101
Glyma.13G363900.Wm82.a4.v1,0.6631463092501101
Glyma.17G144100.Wm82.a4.v1,0.6631218510003424
Glyma.06G000500.Wm82.a4.v1,0.6631120677004354
Glyma.16G054200.Wm82.a4.v1,0.6630925011006212
Glyma.02G078500.Wm82.a4.v1,0.6630729345008072
Glyma.06G000800.Wm82.a4.v1,0.6630729345008072
Glyma.16G168300.Wm82.a4.v1,0.6630582595509465
Glyma.06G178400.Wm82.a4.v1,0.6630191263513183
Glyma.10G002100.Wm82.a4.v1,0.6630142347013648
Glyma.02G216100.Wm82.a4.v1,0.6630093430514112
Glyma.19G060200.Wm82.a4.v1,0.6630093430514112
Glyma.20G082450.Wm82.a4.v1,0.6630044514014577
Glyma.18G129700.Wm82.a4.v1,0.6630044514014577
Glyma.06G275600.Wm82.a4.v1,0.6629995597515042
Glyma.12G006700.Wm82.a4.v1,0.6629555349019224
Glyma.07G084000.Wm82.a4.v1,0.6629457516020154
Glyma.15G012900.Wm82.a4.v1,0.6629164017022942
Glyma.13G148000.Wm82.a4.v1,0.6628723768527124
Glyma.16G072600.Wm82.a4.v1,0.6628332436530842
Glyma.11G234700.Wm82.a4.v1,0.6628332436530842
Glyma.16G099800.Wm82.a4.v1,0.6628185687032236
Glyma.02G309600.Wm82.a4.v1,0.6627941104534559
Glyma.06G061600.Wm82.a4.v1,0.6627598689037812
Glyma.15G028000.Wm82.a4.v1,0.6627256273541066
Glyma.13G245500.Wm82.a4.v1,0.662720735704153
Glyma.05G062900.Wm82.a4.v1,0.6626326860049895
Glyma.15G035100.Wm82.a4.v1,0.6625935528053613
Glyma.06G086200.Wm82.a4.v1,0.6625446363058259
Glyma.13G150700.Wm82.a4.v1,0.6625446363058259
Glyma.07G195000.Wm82.a4.v1,0.6625299613559653
Glyma.10G127700.Wm82.a4.v1,0.6625250697060119
Glyma.15G094900.Wm82.a4.v1,0.6625152864061048
Glyma.18G232900.Wm82.a4.v1,0.6625103947561513
Glyma.17G131500.Wm82.a4.v1,0.6625055031061977
Glyma.11G020900.Wm82.a4.v1,0.6624663699065695
Glyma.06G095300.Wm82.a4.v1,0.6624614782566159
Glyma.18G173200.Wm82.a4.v1,0.6624516949567089
Glyma.17G234900.Wm82.a4.v1,0.6624272367069413
Glyma.04G247200.Wm82.a4.v1,0.6623929951572666
Glyma.06G195700.Wm82.a4.v1,0.6623929951572666
Glyma.05G158000.Wm82.a4.v1,0.6623685369074989
Glyma.02G212700.Wm82.a4.v1,0.6623587536075919
Glyma.03G105400.Wm82.a4.v1,0.6623538619576383
Glyma.18G216400.Wm82.a4.v1,0.6623538619576383
Glyma.05G122900.Wm82.a4.v1,0.662346524482708
Glyma.10G257600.Wm82.a4.v1,0.6623391870077777
Glyma.06G111100.Wm82.a4.v1,0.6623098371080566
Glyma.16G218800.Wm82.a4.v1,0.662304945458103
Glyma.07G159900.Wm82.a4.v1,0.662295162158196
Glyma.17G062300.Wm82.a4.v1,0.6622755955583819
Glyma.18G155200.Wm82.a4.v1,0.6622755955583819
Glyma.14G085900.Wm82.a4.v1,0.6621924375091719
Glyma.17G260500.Wm82.a4.v1,0.6621777625593113
Glyma.08G047200.Wm82.a4.v1,0.6621581959594971
Glyma.19G064700.Wm82.a4.v1,0.6621435210096366
Glyma.10G224051.Wm82.a4.v1,0.6621141711099153
Glyma.01G166600.Wm82.a4.v1,0.6621092794599619
Glyma.08G145700.Wm82.a4.v1,0.6620603629604266
Glyma.10G258700.Wm82.a4.v1,0.6620603629604266
Glyma.17G259000.Wm82.a4.v1,0.6620310130607053
Glyma.09G066300.Wm82.a4.v1,0.6620163381108448
Glyma.16G075400.Wm82.a4.v1,0.6619918798610771
Glyma.08G224300.Wm82.a4.v1,0.661972313261263
Glyma.17G081200.Wm82.a4.v1,0.661962529961356
Glyma.07G189000.Wm82.a4.v1,0.6619576383114024
Glyma.06G305900.Wm82.a4.v1,0.6619429633615419
Glyma.05G001000.Wm82.a4.v1,0.6619233967617277
Glyma.13G091200.Wm82.a4.v1,0.6619185051117742
Glyma.19G216400.Wm82.a4.v1,0.6619087218118671
Glyma.02G216500.Wm82.a4.v1,0.6618842635620995
Glyma.17G150200.Wm82.a4.v1,0.6618598053123318
Glyma.12G231400.Wm82.a4.v1,0.6618500220124248
Glyma.17G240500.Wm82.a4.v1,0.6618304554126107
Glyma.10G035300.Wm82.a4.v1,0.6618157804627501
Glyma.13G113400.Wm82.a4.v1,0.6618011055128895
Glyma.09G227600.Wm82.a4.v1,0.661722839113633
Glyma.04G251200.Wm82.a4.v1,0.6617081641637724
Glyma.01G121400.Wm82.a4.v1,0.6616543560142836
Glyma.08G171800.Wm82.a4.v1,0.6616445727143766
Glyma.09G000700.Wm82.a4.v1,0.6616396810644231
Glyma.08G034400.Wm82.a4.v1,0.6615614146651666
Glyma.18G240900.Wm82.a4.v1,0.6615565230152131
Glyma.17G004400.Wm82.a4.v1,0.6615369564153989
Glyma.13G076700.Wm82.a4.v1,0.6615271731154918
Glyma.05G062300.Wm82.a4.v1,0.6614978232157707
Glyma.03G058200.Wm82.a4.v1,0.6614880399158636
Glyma.05G130300.Wm82.a4.v1,0.6614880399158636
Glyma.13G217600.Wm82.a4.v1,0.66148314826591
Glyma.06G039600.Wm82.a4.v1,0.6614758107909798
Glyma.05G086900.Wm82.a4.v1,0.661463581666096
Glyma.12G064400.Wm82.a4.v1,0.6614489067162354
Glyma.11G043300.Wm82.a4.v1,0.6614489067162354
Glyma.19G154600.Wm82.a4.v1,0.6614244484664678
Glyma.18G092900.Wm82.a4.v1,0.6614048818666536
Glyma.03G247400.Wm82.a4.v1,0.6613999902167
Glyma.10G083700.Wm82.a4.v1,0.6613853152668395
Glyma.16G128300.Wm82.a4.v1,0.6613412904172578
Glyma.07G036100.Wm82.a4.v1,0.6612776989678618
Glyma.05G227700.Wm82.a4.v1,0.6612630240180013
Glyma.02G148900.Wm82.a4.v1,0.6612630240180013
Glyma.02G186100.Wm82.a4.v1,0.6612532407180942
Glyma.14G118300.Wm82.a4.v1,0.6612434574181871
Glyma.01G178100.Wm82.a4.v1,0.6612385657682336
Glyma.13G241100.Wm82.a4.v1,0.66123367411828
Glyma.08G343200.Wm82.a4.v1,0.6612238908183731
Glyma.11G226500.Wm82.a4.v1,0.6611847576187448
Glyma.03G216300.Wm82.a4.v1,0.6611749743188378
Glyma.20G238400.Wm82.a4.v1,0.6611358411192095
Glyma.02G283000.Wm82.a4.v1,0.6611064912194883
Glyma.02G229900.Wm82.a4.v1,0.6610771413197671
Glyma.19G053100.Wm82.a4.v1,0.6610331164701854
Glyma.12G147200.Wm82.a4.v1,0.6610282248202318
Glyma.07G015500.Wm82.a4.v1,0.6610184415203249
Glyma.03G073704.Wm82.a4.v1,0.6610184415203249
Glyma.08G094700.Wm82.a4.v1,0.6609890916206036
Glyma.16G170500.Wm82.a4.v1,0.6609303918211613
Glyma.18G185200.Wm82.a4.v1,0.6609108252213471
Glyma.16G167900.Wm82.a4.v1,0.6608863669715795
Glyma.07G030900.Wm82.a4.v1,0.6608619087218118
Glyma.14G026300.Wm82.a4.v1,0.6608619087218118
Glyma.03G031900.Wm82.a4.v1,0.6608521254219049
Glyma.13G072500.Wm82.a4.v1,0.6608472337719513
Glyma.07G023500.Wm82.a4.v1,0.6607885339725089
Glyma.13G234000.Wm82.a4.v1,0.6607885339725089
Glyma.11G101600.Wm82.a4.v1,0.6607738590226483
Glyma.14G222100.Wm82.a4.v1,0.6607347258230201
Glyma.03G248400.Wm82.a4.v1,0.6607249425231131
Glyma.14G196200.Wm82.a4.v1,0.6607053759232989
Glyma.17G196800.Wm82.a4.v1,0.6607004842733454
Glyma.10G047500.Wm82.a4.v1,0.6606760260235778
Glyma.03G223100.Wm82.a4.v1,0.6606662427236707
Glyma.11G126200.Wm82.a4.v1,0.6606564594237636
Glyma.12G023500.Wm82.a4.v1,0.6605830846744607
Glyma.16G182100.Wm82.a4.v1,0.6605781930245072
Glyma.02G076000.Wm82.a4.v1,0.6605781930245072
Glyma.11G078800.Wm82.a4.v1,0.6605537347747396
Glyma.19G082300.Wm82.a4.v1,0.6605390598248789
Glyma.17G228300.Wm82.a4.v1,0.6605341681749254
Glyma.18G292800.Wm82.a4.v1,0.6605194932250649
Glyma.18G086000.Wm82.a4.v1,0.6604754683754831
Glyma.18G145300.Wm82.a4.v1,0.6604705767255296
Glyma.14G068500.Wm82.a4.v1,0.6604412268258083
Glyma.03G073710.Wm82.a4.v1,0.6604314435259013
Glyma.03G028300.Wm82.a4.v1,0.6604216602259942
Glyma.03G260500.Wm82.a4.v1,0.6604192144010175
Glyma.10G231300.Wm82.a4.v1,0.6604167685760407
Glyma.17G054900.Wm82.a4.v1,0.6603972019762265
Glyma.12G014800.Wm82.a4.v1,0.6603874186763196
Glyma.16G103500.Wm82.a4.v1,0.6603678520765054
Glyma.20G051500.Wm82.a4.v1,0.6603482854766913
Glyma.20G024500.Wm82.a4.v1,0.6603336105268307
Glyma.03G185200.Wm82.a4.v1,0.6603238272269236
Glyma.14G174400.Wm82.a4.v1,0.6603238272269236
Glyma.19G248700.Wm82.a4.v1,0.660299368977156
Glyma.12G209700.Wm82.a4.v1,0.6602944773272025
Glyma.19G187100.Wm82.a4.v1,0.6602700190774348
Glyma.20G177900.Wm82.a4.v1,0.6602357775277601
Glyma.12G203700.Wm82.a4.v1,0.6601917526781783
Glyma.18G230900.Wm82.a4.v1,0.6601868610282248
Glyma.13G216800.Wm82.a4.v1,0.6601624027784572
Glyma.08G112300.Wm82.a4.v1,0.6601477278285965
Glyma.04G009000.Wm82.a4.v1,0.6601159321038986
Glyma.02G292300.Wm82.a4.v1,0.6601134862789219
Glyma.05G249100.Wm82.a4.v1,0.6600694614293401
Glyma.09G077500.Wm82.a4.v1,0.6600107616298978
Glyma.10G004100.Wm82.a4.v1,0.6599814117301765
Glyma.14G079500.Wm82.a4.v1,0.6599716284302696
Glyma.14G012200.Wm82.a4.v1,0.659956953480409
Glyma.20G190300.Wm82.a4.v1,0.6599471701805019
Glyma.08G024200.Wm82.a4.v1,0.6599080369808736
Glyma.12G073300.Wm82.a4.v1,0.6599080369808736
Glyma.01G220000.Wm82.a4.v1,0.659873795431199
Glyma.06G033300.Wm82.a4.v1,0.6598689037812454
Glyma.13G367000.Wm82.a4.v1,0.6598542288313848
Glyma.10G243400.Wm82.a4.v1,0.6598493371814314
Glyma.13G047900.Wm82.a4.v1,0.6598493371814314
Glyma.07G223400.Wm82.a4.v1,0.6598199872817101
Glyma.17G245800.Wm82.a4.v1,0.6598199872817101
Glyma.10G108502.Wm82.a4.v1,0.659800420681896
Glyma.01G208700.Wm82.a4.v1,0.6597808540820819
Glyma.14G038000.Wm82.a4.v1,0.6597661791322214
Glyma.20G159100.Wm82.a4.v1,0.659707479332779
Glyma.18G176200.Wm82.a4.v1,0.6596634544831972
Glyma.13G341700.Wm82.a4.v1,0.6596585628332436
Glyma.09G211000.Wm82.a4.v1,0.6596585628332436
Glyma.14G020200.Wm82.a4.v1,0.6596536711832901
Glyma.12G008000.Wm82.a4.v1,0.6596389962334296
Glyma.06G275800.Wm82.a4.v1,0.6595802964339872
Glyma.20G004400.Wm82.a4.v1,0.6595656214841266
Glyma.08G233500.Wm82.a4.v1,0.659550946534266
Glyma.03G198400.Wm82.a4.v1,0.6595313799344519
Glyma.13G059100.Wm82.a4.v1,0.6595020300347307
Glyma.20G085800.Wm82.a4.v1,0.659477571784963
Glyma.18G059900.Wm82.a4.v1,0.6594628968351025
Glyma.08G315800.Wm82.a4.v1,0.6594335469353813
Glyma.19G109000.Wm82.a4.v1,0.6594139803355672
Glyma.12G195800.Wm82.a4.v1,0.6593993053857066
Glyma.15G099100.Wm82.a4.v1,0.6593699554859854
Glyma.10G151900.Wm82.a4.v1,0.6593552805361248
Glyma.19G250800.Wm82.a4.v1,0.6592965807366825
Glyma.15G181000.Wm82.a4.v1,0.6592819057868219
Glyma.20G150500.Wm82.a4.v1,0.6592427725871937
Glyma.06G239900.Wm82.a4.v1,0.659208531037519
Glyma.18G096300.Wm82.a4.v1,0.659144939588123
Glyma.17G074600.Wm82.a4.v1,0.6591400479381695
Glyma.05G198300.Wm82.a4.v1,0.659125372988309
Glyma.08G269700.Wm82.a4.v1,0.6590666731888666
Glyma.02G173200.Wm82.a4.v1,0.659061781538913
Glyma.08G230800.Wm82.a4.v1,0.6590568898889595
Glyma.06G150100.Wm82.a4.v1,0.6590177566893313
Glyma.04G078700.Wm82.a4.v1,0.6590177566893313
Glyma.17G007400.Wm82.a4.v1,0.6589639485398425
Glyma.19G263600.Wm82.a4.v1,0.6589492735899819
Glyma.09G030000.Wm82.a4.v1,0.6589394902900748
Glyma.19G092300.Wm82.a4.v1,0.6589003570904466
Glyma.19G147900.Wm82.a4.v1,0.6589003570904466
Glyma.13G111600.Wm82.a4.v1,0.6588856821405861
Glyma.08G187000.Wm82.a4.v1,0.6588710071907254
Glyma.09G067000.Wm82.a4.v1,0.6588074157413295
Glyma.18G024300.Wm82.a4.v1,0.6587584992417943
Glyma.08G367100.Wm82.a4.v1,0.6586704495426308
Glyma.02G167800.Wm82.a4.v1,0.6586313163430025
Glyma.20G121000.Wm82.a4.v1,0.658626424693049
Glyma.03G250000.Wm82.a4.v1,0.6585139167441177
Glyma.06G117800.Wm82.a4.v1,0.6585139167441177
Glyma.03G066600.Wm82.a4.v1,0.6584894584943501
Glyma.10G121506.Wm82.a4.v1,0.6584552169446755
Glyma.17G067500.Wm82.a4.v1,0.6584405419948148
Glyma.07G100500.Wm82.a4.v1,0.6583916254952795
Glyma.13G365500.Wm82.a4.v1,0.6583720588954655
Glyma.04G004000.Wm82.a4.v1,0.6583524922956513
Glyma.19G120900.Wm82.a4.v1,0.6583427089957443
Glyma.08G204300.Wm82.a4.v1,0.6583133590960231
Glyma.16G147600.Wm82.a4.v1,0.6581666095974172
Glyma.15G256500.Wm82.a4.v1,0.6581568262975102
Glyma.10G255400.Wm82.a4.v1,0.658127476397789
Glyma.04G191900.Wm82.a4.v1,0.6581176930978819
Glyma.11G078200.Wm82.a4.v1,0.6580883431981608
Glyma.04G122400.Wm82.a4.v1,0.658044318348579
Glyma.09G043100.Wm82.a4.v1,0.6580296433987184
Glyma.18G213100.Wm82.a4.v1,0.6579954018490437
Glyma.10G057500.Wm82.a4.v1,0.657970943599276
Glyma.13G189400.Wm82.a4.v1,0.6579513769994619
Glyma.05G029900.Wm82.a4.v1,0.6579464853495084
Glyma.01G047100.Wm82.a4.v1,0.6579464853495084
Glyma.02G102400.Wm82.a4.v1,0.6579024604999266
Glyma.09G195100.Wm82.a4.v1,0.6577899525509955
Glyma.15G107800.Wm82.a4.v1,0.6577410360514602
Glyma.06G061100.Wm82.a4.v1,0.6576872279019713
Glyma.20G158300.Wm82.a4.v1,0.657638311402436
Glyma.01G225200.Wm82.a4.v1,0.657618744802622
Glyma.05G039500.Wm82.a4.v1,0.6575698283030866
Glyma.06G155900.Wm82.a4.v1,0.6574915619038302
Glyma.03G019300.Wm82.a4.v1,0.6574915619038302
Glyma.08G363300.Wm82.a4.v1,0.6574817786039231
Glyma.20G126500.Wm82.a4.v1,0.657462212004109
Glyma.07G230600.Wm82.a4.v1,0.6574230788044807
Glyma.18G271000.Wm82.a4.v1,0.6574035122046666
Glyma.09G069000.Wm82.a4.v1,0.6573937289047596
Glyma.07G126600.Wm82.a4.v1,0.6573741623049455
Glyma.18G235400.Wm82.a4.v1,0.6573521498801546
Glyma.05G172200.Wm82.a4.v1,0.6573399207552707
Glyma.20G020400.Wm82.a4.v1,0.6573007875556425
Glyma.05G078900.Wm82.a4.v1,0.657286112605782
Glyma.04G086000.Wm82.a4.v1,0.6571980629066184
Glyma.18G005100.Wm82.a4.v1,0.6571833879567578
Glyma.09G022100.Wm82.a4.v1,0.6571638213569437
Glyma.19G132200.Wm82.a4.v1,0.657139363107176
Glyma.13G047700.Wm82.a4.v1,0.6571295798072689
Glyma.14G076500.Wm82.a4.v1,0.6571149048574084
Glyma.06G204600.Wm82.a4.v1,0.6571002299075478
Glyma.08G135100.Wm82.a4.v1,0.6570904466076407
Glyma.08G195600.Wm82.a4.v1,0.6570415301081055
Glyma.05G021400.Wm82.a4.v1,0.657036638458152
Glyma.15G047800.Wm82.a4.v1,0.6570072885584307
Glyma.11G183300.Wm82.a4.v1,0.656973047008756
Glyma.20G235100.Wm82.a4.v1,0.6569485887589884
Glyma.12G190500.Wm82.a4.v1,0.6569388054590813
Glyma.20G244000.Wm82.a4.v1,0.6569388054590813
Glyma.05G214000.Wm82.a4.v1,0.6569363596341046
Glyma.17G229400.Wm82.a4.v1,0.6569339138091278
Glyma.06G000200.Wm82.a4.v1,0.6568458641099643
Glyma.07G013000.Wm82.a4.v1,0.656806730910336
Glyma.06G107500.Wm82.a4.v1,0.656723572861126
Glyma.20G146000.Wm82.a4.v1,0.6566893313114514
Glyma.08G104200.Wm82.a4.v1,0.6566257398620555
Glyma.05G110100.Wm82.a4.v1,0.6566159565621484
Glyma.18G286300.Wm82.a4.v1,0.6566159565621484
Glyma.20G116000.Wm82.a4.v1,0.6566012816122878
Glyma.07G218700.Wm82.a4.v1,0.6566012816122878
Glyma.08G133600.Wm82.a4.v1,0.656547473462799
Glyma.18G220400.Wm82.a4.v1,0.6565034486132172
Glyma.08G311300.Wm82.a4.v1,0.656371374064472
Glyma.10G029100.Wm82.a4.v1,0.656288216015262
Glyma.04G123900.Wm82.a4.v1,0.6562784327153549
Glyma.09G247400.Wm82.a4.v1,0.6562735410654014
Glyma.07G012300.Wm82.a4.v1,0.6562637577654943
Glyma.12G027900.Wm82.a4.v1,0.6562588661155407
Glyma.04G011900.Wm82.a4.v1,0.656224624565866
Glyma.02G113900.Wm82.a4.v1,0.6562197329159125
Glyma.13G215600.Wm82.a4.v1,0.656205057966052
Glyma.04G235500.Wm82.a4.v1,0.6561903830161914
Glyma.11G127400.Wm82.a4.v1,0.6561854913662378
Glyma.07G009800.Wm82.a4.v1,0.6561805997162843
Glyma.18G239900.Wm82.a4.v1,0.6561561414665167
Glyma.16G221200.Wm82.a4.v1,0.6561365748667025
Glyma.10G202600.Wm82.a4.v1,0.6561121166169349
Glyma.13G140700.Wm82.a4.v1,0.6560925500171207
Glyma.20G135900.Wm82.a4.v1,0.6560827667172137
Glyma.17G124400.Wm82.a4.v1,0.6560680917673531
Glyma.19G130400.Wm82.a4.v1,0.6560583084674461
Glyma.12G101500.Wm82.a4.v1,0.6560534168174925
Glyma.06G108600.Wm82.a4.v1,0.656038741867632
Glyma.07G241200.Wm82.a4.v1,0.6560338502176785
Glyma.09G277602.Wm82.a4.v1,0.6559898253680967
Glyma.11G114800.Wm82.a4.v1,0.655965367118329
Glyma.09G267400.Wm82.a4.v1,0.6558430758694908
Glyma.13G069300.Wm82.a4.v1,0.6558186176197232
Glyma.11G215500.Wm82.a4.v1,0.6557794844200949
Glyma.18G037200.Wm82.a4.v1,0.6557550261703272
Glyma.04G154500.Wm82.a4.v1,0.6557354595705132
Glyma.20G122500.Wm82.a4.v1,0.6557256762706061
Glyma.08G326800.Wm82.a4.v1,0.6557256762706061
Glyma.17G133000.Wm82.a4.v1,0.6556963263708849
Glyma.15G242200.Wm82.a4.v1,0.6556669764711637
Glyma.15G269100.Wm82.a4.v1,0.6556376265714425
Glyma.07G002500.Wm82.a4.v1,0.6556180599716285
Glyma.04G096700.Wm82.a4.v1,0.6556131683216749
Glyma.02G127700.Wm82.a4.v1,0.6556082766717214
Glyma.15G248800.Wm82.a4.v1,0.6555984933718143
Glyma.07G194200.Wm82.a4.v1,0.6555642518221396
Glyma.17G245500.Wm82.a4.v1,0.6555251186225114
Glyma.08G094100.Wm82.a4.v1,0.6554957687227903
Glyma.05G062000.Wm82.a4.v1,0.6554762021229761
Glyma.20G117100.Wm82.a4.v1,0.6554419605733014
Glyma.18G028600.Wm82.a4.v1,0.6554321772733943
Glyma.09G185600.Wm82.a4.v1,0.6554223939734872
Glyma.17G022900.Wm82.a4.v1,0.6553685858239985
Glyma.18G091900.Wm82.a4.v1,0.6553636941740449
Glyma.08G072400.Wm82.a4.v1,0.6553539108741379
Glyma.01G161600.Wm82.a4.v1,0.6553539108741379
Glyma.15G013600.Wm82.a4.v1,0.6553441275742308
Glyma.17G218800.Wm82.a4.v1,0.6553392359242772
Glyma.14G161600.Wm82.a4.v1,0.6553098860245561
Glyma.10G058900.Wm82.a4.v1,0.6553049943746025
Glyma.01G057500.Wm82.a4.v1,0.6553049943746025
Glyma.17G139200.Wm82.a4.v1,0.6552511862251137
Glyma.10G058300.Wm82.a4.v1,0.6552462945751601
Glyma.11G094700.Wm82.a4.v1,0.6552120530254855
Glyma.08G128300.Wm82.a4.v1,0.6552047155505552
Glyma.17G086000.Wm82.a4.v1,0.6551582448759967
Glyma.11G078100.Wm82.a4.v1,0.6551533532260432
Glyma.13G169300.Wm82.a4.v1,0.6551288949762755
Glyma.01G185700.Wm82.a4.v1,0.655114220026415
Glyma.17G049200.Wm82.a4.v1,0.655050628577019
Glyma.07G252000.Wm82.a4.v1,0.6549870371276232
Glyma.03G195800.Wm82.a4.v1,0.654967470527809
Glyma.13G246400.Wm82.a4.v1,0.6549332289781343
Glyma.02G128500.Wm82.a4.v1,0.6548549625788779
Glyma.07G060800.Wm82.a4.v1,0.654842733453994
Glyma.08G281400.Wm82.a4.v1,0.6548305043291102
Glyma.03G243400.Wm82.a4.v1,0.6548109377292961
Glyma.07G080900.Wm82.a4.v1,0.6547864794795284
Glyma.02G119000.Wm82.a4.v1,0.6547864794795284
Glyma.06G122500.Wm82.a4.v1,0.6547864794795284
Glyma.09G183800.Wm82.a4.v1,0.6547864794795284
Glyma.20G078300.Wm82.a4.v1,0.6547424546299467
Glyma.16G046900.Wm82.a4.v1,0.6547326713300397
Glyma.01G010500.Wm82.a4.v1,0.6546592965807366
Glyma.17G016200.Wm82.a4.v1,0.6545810301814802
Glyma.19G037500.Wm82.a4.v1,0.6545712468815732
Glyma.05G223900.Wm82.a4.v1,0.6545370053318984
Glyma.01G184400.Wm82.a4.v1,0.6544538472826884
Glyma.07G206300.Wm82.a4.v1,0.6544391723328279
Glyma.07G084700.Wm82.a4.v1,0.6543560142836179
Glyma.20G062400.Wm82.a4.v1,0.654292422834222
Glyma.19G119800.Wm82.a4.v1,0.6542777478843614
Glyma.09G230400.Wm82.a4.v1,0.6542679645844544
Glyma.10G231200.Wm82.a4.v1,0.6542337230347797
Glyma.07G227400.Wm82.a4.v1,0.6542239397348726
Glyma.16G085300.Wm82.a4.v1,0.6542141564349655
Glyma.19G087200.Wm82.a4.v1,0.6541848065352444
Glyma.14G192900.Wm82.a4.v1,0.654126106735802
Glyma.15G209600.Wm82.a4.v1,0.6541114317859414
Glyma.12G165000.Wm82.a4.v1,0.654042948686592
Glyma.13G184600.Wm82.a4.v1,0.654042948686592
Glyma.06G315900.Wm82.a4.v1,0.6540380570366384
Glyma.05G171900.Wm82.a4.v1,0.6540087071369173
Glyma.04G021900.Wm82.a4.v1,0.6539989238370102
Glyma.08G054800.Wm82.a4.v1,0.6539206574377537
Glyma.14G132000.Wm82.a4.v1,0.6539157657878002
Glyma.04G156900.Wm82.a4.v1,0.6538815242381255
Glyma.13G061700.Wm82.a4.v1,0.653876632588172
Glyma.03G088100.Wm82.a4.v1,0.6538668492882649
Glyma.08G082000.Wm82.a4.v1,0.6538570659883579
Glyma.14G197800.Wm82.a4.v1,0.6538472826884508
Glyma.20G245600.Wm82.a4.v1,0.6538472826884508
Glyma.02G248400.Wm82.a4.v1,0.6538374993885437
Glyma.12G230000.Wm82.a4.v1,0.6538130411387761
Glyma.02G141600.Wm82.a4.v1,0.6537739079391479
Glyma.17G245900.Wm82.a4.v1,0.6537739079391479
Glyma.09G173000.Wm82.a4.v1,0.6537005331898449
Glyma.04G015100.Wm82.a4.v1,0.6536907498899379
Glyma.04G094300.Wm82.a4.v1,0.6536711832901237
Glyma.02G085200.Wm82.a4.v1,0.6536418333904026
Glyma.20G159500.Wm82.a4.v1,0.6534999755417502
Glyma.05G104900.Wm82.a4.v1,0.6534559506921684
Glyma.09G244800.Wm82.a4.v1,0.6534168174925402
Glyma.17G176200.Wm82.a4.v1,0.6533923592427726
Glyma.04G207300.Wm82.a4.v1,0.653377684292912
Glyma.02G101700.Wm82.a4.v1,0.6533581176930979
Glyma.17G100600.Wm82.a4.v1,0.6533581176930979
Glyma.15G236700.Wm82.a4.v1,0.6533336594433302
Glyma.01G064900.Wm82.a4.v1,0.6533287677933767
Glyma.05G146500.Wm82.a4.v1,0.6532798512938414
Glyma.07G019900.Wm82.a4.v1,0.6532651763439808
Glyma.06G201800.Wm82.a4.v1,0.6532407180942131
Glyma.20G157800.Wm82.a4.v1,0.6532260431443526
Glyma.06G021600.Wm82.a4.v1,0.6532211514943991
Glyma.20G106300.Wm82.a4.v1,0.6531918015946779
Glyma.03G245000.Wm82.a4.v1,0.6531869099447244
Glyma.19G242400.Wm82.a4.v1,0.6531575600450031
Glyma.13G269600.Wm82.a4.v1,0.6531575600450031
Glyma.10G149600.Wm82.a4.v1,0.6531233184953285
Glyma.15G136400.Wm82.a4.v1,0.6530939685956073
Glyma.04G140400.Wm82.a4.v1,0.6530939685956073
Glyma.17G026500.Wm82.a4.v1,0.6530890769456538
Glyma.11G140900.Wm82.a4.v1,0.6530744019957931
Glyma.15G068100.Wm82.a4.v1,0.6530744019957931
Glyma.08G148500.Wm82.a4.v1,0.6530205938463044
Glyma.18G114800.Wm82.a4.v1,0.6530157021963509
Glyma.06G196300.Wm82.a4.v1,0.6529521107469549
Glyma.14G104900.Wm82.a4.v1,0.6529178691972802
Glyma.15G190200.Wm82.a4.v1,0.6528885192975591
Glyma.08G196700.Wm82.a4.v1,0.6528396027980238
Glyma.12G209200.Wm82.a4.v1,0.6528298194981167
Glyma.18G260200.Wm82.a4.v1,0.6528249278481632
Glyma.04G200800.Wm82.a4.v1,0.6528249278481632
Glyma.01G063600.Wm82.a4.v1,0.652795577948442
Glyma.13G363500.Wm82.a4.v1,0.6527906862984885
Glyma.08G076400.Wm82.a4.v1,0.6527809029985814
Glyma.08G078300.Wm82.a4.v1,0.6527270948490926
Glyma.19G196100.Wm82.a4.v1,0.6526194785501149
Glyma.02G086200.Wm82.a4.v1,0.6526096952502078
Glyma.03G173600.Wm82.a4.v1,0.6526048036002544
Glyma.06G290800.Wm82.a4.v1,0.6526048036002544
Glyma.04G252600.Wm82.a4.v1,0.6525901286503938
Glyma.01G169400.Wm82.a4.v1,0.6525558871007191
Glyma.08G173200.Wm82.a4.v1,0.6525265372009978
Glyma.14G075300.Wm82.a4.v1,0.6524971873012767
Glyma.16G068900.Wm82.a4.v1,0.6524825123514161
Glyma.18G153800.Wm82.a4.v1,0.6524727290515091
Glyma.17G023300.Wm82.a4.v1,0.6524678374015556
Glyma.06G232100.Wm82.a4.v1,0.652462945751602
Glyma.06G069300.Wm82.a4.v1,0.6524384875018344
Glyma.08G251400.Wm82.a4.v1,0.6524091376021132
Glyma.18G018600.Wm82.a4.v1,0.652379787702392
Glyma.10G140500.Wm82.a4.v1,0.6523357628528103
Glyma.02G097600.Wm82.a4.v1,0.6522844005282982
Glyma.13G268402.Wm82.a4.v1,0.6522477131536467
Glyma.18G151900.Wm82.a4.v1,0.6522477131536467
Glyma.11G242000.Wm82.a4.v1,0.6522428215036932
Glyma.18G279000.Wm82.a4.v1,0.6522330382037861
Glyma.17G020700.Wm82.a4.v1,0.6521987966541114
Glyma.06G131100.Wm82.a4.v1,0.6521694467543903
Glyma.10G279400.Wm82.a4.v1,0.6521694467543903
Glyma.10G243500.Wm82.a4.v1,0.6521498801545761
Glyma.06G231200.Wm82.a4.v1,0.6520911803551338
Glyma.19G061100.Wm82.a4.v1,0.6520667221053661
Glyma.07G007600.Wm82.a4.v1,0.652047155505552
Glyma.08G119700.Wm82.a4.v1,0.6520031306559703
Glyma.20G037400.Wm82.a4.v1,0.6519835640561561
Glyma.18G220900.Wm82.a4.v1,0.651963997456342
Glyma.17G143000.Wm82.a4.v1,0.651954214156435
Glyma.15G079600.Wm82.a4.v1,0.6519150809568067
Glyma.19G166500.Wm82.a4.v1,0.6518955143569927
Glyma.05G084300.Wm82.a4.v1,0.6518465978574574
Glyma.14G092800.Wm82.a4.v1,0.6518465978574574
Glyma.13G359800.Wm82.a4.v1,0.6518319229075967
Glyma.08G026500.Wm82.a4.v1,0.6518319229075967
Glyma.05G185900.Wm82.a4.v1,0.6518221396076896
Glyma.12G108200.Wm82.a4.v1,0.6518172479577361
Glyma.U031325.Wm82.a4.v1,0.651787898058015
Glyma.04G072600.Wm82.a4.v1,0.6517830064080614
Glyma.20G238700.Wm82.a4.v1,0.6517634398082474
Glyma.13G292500.Wm82.a4.v1,0.6516949567088979
Glyma.15G071900.Wm82.a4.v1,0.6516851734089909
Glyma.05G115100.Wm82.a4.v1,0.6516753901090838
Glyma.01G228100.Wm82.a4.v1,0.6516509318593161
Glyma.08G221700.Wm82.a4.v1,0.6516264736095485
Glyma.10G236200.Wm82.a4.v1,0.6516069070097343
Glyma.13G127400.Wm82.a4.v1,0.6515726654600597
Glyma.06G082500.Wm82.a4.v1,0.6515579905101991
Glyma.08G064300.Wm82.a4.v1,0.6514943990608032
Glyma.13G043700.Wm82.a4.v1,0.6514748324609891
Glyma.15G225300.Wm82.a4.v1,0.6514601575111285
Glyma.08G081700.Wm82.a4.v1,0.6513769994619185
Glyma.06G144600.Wm82.a4.v1,0.6513672161620114
Glyma.08G050200.Wm82.a4.v1,0.6512987330626621
Glyma.11G251600.Wm82.a4.v1,0.6512449249131732
Glyma.08G185200.Wm82.a4.v1,0.6512106833634985
Glyma.17G118600.Wm82.a4.v1,0.6511519835640561
Glyma.08G332700.Wm82.a4.v1,0.6511470919141026
Glyma.04G225100.Wm82.a4.v1,0.6511422002641492
Glyma.20G178200.Wm82.a4.v1,0.6511128503644279
Glyma.06G144500.Wm82.a4.v1,0.6511079587144744
Glyma.16G017300.Wm82.a4.v1,0.6510981754145674
Glyma.14G155200.Wm82.a4.v1,0.6510688255148461
Glyma.10G222200.Wm82.a4.v1,0.6510492589150321
Glyma.10G013500.Wm82.a4.v1,0.6510199090153108
Glyma.07G174000.Wm82.a4.v1,0.6510101257154038
Glyma.09G227300.Wm82.a4.v1,0.6509807758156826
Glyma.01G024700.Wm82.a4.v1,0.6509783299907058
Glyma.01G008500.Wm82.a4.v1,0.650975884165729
Glyma.16G095700.Wm82.a4.v1,0.6509514259159614
Glyma.18G298100.Wm82.a4.v1,0.6509171843662868
Glyma.06G127100.Wm82.a4.v1,0.6509122927163332
Glyma.12G037500.Wm82.a4.v1,0.6508389179670303
Glyma.11G232900.Wm82.a4.v1,0.6508340263170768
Glyma.19G172100.Wm82.a4.v1,0.650809568067309
Glyma.11G143200.Wm82.a4.v1,0.6507704348676808
Glyma.08G231100.Wm82.a4.v1,0.6507655432177274
Glyma.08G038700.Wm82.a4.v1,0.6507655432177274
Glyma.08G215400.Wm82.a4.v1,0.6507117350682385
Glyma.01G008000.Wm82.a4.v1,0.6506970601183779
Glyma.02G211500.Wm82.a4.v1,0.6506921684684244
Glyma.04G075200.Wm82.a4.v1,0.6506921684684244
Glyma.05G209500.Wm82.a4.v1,0.6506677102186568
Glyma.06G204800.Wm82.a4.v1,0.6505698772195861
Glyma.18G119500.Wm82.a4.v1,0.6505478647947953
Glyma.01G030400.Wm82.a4.v1,0.6504720442205156
Glyma.06G060300.Wm82.a4.v1,0.6504671525705621
Glyma.16G073700.Wm82.a4.v1,0.6504378026708408
Glyma.10G238000.Wm82.a4.v1,0.6504378026708408
Glyma.13G134800.Wm82.a4.v1,0.6503839945213521
Glyma.13G339800.Wm82.a4.v1,0.6503644279215379
Glyma.11G093200.Wm82.a4.v1,0.6503644279215379
Glyma.02G277400.Wm82.a4.v1,0.6503546446216308
Glyma.04G128800.Wm82.a4.v1,0.6503448613217239
Glyma.14G150400.Wm82.a4.v1,0.6503350780218168
Glyma.17G180900.Wm82.a4.v1,0.6502959448221886
Glyma.03G022100.Wm82.a4.v1,0.6502617032725139
Glyma.07G263800.Wm82.a4.v1,0.6502421366726997
Glyma.12G225400.Wm82.a4.v1,0.6502225700728855
Glyma.12G227900.Wm82.a4.v1,0.6502176784229321
Glyma.18G165200.Wm82.a4.v1,0.6501834368732573
Glyma.17G068500.Wm82.a4.v1,0.6501785452233039
Glyma.07G068900.Wm82.a4.v1,0.6501589786234897
Glyma.16G034700.Wm82.a4.v1,0.6501540869735362
Glyma.06G008500.Wm82.a4.v1,0.650124737073815
Glyma.06G112300.Wm82.a4.v1,0.6501002788240473
Glyma.18G030000.Wm82.a4.v1,0.6500856038741868
Glyma.18G179500.Wm82.a4.v1,0.6500513623245121
Glyma.05G131800.Wm82.a4.v1,0.6500220124247909
Glyma.19G211200.Wm82.a4.v1,0.6499926625250697
Glyma.16G030100.Wm82.a4.v1,0.6499682042753021
Glyma.08G016900.Wm82.a4.v1,0.6499682042753021
Glyma.01G095100.Wm82.a4.v1,0.6499192877757668
Glyma.18G203900.Wm82.a4.v1,0.6499095044758597
Glyma.10G036900.Wm82.a4.v1,0.6498850462260921
Glyma.10G158600.Wm82.a4.v1,0.6498801545761386
Glyma.05G118500.Wm82.a4.v1,0.649875262926185
Glyma.05G127800.Wm82.a4.v1,0.6498605879763244
Glyma.06G067600.Wm82.a4.v1,0.6498361297265568
Glyma.05G018000.Wm82.a4.v1,0.6498361297265568
Glyma.14G111800.Wm82.a4.v1,0.6497774299271144
Glyma.08G081900.Wm82.a4.v1,0.6497774299271144
Glyma.09G033400.Wm82.a4.v1,0.6497529716773468
Glyma.11G135500.Wm82.a4.v1,0.6496747052780903
Glyma.09G068800.Wm82.a4.v1,0.6496649219781833
Glyma.09G247100.Wm82.a4.v1,0.6496600303282297
Glyma.11G013300.Wm82.a4.v1,0.6496355720784621
Glyma.12G047500.Wm82.a4.v1,0.6496355720784621
Glyma.20G091200.Wm82.a4.v1,0.6496355720784621
Glyma.05G147200.Wm82.a4.v1,0.6496208971286015
Glyma.09G000600.Wm82.a4.v1,0.6495034975297168
Glyma.13G320400.Wm82.a4.v1,0.6494986058797633
Glyma.07G123600.Wm82.a4.v1,0.6494937142298097
Glyma.15G164700.Wm82.a4.v1,0.6494937142298097
Glyma.09G259000.Wm82.a4.v1,0.6494790392799491
Glyma.03G256600.Wm82.a4.v1,0.6494790392799491
Glyma.15G113800.Wm82.a4.v1,0.6494643643300886
Glyma.06G162700.Wm82.a4.v1,0.6494545810301815
Glyma.06G061300.Wm82.a4.v1,0.6494007728806926
Glyma.05G188500.Wm82.a4.v1,0.6493567480311109
Glyma.01G150800.Wm82.a4.v1,0.6492589150320404
Glyma.11G143500.Wm82.a4.v1,0.6492540233820868
Glyma.03G133200.Wm82.a4.v1,0.6492442400821797
Glyma.02G082200.Wm82.a4.v1,0.6492393484322262
Glyma.07G086400.Wm82.a4.v1,0.6492246734823656
Glyma.13G086000.Wm82.a4.v1,0.6492148901824586
Glyma.01G119500.Wm82.a4.v1,0.6491806486327838
Glyma.04G253500.Wm82.a4.v1,0.6491659736829233
Glyma.04G248900.Wm82.a4.v1,0.649126840483295
Glyma.08G336100.Wm82.a4.v1,0.6490779239837597
Glyma.09G118600.Wm82.a4.v1,0.6490583573839456
Glyma.06G228900.Wm82.a4.v1,0.6490387907841315
Glyma.09G015400.Wm82.a4.v1,0.6490192241843173
Glyma.02G008800.Wm82.a4.v1,0.6489947659345497
Glyma.17G083400.Wm82.a4.v1,0.6489800909846891
Glyma.10G183900.Wm82.a4.v1,0.6489800909846891
Glyma.04G074400.Wm82.a4.v1,0.6489605243848751
Glyma.02G106000.Wm82.a4.v1,0.6489409577850609
Glyma.10G090500.Wm82.a4.v1,0.6489409577850609
Glyma.09G040700.Wm82.a4.v1,0.6489262828352003
Glyma.10G073300.Wm82.a4.v1,0.6489213911852468
Glyma.18G048200.Wm82.a4.v1,0.6489213911852468
Glyma.15G159000.Wm82.a4.v1,0.6489067162353862
Glyma.17G028800.Wm82.a4.v1,0.648887149635572
Glyma.10G282900.Wm82.a4.v1,0.6488773663356651
Glyma.17G014800.Wm82.a4.v1,0.6488626913858044
Glyma.15G006800.Wm82.a4.v1,0.6488284498361298
Glyma.18G274100.Wm82.a4.v1,0.6488186665362227
Glyma.19G180900.Wm82.a4.v1,0.6487697500366874
Glyma.13G272900.Wm82.a4.v1,0.6487452917869198
Glyma.19G190900.Wm82.a4.v1,0.648701266937338
Glyma.08G251100.Wm82.a4.v1,0.6486865919874774
Glyma.15G165700.Wm82.a4.v1,0.6486817003375238
Glyma.09G044500.Wm82.a4.v1,0.6486278921880351
Glyma.12G092300.Wm82.a4.v1,0.6486278921880351
Glyma.19G050500.Wm82.a4.v1,0.648576529863523
Glyma.12G212100.Wm82.a4.v1,0.648554517438732
Glyma.07G009300.Wm82.a4.v1,0.6485251675390109
Glyma.18G227900.Wm82.a4.v1,0.6485104925891503
Glyma.20G215800.Wm82.a4.v1,0.6485104925891503
Glyma.02G058800.Wm82.a4.v1,0.6484909259893362
Glyma.11G023500.Wm82.a4.v1,0.6484860343393827
Glyma.20G146100.Wm82.a4.v1,0.6484664677395685
Glyma.07G159300.Wm82.a4.v1,0.6484566844396615
Glyma.14G065300.Wm82.a4.v1,0.6484077679401262
Glyma.08G165900.Wm82.a4.v1,0.6483588514405909
Glyma.07G086900.Wm82.a4.v1,0.6483588514405909
Glyma.12G020800.Wm82.a4.v1,0.6483490681406838
Glyma.12G072700.Wm82.a4.v1,0.6483392848407767
Glyma.10G111800.Wm82.a4.v1,0.6483001516411485
Glyma.18G265500.Wm82.a4.v1,0.6483001516411485
Glyma.13G367200.Wm82.a4.v1,0.6482218852418921
Glyma.06G176500.Wm82.a4.v1,0.6481925353421709
Glyma.08G280700.Wm82.a4.v1,0.6481582937924962
Glyma.10G268900.Wm82.a4.v1,0.6481338355427285
Glyma.05G169500.Wm82.a4.v1,0.6480751357432862
Glyma.11G114500.Wm82.a4.v1,0.6480506774935185
Glyma.05G192700.Wm82.a4.v1,0.6480506774935185
Glyma.07G004800.Wm82.a4.v1,0.6480311108937045
Glyma.14G107200.Wm82.a4.v1,0.6479773027442156
Glyma.11G103500.Wm82.a4.v1,0.6479724110942621
Glyma.10G297400.Wm82.a4.v1,0.6479283862446803
Glyma.11G060300.Wm82.a4.v1,0.6478941446950056
Glyma.05G112400.Wm82.a4.v1,0.6478892530450521
Glyma.04G110500.Wm82.a4.v1,0.6478892530450521
Glyma.05G156500.Wm82.a4.v1,0.6478599031453309
Glyma.08G073600.Wm82.a4.v1,0.6478256615956562
Glyma.17G087300.Wm82.a4.v1,0.6478207699457027
Glyma.13G161200.Wm82.a4.v1,0.6478109866457956
Glyma.04G017400.Wm82.a4.v1,0.647786528396028
Glyma.11G012100.Wm82.a4.v1,0.6477767450961209
Glyma.05G201800.Wm82.a4.v1,0.6477767450961209
Glyma.13G281900.Wm82.a4.v1,0.6477473951963998
Glyma.19G249500.Wm82.a4.v1,0.6476984786968645
Glyma.11G241800.Wm82.a4.v1,0.6476935870469109
Glyma.03G251500.Wm82.a4.v1,0.6476886953969574
Glyma.01G194900.Wm82.a4.v1,0.6476838037470039
Glyma.U032405.Wm82.a4.v1,0.6476691287971432
Glyma.02G075100.Wm82.a4.v1,0.6476642371471898
Glyma.07G019200.Wm82.a4.v1,0.6476446705473756
Glyma.08G079600.Wm82.a4.v1,0.647629995597515
Glyma.13G259700.Wm82.a4.v1,0.6475908623978868
Glyma.18G227100.Wm82.a4.v1,0.6475810790979798
Glyma.01G121218.Wm82.a4.v1,0.6475028126987232
Glyma.05G000700.Wm82.a4.v1,0.6475028126987232
Glyma.06G088600.Wm82.a4.v1,0.6475028126987232
Glyma.05G153900.Wm82.a4.v1,0.6474930293988163
Glyma.20G202700.Wm82.a4.v1,0.647370738149978
Glyma.19G187900.Wm82.a4.v1,0.6473511715501639
Glyma.13G087900.Wm82.a4.v1,0.6473071467005821
Glyma.17G073800.Wm82.a4.v1,0.6473071467005821
Glyma.19G115100.Wm82.a4.v1,0.6472924717507215
Glyma.07G272700.Wm82.a4.v1,0.6472484469011398
Glyma.11G090700.Wm82.a4.v1,0.6472435552511863
Glyma.17G246200.Wm82.a4.v1,0.6472093137015115
Glyma.12G082200.Wm82.a4.v1,0.6471897471016974
Glyma.08G348400.Wm82.a4.v1,0.647121264002348
Glyma.13G112100.Wm82.a4.v1,0.6471065890524874
Glyma.05G056000.Wm82.a4.v1,0.6470821308027198
Glyma.08G202900.Wm82.a4.v1,0.6470821308027198
Glyma.01G043800.Wm82.a4.v1,0.6470674558528592
Glyma.07G228100.Wm82.a4.v1,0.6470429976030915
Glyma.02G001600.Wm82.a4.v1,0.6469842978036492
Glyma.20G005400.Wm82.a4.v1,0.6469304896541603
Glyma.03G240100.Wm82.a4.v1,0.6469304896541603
Glyma.09G002400.Wm82.a4.v1,0.6469255980042068
Glyma.03G044200.Wm82.a4.v1,0.6469158147042997
Glyma.19G144200.Wm82.a4.v1,0.6469060314043927
Glyma.14G084400.Wm82.a4.v1,0.6468668982047645
Glyma.11G064500.Wm82.a4.v1,0.6468571149048574
Glyma.10G211400.Wm82.a4.v1,0.6468571149048574
Glyma.14G089027.Wm82.a4.v1,0.6468522232549039
Glyma.11G145300.Wm82.a4.v1,0.6468081984053221
Glyma.06G020700.Wm82.a4.v1,0.6467935234554615
Glyma.09G210000.Wm82.a4.v1,0.646788631805508
Glyma.08G296400.Wm82.a4.v1,0.6467739568556474
Glyma.07G264600.Wm82.a4.v1,0.6467690652056939
Glyma.07G233200.Wm82.a4.v1,0.6467690652056939
Glyma.04G166700.Wm82.a4.v1,0.6467348236560192
Glyma.10G058600.Wm82.a4.v1,0.6466565572567627
Glyma.17G078100.Wm82.a4.v1,0.6466369906569486
Glyma.12G101300.Wm82.a4.v1,0.6465978574573203
Glyma.06G233300.Wm82.a4.v1,0.6465929658073668
Glyma.08G054900.Wm82.a4.v1,0.6465538326077386
Glyma.02G145500.Wm82.a4.v1,0.646548940957785
Glyma.18G220700.Wm82.a4.v1,0.6465195910580639
Glyma.16G048700.Wm82.a4.v1,0.6465098077581568
Glyma.16G106500.Wm82.a4.v1,0.6465049161082033
Glyma.13G342400.Wm82.a4.v1,0.6464853495083892
Glyma.05G036600.Wm82.a4.v1,0.6464755662084821
Glyma.11G195300.Wm82.a4.v1,0.6464755662084821
Glyma.13G002100.Wm82.a4.v1,0.6464608912586215
Glyma.20G027500.Wm82.a4.v1,0.6464413246588074
Glyma.18G170200.Wm82.a4.v1,0.6464070831091328
Glyma.10G173300.Wm82.a4.v1,0.6463972998092257
Glyma.10G128800.Wm82.a4.v1,0.646372841559458
Glyma.09G234500.Wm82.a4.v1,0.6463679499095045
Glyma.09G091900.Wm82.a4.v1,0.6463141417600157
Glyma.09G002200.Wm82.a4.v1,0.6463141417600157
Glyma.04G092400.Wm82.a4.v1,0.6462456586606662
Glyma.06G148300.Wm82.a4.v1,0.6462309837108057
Glyma.10G294800.Wm82.a4.v1,0.646216308760945
Glyma.05G181900.Wm82.a4.v1,0.646196742161131
Glyma.01G017700.Wm82.a4.v1,0.6461918505111774
Glyma.11G056100.Wm82.a4.v1,0.6461722839113633
Glyma.08G051400.Wm82.a4.v1,0.6461673922614097
Glyma.06G087500.Wm82.a4.v1,0.6461576089615028
Glyma.02G163300.Wm82.a4.v1,0.6461282590617815
Glyma.14G200300.Wm82.a4.v1,0.6461282590617815
Glyma.16G151700.Wm82.a4.v1,0.6461038008120139
Glyma.11G045700.Wm82.a4.v1,0.6460940175121068
Glyma.10G172500.Wm82.a4.v1,0.6460793425622462
Glyma.02G115900.Wm82.a4.v1,0.6460744509122928
Glyma.05G196900.Wm82.a4.v1,0.6460548843124786
Glyma.14G091900.Wm82.a4.v1,0.6460255344127575
Glyma.11G114600.Wm82.a4.v1,0.6460255344127575
Glyma.04G095500.Wm82.a4.v1,0.6460010761629897
Glyma.09G101200.Wm82.a4.v1,0.645947268013501
Glyma.11G221100.Wm82.a4.v1,0.6459423763635475
Glyma.08G194300.Wm82.a4.v1,0.6458592183143375
Glyma.13G342500.Wm82.a4.v1,0.6457956268649415
Glyma.20G153700.Wm82.a4.v1,0.6457858435650344
Glyma.01G020300.Wm82.a4.v1,0.6457858435650344
Glyma.17G024700.Wm82.a4.v1,0.6457418187154528
Glyma.15G262500.Wm82.a4.v1,0.6457418187154528
Glyma.02G087400.Wm82.a4.v1,0.6456880105659639
Glyma.05G122100.Wm82.a4.v1,0.6456684439661498
Glyma.15G179800.Wm82.a4.v1,0.6456439857163822
Glyma.01G060900.Wm82.a4.v1,0.6456439857163822
Glyma.14G047200.Wm82.a4.v1,0.6456293107665215
Glyma.18G051100.Wm82.a4.v1,0.6456293107665215
Glyma.09G205300.Wm82.a4.v1,0.6455755026170327
Glyma.09G008500.Wm82.a4.v1,0.6455706109670792
Glyma.11G108700.Wm82.a4.v1,0.6455706109670792
Glyma.16G038300.Wm82.a4.v1,0.6455559360172186
Glyma.11G104700.Wm82.a4.v1,0.6455510443672651
Glyma.02G000100.Wm82.a4.v1,0.645541261067358
Glyma.20G113500.Wm82.a4.v1,0.6455363694174044
Glyma.12G040600.Wm82.a4.v1,0.6455216944675439
Glyma.04G236800.Wm82.a4.v1,0.6455168028175904
Glyma.07G250700.Wm82.a4.v1,0.6455119111676368
Glyma.18G212700.Wm82.a4.v1,0.6454727779680086
Glyma.04G203600.Wm82.a4.v1,0.6454287531184268
Glyma.04G247500.Wm82.a4.v1,0.6454140781685662
Glyma.15G224900.Wm82.a4.v1,0.6453602700190775
Glyma.09G066000.Wm82.a4.v1,0.6453309201193562
Glyma.01G162800.Wm82.a4.v1,0.6453211368194492
Glyma.18G012400.Wm82.a4.v1,0.6452722203199139
Glyma.01G015500.Wm82.a4.v1,0.6452379787702393
Glyma.14G006900.Wm82.a4.v1,0.6451743873208433
Glyma.19G160900.Wm82.a4.v1,0.6451597123709827
Glyma.10G160200.Wm82.a4.v1,0.6450863376216798
Glyma.16G032600.Wm82.a4.v1,0.6450863376216798
Glyma.10G161700.Wm82.a4.v1,0.6450569877219586
Glyma.11G141400.Wm82.a4.v1,0.645042312772098
Glyma.07G224200.Wm82.a4.v1,0.6450080712224233
Glyma.14G113800.Wm82.a4.v1,0.6449885046226093
Glyma.08G193400.Wm82.a4.v1,0.6449689380227951
Glyma.15G227300.Wm82.a4.v1,0.6449689380227951
Glyma.09G285800.Wm82.a4.v1,0.6449542630729345
Glyma.02G186700.Wm82.a4.v1,0.6449542630729345
Glyma.19G182500.Wm82.a4.v1,0.6449493714229809
Glyma.13G081400.Wm82.a4.v1,0.644939588123074
Glyma.20G003400.Wm82.a4.v1,0.6449151298733062
Glyma.16G153700.Wm82.a4.v1,0.6449102382233527
Glyma.11G037600.Wm82.a4.v1,0.6448368634740498
Glyma.03G105300.Wm82.a4.v1,0.6448221885241892
Glyma.17G215200.Wm82.a4.v1,0.6447683803747004
Glyma.14G223700.Wm82.a4.v1,0.6447488137748862
Glyma.08G130200.Wm82.a4.v1,0.6447390304749792
Glyma.04G225000.Wm82.a4.v1,0.6446363058259551
Glyma.U031705.Wm82.a4.v1,0.644626522526048
Glyma.03G013000.Wm82.a4.v1,0.6445947268013501
Glyma.18G278900.Wm82.a4.v1,0.6445824976764662
Glyma.18G274000.Wm82.a4.v1,0.6445727143765592
Glyma.03G057100.Wm82.a4.v1,0.6445678227266057
Glyma.17G008200.Wm82.a4.v1,0.6445678227266057
Glyma.11G127900.Wm82.a4.v1,0.6445140145771169
Glyma.12G146600.Wm82.a4.v1,0.6445042312772098
Glyma.09G226600.Wm82.a4.v1,0.6444210732279998
Glyma.09G190000.Wm82.a4.v1,0.6444161815780463
Glyma.06G240600.Wm82.a4.v1,0.6443941691532554
Glyma.02G266800.Wm82.a4.v1,0.6443917233282787
Glyma.04G253100.Wm82.a4.v1,0.6443379151787898
Glyma.04G196900.Wm82.a4.v1,0.6443085652790687
Glyma.14G131300.Wm82.a4.v1,0.6442889986792545
Glyma.05G004200.Wm82.a4.v1,0.6442645404294869
Glyma.11G231800.Wm82.a4.v1,0.6442351905297657
Glyma.01G232300.Wm82.a4.v1,0.6442254072298587
Glyma.13G362900.Wm82.a4.v1,0.6441960573301374
Glyma.11G210662.Wm82.a4.v1,0.6441715990803698
Glyma.20G171000.Wm82.a4.v1,0.644127574230788
Glyma.19G170900.Wm82.a4.v1,0.644117790930881
Glyma.06G188600.Wm82.a4.v1,0.644117790930881
Glyma.02G001700.Wm82.a4.v1,0.6439759330822287
Glyma.17G169400.Wm82.a4.v1,0.6439661497823216
Glyma.09G263900.Wm82.a4.v1,0.6439661497823216
Glyma.07G088400.Wm82.a4.v1,0.6439245707577166
Glyma.16G111500.Wm82.a4.v1,0.6439025583329256
Glyma.18G130400.Wm82.a4.v1,0.6438976666829722
Glyma.19G191800.Wm82.a4.v1,0.6438634251332974
Glyma.04G067600.Wm82.a4.v1,0.6438487501834369
Glyma.02G309900.Wm82.a4.v1,0.6438438585334834
Glyma.20G150700.Wm82.a4.v1,0.6438096169838087
Glyma.10G160400.Wm82.a4.v1,0.6438047253338551
Glyma.12G066800.Wm82.a4.v1,0.6438047253338551
Glyma.09G118900.Wm82.a4.v1,0.6437802670840874
Glyma.09G203500.Wm82.a4.v1,0.6437802670840874
Glyma.07G128400.Wm82.a4.v1,0.6437655921342269
Glyma.08G330800.Wm82.a4.v1,0.6437607004842734
Glyma.17G197600.Wm82.a4.v1,0.6437558088343198
Glyma.08G319100.Wm82.a4.v1,0.6437509171843663
Glyma.13G059200.Wm82.a4.v1,0.643711783984738
Glyma.10G164200.Wm82.a4.v1,0.6436971090348774
Glyma.18G187600.Wm82.a4.v1,0.6436824340850169
Glyma.11G119700.Wm82.a4.v1,0.6436090593357139
Glyma.10G293800.Wm82.a4.v1,0.6435846010859463
Glyma.14G101500.Wm82.a4.v1,0.6435797094359927
Glyma.12G006000.Wm82.a4.v1,0.643535684586411
Glyma.11G128100.Wm82.a4.v1,0.6435210096365505
Glyma.06G040600.Wm82.a4.v1,0.6435210096365505
Glyma.06G112600.Wm82.a4.v1,0.6434769847869687
Glyma.01G067900.Wm82.a4.v1,0.6434476348872474
Glyma.04G081200.Wm82.a4.v1,0.6434378515873405
Glyma.06G135300.Wm82.a4.v1,0.6434231766374798
Glyma.06G012000.Wm82.a4.v1,0.6434231766374798
Glyma.07G175300.Wm82.a4.v1,0.6433791517878981
Glyma.17G220500.Wm82.a4.v1,0.6433595851880839
Glyma.17G163900.Wm82.a4.v1,0.6433498018881769
Glyma.04G215900.Wm82.a4.v1,0.6433449102382234
Glyma.17G209500.Wm82.a4.v1,0.6433057770385952
Glyma.03G051600.Wm82.a4.v1,0.6433008853886416
Glyma.02G097200.Wm82.a4.v1,0.6432911020887345
Glyma.11G080500.Wm82.a4.v1,0.6432177273394316
Glyma.02G135900.Wm82.a4.v1,0.6431443525901287
Glyma.11G118800.Wm82.a4.v1,0.6431394609401752
Glyma.04G235600.Wm82.a4.v1,0.6431345692902216
Glyma.05G179900.Wm82.a4.v1,0.6431101110404539
Glyma.07G032800.Wm82.a4.v1,0.6431101110404539
Glyma.04G037600.Wm82.a4.v1,0.6431052193905005
Glyma.15G047600.Wm82.a4.v1,0.6430905444406398
Glyma.09G192300.Wm82.a4.v1,0.6430905444406398
Glyma.17G204800.Wm82.a4.v1,0.6430905444406398
Glyma.10G030900.Wm82.a4.v1,0.6430856527906863
Glyma.04G063900.Wm82.a4.v1,0.6430611945409187
Glyma.06G219200.Wm82.a4.v1,0.6430122780413834
Glyma.12G046400.Wm82.a4.v1,0.6429829281416621
Glyma.15G134800.Wm82.a4.v1,0.6429389032920804
Glyma.15G131700.Wm82.a4.v1,0.6429193366922663
Glyma.06G020900.Wm82.a4.v1,0.6428899867925452
Glyma.10G173800.Wm82.a4.v1,0.6428802034926381
Glyma.13G052000.Wm82.a4.v1,0.6428655285427775
Glyma.04G030500.Wm82.a4.v1,0.6428581910678471
Glyma.12G065600.Wm82.a4.v1,0.6428508535929169
Glyma.03G164300.Wm82.a4.v1,0.6428410702930099
Glyma.18G091600.Wm82.a4.v1,0.6428410702930099
Glyma.20G112800.Wm82.a4.v1,0.6427530205938463
Glyma.15G171400.Wm82.a4.v1,0.6427481289438928
Glyma.18G237600.Wm82.a4.v1,0.6427432372939392
Glyma.01G058300.Wm82.a4.v1,0.6427383456439857
Glyma.08G072800.Wm82.a4.v1,0.6427236706941252
Glyma.04G087300.Wm82.a4.v1,0.6427236706941252
Glyma.07G221100.Wm82.a4.v1,0.6427089957442645
Glyma.11G069300.Wm82.a4.v1,0.6426992124443575
Glyma.20G094600.Wm82.a4.v1,0.6426943207944039
Glyma.05G140800.Wm82.a4.v1,0.6425964877953334
Glyma.18G244700.Wm82.a4.v1,0.6425915961453799
Glyma.05G070500.Wm82.a4.v1,0.6425622462456586
Glyma.08G350900.Wm82.a4.v1,0.642537787995891
Glyma.18G254900.Wm82.a4.v1,0.6425280046959839
Glyma.18G276300.Wm82.a4.v1,0.6425231130460304
Glyma.15G009700.Wm82.a4.v1,0.6424986547962628
Glyma.15G020900.Wm82.a4.v1,0.6424644132465881
Glyma.08G231400.Wm82.a4.v1,0.6424595215966346
Glyma.17G204300.Wm82.a4.v1,0.6424595215966346
Glyma.19G185000.Wm82.a4.v1,0.6423959301472386
Glyma.06G202100.Wm82.a4.v1,0.6423763635474246
Glyma.17G047600.Wm82.a4.v1,0.6423665802475175
Glyma.03G110700.Wm82.a4.v1,0.6423421219977499
Glyma.08G048800.Wm82.a4.v1,0.6423323386978428
Glyma.13G159900.Wm82.a4.v1,0.6422393973487257
Glyma.14G051200.Wm82.a4.v1,0.6422393973487257
Glyma.02G166500.Wm82.a4.v1,0.6422149390989581
Glyma.06G136400.Wm82.a4.v1,0.6421709142493763
Glyma.15G153000.Wm82.a4.v1,0.6421024311500269
Glyma.14G217400.Wm82.a4.v1,0.6420877562001663
Glyma.20G230900.Wm82.a4.v1,0.6420828645502128
Glyma.07G011100.Wm82.a4.v1,0.6420192731008169
Glyma.09G093400.Wm82.a4.v1,0.6420143814508634
Glyma.19G159100.Wm82.a4.v1,0.6420094898009099
Glyma.05G150000.Wm82.a4.v1,0.6419899232010957
Glyma.17G141800.Wm82.a4.v1,0.6419850315511422
Glyma.13G212000.Wm82.a4.v1,0.6419165484517928
Glyma.13G219000.Wm82.a4.v1,0.6419067651518857
Glyma.04G001700.Wm82.a4.v1,0.6418969818519786
Glyma.15G065800.Wm82.a4.v1,0.6418871985520717
Glyma.17G129700.Wm82.a4.v1,0.6418333904025828
Glyma.01G146600.Wm82.a4.v1,0.6417991488529081
Glyma.05G022800.Wm82.a4.v1,0.6417991488529081
Glyma.13G219400.Wm82.a4.v1,0.6417257741036051
Glyma.19G228700.Wm82.a4.v1,0.6417208824536517
Glyma.18G245600.Wm82.a4.v1,0.641696424203884
Glyma.07G090300.Wm82.a4.v1,0.6416426160543951
Glyma.02G132200.Wm82.a4.v1,0.641613266154674
Glyma.12G240400.Wm82.a4.v1,0.6415349997554175
Glyma.04G253000.Wm82.a4.v1,0.6415007582057428
Glyma.01G223400.Wm82.a4.v1,0.6414909749058357
Glyma.08G142800.Wm82.a4.v1,0.6414860832558822
Glyma.02G165500.Wm82.a4.v1,0.6414860832558822
Glyma.17G031700.Wm82.a4.v1,0.6414762999559751
Glyma.13G361200.Wm82.a4.v1,0.641446950056254
Glyma.04G043300.Wm82.a4.v1,0.6414176001565328
Glyma.04G053900.Wm82.a4.v1,0.6413833586068581
Glyma.20G124100.Wm82.a4.v1,0.641373575306951
Glyma.18G005400.Wm82.a4.v1,0.6413589003570904
Glyma.03G136500.Wm82.a4.v1,0.6413344421073228
Glyma.02G227200.Wm82.a4.v1,0.6413197671574622
Glyma.10G016100.Wm82.a4.v1,0.6412170425084381
Glyma.05G206400.Wm82.a4.v1,0.641207259208531
Glyma.11G080600.Wm82.a4.v1,0.6411925842586704
Glyma.03G244700.Wm82.a4.v1,0.6411583427089957
Glyma.19G125100.Wm82.a4.v1,0.6411387761091816
Glyma.11G058800.Wm82.a4.v1,0.6411192095093675
Glyma.11G168219.Wm82.a4.v1,0.6411045345595069
Glyma.12G218700.Wm82.a4.v1,0.6410849679596928
Glyma.05G214200.Wm82.a4.v1,0.6410556180599716
Glyma.01G122100.Wm82.a4.v1,0.6410556180599716
Glyma.14G036000.Wm82.a4.v1,0.6410360514601575
Glyma.01G200900.Wm82.a4.v1,0.6409626767108546
Glyma.02G014200.Wm82.a4.v1,0.640948001760994
Glyma.06G178000.Wm82.a4.v1,0.6409431101110404
Glyma.07G148500.Wm82.a4.v1,0.6408550604118769
Glyma.14G063900.Wm82.a4.v1,0.6407914689624811
Glyma.17G144900.Wm82.a4.v1,0.6407523357628528
Glyma.09G274300.Wm82.a4.v1,0.6407229858631316
Glyma.04G038600.Wm82.a4.v1,0.6407034192633175
Glyma.10G212800.Wm82.a4.v1,0.6407034192633175
Glyma.13G135800.Wm82.a4.v1,0.6406838526635034
Glyma.16G073600.Wm82.a4.v1,0.6406251528640611
Glyma.06G172000.Wm82.a4.v1,0.640615369564154
Glyma.20G234300.Wm82.a4.v1,0.6405664530646187
Glyma.04G005900.Wm82.a4.v1,0.6405468864648046
Glyma.06G321000.Wm82.a4.v1,0.640532211514944
Glyma.08G140300.Wm82.a4.v1,0.640532211514944
Glyma.14G048700.Wm82.a4.v1,0.6405273198649905
Glyma.13G320500.Wm82.a4.v1,0.6405126449151298
Glyma.13G138500.Wm82.a4.v1,0.6405126449151298
Glyma.18G300700.Wm82.a4.v1,0.6404735117155016
Glyma.17G088900.Wm82.a4.v1,0.640468620065548
Glyma.18G094500.Wm82.a4.v1,0.6404294868659198
Glyma.20G235700.Wm82.a4.v1,0.6404050286161522
Glyma.13G325700.Wm82.a4.v1,0.6404001369661987
Glyma.01G123900.Wm82.a4.v1,0.6404001369661987
Glyma.13G261500.Wm82.a4.v1,0.6404001369661987
Glyma.17G003700.Wm82.a4.v1,0.6403707870664775
Glyma.20G024100.Wm82.a4.v1,0.640365895416524
Glyma.16G014200.Wm82.a4.v1,0.6403463288167098
Glyma.09G091200.Wm82.a4.v1,0.6403120872670351
Glyma.10G043200.Wm82.a4.v1,0.6402533874675929
Glyma.13G082100.Wm82.a4.v1,0.6402484958176393
Glyma.02G087000.Wm82.a4.v1,0.6402387125177322
Glyma.18G093200.Wm82.a4.v1,0.6402240375678716
Glyma.20G201100.Wm82.a4.v1,0.6401897960181969
Glyma.17G215500.Wm82.a4.v1,0.6401849043682434
Glyma.04G237300.Wm82.a4.v1,0.6401653377684293
Glyma.15G169800.Wm82.a4.v1,0.6401115296189405
Glyma.17G026800.Wm82.a4.v1,0.6400821797192193
Glyma.17G074000.Wm82.a4.v1,0.6400675047693587
Glyma.15G104000.Wm82.a4.v1,0.6400088049699163
Glyma.06G179800.Wm82.a4.v1,0.6400088049699163
Glyma.11G249800.Wm82.a4.v1,0.6399843467201487
Glyma.08G349000.Wm82.a4.v1,0.6399403218705669
Glyma.12G020100.Wm82.a4.v1,0.6399109719708458
Glyma.07G191900.Wm82.a4.v1,0.6398816220711246
Glyma.04G224200.Wm82.a4.v1,0.6398131389717752
Glyma.10G077600.Wm82.a4.v1,0.6398082473218216
Glyma.15G205600.Wm82.a4.v1,0.6398033556718681
Glyma.13G247800.Wm82.a4.v1,0.6397984640219145
Glyma.06G055100.Wm82.a4.v1,0.639783789072054
Glyma.02G254300.Wm82.a4.v1,0.6397740057721469
Glyma.08G196800.Wm82.a4.v1,0.6397691141221934
Glyma.05G147302.Wm82.a4.v1,0.6397446558724258
Glyma.09G102900.Wm82.a4.v1,0.6397446558724258
Glyma.13G320000.Wm82.a4.v1,0.6397153059727045
Glyma.17G038400.Wm82.a4.v1,0.6396957393728905
Glyma.18G071500.Wm82.a4.v1,0.6396810644230299
Glyma.02G040900.Wm82.a4.v1,0.6396737269480995
Glyma.18G040000.Wm82.a4.v1,0.6396468228733552
Glyma.19G108300.Wm82.a4.v1,0.6396419312234016
Glyma.01G155200.Wm82.a4.v1,0.6395881230739129
Glyma.10G225102.Wm82.a4.v1,0.6395489898742845
Glyma.19G215400.Wm82.a4.v1,0.6395489898742845
Glyma.06G126900.Wm82.a4.v1,0.6395098566746563
Glyma.15G177100.Wm82.a4.v1,0.6395098566746563
Glyma.08G001000.Wm82.a4.v1,0.639451156875214
Glyma.08G156900.Wm82.a4.v1,0.6394364819253534
Glyma.07G003500.Wm82.a4.v1,0.6393973487257252
Glyma.08G234200.Wm82.a4.v1,0.6393533238761434
Glyma.13G251200.Wm82.a4.v1,0.6393337572763294
Glyma.08G143600.Wm82.a4.v1,0.6393239739764223
Glyma.08G224400.Wm82.a4.v1,0.639275057476887
Glyma.09G031100.Wm82.a4.v1,0.6392603825270263
Glyma.17G244300.Wm82.a4.v1,0.6392310326273052
Glyma.18G102400.Wm82.a4.v1,0.6392212493273981
Glyma.05G044300.Wm82.a4.v1,0.639201682727584
Glyma.09G237100.Wm82.a4.v1,0.6391478745780952
Glyma.20G242200.Wm82.a4.v1,0.639108741378467
Glyma.20G160200.Wm82.a4.v1,0.6390989580785599
Glyma.06G208900.Wm82.a4.v1,0.6390402582791176
Glyma.12G225300.Wm82.a4.v1,0.6390304749792105
Glyma.05G059200.Wm82.a4.v1,0.6390158000293499
Glyma.19G110800.Wm82.a4.v1,0.6390011250794894
Glyma.13G287200.Wm82.a4.v1,0.6389913417795823
Glyma.10G038700.Wm82.a4.v1,0.6388886171305581
Glyma.03G102500.Wm82.a4.v1,0.6388348089810694
Glyma.09G196300.Wm82.a4.v1,0.6388152423812552
Glyma.06G129100.Wm82.a4.v1,0.6388152423812552
Glyma.08G006900.Wm82.a4.v1,0.6387907841314876
Glyma.04G236000.Wm82.a4.v1,0.6387858924815341
Glyma.17G222300.Wm82.a4.v1,0.6387810008315805
Glyma.16G034400.Wm82.a4.v1,0.6387223010321381
Glyma.15G171900.Wm82.a4.v1,0.6386636012326958
Glyma.04G129500.Wm82.a4.v1,0.6386489262828352
Glyma.18G183900.Wm82.a4.v1,0.6386195763831141
Glyma.12G133500.Wm82.a4.v1,0.6385902264833928
Glyma.03G188600.Wm82.a4.v1,0.6385315266839505
Glyma.12G009500.Wm82.a4.v1,0.6385021767842293
Glyma.11G142400.Wm82.a4.v1,0.6384679352345546
Glyma.07G072200.Wm82.a4.v1,0.638463043584601
Glyma.03G148200.Wm82.a4.v1,0.638463043584601
Glyma.04G014300.Wm82.a4.v1,0.6384141270850658
Glyma.18G262500.Wm82.a4.v1,0.6383896688352981
Glyma.06G192800.Wm82.a4.v1,0.6383701022354841
Glyma.15G105500.Wm82.a4.v1,0.6383358606858093
Glyma.06G045500.Wm82.a4.v1,0.6382869441862741
Glyma.02G018000.Wm82.a4.v1,0.6382673775864599
Glyma.12G226700.Wm82.a4.v1,0.6382575942865528
Glyma.16G213100.Wm82.a4.v1,0.6382575942865528
Glyma.05G238700.Wm82.a4.v1,0.6382184610869246
Glyma.09G062300.Wm82.a4.v1,0.6382037861370641
Glyma.15G067000.Wm82.a4.v1,0.638171990412366
Glyma.08G119300.Wm82.a4.v1,0.6381695445873893
Glyma.10G130700.Wm82.a4.v1,0.638110844787947
Glyma.07G256900.Wm82.a4.v1,0.638110844787947
Glyma.06G119800.Wm82.a4.v1,0.6380912781881328
Glyma.19G017300.Wm82.a4.v1,0.6380081201389228
Glyma.08G114900.Wm82.a4.v1,0.6380032284889693
Glyma.18G228900.Wm82.a4.v1,0.6379249620897128
Glyma.12G173200.Wm82.a4.v1,0.6378858288900846
Glyma.05G011400.Wm82.a4.v1,0.6378515873404099
Glyma.06G091300.Wm82.a4.v1,0.6378466956904564
Glyma.05G044500.Wm82.a4.v1,0.6378124541407817
Glyma.02G283300.Wm82.a4.v1,0.6377292960915717
Glyma.05G140600.Wm82.a4.v1,0.6377146211417111
Glyma.03G102900.Wm82.a4.v1,0.6377146211417111
Glyma.18G062000.Wm82.a4.v1,0.6377146211417111
Glyma.19G229800.Wm82.a4.v1,0.6376608129922223
Glyma.19G067400.Wm82.a4.v1,0.6376559213422688
Glyma.07G244600.Wm82.a4.v1,0.6376412463924082
Glyma.20G211100.Wm82.a4.v1,0.6375727632930588
Glyma.10G190100.Wm82.a4.v1,0.6375580883431982
Glyma.20G022600.Wm82.a4.v1,0.6375336300934306
Glyma.16G194100.Wm82.a4.v1,0.6374993885437558
Glyma.04G255700.Wm82.a4.v1,0.6374847135938952
Glyma.20G057100.Wm82.a4.v1,0.6374847135938952
Glyma.12G060400.Wm82.a4.v1,0.6374798219439417
Glyma.19G225500.Wm82.a4.v1,0.6374651469940811
Glyma.02G041700.Wm82.a4.v1,0.6374504720442206
Glyma.12G007500.Wm82.a4.v1,0.6374113388445923
Glyma.09G207900.Wm82.a4.v1,0.6374064471946388
Glyma.01G232100.Wm82.a4.v1,0.6374015555446852
Glyma.10G260500.Wm82.a4.v1,0.6373917722447782
Glyma.19G030400.Wm82.a4.v1,0.637362422345057
Glyma.03G245800.Wm82.a4.v1,0.637362422345057
Glyma.09G087200.Wm82.a4.v1,0.6373477473951964
Glyma.19G097300.Wm82.a4.v1,0.6373281807953823
Glyma.15G050600.Wm82.a4.v1,0.6373232891454288
Glyma.15G160400.Wm82.a4.v1,0.6372988308956611
Glyma.09G164900.Wm82.a4.v1,0.6372596976960329
Glyma.06G277500.Wm82.a4.v1,0.6372450227461722
Glyma.07G037600.Wm82.a4.v1,0.6372450227461722
Glyma.12G231100.Wm82.a4.v1,0.6372303477963117
Glyma.09G211400.Wm82.a4.v1,0.6372303477963117
Glyma.04G152200.Wm82.a4.v1,0.637205889546544
Glyma.12G013200.Wm82.a4.v1,0.6371912145966835
Glyma.06G209000.Wm82.a4.v1,0.6371667563469158
Glyma.03G121300.Wm82.a4.v1,0.6371569730470088
Glyma.05G131300.Wm82.a4.v1,0.6371520813970553
Glyma.12G120300.Wm82.a4.v1,0.6371471897471017
Glyma.04G002800.Wm82.a4.v1,0.6371276231472875
Glyma.10G021900.Wm82.a4.v1,0.6370151151983564
Glyma.12G095800.Wm82.a4.v1,0.6369857652986353
Glyma.08G117000.Wm82.a4.v1,0.6369613070488676
Glyma.08G302500.Wm82.a4.v1,0.6369515237489606
Glyma.01G145300.Wm82.a4.v1,0.6369319571491464
Glyma.02G295500.Wm82.a4.v1,0.6369172821992858
Glyma.14G065600.Wm82.a4.v1,0.636873257349704
Glyma.11G041200.Wm82.a4.v1,0.6368585823998435
Glyma.09G007600.Wm82.a4.v1,0.6368439074499829
Glyma.02G187100.Wm82.a4.v1,0.6368194492002153
Glyma.16G177400.Wm82.a4.v1,0.6367949909504476
Glyma.11G062200.Wm82.a4.v1,0.6367949909504476
Glyma.13G164300.Wm82.a4.v1,0.6367852076505405
Glyma.06G308300.Wm82.a4.v1,0.6367754243506335
Glyma.16G138200.Wm82.a4.v1,0.63677053270068
Glyma.03G180200.Wm82.a4.v1,0.6367656410507264
Glyma.15G059500.Wm82.a4.v1,0.63668737465147
Glyma.17G198400.Wm82.a4.v1,0.6366286748520276
Glyma.02G121200.Wm82.a4.v1,0.63660421660226
Glyma.03G190700.Wm82.a4.v1,0.6365601917526782
Glyma.18G257700.Wm82.a4.v1,0.6365014919532358
Glyma.04G086500.Wm82.a4.v1,0.6365014919532358
Glyma.11G105500.Wm82.a4.v1,0.6364966003032823
Glyma.04G095300.Wm82.a4.v1,0.6364917086533287
Glyma.10G147800.Wm82.a4.v1,0.6364721420535147
Glyma.05G242400.Wm82.a4.v1,0.6364183339040258
Glyma.10G045600.Wm82.a4.v1,0.6364036589541653
Glyma.08G004100.Wm82.a4.v1,0.6363889840043047
Glyma.01G190300.Wm82.a4.v1,0.636374309054444
Glyma.15G038100.Wm82.a4.v1,0.63635474245463
Glyma.10G050700.Wm82.a4.v1,0.6362618011055129
Glyma.06G221300.Wm82.a4.v1,0.6362618011055129
Glyma.08G126200.Wm82.a4.v1,0.6362520178056058
Glyma.07G071900.Wm82.a4.v1,0.6362520178056058
Glyma.04G141000.Wm82.a4.v1,0.6362471261556523
Glyma.19G112600.Wm82.a4.v1,0.6362324512057917
Glyma.08G115700.Wm82.a4.v1,0.6362275595558382
Glyma.05G053300.Wm82.a4.v1,0.6361639681064423
Glyma.17G038000.Wm82.a4.v1,0.6361444015066282
Glyma.16G025800.Wm82.a4.v1,0.6361346182067211
Glyma.18G237300.Wm82.a4.v1,0.6361101599569535
Glyma.09G044400.Wm82.a4.v1,0.6360759184072787
Glyma.13G229400.Wm82.a4.v1,0.63602211025779
Glyma.10G051800.Wm82.a4.v1,0.6359927603580687
Glyma.10G196100.Wm82.a4.v1,0.6359878687081153
Glyma.07G105900.Wm82.a4.v1,0.6359683021083011
Glyma.17G223600.Wm82.a4.v1,0.6359683021083011
Glyma.18G279900.Wm82.a4.v1,0.6359634104583476
Glyma.11G038500.Wm82.a4.v1,0.6359536271584405
Glyma.02G292500.Wm82.a4.v1,0.6359193856087658
Glyma.01G108000.Wm82.a4.v1,0.6359047106589053
Glyma.18G218900.Wm82.a4.v1,0.6358949273589982
Glyma.15G014100.Wm82.a4.v1,0.6358851440590911
Glyma.08G309000.Wm82.a4.v1,0.6358704691092305
Glyma.05G185500.Wm82.a4.v1,0.635865577459277
Glyma.10G172800.Wm82.a4.v1,0.63585579415937
Glyma.14G117100.Wm82.a4.v1,0.6358509025094164
Glyma.20G214100.Wm82.a4.v1,0.6358509025094164
Glyma.06G308200.Wm82.a4.v1,0.6358411192095094
Glyma.15G153100.Wm82.a4.v1,0.6358068776598347
Glyma.09G203300.Wm82.a4.v1,0.63577263611016
Glyma.11G046900.Wm82.a4.v1,0.6357579611602994
Glyma.09G243900.Wm82.a4.v1,0.6357286112605782
Glyma.15G098100.Wm82.a4.v1,0.6357286112605782
Glyma.11G019800.Wm82.a4.v1,0.63568947806095
Glyma.16G032400.Wm82.a4.v1,0.6356748031110894
Glyma.12G146100.Wm82.a4.v1,0.6356699114611358
Glyma.16G022600.Wm82.a4.v1,0.6356601281612287
Glyma.01G046700.Wm82.a4.v1,0.6356552365112752
Glyma.04G063600.Wm82.a4.v1,0.6356405615614147
Glyma.03G237800.Wm82.a4.v1,0.6356307782615076
Glyma.10G295800.Wm82.a4.v1,0.6356307782615076
Glyma.15G092600.Wm82.a4.v1,0.6355965367118329
Glyma.01G228800.Wm82.a4.v1,0.6355671868121118
Glyma.01G054000.Wm82.a4.v1,0.6355427285623441
Glyma.09G200200.Wm82.a4.v1,0.6355280536124835
Glyma.09G001000.Wm82.a4.v1,0.6354938120628087
Glyma.09G165000.Wm82.a4.v1,0.6354351122633665
Glyma.07G265800.Wm82.a4.v1,0.6354302206134129
Glyma.16G037700.Wm82.a4.v1,0.6353813041138776
Glyma.08G216700.Wm82.a4.v1,0.6353715208139705
Glyma.08G297900.Wm82.a4.v1,0.635366629164017
Glyma.14G104100.Wm82.a4.v1,0.6353372792642958
Glyma.14G053800.Wm82.a4.v1,0.6353274959643888
Glyma.13G220600.Wm82.a4.v1,0.6353128210145282
Glyma.15G015700.Wm82.a4.v1,0.635283471114807
Glyma.17G166800.Wm82.a4.v1,0.6352785794648534
Glyma.19G224200.Wm82.a4.v1,0.6352736878149
Glyma.06G263000.Wm82.a4.v1,0.6352712419899232
Glyma.12G012900.Wm82.a4.v1,0.6352639045149929
Glyma.15G240700.Wm82.a4.v1,0.6352639045149929
Glyma.01G217900.Wm82.a4.v1,0.6352541212150858
Glyma.18G291800.Wm82.a4.v1,0.6351611798659688
Glyma.06G097500.Wm82.a4.v1,0.6351465049161082
Glyma.08G144000.Wm82.a4.v1,0.6351318299662476
Glyma.05G120600.Wm82.a4.v1,0.6351318299662476
Glyma.17G081050.Wm82.a4.v1,0.635117155016387
Glyma.06G026100.Wm82.a4.v1,0.6350975884165729
Glyma.16G178700.Wm82.a4.v1,0.6350878051166658
Glyma.16G094500.Wm82.a4.v1,0.6350829134667123
Glyma.19G257200.Wm82.a4.v1,0.635033996967177
Glyma.04G111900.Wm82.a4.v1,0.6350291053172235
Glyma.02G257400.Wm82.a4.v1,0.6349948637675488
Glyma.16G068500.Wm82.a4.v1,0.6349655138678276
Glyma.17G126700.Wm82.a4.v1,0.6349606222178741
Glyma.01G052400.Wm82.a4.v1,0.6349459472680135
Glyma.08G018500.Wm82.a4.v1,0.6349214890182459
Glyma.01G009400.Wm82.a4.v1,0.6349214890182459
Glyma.02G165800.Wm82.a4.v1,0.6348627892188035
Glyma.09G040200.Wm82.a4.v1,0.6347600645697794
Glyma.02G258900.Wm82.a4.v1,0.6347160397201976
Glyma.19G104300.Wm82.a4.v1,0.6347111480702441
Glyma.14G167200.Wm82.a4.v1,0.6345937484713594
Glyma.16G050500.Wm82.a4.v1,0.6345937484713594
Glyma.10G252200.Wm82.a4.v1,0.6345692902215917
Glyma.16G167800.Wm82.a4.v1,0.6345399403218706
Glyma.04G096300.Wm82.a4.v1,0.6344861321723817
Glyma.02G066500.Wm82.a4.v1,0.6344812405224283
Glyma.09G104600.Wm82.a4.v1,0.6344225407229859
Glyma.03G105500.Wm82.a4.v1,0.6343980824732182
Glyma.13G162200.Wm82.a4.v1,0.6343931908232647
Glyma.18G143100.Wm82.a4.v1,0.6343589492735899
Glyma.10G147400.Wm82.a4.v1,0.6343002494741476
Glyma.14G105500.Wm82.a4.v1,0.6343002494741476
Glyma.08G080700.Wm82.a4.v1,0.6342953578241941
Glyma.10G131700.Wm82.a4.v1,0.6342904661742406
Glyma.10G255500.Wm82.a4.v1,0.6342268747248447
Glyma.01G055300.Wm82.a4.v1,0.6341583916254953
Glyma.15G092200.Wm82.a4.v1,0.6341486083255882
Glyma.01G083700.Wm82.a4.v1,0.6341241500758206
Glyma.06G159800.Wm82.a4.v1,0.6340948001760994
Glyma.10G294700.Wm82.a4.v1,0.6340801252262388
Glyma.13G137700.Wm82.a4.v1,0.6340752335762853
Glyma.17G109400.Wm82.a4.v1,0.6340507753265177
Glyma.03G098200.Wm82.a4.v1,0.6340214254267964
Glyma.05G047800.Wm82.a4.v1,0.6339920755270753
Glyma.14G218000.Wm82.a4.v1,0.6338942425280047
Glyma.15G168600.Wm82.a4.v1,0.6338844592280977
Glyma.13G213400.Wm82.a4.v1,0.6338844592280977
Glyma.04G196400.Wm82.a4.v1,0.6338453260284694
Glyma.07G194500.Wm82.a4.v1,0.6337915178789806
Glyma.19G242900.Wm82.a4.v1,0.633767059629213
Glyma.19G253200.Wm82.a4.v1,0.6337621679792594
Glyma.02G112200.Wm82.a4.v1,0.6337474930293988
Glyma.19G113200.Wm82.a4.v1,0.6337279264295848
Glyma.15G273000.Wm82.a4.v1,0.6337132514797241
Glyma.05G058700.Wm82.a4.v1,0.633683901580003
Glyma.06G320100.Wm82.a4.v1,0.6336692266301424
Glyma.07G150800.Wm82.a4.v1,0.6335713936310717
Glyma.20G226700.Wm82.a4.v1,0.6335518270312577
Glyma.08G039100.Wm82.a4.v1,0.6335420437313506
Glyma.15G139100.Wm82.a4.v1,0.6335078021816759
Glyma.20G244200.Wm82.a4.v1,0.6334882355818617
Glyma.15G072100.Wm82.a4.v1,0.6334686689820477
Glyma.11G139200.Wm82.a4.v1,0.633453994032187
Glyma.10G160900.Wm82.a4.v1,0.633453994032187
Glyma.14G150900.Wm82.a4.v1,0.6334295357824195
Glyma.15G165500.Wm82.a4.v1,0.633370835982977
Glyma.03G144600.Wm82.a4.v1,0.633351269383163
Glyma.10G215200.Wm82.a4.v1,0.6333268111333953
Glyma.13G341200.Wm82.a4.v1,0.6333219194834417
Glyma.04G057000.Wm82.a4.v1,0.6333170278334882
Glyma.14G083400.Wm82.a4.v1,0.6332485447341388
Glyma.12G222600.Wm82.a4.v1,0.6332240864843712
Glyma.18G298200.Wm82.a4.v1,0.6332143031844641
Glyma.01G054300.Wm82.a4.v1,0.6331507117350682
Glyma.10G259800.Wm82.a4.v1,0.6331409284351612
Glyma.19G087600.Wm82.a4.v1,0.6331409284351612
Glyma.20G248000.Wm82.a4.v1,0.6331262534853006
Glyma.16G002400.Wm82.a4.v1,0.6331164701853935
Glyma.19G259200.Wm82.a4.v1,0.6330871202856724
Glyma.10G172400.Wm82.a4.v1,0.6330822286357188
Glyma.17G152900.Wm82.a4.v1,0.6330724453358118
Glyma.19G105400.Wm82.a4.v1,0.6330626620359047
Glyma.11G102100.Wm82.a4.v1,0.6330528787359977
Glyma.13G073500.Wm82.a4.v1,0.6329941789365553
Glyma.03G082900.Wm82.a4.v1,0.6329403707870664
Glyma.01G191500.Wm82.a4.v1,0.6328816709876242
Glyma.07G185900.Wm82.a4.v1,0.63286210438781
Glyma.06G192000.Wm82.a4.v1,0.6328523210879029
Glyma.05G200600.Wm82.a4.v1,0.6328278628381353
Glyma.13G334200.Wm82.a4.v1,0.6328082962383211
Glyma.16G045900.Wm82.a4.v1,0.6327985129384142
Glyma.03G009100.Wm82.a4.v1,0.6327887296385071
Glyma.07G102900.Wm82.a4.v1,0.6327887296385071
Glyma.04G002200.Wm82.a4.v1,0.6327495964388788
Glyma.14G153000.Wm82.a4.v1,0.6327398131389718
Glyma.12G228300.Wm82.a4.v1,0.6327300298390647
Glyma.15G069400.Wm82.a4.v1,0.63269578828939
Glyma.04G101200.Wm82.a4.v1,0.6326615467397153
Glyma.05G032200.Wm82.a4.v1,0.63261263024018
Glyma.12G113200.Wm82.a4.v1,0.6325539304407377
Glyma.05G215600.Wm82.a4.v1,0.6325490387907842
Glyma.16G089400.Wm82.a4.v1,0.6325490387907842
Glyma.14G083300.Wm82.a4.v1,0.6325392554908771
Glyma.02G308500.Wm82.a4.v1,0.63252947219097
Glyma.06G025900.Wm82.a4.v1,0.6325147972411094
Glyma.13G118200.Wm82.a4.v1,0.6325050139412024
Glyma.07G063300.Wm82.a4.v1,0.6324805556914347
Glyma.20G022400.Wm82.a4.v1,0.6324707723915277
Glyma.16G210900.Wm82.a4.v1,0.6324512057917135
Glyma.05G212100.Wm82.a4.v1,0.6324316391918994
Glyma.01G154700.Wm82.a4.v1,0.6324120725920853
Glyma.11G090300.Wm82.a4.v1,0.6324071809421318
Glyma.15G210100.Wm82.a4.v1,0.6324022892921782
Glyma.20G103700.Wm82.a4.v1,0.6323827226923642
Glyma.19G082500.Wm82.a4.v1,0.6323191312429682
Glyma.10G236702.Wm82.a4.v1,0.6323093479430612
Glyma.11G027100.Wm82.a4.v1,0.6322212982438976
Glyma.05G102000.Wm82.a4.v1,0.6322017316440836
Glyma.19G249400.Wm82.a4.v1,0.63219683999413
Glyma.01G197100.Wm82.a4.v1,0.6321870566942229
Glyma.06G085300.Wm82.a4.v1,0.632177273394316
Glyma.04G021300.Wm82.a4.v1,0.6321723817443624
Glyma.03G209800.Wm82.a4.v1,0.6321625984444553
Glyma.06G166200.Wm82.a4.v1,0.6321430318446412
Glyma.17G016000.Wm82.a4.v1,0.6321283568947806
Glyma.04G178200.Wm82.a4.v1,0.6321185735948736
Glyma.05G090000.Wm82.a4.v1,0.6320549821454776
Glyma.09G009300.Wm82.a4.v1,0.63203052389571
Glyma.05G199800.Wm82.a4.v1,0.63203052389571
Glyma.13G276800.Wm82.a4.v1,0.6320207405958029
Glyma.12G051000.Wm82.a4.v1,0.6319913906960818
Glyma.13G290900.Wm82.a4.v1,0.6319669324463142
Glyma.14G183000.Wm82.a4.v1,0.6319571491464071
Glyma.06G297300.Wm82.a4.v1,0.6319473658465
Glyma.05G005600.Wm82.a4.v1,0.6319424741965465
Glyma.08G031500.Wm82.a4.v1,0.6319326908966394
Glyma.02G076500.Wm82.a4.v1,0.6319033409969183
Glyma.15G263400.Wm82.a4.v1,0.6318984493469647
Glyma.04G098900.Wm82.a4.v1,0.6318788827471506
Glyma.06G070600.Wm82.a4.v1,0.6318593161473365
Glyma.03G220700.Wm82.a4.v1,0.6318593161473365
Glyma.10G232300.Wm82.a4.v1,0.6318250745976618
Glyma.11G133200.Wm82.a4.v1,0.6317957246979407
Glyma.17G095000.Wm82.a4.v1,0.6317761580981265
Glyma.08G171700.Wm82.a4.v1,0.6317614831482659
Glyma.02G151400.Wm82.a4.v1,0.6317468081984053
Glyma.18G138400.Wm82.a4.v1,0.6317468081984053
Glyma.11G248400.Wm82.a4.v1,0.6317321332485447
Glyma.15G135500.Wm82.a4.v1,0.6316930000489165
Glyma.10G159800.Wm82.a4.v1,0.6316783250990559
Glyma.17G198300.Wm82.a4.v1,0.6316783250990559
Glyma.09G270200.Wm82.a4.v1,0.6315902753998924
Glyma.09G075400.Wm82.a4.v1,0.6315756004500318
Glyma.18G188700.Wm82.a4.v1,0.6315462505503107
Glyma.11G011600.Wm82.a4.v1,0.6315364672504036
Glyma.09G044000.Wm82.a4.v1,0.6315364672504036
Glyma.15G167800.Wm82.a4.v1,0.6315120090006359
Glyma.18G276900.Wm82.a4.v1,0.6314924424008218
Glyma.13G326500.Wm82.a4.v1,0.6314826591009147
Glyma.12G148600.Wm82.a4.v1,0.6314777674509612
Glyma.13G266300.Wm82.a4.v1,0.6314728758010076
Glyma.06G238400.Wm82.a4.v1,0.6314679841510541
Glyma.05G119400.Wm82.a4.v1,0.6314679841510541
Glyma.15G162300.Wm82.a4.v1,0.6314679841510541
Glyma.07G002200.Wm82.a4.v1,0.6314533092011936
Glyma.08G025800.Wm82.a4.v1,0.6314435259012865
Glyma.04G213300.Wm82.a4.v1,0.631438634251333
Glyma.06G217200.Wm82.a4.v1,0.631438634251333
Glyma.17G239000.Wm82.a4.v1,0.6314239593014724
Glyma.02G179100.Wm82.a4.v1,0.6314141760015654
Glyma.13G143600.Wm82.a4.v1,0.6313701511519836
Glyma.07G202700.Wm82.a4.v1,0.6313065597025876
Glyma.06G003600.Wm82.a4.v1,0.6312967764026807
Glyma.05G151700.Wm82.a4.v1,0.631272318152913
Glyma.04G093300.Wm82.a4.v1,0.6312331849532847
Glyma.15G249900.Wm82.a4.v1,0.6312234016533776
Glyma.08G296500.Wm82.a4.v1,0.6311695935038889
Glyma.08G095400.Wm82.a4.v1,0.6311695935038889
Glyma.15G129900.Wm82.a4.v1,0.6310913271046323
Glyma.08G022500.Wm82.a4.v1,0.6310815438047254
Glyma.08G254200.Wm82.a4.v1,0.6310766521547718
Glyma.18G242500.Wm82.a4.v1,0.6310619772049112
Glyma.04G024500.Wm82.a4.v1,0.6310521939050041
Glyma.18G265000.Wm82.a4.v1,0.631022844005283
Glyma.15G173200.Wm82.a4.v1,0.6310179523553294
Glyma.17G208400.Wm82.a4.v1,0.6309788191557012
Glyma.14G069800.Wm82.a4.v1,0.6309739275057477
Glyma.05G115700.Wm82.a4.v1,0.6309592525558871
Glyma.02G256700.Wm82.a4.v1,0.63094946925598
Glyma.18G212400.Wm82.a4.v1,0.6308712028567236
Glyma.06G155750.Wm82.a4.v1,0.6308418529570023
Glyma.11G165700.Wm82.a4.v1,0.6308369613070489
Glyma.04G113700.Wm82.a4.v1,0.6307831531575601
Glyma.05G067100.Wm82.a4.v1,0.6307342366580247
Glyma.07G207800.Wm82.a4.v1,0.6307097784082571
Glyma.11G218700.Wm82.a4.v1,0.6306853201584894
Glyma.08G320100.Wm82.a4.v1,0.630607053759233
Glyma.10G068100.Wm82.a4.v1,0.6305190040600694
Glyma.19G155700.Wm82.a4.v1,0.6305141124101159
Glyma.06G123400.Wm82.a4.v1,0.6305092207601624
Glyma.16G002300.Wm82.a4.v1,0.6305092207601624
Glyma.17G027700.Wm82.a4.v1,0.6304749792104877
Glyma.08G185300.Wm82.a4.v1,0.6304505209607201
Glyma.20G123200.Wm82.a4.v1,0.6304309543609059
Glyma.12G057300.Wm82.a4.v1,0.6304016044611848
Glyma.18G235000.Wm82.a4.v1,0.6303135547620212
Glyma.09G012900.Wm82.a4.v1,0.6303135547620212
Glyma.15G080133.Wm82.a4.v1,0.6303086631120677
Glyma.07G227100.Wm82.a4.v1,0.6302939881622072
Glyma.02G291600.Wm82.a4.v1,0.6302842048623001
Glyma.17G126200.Wm82.a4.v1,0.6302793132123465
Glyma.11G042600.Wm82.a4.v1,0.630274421562393
Glyma.07G232200.Wm82.a4.v1,0.6302401800127183
Glyma.20G009400.Wm82.a4.v1,0.6302352883627648
Glyma.17G065600.Wm82.a4.v1,0.6302206134129041
Glyma.08G221200.Wm82.a4.v1,0.6302108301129972
Glyma.20G057700.Wm82.a4.v1,0.6301961551631365
Glyma.04G026500.Wm82.a4.v1,0.6301765885633224
Glyma.09G259400.Wm82.a4.v1,0.6301423470136477
Glyma.04G012400.Wm82.a4.v1,0.6301227804138336
Glyma.06G032000.Wm82.a4.v1,0.6301129971139265
Glyma.18G071000.Wm82.a4.v1,0.6301129971139265
Glyma.14G136600.Wm82.a4.v1,0.6301032138140195
Glyma.02G057200.Wm82.a4.v1,0.6301032138140195
Glyma.02G306200.Wm82.a4.v1,0.6300934305141124
Glyma.19G135300.Wm82.a4.v1,0.6300738639142983
Glyma.16G142700.Wm82.a4.v1,0.6300396223646236
Glyma.06G005500.Wm82.a4.v1,0.6299907058650883
Glyma.06G151700.Wm82.a4.v1,0.6299858142151348
Glyma.13G042000.Wm82.a4.v1,0.6299760309152277
Glyma.13G135500.Wm82.a4.v1,0.6299662476153206
Glyma.10G268700.Wm82.a4.v1,0.6299466810155065
Glyma.09G024800.Wm82.a4.v1,0.6299026561659248
Glyma.02G149900.Wm82.a4.v1,0.629858631316343
Glyma.20G125800.Wm82.a4.v1,0.6298194981167148
Glyma.01G045300.Wm82.a4.v1,0.6298048231668542
Glyma.10G065300.Wm82.a4.v1,0.6297999315169006
Glyma.17G048200.Wm82.a4.v1,0.6297950398669471
Glyma.17G212100.Wm82.a4.v1,0.6297730274421562
Glyma.13G237200.Wm82.a4.v1,0.6297705816171795
Glyma.07G064400.Wm82.a4.v1,0.629692315217923
Glyma.03G027500.Wm82.a4.v1,0.6296678569681553
Glyma.19G094800.Wm82.a4.v1,0.6296678569681553
Glyma.01G171800.Wm82.a4.v1,0.6296482903683412
Glyma.18G054900.Wm82.a4.v1,0.6296238321185736
Glyma.19G077100.Wm82.a4.v1,0.6296140488186666
Glyma.17G215300.Wm82.a4.v1,0.629609157168713
Glyma.11G211643.Wm82.a4.v1,0.6295993738688059
Glyma.09G250200.Wm82.a4.v1,0.6295944822188524
Glyma.01G009900.Wm82.a4.v1,0.629525999119503
Glyma.06G094300.Wm82.a4.v1,0.6294770826199677
Glyma.13G223100.Wm82.a4.v1,0.6294624076701071
Glyma.20G031300.Wm82.a4.v1,0.6294575160201537
Glyma.08G264800.Wm82.a4.v1,0.6294379494203395
Glyma.11G064000.Wm82.a4.v1,0.6293547913711295
Glyma.09G000400.Wm82.a4.v1,0.6292911999217335
Glyma.13G168600.Wm82.a4.v1,0.6292716333219195
Glyma.03G229400.Wm82.a4.v1,0.6292031502225701
Glyma.04G141400.Wm82.a4.v1,0.629183583622756
Glyma.06G292900.Wm82.a4.v1,0.6291689086728953
Glyma.18G075400.Wm82.a4.v1,0.6291493420730813
Glyma.02G207700.Wm82.a4.v1,0.6291395587731742
Glyma.15G054900.Wm82.a4.v1,0.6291346671232206
Glyma.03G229200.Wm82.a4.v1,0.6291248838233136
Glyma.10G279300.Wm82.a4.v1,0.6290906422736389
Glyma.07G021800.Wm82.a4.v1,0.6290857506236853
Glyma.10G023300.Wm82.a4.v1,0.6290515090740106
Glyma.03G235700.Wm82.a4.v1,0.6290368341241501
Glyma.03G059200.Wm82.a4.v1,0.6290368341241501
Glyma.07G070300.Wm82.a4.v1,0.6289830259746613
Glyma.05G241500.Wm82.a4.v1,0.6289292178251724
Glyma.08G040000.Wm82.a4.v1,0.6288998679254513
Glyma.15G152600.Wm82.a4.v1,0.6288900846255442
Glyma.08G178400.Wm82.a4.v1,0.6288705180257301
Glyma.15G198300.Wm82.a4.v1,0.628860734725823
Glyma.15G184900.Wm82.a4.v1,0.628860734725823
Glyma.15G074000.Wm82.a4.v1,0.6288460597759624
Glyma.18G080000.Wm82.a4.v1,0.6288069265763342
Glyma.09G205800.Wm82.a4.v1,0.6287971432764271
Glyma.11G039000.Wm82.a4.v1,0.6287824683265666
Glyma.10G166800.Wm82.a4.v1,0.6287188768771707
Glyma.06G320600.Wm82.a4.v1,0.6287139852272171
Glyma.18G055000.Wm82.a4.v1,0.6286993102773566
Glyma.10G010800.Wm82.a4.v1,0.628684635327496
Glyma.12G043700.Wm82.a4.v1,0.6286650687276818
Glyma.11G004900.Wm82.a4.v1,0.6286503937778213
Glyma.11G121300.Wm82.a4.v1,0.6286210438781001
Glyma.04G021000.Wm82.a4.v1,0.6285672357286113
Glyma.20G189033.Wm82.a4.v1,0.6285525607787507
Glyma.05G130700.Wm82.a4.v1,0.6285281025289831
Glyma.15G202200.Wm82.a4.v1,0.6285232108790295
Glyma.13G152882.Wm82.a4.v1,0.6284694027295407
Glyma.16G029900.Wm82.a4.v1,0.6284253778799589
Glyma.09G166100.Wm82.a4.v1,0.6283911363302842
Glyma.20G000500.Wm82.a4.v1,0.6283617864305631
Glyma.08G331200.Wm82.a4.v1,0.6283471114807024
Glyma.02G230900.Wm82.a4.v1,0.6283471114807024
Glyma.20G222100.Wm82.a4.v1,0.6283422198307489
Glyma.20G128700.Wm82.a4.v1,0.6283397740057721
Glyma.14G089045.Wm82.a4.v1,0.6283226532309348
Glyma.06G313600.Wm82.a4.v1,0.6283079782810742
Glyma.01G189100.Wm82.a4.v1,0.6282981949811671
Glyma.09G187600.Wm82.a4.v1,0.6282248202318642
Glyma.20G115300.Wm82.a4.v1,0.6282003619820966
Glyma.02G196500.Wm82.a4.v1,0.6281172039328866
Glyma.19G028400.Wm82.a4.v1,0.628102528983026
Glyma.12G158000.Wm82.a4.v1,0.6280927456831189
Glyma.19G036600.Wm82.a4.v1,0.6280780707332583
Glyma.19G194600.Wm82.a4.v1,0.6280438291835836
Glyma.06G173700.Wm82.a4.v1,0.6280291542337231
Glyma.08G178600.Wm82.a4.v1,0.6280095876339089
Glyma.18G079400.Wm82.a4.v1,0.6279998043340018
Glyma.03G212100.Wm82.a4.v1,0.6279900210340948
Glyma.10G022900.Wm82.a4.v1,0.6279655627843271
Glyma.12G159600.Wm82.a4.v1,0.6279459961845131
Glyma.18G131200.Wm82.a4.v1,0.6278481631854425
Glyma.06G047000.Wm82.a4.v1,0.6277747884361395
Glyma.09G261100.Wm82.a4.v1,0.6277650051362325
Glyma.16G078500.Wm82.a4.v1,0.6277601134862789
Glyma.13G235600.Wm82.a4.v1,0.6277209802866507
Glyma.05G134900.Wm82.a4.v1,0.6277111969867436
Glyma.04G019000.Wm82.a4.v1,0.6277063053367901
Glyma.18G159100.Wm82.a4.v1,0.6276745096120921
Glyma.07G163700.Wm82.a4.v1,0.6276084723377195
Glyma.02G304200.Wm82.a4.v1,0.6275937973878589
Glyma.08G304700.Wm82.a4.v1,0.6275595558381842
Glyma.04G084600.Wm82.a4.v1,0.6275546641882307
Glyma.08G346200.Wm82.a4.v1,0.6275497725382772
Glyma.08G010100.Wm82.a4.v1,0.6275253142885096
Glyma.14G219700.Wm82.a4.v1,0.6275106393386489
Glyma.03G033200.Wm82.a4.v1,0.6274274812894389
Glyma.15G235900.Wm82.a4.v1,0.6274128063395783
Glyma.02G248300.Wm82.a4.v1,0.6273883480898107
Glyma.13G208600.Wm82.a4.v1,0.6273638898400431
Glyma.08G221400.Wm82.a4.v1,0.6273443232402289
Glyma.01G245500.Wm82.a4.v1,0.6273443232402289
Glyma.04G254900.Wm82.a4.v1,0.6273247566404148
Glyma.20G101400.Wm82.a4.v1,0.6273198649904613
Glyma.05G010900.Wm82.a4.v1,0.6272856234407865
Glyma.18G076300.Wm82.a4.v1,0.6272073570415301
Glyma.15G113700.Wm82.a4.v1,0.6271828987917625
Glyma.18G279500.Wm82.a4.v1,0.6271535488920413
Glyma.20G217700.Wm82.a4.v1,0.6271217531673433
Glyma.04G053300.Wm82.a4.v1,0.6270752824927848
Glyma.16G153800.Wm82.a4.v1,0.6270067993934354
Glyma.13G211600.Wm82.a4.v1,0.6270019077434819
Glyma.14G201900.Wm82.a4.v1,0.6269872327936213
Glyma.05G225500.Wm82.a4.v1,0.6269872327936213
Glyma.16G060500.Wm82.a4.v1,0.6269725578437607
Glyma.09G019200.Wm82.a4.v1,0.6269627745438536
Glyma.13G044600.Wm82.a4.v1,0.6269285329941789
Glyma.14G193600.Wm82.a4.v1,0.6269187496942719
Glyma.13G222300.Wm82.a4.v1,0.6269089663943648
Glyma.14G129700.Wm82.a4.v1,0.6268845081445972
Glyma.03G258300.Wm82.a4.v1,0.6268209166952013
Glyma.17G152700.Wm82.a4.v1,0.6268209166952013
Glyma.19G113700.Wm82.a4.v1,0.6268160250452478
Glyma.03G126200.Wm82.a4.v1,0.6267964584454336
Glyma.19G064000.Wm82.a4.v1,0.6267768918456196
Glyma.15G086900.Wm82.a4.v1,0.6267573252458054
Glyma.17G190800.Wm82.a4.v1,0.6266546005967812
Glyma.12G025100.Wm82.a4.v1,0.6266203590471066
Glyma.17G012500.Wm82.a4.v1,0.626595900797339
Glyma.19G207100.Wm82.a4.v1,0.626564105072641
Glyma.17G206600.Wm82.a4.v1,0.6264980677982683
Glyma.17G233800.Wm82.a4.v1,0.6264736095485007
Glyma.06G323800.Wm82.a4.v1,0.6264736095485007
Glyma.15G099700.Wm82.a4.v1,0.6264589345986401
Glyma.18G081400.Wm82.a4.v1,0.6264540429486866
Glyma.20G218700.Wm82.a4.v1,0.6264198013990119
Glyma.09G231900.Wm82.a4.v1,0.6264002347991978
Glyma.13G313600.Wm82.a4.v1,0.6263953431492443
Glyma.07G109900.Wm82.a4.v1,0.6263268600498948
Glyma.11G112900.Wm82.a4.v1,0.6263268600498948
Glyma.06G116600.Wm82.a4.v1,0.6262583769505454
Glyma.04G080900.Wm82.a4.v1,0.6262485936506383
Glyma.09G252000.Wm82.a4.v1,0.6262339187007778
Glyma.13G365400.Wm82.a4.v1,0.6262339187007778
Glyma.20G020100.Wm82.a4.v1,0.6262241354008707
Glyma.01G010300.Wm82.a4.v1,0.6262241354008707
Glyma.06G142400.Wm82.a4.v1,0.6262143521009637
Glyma.16G097200.Wm82.a4.v1,0.626180110551289
Glyma.20G088200.Wm82.a4.v1,0.626180110551289
Glyma.10G095500.Wm82.a4.v1,0.6261703272513819
Glyma.07G081800.Wm82.a4.v1,0.6261458690016143
Glyma.05G238800.Wm82.a4.v1,0.6261409773516607
Glyma.13G209700.Wm82.a4.v1,0.6261067358019861
Glyma.12G025800.Wm82.a4.v1,0.626096952502079
Glyma.16G045700.Wm82.a4.v1,0.626096952502079
Glyma.09G266500.Wm82.a4.v1,0.6259648779533337
Glyma.16G009700.Wm82.a4.v1,0.6259159614537984
Glyma.14G012400.Wm82.a4.v1,0.6259159614537984
Glyma.08G136100.Wm82.a4.v1,0.6259110698038448
Glyma.04G132300.Wm82.a4.v1,0.6258083451548208
Glyma.08G025600.Wm82.a4.v1,0.6257985618549137
Glyma.04G014400.Wm82.a4.v1,0.6257056205057966
Glyma.08G337200.Wm82.a4.v1,0.6256958372058895
Glyma.05G191800.Wm82.a4.v1,0.625690945555936
Glyma.06G074300.Wm82.a4.v1,0.6256615956562148
Glyma.04G075400.Wm82.a4.v1,0.6256322457564937
Glyma.02G303600.Wm82.a4.v1,0.6255686543070977
Glyma.08G241300.Wm82.a4.v1,0.6255637626571443
Glyma.04G196500.Wm82.a4.v1,0.625514846157609
Glyma.02G207200.Wm82.a4.v1,0.625514846157609
Glyma.06G007900.Wm82.a4.v1,0.6255050628577019
Glyma.06G098800.Wm82.a4.v1,0.6255050628577019
Glyma.14G081600.Wm82.a4.v1,0.6254952795577948
Glyma.10G167300.Wm82.a4.v1,0.6254561463581666
Glyma.10G208700.Wm82.a4.v1,0.6254463630582595
Glyma.08G161000.Wm82.a4.v1,0.6254463630582595
Glyma.06G306500.Wm82.a4.v1,0.625431688108399
Glyma.13G063600.Wm82.a4.v1,0.6254023382086777
Glyma.09G014100.Wm82.a4.v1,0.6253925549087708
Glyma.12G068000.Wm82.a4.v1,0.6253827716088637
Glyma.05G205467.Wm82.a4.v1,0.6253778799589101
Glyma.14G008300.Wm82.a4.v1,0.625358313359096
Glyma.19G091800.Wm82.a4.v1,0.6253436384092355
Glyma.02G191100.Wm82.a4.v1,0.6253387467592819
Glyma.17G082300.Wm82.a4.v1,0.6253142885095142
Glyma.04G029400.Wm82.a4.v1,0.6252996135596537
Glyma.13G107800.Wm82.a4.v1,0.6252898302597466
Glyma.04G009800.Wm82.a4.v1,0.6252898302597466
Glyma.16G036400.Wm82.a4.v1,0.625265372009979
Glyma.02G138800.Wm82.a4.v1,0.625265372009979
Glyma.07G000900.Wm82.a4.v1,0.6252555887100719
Glyma.14G149300.Wm82.a4.v1,0.6252262388103508
Glyma.02G052900.Wm82.a4.v1,0.6252066722105366
Glyma.15G249000.Wm82.a4.v1,0.6251871056107225
Glyma.19G072100.Wm82.a4.v1,0.6250941642616055
Glyma.13G084300.Wm82.a4.v1,0.6250843809616984
Glyma.13G085400.Wm82.a4.v1,0.6250403561121166
Glyma.18G013200.Wm82.a4.v1,0.6250110062123955
Glyma.04G169500.Wm82.a4.v1,0.6249963312625348
Glyma.04G069700.Wm82.a4.v1,0.6249620897128602
Glyma.11G194300.Wm82.a4.v1,0.6249278481631855
Glyma.08G026800.Wm82.a4.v1,0.624859365063836
Glyma.12G062300.Wm82.a4.v1,0.6248446901139755
Glyma.13G049400.Wm82.a4.v1,0.6248446901139755
Glyma.13G131900.Wm82.a4.v1,0.6248397984640219
Glyma.12G072200.Wm82.a4.v1,0.6247713153646725
Glyma.17G144700.Wm82.a4.v1,0.6247713153646725
Glyma.16G048900.Wm82.a4.v1,0.6247517487648584
Glyma.10G250800.Wm82.a4.v1,0.6247419654649513
Glyma.11G230700.Wm82.a4.v1,0.6247370738149978
Glyma.02G127200.Wm82.a4.v1,0.6247321821650442
Glyma.05G200800.Wm82.a4.v1,0.6247223988651373
Glyma.19G018800.Wm82.a4.v1,0.6246979406153695
Glyma.11G249300.Wm82.a4.v1,0.624683265665509
Glyma.10G206100.Wm82.a4.v1,0.6246783740155555
Glyma.17G183400.Wm82.a4.v1,0.6246734823656019
Glyma.04G251800.Wm82.a4.v1,0.6246392408159273
Glyma.14G186900.Wm82.a4.v1,0.6245022746172284
Glyma.08G078600.Wm82.a4.v1,0.6244924913173213
Glyma.17G194400.Wm82.a4.v1,0.6244729247175073
Glyma.09G011800.Wm82.a4.v1,0.6244191165680184
Glyma.19G160200.Wm82.a4.v1,0.6243359585188084
Glyma.20G212600.Wm82.a4.v1,0.6242870420192731
Glyma.13G238400.Wm82.a4.v1,0.6242870420192731
Glyma.03G182800.Wm82.a4.v1,0.6242723670694125
Glyma.11G161500.Wm82.a4.v1,0.6242723670694125
Glyma.02G103700.Wm82.a4.v1,0.6242674754194589
Glyma.12G128800.Wm82.a4.v1,0.6242430171696913
Glyma.07G266800.Wm82.a4.v1,0.6242087756200166
Glyma.17G117500.Wm82.a4.v1,0.6241892090202025
Glyma.18G055200.Wm82.a4.v1,0.6241451841706207
Glyma.06G180600.Wm82.a4.v1,0.6241011593210389
Glyma.05G002600.Wm82.a4.v1,0.6240522428215037
Glyma.19G010600.Wm82.a4.v1,0.6239837597221543
Glyma.07G014400.Wm82.a4.v1,0.6239739764222473
Glyma.18G247400.Wm82.a4.v1,0.6239739764222473
Glyma.16G035200.Wm82.a4.v1,0.6239397348725725
Glyma.18G042600.Wm82.a4.v1,0.6239006016729443
Glyma.09G110100.Wm82.a4.v1,0.6238321185735949
Glyma.05G021000.Wm82.a4.v1,0.6238125519737807
Glyma.13G131800.Wm82.a4.v1,0.6237880937240131
Glyma.01G149800.Wm82.a4.v1,0.623778310424106
Glyma.13G166300.Wm82.a4.v1,0.6237636354742455
Glyma.17G090100.Wm82.a4.v1,0.6237538521743384
Glyma.06G160100.Wm82.a4.v1,0.6237245022746172
Glyma.05G058500.Wm82.a4.v1,0.6237098273247567
Glyma.15G257600.Wm82.a4.v1,0.6237049356748031
Glyma.07G213600.Wm82.a4.v1,0.6236462358753607
Glyma.04G242800.Wm82.a4.v1,0.6236315609255002
Glyma.19G149400.Wm82.a4.v1,0.6235728611260578
Glyma.19G121400.Wm82.a4.v1,0.6235532945262438
Glyma.20G130800.Wm82.a4.v1,0.623528836276476
Glyma.15G008100.Wm82.a4.v1,0.623519052976569
Glyma.10G279100.Wm82.a4.v1,0.623509269676662
Glyma.13G233500.Wm82.a4.v1,0.6234994863767549
Glyma.02G074100.Wm82.a4.v1,0.6234701364770338
Glyma.12G032500.Wm82.a4.v1,0.6234652448270802
Glyma.19G168400.Wm82.a4.v1,0.6234407865773125
Glyma.10G013700.Wm82.a4.v1,0.6234212199774984
Glyma.12G186600.Wm82.a4.v1,0.6234016533776843
Glyma.14G208100.Wm82.a4.v1,0.6234016533776843
Glyma.20G240500.Wm82.a4.v1,0.6233380619282884
Glyma.06G029300.Wm82.a4.v1,0.6232989287286602
Glyma.02G052400.Wm82.a4.v1,0.6232940370787067
Glyma.11G076700.Wm82.a4.v1,0.6232744704788925
Glyma.16G176100.Wm82.a4.v1,0.623269578828939
Glyma.01G154300.Wm82.a4.v1,0.6232353372792643
Glyma.14G223300.Wm82.a4.v1,0.6232255539793572
Glyma.17G121000.Wm82.a4.v1,0.623196204079636
Glyma.19G004700.Wm82.a4.v1,0.6231815291297754
Glyma.05G116700.Wm82.a4.v1,0.6231668541799149
Glyma.16G130900.Wm82.a4.v1,0.6231619625299614
Glyma.09G262400.Wm82.a4.v1,0.6231619625299614
Glyma.06G095400.Wm82.a4.v1,0.6231375042801937
Glyma.14G032300.Wm82.a4.v1,0.6231277209802867
Glyma.20G228700.Wm82.a4.v1,0.6231228293303331
Glyma.13G163400.Wm82.a4.v1,0.6231179376803796
Glyma.07G108500.Wm82.a4.v1,0.623010321381402
Glyma.19G170300.Wm82.a4.v1,0.6229711881817737
Glyma.20G246400.Wm82.a4.v1,0.6229565132319131
Glyma.14G126700.Wm82.a4.v1,0.6229516215819596
Glyma.03G190000.Wm82.a4.v1,0.6229516215819596
Glyma.09G060300.Wm82.a4.v1,0.6229075967323778
Glyma.17G164400.Wm82.a4.v1,0.6228978134324707
Glyma.17G000900.Wm82.a4.v1,0.6228782468326567
Glyma.13G291000.Wm82.a4.v1,0.622844005282982
Glyma.20G202100.Wm82.a4.v1,0.6228342219830749
Glyma.12G117600.Wm82.a4.v1,0.6228195470332143
Glyma.12G192200.Wm82.a4.v1,0.6228048720833537
Glyma.17G040700.Wm82.a4.v1,0.6227999804334002
Glyma.16G067800.Wm82.a4.v1,0.6227999804334002
Glyma.05G185600.Wm82.a4.v1,0.6227804138335861
Glyma.12G075000.Wm82.a4.v1,0.6227755221836325
Glyma.03G257700.Wm82.a4.v1,0.6227608472337719
Glyma.10G096800.Wm82.a4.v1,0.6227363889840043
Glyma.13G009100.Wm82.a4.v1,0.6227314973340508
Glyma.18G091000.Wm82.a4.v1,0.6227070390842832
Glyma.17G161600.Wm82.a4.v1,0.6226679058846549
Glyma.07G101700.Wm82.a4.v1,0.6226630142347014
Glyma.05G137400.Wm82.a4.v1,0.622604314435259
Glyma.01G035300.Wm82.a4.v1,0.6225896394853985
Glyma.19G228000.Wm82.a4.v1,0.6225309396859561
Glyma.08G325300.Wm82.a4.v1,0.622521156386049
Glyma.18G292900.Wm82.a4.v1,0.6224966981362814
Glyma.11G084000.Wm82.a4.v1,0.6224820231864208
Glyma.14G096000.Wm82.a4.v1,0.6224428899867925
Glyma.09G165600.Wm82.a4.v1,0.6224428899867925
Glyma.19G003200.Wm82.a4.v1,0.6224135400870714
Glyma.15G262200.Wm82.a4.v1,0.6223939734872572
Glyma.13G162800.Wm82.a4.v1,0.6223157070880008
Glyma.05G063900.Wm82.a4.v1,0.6223059237880937
Glyma.02G208900.Wm82.a4.v1,0.6222472239886514
Glyma.10G099400.Wm82.a4.v1,0.6222374406887443
Glyma.12G033000.Wm82.a4.v1,0.6222129824389767
Glyma.04G090300.Wm82.a4.v1,0.6221298243897667
Glyma.04G209600.Wm82.a4.v1,0.6221004744900455
Glyma.13G029700.Wm82.a4.v1,0.6220955828400919
Glyma.11G136100.Wm82.a4.v1,0.6220711245903243
Glyma.18G229700.Wm82.a4.v1,0.6219977498410214
Glyma.13G051100.Wm82.a4.v1,0.6219928581910679
Glyma.15G193100.Wm82.a4.v1,0.6219488333414861
Glyma.07G223300.Wm82.a4.v1,0.6219292667416719
Glyma.03G104300.Wm82.a4.v1,0.6218803502421367
Glyma.01G206200.Wm82.a4.v1,0.6218754585921832
Glyma.03G206600.Wm82.a4.v1,0.6218607836423226
Glyma.05G152000.Wm82.a4.v1,0.6218412170425084
Glyma.13G195100.Wm82.a4.v1,0.6218118671427872
Glyma.15G105800.Wm82.a4.v1,0.6217874088930196
Glyma.09G000500.Wm82.a4.v1,0.6217776255931126
Glyma.10G149900.Wm82.a4.v1,0.6217678422932055
Glyma.17G201000.Wm82.a4.v1,0.6217678422932055
Glyma.03G040600.Wm82.a4.v1,0.6217238174436237
Glyma.08G295700.Wm82.a4.v1,0.6217189257936702
Glyma.17G107700.Wm82.a4.v1,0.6217042508438096
Glyma.14G022900.Wm82.a4.v1,0.6215917428948784
Glyma.01G207800.Wm82.a4.v1,0.6215526096952502
Glyma.11G088600.Wm82.a4.v1,0.6215354889204129
Glyma.11G241702.Wm82.a4.v1,0.6215330430954361
Glyma.07G069800.Wm82.a4.v1,0.6214939098958079
Glyma.02G128000.Wm82.a4.v1,0.6214890182458543
Glyma.15G010900.Wm82.a4.v1,0.621440101746319
Glyma.11G000700.Wm82.a4.v1,0.6214352100963655
Glyma.01G017100.Wm82.a4.v1,0.621430318446412
Glyma.13G154600.Wm82.a4.v1,0.6214058601966443
Glyma.02G129300.Wm82.a4.v1,0.6214058601966443
Glyma.19G236500.Wm82.a4.v1,0.6213324854473414
Glyma.09G065200.Wm82.a4.v1,0.6213080271975737
Glyma.11G017000.Wm82.a4.v1,0.621273785647899
Glyma.02G254000.Wm82.a4.v1,0.621273785647899
Glyma.15G236500.Wm82.a4.v1,0.6212493273981314
Glyma.15G203700.Wm82.a4.v1,0.6212150858484566
Glyma.03G106500.Wm82.a4.v1,0.621190627598689
Glyma.04G107300.Wm82.a4.v1,0.621180844298782
Glyma.13G217900.Wm82.a4.v1,0.6211710609988749
Glyma.06G041400.Wm82.a4.v1,0.6211710609988749
Glyma.02G101500.Wm82.a4.v1,0.6211661693489214
Glyma.06G318200.Wm82.a4.v1,0.6210830112997114
Glyma.12G090500.Wm82.a4.v1,0.6210536613999902
Glyma.11G089900.Wm82.a4.v1,0.6210487697500366
Glyma.15G101400.Wm82.a4.v1,0.6210438781000832
Glyma.09G225300.Wm82.a4.v1,0.621014528200362
Glyma.09G162100.Wm82.a4.v1,0.6209998532505014
Glyma.03G110200.Wm82.a4.v1,0.6209607200508731
Glyma.07G185000.Wm82.a4.v1,0.6208775620016631
Glyma.16G044600.Wm82.a4.v1,0.6208531037518955
Glyma.10G233200.Wm82.a4.v1,0.6207944039524531
Glyma.04G154100.Wm82.a4.v1,0.6207944039524531
Glyma.17G165100.Wm82.a4.v1,0.6207895123024997
Glyma.04G218200.Wm82.a4.v1,0.6207454874529179
Glyma.07G144800.Wm82.a4.v1,0.6207259208531037
Glyma.15G136000.Wm82.a4.v1,0.6206965709533826
Glyma.09G099400.Wm82.a4.v1,0.6206867876534755
Glyma.13G307600.Wm82.a4.v1,0.6206770043535684
Glyma.19G202200.Wm82.a4.v1,0.6206770043535684
Glyma.18G196200.Wm82.a4.v1,0.6206329795039867
Glyma.19G204800.Wm82.a4.v1,0.6206280878540331
Glyma.09G247600.Wm82.a4.v1,0.6205889546544049
Glyma.08G288600.Wm82.a4.v1,0.6205840630044513
Glyma.11G015900.Wm82.a4.v1,0.6204960133052879
Glyma.16G210400.Wm82.a4.v1,0.6204960133052879
Glyma.19G075800.Wm82.a4.v1,0.6204568801056597
Glyma.15G138200.Wm82.a4.v1,0.620432421855892
Glyma.20G107700.Wm82.a4.v1,0.6204275302059384
Glyma.02G009700.Wm82.a4.v1,0.6203981803062173
Glyma.04G018300.Wm82.a4.v1,0.6203932886562638
Glyma.05G223500.Wm82.a4.v1,0.6203590471065891
Glyma.14G135001.Wm82.a4.v1,0.6203590471065891
Glyma.07G002800.Wm82.a4.v1,0.6203541554566355
Glyma.06G031700.Wm82.a4.v1,0.6203541554566355
Glyma.14G040700.Wm82.a4.v1,0.6203248055569144
Glyma.08G042200.Wm82.a4.v1,0.6203199139069608
Glyma.14G182100.Wm82.a4.v1,0.6202856723572862
Glyma.07G040100.Wm82.a4.v1,0.6202122976079831
Glyma.08G153800.Wm82.a4.v1,0.6202025143080762
Glyma.04G110300.Wm82.a4.v1,0.620182947708262
Glyma.02G238200.Wm82.a4.v1,0.6201731644083549
Glyma.10G176200.Wm82.a4.v1,0.6201731644083549
Glyma.08G362200.Wm82.a4.v1,0.6201731644083549
Glyma.04G220000.Wm82.a4.v1,0.6201682727584014
Glyma.10G286500.Wm82.a4.v1,0.6201438145086338
Glyma.04G210100.Wm82.a4.v1,0.6201144646089126
Glyma.06G138000.Wm82.a4.v1,0.6201046813090055
Glyma.13G236400.Wm82.a4.v1,0.6200704397593308
Glyma.17G248200.Wm82.a4.v1,0.6200606564594238
Glyma.14G084700.Wm82.a4.v1,0.6200410898596096
Glyma.08G185900.Wm82.a4.v1,0.6200215232597955
Glyma.02G238100.Wm82.a4.v1,0.6199921733600744
Glyma.11G145600.Wm82.a4.v1,0.6199481485104926
Glyma.14G075900.Wm82.a4.v1,0.619933473560632
Glyma.13G352900.Wm82.a4.v1,0.6199041236609109
Glyma.13G099300.Wm82.a4.v1,0.6199041236609109
Glyma.05G199100.Wm82.a4.v1,0.6198649904612826
Glyma.10G255600.Wm82.a4.v1,0.619850315511422
Glyma.11G223000.Wm82.a4.v1,0.6198062906618402
Glyma.19G188800.Wm82.a4.v1,0.6197524825123514
Glyma.01G196000.Wm82.a4.v1,0.6197426992124444
Glyma.10G066300.Wm82.a4.v1,0.6197426992124444
Glyma.10G005500.Wm82.a4.v1,0.619683999413002
Glyma.10G156000.Wm82.a4.v1,0.6196791077630485
Glyma.04G167300.Wm82.a4.v1,0.6196350829134667
Glyma.09G150100.Wm82.a4.v1,0.6196252996135596
Glyma.07G181000.Wm82.a4.v1,0.6196155163136526
Glyma.18G126500.Wm82.a4.v1,0.6195959497138385
Glyma.11G182800.Wm82.a4.v1,0.6195910580638849
Glyma.01G235900.Wm82.a4.v1,0.6195910580638849
Glyma.10G057800.Wm82.a4.v1,0.6195812747639778
Glyma.09G268300.Wm82.a4.v1,0.6195714914640709
Glyma.04G096666.Wm82.a4.v1,0.6195030083647214
Glyma.19G229900.Wm82.a4.v1,0.6194834417649073
Glyma.10G166000.Wm82.a4.v1,0.6193953920657438
Glyma.07G046200.Wm82.a4.v1,0.6193709338159761
Glyma.20G165000.Wm82.a4.v1,0.6193562588661156
Glyma.09G256600.Wm82.a4.v1,0.6193415839162549
Glyma.03G241500.Wm82.a4.v1,0.6193122340165338
Glyma.11G037900.Wm82.a4.v1,0.6192779924668591
Glyma.18G171400.Wm82.a4.v1,0.6192731008169056
Glyma.06G253700.Wm82.a4.v1,0.619268209166952
Glyma.04G071500.Wm82.a4.v1,0.6192633175169985
Glyma.14G140600.Wm82.a4.v1,0.6192339676172773
Glyma.20G050200.Wm82.a4.v1,0.6192144010174632
Glyma.14G097800.Wm82.a4.v1,0.6191899427676956
Glyma.08G318800.Wm82.a4.v1,0.6191801594677885
Glyma.17G126800.Wm82.a4.v1,0.6191214596683461
Glyma.06G185400.Wm82.a4.v1,0.6190872181186714
Glyma.20G213000.Wm82.a4.v1,0.6190627598689038
Glyma.13G181100.Wm82.a4.v1,0.6190383016191361
Glyma.07G125200.Wm82.a4.v1,0.6189844934696473
Glyma.16G005600.Wm82.a4.v1,0.6189404686200656
Glyma.07G085100.Wm82.a4.v1,0.6188964437704838
Glyma.10G195900.Wm82.a4.v1,0.6188670938707627
Glyma.08G165700.Wm82.a4.v1,0.6188573105708556
Glyma.11G136200.Wm82.a4.v1,0.618852418920902
Glyma.01G213800.Wm82.a4.v1,0.6188475272709485
Glyma.04G191600.Wm82.a4.v1,0.6188132857212738
Glyma.18G022500.Wm82.a4.v1,0.6187888274715061
Glyma.19G055900.Wm82.a4.v1,0.6187839358215526
Glyma.04G209000.Wm82.a4.v1,0.6187741525216456
Glyma.12G072100.Wm82.a4.v1,0.618759477571785
Glyma.12G141400.Wm82.a4.v1,0.6187448026219243
Glyma.15G269600.Wm82.a4.v1,0.6187350193220174
Glyma.05G025200.Wm82.a4.v1,0.6187350193220174
Glyma.10G250100.Wm82.a4.v1,0.6187301276720638
Glyma.03G109400.Wm82.a4.v1,0.6187252360221103
Glyma.17G232225.Wm82.a4.v1,0.6187105610722496
Glyma.12G065700.Wm82.a4.v1,0.6186909944724356
Glyma.08G175500.Wm82.a4.v1,0.6186567529227609
Glyma.09G007700.Wm82.a4.v1,0.6186518612728074
Glyma.06G126400.Wm82.a4.v1,0.6186469696228538
Glyma.04G128700.Wm82.a4.v1,0.6186127280731791
Glyma.06G159100.Wm82.a4.v1,0.6185638115736438
Glyma.09G021400.Wm82.a4.v1,0.6185540282737367
Glyma.06G300600.Wm82.a4.v1,0.618510003424155
Glyma.06G150000.Wm82.a4.v1,0.6184610869246197
Glyma.19G195900.Wm82.a4.v1,0.6184317370248985
Glyma.05G117600.Wm82.a4.v1,0.6183387956757814
Glyma.08G002900.Wm82.a4.v1,0.6183192290759674
Glyma.07G231800.Wm82.a4.v1,0.6182752042263856
Glyma.19G049500.Wm82.a4.v1,0.6182703125764321
Glyma.02G020800.Wm82.a4.v1,0.6182703125764321
Glyma.06G305700.Wm82.a4.v1,0.6182311793768038
Glyma.16G054600.Wm82.a4.v1,0.6182165044269432
Glyma.04G144600.Wm82.a4.v1,0.6181920461771756
Glyma.13G130400.Wm82.a4.v1,0.6181724795773614
Glyma.17G025500.Wm82.a4.v1,0.6181480213275938
Glyma.05G023300.Wm82.a4.v1,0.6181480213275938
Glyma.07G254502.Wm82.a4.v1,0.6181039964780121
Glyma.10G087300.Wm82.a4.v1,0.6180550799784768
Glyma.12G068100.Wm82.a4.v1,0.6180550799784768
Glyma.18G014900.Wm82.a4.v1,0.6180404050286161
Glyma.18G048700.Wm82.a4.v1,0.6180404050286161
Glyma.08G100700.Wm82.a4.v1,0.6180355133786626
Glyma.20G025500.Wm82.a4.v1,0.618030621728709
Glyma.06G164300.Wm82.a4.v1,0.618011055128895
Glyma.12G140100.Wm82.a4.v1,0.6179963801790344
Glyma.11G138800.Wm82.a4.v1,0.6179914885290808
Glyma.08G135600.Wm82.a4.v1,0.6179768135792203
Glyma.03G004200.Wm82.a4.v1,0.6179523553294526
Glyma.U031110.Wm82.a4.v1,0.6179034388299174
Glyma.06G307200.Wm82.a4.v1,0.6178789805801497
Glyma.13G229200.Wm82.a4.v1,0.617781147581079
Glyma.19G162400.Wm82.a4.v1,0.617761580981265
Glyma.13G193600.Wm82.a4.v1,0.617761580981265
Glyma.07G155300.Wm82.a4.v1,0.6177566893313114
Glyma.13G130800.Wm82.a4.v1,0.6177517976813579
Glyma.05G053800.Wm82.a4.v1,0.6177175561316832
Glyma.19G142400.Wm82.a4.v1,0.6176539646822873
Glyma.09G205900.Wm82.a4.v1,0.6176343980824732
Glyma.04G234100.Wm82.a4.v1,0.6176295064325197
Glyma.11G147317.Wm82.a4.v1,0.6176295064325197
Glyma.08G309300.Wm82.a4.v1,0.6176246147825661
Glyma.20G006400.Wm82.a4.v1,0.6176197231326126
Glyma.17G017300.Wm82.a4.v1,0.6176099398327056
Glyma.07G080300.Wm82.a4.v1,0.6175854815829379
Glyma.13G181400.Wm82.a4.v1,0.6175805899329844
Glyma.03G135000.Wm82.a4.v1,0.6175805899329844
Glyma.19G154900.Wm82.a4.v1,0.6175463483833097
Glyma.20G217200.Wm82.a4.v1,0.6175414567333561
Glyma.13G153120.Wm82.a4.v1,0.6175316734334491
Glyma.14G076600.Wm82.a4.v1,0.6175218901335421
Glyma.05G053000.Wm82.a4.v1,0.6174827569339139
Glyma.06G044700.Wm82.a4.v1,0.6174778652839603
Glyma.13G284800.Wm82.a4.v1,0.6174582986841461
Glyma.16G179200.Wm82.a4.v1,0.6174485153842391
Glyma.06G010600.Wm82.a4.v1,0.6174436237342856
Glyma.20G049200.Wm82.a4.v1,0.6173115491855403
Glyma.12G019700.Wm82.a4.v1,0.6173115491855403
Glyma.16G089300.Wm82.a4.v1,0.6172675243359586
Glyma.20G103200.Wm82.a4.v1,0.6172675243359586
Glyma.12G166500.Wm82.a4.v1,0.6172381744362373
Glyma.04G093100.Wm82.a4.v1,0.6172137161864697
Glyma.18G268400.Wm82.a4.v1,0.6172088245365162
Glyma.16G056000.Wm82.a4.v1,0.6171501247370739
Glyma.20G150900.Wm82.a4.v1,0.6171403414371668
Glyma.13G080400.Wm82.a4.v1,0.6171403414371668
Glyma.14G028800.Wm82.a4.v1,0.6171012082375386
Glyma.03G021100.Wm82.a4.v1,0.6170914249376315
Glyma.10G091300.Wm82.a4.v1,0.6170474000880497
Glyma.10G015300.Wm82.a4.v1,0.6169887002886073
Glyma.14G010500.Wm82.a4.v1,0.6169838086386538
Glyma.16G032700.Wm82.a4.v1,0.6169642420388397
Glyma.09G083100.Wm82.a4.v1,0.6169593503888862
Glyma.01G224200.Wm82.a4.v1,0.6169251088392115
Glyma.17G140800.Wm82.a4.v1,0.6169202171892579
Glyma.17G027300.Wm82.a4.v1,0.616846842439955
Glyma.11G059500.Wm82.a4.v1,0.6167832509905591
Glyma.08G232000.Wm82.a4.v1,0.6167734676906521
Glyma.19G068600.Wm82.a4.v1,0.6167441177909309
Glyma.04G125500.Wm82.a4.v1,0.6167049845913026
Glyma.15G263200.Wm82.a4.v1,0.6166903096414421
Glyma.15G002100.Wm82.a4.v1,0.6166756346915815
Glyma.10G124300.Wm82.a4.v1,0.6166462847918603
Glyma.13G235400.Wm82.a4.v1,0.6165778016925109
Glyma.09G132500.Wm82.a4.v1,0.6165191018930686
Glyma.09G269000.Wm82.a4.v1,0.6165191018930686
Glyma.02G272700.Wm82.a4.v1,0.6164750770434868
Glyma.15G121600.Wm82.a4.v1,0.6164604020936262
Glyma.13G157300.Wm82.a4.v1,0.6164065939441373
Glyma.11G065100.Wm82.a4.v1,0.6163919189942768
Glyma.01G109600.Wm82.a4.v1,0.6163870273443233
Glyma.14G057500.Wm82.a4.v1,0.6163870273443233
Glyma.12G069100.Wm82.a4.v1,0.6163185442449738
Glyma.16G032500.Wm82.a4.v1,0.6162989776451597
Glyma.04G023600.Wm82.a4.v1,0.6162843026952991
Glyma.16G035500.Wm82.a4.v1,0.6162500611456244
Glyma.16G070400.Wm82.a4.v1,0.6162060362960426
Glyma.05G104600.Wm82.a4.v1,0.6161424448466468
Glyma.10G288200.Wm82.a4.v1,0.6161277698967862
Glyma.15G153600.Wm82.a4.v1,0.616108203296972
Glyma.07G123900.Wm82.a4.v1,0.616098419997065
Glyma.13G031300.Wm82.a4.v1,0.616088636697158
Glyma.17G227200.Wm82.a4.v1,0.6160739617472973
Glyma.13G283400.Wm82.a4.v1,0.6160397201976227
Glyma.19G234600.Wm82.a4.v1,0.616015261947855
Glyma.10G007300.Wm82.a4.v1,0.6160103702979015
Glyma.19G194915.Wm82.a4.v1,0.6160005869979944
Glyma.10G094400.Wm82.a4.v1,0.6160005869979944
Glyma.13G101000.Wm82.a4.v1,0.6159761287482268
Glyma.05G240100.Wm82.a4.v1,0.6159712370982733
Glyma.17G047900.Wm82.a4.v1,0.6159614537983662
Glyma.20G143100.Wm82.a4.v1,0.615941887198552
Glyma.20G129700.Wm82.a4.v1,0.615858729149342
Glyma.06G097400.Wm82.a4.v1,0.6158342708995744
Glyma.09G276200.Wm82.a4.v1,0.6158244875996673
Glyma.06G186000.Wm82.a4.v1,0.6158147042997603
Glyma.13G004000.Wm82.a4.v1,0.6158049209998533
Glyma.03G136000.Wm82.a4.v1,0.6157804627500856
Glyma.11G089500.Wm82.a4.v1,0.615775571100132
Glyma.08G217200.Wm82.a4.v1,0.6157511128503644
Glyma.07G071800.Wm82.a4.v1,0.6157119796507362
Glyma.08G105800.Wm82.a4.v1,0.6156581715012474
Glyma.05G030000.Wm82.a4.v1,0.6156288216015262
Glyma.17G224700.Wm82.a4.v1,0.615609255001712
Glyma.12G007900.Wm82.a4.v1,0.6156043633517585
Glyma.09G098600.Wm82.a4.v1,0.6155945800518515
Glyma.10G284500.Wm82.a4.v1,0.615506530352688
Glyma.06G296900.Wm82.a4.v1,0.6154527222031991
Glyma.19G112100.Wm82.a4.v1,0.615442938903292
Glyma.18G255000.Wm82.a4.v1,0.6153793474538962
Glyma.08G069400.Wm82.a4.v1,0.6153499975541751
Glyma.18G127500.Wm82.a4.v1,0.6153206476544538
Glyma.01G131300.Wm82.a4.v1,0.6153059727045933
Glyma.18G005200.Wm82.a4.v1,0.6152521645551045
Glyma.19G252600.Wm82.a4.v1,0.6152081397055227
Glyma.20G207200.Wm82.a4.v1,0.6152081397055227
Glyma.06G139900.Wm82.a4.v1,0.6151934647556621
Glyma.15G126500.Wm82.a4.v1,0.6151543315560338
Glyma.13G152780.Wm82.a4.v1,0.6151494399060803
Glyma.20G225000.Wm82.a4.v1,0.6151054150564985
Glyma.11G241400.Wm82.a4.v1,0.6150760651567774
Glyma.19G209000.Wm82.a4.v1,0.6150711735068238
Glyma.13G356700.Wm82.a4.v1,0.6150564985569633
Glyma.08G056200.Wm82.a4.v1,0.614934207308125
Glyma.07G153700.Wm82.a4.v1,0.6149097490583574
Glyma.17G114700.Wm82.a4.v1,0.6148901824585433
Glyma.14G094000.Wm82.a4.v1,0.6148657242087756
Glyma.07G247200.Wm82.a4.v1,0.6148363743090545
Glyma.11G236400.Wm82.a4.v1,0.6148070244093332
Glyma.18G011600.Wm82.a4.v1,0.6147238663601232
Glyma.08G307900.Wm82.a4.v1,0.614684733160495
Glyma.07G006300.Wm82.a4.v1,0.6146407083109132
Glyma.19G056400.Wm82.a4.v1,0.6146113584111921
Glyma.12G054500.Wm82.a4.v1,0.6146113584111921
Glyma.11G009900.Wm82.a4.v1,0.6146113584111921
Glyma.01G210200.Wm82.a4.v1,0.614601575111285
Glyma.20G149700.Wm82.a4.v1,0.6145330920119356
Glyma.11G190800.Wm82.a4.v1,0.614508633762168
Glyma.06G044600.Wm82.a4.v1,0.6144988504622609
Glyma.10G103400.Wm82.a4.v1,0.614435259012865
Glyma.20G237300.Wm82.a4.v1,0.6144010174631903
Glyma.08G252800.Wm82.a4.v1,0.6143716675634692
Glyma.20G191400.Wm82.a4.v1,0.6143618842635621
Glyma.08G293200.Wm82.a4.v1,0.614352100963655
Glyma.02G036200.Wm82.a4.v1,0.6143325343638409
Glyma.15G201300.Wm82.a4.v1,0.6143227510639339
Glyma.10G242000.Wm82.a4.v1,0.614259159614538
Glyma.18G251900.Wm82.a4.v1,0.6142542679645845
Glyma.03G006500.Wm82.a4.v1,0.6142053514650492
Glyma.09G123500.Wm82.a4.v1,0.6142004598150956
Glyma.11G089600.Wm82.a4.v1,0.6141955681651421
Glyma.10G040900.Wm82.a4.v1,0.6141808932152815
Glyma.04G029500.Wm82.a4.v1,0.614102626816025
Glyma.01G096300.Wm82.a4.v1,0.6140879518661645
Glyma.17G250900.Wm82.a4.v1,0.6140634936163968
Glyma.13G009800.Wm82.a4.v1,0.614051264491513
Glyma.07G010300.Wm82.a4.v1,0.614019468766815
Glyma.08G133200.Wm82.a4.v1,0.6139069608178839
Glyma.20G092000.Wm82.a4.v1,0.6138776109181627
Glyma.06G229900.Wm82.a4.v1,0.6138482610184415
Glyma.04G044700.Wm82.a4.v1,0.6137455363694174
Glyma.10G090600.Wm82.a4.v1,0.6137406447194639
Glyma.06G025000.Wm82.a4.v1,0.6137308614195568
Glyma.04G205100.Wm82.a4.v1,0.6137112948197427
Glyma.19G121700.Wm82.a4.v1,0.6136917282199286
Glyma.11G020200.Wm82.a4.v1,0.6136770532700679
Glyma.05G191400.Wm82.a4.v1,0.6136721616201145
Glyma.09G043800.Wm82.a4.v1,0.6136721616201145
Glyma.07G059300.Wm82.a4.v1,0.6136525950203003
Glyma.05G183800.Wm82.a4.v1,0.6136085701707186
Glyma.05G001600.Wm82.a4.v1,0.6135792202709974
Glyma.18G240700.Wm82.a4.v1,0.6135792202709974
Glyma.11G110400.Wm82.a4.v1,0.6135351954214157
Glyma.13G147100.Wm82.a4.v1,0.6135156288216015
Glyma.19G151500.Wm82.a4.v1,0.6135058455216945
Glyma.18G070400.Wm82.a4.v1,0.6135058455216945
Glyma.04G193600.Wm82.a4.v1,0.6134911705718339
Glyma.09G039300.Wm82.a4.v1,0.6134911705718339
Glyma.U033205.Wm82.a4.v1,0.6134569290221592
Glyma.11G062400.Wm82.a4.v1,0.6134471457222521
Glyma.19G047400.Wm82.a4.v1,0.6134471457222521
Glyma.20G139802.Wm82.a4.v1,0.6133835542728562
Glyma.18G182500.Wm82.a4.v1,0.6133688793229957
Glyma.20G157500.Wm82.a4.v1,0.6133101795235533
Glyma.11G149700.Wm82.a4.v1,0.6132808296238321
Glyma.16G041600.Wm82.a4.v1,0.6132465880741574
Glyma.20G070200.Wm82.a4.v1,0.6131536467250404
Glyma.06G195300.Wm82.a4.v1,0.6131340801252262
Glyma.10G145500.Wm82.a4.v1,0.6131096218754586
Glyma.01G019400.Wm82.a4.v1,0.6130753803257839
Glyma.15G107100.Wm82.a4.v1,0.6130558137259697
Glyma.12G113500.Wm82.a4.v1,0.6130362471261557
Glyma.16G052900.Wm82.a4.v1,0.6130264638262486
Glyma.13G128600.Wm82.a4.v1,0.6130166805263415
Glyma.06G295700.Wm82.a4.v1,0.6130068972264344
Glyma.02G051600.Wm82.a4.v1,0.6129971139265274
Glyma.04G026300.Wm82.a4.v1,0.6129971139265274
Glyma.18G037000.Wm82.a4.v1,0.6129775473267133
Glyma.20G102500.Wm82.a4.v1,0.6129726556767597
Glyma.12G147900.Wm82.a4.v1,0.6129628723768528
Glyma.04G071800.Wm82.a4.v1,0.6129433057770386
Glyma.03G058100.Wm82.a4.v1,0.612918847527271
Glyma.05G035600.Wm82.a4.v1,0.6128992809274568
Glyma.08G279200.Wm82.a4.v1,0.6128797143276428
Glyma.10G031600.Wm82.a4.v1,0.6128601477278286
Glyma.17G094700.Wm82.a4.v1,0.6128601477278286
Glyma.08G091600.Wm82.a4.v1,0.6128405811280144
Glyma.07G228200.Wm82.a4.v1,0.612762314728758
Glyma.11G014900.Wm82.a4.v1,0.6127574230788044
Glyma.13G222900.Wm82.a4.v1,0.6127182898791762
Glyma.09G112500.Wm82.a4.v1,0.6126840483295015
Glyma.04G078200.Wm82.a4.v1,0.612669373379641
Glyma.02G124400.Wm82.a4.v1,0.6126571442547571
Glyma.11G231700.Wm82.a4.v1,0.6126546984297804
Glyma.01G180100.Wm82.a4.v1,0.6126546984297804
Glyma.20G127800.Wm82.a4.v1,0.6126546984297804
Glyma.09G001600.Wm82.a4.v1,0.6126400234799197
Glyma.08G003300.Wm82.a4.v1,0.6126400234799197
Glyma.09G105000.Wm82.a4.v1,0.6126302401800127
Glyma.02G092400.Wm82.a4.v1,0.6126155652301521
Glyma.20G157300.Wm82.a4.v1,0.6126057819302451
Glyma.08G234600.Wm82.a4.v1,0.612586215330431
Glyma.05G125700.Wm82.a4.v1,0.6125666487306168
Glyma.11G251700.Wm82.a4.v1,0.6125421904808492
Glyma.08G335300.Wm82.a4.v1,0.6125079489311744
Glyma.18G253200.Wm82.a4.v1,0.6124639240815927
Glyma.06G122900.Wm82.a4.v1,0.6124541407816857
Glyma.08G247400.Wm82.a4.v1,0.6124394658318251
Glyma.07G115500.Wm82.a4.v1,0.612429682531918
Glyma.11G217800.Wm82.a4.v1,0.6124247908819644
Glyma.13G366000.Wm82.a4.v1,0.6123758743824292
Glyma.20G064400.Wm82.a4.v1,0.6123220662329404
Glyma.02G072700.Wm82.a4.v1,0.6122829330333122
Glyma.08G190100.Wm82.a4.v1,0.6122682580834515
Glyma.17G213600.Wm82.a4.v1,0.6122682580834515
Glyma.05G021300.Wm82.a4.v1,0.6122046666340557
Glyma.16G077600.Wm82.a4.v1,0.6121997749841022
Glyma.07G260200.Wm82.a4.v1,0.6121557501345204
Glyma.11G061200.Wm82.a4.v1,0.6121117252849386
Glyma.11G099200.Wm82.a4.v1,0.6120725920853104
Glyma.03G161000.Wm82.a4.v1,0.6120383505356357
Glyma.09G116200.Wm82.a4.v1,0.612013892285868
Glyma.16G013100.Wm82.a4.v1,0.6119747590862398
Glyma.02G039000.Wm82.a4.v1,0.6119013843369369
Glyma.19G101100.Wm82.a4.v1,0.6118769260871691
Glyma.15G131900.Wm82.a4.v1,0.6118720344372157
Glyma.08G229400.Wm82.a4.v1,0.6118622511373086
Glyma.06G018500.Wm82.a4.v1,0.6117888763880057
Glyma.13G246800.Wm82.a4.v1,0.6117497431883775
Glyma.20G195600.Wm82.a4.v1,0.611681260089028
Glyma.16G167500.Wm82.a4.v1,0.6116665851391675
Glyma.17G177600.Wm82.a4.v1,0.6116470185393533
Glyma.18G041500.Wm82.a4.v1,0.611598102039818
Glyma.11G256600.Wm82.a4.v1,0.6115834270899574
Glyma.03G248000.Wm82.a4.v1,0.6115345105904222
Glyma.13G265900.Wm82.a4.v1,0.6115100523406545
Glyma.20G025100.Wm82.a4.v1,0.611495377390794
Glyma.07G273800.Wm82.a4.v1,0.6114562441911657
Glyma.19G236200.Wm82.a4.v1,0.6114464608912586
Glyma.11G062300.Wm82.a4.v1,0.6114464608912586
Glyma.20G092100.Wm82.a4.v1,0.611431785941398
Glyma.18G002800.Wm82.a4.v1,0.6114268942914445
Glyma.13G161700.Wm82.a4.v1,0.6113437362422345
Glyma.17G205100.Wm82.a4.v1,0.6113437362422345
Glyma.08G236200.Wm82.a4.v1,0.611329061292374
Glyma.09G151800.Wm82.a4.v1,0.6113143863425133
Glyma.15G140900.Wm82.a4.v1,0.6112899280927457
Glyma.20G027400.Wm82.a4.v1,0.6112556865430709
Glyma.19G245100.Wm82.a4.v1,0.6112067700435356
Glyma.08G291600.Wm82.a4.v1,0.6111920950936751
Glyma.10G200200.Wm82.a4.v1,0.6111578535440004
Glyma.01G146900.Wm82.a4.v1,0.6111480702440933
Glyma.05G030500.Wm82.a4.v1,0.6110698038448369
Glyma.08G011600.Wm82.a4.v1,0.6110502372450227
Glyma.07G012500.Wm82.a4.v1,0.6110453455950692
Glyma.13G197100.Wm82.a4.v1,0.6110453455950692
Glyma.08G021600.Wm82.a4.v1,0.6109915374455804
Glyma.19G060600.Wm82.a4.v1,0.6109426209460451
Glyma.14G065200.Wm82.a4.v1,0.610932837646138
Glyma.04G253400.Wm82.a4.v1,0.6109279459961845
Glyma.15G074900.Wm82.a4.v1,0.6109181626962774
Glyma.15G269300.Wm82.a4.v1,0.6108937044465098
Glyma.03G142900.Wm82.a4.v1,0.6108594628968351
Glyma.13G308100.Wm82.a4.v1,0.6108105463972998
Glyma.08G363800.Wm82.a4.v1,0.6107860881475322
Glyma.16G146100.Wm82.a4.v1,0.6107273883480898
Glyma.12G167000.Wm82.a4.v1,0.6107176050481827
Glyma.13G180700.Wm82.a4.v1,0.6107078217482756
Glyma.13G154200.Wm82.a4.v1,0.6106637968986939
Glyma.14G148900.Wm82.a4.v1,0.6106246636990657
Glyma.07G087000.Wm82.a4.v1,0.6106050970992516
Glyma.15G099000.Wm82.a4.v1,0.6106050970992516
Glyma.02G303800.Wm82.a4.v1,0.6105463972998092
Glyma.06G014400.Wm82.a4.v1,0.610507264100181
Glyma.13G198800.Wm82.a4.v1,0.610507264100181
Glyma.15G127700.Wm82.a4.v1,0.6104779142004598
Glyma.14G106000.Wm82.a4.v1,0.6104632392505992
Glyma.06G001300.Wm82.a4.v1,0.6104485643007387
Glyma.09G170300.Wm82.a4.v1,0.6104045394511569
Glyma.11G007500.Wm82.a4.v1,0.6103947561512498
Glyma.08G127700.Wm82.a4.v1,0.6103849728513427
Glyma.13G196500.Wm82.a4.v1,0.6103654062515287
Glyma.04G082200.Wm82.a4.v1,0.6103507313016681
Glyma.02G302000.Wm82.a4.v1,0.6103213814019469
Glyma.03G228700.Wm82.a4.v1,0.6103067064520863
Glyma.02G134400.Wm82.a4.v1,0.6103018148021327
Glyma.15G034200.Wm82.a4.v1,0.6102626816025045
Glyma.10G018300.Wm82.a4.v1,0.6102480066526439
Glyma.19G027600.Wm82.a4.v1,0.6102333317027834
Glyma.04G075000.Wm82.a4.v1,0.6102186567529228
Glyma.12G027700.Wm82.a4.v1,0.6101110404539452
Glyma.16G020700.Wm82.a4.v1,0.6100670156043634
Glyma.05G241400.Wm82.a4.v1,0.6100132074548745
Glyma.01G081500.Wm82.a4.v1,0.6098958078559898
Glyma.10G065800.Wm82.a4.v1,0.6098909162060363
Glyma.03G106902.Wm82.a4.v1,0.6098028665068728
Glyma.16G035400.Wm82.a4.v1,0.6097637333072445
Glyma.13G105000.Wm82.a4.v1,0.6097343834075234
Glyma.08G347300.Wm82.a4.v1,0.6097148168077092
Glyma.18G228500.Wm82.a4.v1,0.6096316587584992
Glyma.17G053900.Wm82.a4.v1,0.6096023088587781
Glyma.16G159900.Wm82.a4.v1,0.6095191508095681
Glyma.20G139900.Wm82.a4.v1,0.6094702343100328
Glyma.20G026500.Wm82.a4.v1,0.6094506677102186
Glyma.18G297400.Wm82.a4.v1,0.6094066428606368
Glyma.14G094600.Wm82.a4.v1,0.6093283764613804
Glyma.04G049800.Wm82.a4.v1,0.6092843516117986
Glyma.09G011000.Wm82.a4.v1,0.6092696766619381
Glyma.09G077900.Wm82.a4.v1,0.6092403267622168
Glyma.11G208400.Wm82.a4.v1,0.6092207601624028
Glyma.03G148300.Wm82.a4.v1,0.6092158685124492
Glyma.07G178400.Wm82.a4.v1,0.6091718436628675
Glyma.19G233300.Wm82.a4.v1,0.6091571687130068
Glyma.03G129900.Wm82.a4.v1,0.6091424937631463
Glyma.20G009300.Wm82.a4.v1,0.6091229271633322
Glyma.09G154800.Wm82.a4.v1,0.6090495524140292
Glyma.19G148000.Wm82.a4.v1,0.6090446607640757
Glyma.10G175000.Wm82.a4.v1,0.6089908526145869
Glyma.19G161200.Wm82.a4.v1,0.6089859609646334
Glyma.14G013400.Wm82.a4.v1,0.6089615027148657
Glyma.09G051200.Wm82.a4.v1,0.6089517194149586
Glyma.04G111200.Wm82.a4.v1,0.6087462701169104
Glyma.01G042800.Wm82.a4.v1,0.6087413784669569
Glyma.03G227100.Wm82.a4.v1,0.6087364868170034
Glyma.01G099100.Wm82.a4.v1,0.6087169202171893
Glyma.07G011700.Wm82.a4.v1,0.608677787017561
Glyma.15G143400.Wm82.a4.v1,0.608677787017561
Glyma.12G055100.Wm82.a4.v1,0.608677787017561
Glyma.08G356100.Wm82.a4.v1,0.6086631120677004
Glyma.06G136500.Wm82.a4.v1,0.6086582204177469
Glyma.20G239600.Wm82.a4.v1,0.6086239788680722
Glyma.10G272800.Wm82.a4.v1,0.6086141955681651
Glyma.08G188300.Wm82.a4.v1,0.608584845668444
Glyma.06G018600.Wm82.a4.v1,0.6085652790686299
Glyma.13G165400.Wm82.a4.v1,0.6085359291689086
Glyma.03G149900.Wm82.a4.v1,0.6085212542190481
Glyma.17G107900.Wm82.a4.v1,0.6085163625690946
Glyma.20G023900.Wm82.a4.v1,0.608501687619234
Glyma.09G059700.Wm82.a4.v1,0.6084429878197917
Glyma.01G176700.Wm82.a4.v1,0.6084234212199775
Glyma.08G313300.Wm82.a4.v1,0.6084087462701169
Glyma.19G027700.Wm82.a4.v1,0.6083989629702099
Glyma.20G241200.Wm82.a4.v1,0.6083745047204422
Glyma.08G153100.Wm82.a4.v1,0.6083696130704886
Glyma.13G314900.Wm82.a4.v1,0.6083647214205351
Glyma.10G051400.Wm82.a4.v1,0.6083011299711393
Glyma.06G005600.Wm82.a4.v1,0.6082766717213716
Glyma.13G328100.Wm82.a4.v1,0.6082668884214646
Glyma.20G216400.Wm82.a4.v1,0.608261996771511
Glyma.08G313200.Wm82.a4.v1,0.6081739470723475
Glyma.11G217200.Wm82.a4.v1,0.608169055422394
Glyma.20G165767.Wm82.a4.v1,0.6081299222227657
Glyma.08G350600.Wm82.a4.v1,0.6081201389228587
Glyma.03G204400.Wm82.a4.v1,0.6081152472729051
Glyma.06G081900.Wm82.a4.v1,0.6080663307733699
Glyma.04G035800.Wm82.a4.v1,0.6080614391234164
Glyma.10G217900.Wm82.a4.v1,0.6080565474734628
Glyma.05G137100.Wm82.a4.v1,0.6080467641735557
Glyma.19G111900.Wm82.a4.v1,0.6080223059237881
Glyma.13G316200.Wm82.a4.v1,0.6079342562246246
Glyma.09G233500.Wm82.a4.v1,0.607919581274764
Glyma.11G194000.Wm82.a4.v1,0.6077483735263904
Glyma.13G204400.Wm82.a4.v1,0.6075820574279704
Glyma.20G208900.Wm82.a4.v1,0.6075771657780169
Glyma.17G257100.Wm82.a4.v1,0.6075673824781098
Glyma.07G234200.Wm82.a4.v1,0.6074988993787604
Glyma.08G139600.Wm82.a4.v1,0.6074597661791322
Glyma.09G013900.Wm82.a4.v1,0.6074597661791322
Glyma.14G123700.Wm82.a4.v1,0.607420632979504
Glyma.17G000400.Wm82.a4.v1,0.6073961747297364
Glyma.08G115200.Wm82.a4.v1,0.6073912830797829
Glyma.14G068700.Wm82.a4.v1,0.6073912830797829
Glyma.08G224200.Wm82.a4.v1,0.6073668248300151
Glyma.14G065800.Wm82.a4.v1,0.6073668248300151
Glyma.16G118400.Wm82.a4.v1,0.6073619331800616
Glyma.07G193700.Wm82.a4.v1,0.6073179083304798
Glyma.10G290000.Wm82.a4.v1,0.6073130166805264
Glyma.06G015400.Wm82.a4.v1,0.6072641001809911
Glyma.17G127400.Wm82.a4.v1,0.6072641001809911
Glyma.06G293900.Wm82.a4.v1,0.6071956170816416
Glyma.07G221600.Wm82.a4.v1,0.6071809421317811
Glyma.03G209100.Wm82.a4.v1,0.607171158831874
Glyma.12G020700.Wm82.a4.v1,0.6071320256322458
Glyma.15G014000.Wm82.a4.v1,0.6070782174827569
Glyma.02G094800.Wm82.a4.v1,0.6070635425328963
Glyma.03G190300.Wm82.a4.v1,0.6070341926331752
Glyma.13G096600.Wm82.a4.v1,0.6070195176833146
Glyma.06G094700.Wm82.a4.v1,0.607004842733454
Glyma.13G291500.Wm82.a4.v1,0.6069412512840581
Glyma.17G097800.Wm82.a4.v1,0.6068923347845229
Glyma.04G231400.Wm82.a4.v1,0.6068923347845229
Glyma.13G059400.Wm82.a4.v1,0.6068825514846158
Glyma.08G042400.Wm82.a4.v1,0.6068678765347552
Glyma.08G185100.Wm82.a4.v1,0.6068532015848945
Glyma.01G230300.Wm82.a4.v1,0.6067945017854522
Glyma.06G000100.Wm82.a4.v1,0.6067798268355916
Glyma.18G220000.Wm82.a4.v1,0.6067651518857311
Glyma.18G240600.Wm82.a4.v1,0.6067602602357776
Glyma.13G320700.Wm82.a4.v1,0.606755368585824
Glyma.06G171900.Wm82.a4.v1,0.6067309103360563
Glyma.01G176000.Wm82.a4.v1,0.6066966687863816
Glyma.18G045400.Wm82.a4.v1,0.6066477522868463
Glyma.12G181300.Wm82.a4.v1,0.6066428606368929
Glyma.20G184900.Wm82.a4.v1,0.6066281856870323
Glyma.12G239400.Wm82.a4.v1,0.6065303526879616
Glyma.12G017200.Wm82.a4.v1,0.6065303526879616
Glyma.06G098900.Wm82.a4.v1,0.6065156777381011
Glyma.13G203300.Wm82.a4.v1,0.6064765445384728
Glyma.11G059700.Wm82.a4.v1,0.606422736388984
Glyma.13G057300.Wm82.a4.v1,0.6064178447390305
Glyma.10G148800.Wm82.a4.v1,0.6064178447390305
Glyma.02G045700.Wm82.a4.v1,0.606412953089077
Glyma.14G105800.Wm82.a4.v1,0.6064031697891699
Glyma.06G161400.Wm82.a4.v1,0.6064031697891699
Glyma.04G014600.Wm82.a4.v1,0.6063004451401458
Glyma.18G011500.Wm82.a4.v1,0.6062955534901923
Glyma.04G077700.Wm82.a4.v1,0.6062955534901923
Glyma.01G097700.Wm82.a4.v1,0.6062515286406105
Glyma.19G113300.Wm82.a4.v1,0.6062515286406105
Glyma.14G122200.Wm82.a4.v1,0.6062515286406105
Glyma.03G136600.Wm82.a4.v1,0.6062270703908428
Glyma.06G321400.Wm82.a4.v1,0.6061928288411681
Glyma.03G238400.Wm82.a4.v1,0.6061879371912146
Glyma.14G131100.Wm82.a4.v1,0.606163478941447
Glyma.16G006500.Wm82.a4.v1,0.6061536956415399
Glyma.19G082400.Wm82.a4.v1,0.6061536956415399
Glyma.12G108000.Wm82.a4.v1,0.6061194540918652
Glyma.08G201800.Wm82.a4.v1,0.6061096707919581
Glyma.13G114600.Wm82.a4.v1,0.606099887492051
Glyma.01G010100.Wm82.a4.v1,0.6060754292422834
Glyma.13G097800.Wm82.a4.v1,0.6059922711930734
Glyma.08G074100.Wm82.a4.v1,0.6059678129433058
Glyma.07G132200.Wm82.a4.v1,0.6059580296433987
Glyma.02G174800.Wm82.a4.v1,0.6059286797436776
Glyma.14G071900.Wm82.a4.v1,0.6059286797436776
Glyma.20G064600.Wm82.a4.v1,0.605923788093724
Glyma.13G207200.Wm82.a4.v1,0.6059091131438634
Glyma.08G325100.Wm82.a4.v1,0.6058993298439563
Glyma.17G096300.Wm82.a4.v1,0.605830846744607
Glyma.02G038000.Wm82.a4.v1,0.6058063884948393
Glyma.02G146500.Wm82.a4.v1,0.6057917135449787
Glyma.11G091200.Wm82.a4.v1,0.6057868218950252
Glyma.12G193800.Wm82.a4.v1,0.6057819302450717
Glyma.05G121100.Wm82.a4.v1,0.6057721469451646
Glyma.10G236100.Wm82.a4.v1,0.6057525803453505
Glyma.04G233600.Wm82.a4.v1,0.605747688695397
Glyma.16G082700.Wm82.a4.v1,0.6056889888959546
Glyma.01G183400.Wm82.a4.v1,0.6056889888959546
Glyma.17G110900.Wm82.a4.v1,0.605664530646187
Glyma.07G232800.Wm82.a4.v1,0.6056498556963263
Glyma.12G114600.Wm82.a4.v1,0.6056449640463728
Glyma.12G030400.Wm82.a4.v1,0.6056449640463728
Glyma.14G025400.Wm82.a4.v1,0.6056351807464658
Glyma.18G096200.Wm82.a4.v1,0.6055520226972558
Glyma.03G264600.Wm82.a4.v1,0.6055471310473023
Glyma.U031408.Wm82.a4.v1,0.6055275644474881
Glyma.06G072200.Wm82.a4.v1,0.6054933228978134
Glyma.08G294300.Wm82.a4.v1,0.6054835395979064
Glyma.20G230600.Wm82.a4.v1,0.6054199481485105
Glyma.12G170300.Wm82.a4.v1,0.6053905982487893
Glyma.13G092300.Wm82.a4.v1,0.6053905982487893
Glyma.04G236600.Wm82.a4.v1,0.6053857065988358
Glyma.20G123700.Wm82.a4.v1,0.6052462945751602
Glyma.06G170200.Wm82.a4.v1,0.605185148950741
Glyma.05G051100.Wm82.a4.v1,0.6051509074010664
Glyma.08G241200.Wm82.a4.v1,0.605082424301717
Glyma.15G224200.Wm82.a4.v1,0.6050579660519493
Glyma.02G305100.Wm82.a4.v1,0.6050383994521352
Glyma.01G207500.Wm82.a4.v1,0.6049845913026464
Glyma.17G249100.Wm82.a4.v1,0.6049699163527857
Glyma.07G074800.Wm82.a4.v1,0.6049503497529717
Glyma.07G107700.Wm82.a4.v1,0.6049112165533435
Glyma.14G152300.Wm82.a4.v1,0.6049063249033899
Glyma.18G158400.Wm82.a4.v1,0.6048769750036688
Glyma.03G118800.Wm82.a4.v1,0.6048720833537152
Glyma.13G232100.Wm82.a4.v1,0.6048720833537152
Glyma.01G025500.Wm82.a4.v1,0.6048231668541799
Glyma.16G097600.Wm82.a4.v1,0.6047889253045052
Glyma.16G010400.Wm82.a4.v1,0.6047791420045981
Glyma.08G004700.Wm82.a4.v1,0.6047595754047841
Glyma.08G343500.Wm82.a4.v1,0.604749792104877
Glyma.15G213100.Wm82.a4.v1,0.6047302255050628
Glyma.15G183500.Wm82.a4.v1,0.6047253338551093
Glyma.01G170400.Wm82.a4.v1,0.6047155505552023
Glyma.17G131400.Wm82.a4.v1,0.6047155505552023
Glyma.05G240900.Wm82.a4.v1,0.6046862006554811
Glyma.02G091300.Wm82.a4.v1,0.6046519591058064
Glyma.15G118700.Wm82.a4.v1,0.6046275008560388
Glyma.04G197900.Wm82.a4.v1,0.6046275008560388
Glyma.20G126900.Wm82.a4.v1,0.6045981509563175
Glyma.02G082300.Wm82.a4.v1,0.6045883676564106
Glyma.02G306300.Wm82.a4.v1,0.6045736927065499
Glyma.17G008700.Wm82.a4.v1,0.6045541261067358
Glyma.06G182800.Wm82.a4.v1,0.6045492344567823
Glyma.09G204100.Wm82.a4.v1,0.6045394511568752
Glyma.13G136000.Wm82.a4.v1,0.6045296678569682
Glyma.02G290100.Wm82.a4.v1,0.6044758597074793
Glyma.06G153700.Wm82.a4.v1,0.6044709680575258
Glyma.15G165200.Wm82.a4.v1,0.6044709680575258
Glyma.02G090800.Wm82.a4.v1,0.6044660764075723
Glyma.19G153900.Wm82.a4.v1,0.6044122682580835
Glyma.18G123800.Wm82.a4.v1,0.6043682434085017
Glyma.08G199900.Wm82.a4.v1,0.6043486768086875
Glyma.02G266300.Wm82.a4.v1,0.6043486768086875
Glyma.16G131100.Wm82.a4.v1,0.6043486768086875
Glyma.11G079100.Wm82.a4.v1,0.6042997603091522
Glyma.10G236500.Wm82.a4.v1,0.6042899770092452
Glyma.03G050100.Wm82.a4.v1,0.6041579024604999
Glyma.17G238600.Wm82.a4.v1,0.6041285525607788
Glyma.11G113100.Wm82.a4.v1,0.6041040943110111
Glyma.15G248100.Wm82.a4.v1,0.6040992026610575
Glyma.04G201400.Wm82.a4.v1,0.6040453945115688
Glyma.10G065100.Wm82.a4.v1,0.6040307195617082
Glyma.02G220500.Wm82.a4.v1,0.6040209362618011
Glyma.12G099000.Wm82.a4.v1,0.6040062613119405
Glyma.12G078200.Wm82.a4.v1,0.60399158636208
Glyma.16G092500.Wm82.a4.v1,0.6039524531624517
Glyma.16G062500.Wm82.a4.v1,0.6038644034632882
Glyma.08G002600.Wm82.a4.v1,0.6038595118133346
Glyma.07G029200.Wm82.a4.v1,0.6038301619136135
Glyma.19G252200.Wm82.a4.v1,0.6038154869637529
Glyma.08G238500.Wm82.a4.v1,0.6038057036638458
Glyma.18G201700.Wm82.a4.v1,0.6037910287139853
Glyma.11G053600.Wm82.a4.v1,0.603761678814264
Glyma.13G068100.Wm82.a4.v1,0.6036736291151005
Glyma.15G089800.Wm82.a4.v1,0.603668737465147
Glyma.09G213600.Wm82.a4.v1,0.6036296042655187
Glyma.15G268100.Wm82.a4.v1,0.6036051460157511
Glyma.10G065000.Wm82.a4.v1,0.6036051460157511
Glyma.13G207800.Wm82.a4.v1,0.6035904710658905
Glyma.07G132400.Wm82.a4.v1,0.6035660128161229
Glyma.17G151100.Wm82.a4.v1,0.6035562295162158
Glyma.18G199800.Wm82.a4.v1,0.6035317712664482
Glyma.11G106100.Wm82.a4.v1,0.6035317712664482
Glyma.01G013800.Wm82.a4.v1,0.6035170963165876
Glyma.12G045800.Wm82.a4.v1,0.6034583965171453
Glyma.01G100600.Wm82.a4.v1,0.6034486132172382
Glyma.19G041375.Wm82.a4.v1,0.6033948050677493
Glyma.20G109600.Wm82.a4.v1,0.6033752384679353
Glyma.16G100500.Wm82.a4.v1,0.603336105268307
Glyma.07G160500.Wm82.a4.v1,0.603336105268307
Glyma.04G062500.Wm82.a4.v1,0.6033165386684929
Glyma.12G086500.Wm82.a4.v1,0.6032871887687717
Glyma.12G010000.Wm82.a4.v1,0.6032676221689576
Glyma.12G088200.Wm82.a4.v1,0.6032089223695153
Glyma.07G259200.Wm82.a4.v1,0.6031551142200264
Glyma.08G092000.Wm82.a4.v1,0.6031404392701658
Glyma.09G217000.Wm82.a4.v1,0.6031159810203982
Glyma.16G109300.Wm82.a4.v1,0.6030915227706305
Glyma.02G097500.Wm82.a4.v1,0.60307684782077
Glyma.04G090400.Wm82.a4.v1,0.6029643398718387
Glyma.11G090900.Wm82.a4.v1,0.6028616152228147
Glyma.04G219700.Wm82.a4.v1,0.6028518319229076
Glyma.13G301300.Wm82.a4.v1,0.6028175903732329
Glyma.13G341600.Wm82.a4.v1,0.6028126987232794
Glyma.10G202500.Wm82.a4.v1,0.6028078070733258
Glyma.05G150300.Wm82.a4.v1,0.6028029154233723
Glyma.13G192200.Wm82.a4.v1,0.6027784571736047
Glyma.13G094700.Wm82.a4.v1,0.60274421562393
Glyma.02G274800.Wm82.a4.v1,0.6027393239739764
Glyma.16G087200.Wm82.a4.v1,0.6027197573741623
Glyma.16G119000.Wm82.a4.v1,0.6027148657242087
Glyma.07G040400.Wm82.a4.v1,0.6027050824243018
Glyma.10G064800.Wm82.a4.v1,0.6026561659247665
Glyma.02G110700.Wm82.a4.v1,0.60257789952551
Glyma.08G113800.Wm82.a4.v1,0.6025534412757423
Glyma.03G020800.Wm82.a4.v1,0.6025143080761141
Glyma.06G318100.Wm82.a4.v1,0.6024751748764858
Glyma.05G139200.Wm82.a4.v1,0.6024311500269041
Glyma.16G017100.Wm82.a4.v1,0.6024262583769505
Glyma.05G129000.Wm82.a4.v1,0.6024066917771365
Glyma.07G268700.Wm82.a4.v1,0.6024066917771365
Glyma.09G224300.Wm82.a4.v1,0.6023871251773223
Glyma.13G108100.Wm82.a4.v1,0.6023235337279265
Glyma.01G228400.Wm82.a4.v1,0.6022941838282052
Glyma.06G091651.Wm82.a4.v1,0.6022501589786234
Glyma.17G231200.Wm82.a4.v1,0.60224526732867
Glyma.13G082300.Wm82.a4.v1,0.6022354840287629
Glyma.13G093400.Wm82.a4.v1,0.6021816758792741
Glyma.17G113900.Wm82.a4.v1,0.6021425426796458
Glyma.11G073900.Wm82.a4.v1,0.6021425426796458
Glyma.09G003500.Wm82.a4.v1,0.6020985178300641
Glyma.02G161600.Wm82.a4.v1,0.602088734530157
Glyma.15G139200.Wm82.a4.v1,0.6020642762803894
Glyma.08G125400.Wm82.a4.v1,0.6020642762803894
Glyma.19G129300.Wm82.a4.v1,0.6019860098811329
Glyma.08G322900.Wm82.a4.v1,0.6019762265812258
Glyma.08G137700.Wm82.a4.v1,0.6019370933815976
Glyma.08G323700.Wm82.a4.v1,0.6018441520324805
Glyma.10G214700.Wm82.a4.v1,0.601839260382527
Glyma.11G181400.Wm82.a4.v1,0.6018001271828988
Glyma.07G035000.Wm82.a4.v1,0.6018001271828988
Glyma.03G086100.Wm82.a4.v1,0.6017854522330383
Glyma.13G253100.Wm82.a4.v1,0.6017756689331312
Glyma.07G090900.Wm82.a4.v1,0.6017463190334099
Glyma.20G100800.Wm82.a4.v1,0.6017414273834565
Glyma.09G079900.Wm82.a4.v1,0.6017316440835494
Glyma.17G051600.Wm82.a4.v1,0.6017218607836423
Glyma.11G108800.Wm82.a4.v1,0.6017120774837352
Glyma.05G219900.Wm82.a4.v1,0.6017120774837352
Glyma.02G029300.Wm82.a4.v1,0.6016827275840141
Glyma.01G035700.Wm82.a4.v1,0.6016631609841999
Glyma.13G105300.Wm82.a4.v1,0.6016484860343394
Glyma.05G175000.Wm82.a4.v1,0.6016289194345252
Glyma.11G096500.Wm82.a4.v1,0.6016142444846647
Glyma.09G103100.Wm82.a4.v1,0.6015848945849435
Glyma.14G014800.Wm82.a4.v1,0.6015800029349899
Glyma.07G021700.Wm82.a4.v1,0.6015751112850365
Glyma.20G018300.Wm82.a4.v1,0.6015555446852223
Glyma.07G181800.Wm82.a4.v1,0.6015310864354547
Glyma.10G263700.Wm82.a4.v1,0.601487061585873
Glyma.18G233500.Wm82.a4.v1,0.6014772782859659
Glyma.09G278500.Wm82.a4.v1,0.6014479283862447
Glyma.05G143100.Wm82.a4.v1,0.6014332534363841
Glyma.11G101800.Wm82.a4.v1,0.6014136868365699
Glyma.03G088400.Wm82.a4.v1,0.6013843369368488
Glyma.04G253700.Wm82.a4.v1,0.6013696619869882
Glyma.13G055200.Wm82.a4.v1,0.601340312087267
Glyma.01G243900.Wm82.a4.v1,0.6012767206378712
Glyma.14G018000.Wm82.a4.v1,0.6012620456880106
Glyma.08G138800.Wm82.a4.v1,0.601257154038057
Glyma.06G077900.Wm82.a4.v1,0.6012180208384288
Glyma.20G079100.Wm82.a4.v1,0.6011397544391723
Glyma.07G118501.Wm82.a4.v1,0.6010565963899623
Glyma.20G216500.Wm82.a4.v1,0.6010468130900553
Glyma.20G004600.Wm82.a4.v1,0.6010321381401947
Glyma.08G078200.Wm82.a4.v1,0.6010272464902412
Glyma.02G296000.Wm82.a4.v1,0.600988113290613
Glyma.05G087600.Wm82.a4.v1,0.6009440884410312
Glyma.09G064400.Wm82.a4.v1,0.6009343051411241
Glyma.15G006400.Wm82.a4.v1,0.6008658220417747
Glyma.08G113100.Wm82.a4.v1,0.6008658220417747
Glyma.08G146700.Wm82.a4.v1,0.6008609303918212
Glyma.09G145800.Wm82.a4.v1,0.600841363792007
Glyma.02G268700.Wm82.a4.v1,0.6008266888421464
Glyma.02G250000.Wm82.a4.v1,0.6007973389424253
Glyma.17G235300.Wm82.a4.v1,0.6007924472924717
Glyma.18G298700.Wm82.a4.v1,0.6007826639925647
Glyma.17G175900.Wm82.a4.v1,0.6007728806926577
Glyma.08G319000.Wm82.a4.v1,0.6007679890427041
Glyma.15G093600.Wm82.a4.v1,0.6007435307929364
Glyma.17G006500.Wm82.a4.v1,0.6007435307929364
Glyma.04G059100.Wm82.a4.v1,0.6007288558430759
Glyma.04G249000.Wm82.a4.v1,0.6007288558430759
Glyma.03G221500.Wm82.a4.v1,0.6007141808932153
Glyma.13G317500.Wm82.a4.v1,0.6007141808932153
Glyma.06G325200.Wm82.a4.v1,0.6006946142934012
Glyma.07G086800.Wm82.a4.v1,0.600655481093773
Glyma.07G076700.Wm82.a4.v1,0.6006114562441912
Glyma.03G064800.Wm82.a4.v1,0.6006065645942377
Glyma.08G173600.Wm82.a4.v1,0.6005625397446559
Glyma.20G113400.Wm82.a4.v1,0.6005576480947024
Glyma.19G256300.Wm82.a4.v1,0.6005234065450277
Glyma.13G345200.Wm82.a4.v1,0.6005185148950741
Glyma.09G019900.Wm82.a4.v1,0.60049894829526
Glyma.19G067900.Wm82.a4.v1,0.6004647067455853
Glyma.12G142200.Wm82.a4.v1,0.6004549234456782
Glyma.20G225100.Wm82.a4.v1,0.6004549234456782
Glyma.17G043800.Wm82.a4.v1,0.6004108985960964
Glyma.19G175600.Wm82.a4.v1,0.6004108985960964
Glyma.10G190400.Wm82.a4.v1,0.6003913319962824
Glyma.20G160100.Wm82.a4.v1,0.6003913319962824
Glyma.10G073800.Wm82.a4.v1,0.6003766570464217
Glyma.19G164300.Wm82.a4.v1,0.6003473071467006
Glyma.04G065500.Wm82.a4.v1,0.6003277405468864
Glyma.19G168800.Wm82.a4.v1,0.6003277405468864
Glyma.08G202700.Wm82.a4.v1,0.6003228488969329
Glyma.15G114400.Wm82.a4.v1,0.6002934989972117
Glyma.01G194700.Wm82.a4.v1,0.6002543657975835
Glyma.11G046300.Wm82.a4.v1,0.6002103409480017
Glyma.01G016800.Wm82.a4.v1,0.6001956659981412
Glyma.18G224500.Wm82.a4.v1,0.6001760993983271
Glyma.07G225200.Wm82.a4.v1,0.60016631609842
Glyma.18G047300.Wm82.a4.v1,0.6001614244484664
Glyma.15G256600.Wm82.a4.v1,0.6001516411485595
Glyma.02G289900.Wm82.a4.v1,0.6001369661986988
Glyma.15G144800.Wm82.a4.v1,0.6001369661986988
Glyma.19G168200.Wm82.a4.v1,0.60008315804921
Glyma.20G181600.Wm82.a4.v1,0.6000684830993495
Glyma.11G246100.Wm82.a4.v1,0.6000244582497677
Glyma.03G242700.Wm82.a4.v1,0.6000146749498606
Glyma.13G120300.Wm82.a4.v1,0.6
Glyma.05G074200.Wm82.a4.v1,0.6
Glyma.03G198800.Wm82.a4.v1,0.5999853250501395
Glyma.09G209900.Wm82.a4.v1,0.5999266252506971
Glyma.15G259802.Wm82.a4.v1,0.59991684195079
Glyma.02G134600.Wm82.a4.v1,0.5997945507019518
Glyma.11G006100.Wm82.a4.v1,0.5997700924521842
Glyma.14G095000.Wm82.a4.v1,0.5997603091522771
Glyma.01G100100.Wm82.a4.v1,0.5997309592525559
Glyma.18G006900.Wm82.a4.v1,0.5997113926527418
Glyma.11G092000.Wm82.a4.v1,0.5995891014039035
Glyma.02G120200.Wm82.a4.v1,0.5995744264540429
Glyma.09G169000.Wm82.a4.v1,0.5995206183045542
Glyma.09G024400.Wm82.a4.v1,0.5994961600547865
Glyma.07G016100.Wm82.a4.v1,0.5994668101550653
Glyma.09G196600.Wm82.a4.v1,0.5994325686053906
Glyma.01G134400.Wm82.a4.v1,0.59933473560632
Glyma.11G240100.Wm82.a4.v1,0.5993249523064129
Glyma.09G181200.Wm82.a4.v1,0.5993200606564594
Glyma.16G108300.Wm82.a4.v1,0.5992564692070635
Glyma.17G118500.Wm82.a4.v1,0.5992466859071565
Glyma.11G108500.Wm82.a4.v1,0.5992417942572029
Glyma.19G064800.Wm82.a4.v1,0.5992271193073424
Glyma.17G089600.Wm82.a4.v1,0.5991782028078071
Glyma.13G046900.Wm82.a4.v1,0.5991292863082718
Glyma.08G196300.Wm82.a4.v1,0.5991146113584112
Glyma.09G009400.Wm82.a4.v1,0.5990705865088294
Glyma.06G019600.Wm82.a4.v1,0.5990412366091082
Glyma.02G226300.Wm82.a4.v1,0.5990216700092942
Glyma.14G079200.Wm82.a4.v1,0.5990216700092942
Glyma.11G243600.Wm82.a4.v1,0.5990118867093871
Glyma.08G043800.Wm82.a4.v1,0.59900210340948
Glyma.02G159100.Wm82.a4.v1,0.5989923201095729
Glyma.07G042000.Wm82.a4.v1,0.5989776451597124
Glyma.20G224500.Wm82.a4.v1,0.5989678618598053
Glyma.11G012500.Wm82.a4.v1,0.5989336203101306
Glyma.09G023300.Wm82.a4.v1,0.5988651372107812
Glyma.03G006000.Wm82.a4.v1,0.5988211123611994
Glyma.08G028100.Wm82.a4.v1,0.5987624125617571
Glyma.09G277000.Wm82.a4.v1,0.5987281710120824
Glyma.01G204300.Wm82.a4.v1,0.5987281710120824
Glyma.18G125700.Wm82.a4.v1,0.5987183877121753
Glyma.02G157200.Wm82.a4.v1,0.5987183877121753
Glyma.10G240400.Wm82.a4.v1,0.5986499046128259
Glyma.09G002500.Wm82.a4.v1,0.5986107714131976
Glyma.19G114400.Wm82.a4.v1,0.5985373966638947
Glyma.09G258900.Wm82.a4.v1,0.5985325050139412
Glyma.06G123100.Wm82.a4.v1,0.5985129384141271
Glyma.02G056800.Wm82.a4.v1,0.5984835885144059
Glyma.14G179500.Wm82.a4.v1,0.5984786968644524
Glyma.13G168700.Wm82.a4.v1,0.5984786968644524
Glyma.07G237900.Wm82.a4.v1,0.5984395636648241
Glyma.10G178200.Wm82.a4.v1,0.5984346720148707
Glyma.05G243500.Wm82.a4.v1,0.59841999706501
Glyma.08G099500.Wm82.a4.v1,0.5984004304651959
Glyma.20G218600.Wm82.a4.v1,0.5983612972655676
Glyma.04G235800.Wm82.a4.v1,0.5983564056156141
Glyma.05G168000.Wm82.a4.v1,0.5982683559164507
Glyma.05G113400.Wm82.a4.v1,0.5982634642664971
Glyma.05G239900.Wm82.a4.v1,0.598243897666683
Glyma.17G231100.Wm82.a4.v1,0.5981313897177518
Glyma.18G043600.Wm82.a4.v1,0.5981118231179376
Glyma.06G262900.Wm82.a4.v1,0.5980726899183094
Glyma.10G242200.Wm82.a4.v1,0.5980726899183094
Glyma.17G209600.Wm82.a4.v1,0.5980384483686347
Glyma.13G276600.Wm82.a4.v1,0.5980335567186812
Glyma.03G031200.Wm82.a4.v1,0.5980335567186812
Glyma.05G180500.Wm82.a4.v1,0.5980188817688207
Glyma.08G032000.Wm82.a4.v1,0.5980139901188671
Glyma.04G250000.Wm82.a4.v1,0.5979993151690065
Glyma.17G062100.Wm82.a4.v1,0.597911265469843
Glyma.20G198600.Wm82.a4.v1,0.5978916988700289
Glyma.10G040400.Wm82.a4.v1,0.5978868072200754
Glyma.20G097600.Wm82.a4.v1,0.5978232157706794
Glyma.05G224700.Wm82.a4.v1,0.5977987575209118
Glyma.20G093200.Wm82.a4.v1,0.5977351660715159
Glyma.20G066600.Wm82.a4.v1,0.5977302744215623
Glyma.04G207900.Wm82.a4.v1,0.5977155994717018
Glyma.04G092300.Wm82.a4.v1,0.5976079831727241
Glyma.13G037300.Wm82.a4.v1,0.5975981998728171
Glyma.15G014200.Wm82.a4.v1,0.5975835249229565
Glyma.13G273800.Wm82.a4.v1,0.5975737416230494
Glyma.04G036000.Wm82.a4.v1,0.5975737416230494
Glyma.20G182400.Wm82.a4.v1,0.5975346084234212
Glyma.12G014100.Wm82.a4.v1,0.5975150418236072
Glyma.06G059000.Wm82.a4.v1,0.5975101501736536
Glyma.08G126600.Wm82.a4.v1,0.5975003668737465
Glyma.19G254700.Wm82.a4.v1,0.5974563420241648
Glyma.06G173000.Wm82.a4.v1,0.5974172088245365
Glyma.04G030300.Wm82.a4.v1,0.597412317174583
Glyma.11G072700.Wm82.a4.v1,0.5972900259257448
Glyma.04G107400.Wm82.a4.v1,0.5972753509758841
Glyma.20G236700.Wm82.a4.v1,0.597246001076163
Glyma.17G005100.Wm82.a4.v1,0.5972411094262094
Glyma.09G009100.Wm82.a4.v1,0.5972411094262094
Glyma.09G164300.Wm82.a4.v1,0.5972362177762559
Glyma.01G172400.Wm82.a4.v1,0.5972019762265812
Glyma.18G073700.Wm82.a4.v1,0.5971921929266741
Glyma.13G365700.Wm82.a4.v1,0.5971873012767206
Glyma.14G036700.Wm82.a4.v1,0.5971334931272319
Glyma.12G061200.Wm82.a4.v1,0.5971237098273248
Glyma.05G193500.Wm82.a4.v1,0.5971188181773712
Glyma.13G004100.Wm82.a4.v1,0.5971041432275106
Glyma.01G106600.Wm82.a4.v1,0.5970943599276036
Glyma.03G133500.Wm82.a4.v1,0.5970503350780219
Glyma.19G186100.Wm82.a4.v1,0.5970014185784865
Glyma.07G191600.Wm82.a4.v1,0.596913368879323
Glyma.13G041500.Wm82.a4.v1,0.5969084772293695
Glyma.19G033200.Wm82.a4.v1,0.5968497774299271
Glyma.14G046500.Wm82.a4.v1,0.596830210830113
Glyma.07G034600.Wm82.a4.v1,0.5968204275302059
Glyma.11G018600.Wm82.a4.v1,0.5967812943305777
Glyma.14G036800.Wm82.a4.v1,0.5967764026806242
Glyma.12G096000.Wm82.a4.v1,0.5967177028811819
Glyma.20G247850.Wm82.a4.v1,0.5966394364819253
Glyma.02G013600.Wm82.a4.v1,0.5965758450325295
Glyma.08G047000.Wm82.a4.v1,0.5965611700826688
Glyma.02G171900.Wm82.a4.v1,0.5964633370835983
Glyma.01G000400.Wm82.a4.v1,0.5964486621337377
Glyma.05G090600.Wm82.a4.v1,0.5964095289341095
Glyma.15G213000.Wm82.a4.v1,0.5964046372841559
Glyma.02G150800.Wm82.a4.v1,0.5963997456342024
Glyma.05G166500.Wm82.a4.v1,0.5963997456342024
Glyma.08G228000.Wm82.a4.v1,0.5963850706843419
Glyma.08G308800.Wm82.a4.v1,0.5963557207846206
Glyma.11G096000.Wm82.a4.v1,0.5963557207846206
Glyma.14G189100.Wm82.a4.v1,0.5963459374847135
Glyma.08G058200.Wm82.a4.v1,0.5963116959350389
Glyma.01G008600.Wm82.a4.v1,0.5962921293352248
Glyma.13G120200.Wm82.a4.v1,0.5962578877855501
Glyma.19G189100.Wm82.a4.v1,0.5962236462358753
Glyma.07G112100.Wm82.a4.v1,0.5962138629359683
Glyma.06G148800.Wm82.a4.v1,0.5962040796360613
Glyma.20G019700.Wm82.a4.v1,0.5961991879861077
Glyma.14G112400.Wm82.a4.v1,0.5961747297363401
Glyma.03G122400.Wm82.a4.v1,0.5961111382869442
Glyma.12G054767.Wm82.a4.v1,0.5961062466369906
Glyma.16G098700.Wm82.a4.v1,0.5960671134373624
Glyma.18G261000.Wm82.a4.v1,0.5960622217874089
Glyma.17G234600.Wm82.a4.v1,0.5960573301374553
Glyma.16G128600.Wm82.a4.v1,0.595988847038106
Glyma.13G025900.Wm82.a4.v1,0.5958567724893606
Glyma.10G031300.Wm82.a4.v1,0.5958469891894536
Glyma.20G060900.Wm82.a4.v1,0.5958372058895466
Glyma.08G242800.Wm82.a4.v1,0.5958176392897324
Glyma.05G207000.Wm82.a4.v1,0.5957931810399648
Glyma.11G190000.Wm82.a4.v1,0.5957931810399648
Glyma.08G264402.Wm82.a4.v1,0.5957882893900113
Glyma.19G121500.Wm82.a4.v1,0.5957833977400577
Glyma.06G115500.Wm82.a4.v1,0.5957589394902901
Glyma.02G129200.Wm82.a4.v1,0.595749156190383
Glyma.11G186600.Wm82.a4.v1,0.59567578144108
Glyma.14G216700.Wm82.a4.v1,0.5956513231913124
Glyma.02G226600.Wm82.a4.v1,0.5956366482414518
Glyma.09G170400.Wm82.a4.v1,0.5956268649415448
Glyma.03G126400.Wm82.a4.v1,0.5955632734921489
Glyma.04G068700.Wm82.a4.v1,0.5955632734921489
Glyma.09G269800.Wm82.a4.v1,0.5955583818421953
Glyma.10G042400.Wm82.a4.v1,0.5955583818421953
Glyma.07G024000.Wm82.a4.v1,0.5955583818421953
Glyma.08G319800.Wm82.a4.v1,0.5955534901922418
Glyma.13G149100.Wm82.a4.v1,0.5955437068923348
Glyma.06G203300.Wm82.a4.v1,0.5955290319424742
Glyma.09G257800.Wm82.a4.v1,0.5955241402925207
Glyma.08G081100.Wm82.a4.v1,0.59550946534266
Glyma.09G223300.Wm82.a4.v1,0.595489898742846
Glyma.03G020100.Wm82.a4.v1,0.5954801154429389
Glyma.10G296800.Wm82.a4.v1,0.5954556571931713
Glyma.12G237300.Wm82.a4.v1,0.5954458738932642
Glyma.10G263300.Wm82.a4.v1,0.5954018490436824
Glyma.10G283400.Wm82.a4.v1,0.5952991243946583
Glyma.08G197000.Wm82.a4.v1,0.5952795577948442
Glyma.07G080200.Wm82.a4.v1,0.5952697744949371
Glyma.20G236400.Wm82.a4.v1,0.5952550995450766
Glyma.08G179200.Wm82.a4.v1,0.5952306412953089
Glyma.12G205500.Wm82.a4.v1,0.5951866164457271
Glyma.07G250900.Wm82.a4.v1,0.5951719414958666
Glyma.10G262200.Wm82.a4.v1,0.5951328082962383
Glyma.04G077900.Wm82.a4.v1,0.5950887834466566
Glyma.02G078000.Wm82.a4.v1,0.5950105170474
Glyma.11G247300.Wm82.a4.v1,0.5949958420975395
Glyma.07G025200.Wm82.a4.v1,0.5949664921978183
Glyma.19G262500.Wm82.a4.v1,0.5949469255980042
Glyma.07G100700.Wm82.a4.v1,0.5949224673482365
Glyma.05G068400.Wm82.a4.v1,0.5949126840483295
Glyma.08G318300.Wm82.a4.v1,0.594907792398376
Glyma.13G346200.Wm82.a4.v1,0.5948637675487942
Glyma.08G314400.Wm82.a4.v1,0.5948393092990265
Glyma.13G188300.Wm82.a4.v1,0.5948295259991195
Glyma.14G166900.Wm82.a4.v1,0.5948295259991195
Glyma.10G259900.Wm82.a4.v1,0.5947121264002349
Glyma.09G249100.Wm82.a4.v1,0.5946778848505601
Glyma.01G202600.Wm82.a4.v1,0.5946632099006995
Glyma.04G115500.Wm82.a4.v1,0.5946485349508389
Glyma.02G173300.Wm82.a4.v1,0.5946485349508389
Glyma.13G170700.Wm82.a4.v1,0.5946436433008854
Glyma.09G190100.Wm82.a4.v1,0.5946289683510249
Glyma.07G213500.Wm82.a4.v1,0.5946045101012571
Glyma.01G023500.Wm82.a4.v1,0.5945555936017218
Glyma.12G156300.Wm82.a4.v1,0.5945213520520471
Glyma.13G227200.Wm82.a4.v1,0.5944968938022795
Glyma.05G188800.Wm82.a4.v1,0.5944822188524189
Glyma.05G020500.Wm82.a4.v1,0.5944675439025583
Glyma.07G083300.Wm82.a4.v1,0.5944186274030231
Glyma.14G030400.Wm82.a4.v1,0.5943892775033018
Glyma.17G137700.Wm82.a4.v1,0.5943746025534413
Glyma.05G019800.Wm82.a4.v1,0.5943599276035807
Glyma.19G172800.Wm82.a4.v1,0.5943452526537201
Glyma.17G216600.Wm82.a4.v1,0.5943159027539989
Glyma.08G176400.Wm82.a4.v1,0.5943110111040454
Glyma.10G023800.Wm82.a4.v1,0.5943061194540918
Glyma.17G007300.Wm82.a4.v1,0.5942767695543707
Glyma.03G097000.Wm82.a4.v1,0.5942669862544636
Glyma.02G030900.Wm82.a4.v1,0.5942620946045101
Glyma.04G026200.Wm82.a4.v1,0.5942327447047889
Glyma.10G280800.Wm82.a4.v1,0.5942229614048818
Glyma.09G124900.Wm82.a4.v1,0.5942131781049748
Glyma.20G122400.Wm82.a4.v1,0.5941936115051607
Glyma.02G085500.Wm82.a4.v1,0.5941838282052536
Glyma.08G124200.Wm82.a4.v1,0.5941838282052536
Glyma.14G034200.Wm82.a4.v1,0.594085995206183
Glyma.09G211200.Wm82.a4.v1,0.5940811035562296
Glyma.08G332800.Wm82.a4.v1,0.5940468620065548
Glyma.10G292900.Wm82.a4.v1,0.5940419703566013
Glyma.11G228500.Wm82.a4.v1,0.5940321870566942
Glyma.16G147300.Wm82.a4.v1,0.5939979455070196
Glyma.02G185900.Wm82.a4.v1,0.5939783789072054
Glyma.02G294500.Wm82.a4.v1,0.5939734872572519
Glyma.18G300600.Wm82.a4.v1,0.5939490290074843
Glyma.02G246500.Wm82.a4.v1,0.593919679107763
Glyma.19G099000.Wm82.a4.v1,0.5938756542581812
Glyma.05G049200.Wm82.a4.v1,0.5938658709582743
Glyma.13G194500.Wm82.a4.v1,0.5938658709582743
Glyma.08G193800.Wm82.a4.v1,0.5938463043584601
Glyma.04G233100.Wm82.a4.v1,0.5937924962089712
Glyma.08G329300.Wm82.a4.v1,0.5937876045590178
Glyma.01G220700.Wm82.a4.v1,0.5937631463092501
Glyma.05G127500.Wm82.a4.v1,0.5937582546592965
Glyma.06G222400.Wm82.a4.v1,0.593753363009343
Glyma.08G158600.Wm82.a4.v1,0.5936897715599472
Glyma.11G238800.Wm82.a4.v1,0.5935479137112948
Glyma.19G020000.Wm82.a4.v1,0.5935283471114807
Glyma.09G051800.Wm82.a4.v1,0.5935185638115736
Glyma.15G115400.Wm82.a4.v1,0.593503888861713
Glyma.20G162000.Wm82.a4.v1,0.5934696473120383
Glyma.05G089300.Wm82.a4.v1,0.5934451890622707
Glyma.07G232000.Wm82.a4.v1,0.5934402974123172
Glyma.07G272400.Wm82.a4.v1,0.5934060558626425
Glyma.15G019300.Wm82.a4.v1,0.5933522477131536
Glyma.04G198600.Wm82.a4.v1,0.593337572763293
Glyma.16G116600.Wm82.a4.v1,0.593327789463386
Glyma.08G213500.Wm82.a4.v1,0.5932788729638507
Glyma.07G258900.Wm82.a4.v1,0.5932054982145478
Glyma.18G010000.Wm82.a4.v1,0.5931810399647801
Glyma.10G151500.Wm82.a4.v1,0.593078315315756
Glyma.13G225600.Wm82.a4.v1,0.593078315315756
Glyma.04G206900.Wm82.a4.v1,0.5930391821161277
Glyma.02G183100.Wm82.a4.v1,0.5930391821161277
Glyma.08G016600.Wm82.a4.v1,0.5929706990167783
Glyma.11G091900.Wm82.a4.v1,0.5929266741671966
Glyma.08G097800.Wm82.a4.v1,0.5928630827178007
Glyma.08G112900.Wm82.a4.v1,0.5928581910678472
Glyma.07G112400.Wm82.a4.v1,0.5928581910678472
Glyma.08G238200.Wm82.a4.v1,0.5928484077679401
Glyma.19G179400.Wm82.a4.v1,0.5928484077679401
Glyma.15G200800.Wm82.a4.v1,0.592819057868219
Glyma.14G219900.Wm82.a4.v1,0.592819057868219
Glyma.15G007700.Wm82.a4.v1,0.5927994912684048
Glyma.04G246100.Wm82.a4.v1,0.5927799246685908
Glyma.17G006200.Wm82.a4.v1,0.5927407914689625
Glyma.19G236400.Wm82.a4.v1,0.5927163332191948
Glyma.02G312000.Wm82.a4.v1,0.5926967666193808
Glyma.16G163600.Wm82.a4.v1,0.5926967666193808
Glyma.09G230800.Wm82.a4.v1,0.5926820916695201
Glyma.15G053400.Wm82.a4.v1,0.5926772000195666
Glyma.08G334100.Wm82.a4.v1,0.592662525069706
Glyma.11G032300.Wm82.a4.v1,0.5926380668199384
Glyma.18G286000.Wm82.a4.v1,0.5926185002201243
Glyma.06G083100.Wm82.a4.v1,0.5926185002201243
Glyma.09G271700.Wm82.a4.v1,0.5925989336203101
Glyma.09G234300.Wm82.a4.v1,0.592579367020496
Glyma.15G135900.Wm82.a4.v1,0.5925646920706354
Glyma.06G016500.Wm82.a4.v1,0.5925598004206819
Glyma.18G043100.Wm82.a4.v1,0.5925402338208677
Glyma.02G036100.Wm82.a4.v1,0.5925304505209608
Glyma.04G230800.Wm82.a4.v1,0.592505992271193
Glyma.09G259100.Wm82.a4.v1,0.592505992271193
Glyma.11G092700.Wm82.a4.v1,0.592505992271193
Glyma.06G250100.Wm82.a4.v1,0.5924472924717508
Glyma.01G207400.Wm82.a4.v1,0.5924179425720295
Glyma.03G264500.Wm82.a4.v1,0.592413050922076
Glyma.15G049500.Wm82.a4.v1,0.5923983759722155
Glyma.01G241000.Wm82.a4.v1,0.5923739177224477
Glyma.20G223500.Wm82.a4.v1,0.5922956513231913
Glyma.18G064000.Wm82.a4.v1,0.5922956513231913
Glyma.17G052200.Wm82.a4.v1,0.5922711930734237
Glyma.19G149800.Wm82.a4.v1,0.5922124932739813
Glyma.14G012700.Wm82.a4.v1,0.5922027099740742
Glyma.05G207400.Wm82.a4.v1,0.592153793474539
Glyma.09G002600.Wm82.a4.v1,0.5921440101746319
Glyma.13G098500.Wm82.a4.v1,0.5921195519248642
Glyma.16G077000.Wm82.a4.v1,0.5921048769750037
Glyma.04G235900.Wm82.a4.v1,0.5920902020251431
Glyma.01G157800.Wm82.a4.v1,0.5920412855256078
Glyma.09G242400.Wm82.a4.v1,0.5920266105757472
Glyma.20G247700.Wm82.a4.v1,0.5919923690260724
Glyma.07G124500.Wm82.a4.v1,0.591987477376119
Glyma.15G027500.Wm82.a4.v1,0.5919483441764908
Glyma.06G087200.Wm82.a4.v1,0.5919336692266302
Glyma.15G029100.Wm82.a4.v1,0.5919287775766766
Glyma.11G081200.Wm82.a4.v1,0.5919238859267231
Glyma.11G202100.Wm82.a4.v1,0.5919189942767695
Glyma.12G095300.Wm82.a4.v1,0.5919092109768624
Glyma.15G025800.Wm82.a4.v1,0.5917428948784424
Glyma.10G262300.Wm82.a4.v1,0.5917037616788142
Glyma.15G158800.Wm82.a4.v1,0.5916841950790002
Glyma.19G135000.Wm82.a4.v1,0.5916401702294184
Glyma.06G041000.Wm82.a4.v1,0.591623049454581
Glyma.08G021200.Wm82.a4.v1,0.5916108203296973
Glyma.07G240300.Wm82.a4.v1,0.591571687130069
Glyma.02G048900.Wm82.a4.v1,0.591571687130069
Glyma.19G011500.Wm82.a4.v1,0.5915521205302549
Glyma.08G195900.Wm82.a4.v1,0.5914640708310913
Glyma.10G194300.Wm82.a4.v1,0.5913809127818813
Glyma.08G052700.Wm82.a4.v1,0.5913613461820673
Glyma.13G271700.Wm82.a4.v1,0.5913564545321137
Glyma.02G059900.Wm82.a4.v1,0.5913417795822531
Glyma.02G155300.Wm82.a4.v1,0.5913368879322995
Glyma.06G016100.Wm82.a4.v1,0.5913368879322995
Glyma.10G032900.Wm82.a4.v1,0.591331996282346
Glyma.04G097100.Wm82.a4.v1,0.5912928630827178
Glyma.03G230200.Wm82.a4.v1,0.5912781881328573
Glyma.13G265200.Wm82.a4.v1,0.5912537298830896
Glyma.03G097700.Wm82.a4.v1,0.5911216553343442
Glyma.09G114600.Wm82.a4.v1,0.5911118720344373
Glyma.20G235800.Wm82.a4.v1,0.5911020887345302
Glyma.17G235900.Wm82.a4.v1,0.5910971970845766
Glyma.11G228900.Wm82.a4.v1,0.591082522134716
Glyma.02G091900.Wm82.a4.v1,0.590999364085506
Glyma.02G051400.Wm82.a4.v1,0.590999364085506
Glyma.11G199900.Wm82.a4.v1,0.5909651225358313
Glyma.05G167900.Wm82.a4.v1,0.5908526145869002
Glyma.06G132800.Wm82.a4.v1,0.5908379396370396
Glyma.04G110700.Wm82.a4.v1,0.5908281563371325
Glyma.06G023000.Wm82.a4.v1,0.5908232646871789
Glyma.04G089600.Wm82.a4.v1,0.5908085897373184
Glyma.09G238900.Wm82.a4.v1,0.5907988064374113
Glyma.05G172100.Wm82.a4.v1,0.5907890231375043
Glyma.17G140900.Wm82.a4.v1,0.5907743481876437
Glyma.09G165200.Wm82.a4.v1,0.5907694565376902
Glyma.14G022800.Wm82.a4.v1,0.5907205400381549
Glyma.02G285200.Wm82.a4.v1,0.5907156483882013
Glyma.20G063200.Wm82.a4.v1,0.5906911901384337
Glyma.18G221100.Wm82.a4.v1,0.5906716235386196
Glyma.06G171500.Wm82.a4.v1,0.5906618402387125
Glyma.02G128300.Wm82.a4.v1,0.5906129237391772
Glyma.14G197100.Wm82.a4.v1,0.5906031404392702
Glyma.08G264100.Wm82.a4.v1,0.590573790539549
Glyma.10G285700.Wm82.a4.v1,0.5905444406398278
Glyma.03G155700.Wm82.a4.v1,0.5905248740400137
Glyma.19G112200.Wm82.a4.v1,0.5905199823900602
Glyma.04G254402.Wm82.a4.v1,0.5905199823900602
Glyma.01G172000.Wm82.a4.v1,0.590500415790246
Glyma.01G012400.Wm82.a4.v1,0.590500415790246
Glyma.10G127200.Wm82.a4.v1,0.5904661742405714
Glyma.20G132500.Wm82.a4.v1,0.5903438829917331
Glyma.10G060200.Wm82.a4.v1,0.590324316391919
Glyma.01G169700.Wm82.a4.v1,0.590314533092012
Glyma.10G049800.Wm82.a4.v1,0.5903096414420584
Glyma.06G029000.Wm82.a4.v1,0.5902851831922907
Glyma.17G008100.Wm82.a4.v1,0.5902753998923838
Glyma.03G169400.Wm82.a4.v1,0.5902656165924767
Glyma.10G140000.Wm82.a4.v1,0.5902607249425231
Glyma.03G101000.Wm82.a4.v1,0.590241158342709
Glyma.06G147600.Wm82.a4.v1,0.5902215917428949
Glyma.01G156400.Wm82.a4.v1,0.5902215917428949
Glyma.05G014400.Wm82.a4.v1,0.5901971334931272
Glyma.04G236100.Wm82.a4.v1,0.5901286503937778
Glyma.06G060200.Wm82.a4.v1,0.5901188670938707
Glyma.03G130100.Wm82.a4.v1,0.5901139754439172
Glyma.10G088700.Wm82.a4.v1,0.590084625544196
Glyma.17G149400.Wm82.a4.v1,0.5900797338942425
Glyma.02G235700.Wm82.a4.v1,0.5900552756444749
Glyma.20G166600.Wm82.a4.v1,0.5900406006946143
Glyma.19G015900.Wm82.a4.v1,0.590001467494986
Glyma.18G074700.Wm82.a4.v1,0.5899378760455902
Glyma.09G243300.Wm82.a4.v1,0.5899134177958225
Glyma.04G175900.Wm82.a4.v1,0.5898547179963802
Glyma.02G022351.Wm82.a4.v1,0.5898400430465196
Glyma.10G267700.Wm82.a4.v1,0.5897960181969378
Glyma.07G037100.Wm82.a4.v1,0.5897666682972167
Glyma.14G046900.Wm82.a4.v1,0.5897666682972167
Glyma.08G252900.Wm82.a4.v1,0.5897617766472631
Glyma.02G224300.Wm82.a4.v1,0.5897617766472631
Glyma.02G068300.Wm82.a4.v1,0.5896835102480067
Glyma.06G315000.Wm82.a4.v1,0.5896688352981461
Glyma.08G258500.Wm82.a4.v1,0.589659051998239
Glyma.01G218300.Wm82.a4.v1,0.5896248104485643
Glyma.08G049200.Wm82.a4.v1,0.5896199187986108
Glyma.06G127000.Wm82.a4.v1,0.5896150271486572
Glyma.10G191500.Wm82.a4.v1,0.5895661106491219
Glyma.18G262900.Wm82.a4.v1,0.5895367607494008
Glyma.20G237950.Wm82.a4.v1,0.5895171941495867
Glyma.13G031200.Wm82.a4.v1,0.5894780609499585
Glyma.13G256700.Wm82.a4.v1,0.5894682776500514
Glyma.05G024300.Wm82.a4.v1,0.5894046862006554
Glyma.09G164600.Wm82.a4.v1,0.5893557697011201
Glyma.08G345200.Wm82.a4.v1,0.5893019615516314
Glyma.19G180800.Wm82.a4.v1,0.5892236951523749
Glyma.05G054900.Wm82.a4.v1,0.5892188035024214
Glyma.16G015700.Wm82.a4.v1,0.5891796703027932
Glyma.11G149825.Wm82.a4.v1,0.5891698870028861
Glyma.01G212900.Wm82.a4.v1,0.5891356454532114
Glyma.03G219500.Wm82.a4.v1,0.5891258621533043
Glyma.05G204300.Wm82.a4.v1,0.589118524678374
Glyma.12G043000.Wm82.a4.v1,0.5891160788533972
Glyma.08G018400.Wm82.a4.v1,0.5891014039035367
Glyma.05G058200.Wm82.a4.v1,0.5890182458543267
Glyma.10G075300.Wm82.a4.v1,0.588974221004745
Glyma.06G071100.Wm82.a4.v1,0.5889644377048379
Glyma.09G063100.Wm82.a4.v1,0.5889644377048379
Glyma.20G012100.Wm82.a4.v1,0.5889546544049308
Glyma.03G211500.Wm82.a4.v1,0.5889204128552561
Glyma.10G243000.Wm82.a4.v1,0.5888519297559067
Glyma.17G050300.Wm82.a4.v1,0.5887785550066037
Glyma.12G001500.Wm82.a4.v1,0.5887345301570219
Glyma.08G199200.Wm82.a4.v1,0.5885828890084626
Glyma.10G233500.Wm82.a4.v1,0.5885828890084626
Glyma.06G230300.Wm82.a4.v1,0.5885731057085555
Glyma.16G070700.Wm82.a4.v1,0.5884654894095779
Glyma.08G044600.Wm82.a4.v1,0.5884605977596243
Glyma.08G227500.Wm82.a4.v1,0.5884605977596243
Glyma.14G106700.Wm82.a4.v1,0.5884508144597173
Glyma.02G003300.Wm82.a4.v1,0.5884312478599032
Glyma.15G054000.Wm82.a4.v1,0.5884214645599961
Glyma.13G074700.Wm82.a4.v1,0.5883578731106002
Glyma.10G219900.Wm82.a4.v1,0.5882747150613902
Glyma.18G010500.Wm82.a4.v1,0.5882600401115297
Glyma.06G022100.Wm82.a4.v1,0.5882600401115297
Glyma.18G237800.Wm82.a4.v1,0.5882551484615761
Glyma.05G213300.Wm82.a4.v1,0.5882502568116226
Glyma.06G008900.Wm82.a4.v1,0.588245365161669
Glyma.13G045600.Wm82.a4.v1,0.5881573154625055
Glyma.14G190900.Wm82.a4.v1,0.5880154576138531
Glyma.20G040700.Wm82.a4.v1,0.5879714327642714
Glyma.01G006900.Wm82.a4.v1,0.5879225162647361
Glyma.07G126400.Wm82.a4.v1,0.5879225162647361
Glyma.07G267700.Wm82.a4.v1,0.5878931663650149
Glyma.10G188200.Wm82.a4.v1,0.5878931663650149
Glyma.13G269700.Wm82.a4.v1,0.5878784914151544
Glyma.18G050400.Wm82.a4.v1,0.5878051166658514
Glyma.15G027800.Wm82.a4.v1,0.5877659834662231
Glyma.15G045900.Wm82.a4.v1,0.5877610918162697
Glyma.02G159500.Wm82.a4.v1,0.5877610918162697
Glyma.02G019900.Wm82.a4.v1,0.5877268502665949
Glyma.16G067600.Wm82.a4.v1,0.5876877170669667
Glyma.01G217300.Wm82.a4.v1,0.5876730421171061
Glyma.07G235200.Wm82.a4.v1,0.5876681504671526
Glyma.08G082200.Wm82.a4.v1,0.587663258817199
Glyma.15G050200.Wm82.a4.v1,0.5876485838673384
Glyma.08G271402.Wm82.a4.v1,0.5875360759184073
Glyma.17G050800.Wm82.a4.v1,0.5875165093185931
Glyma.12G193600.Wm82.a4.v1,0.5874822677689184
Glyma.12G165400.Wm82.a4.v1,0.5874724844690113
Glyma.17G190900.Wm82.a4.v1,0.5874480262192437
Glyma.09G223700.Wm82.a4.v1,0.5874480262192437
Glyma.16G034551.Wm82.a4.v1,0.5873991097197084
Glyma.10G057100.Wm82.a4.v1,0.5873648681700337
Glyma.03G104400.Wm82.a4.v1,0.5873453015702196
Glyma.02G229700.Wm82.a4.v1,0.5873257349704055
Glyma.17G040000.Wm82.a4.v1,0.5872768184708702
Glyma.20G104700.Wm82.a4.v1,0.5872719268209167
Glyma.19G176400.Wm82.a4.v1,0.5871936604216602
Glyma.13G326900.Wm82.a4.v1,0.5871692021718926
Glyma.11G217500.Wm82.a4.v1,0.5871398522721714
Glyma.12G177100.Wm82.a4.v1,0.5870909357726362
Glyma.10G152500.Wm82.a4.v1,0.5870860441226826
Glyma.11G227400.Wm82.a4.v1,0.5870811524727291
Glyma.17G001100.Wm82.a4.v1,0.5870273443232402
Glyma.18G268500.Wm82.a4.v1,0.5869931027735655
Glyma.03G153100.Wm82.a4.v1,0.586988211123612
Glyma.02G046900.Wm82.a4.v1,0.5869637528738444
Glyma.08G058500.Wm82.a4.v1,0.5869001614244485
Glyma.16G009000.Wm82.a4.v1,0.5868903781245414
Glyma.03G209500.Wm82.a4.v1,0.5868854864745878
Glyma.18G182600.Wm82.a4.v1,0.5868267866751455
Glyma.14G131700.Wm82.a4.v1,0.586821895025192
Glyma.05G141400.Wm82.a4.v1,0.5868170033752385
Glyma.02G062500.Wm82.a4.v1,0.5868121117252849
Glyma.05G212000.Wm82.a4.v1,0.5867485202758891
Glyma.09G228600.Wm82.a4.v1,0.5867044954263073
Glyma.02G170300.Wm82.a4.v1,0.5867044954263073
Glyma.05G232600.Wm82.a4.v1,0.5866996037763538
Glyma.12G186700.Wm82.a4.v1,0.5866311206770044
Glyma.13G347900.Wm82.a4.v1,0.5865822041774691
Glyma.16G166900.Wm82.a4.v1,0.5865528542777478
Glyma.12G071700.Wm82.a4.v1,0.5865283960279802
Glyma.13G273900.Wm82.a4.v1,0.5865137210781196
Glyma.09G045800.Wm82.a4.v1,0.5864550212786773
Glyma.02G160500.Wm82.a4.v1,0.5864501296287238
Glyma.08G343300.Wm82.a4.v1,0.5863620799295602
Glyma.19G201900.Wm82.a4.v1,0.5863620799295602
Glyma.12G007700.Wm82.a4.v1,0.5863474049796996
Glyma.07G118300.Wm82.a4.v1,0.5863180550799785
Glyma.08G081500.Wm82.a4.v1,0.5863033801301178
Glyma.15G170200.Wm82.a4.v1,0.5862593552805361
Glyma.10G084300.Wm82.a4.v1,0.5861419556816514
Glyma.06G309900.Wm82.a4.v1,0.5861370640316979
Glyma.08G059700.Wm82.a4.v1,0.5861272807317909
Glyma.01G188400.Wm82.a4.v1,0.5861028224820232
Glyma.03G139200.Wm82.a4.v1,0.5860930391821161
Glyma.17G037800.Wm82.a4.v1,0.5860783642322556
Glyma.03G042600.Wm82.a4.v1,0.5860685809323485
Glyma.19G133500.Wm82.a4.v1,0.5860147727828596
Glyma.10G162100.Wm82.a4.v1,0.5860049894829527
Glyma.15G176600.Wm82.a4.v1,0.5859805312331849
Glyma.19G141900.Wm82.a4.v1,0.5859365063836032
Glyma.19G010300.Wm82.a4.v1,0.585907156483882
Glyma.05G033200.Wm82.a4.v1,0.5857750819351367
Glyma.07G168700.Wm82.a4.v1,0.5857506236853691
Glyma.11G031500.Wm82.a4.v1,0.5857457320354156
Glyma.03G200000.Wm82.a4.v1,0.585740840385462
Glyma.04G126600.Wm82.a4.v1,0.5857212737856479
Glyma.04G004500.Wm82.a4.v1,0.5855989825368096
Glyma.13G160000.Wm82.a4.v1,0.5855891992369026
Glyma.06G017300.Wm82.a4.v1,0.5855451743873208
Glyma.16G015500.Wm82.a4.v1,0.5855402827373674
Glyma.07G082200.Wm82.a4.v1,0.5854571246881574
Glyma.19G224000.Wm82.a4.v1,0.5854228831384826
Glyma.06G068900.Wm82.a4.v1,0.5853935332387614
Glyma.20G030300.Wm82.a4.v1,0.5853739666389474
Glyma.08G333700.Wm82.a4.v1,0.5853592916890867
Glyma.14G087100.Wm82.a4.v1,0.5853544000391332
Glyma.14G034300.Wm82.a4.v1,0.5853446167392261
Glyma.12G217900.Wm82.a4.v1,0.5852908085897374
Glyma.09G131600.Wm82.a4.v1,0.5852810252898303
Glyma.16G148100.Wm82.a4.v1,0.5852712419899232
Glyma.05G134500.Wm82.a4.v1,0.5851049258915032
Glyma.20G136900.Wm82.a4.v1,0.5850902509416426
Glyma.10G123100.Wm82.a4.v1,0.5850804676417356
Glyma.02G152800.Wm82.a4.v1,0.5850315511422003
Glyma.14G081700.Wm82.a4.v1,0.584982634642665
Glyma.08G073300.Wm82.a4.v1,0.5849630680428508
Glyma.18G229500.Wm82.a4.v1,0.5849092598933621
Glyma.08G079300.Wm82.a4.v1,0.5848945849435014
Glyma.06G139200.Wm82.a4.v1,0.5848896932935479
Glyma.14G116000.Wm82.a4.v1,0.5848603433938268
Glyma.01G220200.Wm82.a4.v1,0.5848456684439661
Glyma.02G034800.Wm82.a4.v1,0.5848261018441521
Glyma.05G079500.Wm82.a4.v1,0.5848212101941985
Glyma.12G198800.Wm82.a4.v1,0.5847625103947561
Glyma.04G123100.Wm82.a4.v1,0.5847576187448026
Glyma.15G130100.Wm82.a4.v1,0.5847478354448956
Glyma.06G206400.Wm82.a4.v1,0.5847233771951279
Glyma.04G204100.Wm82.a4.v1,0.5846989189453603
Glyma.07G020600.Wm82.a4.v1,0.5846744606955926
Glyma.11G128700.Wm82.a4.v1,0.5846646773956856
Glyma.17G096200.Wm82.a4.v1,0.5846597857457321
Glyma.08G111600.Wm82.a4.v1,0.5846597857457321
Glyma.11G022900.Wm82.a4.v1,0.5845913026463826
Glyma.03G245500.Wm82.a4.v1,0.5845766276965221
Glyma.15G250400.Wm82.a4.v1,0.5845619527466615
Glyma.20G150000.Wm82.a4.v1,0.5845326028469403
Glyma.04G031900.Wm82.a4.v1,0.5844445531477768
Glyma.17G095633.Wm82.a4.v1,0.5844298781979161
Glyma.03G000600.Wm82.a4.v1,0.5843711783984739
Glyma.18G238000.Wm82.a4.v1,0.5843418284987526
Glyma.11G250600.Wm82.a4.v1,0.5842586704495426
Glyma.15G017300.Wm82.a4.v1,0.5842586704495426
Glyma.02G048200.Wm82.a4.v1,0.5842488871496355
Glyma.12G071400.Wm82.a4.v1,0.5842439954996821
Glyma.01G228900.Wm82.a4.v1,0.5842244288998679
Glyma.08G343900.Wm82.a4.v1,0.5841999706501003
Glyma.12G059800.Wm82.a4.v1,0.5840923543511226
Glyma.03G162100.Wm82.a4.v1,0.5840532211514944
Glyma.09G032800.Wm82.a4.v1,0.5839945213520521
Glyma.01G023000.Wm82.a4.v1,0.583984738052145
Glyma.07G072900.Wm82.a4.v1,0.5839309299026562
Glyma.12G143900.Wm82.a4.v1,0.5838673384532603
Glyma.14G001300.Wm82.a4.v1,0.5838477718534462
Glyma.18G149300.Wm82.a4.v1,0.5838330969035855
Glyma.06G009500.Wm82.a4.v1,0.583818421953725
Glyma.06G002200.Wm82.a4.v1,0.5838086386538179
Glyma.13G342800.Wm82.a4.v1,0.5837303722545615
Glyma.01G015200.Wm82.a4.v1,0.5836814557550262
Glyma.15G112000.Wm82.a4.v1,0.5836178643056303
Glyma.02G275700.Wm82.a4.v1,0.583568947806095
Glyma.04G154000.Wm82.a4.v1,0.5835542728562344
Glyma.18G191000.Wm82.a4.v1,0.5835518270312576
Glyma.11G092300.Wm82.a4.v1,0.5835493812062809
Glyma.08G105400.Wm82.a4.v1,0.583476006456978
Glyma.09G223000.Wm82.a4.v1,0.5834075233576286
Glyma.10G062700.Wm82.a4.v1,0.5833977400577215
Glyma.02G277800.Wm82.a4.v1,0.5833732818079538
Glyma.11G088400.Wm82.a4.v1,0.5833390402582791
Glyma.01G157400.Wm82.a4.v1,0.5833243653084186
Glyma.14G063200.Wm82.a4.v1,0.5832950154086973
Glyma.06G014600.Wm82.a4.v1,0.5832069657095338
Glyma.12G004600.Wm82.a4.v1,0.5831922907596733
Glyma.01G194100.Wm82.a4.v1,0.5831727241598591
Glyma.18G125600.Wm82.a4.v1,0.5831458200851147
Glyma.12G154400.Wm82.a4.v1,0.5831335909602309
Glyma.13G045500.Wm82.a4.v1,0.5831335909602309
Glyma.12G148900.Wm82.a4.v1,0.5830944577606026
Glyma.13G125400.Wm82.a4.v1,0.583069999510835
Glyma.09G285300.Wm82.a4.v1,0.5830553245609744
Glyma.13G183900.Wm82.a4.v1,0.5830504329110209
Glyma.01G089900.Wm82.a4.v1,0.5830357579611603
Glyma.16G043800.Wm82.a4.v1,0.5830357579611603
Glyma.06G105800.Wm82.a4.v1,0.5830161913613462
Glyma.20G028000.Wm82.a4.v1,0.5830064080614391
Glyma.11G090000.Wm82.a4.v1,0.5830015164114856
Glyma.16G205700.Wm82.a4.v1,0.5829721665117644
Glyma.11G152542.Wm82.a4.v1,0.5829672748618109
Glyma.18G184200.Wm82.a4.v1,0.5829232500122291
Glyma.14G134100.Wm82.a4.v1,0.582913466712322
Glyma.09G242200.Wm82.a4.v1,0.5828792251626473
Glyma.20G017400.Wm82.a4.v1,0.5827618255637627
Glyma.11G153378.Wm82.a4.v1,0.5827422589639485
Glyma.17G149300.Wm82.a4.v1,0.5827373673139951
Glyma.04G014000.Wm82.a4.v1,0.5826713300396223
Glyma.18G009000.Wm82.a4.v1,0.5826542092647851
Glyma.17G256200.Wm82.a4.v1,0.5826493176148315
Glyma.08G154600.Wm82.a4.v1,0.5826248593650638
Glyma.08G238000.Wm82.a4.v1,0.5825955094653427
Glyma.03G189500.Wm82.a4.v1,0.5825465929658074
Glyma.02G192500.Wm82.a4.v1,0.5825465929658074
Glyma.05G155100.Wm82.a4.v1,0.5825172430660862
Glyma.10G289900.Wm82.a4.v1,0.5825123514161327
Glyma.03G001900.Wm82.a4.v1,0.5824927848163185
Glyma.06G113000.Wm82.a4.v1,0.5824732182165044
Glyma.08G029100.Wm82.a4.v1,0.5824487599667367
Glyma.02G271700.Wm82.a4.v1,0.5823509269676662
Glyma.13G161600.Wm82.a4.v1,0.5822579856185491
Glyma.11G098800.Wm82.a4.v1,0.582248202318642
Glyma.13G239300.Wm82.a4.v1,0.5822335273687815
Glyma.05G198500.Wm82.a4.v1,0.5821943941691533
Glyma.02G271100.Wm82.a4.v1,0.5820769945702685
Glyma.14G060000.Wm82.a4.v1,0.5820574279704545
Glyma.14G131200.Wm82.a4.v1,0.581988944871105
Glyma.15G212200.Wm82.a4.v1,0.5819693782712909
Glyma.17G202500.Wm82.a4.v1,0.5818911118720345
Glyma.15G149300.Wm82.a4.v1,0.5818519786724062
Glyma.02G230100.Wm82.a4.v1,0.5818079538228245
Glyma.05G019000.Wm82.a4.v1,0.5818030621728709
Glyma.20G173300.Wm82.a4.v1,0.5817834955730568
Glyma.18G000800.Wm82.a4.v1,0.5817492540233821
Glyma.13G062600.Wm82.a4.v1,0.581739470723475
Glyma.05G044200.Wm82.a4.v1,0.581729687423568
Glyma.09G061500.Wm82.a4.v1,0.5816758792740792
Glyma.20G087600.Wm82.a4.v1,0.5816612043242185
Glyma.04G221200.Wm82.a4.v1,0.581656312674265
Glyma.16G128200.Wm82.a4.v1,0.5816367460744509
Glyma.13G277100.Wm82.a4.v1,0.5815144548256127
Glyma.09G270500.Wm82.a4.v1,0.5815144548256127
Glyma.08G165600.Wm82.a4.v1,0.5815046715257056
Glyma.10G023500.Wm82.a4.v1,0.5814753216259845
Glyma.09G180300.Wm82.a4.v1,0.5814606466761238
Glyma.09G270100.Wm82.a4.v1,0.5814557550261703
Glyma.20G110700.Wm82.a4.v1,0.5814557550261703
Glyma.10G014300.Wm82.a4.v1,0.581397055226728
Glyma.07G199200.Wm82.a4.v1,0.5813530303771463
Glyma.19G209700.Wm82.a4.v1,0.5813187888274715
Glyma.16G029600.Wm82.a4.v1,0.5813187888274715
Glyma.08G257500.Wm82.a4.v1,0.5812845472777968
Glyma.08G147700.Wm82.a4.v1,0.5812503057281221
Glyma.16G026700.Wm82.a4.v1,0.5812160641784474
Glyma.05G203800.Wm82.a4.v1,0.5811084478794697
Glyma.02G305200.Wm82.a4.v1,0.5810888812796556
Glyma.15G248200.Wm82.a4.v1,0.5810888812796556
Glyma.16G030200.Wm82.a4.v1,0.5810839896297021
Glyma.15G253800.Wm82.a4.v1,0.5810839896297021
Glyma.17G150900.Wm82.a4.v1,0.581054639729981
Glyma.13G211800.Wm82.a4.v1,0.5810497480800274
Glyma.08G273000.Wm82.a4.v1,0.5810399647801203
Glyma.11G110600.Wm82.a4.v1,0.5810350731301668
Glyma.14G028100.Wm82.a4.v1,0.5810106148803992
Glyma.09G218700.Wm82.a4.v1,0.5810008315804921
Glyma.07G259500.Wm82.a4.v1,0.5809959399305386
Glyma.16G220800.Wm82.a4.v1,0.5809274568311892
Glyma.20G185600.Wm82.a4.v1,0.5807953822824439
Glyma.02G093600.Wm82.a4.v1,0.5807855989825368
Glyma.09G226100.Wm82.a4.v1,0.5807317908330479
Glyma.03G210300.Wm82.a4.v1,0.5807268991830945
Glyma.03G197700.Wm82.a4.v1,0.5806633077336986
Glyma.15G256400.Wm82.a4.v1,0.5806633077336986
Glyma.13G222400.Wm82.a4.v1,0.5805899329843957
Glyma.13G304500.Wm82.a4.v1,0.5805312331849533
Glyma.13G056100.Wm82.a4.v1,0.5804872083353715
Glyma.06G096700.Wm82.a4.v1,0.5804529667856968
Glyma.14G091700.Wm82.a4.v1,0.5804236168859757
Glyma.16G207000.Wm82.a4.v1,0.5803698087364868
Glyma.18G219100.Wm82.a4.v1,0.5803551337866262
Glyma.13G281700.Wm82.a4.v1,0.5803453504867192
Glyma.18G109000.Wm82.a4.v1,0.5802964339871839
Glyma.06G050800.Wm82.a4.v1,0.5802719757374162
Glyma.02G282700.Wm82.a4.v1,0.5802719757374162
Glyma.20G126600.Wm82.a4.v1,0.5802719757374162
Glyma.07G035300.Wm82.a4.v1,0.5802475174876486
Glyma.11G126900.Wm82.a4.v1,0.5801692510883921
Glyma.18G237000.Wm82.a4.v1,0.5801447928386245
Glyma.20G206900.Wm82.a4.v1,0.5801203345888568
Glyma.10G166200.Wm82.a4.v1,0.5801203345888568
Glyma.02G068600.Wm82.a4.v1,0.5800812013892286
Glyma.07G078300.Wm82.a4.v1,0.5800812013892286
Glyma.09G052000.Wm82.a4.v1,0.5800371765396468
Glyma.06G114100.Wm82.a4.v1,0.5800273932397397
Glyma.02G181300.Wm82.a4.v1,0.579983368390158
Glyma.06G057700.Wm82.a4.v1,0.579973585090251
Glyma.10G046400.Wm82.a4.v1,0.5799589101403904
Glyma.04G123700.Wm82.a4.v1,0.5799589101403904
Glyma.12G042800.Wm82.a4.v1,0.5799246685907157
Glyma.01G075800.Wm82.a4.v1,0.5798953186909944
Glyma.15G206200.Wm82.a4.v1,0.5798610771413197
Glyma.03G068900.Wm82.a4.v1,0.5797632441422492
Glyma.15G062000.Wm82.a4.v1,0.5797632441422492
Glyma.08G149500.Wm82.a4.v1,0.5797534608423421
Glyma.12G054400.Wm82.a4.v1,0.579733894242528
Glyma.06G128600.Wm82.a4.v1,0.5797192192926675
Glyma.08G027200.Wm82.a4.v1,0.5796605194932251
Glyma.08G129900.Wm82.a4.v1,0.5796556278432715
Glyma.03G144300.Wm82.a4.v1,0.5796116029936897
Glyma.18G175500.Wm82.a4.v1,0.5795626864941544
Glyma.14G148700.Wm82.a4.v1,0.5794795284449444
Glyma.02G312300.Wm82.a4.v1,0.5794403952453162
Glyma.12G200100.Wm82.a4.v1,0.5794257202954557
Glyma.16G146900.Wm82.a4.v1,0.5793768037959204
Glyma.12G028900.Wm82.a4.v1,0.5793719121459668
Glyma.20G110200.Wm82.a4.v1,0.5793670204960133
Glyma.07G237200.Wm82.a4.v1,0.5793621288460598
Glyma.15G141200.Wm82.a4.v1,0.5793425622462457
Glyma.08G095800.Wm82.a4.v1,0.5793278872963851
Glyma.20G187400.Wm82.a4.v1,0.5792251626473609
Glyma.10G145200.Wm82.a4.v1,0.5792153793474539
Glyma.16G144500.Wm82.a4.v1,0.5792007043975933
Glyma.01G220600.Wm82.a4.v1,0.5791860294477327
Glyma.14G151300.Wm82.a4.v1,0.5791860294477327
Glyma.13G306700.Wm82.a4.v1,0.5791322212982439
Glyma.08G332200.Wm82.a4.v1,0.5791126546984298
Glyma.10G048400.Wm82.a4.v1,0.5791077630484762
Glyma.10G211000.Wm82.a4.v1,0.5790735214988015
Glyma.13G171000.Wm82.a4.v1,0.579068629848848
Glyma.14G101700.Wm82.a4.v1,0.5790637381988945
Glyma.15G031100.Wm82.a4.v1,0.5790197133493127
Glyma.18G043000.Wm82.a4.v1,0.578985471799638
Glyma.14G017000.Wm82.a4.v1,0.5789707968497775
Glyma.19G110500.Wm82.a4.v1,0.5789463386000098
Glyma.12G166900.Wm82.a4.v1,0.5789267720001957
Glyma.01G022800.Wm82.a4.v1,0.5789267720001957
Glyma.19G232800.Wm82.a4.v1,0.5788974221004745
Glyma.02G261500.Wm82.a4.v1,0.5788778555006604
Glyma.11G181500.Wm82.a4.v1,0.5788754096756836
Glyma.16G218600.Wm82.a4.v1,0.5788582889008462
Glyma.02G088600.Wm82.a4.v1,0.5788142640512645
Glyma.10G160000.Wm82.a4.v1,0.5787555642518222
Glyma.04G074900.Wm82.a4.v1,0.5787262143521009
Glyma.02G021700.Wm82.a4.v1,0.5787262143521009
Glyma.15G067700.Wm82.a4.v1,0.5786968644523798
Glyma.16G180600.Wm82.a4.v1,0.5786821895025192
Glyma.15G263500.Wm82.a4.v1,0.5786772978525657
Glyma.06G064400.Wm82.a4.v1,0.578633273002984
Glyma.10G170300.Wm82.a4.v1,0.5785990314533092
Glyma.14G099000.Wm82.a4.v1,0.578550114953774
Glyma.11G031100.Wm82.a4.v1,0.5784376070048427
Glyma.06G057200.Wm82.a4.v1,0.5784376070048427
Glyma.18G211800.Wm82.a4.v1,0.5784204862300054
Glyma.13G145400.Wm82.a4.v1,0.5783446656557257
Glyma.19G126900.Wm82.a4.v1,0.5783250990559116
Glyma.01G082200.Wm82.a4.v1,0.578300640806144
Glyma.18G253400.Wm82.a4.v1,0.5782712909064227
Glyma.01G200000.Wm82.a4.v1,0.5782615076065156
Glyma.08G209600.Wm82.a4.v1,0.5782321577067945
Glyma.10G255100.Wm82.a4.v1,0.5782223744068874
Glyma.15G187700.Wm82.a4.v1,0.5782076994570269
Glyma.17G141400.Wm82.a4.v1,0.5781930245071663
Glyma.02G095400.Wm82.a4.v1,0.5781685662573987
Glyma.13G323000.Wm82.a4.v1,0.578134324707724
Glyma.15G147200.Wm82.a4.v1,0.5780805165582351
Glyma.09G015800.Wm82.a4.v1,0.5780267084087463
Glyma.16G203900.Wm82.a4.v1,0.5780218167587927
Glyma.06G092200.Wm82.a4.v1,0.5779924668590716
Glyma.19G043700.Wm82.a4.v1,0.577968008609304
Glyma.01G041500.Wm82.a4.v1,0.5779484420094898
Glyma.19G218500.Wm82.a4.v1,0.5779239837597222
Glyma.09G231400.Wm82.a4.v1,0.5778995255099545
Glyma.05G210600.Wm82.a4.v1,0.5778848505600939
Glyma.12G042400.Wm82.a4.v1,0.577821259110698
Glyma.15G147100.Wm82.a4.v1,0.577811475810791
Glyma.15G259100.Wm82.a4.v1,0.577811475810791
Glyma.15G211900.Wm82.a4.v1,0.577811475810791
Glyma.04G051900.Wm82.a4.v1,0.5777919092109769
Glyma.19G185300.Wm82.a4.v1,0.5776011348627892
Glyma.13G231400.Wm82.a4.v1,0.5775179768135792
Glyma.17G058100.Wm82.a4.v1,0.5774348187643692
Glyma.13G187200.Wm82.a4.v1,0.5774250354644621
Glyma.13G186500.Wm82.a4.v1,0.5774201438145087
Glyma.07G018400.Wm82.a4.v1,0.5774152521645551
Glyma.15G125100.Wm82.a4.v1,0.577395685564741
Glyma.12G054833.Wm82.a4.v1,0.5773712273149734
Glyma.11G158400.Wm82.a4.v1,0.5773565523651127
Glyma.02G012700.Wm82.a4.v1,0.5773027442156239
Glyma.01G111300.Wm82.a4.v1,0.5772391527662281
Glyma.13G320100.Wm82.a4.v1,0.577229369466321
Glyma.05G178900.Wm82.a4.v1,0.5772195861664139
Glyma.16G096500.Wm82.a4.v1,0.5771902362666927
Glyma.09G165400.Wm82.a4.v1,0.5771413197671574
Glyma.13G271200.Wm82.a4.v1,0.577063053367901
Glyma.02G053300.Wm82.a4.v1,0.5770288118182263
Glyma.16G027600.Wm82.a4.v1,0.5770239201682728
Glyma.11G106300.Wm82.a4.v1,0.5769652203688304
Glyma.02G310600.Wm82.a4.v1,0.5769456537690163
Glyma.18G248100.Wm82.a4.v1,0.5769211955192487
Glyma.18G040500.Wm82.a4.v1,0.576896737269481
Glyma.02G270000.Wm82.a4.v1,0.5767353128210145
Glyma.15G212400.Wm82.a4.v1,0.5766863963214792
Glyma.09G209100.Wm82.a4.v1,0.5766374798219439
Glyma.07G127100.Wm82.a4.v1,0.5766325881719904
Glyma.16G006600.Wm82.a4.v1,0.5766325881719904
Glyma.04G055700.Wm82.a4.v1,0.5765983466223157
Glyma.02G144900.Wm82.a4.v1,0.5765885633224086
Glyma.05G201200.Wm82.a4.v1,0.5765543217727339
Glyma.18G109900.Wm82.a4.v1,0.5765396468228734
Glyma.18G016800.Wm82.a4.v1,0.5765347551729199
Glyma.18G234800.Wm82.a4.v1,0.5765298635229663
Glyma.05G167800.Wm82.a4.v1,0.5764858386733845
Glyma.10G155500.Wm82.a4.v1,0.5764515971237099
Glyma.18G125800.Wm82.a4.v1,0.5764222472239886
Glyma.19G063300.Wm82.a4.v1,0.5764075722741281
Glyma.08G324000.Wm82.a4.v1,0.5763439808247321
Glyma.12G231200.Wm82.a4.v1,0.5762754977253828
Glyma.11G104400.Wm82.a4.v1,0.5762461478256616
Glyma.U031121.Wm82.a4.v1,0.5762021229760799
Glyma.07G082700.Wm82.a4.v1,0.5761972313261263
Glyma.20G082000.Wm82.a4.v1,0.5761923396761728
Glyma.15G113900.Wm82.a4.v1,0.576148314826591
Glyma.06G149200.Wm82.a4.v1,0.576148314826591
Glyma.08G176800.Wm82.a4.v1,0.5761336398767304
Glyma.15G219400.Wm82.a4.v1,0.5760993983270557
Glyma.07G006600.Wm82.a4.v1,0.5760896150271486
Glyma.19G072800.Wm82.a4.v1,0.5760553734774739
Glyma.18G044500.Wm82.a4.v1,0.5760455901775668
Glyma.13G198200.Wm82.a4.v1,0.5760162402778457
Glyma.18G075600.Wm82.a4.v1,0.5759379738785892
Glyma.09G059400.Wm82.a4.v1,0.575898840678961
Glyma.12G052000.Wm82.a4.v1,0.5758597074793328
Glyma.19G149600.Wm82.a4.v1,0.5758548158293793
Glyma.10G043700.Wm82.a4.v1,0.5758352492295651
Glyma.12G026400.Wm82.a4.v1,0.5757520911803551
Glyma.03G222100.Wm82.a4.v1,0.5757276329305875
Glyma.06G081100.Wm82.a4.v1,0.5757178496306804
Glyma.10G202800.Wm82.a4.v1,0.5756542581812846
Glyma.19G191900.Wm82.a4.v1,0.5756102333317028
Glyma.12G019100.Wm82.a4.v1,0.5755955583818422
Glyma.01G214700.Wm82.a4.v1,0.5755808834319817
Glyma.17G096100.Wm82.a4.v1,0.5755808834319817
Glyma.04G176500.Wm82.a4.v1,0.5755466418823069
Glyma.10G153900.Wm82.a4.v1,0.5755417502323533
Glyma.15G072900.Wm82.a4.v1,0.575399892383701
Glyma.06G028600.Wm82.a4.v1,0.575390109083794
Glyma.15G006100.Wm82.a4.v1,0.5753607591840728
Glyma.08G261800.Wm82.a4.v1,0.5753509758841657
Glyma.05G062500.Wm82.a4.v1,0.575316734334491
Glyma.08G347400.Wm82.a4.v1,0.5752971677346769
Glyma.13G198700.Wm82.a4.v1,0.5752922760847233
Glyma.10G181900.Wm82.a4.v1,0.5752922760847233
Glyma.10G012000.Wm82.a4.v1,0.5752873844347699
Glyma.19G007300.Wm82.a4.v1,0.575223792985374
Glyma.05G193000.Wm82.a4.v1,0.5751895514356993
Glyma.20G241900.Wm82.a4.v1,0.5751553098860246
Glyma.15G066700.Wm82.a4.v1,0.575140634936164
Glyma.19G131200.Wm82.a4.v1,0.5751357432862104
Glyma.13G239900.Wm82.a4.v1,0.5750281269872328
Glyma.19G001300.Wm82.a4.v1,0.5750085603874187
Glyma.16G141500.Wm82.a4.v1,0.5750085603874187
Glyma.16G110300.Wm82.a4.v1,0.5749987770875116
Glyma.11G179400.Wm82.a4.v1,0.5749987770875116
Glyma.09G195800.Wm82.a4.v1,0.5749058357383946
Glyma.17G047800.Wm82.a4.v1,0.5749058357383946
Glyma.11G029800.Wm82.a4.v1,0.5748764858386733
Glyma.15G028300.Wm82.a4.v1,0.5748422442889987
Glyma.18G248400.Wm82.a4.v1,0.574808002739324
Glyma.11G081800.Wm82.a4.v1,0.574808002739324
Glyma.07G226267.Wm82.a4.v1,0.5748031110893704
Glyma.05G181700.Wm82.a4.v1,0.5747688695396957
Glyma.03G127600.Wm82.a4.v1,0.5747590862397887
Glyma.16G154400.Wm82.a4.v1,0.5747346279900211
Glyma.15G035300.Wm82.a4.v1,0.5747101697402534
Glyma.08G077500.Wm82.a4.v1,0.5747003864403464
Glyma.19G095700.Wm82.a4.v1,0.5746906031404393
Glyma.06G003400.Wm82.a4.v1,0.574661253240718
Glyma.08G345000.Wm82.a4.v1,0.5746074450912293
Glyma.07G136000.Wm82.a4.v1,0.5745976617913222
Glyma.14G011100.Wm82.a4.v1,0.574578095191508
Glyma.15G017400.Wm82.a4.v1,0.5745683118916011
Glyma.15G124100.Wm82.a4.v1,0.5745438536418334
Glyma.08G203400.Wm82.a4.v1,0.5745291786919728
Glyma.06G211500.Wm82.a4.v1,0.5745145037421122
Glyma.04G204800.Wm82.a4.v1,0.5745145037421122
Glyma.20G172200.Wm82.a4.v1,0.5745096120921587
Glyma.17G221100.Wm82.a4.v1,0.5744655872425769
Glyma.15G201200.Wm82.a4.v1,0.5744558039426698
Glyma.06G146000.Wm82.a4.v1,0.5744460206427628
Glyma.02G068500.Wm82.a4.v1,0.5743824291933669
Glyma.02G231200.Wm82.a4.v1,0.5742992711441569
Glyma.19G145400.Wm82.a4.v1,0.5742968253191801
Glyma.20G200700.Wm82.a4.v1,0.5742845961942963
Glyma.11G113500.Wm82.a4.v1,0.5742650295944822
Glyma.01G215700.Wm82.a4.v1,0.5742063297950398
Glyma.08G157000.Wm82.a4.v1,0.5741818715452722
Glyma.13G127600.Wm82.a4.v1,0.5740987134960622
Glyma.10G027100.Wm82.a4.v1,0.5740938218461087
Glyma.01G142300.Wm82.a4.v1,0.5740840385462016
Glyma.16G182300.Wm82.a4.v1,0.5740742552462946
Glyma.09G012600.Wm82.a4.v1,0.5740449053465734
Glyma.05G129800.Wm82.a4.v1,0.5740155554468522
Glyma.03G176400.Wm82.a4.v1,0.5740057721469451
Glyma.06G128700.Wm82.a4.v1,0.5739959888470381
Glyma.11G118900.Wm82.a4.v1,0.573976422247224
Glyma.01G203800.Wm82.a4.v1,0.5739519639974563
Glyma.20G143900.Wm82.a4.v1,0.5739372890475958
Glyma.19G193800.Wm82.a4.v1,0.5739275057476887
Glyma.08G148900.Wm82.a4.v1,0.5738785892481534
Glyma.16G164500.Wm82.a4.v1,0.5738541309983858
Glyma.20G141000.Wm82.a4.v1,0.5738198894487111
Glyma.11G159857.Wm82.a4.v1,0.5738149977987576
Glyma.09G208300.Wm82.a4.v1,0.5737954311989434
Glyma.02G199700.Wm82.a4.v1,0.5737660812992222
Glyma.19G088000.Wm82.a4.v1,0.5737171647996869
Glyma.19G185700.Wm82.a4.v1,0.5736878148999658
Glyma.12G019400.Wm82.a4.v1,0.5736829232500122
Glyma.08G299900.Wm82.a4.v1,0.5736829232500122
Glyma.19G156900.Wm82.a4.v1,0.5735753069510345
Glyma.17G196400.Wm82.a4.v1,0.5735704153010811
Glyma.05G123200.Wm82.a4.v1,0.5735361737514063
Glyma.09G281200.Wm82.a4.v1,0.5735312821014528
Glyma.08G031200.Wm82.a4.v1,0.573477473951964
Glyma.17G035200.Wm82.a4.v1,0.5734138825025681
Glyma.05G046300.Wm82.a4.v1,0.5733698576529863
Glyma.17G064000.Wm82.a4.v1,0.5733405077532652
Glyma.08G283500.Wm82.a4.v1,0.5733160495034976
Glyma.14G056000.Wm82.a4.v1,0.5732573497040552
Glyma.02G226900.Wm82.a4.v1,0.573218216504427
Glyma.10G106900.Wm82.a4.v1,0.5731301668052634
Glyma.12G241800.Wm82.a4.v1,0.5731106002054493
Glyma.19G076400.Wm82.a4.v1,0.5730910336056352
Glyma.18G097000.Wm82.a4.v1,0.5730910336056352
Glyma.11G146000.Wm82.a4.v1,0.5730470087560534
Glyma.06G143000.Wm82.a4.v1,0.5730176588563323
Glyma.05G155700.Wm82.a4.v1,0.5729345008071223
Glyma.04G067800.Wm82.a4.v1,0.572895367607494
Glyma.09G262000.Wm82.a4.v1,0.5727828596585628
Glyma.03G120200.Wm82.a4.v1,0.5726752433595852
Glyma.17G009000.Wm82.a4.v1,0.5726263268600499
Glyma.01G067100.Wm82.a4.v1,0.572489360661351
Glyma.20G052000.Wm82.a4.v1,0.5724844690113975
Glyma.16G013900.Wm82.a4.v1,0.572469794061537
Glyma.06G135200.Wm82.a4.v1,0.5724355525118623
Glyma.16G011100.Wm82.a4.v1,0.5723817443623734
Glyma.13G259900.Wm82.a4.v1,0.5723328278628381
Glyma.18G167500.Wm82.a4.v1,0.572323044562931
Glyma.02G223700.Wm82.a4.v1,0.572323044562931
Glyma.08G068100.Wm82.a4.v1,0.5723083696130705
Glyma.01G214800.Wm82.a4.v1,0.5722888030132564
Glyma.07G073800.Wm82.a4.v1,0.5722447781636746
Glyma.13G220200.Wm82.a4.v1,0.5722252115638605
Glyma.13G253700.Wm82.a4.v1,0.5721322702147434
Glyma.19G226700.Wm82.a4.v1,0.5720784620652546
Glyma.04G115900.Wm82.a4.v1,0.5720344372156728
Glyma.07G198000.Wm82.a4.v1,0.5720050873159517
Glyma.12G162800.Wm82.a4.v1,0.5719414958665557
Glyma.15G026100.Wm82.a4.v1,0.571907254316881
Glyma.10G107700.Wm82.a4.v1,0.5718314337426014
Glyma.08G340800.Wm82.a4.v1,0.5718240962676711
Glyma.11G044600.Wm82.a4.v1,0.5716871300689723
Glyma.20G152000.Wm82.a4.v1,0.5716822384190188
Glyma.06G029400.Wm82.a4.v1,0.5716822384190188
Glyma.16G008400.Wm82.a4.v1,0.5716675634691581
Glyma.02G170366.Wm82.a4.v1,0.5716235386195764
Glyma.10G267100.Wm82.a4.v1,0.5715990803698088
Glyma.04G202600.Wm82.a4.v1,0.5715697304700875
Glyma.04G064900.Wm82.a4.v1,0.5715012473707382
Glyma.08G239300.Wm82.a4.v1,0.5714009685466908
Glyma.07G067100.Wm82.a4.v1,0.571398522721714
Glyma.06G069800.Wm82.a4.v1,0.5713789561218999
Glyma.11G074600.Wm82.a4.v1,0.5713740644719464
Glyma.17G069700.Wm82.a4.v1,0.5713642811720393
Glyma.08G083600.Wm82.a4.v1,0.5713642811720393
Glyma.02G081500.Wm82.a4.v1,0.5712957980726899
Glyma.04G183300.Wm82.a4.v1,0.5712957980726899
Glyma.13G107100.Wm82.a4.v1,0.5712370982732475
Glyma.11G137700.Wm82.a4.v1,0.5712370982732475
Glyma.19G261800.Wm82.a4.v1,0.5712077483735264
Glyma.19G023000.Wm82.a4.v1,0.5711979650736193
Glyma.02G098300.Wm82.a4.v1,0.5711588318739911
Glyma.07G257500.Wm82.a4.v1,0.571056107224967
Glyma.08G363700.Wm82.a4.v1,0.5710365406251529
Glyma.09G068600.Wm82.a4.v1,0.5709778408257105
Glyma.13G321500.Wm82.a4.v1,0.5709778408257105
Glyma.17G163700.Wm82.a4.v1,0.5709778408257105
Glyma.05G246200.Wm82.a4.v1,0.5709680575258035
Glyma.11G104000.Wm82.a4.v1,0.5709387076260822
Glyma.18G034200.Wm82.a4.v1,0.5709338159761288
Glyma.06G118100.Wm82.a4.v1,0.57088000782664
Glyma.09G202900.Wm82.a4.v1,0.5708702245267329
Glyma.12G081900.Wm82.a4.v1,0.5708506579269188
Glyma.08G065000.Wm82.a4.v1,0.57079684977743
Glyma.02G290500.Wm82.a4.v1,0.5707674998777088
Glyma.02G015700.Wm82.a4.v1,0.5707088000782664
Glyma.08G167800.Wm82.a4.v1,0.5706990167783593
Glyma.15G189200.Wm82.a4.v1,0.5706745585285917
Glyma.15G143800.Wm82.a4.v1,0.5706452086288705
Glyma.11G155259.Wm82.a4.v1,0.5706452086288705
Glyma.01G235700.Wm82.a4.v1,0.5706060754292422
Glyma.01G196600.Wm82.a4.v1,0.5706060754292422
Glyma.13G172400.Wm82.a4.v1,0.5706011837792887
Glyma.10G281500.Wm82.a4.v1,0.5706011837792887
Glyma.14G060900.Wm82.a4.v1,0.5704886758303576
Glyma.10G142600.Wm82.a4.v1,0.5704886758303576
Glyma.18G189300.Wm82.a4.v1,0.5704788925304505
Glyma.02G043400.Wm82.a4.v1,0.5704446509807758
Glyma.19G006900.Wm82.a4.v1,0.5703712762314729
Glyma.01G182000.Wm82.a4.v1,0.5703125764320305
Glyma.18G251300.Wm82.a4.v1,0.57029790148217
Glyma.07G067400.Wm82.a4.v1,0.5702881181822629
Glyma.09G057800.Wm82.a4.v1,0.5701707185833782
Glyma.06G049600.Wm82.a4.v1,0.5700777772342611
Glyma.19G128600.Wm82.a4.v1,0.5700631022844005
Glyma.04G019700.Wm82.a4.v1,0.5700533189844935
Glyma.09G029300.Wm82.a4.v1,0.57004842733454
Glyma.15G172100.Wm82.a4.v1,0.5700239690847723
Glyma.11G017100.Wm82.a4.v1,0.5699554859854229
Glyma.17G094200.Wm82.a4.v1,0.5699505943354694
Glyma.19G209200.Wm82.a4.v1,0.5698967861859805
Glyma.10G194700.Wm82.a4.v1,0.5698625446363058
Glyma.04G027700.Wm82.a4.v1,0.5698283030866311
Glyma.03G139700.Wm82.a4.v1,0.5697500366873747
Glyma.17G258900.Wm82.a4.v1,0.5697451450374211
Glyma.07G047300.Wm82.a4.v1,0.5697157951377
Glyma.13G037100.Wm82.a4.v1,0.5696277454385364
Glyma.14G132600.Wm82.a4.v1,0.569559262339187
Glyma.09G153600.Wm82.a4.v1,0.5695543706892334
Glyma.01G128200.Wm82.a4.v1,0.5694907792398376
Glyma.04G255100.Wm82.a4.v1,0.569476104289977
Glyma.13G366500.Wm82.a4.v1,0.5694271877904418
Glyma.19G066500.Wm82.a4.v1,0.5694222961404882
Glyma.01G094800.Wm82.a4.v1,0.5693782712909065
Glyma.15G037400.Wm82.a4.v1,0.5693684879909994
Glyma.13G264100.Wm82.a4.v1,0.5692657633419752
Glyma.06G039500.Wm82.a4.v1,0.5692559800420682
Glyma.02G162900.Wm82.a4.v1,0.5692217384923934
Glyma.19G163500.Wm82.a4.v1,0.5691777136428117
Glyma.03G119400.Wm82.a4.v1,0.5691532553930441
Glyma.19G024000.Wm82.a4.v1,0.569143472093137
Glyma.11G103200.Wm82.a4.v1,0.5691141221934158
Glyma.05G067000.Wm82.a4.v1,0.5690896639436482
Glyma.17G003200.Wm82.a4.v1,0.5690798806437412
Glyma.17G064800.Wm82.a4.v1,0.5690260724942523
Glyma.03G195300.Wm82.a4.v1,0.5689820476446705
Glyma.18G072600.Wm82.a4.v1,0.5689233478452282
Glyma.13G238900.Wm82.a4.v1,0.5688010565963899
Glyma.11G044300.Wm82.a4.v1,0.5687765983466223
Glyma.04G029700.Wm82.a4.v1,0.5687717066966688
Glyma.02G224900.Wm82.a4.v1,0.5687521400968547
Glyma.07G117800.Wm82.a4.v1,0.5687423567969476
Glyma.12G156100.Wm82.a4.v1,0.5686983319473659
Glyma.01G016900.Wm82.a4.v1,0.5686738736975983
Glyma.07G053600.Wm82.a4.v1,0.5686543070977841
Glyma.13G186600.Wm82.a4.v1,0.5686543070977841
Glyma.11G082500.Wm82.a4.v1,0.5685564740987135
Glyma.03G181400.Wm82.a4.v1,0.5685466907988065
Glyma.05G018200.Wm82.a4.v1,0.5685369074988994
Glyma.03G025500.Wm82.a4.v1,0.5684635327495965
Glyma.18G061300.Wm82.a4.v1,0.5683803747003865
Glyma.15G121200.Wm82.a4.v1,0.5683656997505259
Glyma.13G050800.Wm82.a4.v1,0.5682727584014088
Glyma.06G094100.Wm82.a4.v1,0.5682531918015947
Glyma.07G225100.Wm82.a4.v1,0.5681553588025241
Glyma.06G131200.Wm82.a4.v1,0.5681211172528494
Glyma.13G367100.Wm82.a4.v1,0.5680917673531282
Glyma.10G295400.Wm82.a4.v1,0.5679743677542435
Glyma.03G182900.Wm82.a4.v1,0.5679303429046617
Glyma.19G091200.Wm82.a4.v1,0.5679156679548012
Glyma.06G146500.Wm82.a4.v1,0.5679107763048477
Glyma.06G068300.Wm82.a4.v1,0.5678716431052194
Glyma.17G223000.Wm82.a4.v1,0.5678374015555447
Glyma.04G200900.Wm82.a4.v1,0.5678178349557306
Glyma.04G088400.Wm82.a4.v1,0.5677982683559164
Glyma.13G130100.Wm82.a4.v1,0.5677982683559164
Glyma.01G068600.Wm82.a4.v1,0.5677738101061488
Glyma.18G287300.Wm82.a4.v1,0.5677640268062417
Glyma.11G143000.Wm82.a4.v1,0.5677591351562882
Glyma.13G153052.Wm82.a4.v1,0.5677346769065206
Glyma.10G248100.Wm82.a4.v1,0.5677248936066135
Glyma.09G212500.Wm82.a4.v1,0.5676564105072641
Glyma.12G107700.Wm82.a4.v1,0.5676417355574035
Glyma.19G253000.Wm82.a4.v1,0.5676319522574964
Glyma.12G236000.Wm82.a4.v1,0.5676172773076359
Glyma.11G239200.Wm82.a4.v1,0.5675487942082864
Glyma.15G193200.Wm82.a4.v1,0.567543902558333
Glyma.19G100100.Wm82.a4.v1,0.5675145526586117
Glyma.15G181300.Wm82.a4.v1,0.5675096610086582
Glyma.02G091500.Wm82.a4.v1,0.5675096610086582
Glyma.10G094100.Wm82.a4.v1,0.5674558528591694
Glyma.01G136100.Wm82.a4.v1,0.5674460695592624
Glyma.17G243800.Wm82.a4.v1,0.5674460695592624
Glyma.19G217400.Wm82.a4.v1,0.5674411779093088
Glyma.19G091000.Wm82.a4.v1,0.5674069363596341
Glyma.02G038300.Wm82.a4.v1,0.567397153059727
Glyma.14G055800.Wm82.a4.v1,0.5673580198600988
Glyma.18G062900.Wm82.a4.v1,0.5673237783104241
Glyma.04G067700.Wm82.a4.v1,0.5672699701609353
Glyma.09G158100.Wm82.a4.v1,0.5672504035611212
Glyma.15G066900.Wm82.a4.v1,0.5672406202612141
Glyma.01G138800.Wm82.a4.v1,0.5671770288118182
Glyma.03G203700.Wm82.a4.v1,0.5671525705620506
Glyma.02G280400.Wm82.a4.v1,0.567147678912097
Glyma.13G100800.Wm82.a4.v1,0.5671427872621435
Glyma.10G001100.Wm82.a4.v1,0.5670889791126547
Glyma.13G074600.Wm82.a4.v1,0.5670596292129335
Glyma.09G279400.Wm82.a4.v1,0.5670400626131195
Glyma.13G064602.Wm82.a4.v1,0.5670302793132124
Glyma.09G192600.Wm82.a4.v1,0.5669911461135841
Glyma.07G182400.Wm82.a4.v1,0.5668835298146064
Glyma.17G038300.Wm82.a4.v1,0.5668835298146064
Glyma.09G000651.Wm82.a4.v1,0.5668688548647459
Glyma.06G120200.Wm82.a4.v1,0.5668395049650247
Glyma.08G220800.Wm82.a4.v1,0.5667808051655824
Glyma.04G024300.Wm82.a4.v1,0.5667612385657682
Glyma.07G234300.Wm82.a4.v1,0.5667465636159077
Glyma.16G078300.Wm82.a4.v1,0.5667025387663259
Glyma.04G224400.Wm82.a4.v1,0.5666878638164653
Glyma.20G171800.Wm82.a4.v1,0.5666193807171159
Glyma.10G051500.Wm82.a4.v1,0.5666193807171159
Glyma.05G017900.Wm82.a4.v1,0.5665606809176735
Glyma.13G058800.Wm82.a4.v1,0.5665362226679059
Glyma.13G145100.Wm82.a4.v1,0.5665166560680918
Glyma.10G219500.Wm82.a4.v1,0.5665068727681847
Glyma.03G231800.Wm82.a4.v1,0.5665019811182311
Glyma.14G211000.Wm82.a4.v1,0.5664873061683706
Glyma.07G265000.Wm82.a4.v1,0.5664432813187888
Glyma.09G178500.Wm82.a4.v1,0.5664286063689282
Glyma.16G056700.Wm82.a4.v1,0.5663943648192535
Glyma.12G209800.Wm82.a4.v1,0.5663747982194394
Glyma.11G119500.Wm82.a4.v1,0.5663014234701365
Glyma.16G212900.Wm82.a4.v1,0.5662671819204618
Glyma.08G258800.Wm82.a4.v1,0.5662427236706942
Glyma.09G255600.Wm82.a4.v1,0.5661497823215771
Glyma.03G103900.Wm82.a4.v1,0.566120432421856
Glyma.06G054000.Wm82.a4.v1,0.5661057574719953
Glyma.16G052700.Wm82.a4.v1,0.5660910825221347
Glyma.14G041500.Wm82.a4.v1,0.5660764075722742
Glyma.08G145200.Wm82.a4.v1,0.5660764075722742
Glyma.15G030700.Wm82.a4.v1,0.5660470576725529
Glyma.13G318400.Wm82.a4.v1,0.5660421660225994
Glyma.06G083700.Wm82.a4.v1,0.566037274372646
Glyma.06G038700.Wm82.a4.v1,0.5660225994227853
Glyma.16G033400.Wm82.a4.v1,0.5659834662231571
Glyma.08G349200.Wm82.a4.v1,0.5659687912732965
Glyma.01G185900.Wm82.a4.v1,0.5659198747737612
Glyma.05G049500.Wm82.a4.v1,0.5659051998239006
Glyma.09G203800.Wm82.a4.v1,0.5658171501247371
Glyma.13G289100.Wm82.a4.v1,0.5657926918749694
Glyma.04G175400.Wm82.a4.v1,0.5657731252751553
Glyma.13G049800.Wm82.a4.v1,0.5657682336252018
Glyma.12G235500.Wm82.a4.v1,0.5656850755759918
Glyma.20G015200.Wm82.a4.v1,0.5656801839260382
Glyma.20G124800.Wm82.a4.v1,0.5656655089761776
Glyma.16G026900.Wm82.a4.v1,0.5656655089761776
Glyma.11G087600.Wm82.a4.v1,0.5655578926772
Glyma.03G086000.Wm82.a4.v1,0.5655530010272465
Glyma.03G252100.Wm82.a4.v1,0.5655138678276183
Glyma.15G198100.Wm82.a4.v1,0.5655138678276183
Glyma.17G131000.Wm82.a4.v1,0.5654845179278971
Glyma.20G065200.Wm82.a4.v1,0.5654551680281759
Glyma.07G010800.Wm82.a4.v1,0.5654258181284547
Glyma.11G240900.Wm82.a4.v1,0.5652937435797094
Glyma.12G147700.Wm82.a4.v1,0.5652692853299418
Glyma.18G302100.Wm82.a4.v1,0.5652350437802671
Glyma.02G116000.Wm82.a4.v1,0.5652105855304994
Glyma.07G007200.Wm82.a4.v1,0.5652008022305923
Glyma.02G032100.Wm82.a4.v1,0.5651763439808247
Glyma.05G070266.Wm82.a4.v1,0.5651714523308712
Glyma.15G274800.Wm82.a4.v1,0.565132319131243
Glyma.12G010500.Wm82.a4.v1,0.5650931859316147
Glyma.15G014800.Wm82.a4.v1,0.5650931859316147
Glyma.20G244100.Wm82.a4.v1,0.56505894438194
Glyma.20G228900.Wm82.a4.v1,0.5650247028322654
Glyma.10G226900.Wm82.a4.v1,0.5650100278824047
Glyma.11G105000.Wm82.a4.v1,0.5649024115834271
Glyma.09G160100.Wm82.a4.v1,0.5648730616837059
Glyma.12G224400.Wm82.a4.v1,0.5647850119845423
Glyma.03G165600.Wm82.a4.v1,0.5647458787849141
Glyma.13G256100.Wm82.a4.v1,0.5647360954850071
Glyma.15G124400.Wm82.a4.v1,0.5647018539353323
Glyma.03G178200.Wm82.a4.v1,0.5646871789854718
Glyma.10G003500.Wm82.a4.v1,0.5646725040356112
Glyma.04G050000.Wm82.a4.v1,0.5646284791860294
Glyma.04G193000.Wm82.a4.v1,0.5645061879371912
Glyma.18G059800.Wm82.a4.v1,0.564467054737563
Glyma.04G134900.Wm82.a4.v1,0.5644474881377488
Glyma.19G153400.Wm82.a4.v1,0.5644279215379348
Glyma.05G054500.Wm82.a4.v1,0.5644279215379348
Glyma.13G294100.Wm82.a4.v1,0.5644083549381206
Glyma.20G248500.Wm82.a4.v1,0.5642860636892824
Glyma.09G105600.Wm82.a4.v1,0.5642811720393288
Glyma.08G147400.Wm82.a4.v1,0.5642518221396077
Glyma.12G111700.Wm82.a4.v1,0.5642469304896541
Glyma.03G213500.Wm82.a4.v1,0.5641735557403512
Glyma.03G029900.Wm82.a4.v1,0.5641148559409088
Glyma.05G168200.Wm82.a4.v1,0.5641050726410018
Glyma.19G040100.Wm82.a4.v1,0.5640952893410948
Glyma.15G060200.Wm82.a4.v1,0.564070831091327
Glyma.11G132000.Wm82.a4.v1,0.5640365895416524
Glyma.06G218300.Wm82.a4.v1,0.5640316978916988
Glyma.13G256900.Wm82.a4.v1,0.5639729980922565
Glyma.09G188500.Wm82.a4.v1,0.563968106442303
Glyma.04G133100.Wm82.a4.v1,0.5639289732426748
Glyma.20G235300.Wm82.a4.v1,0.563884948393093
Glyma.10G232600.Wm82.a4.v1,0.5637968986939295
Glyma.15G035200.Wm82.a4.v1,0.5637161864696962
Glyma.09G075100.Wm82.a4.v1,0.5636452575453701
Glyma.04G045700.Wm82.a4.v1,0.5636452575453701
Glyma.03G010800.Wm82.a4.v1,0.5636110159956953
Glyma.09G225900.Wm82.a4.v1,0.5635816660959742
Glyma.09G024600.Wm82.a4.v1,0.5635620994961601
Glyma.19G103400.Wm82.a4.v1,0.5635572078462066
Glyma.18G184100.Wm82.a4.v1,0.5634887247468571
Glyma.20G070500.Wm82.a4.v1,0.5634593748471359
Glyma.04G095700.Wm82.a4.v1,0.5634055666976471
Glyma.01G224300.Wm82.a4.v1,0.5633615418480653
Glyma.19G213300.Wm82.a4.v1,0.5633566501981119
Glyma.08G061800.Wm82.a4.v1,0.5633566501981119
Glyma.19G205200.Wm82.a4.v1,0.5633468668982048
Glyma.14G156000.Wm82.a4.v1,0.5633224086484371
Glyma.05G207100.Wm82.a4.v1,0.5633224086484371
Glyma.03G260000.Wm82.a4.v1,0.5633101795235533
Glyma.15G031900.Wm82.a4.v1,0.5632930587487159
Glyma.06G082400.Wm82.a4.v1,0.5632637088489948
Glyma.12G087800.Wm82.a4.v1,0.5632294672993201
Glyma.06G133500.Wm82.a4.v1,0.563219683999413
Glyma.20G236500.Wm82.a4.v1,0.5632001173995989
Glyma.10G104767.Wm82.a4.v1,0.5631463092501101
Glyma.09G206400.Wm82.a4.v1,0.5630925011006213
Glyma.07G215400.Wm82.a4.v1,0.5630876094506677
Glyma.05G032400.Wm82.a4.v1,0.5630240180012718
Glyma.03G141500.Wm82.a4.v1,0.5629946681015506
Glyma.18G240300.Wm82.a4.v1,0.5629799931516901
Glyma.04G196600.Wm82.a4.v1,0.5629408599520618
Glyma.U031613.Wm82.a4.v1,0.5629359683021083
Glyma.03G167100.Wm82.a4.v1,0.5629359683021083
Glyma.19G223700.Wm82.a4.v1,0.562877268502666
Glyma.02G087500.Wm82.a4.v1,0.5628674852027589
Glyma.20G189700.Wm82.a4.v1,0.5628430269529913
Glyma.08G111000.Wm82.a4.v1,0.5628136770532701
Glyma.12G186400.Wm82.a4.v1,0.562720735704153
Glyma.12G219800.Wm82.a4.v1,0.5627011691043389
Glyma.19G064500.Wm82.a4.v1,0.5626816025045248
Glyma.02G303700.Wm82.a4.v1,0.5626718192046177
Glyma.11G005800.Wm82.a4.v1,0.5626669275546642
Glyma.06G186800.Wm82.a4.v1,0.562554419605733
Glyma.02G267900.Wm82.a4.v1,0.5625495279557795
Glyma.15G017600.Wm82.a4.v1,0.5624516949567089
Glyma.16G211600.Wm82.a4.v1,0.5624468033067553
Glyma.14G218900.Wm82.a4.v1,0.5624076701071271
Glyma.20G059801.Wm82.a4.v1,0.5623929951572666
Glyma.07G264800.Wm82.a4.v1,0.562388103507313
Glyma.14G089009.Wm82.a4.v1,0.562378320207406
Glyma.08G149600.Wm82.a4.v1,0.5623245120579171
Glyma.14G005800.Wm82.a4.v1,0.5622804872083353
Glyma.02G108100.Wm82.a4.v1,0.5622755955583818
Glyma.13G248100.Wm82.a4.v1,0.5622707039084283
Glyma.16G110100.Wm82.a4.v1,0.5622022208090789
Glyma.11G248200.Wm82.a4.v1,0.5621924375091718
Glyma.13G258300.Wm82.a4.v1,0.5621826542092648
Glyma.04G252900.Wm82.a4.v1,0.5621728709093577
Glyma.16G030700.Wm82.a4.v1,0.56214841265959
Glyma.16G116000.Wm82.a4.v1,0.5621141711099154
Glyma.15G056300.Wm82.a4.v1,0.5621092794599618
Glyma.02G111400.Wm82.a4.v1,0.5620603629604266
Glyma.20G075100.Wm82.a4.v1,0.562045688010566
Glyma.18G036450.Wm82.a4.v1,0.5620163381108448
Glyma.08G253100.Wm82.a4.v1,0.5619674216113095
Glyma.15G149800.Wm82.a4.v1,0.5619454091865186
Glyma.13G078800.Wm82.a4.v1,0.5619282884116813
Glyma.04G101400.Wm82.a4.v1,0.5618695886122389
Glyma.19G018100.Wm82.a4.v1,0.5618206721127036
Glyma.17G088100.Wm82.a4.v1,0.5618059971628431
Glyma.10G165700.Wm82.a4.v1,0.5617864305630289
Glyma.10G149700.Wm82.a4.v1,0.5617472973634007
Glyma.14G180400.Wm82.a4.v1,0.5616445727143765
Glyma.07G265600.Wm82.a4.v1,0.5616250061145625
Glyma.01G029000.Wm82.a4.v1,0.5615711979650736
Glyma.18G241800.Wm82.a4.v1,0.5615614146651665
Glyma.19G021800.Wm82.a4.v1,0.5615565230152131
Glyma.06G004700.Wm82.a4.v1,0.5615320647654454
Glyma.09G046900.Wm82.a4.v1,0.5615149439906081
Glyma.11G210989.Wm82.a4.v1,0.5614880399158636
Glyma.11G005100.Wm82.a4.v1,0.5614097735166071
Glyma.03G181900.Wm82.a4.v1,0.5613902069167931
Glyma.06G169200.Wm82.a4.v1,0.5613559653671183
Glyma.06G161300.Wm82.a4.v1,0.5613461820672113
Glyma.18G067400.Wm82.a4.v1,0.5613412904172578
Glyma.01G243100.Wm82.a4.v1,0.5613119405175365
Glyma.16G092200.Wm82.a4.v1,0.5612923739177225
Glyma.09G098400.Wm82.a4.v1,0.5612679156679548
Glyma.17G119500.Wm82.a4.v1,0.561214107518466
Glyma.08G267900.Wm82.a4.v1,0.5612092158685125
Glyma.08G304300.Wm82.a4.v1,0.5611505160690701
Glyma.12G167500.Wm82.a4.v1,0.5611456244191165
Glyma.02G247400.Wm82.a4.v1,0.5611358411192096
Glyma.03G096300.Wm82.a4.v1,0.5610282248202318
Glyma.04G196700.Wm82.a4.v1,0.5610184415203248
Glyma.04G188400.Wm82.a4.v1,0.5610135498703713
Glyma.11G153169.Wm82.a4.v1,0.5609548500709289
Glyma.03G231900.Wm82.a4.v1,0.5609108252213472
Glyma.18G077500.Wm82.a4.v1,0.560891258621533
Glyma.01G148300.Wm82.a4.v1,0.5608863669715796
Glyma.06G219400.Wm82.a4.v1,0.5608570170718583
Glyma.10G225300.Wm82.a4.v1,0.5608325588220907
Glyma.12G210900.Wm82.a4.v1,0.5608178838722301
Glyma.09G234000.Wm82.a4.v1,0.5606760260235778
Glyma.03G010700.Wm82.a4.v1,0.5606075429242283
Glyma.16G181500.Wm82.a4.v1,0.5605781930245072
Glyma.02G192300.Wm82.a4.v1,0.560539059824879
Glyma.04G180900.Wm82.a4.v1,0.5605243848750183
Glyma.01G058000.Wm82.a4.v1,0.5603580687765983
Glyma.13G030400.Wm82.a4.v1,0.5603531771266448
Glyma.15G098200.Wm82.a4.v1,0.5603042606271095
Glyma.06G169600.Wm82.a4.v1,0.5602798023773419
Glyma.15G266600.Wm82.a4.v1,0.5602504524776207
Glyma.09G179200.Wm82.a4.v1,0.5601966443281319
Glyma.04G089400.Wm82.a4.v1,0.5601721860783643
Glyma.10G260400.Wm82.a4.v1,0.5601624027784572
Glyma.09G064000.Wm82.a4.v1,0.560142836178643
Glyma.11G248100.Wm82.a4.v1,0.5601085946289683
Glyma.06G174000.Wm82.a4.v1,0.5600694614293401
Glyma.12G022200.Wm82.a4.v1,0.560049894829526
Glyma.17G120600.Wm82.a4.v1,0.560049894829526
Glyma.05G008000.Wm82.a4.v1,0.5600352198796654
Glyma.04G133800.Wm82.a4.v1,0.5600303282297119
Glyma.07G203300.Wm82.a4.v1,0.5600156532798513
Glyma.10G216200.Wm82.a4.v1,0.5599814117301766
Glyma.13G172000.Wm82.a4.v1,0.5599080369808737
Glyma.20G151300.Wm82.a4.v1,0.5598835787311061
Glyma.11G018700.Wm82.a4.v1,0.5598786870811525
Glyma.20G143300.Wm82.a4.v1,0.5598444455314777
Glyma.02G223100.Wm82.a4.v1,0.5598297705816172
Glyma.18G211200.Wm82.a4.v1,0.559810203981803
Glyma.04G008700.Wm82.a4.v1,0.5597808540820819
Glyma.20G052500.Wm82.a4.v1,0.5597759624321283
Glyma.02G026900.Wm82.a4.v1,0.5595754047840337
Glyma.04G068100.Wm82.a4.v1,0.559550946534266
Glyma.17G076400.Wm82.a4.v1,0.5595460548843125
Glyma.14G050700.Wm82.a4.v1,0.559467788485056
Glyma.13G291600.Wm82.a4.v1,0.559467788485056
Glyma.10G000800.Wm82.a4.v1,0.5594188719855208
Glyma.05G247000.Wm82.a4.v1,0.5593895220857995
Glyma.13G097500.Wm82.a4.v1,0.5593650638360319
Glyma.10G222800.Wm82.a4.v1,0.5593308222863572
Glyma.07G233000.Wm82.a4.v1,0.5593063640365895
Glyma.06G126700.Wm82.a4.v1,0.559301472386636
Glyma.14G208400.Wm82.a4.v1,0.559291689086729
Glyma.01G207300.Wm82.a4.v1,0.5592134226874725
Glyma.06G158300.Wm82.a4.v1,0.559208531037519
Glyma.18G200300.Wm82.a4.v1,0.5591987477376119
Glyma.18G268700.Wm82.a4.v1,0.5591547228880301
Glyma.20G093900.Wm82.a4.v1,0.5591498312380766
Glyma.05G105500.Wm82.a4.v1,0.559125372988309
Glyma.05G232400.Wm82.a4.v1,0.5591058063884948
Glyma.13G360400.Wm82.a4.v1,0.5590960230885877
Glyma.16G140200.Wm82.a4.v1,0.5590226483392848
Glyma.01G227300.Wm82.a4.v1,0.558968840189796
Glyma.08G060800.Wm82.a4.v1,0.5589443819400284
Glyma.01G060700.Wm82.a4.v1,0.5589394902900748
Glyma.09G103300.Wm82.a4.v1,0.5589052487404002
Glyma.08G361200.Wm82.a4.v1,0.5589003570904466
Glyma.13G308500.Wm82.a4.v1,0.5589003570904466
Glyma.18G229000.Wm82.a4.v1,0.558875898840679
Glyma.07G247100.Wm82.a4.v1,0.5588612238908184
Glyma.07G271000.Wm82.a4.v1,0.5588367656410508
Glyma.09G147300.Wm82.a4.v1,0.5587878491415155
Glyma.05G178800.Wm82.a4.v1,0.5587780658416084
Glyma.11G122600.Wm82.a4.v1,0.5587780658416084
Glyma.16G155600.Wm82.a4.v1,0.5587682825417013
Glyma.03G152100.Wm82.a4.v1,0.5586215330430955
Glyma.08G063400.Wm82.a4.v1,0.558553049943746
Glyma.07G240600.Wm82.a4.v1,0.5585139167441178
Glyma.12G055400.Wm82.a4.v1,0.5584894584943502
Glyma.03G035900.Wm82.a4.v1,0.5584503252947219
Glyma.12G167300.Wm82.a4.v1,0.5583622755955584
Glyma.04G039400.Wm82.a4.v1,0.5583476006456978
Glyma.13G343300.Wm82.a4.v1,0.5583280340458837
Glyma.09G202600.Wm82.a4.v1,0.5583280340458837
Glyma.19G077600.Wm82.a4.v1,0.5582693342464413
Glyma.20G171600.Wm82.a4.v1,0.5582302010468131
Glyma.02G032800.Wm82.a4.v1,0.5581910678471849
Glyma.02G205200.Wm82.a4.v1,0.558137259697696
Glyma.15G097100.Wm82.a4.v1,0.5581225847478355
Glyma.05G025100.Wm82.a4.v1,0.5580736682483002
Glyma.09G178000.Wm82.a4.v1,0.5579807268991831
Glyma.13G314500.Wm82.a4.v1,0.5579367020496013
Glyma.04G061600.Wm82.a4.v1,0.5579122437998337
Glyma.13G253000.Wm82.a4.v1,0.5579073521498802
Glyma.04G004700.Wm82.a4.v1,0.557887785550066
Glyma.06G163100.Wm82.a4.v1,0.5578437607004842
Glyma.13G340000.Wm82.a4.v1,0.5577654943012278
Glyma.02G234100.Wm82.a4.v1,0.5577654943012278
Glyma.03G076500.Wm82.a4.v1,0.5577312527515531
Glyma.15G010400.Wm82.a4.v1,0.557721469451646
Glyma.17G062000.Wm82.a4.v1,0.5576529863522967
Glyma.08G011100.Wm82.a4.v1,0.5575893949029007
Glyma.10G242600.Wm82.a4.v1,0.5575845032529472
Glyma.19G021600.Wm82.a4.v1,0.557471995304016
Glyma.14G083900.Wm82.a4.v1,0.557462212004109
Glyma.10G214100.Wm82.a4.v1,0.557462212004109
Glyma.08G140500.Wm82.a4.v1,0.5574132955045737
Glyma.03G243100.Wm82.a4.v1,0.5573986205547131
Glyma.19G065700.Wm82.a4.v1,0.5573448124052243
Glyma.02G066400.Wm82.a4.v1,0.5573007875556425
Glyma.06G255200.Wm82.a4.v1,0.5572616543560143
Glyma.10G170500.Wm82.a4.v1,0.5572567627060607
Glyma.16G003200.Wm82.a4.v1,0.5571246881573154
Glyma.15G024700.Wm82.a4.v1,0.5570953382575943
Glyma.02G125200.Wm82.a4.v1,0.5570757716577802
Glyma.08G137200.Wm82.a4.v1,0.5570170718583378
Glyma.11G175500.Wm82.a4.v1,0.556973047008756
Glyma.12G214600.Wm82.a4.v1,0.5568752140096854
Glyma.05G205200.Wm82.a4.v1,0.5568458641099643
Glyma.08G290400.Wm82.a4.v1,0.5567627060607543
Glyma.20G198800.Wm82.a4.v1,0.5567578144108007
Glyma.06G178300.Wm82.a4.v1,0.5567235728611261
Glyma.03G175200.Wm82.a4.v1,0.5567088979112654
Glyma.07G072700.Wm82.a4.v1,0.5566942229614049
Glyma.03G123400.Wm82.a4.v1,0.5566404148119161
Glyma.15G082900.Wm82.a4.v1,0.5565963899623343
Glyma.08G209500.Wm82.a4.v1,0.5565866066624272
Glyma.06G060700.Wm82.a4.v1,0.5565230152130314
Glyma.15G158300.Wm82.a4.v1,0.5565083402631708
Glyma.17G191500.Wm82.a4.v1,0.5565034486132172
Glyma.01G159000.Wm82.a4.v1,0.5564985569632637
Glyma.08G213300.Wm82.a4.v1,0.5564985569632637
Glyma.12G211700.Wm82.a4.v1,0.5564838820134032
Glyma.03G237200.Wm82.a4.v1,0.5564740987134961
Glyma.07G031300.Wm82.a4.v1,0.556381157364379
Glyma.19G243300.Wm82.a4.v1,0.5563664824145185
Glyma.13G218800.Wm82.a4.v1,0.5563518074646578
Glyma.07G235500.Wm82.a4.v1,0.5562882160152619
Glyma.08G017400.Wm82.a4.v1,0.5562588661155408
Glyma.04G091700.Wm82.a4.v1,0.5562344078657732
Glyma.18G028500.Wm82.a4.v1,0.5561805997162843
Glyma.08G262900.Wm82.a4.v1,0.5561805997162843
Glyma.07G184900.Wm82.a4.v1,0.5561659247664237
Glyma.01G062000.Wm82.a4.v1,0.5560778750672601
Glyma.17G071900.Wm82.a4.v1,0.5560680917673532
Glyma.02G137400.Wm82.a4.v1,0.5560191752678179
Glyma.04G111000.Wm82.a4.v1,0.5560093919679108
Glyma.13G006200.Wm82.a4.v1,0.5560045003179572
Glyma.17G117700.Wm82.a4.v1,0.5559506921684684
Glyma.19G192600.Wm82.a4.v1,0.5559360172186079
Glyma.15G032700.Wm82.a4.v1,0.5558968840189796
Glyma.16G216100.Wm82.a4.v1,0.555862642469305
Glyma.16G112300.Wm82.a4.v1,0.5558235092696766
Glyma.04G234500.Wm82.a4.v1,0.5558039426698625
Glyma.14G190300.Wm82.a4.v1,0.555779484420095
Glyma.06G127900.Wm82.a4.v1,0.5557697011201879
Glyma.06G206000.Wm82.a4.v1,0.5557599178202808
Glyma.13G046500.Wm82.a4.v1,0.5557403512204666
Glyma.07G036200.Wm82.a4.v1,0.5557110013207455
Glyma.04G231900.Wm82.a4.v1,0.5557061096707919
Glyma.02G004000.Wm82.a4.v1,0.5556425182213961
Glyma.10G052000.Wm82.a4.v1,0.5556425182213961
Glyma.18G030800.Wm82.a4.v1,0.5555936017218608
Glyma.10G032400.Wm82.a4.v1,0.5555936017218608
Glyma.11G190500.Wm82.a4.v1,0.5554077190236266
Glyma.01G170600.Wm82.a4.v1,0.5553881524238126
Glyma.05G153000.Wm82.a4.v1,0.5553734774739519
Glyma.14G206100.Wm82.a4.v1,0.5553490192241843
Glyma.01G016100.Wm82.a4.v1,0.5552658611749743
Glyma.05G124500.Wm82.a4.v1,0.5552511862251137
Glyma.04G154300.Wm82.a4.v1,0.5552316196252997
Glyma.13G235800.Wm82.a4.v1,0.5551875947757179
Glyma.17G075300.Wm82.a4.v1,0.5551729198258573
Glyma.19G096500.Wm82.a4.v1,0.555124003326322
Glyma.17G237800.Wm82.a4.v1,0.5550701951768331
Glyma.07G182100.Wm82.a4.v1,0.5550653035268797
Glyma.13G123300.Wm82.a4.v1,0.5550261703272514
Glyma.14G002400.Wm82.a4.v1,0.5550017120774837
Glyma.04G028200.Wm82.a4.v1,0.554967470527809
Glyma.09G086000.Wm82.a4.v1,0.5549527955779484
Glyma.07G138300.Wm82.a4.v1,0.554884312478599
Glyma.18G058200.Wm82.a4.v1,0.5548794208286455
Glyma.08G112000.Wm82.a4.v1,0.5548549625788779
Glyma.14G078200.Wm82.a4.v1,0.5548402876290173
Glyma.06G044900.Wm82.a4.v1,0.5548353959790637
Glyma.17G107500.Wm82.a4.v1,0.5548256126791566
Glyma.06G134000.Wm82.a4.v1,0.5547962627794355
Glyma.13G205900.Wm82.a4.v1,0.5547766961796213
Glyma.14G199000.Wm82.a4.v1,0.5547718045296679
Glyma.03G077400.Wm82.a4.v1,0.5547522379298537
Glyma.15G236400.Wm82.a4.v1,0.5547473462799002
Glyma.01G011100.Wm82.a4.v1,0.5547131047302255
Glyma.04G240900.Wm82.a4.v1,0.5546788631805508
Glyma.17G205700.Wm82.a4.v1,0.5546592965807366
Glyma.12G129300.Wm82.a4.v1,0.5546054884312479
Glyma.08G241600.Wm82.a4.v1,0.5545908134813873
Glyma.13G268000.Wm82.a4.v1,0.5545614635816661
Glyma.06G209700.Wm82.a4.v1,0.5545321136819449
Glyma.06G082100.Wm82.a4.v1,0.5544636305825955
Glyma.07G125900.Wm82.a4.v1,0.5544538472826884
Glyma.17G249300.Wm82.a4.v1,0.5544489556327349
Glyma.10G257100.Wm82.a4.v1,0.5544293890329208
Glyma.11G093700.Wm82.a4.v1,0.5543070977840826
Glyma.02G230600.Wm82.a4.v1,0.5542875311842684
Glyma.14G135100.Wm82.a4.v1,0.5542435063346867
Glyma.17G093800.Wm82.a4.v1,0.5541945898351514
Glyma.05G183700.Wm82.a4.v1,0.554126106735802
Glyma.09G206000.Wm82.a4.v1,0.5541016484860344
Glyma.12G002500.Wm82.a4.v1,0.5540918651861273
Glyma.16G062300.Wm82.a4.v1,0.5539842488871496
Glyma.20G071600.Wm82.a4.v1,0.5539500073374749
Glyma.04G039100.Wm82.a4.v1,0.5539353323876144
Glyma.10G158000.Wm82.a4.v1,0.5539304407376608
Glyma.07G037800.Wm82.a4.v1,0.5538815242381255
Glyma.14G099700.Wm82.a4.v1,0.5538326077385902
Glyma.10G290400.Wm82.a4.v1,0.5538032578388691
Glyma.01G052200.Wm82.a4.v1,0.5537543413393338
Glyma.13G158700.Wm82.a4.v1,0.5537396663894731
Glyma.10G292700.Wm82.a4.v1,0.5536760749400773
Glyma.16G006700.Wm82.a4.v1,0.5536760749400773
Glyma.10G271100.Wm82.a4.v1,0.5536173751406349
Glyma.12G060500.Wm82.a4.v1,0.5536027001907744
Glyma.11G153500.Wm82.a4.v1,0.5535929168908673
Glyma.03G250100.Wm82.a4.v1,0.5535782419410067
Glyma.02G064800.Wm82.a4.v1,0.5535537836912391
Glyma.18G288500.Wm82.a4.v1,0.5535537836912391
Glyma.13G315100.Wm82.a4.v1,0.5535488920412855
Glyma.13G366600.Wm82.a4.v1,0.5533825759428656
Glyma.07G266400.Wm82.a4.v1,0.5533238761434232
Glyma.08G292400.Wm82.a4.v1,0.5532309347943061
Glyma.13G085900.Wm82.a4.v1,0.5532260431443526
Glyma.07G055950.Wm82.a4.v1,0.5532162598444456
Glyma.12G018800.Wm82.a4.v1,0.5531771266448173
Glyma.10G034100.Wm82.a4.v1,0.5530597270459326
Glyma.12G098900.Wm82.a4.v1,0.5530303771462114
Glyma.03G212300.Wm82.a4.v1,0.5529472190970014
Glyma.05G176600.Wm82.a4.v1,0.5528836276476056
Glyma.02G150300.Wm82.a4.v1,0.5528493860979309
Glyma.05G184800.Wm82.a4.v1,0.5528396027980238
Glyma.18G199700.Wm82.a4.v1,0.5527809029985814
Glyma.08G164900.Wm82.a4.v1,0.5527564447488138
Glyma.19G016800.Wm82.a4.v1,0.552546103800812
Glyma.12G160700.Wm82.a4.v1,0.5525412121508585
Glyma.07G157400.Wm82.a4.v1,0.5525216455510443
Glyma.08G186800.Wm82.a4.v1,0.5525118622511374
Glyma.13G063500.Wm82.a4.v1,0.5524727290515091
Glyma.20G048000.Wm82.a4.v1,0.552462945751602
Glyma.14G079600.Wm82.a4.v1,0.5524482708017414
Glyma.04G115700.Wm82.a4.v1,0.5524433791517879
Glyma.10G145400.Wm82.a4.v1,0.5524287042019274
Glyma.20G210600.Wm82.a4.v1,0.5524189209020203
Glyma.16G213300.Wm82.a4.v1,0.5523210879029496
Glyma.14G194600.Wm82.a4.v1,0.5522085799540185
Glyma.13G030500.Wm82.a4.v1,0.5521890133542043
Glyma.13G275100.Wm82.a4.v1,0.5521743384043438
Glyma.20G156900.Wm82.a4.v1,0.5521156386049014
Glyma.04G255900.Wm82.a4.v1,0.5520667221053661
Glyma.08G019500.Wm82.a4.v1,0.5520618304554126
Glyma.03G036600.Wm82.a4.v1,0.5520080223059238
Glyma.09G285400.Wm82.a4.v1,0.5519150809568067
Glyma.16G139700.Wm82.a4.v1,0.5519150809568067
Glyma.05G235500.Wm82.a4.v1,0.551890622707039
Glyma.09G032600.Wm82.a4.v1,0.551871056107225
Glyma.14G077500.Wm82.a4.v1,0.5518612728073179
Glyma.16G177100.Wm82.a4.v1,0.5517976813579221
Glyma.19G001700.Wm82.a4.v1,0.551787898058015
Glyma.05G175900.Wm82.a4.v1,0.5517291982585726
Glyma.02G305000.Wm82.a4.v1,0.5516656068091768
Glyma.08G250800.Wm82.a4.v1,0.5516460402093626
Glyma.05G120100.Wm82.a4.v1,0.551641148559409
Glyma.13G152100.Wm82.a4.v1,0.5515433155603385
Glyma.09G199700.Wm82.a4.v1,0.5514992907107568
Glyma.02G011100.Wm82.a4.v1,0.5514895074108497
Glyma.06G112800.Wm82.a4.v1,0.5514797241109426
Glyma.04G025900.Wm82.a4.v1,0.5514650491610821
Glyma.13G215200.Wm82.a4.v1,0.5513965660617326
Glyma.13G139900.Wm82.a4.v1,0.551391674411779
Glyma.02G307900.Wm82.a4.v1,0.551391674411779
Glyma.12G113900.Wm82.a4.v1,0.5513476495621973
Glyma.11G160900.Wm82.a4.v1,0.5513378662622903
Glyma.07G102800.Wm82.a4.v1,0.5513231913124297
Glyma.04G177900.Wm82.a4.v1,0.5512644915129873
Glyma.18G036200.Wm82.a4.v1,0.5512644915129873
Glyma.04G101500.Wm82.a4.v1,0.5512009000635915
Glyma.05G005000.Wm82.a4.v1,0.5510981754145673
Glyma.11G154800.Wm82.a4.v1,0.5510981754145673
Glyma.14G092400.Wm82.a4.v1,0.5510883921146603
Glyma.03G236700.Wm82.a4.v1,0.5509905591155897
Glyma.03G195700.Wm82.a4.v1,0.5509709925157755
Glyma.13G367700.Wm82.a4.v1,0.5509661008658221
Glyma.14G077000.Wm82.a4.v1,0.5509465342660079
Glyma.08G116500.Wm82.a4.v1,0.5509416426160544
Glyma.16G194600.Wm82.a4.v1,0.5508780511666586
Glyma.05G222900.Wm82.a4.v1,0.550873159516705
Glyma.07G150700.Wm82.a4.v1,0.5508242430171697
Glyma.17G121200.Wm82.a4.v1,0.5507704348676808
Glyma.11G074800.Wm82.a4.v1,0.5506432519688891
Glyma.12G094000.Wm82.a4.v1,0.5505992271193073
Glyma.07G205900.Wm82.a4.v1,0.5505552022697255
Glyma.02G276900.Wm82.a4.v1,0.5504720442205155
Glyma.13G361500.Wm82.a4.v1,0.5503399696717702
Glyma.09G066500.Wm82.a4.v1,0.5502959448221886
Glyma.08G170400.Wm82.a4.v1,0.5502323533727926
Glyma.03G032000.Wm82.a4.v1,0.550198111823118
Glyma.06G014300.Wm82.a4.v1,0.5501834368732573
Glyma.19G019300.Wm82.a4.v1,0.5501589786234897
Glyma.18G061900.Wm82.a4.v1,0.5501443036736291
Glyma.20G245300.Wm82.a4.v1,0.5501051704740009
Glyma.04G025100.Wm82.a4.v1,0.5500220124247909
Glyma.04G065900.Wm82.a4.v1,0.5499535293254415
Glyma.09G156800.Wm82.a4.v1,0.5499192877757668
Glyma.08G272500.Wm82.a4.v1,0.5499192877757668
Glyma.11G240500.Wm82.a4.v1,0.549885046226092
Glyma.14G086100.Wm82.a4.v1,0.5498605879763244
Glyma.11G033500.Wm82.a4.v1,0.5498556963263709
Glyma.13G277400.Wm82.a4.v1,0.5497969965269285
Glyma.19G254500.Wm82.a4.v1,0.5497676466272073
Glyma.16G018100.Wm82.a4.v1,0.5497627549772538
Glyma.05G229900.Wm82.a4.v1,0.5495768722790197
Glyma.15G147300.Wm82.a4.v1,0.5495670889791127
Glyma.07G085300.Wm82.a4.v1,0.5495426307293451
Glyma.10G039200.Wm82.a4.v1,0.5495230641295309
Glyma.08G212300.Wm82.a4.v1,0.5494986058797633
Glyma.05G199400.Wm82.a4.v1,0.5494839309299027
Glyma.14G005200.Wm82.a4.v1,0.5494399060803209
Glyma.13G026100.Wm82.a4.v1,0.5494203394805067
Glyma.10G039000.Wm82.a4.v1,0.5493225064814362
Glyma.09G088500.Wm82.a4.v1,0.5492735899819009
Glyma.10G035800.Wm82.a4.v1,0.5492393484322262
Glyma.15G255600.Wm82.a4.v1,0.5492344567822727
Glyma.10G003000.Wm82.a4.v1,0.549200215232598
Glyma.04G101300.Wm82.a4.v1,0.5491855402827374
Glyma.04G147700.Wm82.a4.v1,0.5491464070831091
Glyma.11G145854.Wm82.a4.v1,0.5491464070831091
Glyma.20G093600.Wm82.a4.v1,0.549126840483295
Glyma.08G067600.Wm82.a4.v1,0.5491023822335274
Glyma.07G040900.Wm82.a4.v1,0.5490877072836667
Glyma.10G026151.Wm82.a4.v1,0.5490681406838527
Glyma.08G187800.Wm82.a4.v1,0.5490632490338991
Glyma.13G289300.Wm82.a4.v1,0.549043682434085
Glyma.10G047700.Wm82.a4.v1,0.5490290074842245
Glyma.08G335600.Wm82.a4.v1,0.5490045492344567
Glyma.10G237000.Wm82.a4.v1,0.5489164995352932
Glyma.06G106100.Wm82.a4.v1,0.548867583035758
Glyma.08G184900.Wm82.a4.v1,0.5488382331360367
Glyma.11G252700.Wm82.a4.v1,0.5487648583867338
Glyma.17G133300.Wm82.a4.v1,0.5487501834368732
Glyma.08G308900.Wm82.a4.v1,0.5487355084870127
Glyma.04G053800.Wm82.a4.v1,0.5487208335371521
Glyma.02G122500.Wm82.a4.v1,0.5486768086875703
Glyma.04G170100.Wm82.a4.v1,0.5486083255882209
Glyma.13G335700.Wm82.a4.v1,0.5486034339382674
Glyma.17G141100.Wm82.a4.v1,0.5485936506383603
Glyma.06G310200.Wm82.a4.v1,0.5485838673384532
Glyma.02G179900.Wm82.a4.v1,0.548544734138825
Glyma.18G298600.Wm82.a4.v1,0.5485398424888714
Glyma.04G180200.Wm82.a4.v1,0.548534950838918
Glyma.12G003500.Wm82.a4.v1,0.5485300591889645
Glyma.17G178800.Wm82.a4.v1,0.5485007092892432
Glyma.05G041300.Wm82.a4.v1,0.5484958176392898
Glyma.19G261300.Wm82.a4.v1,0.5484811426894292
Glyma.06G052500.Wm82.a4.v1,0.5484566844396614
Glyma.16G165000.Wm82.a4.v1,0.548451792789708
Glyma.14G045500.Wm82.a4.v1,0.5483197182409627
Glyma.05G017500.Wm82.a4.v1,0.5482708017414274
Glyma.12G051500.Wm82.a4.v1,0.5482610184415203
Glyma.10G051600.Wm82.a4.v1,0.5482463434916597
Glyma.13G092100.Wm82.a4.v1,0.5482169935919385
Glyma.04G170300.Wm82.a4.v1,0.5480653524433792
Glyma.09G096500.Wm82.a4.v1,0.548045785843565
Glyma.01G144800.Wm82.a4.v1,0.548045785843565
Glyma.12G180800.Wm82.a4.v1,0.5480408941936115
Glyma.08G193700.Wm82.a4.v1,0.548026219243751
Glyma.12G079900.Wm82.a4.v1,0.5478990363449592
Glyma.13G273300.Wm82.a4.v1,0.5478892530450521
Glyma.17G093400.Wm82.a4.v1,0.5478696864452379
Glyma.06G069500.Wm82.a4.v1,0.547859903145331
Glyma.20G092400.Wm82.a4.v1,0.5478574573203542
Glyma.08G128700.Wm82.a4.v1,0.5478354448955632
Glyma.07G061300.Wm82.a4.v1,0.5478305532456097
Glyma.11G107900.Wm82.a4.v1,0.5477914200459815
Glyma.15G013500.Wm82.a4.v1,0.5477718534461674
Glyma.02G182600.Wm82.a4.v1,0.5477620701462603
Glyma.08G113000.Wm82.a4.v1,0.5477327202465392
Glyma.09G054300.Wm82.a4.v1,0.5476886953969574
Glyma.11G156931.Wm82.a4.v1,0.5476789120970503
Glyma.09G029200.Wm82.a4.v1,0.5476446705473756
Glyma.02G153600.Wm82.a4.v1,0.5476055373477474
Glyma.19G152000.Wm82.a4.v1,0.5475370542483979
Glyma.04G256300.Wm82.a4.v1,0.5475174876485839
Glyma.13G077900.Wm82.a4.v1,0.5475125959986303
Glyma.01G176900.Wm82.a4.v1,0.5474587878491415
Glyma.15G139500.Wm82.a4.v1,0.5473560632001174
Glyma.17G106600.Wm82.a4.v1,0.5473120383505357
Glyma.06G167100.Wm82.a4.v1,0.5472680135009539
Glyma.15G181400.Wm82.a4.v1,0.547214205351465
Glyma.04G069300.Wm82.a4.v1,0.5471750721518368
Glyma.12G128700.Wm82.a4.v1,0.5471555055520227
Glyma.18G244800.Wm82.a4.v1,0.5471408306021621
Glyma.15G096200.Wm82.a4.v1,0.5471261556523015
Glyma.01G149400.Wm82.a4.v1,0.5471016974025339
Glyma.15G230500.Wm82.a4.v1,0.5469794061536957
Glyma.11G033800.Wm82.a4.v1,0.5469794061536957
Glyma.07G207200.Wm82.a4.v1,0.5469696228537886
Glyma.05G185700.Wm82.a4.v1,0.5469500562539744
Glyma.05G174400.Wm82.a4.v1,0.5469402729540674
Glyma.06G305600.Wm82.a4.v1,0.5469011397544392
Glyma.03G163900.Wm82.a4.v1,0.5468375483050433
Glyma.09G248700.Wm82.a4.v1,0.5468375483050433
Glyma.13G350800.Wm82.a4.v1,0.5468228733551826
Glyma.06G146800.Wm82.a4.v1,0.5467837401555544
Glyma.19G226600.Wm82.a4.v1,0.546632099006995
Glyma.12G089700.Wm82.a4.v1,0.5465538326077386
Glyma.16G215500.Wm82.a4.v1,0.5464902411583427
Glyma.05G245100.Wm82.a4.v1,0.5463924081592721
Glyma.02G095100.Wm82.a4.v1,0.5463092501100622
Glyma.12G235700.Wm82.a4.v1,0.5462407670107127
Glyma.20G021700.Wm82.a4.v1,0.5462358753607592
Glyma.03G123300.Wm82.a4.v1,0.5462358753607592
Glyma.04G052700.Wm82.a4.v1,0.5462260920608522
Glyma.16G069400.Wm82.a4.v1,0.5462212004108986
Glyma.19G129500.Wm82.a4.v1,0.5462163087609451
Glyma.07G106200.Wm82.a4.v1,0.5461429340116422
Glyma.07G011300.Wm82.a4.v1,0.546040209362618
Glyma.08G362600.Wm82.a4.v1,0.5459374847135939
Glyma.04G214500.Wm82.a4.v1,0.5458298684146162
Glyma.08G074900.Wm82.a4.v1,0.5457711686151739
Glyma.01G023200.Wm82.a4.v1,0.5457467103654062
Glyma.20G216900.Wm82.a4.v1,0.5457124688157315
Glyma.12G210600.Wm82.a4.v1,0.5456977938658709
Glyma.19G125200.Wm82.a4.v1,0.5456733356161033
Glyma.09G191600.Wm82.a4.v1,0.545624419116568
Glyma.17G072500.Wm82.a4.v1,0.5456146358166609
Glyma.01G225400.Wm82.a4.v1,0.5455363694174045
Glyma.13G240600.Wm82.a4.v1,0.5454629946681016
Glyma.08G060200.Wm82.a4.v1,0.5453602700190774
Glyma.03G180700.Wm82.a4.v1,0.5453455950692169
Glyma.07G238300.Wm82.a4.v1,0.5452330871202856
Glyma.03G058300.Wm82.a4.v1,0.5452281954703322
Glyma.02G146200.Wm82.a4.v1,0.5452281954703322
Glyma.05G181800.Wm82.a4.v1,0.545208628870518
Glyma.19G173000.Wm82.a4.v1,0.5452037372205645
Glyma.10G203700.Wm82.a4.v1,0.5451988455706109
Glyma.18G030600.Wm82.a4.v1,0.5451792789707969
Glyma.05G084200.Wm82.a4.v1,0.5451743873208433
Glyma.14G076700.Wm82.a4.v1,0.5451450374211222
Glyma.01G025600.Wm82.a4.v1,0.5451401457711686
Glyma.02G112800.Wm82.a4.v1,0.5451401457711686
Glyma.06G307800.Wm82.a4.v1,0.5450863376216798
Glyma.10G203000.Wm82.a4.v1,0.5450325294721909
Glyma.14G017800.Wm82.a4.v1,0.5450031795724698
Glyma.04G091500.Wm82.a4.v1,0.5449933962725627
Glyma.02G067100.Wm82.a4.v1,0.5449787213227022
Glyma.16G051500.Wm82.a4.v1,0.5449640463728416
Glyma.11G051700.Wm82.a4.v1,0.5449151298733063
Glyma.12G139100.Wm82.a4.v1,0.5448466467739569
Glyma.15G269900.Wm82.a4.v1,0.5448319718240963
Glyma.01G034300.Wm82.a4.v1,0.5447781636746074
Glyma.20G095300.Wm82.a4.v1,0.5447537054248398
Glyma.09G119300.Wm82.a4.v1,0.5447292471750722
Glyma.07G089300.Wm82.a4.v1,0.5446950056253974
Glyma.03G225000.Wm82.a4.v1,0.544626522526048
Glyma.09G096300.Wm82.a4.v1,0.5445237978770239
Glyma.09G081800.Wm82.a4.v1,0.5445091229271634
Glyma.06G088200.Wm82.a4.v1,0.5443428068287434
Glyma.13G282300.Wm82.a4.v1,0.5442889986792545
Glyma.07G170200.Wm82.a4.v1,0.5442498654796263
Glyma.05G225000.Wm82.a4.v1,0.5442449738296727
Glyma.03G076100.Wm82.a4.v1,0.5442205155799051
Glyma.12G029700.Wm82.a4.v1,0.5442205155799051
Glyma.16G058300.Wm82.a4.v1,0.5442156239299516
Glyma.08G300451.Wm82.a4.v1,0.5441715990803698
Glyma.02G198700.Wm82.a4.v1,0.5441226825808345
Glyma.13G356500.Wm82.a4.v1,0.544117790930881
Glyma.18G070600.Wm82.a4.v1,0.5440835493812063
Glyma.11G116600.Wm82.a4.v1,0.5440541994814851
Glyma.16G147900.Wm82.a4.v1,0.5440003913319963
Glyma.18G010600.Wm82.a4.v1,0.5439661497823216
Glyma.08G354400.Wm82.a4.v1,0.5439416915325539
Glyma.10G047900.Wm82.a4.v1,0.5438487501834369
Glyma.04G086400.Wm82.a4.v1,0.5438438585334834
Glyma.04G026100.Wm82.a4.v1,0.5437998336839016
Glyma.09G186800.Wm82.a4.v1,0.5437753754341339
Glyma.16G021300.Wm82.a4.v1,0.5437460255344128
Glyma.02G082600.Wm82.a4.v1,0.5436139509856674
Glyma.02G079900.Wm82.a4.v1,0.5435894927358998
Glyma.02G272800.Wm82.a4.v1,0.5435846010859463
Glyma.16G112600.Wm82.a4.v1,0.5435601428361786
Glyma.09G135800.Wm82.a4.v1,0.5435454678863181
Glyma.01G046500.Wm82.a4.v1,0.5435259012865039
Glyma.08G139500.Wm82.a4.v1,0.5434965513867828
Glyma.07G150300.Wm82.a4.v1,0.5434916597368292
Glyma.07G200400.Wm82.a4.v1,0.5434916597368292
Glyma.20G165700.Wm82.a4.v1,0.5434867680868757
Glyma.07G034900.Wm82.a4.v1,0.5433938267377586
Glyma.08G032500.Wm82.a4.v1,0.5433791517878981
Glyma.11G043600.Wm82.a4.v1,0.5433742601379445
Glyma.17G027100.Wm82.a4.v1,0.5431834857897568
Glyma.04G145000.Wm82.a4.v1,0.5431345692902216
Glyma.03G167300.Wm82.a4.v1,0.543119894340361
Glyma.11G117300.Wm82.a4.v1,0.5431150026904075
Glyma.14G072200.Wm82.a4.v1,0.5431052193905004
Glyma.01G026500.Wm82.a4.v1,0.5430905444406399
Glyma.14G222700.Wm82.a4.v1,0.5430905444406399
Glyma.11G187800.Wm82.a4.v1,0.5430807611407328
Glyma.07G190200.Wm82.a4.v1,0.5430122780413834
Glyma.11G008200.Wm82.a4.v1,0.5429633615418481
Glyma.15G058400.Wm82.a4.v1,0.5428606368928239
Glyma.15G027300.Wm82.a4.v1,0.5428361786430563
Glyma.02G006500.Wm82.a4.v1,0.5428019370933816
Glyma.02G264000.Wm82.a4.v1,0.5427774788436139
Glyma.15G129200.Wm82.a4.v1,0.5427187790441717
Glyma.09G132800.Wm82.a4.v1,0.5425818128454728
Glyma.10G133700.Wm82.a4.v1,0.5425573545957051
Glyma.09G049900.Wm82.a4.v1,0.5424008217971922
Glyma.04G096200.Wm82.a4.v1,0.542361688597564
Glyma.02G296900.Wm82.a4.v1,0.5423323386978428
Glyma.01G240500.Wm82.a4.v1,0.5421758058993299
Glyma.20G173100.Wm82.a4.v1,0.5421464559996086
Glyma.08G362100.Wm82.a4.v1,0.5421415643496551
Glyma.01G176300.Wm82.a4.v1,0.5421366726997016
Glyma.01G192200.Wm82.a4.v1,0.542112214449934
Glyma.05G089400.Wm82.a4.v1,0.5420681896003522
Glyma.02G049400.Wm82.a4.v1,0.542038839700631
Glyma.04G225600.Wm82.a4.v1,0.5419703566012816
Glyma.07G008900.Wm82.a4.v1,0.5419067651518857
Glyma.19G010900.Wm82.a4.v1,0.5417551240033264
Glyma.01G136500.Wm82.a4.v1,0.5417355574035122
Glyma.02G031600.Wm82.a4.v1,0.5416817492540233
Glyma.07G220800.Wm82.a4.v1,0.5416377244044416
Glyma.01G150200.Wm82.a4.v1,0.5416377244044416
Glyma.13G277200.Wm82.a4.v1,0.5415741329550458
Glyma.04G163400.Wm82.a4.v1,0.5415349997554175
Glyma.04G146800.Wm82.a4.v1,0.5415056498556964
Glyma.16G014400.Wm82.a4.v1,0.5414909749058358
Glyma.12G051100.Wm82.a4.v1,0.5414811916059287
Glyma.08G333100.Wm82.a4.v1,0.5414714083060216
Glyma.14G088600.Wm82.a4.v1,0.541466516656068
Glyma.09G253600.Wm82.a4.v1,0.5414371667563469
Glyma.20G170700.Wm82.a4.v1,0.5414029252066722
Glyma.20G087700.Wm82.a4.v1,0.5410947512595998
Glyma.17G113400.Wm82.a4.v1,0.5410898596096463
Glyma.12G168800.Wm82.a4.v1,0.5410458347600645
Glyma.02G276300.Wm82.a4.v1,0.5408452771119698
Glyma.13G206500.Wm82.a4.v1,0.5408403854620163
Glyma.13G370900.Wm82.a4.v1,0.5406349361639681
Glyma.14G069200.Wm82.a4.v1,0.540615369564154
Glyma.13G197800.Wm82.a4.v1,0.5406104779142005
Glyma.19G228900.Wm82.a4.v1,0.5406104779142005
Glyma.16G213500.Wm82.a4.v1,0.5406006946142934
Glyma.05G230600.Wm82.a4.v1,0.5405860196644328
Glyma.07G218900.Wm82.a4.v1,0.5405762363645258
Glyma.05G210300.Wm82.a4.v1,0.5405615614146652
Glyma.13G290000.Wm82.a4.v1,0.5405517781147581
Glyma.08G353800.Wm82.a4.v1,0.5405077532651763
Glyma.12G012700.Wm82.a4.v1,0.5404832950154087
Glyma.01G019600.Wm82.a4.v1,0.5404784033654552
Glyma.02G133500.Wm82.a4.v1,0.5404343785158734
Glyma.11G139300.Wm82.a4.v1,0.5402876290172676
Glyma.20G046700.Wm82.a4.v1,0.540282737367314
Glyma.17G054200.Wm82.a4.v1,0.540282737367314
Glyma.05G245500.Wm82.a4.v1,0.5402533874675928
Glyma.13G117200.Wm82.a4.v1,0.5402387125177323
Glyma.03G224400.Wm82.a4.v1,0.5402338208677787
Glyma.17G061200.Wm82.a4.v1,0.5401604461184758
Glyma.11G220200.Wm82.a4.v1,0.5401506628185687
Glyma.13G299600.Wm82.a4.v1,0.5401359878687081
Glyma.06G053100.Wm82.a4.v1,0.5400870713691728
Glyma.04G084800.Wm82.a4.v1,0.5400821797192193
Glyma.05G180000.Wm82.a4.v1,0.5400821797192193
Glyma.03G129700.Wm82.a4.v1,0.5400185882698234
Glyma.20G100400.Wm82.a4.v1,0.5399990216700093
Glyma.03G237400.Wm82.a4.v1,0.5399990216700093
Glyma.14G043500.Wm82.a4.v1,0.539940321870567
Glyma.05G231700.Wm82.a4.v1,0.539857163821357
Glyma.13G250000.Wm82.a4.v1,0.5398327055715892
Glyma.01G176800.Wm82.a4.v1,0.5397495475223792
Glyma.16G139600.Wm82.a4.v1,0.5397446558724258
Glyma.05G008100.Wm82.a4.v1,0.5397348725725187
Glyma.06G011900.Wm82.a4.v1,0.5397153059727046
Glyma.08G231000.Wm82.a4.v1,0.5396761727730763
Glyma.14G198800.Wm82.a4.v1,0.5396614978232158
Glyma.10G142800.Wm82.a4.v1,0.5396027980237734
Glyma.20G209900.Wm82.a4.v1,0.5395147483246099
Glyma.19G044300.Wm82.a4.v1,0.5395147483246099
Glyma.08G134000.Wm82.a4.v1,0.539460940175121
Glyma.03G006300.Wm82.a4.v1,0.5393631071760505
Glyma.03G146300.Wm82.a4.v1,0.5392701658269334
Glyma.12G224700.Wm82.a4.v1,0.5391478745780952
Glyma.06G149900.Wm82.a4.v1,0.5391429829281417
Glyma.18G149600.Wm82.a4.v1,0.5391136330284205
Glyma.11G229000.Wm82.a4.v1,0.539108741378467
Glyma.20G204500.Wm82.a4.v1,0.539108741378467
Glyma.16G091800.Wm82.a4.v1,0.5390402582791175
Glyma.11G154200.Wm82.a4.v1,0.5390109083793964
Glyma.10G295500.Wm82.a4.v1,0.5389913417795823
Glyma.04G175100.Wm82.a4.v1,0.5389571002299075
Glyma.15G231900.Wm82.a4.v1,0.5389473169300005
Glyma.04G160800.Wm82.a4.v1,0.5389032920804188
Glyma.08G107800.Wm82.a4.v1,0.5388543755808834
Glyma.18G000200.Wm82.a4.v1,0.5387614342317664
Glyma.06G076600.Wm82.a4.v1,0.5387418676319523
Glyma.12G044200.Wm82.a4.v1,0.5387076260822775
Glyma.04G016500.Wm82.a4.v1,0.5386342513329746
Glyma.16G039900.Wm82.a4.v1,0.538609793083207
Glyma.19G194964.Wm82.a4.v1,0.5386049014332535
Glyma.10G069800.Wm82.a4.v1,0.5385804431834857
Glyma.03G128800.Wm82.a4.v1,0.5385804431834857
Glyma.19G153700.Wm82.a4.v1,0.538526635033997
Glyma.13G271100.Wm82.a4.v1,0.5384728268845081
Glyma.18G182100.Wm82.a4.v1,0.5384679352345546
Glyma.09G026100.Wm82.a4.v1,0.5384092354351122
Glyma.10G120200.Wm82.a4.v1,0.5383505356356699
Glyma.12G203300.Wm82.a4.v1,0.5383456439857164
Glyma.04G148200.Wm82.a4.v1,0.5383358606858093
Glyma.15G123100.Wm82.a4.v1,0.5383065107860882
Glyma.14G145000.Wm82.a4.v1,0.5382478109866458
Glyma.11G120700.Wm82.a4.v1,0.538203786137064
Glyma.06G038500.Wm82.a4.v1,0.538203786137064
Glyma.19G028800.Wm82.a4.v1,0.5381793278872964
Glyma.04G124300.Wm82.a4.v1,0.5380814948882258
Glyma.08G311000.Wm82.a4.v1,0.5380668199383652
Glyma.06G235200.Wm82.a4.v1,0.5379934451890622
Glyma.08G285700.Wm82.a4.v1,0.5379738785892482
Glyma.06G309300.Wm82.a4.v1,0.537944528689527
Glyma.15G108900.Wm82.a4.v1,0.5379347453896199
Glyma.18G292300.Wm82.a4.v1,0.537871153940224
Glyma.12G157600.Wm82.a4.v1,0.537871153940224
Glyma.17G062400.Wm82.a4.v1,0.5378222374406888
Glyma.07G089400.Wm82.a4.v1,0.5378075624908282
Glyma.06G043400.Wm82.a4.v1,0.5377537543413393
Glyma.17G080100.Wm82.a4.v1,0.5375580883431982
Glyma.03G008600.Wm82.a4.v1,0.5375336300934305
Glyma.10G024300.Wm82.a4.v1,0.5375140634936164
Glyma.15G093300.Wm82.a4.v1,0.5374847135938953
Glyma.17G168200.Wm82.a4.v1,0.5374211221444993
Glyma.09G065600.Wm82.a4.v1,0.5373917722447782
Glyma.07G024100.Wm82.a4.v1,0.5373135058455217
Glyma.15G087700.Wm82.a4.v1,0.5373037225456146
Glyma.19G248000.Wm82.a4.v1,0.5372988308956611
Glyma.08G150200.Wm82.a4.v1,0.5372645893459864
Glyma.06G188800.Wm82.a4.v1,0.5372548060460793
Glyma.18G039700.Wm82.a4.v1,0.5372450227461723
Glyma.19G170400.Wm82.a4.v1,0.5371129481974269
Glyma.08G061200.Wm82.a4.v1,0.5370835982977058
Glyma.20G131200.Wm82.a4.v1,0.537029790148217
Glyma.02G154700.Wm82.a4.v1,0.5370248984982635
Glyma.13G162500.Wm82.a4.v1,0.53702000684831
Glyma.18G017800.Wm82.a4.v1,0.5369857652986352
Glyma.13G335000.Wm82.a4.v1,0.5369710903487747
Glyma.02G100200.Wm82.a4.v1,0.5369368487991
Glyma.11G126500.Wm82.a4.v1,0.5369270654991929
Glyma.02G101000.Wm82.a4.v1,0.5369172821992858
Glyma.15G154800.Wm82.a4.v1,0.5368830406496111
Glyma.20G243400.Wm82.a4.v1,0.5368708115247273
Glyma.02G295400.Wm82.a4.v1,0.5368585823998435
Glyma.17G008400.Wm82.a4.v1,0.5368243408501687
Glyma.14G082800.Wm82.a4.v1,0.5368096659003082
Glyma.20G055900.Wm82.a4.v1,0.5367656410507264
Glyma.03G100700.Wm82.a4.v1,0.5367167245511911
Glyma.09G107200.Wm82.a4.v1,0.5366922663014234
Glyma.18G098800.Wm82.a4.v1,0.5366629164017023
Glyma.19G077200.Wm82.a4.v1,0.5366580247517487
Glyma.09G084800.Wm82.a4.v1,0.5366335665019811
Glyma.14G214000.Wm82.a4.v1,0.5365504084527711
Glyma.08G003100.Wm82.a4.v1,0.5365014919532358
Glyma.08G211500.Wm82.a4.v1,0.536457467103654
Glyma.03G257800.Wm82.a4.v1,0.536457467103654
Glyma.17G070200.Wm82.a4.v1,0.5364085506041187
Glyma.16G054500.Wm82.a4.v1,0.5364036589541652
Glyma.15G031800.Wm82.a4.v1,0.5362666927554665
Glyma.06G198550.Wm82.a4.v1,0.5362520178056058
Glyma.18G011100.Wm82.a4.v1,0.53618842635621
Glyma.01G158300.Wm82.a4.v1,0.5361737514063494
Glyma.06G058200.Wm82.a4.v1,0.5361297265567676
Glyma.03G221200.Wm82.a4.v1,0.5360661351073717
Glyma.08G214900.Wm82.a4.v1,0.5360612434574182
Glyma.07G066600.Wm82.a4.v1,0.5360367852076505
Glyma.04G079900.Wm82.a4.v1,0.5360123269578829
Glyma.02G188000.Wm82.a4.v1,0.5359927603580688
Glyma.02G172800.Wm82.a4.v1,0.5359829770581617
Glyma.08G145100.Wm82.a4.v1,0.5359634104583476
Glyma.16G105200.Wm82.a4.v1,0.5359634104583476
Glyma.10G235100.Wm82.a4.v1,0.535948735508487
Glyma.18G181100.Wm82.a4.v1,0.5359389522085799
Glyma.08G150800.Wm82.a4.v1,0.5359193856087658
Glyma.08G010000.Wm82.a4.v1,0.5359096023088588
Glyma.04G241900.Wm82.a4.v1,0.5358949273589982
Glyma.11G069400.Wm82.a4.v1,0.5357970943599276
Glyma.10G137700.Wm82.a4.v1,0.5356650198111823
Glyma.15G145400.Wm82.a4.v1,0.5356112116616935
Glyma.04G078500.Wm82.a4.v1,0.5356063200117399
Glyma.12G163500.Wm82.a4.v1,0.5355671868121117
Glyma.02G072500.Wm82.a4.v1,0.5355182703125765
Glyma.18G160200.Wm82.a4.v1,0.5354693538130412
Glyma.15G137300.Wm82.a4.v1,0.5354595705131341
Glyma.06G097600.Wm82.a4.v1,0.5354351122633665
Glyma.10G102800.Wm82.a4.v1,0.5353910874137847
Glyma.08G131600.Wm82.a4.v1,0.5353617375140635
Glyma.20G186800.Wm82.a4.v1,0.5352981460646676
Glyma.19G040800.Wm82.a4.v1,0.5352149880154576
Glyma.18G227400.Wm82.a4.v1,0.5351905297656899
Glyma.05G066500.Wm82.a4.v1,0.5351367216162012
Glyma.18G170800.Wm82.a4.v1,0.5350046470674559
Glyma.03G251400.Wm82.a4.v1,0.5349850804676417
Glyma.11G088700.Wm82.a4.v1,0.5349850804676417
Glyma.04G094100.Wm82.a4.v1,0.5349606222178741
Glyma.13G346400.Wm82.a4.v1,0.5349361639681064
Glyma.11G033600.Wm82.a4.v1,0.5348530059188964
Glyma.09G032300.Wm82.a4.v1,0.5348334393190823
Glyma.04G222600.Wm82.a4.v1,0.5348187643692217
Glyma.13G090800.Wm82.a4.v1,0.5347894144695006
Glyma.15G251100.Wm82.a4.v1,0.534764956219733
Glyma.03G119900.Wm82.a4.v1,0.5347551729198259
Glyma.20G179500.Wm82.a4.v1,0.5347258230201046
Glyma.11G065700.Wm82.a4.v1,0.5345448319718241
Glyma.08G188900.Wm82.a4.v1,0.5344812405224282
Glyma.16G005400.Wm82.a4.v1,0.5344763488724746
Glyma.13G124500.Wm82.a4.v1,0.5344421073228
Glyma.08G111100.Wm82.a4.v1,0.5344029741231717
Glyma.14G026000.Wm82.a4.v1,0.5343051411241012
Glyma.05G161700.Wm82.a4.v1,0.5342366580247517
Glyma.13G087400.Wm82.a4.v1,0.5342121997749841
Glyma.08G027800.Wm82.a4.v1,0.5341632832754488
Glyma.09G161600.Wm82.a4.v1,0.5341070293009832
Glyma.13G045900.Wm82.a4.v1,0.5340458836765641
Glyma.10G208300.Wm82.a4.v1,0.5339871838771217
Glyma.09G111200.Wm82.a4.v1,0.533952942327447
Glyma.20G174400.Wm82.a4.v1,0.5338746759281906
Glyma.10G151800.Wm82.a4.v1,0.5338697842782371
Glyma.17G151300.Wm82.a4.v1,0.5338453260284695
Glyma.06G082900.Wm82.a4.v1,0.5337426013794453
Glyma.06G310800.Wm82.a4.v1,0.5337181431296777
Glyma.11G213900.Wm82.a4.v1,0.5337132514797241
Glyma.05G136000.Wm82.a4.v1,0.5336447683803747
Glyma.08G091200.Wm82.a4.v1,0.5336398767304211
Glyma.12G191300.Wm82.a4.v1,0.5335958518808394
Glyma.09G023400.Wm82.a4.v1,0.5335616103311647
Glyma.19G047100.Wm82.a4.v1,0.5335567186812111
Glyma.09G065700.Wm82.a4.v1,0.5335518270312577
Glyma.12G059000.Wm82.a4.v1,0.5334931272318153
Glyma.02G080500.Wm82.a4.v1,0.5334246441324659
Glyma.05G243400.Wm82.a4.v1,0.5334197524825124
Glyma.10G014500.Wm82.a4.v1,0.5333952942327447
Glyma.20G112200.Wm82.a4.v1,0.5333904025827911
Glyma.08G107500.Wm82.a4.v1,0.5333659443330235
Glyma.11G227300.Wm82.a4.v1,0.5333561610331164
Glyma.03G177700.Wm82.a4.v1,0.5333317027833488
Glyma.19G124800.Wm82.a4.v1,0.5332876779337671
Glyma.09G010000.Wm82.a4.v1,0.5332240864843711
Glyma.01G077300.Wm82.a4.v1,0.5331800616347894
Glyma.13G149900.Wm82.a4.v1,0.5331164701853935
Glyma.02G211800.Wm82.a4.v1,0.5331164701853935
Glyma.13G286600.Wm82.a4.v1,0.53311157853544
Glyma.11G080400.Wm82.a4.v1,0.5331066868854865
Glyma.14G193500.Wm82.a4.v1,0.5330773369857653
Glyma.02G275900.Wm82.a4.v1,0.5330773369857653
Glyma.12G094900.Wm82.a4.v1,0.5329746123367411
Glyma.02G139600.Wm82.a4.v1,0.5328963459374847
Glyma.06G165000.Wm82.a4.v1,0.5328963459374847
Glyma.19G247700.Wm82.a4.v1,0.5328523210879029
Glyma.11G123500.Wm82.a4.v1,0.5328180795382282
Glyma.19G239400.Wm82.a4.v1,0.5327691630386929
Glyma.19G245700.Wm82.a4.v1,0.5326908966394365
Glyma.09G034400.Wm82.a4.v1,0.5326468717898547
Glyma.08G060100.Wm82.a4.v1,0.5325588220906912
Glyma.17G208500.Wm82.a4.v1,0.5325343638409236
Glyma.19G206800.Wm82.a4.v1,0.5323973976422247
Glyma.11G145000.Wm82.a4.v1,0.5323484811426894
Glyma.05G044900.Wm82.a4.v1,0.5323240228929218
Glyma.13G197500.Wm82.a4.v1,0.5322653230934794
Glyma.01G107100.Wm82.a4.v1,0.5322653230934794
Glyma.15G194900.Wm82.a4.v1,0.5321528151445483
Glyma.17G109700.Wm82.a4.v1,0.5321479234945947
Glyma.17G204700.Wm82.a4.v1,0.5321283568947807
Glyma.14G024100.Wm82.a4.v1,0.5321234652448271
Glyma.07G042700.Wm82.a4.v1,0.5320990069950594
Glyma.18G208300.Wm82.a4.v1,0.5320696570953383
Glyma.19G258500.Wm82.a4.v1,0.531937582546593
Glyma.20G114700.Wm82.a4.v1,0.5319180159467789
Glyma.05G135800.Wm82.a4.v1,0.5318739910971971
Glyma.03G249500.Wm82.a4.v1,0.5317957246979406
Glyma.13G213100.Wm82.a4.v1,0.5317859413980336
Glyma.17G249600.Wm82.a4.v1,0.53169789169887
Glyma.09G226300.Wm82.a4.v1,0.5316587584992418
Glyma.15G123000.Wm82.a4.v1,0.5316538668492883
Glyma.02G162600.Wm82.a4.v1,0.5315902753998923
Glyma.07G119000.Wm82.a4.v1,0.5314924424008218
Glyma.18G153100.Wm82.a4.v1,0.5314630925011006
Glyma.06G196400.Wm82.a4.v1,0.5314435259012865
Glyma.08G035700.Wm82.a4.v1,0.5313603678520765
Glyma.08G347800.Wm82.a4.v1,0.531355476202123
Glyma.14G146200.Wm82.a4.v1,0.5313310179523554
Glyma.09G051600.Wm82.a4.v1,0.531208726703517
Glyma.07G097700.Wm82.a4.v1,0.5311842684537494
Glyma.11G082600.Wm82.a4.v1,0.5311793768037959
Glyma.19G215900.Wm82.a4.v1,0.5311598102039818
Glyma.03G207200.Wm82.a4.v1,0.5310326273051901
Glyma.03G158500.Wm82.a4.v1,0.5310032774054688
Glyma.02G275600.Wm82.a4.v1,0.5309347943061195
Glyma.08G227900.Wm82.a4.v1,0.5307978281074206
Glyma.02G169800.Wm82.a4.v1,0.530690211808443
Glyma.17G116400.Wm82.a4.v1,0.5305581372596977
Glyma.13G194700.Wm82.a4.v1,0.5305385706598835
Glyma.01G231600.Wm82.a4.v1,0.5305385706598835
Glyma.10G055300.Wm82.a4.v1,0.530523895710023
Glyma.17G098900.Wm82.a4.v1,0.5305190040600695
Glyma.06G103000.Wm82.a4.v1,0.5304651959105806
Glyma.05G220700.Wm82.a4.v1,0.5304309543609059
Glyma.08G190000.Wm82.a4.v1,0.5303526879616495
Glyma.18G215400.Wm82.a4.v1,0.5302890965122535
Glyma.03G018500.Wm82.a4.v1,0.5302597466125324
Glyma.14G190400.Wm82.a4.v1,0.5302597466125324
Glyma.15G223100.Wm82.a4.v1,0.5301570219635083
Glyma.04G039800.Wm82.a4.v1,0.5301129971139266
Glyma.05G154600.Wm82.a4.v1,0.5301032138140195
Glyma.13G322000.Wm82.a4.v1,0.5300787555642518
Glyma.19G042200.Wm82.a4.v1,0.5300200557648095
Glyma.02G084900.Wm82.a4.v1,0.5300053808149489
Glyma.19G240600.Wm82.a4.v1,0.5299760309152277
Glyma.15G006300.Wm82.a4.v1,0.5299320060656459
Glyma.05G119100.Wm82.a4.v1,0.5299124394658318
Glyma.17G080700.Wm82.a4.v1,0.5298635229662966
Glyma.19G118700.Wm82.a4.v1,0.5298635229662966
Glyma.08G131400.Wm82.a4.v1,0.5298194981167148
Glyma.11G041800.Wm82.a4.v1,0.529775473267133
Glyma.12G158500.Wm82.a4.v1,0.529775473267133
Glyma.15G235500.Wm82.a4.v1,0.5297559066673189
Glyma.08G276900.Wm82.a4.v1,0.5296776402680624
Glyma.18G296300.Wm82.a4.v1,0.5296385070684342
Glyma.19G099400.Wm82.a4.v1,0.52961894046862
Glyma.03G226700.Wm82.a4.v1,0.5296140488186666
Glyma.10G274000.Wm82.a4.v1,0.5295015408697353
Glyma.19G197900.Wm82.a4.v1,0.5294966492197818
Glyma.15G073300.Wm82.a4.v1,0.5294721909700142
Glyma.01G031800.Wm82.a4.v1,0.5294037078706648
Glyma.05G195500.Wm82.a4.v1,0.5293768037959203
Glyma.01G186400.Wm82.a4.v1,0.52936946632099
Glyma.16G222300.Wm82.a4.v1,0.5293645746710366
Glyma.20G239300.Wm82.a4.v1,0.5293352247713153
Glyma.13G026600.Wm82.a4.v1,0.5293352247713153
Glyma.04G206500.Wm82.a4.v1,0.5291493420730813
Glyma.01G183600.Wm82.a4.v1,0.5291346671232207
Glyma.17G079400.Wm82.a4.v1,0.5290857506236853
Glyma.17G026100.Wm82.a4.v1,0.5290808589737318
Glyma.19G233100.Wm82.a4.v1,0.529058846548941
Glyma.14G170800.Wm82.a4.v1,0.5290417257741036
Glyma.13G096000.Wm82.a4.v1,0.5290025925744753
Glyma.16G204200.Wm82.a4.v1,0.5289585677248936
Glyma.11G137800.Wm82.a4.v1,0.528934109475126
Glyma.08G019800.Wm82.a4.v1,0.5289145428753118
Glyma.14G071200.Wm82.a4.v1,0.52887051802573
Glyma.05G012300.Wm82.a4.v1,0.5288607347258231
Glyma.19G203200.Wm82.a4.v1,0.5288362764760554
Glyma.13G286700.Wm82.a4.v1,0.52878735997652
Glyma.17G055500.Wm82.a4.v1,0.5287188768771707
Glyma.19G116400.Wm82.a4.v1,0.5285868023284254
Glyma.14G053400.Wm82.a4.v1,0.5285721273785647
Glyma.06G173800.Wm82.a4.v1,0.5285672357286113
Glyma.U008900.Wm82.a4.v1,0.5285036442792154
Glyma.06G024400.Wm82.a4.v1,0.5284987526292618
Glyma.19G010500.Wm82.a4.v1,0.5284009196301913
Glyma.20G212200.Wm82.a4.v1,0.5283862446803307
Glyma.15G067500.Wm82.a4.v1,0.5283715697304701
Glyma.17G205300.Wm82.a4.v1,0.5283715697304701
Glyma.19G129000.Wm82.a4.v1,0.528361786430563
Glyma.12G115800.Wm82.a4.v1,0.5282884116812601
Glyma.19G207500.Wm82.a4.v1,0.5282443868316783
Glyma.10G141000.Wm82.a4.v1,0.5281367705327007
Glyma.10G112500.Wm82.a4.v1,0.5280780707332583
Glyma.16G025900.Wm82.a4.v1,0.5280585041334442
Glyma.17G032100.Wm82.a4.v1,0.5280536124834907
Glyma.02G022800.Wm82.a4.v1,0.5280536124834907
Glyma.13G153600.Wm82.a4.v1,0.5280438291835836
Glyma.03G171000.Wm82.a4.v1,0.528029154233723
Glyma.06G023600.Wm82.a4.v1,0.5279949126840483
Glyma.10G139400.Wm82.a4.v1,0.5279655627843272
Glyma.10G225200.Wm82.a4.v1,0.5279508878344665
Glyma.03G058000.Wm82.a4.v1,0.5279215379347454
Glyma.07G122900.Wm82.a4.v1,0.527862838135303
Glyma.07G247300.Wm82.a4.v1,0.5278383798855354
Glyma.20G173400.Wm82.a4.v1,0.5278090299858142
Glyma.13G179500.Wm82.a4.v1,0.5276916303869296
Glyma.08G365500.Wm82.a4.v1,0.5276818470870225
Glyma.05G143300.Wm82.a4.v1,0.5276818470870225
Glyma.14G148500.Wm82.a4.v1,0.5276231472875801
Glyma.19G263500.Wm82.a4.v1,0.5275889057379054
Glyma.20G031400.Wm82.a4.v1,0.5275546641882307
Glyma.15G029700.Wm82.a4.v1,0.5274763977889743
Glyma.20G166800.Wm82.a4.v1,0.527437264589346
Glyma.13G131200.Wm82.a4.v1,0.5272905150907401
Glyma.11G121800.Wm82.a4.v1,0.527261165191019
Glyma.07G026400.Wm82.a4.v1,0.5272513818911119
Glyma.17G129500.Wm82.a4.v1,0.5272464902411583
Glyma.05G028800.Wm82.a4.v1,0.5271633321919483
Glyma.20G121600.Wm82.a4.v1,0.5271290906422736
Glyma.03G069700.Wm82.a4.v1,0.5271241989923201
Glyma.09G247200.Wm82.a4.v1,0.527114415692413
Glyma.02G291500.Wm82.a4.v1,0.5270801741427383
Glyma.12G036800.Wm82.a4.v1,0.5270410409431101
Glyma.16G202700.Wm82.a4.v1,0.5269823411436677
Glyma.18G099600.Wm82.a4.v1,0.5269725578437607
Glyma.17G160900.Wm82.a4.v1,0.5269334246441325
Glyma.05G133200.Wm82.a4.v1,0.5269187496942719
Glyma.08G173100.Wm82.a4.v1,0.5268942914445043
Glyma.15G234500.Wm82.a4.v1,0.5268551582448759
Glyma.07G072300.Wm82.a4.v1,0.526781783495573
Glyma.15G240800.Wm82.a4.v1,0.5267475419458983
Glyma.15G116500.Wm82.a4.v1,0.5267377586459913
Glyma.18G004000.Wm82.a4.v1,0.5266105757471995
Glyma.04G031600.Wm82.a4.v1,0.5265910091473854
Glyma.04G056800.Wm82.a4.v1,0.5265714425475713
Glyma.09G126300.Wm82.a4.v1,0.5265714425475713
Glyma.09G214000.Wm82.a4.v1,0.5265469842978037
Glyma.07G107100.Wm82.a4.v1,0.5265372009978966
Glyma.07G237700.Wm82.a4.v1,0.5265274176979895
Glyma.03G262800.Wm82.a4.v1,0.5264785011984542
Glyma.06G102700.Wm82.a4.v1,0.526365993249523
Glyma.19G183500.Wm82.a4.v1,0.5263268600498948
Glyma.08G236800.Wm82.a4.v1,0.5262926185002201
Glyma.20G226800.Wm82.a4.v1,0.526282835200313
Glyma.10G215100.Wm82.a4.v1,0.5262045688010566
Glyma.15G123600.Wm82.a4.v1,0.5261850022012424
Glyma.11G103900.Wm82.a4.v1,0.5261703272513819
Glyma.13G174200.Wm82.a4.v1,0.5261214107518466
Glyma.07G251400.Wm82.a4.v1,0.5260284694027295
Glyma.07G196900.Wm82.a4.v1,0.526013794452869
Glyma.10G067500.Wm82.a4.v1,0.5258915032040308
Glyma.14G089018.Wm82.a4.v1,0.5258915032040308
Glyma.09G244700.Wm82.a4.v1,0.5257985618549137
Glyma.05G146600.Wm82.a4.v1,0.5257838869050531
Glyma.08G037400.Wm82.a4.v1,0.5257202954556572
Glyma.08G179400.Wm82.a4.v1,0.5257056205057966
Glyma.04G146600.Wm82.a4.v1,0.5256860539059824
Glyma.09G200000.Wm82.a4.v1,0.5256322457564937
Glyma.01G178500.Wm82.a4.v1,0.5256224624565866
Glyma.10G052700.Wm82.a4.v1,0.5255393044073766
Glyma.05G075400.Wm82.a4.v1,0.5255050628577019
Glyma.08G084100.Wm82.a4.v1,0.5254659296580737
Glyma.06G160500.Wm82.a4.v1,0.5254121215085849
Glyma.03G232800.Wm82.a4.v1,0.5254072298586313
Glyma.03G212700.Wm82.a4.v1,0.5253387467592819
Glyma.04G028500.Wm82.a4.v1,0.5252947219097002
Glyma.07G194900.Wm82.a4.v1,0.5252555887100719
Glyma.06G065100.Wm82.a4.v1,0.5252409137602113
Glyma.18G217100.Wm82.a4.v1,0.5251871056107225
Glyma.10G161600.Wm82.a4.v1,0.5251626473609549
Glyma.19G075700.Wm82.a4.v1,0.5251528640610478
Glyma.16G201600.Wm82.a4.v1,0.5249474147629996
Glyma.18G044600.Wm82.a4.v1,0.524922956513232
Glyma.01G017800.Wm82.a4.v1,0.5248202318642078
Glyma.07G045900.Wm82.a4.v1,0.5247419654649513
Glyma.09G131400.Wm82.a4.v1,0.5247175072151837
Glyma.01G204000.Wm82.a4.v1,0.5247126155652302
Glyma.03G073300.Wm82.a4.v1,0.524693048965416
Glyma.03G004500.Wm82.a4.v1,0.5246881573154625
Glyma.20G110600.Wm82.a4.v1,0.5246392408159272
Glyma.07G052400.Wm82.a4.v1,0.5246196742161131
Glyma.18G230100.Wm82.a4.v1,0.5245805410164849
Glyma.15G033400.Wm82.a4.v1,0.5245511911167637
Glyma.03G021800.Wm82.a4.v1,0.5245218412170425
Glyma.15G087400.Wm82.a4.v1,0.5244484664677396
Glyma.20G108800.Wm82.a4.v1,0.5244142249180649
Glyma.19G100500.Wm82.a4.v1,0.5243750917184367
Glyma.20G010100.Wm82.a4.v1,0.524277258719366
Glyma.08G220100.Wm82.a4.v1,0.524257692119552
Glyma.17G063500.Wm82.a4.v1,0.5242528004695984
Glyma.11G155677.Wm82.a4.v1,0.5241500758205743
Glyma.16G195300.Wm82.a4.v1,0.5241451841706207
Glyma.07G056900.Wm82.a4.v1,0.5241256175708067
Glyma.20G212500.Wm82.a4.v1,0.5240375678716431
Glyma.11G072200.Wm82.a4.v1,0.5239886513721078
Glyma.19G121200.Wm82.a4.v1,0.5238712517732231
Glyma.09G019300.Wm82.a4.v1,0.5238223352736878
Glyma.16G088200.Wm82.a4.v1,0.523768527124199
Glyma.07G252700.Wm82.a4.v1,0.5237245022746172
Glyma.15G078000.Wm82.a4.v1,0.5237000440248496
Glyma.16G199300.Wm82.a4.v1,0.5236755857750819
Glyma.08G181800.Wm82.a4.v1,0.5236731399501051
Glyma.18G242300.Wm82.a4.v1,0.5236706941251285
Glyma.15G070000.Wm82.a4.v1,0.5236217776255931
Glyma.03G235400.Wm82.a4.v1,0.5236168859756396
Glyma.09G142100.Wm82.a4.v1,0.5236071026757325
Glyma.10G053800.Wm82.a4.v1,0.5235973193758254
Glyma.16G176300.Wm82.a4.v1,0.5235924277258719
Glyma.03G172100.Wm82.a4.v1,0.5235043780267085
Glyma.08G052600.Wm82.a4.v1,0.5233918700777772
Glyma.07G271300.Wm82.a4.v1,0.5233576285281025
Glyma.16G004200.Wm82.a4.v1,0.523103262730519
Glyma.18G097100.Wm82.a4.v1,0.5230739128307978
Glyma.02G103900.Wm82.a4.v1,0.5229711881817737
Glyma.17G021800.Wm82.a4.v1,0.5229418382820525
Glyma.07G004500.Wm82.a4.v1,0.5229320549821455
Glyma.09G014500.Wm82.a4.v1,0.5226923641344225
Glyma.06G098500.Wm82.a4.v1,0.5226238810350732
Glyma.01G061100.Wm82.a4.v1,0.5225994227853055
Glyma.17G134300.Wm82.a4.v1,0.5225945311353519
Glyma.14G070700.Wm82.a4.v1,0.5225896394853984
Glyma.15G267700.Wm82.a4.v1,0.5225749645355379
Glyma.17G129300.Wm82.a4.v1,0.5225505062857702
Glyma.20G223300.Wm82.a4.v1,0.5224966981362814
Glyma.08G314600.Wm82.a4.v1,0.5224135400870714
Glyma.04G229500.Wm82.a4.v1,0.5223988651372108
Glyma.01G184700.Wm82.a4.v1,0.5223841901873502
Glyma.06G180400.Wm82.a4.v1,0.5223303820378614
Glyma.04G215300.Wm82.a4.v1,0.5223254903879079
Glyma.08G095600.Wm82.a4.v1,0.5222667905884655
Glyma.09G188300.Wm82.a4.v1,0.5222276573888373
Glyma.08G313000.Wm82.a4.v1,0.5222031991390697
Glyma.10G253000.Wm82.a4.v1,0.5221396076896737
Glyma.15G236100.Wm82.a4.v1,0.5220809078902314
Glyma.10G178000.Wm82.a4.v1,0.5220564496404637
Glyma.06G163900.Wm82.a4.v1,0.5220173164408355
Glyma.01G239200.Wm82.a4.v1,0.5219830748911608
Glyma.10G288600.Wm82.a4.v1,0.5219488333414861
Glyma.05G219500.Wm82.a4.v1,0.5217776255931126
Glyma.13G125500.Wm82.a4.v1,0.5216259844445531
Glyma.17G026900.Wm82.a4.v1,0.5215819595949713
Glyma.13G282700.Wm82.a4.v1,0.5214890182458544
Glyma.07G182000.Wm82.a4.v1,0.5214058601966444
Glyma.16G204900.Wm82.a4.v1,0.5214009685466908
Glyma.02G301500.Wm82.a4.v1,0.5213422687472484
Glyma.04G177000.Wm82.a4.v1,0.5212933522477131
Glyma.07G267800.Wm82.a4.v1,0.5212591106980384
Glyma.06G128100.Wm82.a4.v1,0.5211612776989678
Glyma.10G118800.Wm82.a4.v1,0.5211612776989678
Glyma.07G220500.Wm82.a4.v1,0.5210487697500367
Glyma.20G128800.Wm82.a4.v1,0.5210438781000831
Glyma.03G242300.Wm82.a4.v1,0.5209802866506873
Glyma.08G088500.Wm82.a4.v1,0.5209020202514308
Glyma.02G228100.Wm82.a4.v1,0.5208286455021278
Glyma.08G189900.Wm82.a4.v1,0.5208188622022208
Glyma.01G057400.Wm82.a4.v1,0.520765054052732
Glyma.11G028700.Wm82.a4.v1,0.5206085212542191
Glyma.02G214300.Wm82.a4.v1,0.5205400381548696
Glyma.10G001400.Wm82.a4.v1,0.5204813383554273
Glyma.14G043900.Wm82.a4.v1,0.520432421855892
Glyma.17G255900.Wm82.a4.v1,0.5203883970063102
Glyma.08G259700.Wm82.a4.v1,0.5203541554566355
Glyma.06G314900.Wm82.a4.v1,0.520349263806682
Glyma.11G087800.Wm82.a4.v1,0.5203345888568214
Glyma.14G081100.Wm82.a4.v1,0.5203052389571002
Glyma.11G181700.Wm82.a4.v1,0.5202563224575649
Glyma.08G337600.Wm82.a4.v1,0.5202465391576578
Glyma.08G196400.Wm82.a4.v1,0.5202269725578438
Glyma.16G213000.Wm82.a4.v1,0.5202220809078902
Glyma.05G047900.Wm82.a4.v1,0.5199774984102138
Glyma.05G129400.Wm82.a4.v1,0.5199628234603532
Glyma.19G009300.Wm82.a4.v1,0.5199139069608179
Glyma.03G096400.Wm82.a4.v1,0.5198943403610038
Glyma.20G130432.Wm82.a4.v1,0.5197916157119796
Glyma.18G024700.Wm82.a4.v1,0.5197329159125373
Glyma.20G151500.Wm82.a4.v1,0.5195763831140243
Glyma.09G017300.Wm82.a4.v1,0.5195714914640708
Glyma.18G182800.Wm82.a4.v1,0.5195127916646285
Glyma.02G005000.Wm82.a4.v1,0.5194981167147679
Glyma.14G040800.Wm82.a4.v1,0.5194443085652791
Glyma.06G302100.Wm82.a4.v1,0.5194198503155114
Glyma.08G041700.Wm82.a4.v1,0.5193807171158832
Glyma.03G254800.Wm82.a4.v1,0.519341583916255
Glyma.05G046100.Wm82.a4.v1,0.5193073423665803
Glyma.12G031600.Wm82.a4.v1,0.519258425867045
Glyma.02G102500.Wm82.a4.v1,0.5191312429682532
Glyma.06G102800.Wm82.a4.v1,0.5190872181186714
Glyma.09G260100.Wm82.a4.v1,0.5190823264687179
Glyma.03G177400.Wm82.a4.v1,0.519028518319229
Glyma.11G040900.Wm82.a4.v1,0.519028518319229
Glyma.11G067600.Wm82.a4.v1,0.519018735019322
Glyma.13G200800.Wm82.a4.v1,0.5189747101697403
Glyma.06G118200.Wm82.a4.v1,0.5189404686200656
Glyma.15G074200.Wm82.a4.v1,0.5188915521205303
Glyma.04G012100.Wm82.a4.v1,0.5188768771706697
Glyma.08G192100.Wm82.a4.v1,0.5188768771706697
Glyma.10G216600.Wm82.a4.v1,0.5188181773712273
Glyma.15G120100.Wm82.a4.v1,0.5187399109719708
Glyma.05G088000.Wm82.a4.v1,0.5186616445727144
Glyma.06G183500.Wm82.a4.v1,0.5186469696228538
Glyma.07G042400.Wm82.a4.v1,0.5186371863229468
Glyma.12G016600.Wm82.a4.v1,0.5186274030230397
Glyma.16G040100.Wm82.a4.v1,0.5185784865235044
Glyma.15G048000.Wm82.a4.v1,0.5185051117742014
Glyma.20G010800.Wm82.a4.v1,0.5184855451743873
Glyma.18G300100.Wm82.a4.v1,0.5184855451743873
Glyma.18G020900.Wm82.a4.v1,0.5184757618744803
Glyma.09G253100.Wm82.a4.v1,0.5184121704250844
Glyma.18G114700.Wm82.a4.v1,0.518343687325735
Glyma.13G238200.Wm82.a4.v1,0.5182898791762461
Glyma.01G164200.Wm82.a4.v1,0.5182556376265715
Glyma.19G107300.Wm82.a4.v1,0.5182409626767108
Glyma.11G010900.Wm82.a4.v1,0.5182360710267573
Glyma.02G051100.Wm82.a4.v1,0.5180159467788485
Glyma.17G106000.Wm82.a4.v1,0.5178496306804286
Glyma.02G308000.Wm82.a4.v1,0.517771364281172
Glyma.18G234600.Wm82.a4.v1,0.517761580981265
Glyma.06G223400.Wm82.a4.v1,0.5177469060314044
Glyma.02G263500.Wm82.a4.v1,0.5176686396321479
Glyma.04G223900.Wm82.a4.v1,0.5175365650834026
Glyma.19G147700.Wm82.a4.v1,0.5175267817834955
Glyma.11G173028.Wm82.a4.v1,0.5174729736340068
Glyma.15G023600.Wm82.a4.v1,0.5174582986841462
Glyma.17G050100.Wm82.a4.v1,0.5174191654845179
Glyma.10G250500.Wm82.a4.v1,0.5174093821846109
Glyma.13G211400.Wm82.a4.v1,0.5173653573350291
Glyma.12G019200.Wm82.a4.v1,0.5172919825857262
Glyma.08G091000.Wm82.a4.v1,0.5172773076358655
Glyma.14G066200.Wm82.a4.v1,0.5172773076358655
Glyma.18G278800.Wm82.a4.v1,0.5172039328865626
Glyma.19G260100.Wm82.a4.v1,0.5171843662867485
Glyma.08G363400.Wm82.a4.v1,0.5171550163870273
Glyma.10G092700.Wm82.a4.v1,0.5171550163870273
Glyma.09G105500.Wm82.a4.v1,0.5171403414371668
Glyma.20G202900.Wm82.a4.v1,0.5170914249376315
Glyma.08G247932.Wm82.a4.v1,0.5170767499877709
Glyma.14G017400.Wm82.a4.v1,0.5170669666878638
Glyma.06G073800.Wm82.a4.v1,0.5169446754390256
Glyma.15G117100.Wm82.a4.v1,0.5169153255393044
Glyma.09G199300.Wm82.a4.v1,0.5167685760406985
Glyma.01G049400.Wm82.a4.v1,0.5166658513916744
Glyma.16G043900.Wm82.a4.v1,0.5166462847918603
Glyma.04G219500.Wm82.a4.v1,0.5165337768429291
Glyma.05G118400.Wm82.a4.v1,0.5165093185931615
Glyma.05G013500.Wm82.a4.v1,0.5164995352932544
Glyma.08G360900.Wm82.a4.v1,0.5164652937435797
Glyma.01G196300.Wm82.a4.v1,0.5164359438438585
Glyma.15G053300.Wm82.a4.v1,0.5163185442449738
Glyma.10G242500.Wm82.a4.v1,0.516274519395392
Glyma.14G181300.Wm82.a4.v1,0.516264736095485
Glyma.20G181900.Wm82.a4.v1,0.5162011446460891
Glyma.05G183400.Wm82.a4.v1,0.516171794746368
Glyma.20G243300.Wm82.a4.v1,0.5161571197965074
Glyma.08G246600.Wm82.a4.v1,0.5161522281465538
Glyma.13G259300.Wm82.a4.v1,0.516108203296972
Glyma.19G136500.Wm82.a4.v1,0.5160348285476691
Glyma.04G093600.Wm82.a4.v1,0.516015261947855
Glyma.02G166300.Wm82.a4.v1,0.5160005869979944
Glyma.02G279100.Wm82.a4.v1,0.5159467788485056
Glyma.15G258800.Wm82.a4.v1,0.5158880790490632
Glyma.18G068800.Wm82.a4.v1,0.515858729149342
Glyma.12G098800.Wm82.a4.v1,0.515858729149342
Glyma.07G189700.Wm82.a4.v1,0.5158147042997603
Glyma.19G082900.Wm82.a4.v1,0.515672846451108
Glyma.07G091000.Wm82.a4.v1,0.5156239299515727
Glyma.12G172100.Wm82.a4.v1,0.5156092550017121
Glyma.12G204300.Wm82.a4.v1,0.5155407719023627
Glyma.08G127800.Wm82.a4.v1,0.5155309886024556
Glyma.08G008300.Wm82.a4.v1,0.515516313652595
Glyma.19G122700.Wm82.a4.v1,0.515506530352688
Glyma.04G226400.Wm82.a4.v1,0.5154820721029203
Glyma.20G222500.Wm82.a4.v1,0.5153548892041285
Glyma.13G172200.Wm82.a4.v1,0.5152619478550114
Glyma.15G126000.Wm82.a4.v1,0.5151543315560339
Glyma.17G003400.Wm82.a4.v1,0.5151396566061732
Glyma.09G209200.Wm82.a4.v1,0.515090740106638
Glyma.19G191100.Wm82.a4.v1,0.5150662818568703
Glyma.02G276400.Wm82.a4.v1,0.5150026904074745
Glyma.07G218200.Wm82.a4.v1,0.5149929071075674
Glyma.05G136800.Wm82.a4.v1,0.5149537739079392
Glyma.06G030700.Wm82.a4.v1,0.5149390989580785
Glyma.18G008200.Wm82.a4.v1,0.5148119160592868
Glyma.12G064900.Wm82.a4.v1,0.5147238663601232
Glyma.08G067400.Wm82.a4.v1,0.514665166560681
Glyma.20G049300.Wm82.a4.v1,0.5146113584111921
Glyma.12G078800.Wm82.a4.v1,0.5145917918113779
Glyma.02G275400.Wm82.a4.v1,0.5145869001614245
Glyma.04G135000.Wm82.a4.v1,0.5145722252115639
Glyma.06G189500.Wm82.a4.v1,0.5145330920119356
Glyma.11G041100.Wm82.a4.v1,0.5145330920119356
Glyma.01G066600.Wm82.a4.v1,0.5144450423127721
Glyma.04G013100.Wm82.a4.v1,0.5144254757129579
Glyma.20G024800.Wm82.a4.v1,0.5144059091131439
Glyma.17G000300.Wm82.a4.v1,0.5143961258132368
Glyma.17G222100.Wm82.a4.v1,0.5143961258132368
Glyma.18G166800.Wm82.a4.v1,0.5143912341632833
Glyma.12G009100.Wm82.a4.v1,0.5143618842635621
Glyma.08G220400.Wm82.a4.v1,0.5143374260137945
Glyma.18G145500.Wm82.a4.v1,0.5143374260137945
Glyma.17G051500.Wm82.a4.v1,0.5142836178643057
Glyma.10G040800.Wm82.a4.v1,0.5142151347649562
Glyma.18G195500.Wm82.a4.v1,0.5142004598150957
Glyma.13G264200.Wm82.a4.v1,0.514166218265421
Glyma.17G254400.Wm82.a4.v1,0.5140488186665362
Glyma.17G060300.Wm82.a4.v1,0.5140292520667221
Glyma.20G219800.Wm82.a4.v1,0.5139607689673727
Glyma.05G195700.Wm82.a4.v1,0.5139509856674657
Glyma.11G160275.Wm82.a4.v1,0.5139118524678374
Glyma.12G181500.Wm82.a4.v1,0.5138922858680233
Glyma.15G007000.Wm82.a4.v1,0.513843369368488
Glyma.09G195000.Wm82.a4.v1,0.5137895612189992
Glyma.05G004000.Wm82.a4.v1,0.513677053270068
Glyma.05G213000.Wm82.a4.v1,0.5136525950203004
Glyma.11G004100.Wm82.a4.v1,0.5136330284204862
Glyma.07G177000.Wm82.a4.v1,0.5136232451205792
Glyma.06G323400.Wm82.a4.v1,0.513603678520765
Glyma.03G228500.Wm82.a4.v1,0.5135058455216944
Glyma.08G043700.Wm82.a4.v1,0.5134520373722057
Glyma.11G138900.Wm82.a4.v1,0.513427579122438
Glyma.07G034000.Wm82.a4.v1,0.5134226874724844
Glyma.10G221800.Wm82.a4.v1,0.5134177958225309
Glyma.02G273700.Wm82.a4.v1,0.5134031208726704
Glyma.18G273900.Wm82.a4.v1,0.5133786626229027
Glyma.20G168102.Wm82.a4.v1,0.5132710463239251
Glyma.18G212600.Wm82.a4.v1,0.5132514797241109
Glyma.07G249700.Wm82.a4.v1,0.5132368047742504
Glyma.07G203600.Wm82.a4.v1,0.5132123465244827
Glyma.08G055600.Wm82.a4.v1,0.5132074548745292
Glyma.02G301900.Wm82.a4.v1,0.5131927799246686
Glyma.11G249500.Wm82.a4.v1,0.5131438634251333
Glyma.16G068000.Wm82.a4.v1,0.5131242968253191
Glyma.10G286400.Wm82.a4.v1,0.5130704886758304
Glyma.06G155700.Wm82.a4.v1,0.5130264638262486
Glyma.20G009600.Wm82.a4.v1,0.513011788876388
Glyma.04G000200.Wm82.a4.v1,0.5130068972264344
Glyma.16G033100.Wm82.a4.v1,0.5128014479283862
Glyma.09G067200.Wm82.a4.v1,0.5127476397788974
Glyma.10G285300.Wm82.a4.v1,0.5126449151298733
Glyma.03G145700.Wm82.a4.v1,0.5126449151298733
Glyma.07G173700.Wm82.a4.v1,0.5126253485300591
Glyma.07G144300.Wm82.a4.v1,0.5125617570806633
Glyma.01G092400.Wm82.a4.v1,0.5125617570806633
Glyma.07G069300.Wm82.a4.v1,0.5124052242821504
Glyma.16G077700.Wm82.a4.v1,0.5123856576823362
Glyma.10G270200.Wm82.a4.v1,0.5123024996331262
Glyma.17G059700.Wm82.a4.v1,0.5122927163332192
Glyma.18G263400.Wm82.a4.v1,0.5122340165337769
Glyma.15G158100.Wm82.a4.v1,0.5122242332338698
Glyma.05G237500.Wm82.a4.v1,0.5121410751846598
Glyma.07G079000.Wm82.a4.v1,0.5120921586851245
Glyma.14G151400.Wm82.a4.v1,0.5120725920853104
Glyma.11G175200.Wm82.a4.v1,0.5120579171354498
Glyma.18G240800.Wm82.a4.v1,0.5119894340361004
Glyma.14G024200.Wm82.a4.v1,0.5119698674362863
Glyma.01G098700.Wm82.a4.v1,0.5118377928875409
Glyma.17G064400.Wm82.a4.v1,0.5118329012375874
Glyma.14G061900.Wm82.a4.v1,0.5117057183387956
Glyma.05G001900.Wm82.a4.v1,0.5116568018392604
Glyma.12G091600.Wm82.a4.v1,0.5116078853397251
Glyma.13G211200.Wm82.a4.v1,0.5115638604901434
Glyma.14G080400.Wm82.a4.v1,0.5114562441911656
Glyma.18G245000.Wm82.a4.v1,0.5114415692413051
Glyma.12G108400.Wm82.a4.v1,0.5114024360416769
Glyma.19G105100.Wm82.a4.v1,0.5113975443917234
Glyma.18G252100.Wm82.a4.v1,0.5113926527417698
Glyma.02G280300.Wm82.a4.v1,0.5112899280927456
Glyma.15G254600.Wm82.a4.v1,0.5112801447928387
Glyma.17G194200.Wm82.a4.v1,0.5112703614929316
Glyma.04G123300.Wm82.a4.v1,0.5112361199432569
Glyma.01G222500.Wm82.a4.v1,0.5109524042459521
Glyma.19G006100.Wm82.a4.v1,0.5109426209460451
Glyma.17G032500.Wm82.a4.v1,0.5109083793963703
Glyma.12G020200.Wm82.a4.v1,0.5108350046470674
Glyma.09G193700.Wm82.a4.v1,0.5105708555495768
Glyma.11G051000.Wm82.a4.v1,0.5104583476006457
Glyma.16G101100.Wm82.a4.v1,0.5104436726507852
Glyma.02G075600.Wm82.a4.v1,0.5103751895514357
Glyma.06G083300.Wm82.a4.v1,0.5102773565523651
Glyma.15G272900.Wm82.a4.v1,0.5102724649024116
Glyma.02G204900.Wm82.a4.v1,0.5102626816025045
Glyma.20G194200.Wm82.a4.v1,0.5101061488039916
Glyma.01G195400.Wm82.a4.v1,0.510091473854131
Glyma.07G223000.Wm82.a4.v1,0.5100719072543168
Glyma.05G183300.Wm82.a4.v1,0.5100180991048281
Glyma.09G282400.Wm82.a4.v1,0.5099593993053857
Glyma.08G241700.Wm82.a4.v1,0.5099006995059433
Glyma.07G255700.Wm82.a4.v1,0.5098664579562686
Glyma.04G043900.Wm82.a4.v1,0.5098468913564546
Glyma.06G094900.Wm82.a4.v1,0.509841999706501
Glyma.02G123400.Wm82.a4.v1,0.5098273247566404
Glyma.10G221900.Wm82.a4.v1,0.5098273247566404
Glyma.02G223600.Wm82.a4.v1,0.5098273247566404
Glyma.02G247800.Wm82.a4.v1,0.5097930832069657
Glyma.10G167000.Wm82.a4.v1,0.509758841657291
Glyma.11G092100.Wm82.a4.v1,0.5096561170082669
Glyma.15G084400.Wm82.a4.v1,0.5096414420584063
Glyma.06G289600.Wm82.a4.v1,0.5095974172088246
Glyma.18G283800.Wm82.a4.v1,0.5095827422589639
Glyma.11G001700.Wm82.a4.v1,0.5095387174093822
Glyma.04G217200.Wm82.a4.v1,0.5094457760602651
Glyma.06G109000.Wm82.a4.v1,0.5094311011104046
Glyma.02G220400.Wm82.a4.v1,0.5093870762608228
Glyma.04G052900.Wm82.a4.v1,0.5093870762608228
Glyma.07G008000.Wm82.a4.v1,0.5093381597612875
Glyma.18G038600.Wm82.a4.v1,0.5093185931614733
Glyma.06G116800.Wm82.a4.v1,0.5092403267622169
Glyma.02G289400.Wm82.a4.v1,0.5092354351122633
Glyma.10G288800.Wm82.a4.v1,0.5090691190138433
Glyma.16G093400.Wm82.a4.v1,0.5090153108643546
Glyma.U031224.Wm82.a4.v1,0.5090153108643546
Glyma.17G006100.Wm82.a4.v1,0.5089810693146798
Glyma.01G004500.Wm82.a4.v1,0.5087658367167246
Glyma.02G001200.Wm82.a4.v1,0.5087267035170964
Glyma.03G161300.Wm82.a4.v1,0.508668003717654
Glyma.18G212800.Wm82.a4.v1,0.5086190872181187
Glyma.17G022200.Wm82.a4.v1,0.5085114709191411
Glyma.20G089300.Wm82.a4.v1,0.5084870126693734
Glyma.14G038800.Wm82.a4.v1,0.5084576627696522
Glyma.12G050200.Wm82.a4.v1,0.5084429878197916
Glyma.08G118200.Wm82.a4.v1,0.5083891796703028
Glyma.08G020500.Wm82.a4.v1,0.508354938120628
Glyma.16G118100.Wm82.a4.v1,0.5083206965709534
Glyma.20G125700.Wm82.a4.v1,0.5082081886220222
Glyma.16G155700.Wm82.a4.v1,0.5082032969720687
Glyma.18G118400.Wm82.a4.v1,0.5082032969720687
Glyma.02G068400.Wm82.a4.v1,0.5081935136721616
Glyma.01G010900.Wm82.a4.v1,0.5081152472729051
Glyma.09G177200.Wm82.a4.v1,0.5080810057232304
Glyma.01G045200.Wm82.a4.v1,0.5080663307733698
Glyma.08G148000.Wm82.a4.v1,0.5079440395245316
Glyma.10G154700.Wm82.a4.v1,0.5079049063249034
Glyma.12G224900.Wm82.a4.v1,0.5078413148755075
Glyma.20G141200.Wm82.a4.v1,0.5077875067260187
Glyma.02G095500.Wm82.a4.v1,0.5077826150760651
Glyma.17G115800.Wm82.a4.v1,0.507753265176344
Glyma.20G224000.Wm82.a4.v1,0.5077336985765298
Glyma.03G234300.Wm82.a4.v1,0.5076456488773663
Glyma.10G139300.Wm82.a4.v1,0.5076407572274128
Glyma.18G095900.Wm82.a4.v1,0.5076065156777381
Glyma.05G105800.Wm82.a4.v1,0.507586949077924
Glyma.11G027800.Wm82.a4.v1,0.5075820574279705
Glyma.17G040500.Wm82.a4.v1,0.5075184659785745
Glyma.18G167300.Wm82.a4.v1,0.5075135743286211
Glyma.06G115100.Wm82.a4.v1,0.5074059580296434
Glyma.13G211500.Wm82.a4.v1,0.5074010663796898
Glyma.19G108400.Wm82.a4.v1,0.5073570415301081
Glyma.06G158900.Wm82.a4.v1,0.5073423665802476
Glyma.04G023400.Wm82.a4.v1,0.507337474930294
Glyma.04G068000.Wm82.a4.v1,0.5072298586313163
Glyma.01G074400.Wm82.a4.v1,0.5072200753314093
Glyma.20G142800.Wm82.a4.v1,0.5072005087315952
Glyma.11G221900.Wm82.a4.v1,0.5071515922320599
Glyma.08G292000.Wm82.a4.v1,0.5071075673824781
Glyma.15G230300.Wm82.a4.v1,0.5070635425328963
Glyma.04G220400.Wm82.a4.v1,0.5069706011837792
Glyma.02G216600.Wm82.a4.v1,0.506921684684244
Glyma.04G217500.Wm82.a4.v1,0.506921684684244
Glyma.09G068400.Wm82.a4.v1,0.5068532015848946
Glyma.07G131100.Wm82.a4.v1,0.5068042850853592
Glyma.20G006800.Wm82.a4.v1,0.5067993934354058
Glyma.04G254200.Wm82.a4.v1,0.5067896101354987
Glyma.13G094800.Wm82.a4.v1,0.5065670400626131
Glyma.11G256200.Wm82.a4.v1,0.5064863278383799
Glyma.08G139900.Wm82.a4.v1,0.5064863278383799
Glyma.20G217400.Wm82.a4.v1,0.5064765445384728
Glyma.09G251900.Wm82.a4.v1,0.5063738198894487
Glyma.05G063100.Wm82.a4.v1,0.5063346866898205
Glyma.12G166100.Wm82.a4.v1,0.5062955534901923
Glyma.14G089000.Wm82.a4.v1,0.5062710952404246
Glyma.08G228900.Wm82.a4.v1,0.5062515286406105
Glyma.15G218700.Wm82.a4.v1,0.5062368536907499
Glyma.16G206400.Wm82.a4.v1,0.5062172870909357
Glyma.15G016200.Wm82.a4.v1,0.5061683705914005
Glyma.18G019200.Wm82.a4.v1,0.5061683705914005
Glyma.07G049400.Wm82.a4.v1,0.5061096707919581
Glyma.20G099300.Wm82.a4.v1,0.5060656459423764
Glyma.03G168300.Wm82.a4.v1,0.5060509709925157
Glyma.10G034300.Wm82.a4.v1,0.5058993298439564
Glyma.17G121400.Wm82.a4.v1,0.5058210634446999
Glyma.20G242800.Wm82.a4.v1,0.5058063884948393
Glyma.03G119200.Wm82.a4.v1,0.5056938805459081
Glyma.18G276800.Wm82.a4.v1,0.5056107224966981
Glyma.04G019900.Wm82.a4.v1,0.5055715892970699
Glyma.19G131700.Wm82.a4.v1,0.5054541896981852
Glyma.14G031600.Wm82.a4.v1,0.5054444063982781
Glyma.13G055300.Wm82.a4.v1,0.5054346230983711
Glyma.03G242000.Wm82.a4.v1,0.5054052731986499
Glyma.20G246800.Wm82.a4.v1,0.5053710316489752
Glyma.09G231000.Wm82.a4.v1,0.5053661399990217
Glyma.06G121300.Wm82.a4.v1,0.5052780902998582
Glyma.18G006600.Wm82.a4.v1,0.5052536320500906
Glyma.13G137000.Wm82.a4.v1,0.5051557990510199
Glyma.12G161300.Wm82.a4.v1,0.5051411241011593
Glyma.16G147500.Wm82.a4.v1,0.5051166658513917
Glyma.06G172100.Wm82.a4.v1,0.5049748080027393
Glyma.08G194600.Wm82.a4.v1,0.5049503497529717
Glyma.07G037200.Wm82.a4.v1,0.5049356748031111
Glyma.04G063200.Wm82.a4.v1,0.5048574084038546
Glyma.04G024900.Wm82.a4.v1,0.504832950154087
Glyma.03G144500.Wm82.a4.v1,0.5047791420045982
Glyma.05G238600.Wm82.a4.v1,0.5047351171550164
Glyma.03G000800.Wm82.a4.v1,0.5046959839553882
Glyma.05G232200.Wm82.a4.v1,0.5046813090055275
Glyma.08G169800.Wm82.a4.v1,0.5045981509563175
Glyma.05G035300.Wm82.a4.v1,0.5044709680575258
Glyma.16G077100.Wm82.a4.v1,0.5043633517585482
Glyma.06G230600.Wm82.a4.v1,0.5043291102088735
Glyma.11G155900.Wm82.a4.v1,0.5042557354595705
Glyma.13G266700.Wm82.a4.v1,0.5042263855598493
Glyma.19G226400.Wm82.a4.v1,0.5042263855598493
Glyma.08G044700.Wm82.a4.v1,0.5040453945115687
Glyma.15G222400.Wm82.a4.v1,0.5040160446118476
Glyma.03G107700.Wm82.a4.v1,0.5039524531624517
Glyma.08G187600.Wm82.a4.v1,0.50390842831287
Glyma.08G265200.Wm82.a4.v1,0.50382527026366
Glyma.10G001900.Wm82.a4.v1,0.5038057036638458
Glyma.02G059200.Wm82.a4.v1,0.5037812454140782
Glyma.18G045800.Wm82.a4.v1,0.5037274372645894
Glyma.10G127400.Wm82.a4.v1,0.5037029790148218
Glyma.09G214300.Wm82.a4.v1,0.5036834124150076
Glyma.15G136100.Wm82.a4.v1,0.5036442792153794
Glyma.05G003400.Wm82.a4.v1,0.5036344959154723
Glyma.01G146100.Wm82.a4.v1,0.5035904710658905
Glyma.04G192900.Wm82.a4.v1,0.5035513378662623
Glyma.06G141500.Wm82.a4.v1,0.5035170963165876
Glyma.14G079700.Wm82.a4.v1,0.5034681798170523
Glyma.07G014300.Wm82.a4.v1,0.5034388299173311
Glyma.18G007600.Wm82.a4.v1,0.5034388299173311
Glyma.18G248900.Wm82.a4.v1,0.5033948050677494
Glyma.14G117800.Wm82.a4.v1,0.5033556718681211
Glyma.14G002000.Wm82.a4.v1,0.5033556718681211
Glyma.06G151300.Wm82.a4.v1,0.5033312136183534
Glyma.05G177400.Wm82.a4.v1,0.5031746808198405
Glyma.15G053000.Wm82.a4.v1,0.5030817394707234
Glyma.18G130500.Wm82.a4.v1,0.5030523895710023
Glyma.16G079100.Wm82.a4.v1,0.5029105317223499
Glyma.03G251800.Wm82.a4.v1,0.5028958567724894
Glyma.16G220500.Wm82.a4.v1,0.5028322653230934
Glyma.13G002400.Wm82.a4.v1,0.5027099740742552
Glyma.09G014800.Wm82.a4.v1,0.5027050824243017
Glyma.19G169600.Wm82.a4.v1,0.5026121410751847
Glyma.12G080000.Wm82.a4.v1,0.502587682825417
Glyma.19G027300.Wm82.a4.v1,0.5025436579758352
Glyma.13G354800.Wm82.a4.v1,0.5025436579758352
Glyma.13G030600.Wm82.a4.v1,0.5025387663258817
Glyma.01G027500.Wm82.a4.v1,0.5025387663258817
Glyma.09G090200.Wm82.a4.v1,0.5025240913760212
Glyma.01G165100.Wm82.a4.v1,0.5023773418774152
Glyma.01G038100.Wm82.a4.v1,0.5023284253778799
Glyma.02G295900.Wm82.a4.v1,0.5022941838282052
Glyma.08G322700.Wm82.a4.v1,0.5022501589786235
Glyma.20G177500.Wm82.a4.v1,0.5022428215036931
Glyma.18G289000.Wm82.a4.v1,0.5022305923788094
Glyma.13G322700.Wm82.a4.v1,0.5022208090789023
Glyma.07G162100.Wm82.a4.v1,0.5022208090789023
Glyma.04G191400.Wm82.a4.v1,0.5021572176295064
Glyma.02G152700.Wm82.a4.v1,0.5020936261801106
Glyma.18G263900.Wm82.a4.v1,0.502088734530157
Glyma.07G221800.Wm82.a4.v1,0.5019713349312723
Glyma.U031420.Wm82.a4.v1,0.5019615516313652
Glyma.08G159800.Wm82.a4.v1,0.5018979601819694
Glyma.02G018300.Wm82.a4.v1,0.5018783935821552
Glyma.05G148300.Wm82.a4.v1,0.5018588269823412
Glyma.17G238800.Wm82.a4.v1,0.5018148021327594
Glyma.07G196500.Wm82.a4.v1,0.5017756689331312
Glyma.16G075200.Wm82.a4.v1,0.5017316440835494
Glyma.17G239700.Wm82.a4.v1,0.5017218607836423
Glyma.17G192700.Wm82.a4.v1,0.5015457613853153
Glyma.03G247600.Wm82.a4.v1,0.5015213031355477
Glyma.05G234900.Wm82.a4.v1,0.5014185784865235
Glyma.13G196800.Wm82.a4.v1,0.5013794452868953
Glyma.08G114200.Wm82.a4.v1,0.5013207454874529
Glyma.20G061500.Wm82.a4.v1,0.5013158538374994
Glyma.12G005400.Wm82.a4.v1,0.5013109621875459
Glyma.19G044200.Wm82.a4.v1,0.5013060705375924
Glyma.15G029200.Wm82.a4.v1,0.5012669373379641
Glyma.11G184601.Wm82.a4.v1,0.5012620456880106
Glyma.18G166600.Wm82.a4.v1,0.5011788876388006
Glyma.07G054900.Wm82.a4.v1,0.500924521841217
Glyma.06G168300.Wm82.a4.v1,0.5009098468913564
Glyma.03G202000.Wm82.a4.v1,0.5008902802915424
Glyma.08G345400.Wm82.a4.v1,0.5008902802915424
Glyma.05G006300.Wm82.a4.v1,0.5008609303918211
Glyma.17G141200.Wm82.a4.v1,0.5008169055422393
Glyma.06G073200.Wm82.a4.v1,0.5007826639925647
Glyma.19G232400.Wm82.a4.v1,0.5007092892432617
Glyma.17G021100.Wm82.a4.v1,0.50066526439368
Glyma.08G294100.Wm82.a4.v1,0.5006603727437264
Glyma.09G116100.Wm82.a4.v1,0.5006505894438193
Glyma.18G284200.Wm82.a4.v1,0.5006456977938659
Glyma.08G290100.Wm82.a4.v1,0.5005282981949811
Glyma.04G250500.Wm82.a4.v1,0.5004500317957247
Glyma.01G041300.Wm82.a4.v1,0.5004402484958176
Glyma.01G233700.Wm82.a4.v1,0.50041579024605
Glyma.05G176400.Wm82.a4.v1,0.5004011152961894
Glyma.08G157500.Wm82.a4.v1,0.5003081739470724
Glyma.07G070600.Wm82.a4.v1,0.5001516411485594
Glyma.14G022100.Wm82.a4.v1,0.5001516411485594
Glyma.04G058600.Wm82.a4.v1,0.5001173995988847
Glyma.11G118500.Wm82.a4.v1,0.5000489164995353
Glyma.07G021400.Wm82.a4.v1,0.5000342415496747
Glyma.07G036600.Wm82.a4.v1,0.5
Glyma.15G273500.Wm82.a4.v1,0.4999902167000929
Glyma.15G062200.Wm82.a4.v1,0.49981900895171943
Glyma.17G241800.Wm82.a4.v1,0.49978965905199824
Glyma.08G002500.Wm82.a4.v1,0.4997847674020447
Glyma.08G177600.Wm82.a4.v1,0.49966736780316
Glyma.09G206600.Wm82.a4.v1,0.4995352932544147
Glyma.16G015800.Wm82.a4.v1,0.49944724355525116
Glyma.08G282800.Wm82.a4.v1,0.4994423519052977
Glyma.07G187300.Wm82.a4.v1,0.49937386880594825
Glyma.18G293800.Wm82.a4.v1,0.4993200606564594
Glyma.11G070800.Wm82.a4.v1,0.4992760358068777
Glyma.12G001700.Wm82.a4.v1,0.4991635278579465
Glyma.18G222500.Wm82.a4.v1,0.49915863620799295
Glyma.09G211300.Wm82.a4.v1,0.49909504475859706
Glyma.04G065200.Wm82.a4.v1,0.4989874284596194
Glyma.02G153500.Wm82.a4.v1,0.49895807855989827
Glyma.08G129400.Wm82.a4.v1,0.49893851196008415
Glyma.05G052500.Wm82.a4.v1,0.49892872866017707
Glyma.04G203200.Wm82.a4.v1,0.49885535391087416
Glyma.02G173900.Wm82.a4.v1,0.49879176246147827
Glyma.03G158300.Wm82.a4.v1,0.49875752091180353
Glyma.08G247800.Wm82.a4.v1,0.49860587976324416
Glyma.08G234700.Wm82.a4.v1,0.49858631316343005
Glyma.18G252000.Wm82.a4.v1,0.49847380521449886
Glyma.10G031800.Wm82.a4.v1,0.49840532211514943
Glyma.11G105400.Wm82.a4.v1,0.49839064716528886
Glyma.02G037500.Wm82.a4.v1,0.49834173066575355
Glyma.01G174900.Wm82.a4.v1,0.4980971481680771
Glyma.06G167700.Wm82.a4.v1,0.4980824732182165
Glyma.11G194900.Wm82.a4.v1,0.49795529031942476
Glyma.13G310500.Wm82.a4.v1,0.4979308320696571
Glyma.13G194600.Wm82.a4.v1,0.49787702392016825
Glyma.02G131900.Wm82.a4.v1,0.49785745732035414
Glyma.08G214400.Wm82.a4.v1,0.49776940762119065
Glyma.07G047500.Wm82.a4.v1,0.4977253827716089
Glyma.04G059700.Wm82.a4.v1,0.49770581617179477
Glyma.20G111100.Wm82.a4.v1,0.4976324414224918
Glyma.08G205300.Wm82.a4.v1,0.49760798317272414
Glyma.17G092000.Wm82.a4.v1,0.4975492833732818
Glyma.15G079100.Wm82.a4.v1,0.49753460842342123
Glyma.04G019600.Wm82.a4.v1,0.4974661253240718
Glyma.12G192100.Wm82.a4.v1,0.4973731839749547
Glyma.14G038900.Wm82.a4.v1,0.49729491757569827
Glyma.19G111600.Wm82.a4.v1,0.4972900259257447
Glyma.06G097900.Wm82.a4.v1,0.4972704593259306
Glyma.15G034000.Wm82.a4.v1,0.4971677346769065
Glyma.03G159500.Wm82.a4.v1,0.4970943599276036
Glyma.10G166700.Wm82.a4.v1,0.4969182605292765
Glyma.11G253700.Wm82.a4.v1,0.4968986939294624
Glyma.11G100000.Wm82.a4.v1,0.49686934402974126
Glyma.09G169600.Wm82.a4.v1,0.496830210830113
Glyma.16G176000.Wm82.a4.v1,0.4965954116323436
Glyma.14G166100.Wm82.a4.v1,0.49648779533336596
Glyma.13G263300.Wm82.a4.v1,0.4964633370835983
Glyma.16G022700.Wm82.a4.v1,0.4962578877855501
Glyma.08G204700.Wm82.a4.v1,0.4961845130362471
Glyma.20G021000.Wm82.a4.v1,0.4960622217874089
Glyma.09G015500.Wm82.a4.v1,0.49603776353764123
Glyma.08G078000.Wm82.a4.v1,0.4959594971383848
Glyma.05G118600.Wm82.a4.v1,0.49587144743922124
Glyma.02G072600.Wm82.a4.v1,0.4958469891894536
Glyma.10G291400.Wm82.a4.v1,0.49578828939001124
Glyma.05G189000.Wm82.a4.v1,0.49577361444015067
Glyma.12G238000.Wm82.a4.v1,0.49550457369270656
Glyma.10G112900.Wm82.a4.v1,0.495499682042753
Glyma.06G182600.Wm82.a4.v1,0.4954116323435895
Glyma.11G066900.Wm82.a4.v1,0.49533825759428657
Glyma.18G077400.Wm82.a4.v1,0.49532358264442594
Glyma.06G180500.Wm82.a4.v1,0.4952844494447977
Glyma.05G080400.Wm82.a4.v1,0.4952648828449836
Glyma.08G190800.Wm82.a4.v1,0.49518661644572715
Glyma.18G049100.Wm82.a4.v1,0.4950985667465636
Glyma.06G314300.Wm82.a4.v1,0.49507410849679595
Glyma.13G114700.Wm82.a4.v1,0.4950251919972607
Glyma.07G198700.Wm82.a4.v1,0.49482463434916596
Glyma.01G197300.Wm82.a4.v1,0.4947561512498166
Glyma.16G082900.Wm82.a4.v1,0.4947121264002348
Glyma.07G017700.Wm82.a4.v1,0.4946632099006995
Glyma.20G247200.Wm82.a4.v1,0.4945458103018148
Glyma.06G052000.Wm82.a4.v1,0.494408844103116
Glyma.03G031700.Wm82.a4.v1,0.494325686053906
Glyma.08G285500.Wm82.a4.v1,0.4942498654796263
Glyma.08G125700.Wm82.a4.v1,0.494242528004696
Glyma.12G024200.Wm82.a4.v1,0.4941789365553001
Glyma.18G208900.Wm82.a4.v1,0.49409088685613656
Glyma.11G141200.Wm82.a4.v1,0.4940615369564154
Glyma.10G225500.Wm82.a4.v1,0.4940615369564154
Glyma.17G111500.Wm82.a4.v1,0.4939734872572519
Glyma.06G232400.Wm82.a4.v1,0.49393435405762365
Glyma.17G242200.Wm82.a4.v1,0.4938658709582742
Glyma.10G134200.Wm82.a4.v1,0.49382184610869245
Glyma.04G212100.Wm82.a4.v1,0.4937924962089713
Glyma.11G242300.Wm82.a4.v1,0.49371912145966834
Glyma.09G228500.Wm82.a4.v1,0.49367020496013303
Glyma.11G046100.Wm82.a4.v1,0.49360661351073715
Glyma.18G117700.Wm82.a4.v1,0.49357237196106246
Glyma.12G137100.Wm82.a4.v1,0.4935479137112948
Glyma.07G251200.Wm82.a4.v1,0.49346964731203835
Glyma.08G242600.Wm82.a4.v1,0.49342073081250304
Glyma.06G221900.Wm82.a4.v1,0.4933815976128748
Glyma.08G061000.Wm82.a4.v1,0.4933620310130607
Glyma.16G199100.Wm82.a4.v1,0.4932984395636648
Glyma.16G149300.Wm82.a4.v1,0.49328376461380424
Glyma.19G116300.Wm82.a4.v1,0.49327398131389716
Glyma.18G280600.Wm82.a4.v1,0.4931761483148266
Glyma.08G321000.Wm82.a4.v1,0.4931663650149195
Glyma.03G023401.Wm82.a4.v1,0.49313701511519836
Glyma.13G075600.Wm82.a4.v1,0.4931027735655237
Glyma.20G177700.Wm82.a4.v1,0.4930440737660813
Glyma.12G170100.Wm82.a4.v1,0.49270165826933426
Glyma.15G172500.Wm82.a4.v1,0.4924717507215184
Glyma.11G216500.Wm82.a4.v1,0.4924424008217972
Glyma.04G231600.Wm82.a4.v1,0.4923983759722154
Glyma.06G106800.Wm82.a4.v1,0.49230054297314485
Glyma.12G129400.Wm82.a4.v1,0.4921929266741672
Glyma.20G166500.Wm82.a4.v1,0.4921097686249572
Glyma.04G232100.Wm82.a4.v1,0.49209509367509663
Glyma.13G042100.Wm82.a4.v1,0.492080418725236
Glyma.07G087500.Wm82.a4.v1,0.4920266105757472
Glyma.03G081600.Wm82.a4.v1,0.4916059286797437
Glyma.15G228600.Wm82.a4.v1,0.4915521205302549
Glyma.05G146100.Wm82.a4.v1,0.4915227706305337
Glyma.04G171200.Wm82.a4.v1,0.49151787898058014
Glyma.06G132400.Wm82.a4.v1,0.491498312380766
Glyma.03G235100.Wm82.a4.v1,0.49146407083109134
Glyma.08G092400.Wm82.a4.v1,0.4913858044318349
Glyma.19G072400.Wm82.a4.v1,0.49137112948197426
Glyma.09G035400.Wm82.a4.v1,0.49124883823313603
Glyma.10G285900.Wm82.a4.v1,0.4911461135841119
Glyma.10G181800.Wm82.a4.v1,0.4911265469842978
Glyma.08G289600.Wm82.a4.v1,0.4910971970845766
Glyma.20G102600.Wm82.a4.v1,0.4909602308858778
Glyma.11G143900.Wm82.a4.v1,0.4909406642860637
Glyma.11G250300.Wm82.a4.v1,0.4908770728366678
Glyma.13G046100.Wm82.a4.v1,0.49079880643741136
Glyma.16G067000.Wm82.a4.v1,0.49079880643741136
Glyma.07G061000.Wm82.a4.v1,0.4905884654894096
Glyma.17G056700.Wm82.a4.v1,0.49057379053954897
Glyma.09G267800.Wm82.a4.v1,0.49054444063982783
Glyma.06G076900.Wm82.a4.v1,0.49051998239006017
Glyma.15G266900.Wm82.a4.v1,0.4904368243408502
Glyma.11G004000.Wm82.a4.v1,0.4904270410409431
Glyma.02G106700.Wm82.a4.v1,0.4903927994912684
Glyma.04G070200.Wm82.a4.v1,0.49029496649219784
Glyma.10G104651.Wm82.a4.v1,0.4902900748422443
Glyma.05G031100.Wm82.a4.v1,0.4902753998923837
Glyma.17G018000.Wm82.a4.v1,0.490241158342709
Glyma.09G173200.Wm82.a4.v1,0.49023626669275544
Glyma.06G301500.Wm82.a4.v1,0.49021180844298784
Glyma.02G203800.Wm82.a4.v1,0.4900944088441031
Glyma.14G182800.Wm82.a4.v1,0.49004549234456785
Glyma.18G074900.Wm82.a4.v1,0.48998190089517196
Glyma.17G170400.Wm82.a4.v1,0.4899721175952649
Glyma.06G017500.Wm82.a4.v1,0.48988406789610134
Glyma.11G058500.Wm82.a4.v1,0.4898596096463337
Glyma.08G240800.Wm82.a4.v1,0.4897617766472631
Glyma.11G034100.Wm82.a4.v1,0.4897617766472631
Glyma.15G098900.Wm82.a4.v1,0.4897226434476349
Glyma.07G195100.Wm82.a4.v1,0.489659051998239
Glyma.12G056500.Wm82.a4.v1,0.4895123024996331
Glyma.17G134700.Wm82.a4.v1,0.4894731693000049
Glyma.14G196800.Wm82.a4.v1,0.48944871105023724
Glyma.20G099200.Wm82.a4.v1,0.48941446950056255
Glyma.10G086800.Wm82.a4.v1,0.4893215281514455
Glyma.09G198700.Wm82.a4.v1,0.4892726116519102
Glyma.11G236300.Wm82.a4.v1,0.48921880350242136
Glyma.18G284500.Wm82.a4.v1,0.48919923690260725
Glyma.18G115700.Wm82.a4.v1,0.48915032040307194
Glyma.07G232900.Wm82.a4.v1,0.48913564545321137
Glyma.13G355300.Wm82.a4.v1,0.48911607885339725
Glyma.01G140200.Wm82.a4.v1,0.48910629555349017
Glyma.20G175400.Wm82.a4.v1,0.4890720540038155
Glyma.04G162700.Wm82.a4.v1,0.48905248740400137
Glyma.10G250400.Wm82.a4.v1,0.48899867925451257
Glyma.09G264000.Wm82.a4.v1,0.48892041285525606
Glyma.17G219300.Wm82.a4.v1,0.48890084625544195
Glyma.02G174600.Wm82.a4.v1,0.48889595460548846
Glyma.11G055500.Wm82.a4.v1,0.4888714963557208
Glyma.15G142700.Wm82.a4.v1,0.4887736633566502
Glyma.06G030400.Wm82.a4.v1,0.4887247468571149
Glyma.13G152304.Wm82.a4.v1,0.48871496355720784
Glyma.18G261600.Wm82.a4.v1,0.4887051802573008
Glyma.09G232500.Wm82.a4.v1,0.4886660470576725
Glyma.08G208100.Wm82.a4.v1,0.48865137210781195
Glyma.06G122600.Wm82.a4.v1,0.48846548940957785
Glyma.01G188600.Wm82.a4.v1,0.48843613950985665
Glyma.04G081800.Wm82.a4.v1,0.4883676564105073
Glyma.16G088400.Wm82.a4.v1,0.4882209069119014
Glyma.01G200700.Wm82.a4.v1,0.48817688206231963
Glyma.19G255100.Wm82.a4.v1,0.4881230739128308
Glyma.20G053200.Wm82.a4.v1,0.4879518661644573
Glyma.03G192100.Wm82.a4.v1,0.48794697451450375
Glyma.15G214500.Wm82.a4.v1,0.487912732964829
Glyma.15G154700.Wm82.a4.v1,0.4878931663650149
Glyma.14G141500.Wm82.a4.v1,0.48788338306510787
Glyma.17G094400.Wm82.a4.v1,0.48779533336594433
Glyma.18G073400.Wm82.a4.v1,0.4877219586166414
Glyma.06G323900.Wm82.a4.v1,0.4876388005674314
Glyma.19G235000.Wm82.a4.v1,0.4876241256175708
Glyma.08G337500.Wm82.a4.v1,0.4876241256175708
Glyma.05G204700.Wm82.a4.v1,0.48761434231766376
Glyma.06G184500.Wm82.a4.v1,0.487580100767989
Glyma.04G185600.Wm82.a4.v1,0.487570317468082
Glyma.04G188000.Wm82.a4.v1,0.4875605341681749
Glyma.17G120200.Wm82.a4.v1,0.48743335126938314
Glyma.08G016400.Wm82.a4.v1,0.48741867631952257
Glyma.09G023800.Wm82.a4.v1,0.48739910971970846
Glyma.11G121600.Wm82.a4.v1,0.48736975981998726
Glyma.13G298000.Wm82.a4.v1,0.48734530157021966
Glyma.19G094000.Wm82.a4.v1,0.48728660177077726
Glyma.11G250100.Wm82.a4.v1,0.487237685271242
Glyma.10G120300.Wm82.a4.v1,0.48717898547179966
Glyma.07G020700.Wm82.a4.v1,0.4871740938218461
Glyma.11G131600.Wm82.a4.v1,0.48686102822482025
Glyma.01G233200.Wm82.a4.v1,0.4868463532749596
Glyma.03G231300.Wm82.a4.v1,0.48675830357579614
Glyma.15G145200.Wm82.a4.v1,0.4867534119258426
Glyma.16G219200.Wm82.a4.v1,0.48668492882649317
Glyma.18G134200.Wm82.a4.v1,0.486655578926772
Glyma.07G085500.Wm82.a4.v1,0.4865479626277944
Glyma.09G148100.Wm82.a4.v1,0.48646969622853786
Glyma.11G036200.Wm82.a4.v1,0.48639632147923495
Glyma.03G155000.Wm82.a4.v1,0.48636207992956026
Glyma.11G154632.Wm82.a4.v1,0.4862544636305826
Glyma.02G291800.Wm82.a4.v1,0.4861664139314191
Glyma.02G195000.Wm82.a4.v1,0.48612728073179085
Glyma.14G123000.Wm82.a4.v1,0.4861028224820232
Glyma.17G114000.Wm82.a4.v1,0.48602455608276673
Glyma.10G195600.Wm82.a4.v1,0.4859169397837891
Glyma.16G016300.Wm82.a4.v1,0.4858875898840679
Glyma.15G028800.Wm82.a4.v1,0.48582889008462554
Glyma.17G211500.Wm82.a4.v1,0.48582889008462554
Glyma.19G200100.Wm82.a4.v1,0.48575551533532263
Glyma.13G185300.Wm82.a4.v1,0.4856234407865773
Glyma.13G212100.Wm82.a4.v1,0.48560876583671675
Glyma.16G096600.Wm82.a4.v1,0.4855843075869491
Glyma.10G294300.Wm82.a4.v1,0.48553049943746024
Glyma.13G192400.Wm82.a4.v1,0.48543266643838967
Glyma.03G183600.Wm82.a4.v1,0.4852565670400626
Glyma.12G116300.Wm82.a4.v1,0.485148950741085
Glyma.08G045700.Wm82.a4.v1,0.4851196008413638
Glyma.18G164800.Wm82.a4.v1,0.48504622609206083
Glyma.02G300000.Wm82.a4.v1,0.48484566844396615
Glyma.14G040900.Wm82.a4.v1,0.4847771853446167
Glyma.15G100800.Wm82.a4.v1,0.4847233771951279
Glyma.18G021100.Wm82.a4.v1,0.4846842439954997
Glyma.01G021301.Wm82.a4.v1,0.4846842439954997
Glyma.06G063000.Wm82.a4.v1,0.4846744606955926
Glyma.06G150900.Wm82.a4.v1,0.48465978574573204
Glyma.10G276000.Wm82.a4.v1,0.48463043584601084
Glyma.06G120500.Wm82.a4.v1,0.48462554419605736
Glyma.02G248700.Wm82.a4.v1,0.48461576089615027
Glyma.07G122000.Wm82.a4.v1,0.48461086924619673
Glyma.13G330100.Wm82.a4.v1,0.4846059775962432
Glyma.18G263500.Wm82.a4.v1,0.48457662769652204
Glyma.16G199400.Wm82.a4.v1,0.4843858533483344
Glyma.08G342500.Wm82.a4.v1,0.4843638409235435
Glyma.03G146200.Wm82.a4.v1,0.4842733453994032
Glyma.02G022400.Wm82.a4.v1,0.48426356209949617
Glyma.08G349500.Wm82.a4.v1,0.48419507900014674
Glyma.03G223300.Wm82.a4.v1,0.48416572910042555
Glyma.03G207300.Wm82.a4.v1,0.48412170425084383
Glyma.08G303900.Wm82.a4.v1,0.4841070293009832
Glyma.10G292500.Wm82.a4.v1,0.48404832950154086
Glyma.14G090400.Wm82.a4.v1,0.48400919630191264
Glyma.10G028600.Wm82.a4.v1,0.48381353030377144
Glyma.19G114000.Wm82.a4.v1,0.4837205889546544
Glyma.20G020800.Wm82.a4.v1,0.4836814557550262
Glyma.08G145400.Wm82.a4.v1,0.48331458200851146
Glyma.07G212500.Wm82.a4.v1,0.4832167490094409
Glyma.06G133000.Wm82.a4.v1,0.4831335909602309
Glyma.06G266800.Wm82.a4.v1,0.48306510786088147
Glyma.12G164100.Wm82.a4.v1,0.48305532456097444
Glyma.19G106900.Wm82.a4.v1,0.48294281661204325
Glyma.09G140300.Wm82.a4.v1,0.4829379249620897
Glyma.09G057700.Wm82.a4.v1,0.48289390011250793
Glyma.09G072500.Wm82.a4.v1,0.48289390011250793
Glyma.16G044800.Wm82.a4.v1,0.4828841168126009
Glyma.18G030200.Wm82.a4.v1,0.48279606711343737
Glyma.11G027200.Wm82.a4.v1,0.4825465929658074
Glyma.02G296300.Wm82.a4.v1,0.48249767646627206
Glyma.20G195000.Wm82.a4.v1,0.4823704935674803
Glyma.01G077600.Wm82.a4.v1,0.48226287726850264
Glyma.01G143100.Wm82.a4.v1,0.4822335273687815
Glyma.14G170100.Wm82.a4.v1,0.4821699359193856
Glyma.17G262100.Wm82.a4.v1,0.48209656117008265
Glyma.02G004400.Wm82.a4.v1,0.48209166952012916
Glyma.04G046200.Wm82.a4.v1,0.4820476446705474
Glyma.07G088700.Wm82.a4.v1,0.4820280780707333
Glyma.03G083100.Wm82.a4.v1,0.48193024507166266
Glyma.10G276300.Wm82.a4.v1,0.4817981705229174
Glyma.19G240200.Wm82.a4.v1,0.4817492540233821
Glyma.09G266200.Wm82.a4.v1,0.4817003375238468
Glyma.01G080700.Wm82.a4.v1,0.4816660959741721
Glyma.17G045500.Wm82.a4.v1,0.48164163772440444
Glyma.11G160100.Wm82.a4.v1,0.4815829379249621
Glyma.03G195200.Wm82.a4.v1,0.48144108007630976
Glyma.19G145500.Wm82.a4.v1,0.48134324707723913
Glyma.14G142100.Wm82.a4.v1,0.4812943305777039
Glyma.13G039000.Wm82.a4.v1,0.48120628087854034
Glyma.10G023900.Wm82.a4.v1,0.48113290612923737
Glyma.10G279900.Wm82.a4.v1,0.48110844787946977
Glyma.10G014700.Wm82.a4.v1,0.48109377292960914
Glyma.12G231700.Wm82.a4.v1,0.4810693146798415
Glyma.20G203200.Wm82.a4.v1,0.4810497480800274
Glyma.14G008900.Wm82.a4.v1,0.4809959399305386
Glyma.02G127400.Wm82.a4.v1,0.4809959399305386
Glyma.17G075600.Wm82.a4.v1,0.4809519150809568
Glyma.07G257000.Wm82.a4.v1,0.4808883236315609
Glyma.01G124602.Wm82.a4.v1,0.4807953822824439
Glyma.05G000500.Wm82.a4.v1,0.4807220075331409
Glyma.09G192100.Wm82.a4.v1,0.4804872083353715
Glyma.11G047600.Wm82.a4.v1,0.48037959203639385
Glyma.09G258600.Wm82.a4.v1,0.4803649170865333
Glyma.20G151900.Wm82.a4.v1,0.4802083842880204
Glyma.13G287000.Wm82.a4.v1,0.480066526439368
Glyma.05G139400.Wm82.a4.v1,0.4800029349899721
Glyma.20G128900.Wm82.a4.v1,0.479983368390158
Glyma.07G164800.Wm82.a4.v1,0.4799686934402974
Glyma.12G238500.Wm82.a4.v1,0.4796800860930392
Glyma.08G207000.Wm82.a4.v1,0.4795969280438292
Glyma.03G175800.Wm82.a4.v1,0.4795871447439221
Glyma.17G145500.Wm82.a4.v1,0.479567578144108
Glyma.11G063700.Wm82.a4.v1,0.4794208286455021
Glyma.12G051700.Wm82.a4.v1,0.47937680379592035
Glyma.05G070200.Wm82.a4.v1,0.4792789707968498
Glyma.10G248000.Wm82.a4.v1,0.479151787898058
Glyma.13G088200.Wm82.a4.v1,0.4791126546984298
Glyma.16G146400.Wm82.a4.v1,0.47897568849973093
Glyma.09G268000.Wm82.a4.v1,0.4788974221004745
Glyma.14G071300.Wm82.a4.v1,0.47886807220075334
Glyma.02G302800.Wm82.a4.v1,0.4785501149537739
Glyma.08G352500.Wm82.a4.v1,0.4785354400039133
Glyma.12G006400.Wm82.a4.v1,0.47842293205498215
Glyma.08G092100.Wm82.a4.v1,0.4784180404050286
Glyma.13G155600.Wm82.a4.v1,0.47840336545516804
Glyma.18G156500.Wm82.a4.v1,0.47832999070586507
Glyma.11G058700.Wm82.a4.v1,0.47807073325832805
Glyma.11G090500.Wm82.a4.v1,0.47797779190921097
Glyma.06G109400.Wm82.a4.v1,0.4779729002592574
Glyma.02G015300.Wm82.a4.v1,0.4777674509612092
Glyma.07G213800.Wm82.a4.v1,0.4776989678618598
Glyma.02G217600.Wm82.a4.v1,0.4776158098126498
Glyma.05G033500.Wm82.a4.v1,0.477562001663161
Glyma.15G219300.Wm82.a4.v1,0.47740057721469453
Glyma.12G051900.Wm82.a4.v1,0.4773859022648339
Glyma.07G069900.Wm82.a4.v1,0.4773516607151592
Glyma.18G134900.Wm82.a4.v1,0.4773320941153451
Glyma.18G155100.Wm82.a4.v1,0.47722447781636745
Glyma.02G186300.Wm82.a4.v1,0.47714131976715746
Glyma.08G246800.Wm82.a4.v1,0.4770239201682728
Glyma.15G045100.Wm82.a4.v1,0.47696522036883043
Glyma.13G187800.Wm82.a4.v1,0.4769505454189698
Glyma.16G005800.Wm82.a4.v1,0.47687227901971335
Glyma.16G001700.Wm82.a4.v1,0.47686249571980627
Glyma.09G245600.Wm82.a4.v1,0.4767744460206428
Glyma.10G267400.Wm82.a4.v1,0.47668639632147924
Glyma.03G144200.Wm82.a4.v1,0.4766717213716187
Glyma.11G145227.Wm82.a4.v1,0.47651029692315217
Glyma.03G097100.Wm82.a4.v1,0.4765054052731986
Glyma.09G011300.Wm82.a4.v1,0.4762999559751504
Glyma.03G195400.Wm82.a4.v1,0.4762461478256616
Glyma.01G074700.Wm82.a4.v1,0.4762363645257545
Glyma.20G157600.Wm82.a4.v1,0.47620212297607983
Glyma.14G179300.Wm82.a4.v1,0.4761434231766375
Glyma.11G222000.Wm82.a4.v1,0.4760113486278922
Glyma.07G175000.Wm82.a4.v1,0.47591840727877516
Glyma.06G323200.Wm82.a4.v1,0.47585970747933276
Glyma.09G162300.Wm82.a4.v1,0.4757814410800763
Glyma.10G108600.Wm82.a4.v1,0.4757423078804481
Glyma.17G216700.Wm82.a4.v1,0.4756297999315169
Glyma.08G315300.Wm82.a4.v1,0.4755613168321675
Glyma.04G242100.Wm82.a4.v1,0.47553685858239986
Glyma.11G157140.Wm82.a4.v1,0.475399892383701
Glyma.18G136200.Wm82.a4.v1,0.47538521743384043
Glyma.18G071100.Wm82.a4.v1,0.47537543413393335
Glyma.03G036800.Wm82.a4.v1,0.47522868463532747
Glyma.10G019100.Wm82.a4.v1,0.47516998483588513
Glyma.17G105400.Wm82.a4.v1,0.47516509318593164
Glyma.17G123600.Wm82.a4.v1,0.4750476935870469
Glyma.09G274900.Wm82.a4.v1,0.474891160788534
Glyma.19G261500.Wm82.a4.v1,0.4748813774886269
Glyma.01G036200.Wm82.a4.v1,0.4747786528396028
Glyma.20G016000.Wm82.a4.v1,0.4747297363400675
Glyma.02G124100.Wm82.a4.v1,0.4746319033409969
Glyma.11G054900.Wm82.a4.v1,0.47462212004108983
Glyma.02G215600.Wm82.a4.v1,0.47461722839113635
Glyma.01G090102.Wm82.a4.v1,0.47438242919336693
Glyma.05G177800.Wm82.a4.v1,0.4743041627941105
Glyma.20G222600.Wm82.a4.v1,0.47418676319522574
Glyma.09G204200.Wm82.a4.v1,0.47412317174582985
Glyma.12G204100.Wm82.a4.v1,0.4741084967959693
Glyma.09G179300.Wm82.a4.v1,0.47408893019615517
Glyma.02G034700.Wm82.a4.v1,0.4739910971970846
Glyma.06G067900.Wm82.a4.v1,0.4739519639974563
Glyma.08G361700.Wm82.a4.v1,0.4739275057476887
Glyma.14G076800.Wm82.a4.v1,0.47369759819987284
Glyma.02G039400.Wm82.a4.v1,0.4736829232500122
Glyma.05G155200.Wm82.a4.v1,0.4735899819008952
Glyma.15G130800.Wm82.a4.v1,0.47346769065205696
Glyma.15G019400.Wm82.a4.v1,0.4734138825025681
Glyma.06G075900.Wm82.a4.v1,0.4732818079538228
Glyma.09G255800.Wm82.a4.v1,0.4732475664041481
Glyma.05G197700.Wm82.a4.v1,0.473144841755124
Glyma.13G131300.Wm82.a4.v1,0.4731350584552169
Glyma.10G296700.Wm82.a4.v1,0.4731252751553099
Glyma.06G089800.Wm82.a4.v1,0.4731106002054493
Glyma.18G003900.Wm82.a4.v1,0.4730959252555887
Glyma.13G351300.Wm82.a4.v1,0.47296385070684344
Glyma.06G291600.Wm82.a4.v1,0.47296385070684344
Glyma.12G162990.Wm82.a4.v1,0.4729247175072152
Glyma.06G025200.Wm82.a4.v1,0.4727632930587487
Glyma.04G242700.Wm82.a4.v1,0.4726899183094458
Glyma.06G169400.Wm82.a4.v1,0.47266546005967813
Glyma.03G000700.Wm82.a4.v1,0.4725969769603287
Glyma.08G159600.Wm82.a4.v1,0.47241598591204814
Glyma.06G071300.Wm82.a4.v1,0.4723475028126987
Glyma.07G238900.Wm82.a4.v1,0.4723377195127917
Glyma.13G220000.Wm82.a4.v1,0.47232304456293106
Glyma.11G026900.Wm82.a4.v1,0.4722888030132564
Glyma.02G067000.Wm82.a4.v1,0.4722447781636746
Glyma.18G242600.Wm82.a4.v1,0.47216651176441815
Glyma.16G150700.Wm82.a4.v1,0.47216651176441815
Glyma.20G191700.Wm82.a4.v1,0.4720686787653475
Glyma.07G270300.Wm82.a4.v1,0.4720295455657193
Glyma.20G145800.Wm82.a4.v1,0.47201487061585873
Glyma.10G198600.Wm82.a4.v1,0.4717409382184611
Glyma.15G042900.Wm82.a4.v1,0.47165288851929754
Glyma.11G206100.Wm82.a4.v1,0.47159908036980874
Glyma.08G179100.Wm82.a4.v1,0.47157951376999463
Glyma.08G111400.Wm82.a4.v1,0.47149635572078463
Glyma.18G050900.Wm82.a4.v1,0.47143276427138875
Glyma.03G210000.Wm82.a4.v1,0.4713593895220858
Glyma.15G176300.Wm82.a4.v1,0.471315364672504
Glyma.17G252900.Wm82.a4.v1,0.47118329012375876
Glyma.04G048400.Wm82.a4.v1,0.47108056547473465
Glyma.15G006700.Wm82.a4.v1,0.4710756738247811
Glyma.01G036700.Wm82.a4.v1,0.4710267573252458
Glyma.16G096000.Wm82.a4.v1,0.4710267573252458
Glyma.06G048400.Wm82.a4.v1,0.4710267573252458
Glyma.07G134000.Wm82.a4.v1,0.47091424937631465
Glyma.16G144800.Wm82.a4.v1,0.470806633077337
Glyma.03G033300.Wm82.a4.v1,0.4707088000782664
Glyma.13G080800.Wm82.a4.v1,0.4706598835787311
Glyma.01G121300.Wm82.a4.v1,0.47061585872914935
Glyma.06G016000.Wm82.a4.v1,0.47060607542924227
Glyma.02G104900.Wm82.a4.v1,0.4704055177811476
Glyma.12G194100.Wm82.a4.v1,0.47031746808198405
Glyma.03G028800.Wm82.a4.v1,0.4701658269334246
Glyma.06G035800.Wm82.a4.v1,0.47012180208384285
Glyma.09G185000.Wm82.a4.v1,0.4698674362862594
Glyma.04G066800.Wm82.a4.v1,0.4697842782370494
Glyma.16G015600.Wm82.a4.v1,0.46977938658709584
Glyma.14G041200.Wm82.a4.v1,0.4697011201878394
Glyma.02G080600.Wm82.a4.v1,0.4696570953382576
Glyma.03G256800.Wm82.a4.v1,0.4696228537885829
Glyma.11G026600.Wm82.a4.v1,0.4694956708897911
Glyma.11G081900.Wm82.a4.v1,0.4694858875898841
Glyma.19G131600.Wm82.a4.v1,0.4693880545908135
Glyma.01G184500.Wm82.a4.v1,0.4691239054933229
Glyma.11G232500.Wm82.a4.v1,0.4690211808442988
Glyma.09G166500.Wm82.a4.v1,0.4690065058944382
Glyma.11G217000.Wm82.a4.v1,0.4688548647458788
Glyma.07G229600.Wm82.a4.v1,0.46883529814606467
Glyma.19G263000.Wm82.a4.v1,0.46883040649611113
Glyma.17G253600.Wm82.a4.v1,0.46842439954996823
Glyma.03G032100.Wm82.a4.v1,0.4683167832509906
Glyma.05G053500.Wm82.a4.v1,0.46828254170131584
Glyma.05G101800.Wm82.a4.v1,0.46827765005136235
Glyma.13G236800.Wm82.a4.v1,0.46819449200215235
Glyma.11G167300.Wm82.a4.v1,0.46815535880252407
Glyma.20G223700.Wm82.a4.v1,0.4680868757031747
Glyma.03G149800.Wm82.a4.v1,0.4679107763048476
Glyma.19G200600.Wm82.a4.v1,0.4677444602064276
Glyma.20G028100.Wm82.a4.v1,0.4677248936066135
Glyma.15G261800.Wm82.a4.v1,0.46772000195665997
Glyma.20G208500.Wm82.a4.v1,0.46757814410800763
Glyma.20G104300.Wm82.a4.v1,0.46754390255833295
Glyma.05G077800.Wm82.a4.v1,0.46744117790930884
Glyma.09G170600.Wm82.a4.v1,0.46740204470968055
Glyma.04G028300.Wm82.a4.v1,0.4672063787115394
Glyma.13G096400.Wm82.a4.v1,0.4670743041627941
Glyma.12G186952.Wm82.a4.v1,0.46705962921293354
Glyma.09G136900.Wm82.a4.v1,0.4669911461135841
Glyma.06G033800.Wm82.a4.v1,0.4668199383652106
Glyma.09G152000.Wm82.a4.v1,0.46663894731693
Glyma.19G067100.Wm82.a4.v1,0.46655089761776647
Glyma.10G235200.Wm82.a4.v1,0.46652154771804527
Glyma.19G160700.Wm82.a4.v1,0.4665166560680918
Glyma.13G087200.Wm82.a4.v1,0.4665166560680918
Glyma.05G004100.Wm82.a4.v1,0.4664530646186959
Glyma.10G008021.Wm82.a4.v1,0.4664139314190677
Glyma.06G170100.Wm82.a4.v1,0.4660372743726459
Glyma.06G181900.Wm82.a4.v1,0.46591498312380764
Glyma.17G135800.Wm82.a4.v1,0.4658709582742259
Glyma.08G067200.Wm82.a4.v1,0.4658660666242724
Glyma.03G083200.Wm82.a4.v1,0.4658562833243653
Glyma.17G250400.Wm82.a4.v1,0.46567529227608473
Glyma.03G172700.Wm82.a4.v1,0.46564105072641004
Glyma.03G205500.Wm82.a4.v1,0.4655970258768283
Glyma.18G284300.Wm82.a4.v1,0.46556278432715353
Glyma.04G020900.Wm82.a4.v1,0.4654062515286406
Glyma.14G001100.Wm82.a4.v1,0.4651812356307783
Glyma.14G016900.Wm82.a4.v1,0.4651176441813824
Glyma.03G016800.Wm82.a4.v1,0.4650198111823118
Glyma.13G025700.Wm82.a4.v1,0.4648339284840777
Glyma.11G094000.Wm82.a4.v1,0.4647556620848212
Glyma.12G198400.Wm82.a4.v1,0.4647507704348677
Glyma.14G032200.Wm82.a4.v1,0.46452575453700534
Glyma.20G233700.Wm82.a4.v1,0.46451107958714477
Glyma.06G116200.Wm82.a4.v1,0.46439367998826003
Glyma.06G059402.Wm82.a4.v1,0.4642811720393289
Glyma.09G245300.Wm82.a4.v1,0.46412953089076947
Glyma.10G166600.Wm82.a4.v1,0.4641197475908624
Glyma.17G138800.Wm82.a4.v1,0.4640855060411877
Glyma.11G213700.Wm82.a4.v1,0.46408061439123416
Glyma.13G049900.Wm82.a4.v1,0.4640023479919777
Glyma.05G219300.Wm82.a4.v1,0.4639338648926283
Glyma.16G195400.Wm82.a4.v1,0.46392408159272125
Glyma.13G227600.Wm82.a4.v1,0.4637675487942083
Glyma.02G018200.Wm82.a4.v1,0.46374309054444063
Glyma.05G173600.Wm82.a4.v1,0.4637235239446265
Glyma.05G127200.Wm82.a4.v1,0.4636207992956024
Glyma.16G100600.Wm82.a4.v1,0.4636012326957883
Glyma.13G234900.Wm82.a4.v1,0.4634985080467642
Glyma.08G030700.Wm82.a4.v1,0.463386000097833
Glyma.10G105300.Wm82.a4.v1,0.4633517585481583
Glyma.09G115100.Wm82.a4.v1,0.4632686004989483
Glyma.18G092800.Wm82.a4.v1,0.46321479234945945
Glyma.20G162500.Wm82.a4.v1,0.4632001173995989
Glyma.16G143500.Wm82.a4.v1,0.46315120090006356
Glyma.10G175400.Wm82.a4.v1,0.4630338013011789
Glyma.16G049300.Wm82.a4.v1,0.4630338013011789
Glyma.11G148000.Wm82.a4.v1,0.4630044514014577
Glyma.19G021700.Wm82.a4.v1,0.46299466810155065
Glyma.12G004000.Wm82.a4.v1,0.46293107665215477
Glyma.12G062500.Wm82.a4.v1,0.4629212933522477
Glyma.04G097400.Wm82.a4.v1,0.46278921880350243
Glyma.08G256100.Wm82.a4.v1,0.462720735704153
Glyma.13G290500.Wm82.a4.v1,0.46270606075429244
Glyma.19G213700.Wm82.a4.v1,0.46269627745438535
Glyma.09G019500.Wm82.a4.v1,0.4626522526048036
Glyma.18G102900.Wm82.a4.v1,0.4625739862055471
Glyma.04G232600.Wm82.a4.v1,0.46249082815633713
Glyma.09G138300.Wm82.a4.v1,0.46249082815633713
Glyma.12G011800.Wm82.a4.v1,0.4624810448564301
Glyma.18G279600.Wm82.a4.v1,0.46237832020740594
Glyma.19G136900.Wm82.a4.v1,0.4623391870077777
Glyma.17G221900.Wm82.a4.v1,0.4623294037078707
Glyma.19G137300.Wm82.a4.v1,0.46232451205791714
Glyma.02G052200.Wm82.a4.v1,0.46229027050824245
Glyma.10G019800.Wm82.a4.v1,0.46224135400870714
Glyma.09G052700.Wm82.a4.v1,0.4621533043095436
Glyma.10G141400.Wm82.a4.v1,0.46207503791028715
Glyma.13G303000.Wm82.a4.v1,0.46202612141075183
Glyma.09G095700.Wm82.a4.v1,0.4617668639632148
Glyma.08G223200.Wm82.a4.v1,0.46164457271437653
Glyma.17G161800.Wm82.a4.v1,0.4614391234163283
Glyma.13G321000.Wm82.a4.v1,0.46137064031697894
Glyma.15G040100.Wm82.a4.v1,0.4613363987673042
Glyma.09G171900.Wm82.a4.v1,0.4611994325686054
Glyma.19G263700.Wm82.a4.v1,0.4610967079195813
Glyma.15G152700.Wm82.a4.v1,0.4610331164701854
Glyma.02G014100.Wm82.a4.v1,0.4610331164701854
Glyma.07G016000.Wm82.a4.v1,0.46085701707185833
Glyma.19G030900.Wm82.a4.v1,0.4607836423225554
Glyma.04G076700.Wm82.a4.v1,0.4606809176735313
Glyma.11G022700.Wm82.a4.v1,0.4605292765249719
Glyma.04G094600.Wm82.a4.v1,0.4604852516753901
Glyma.06G185500.Wm82.a4.v1,0.46033850217678424
Glyma.04G021400.Wm82.a4.v1,0.46017218607836424
Glyma.09G249500.Wm82.a4.v1,0.4601183779288754
Glyma.18G272300.Wm82.a4.v1,0.4600939196791078
Glyma.15G036800.Wm82.a4.v1,0.4599618451303625
Glyma.09G174200.Wm82.a4.v1,0.45994227853054837
Glyma.07G087900.Wm82.a4.v1,0.45990314533092014
Glyma.17G200500.Wm82.a4.v1,0.45985912048133837
Glyma.02G055400.Wm82.a4.v1,0.4598150956317566
Glyma.05G114300.Wm82.a4.v1,0.45967323778310426
Glyma.03G217100.Wm82.a4.v1,0.4596634544831972
Glyma.13G340200.Wm82.a4.v1,0.45963410458347603
Glyma.18G139400.Wm82.a4.v1,0.45959007973389426
Glyma.07G025700.Wm82.a4.v1,0.45957051313408015
Glyma.12G228900.Wm82.a4.v1,0.45950692168468427
Glyma.08G229800.Wm82.a4.v1,0.4595020300347307
Glyma.10G154000.Wm82.a4.v1,0.4594433302352884
Glyma.06G038600.Wm82.a4.v1,0.4593308222863572
Glyma.08G327900.Wm82.a4.v1,0.45932593063640365
Glyma.18G222100.Wm82.a4.v1,0.45929168908672896
Glyma.08G176700.Wm82.a4.v1,0.45924277258719365
Glyma.03G001400.Wm82.a4.v1,0.4591938560876584
Glyma.10G292551.Wm82.a4.v1,0.4591498312380766
Glyma.02G272400.Wm82.a4.v1,0.4590911314386342
Glyma.12G000700.Wm82.a4.v1,0.4590471065890525
Glyma.14G035600.Wm82.a4.v1,0.45899329843956366
Glyma.05G240600.Wm82.a4.v1,0.45899329843956366
Glyma.04G130300.Wm82.a4.v1,0.4589297069901678
Glyma.08G353600.Wm82.a4.v1,0.4588807904906325
Glyma.15G033100.Wm82.a4.v1,0.4587487159418872
Glyma.16G131600.Wm82.a4.v1,0.45869001614244487
Glyma.14G216100.Wm82.a4.v1,0.4586802328425378
Glyma.13G323200.Wm82.a4.v1,0.4584307586949078
Glyma.06G224300.Wm82.a4.v1,0.45823998434672014
Glyma.07G190800.Wm82.a4.v1,0.45810790979797483
Glyma.01G166700.Wm82.a4.v1,0.45805410164848603
Glyma.06G132700.Wm82.a4.v1,0.4580149684488578
Glyma.09G010100.Wm82.a4.v1,0.45795626864941547
Glyma.17G016700.Wm82.a4.v1,0.4579122437998337
Glyma.07G165800.Wm82.a4.v1,0.4578193024507166
Glyma.06G088400.Wm82.a4.v1,0.4576480947023431
Glyma.08G133900.Wm82.a4.v1,0.4573986205547131
Glyma.01G149900.Wm82.a4.v1,0.45734970405517783
Glyma.05G243600.Wm82.a4.v1,0.45727632930587486
Glyma.20G219500.Wm82.a4.v1,0.457212737856479
Glyma.13G110300.Wm82.a4.v1,0.45717360465685075
Glyma.10G093600.Wm82.a4.v1,0.4571589297069902
Glyma.05G174600.Wm82.a4.v1,0.45706109670791956
Glyma.08G176000.Wm82.a4.v1,0.4570121802083843
Glyma.07G182700.Wm82.a4.v1,0.45693880545908133
Glyma.14G117500.Wm82.a4.v1,0.4567235728611261
Glyma.02G273100.Wm82.a4.v1,0.45671868121117254
Glyma.14G082600.Wm82.a4.v1,0.45643985716382135
Glyma.10G208800.Wm82.a4.v1,0.45633713251479724
Glyma.02G307400.Wm82.a4.v1,0.45632245756493667
Glyma.03G175100.Wm82.a4.v1,0.45615858729149344
Glyma.13G175800.Wm82.a4.v1,0.4560632001173996
Glyma.14G113900.Wm82.a4.v1,0.45605341681749256
Glyma.08G017800.Wm82.a4.v1,0.4559604754683755
Glyma.09G091600.Wm82.a4.v1,0.4559458005185149
Glyma.08G303800.Wm82.a4.v1,0.45592134226874725
Glyma.06G174900.Wm82.a4.v1,0.45590177566893314
Glyma.15G148700.Wm82.a4.v1,0.4558968840189796
Glyma.06G155800.Wm82.a4.v1,0.4558284009196302
Glyma.02G297400.Wm82.a4.v1,0.4558137259697696
Glyma.05G037500.Wm82.a4.v1,0.4557794844200949
Glyma.13G276000.Wm82.a4.v1,0.45576970112018783
Glyma.19G202900.Wm82.a4.v1,0.4557207846206525
Glyma.02G090500.Wm82.a4.v1,0.45564251822139606
Glyma.08G025500.Wm82.a4.v1,0.4554272856234408
Glyma.14G046800.Wm82.a4.v1,0.45541750232353373
Glyma.09G116900.Wm82.a4.v1,0.45537347747395196
Glyma.15G101900.Wm82.a4.v1,0.4552560778750673
Glyma.04G141800.Wm82.a4.v1,0.4552267279753461
Glyma.20G228200.Wm82.a4.v1,0.4552022697255784
Glyma.08G336200.Wm82.a4.v1,0.45515335322604317
Glyma.07G226900.Wm82.a4.v1,0.4549479039279949
Glyma.13G081500.Wm82.a4.v1,0.4547815878295749
Glyma.11G228600.Wm82.a4.v1,0.4547669128797143
Glyma.10G275100.Wm82.a4.v1,0.454541896981852
Glyma.04G085900.Wm82.a4.v1,0.454541896981852
Glyma.15G171800.Wm82.a4.v1,0.45438047253338554
Glyma.10G298700.Wm82.a4.v1,0.45436090593357137
Glyma.02G219700.Wm82.a4.v1,0.45435112263366434
Glyma.19G073200.Wm82.a4.v1,0.45421904808491903
Glyma.10G277400.Wm82.a4.v1,0.4540771902362667
Glyma.11G256000.Wm82.a4.v1,0.4537054248397985
Glyma.13G072700.Wm82.a4.v1,0.4534119258425867
Glyma.06G008800.Wm82.a4.v1,0.4533434427432373
Glyma.08G299600.Wm82.a4.v1,0.4531428850951426
Glyma.18G089500.Wm82.a4.v1,0.45309886024556084
Glyma.10G023600.Wm82.a4.v1,0.4530303771462114
Glyma.08G239900.Wm82.a4.v1,0.4528249278481632
Glyma.18G060000.Wm82.a4.v1,0.4527760113486279
Glyma.06G092700.Wm82.a4.v1,0.4527417697989532
Glyma.13G040600.Wm82.a4.v1,0.45244827080174144
Glyma.03G193300.Wm82.a4.v1,0.4523993543022061
Glyma.05G148100.Wm82.a4.v1,0.4523944626522526
Glyma.04G183100.Wm82.a4.v1,0.45236511275253144
Glyma.15G074400.Wm82.a4.v1,0.4523308712028567
Glyma.09G164500.Wm82.a4.v1,0.452286846353275
Glyma.09G271100.Wm82.a4.v1,0.4520765054052732
Glyma.04G212600.Wm82.a4.v1,0.4516949567088979
Glyma.06G246300.Wm82.a4.v1,0.4516656068091767
Glyma.13G346900.Wm82.a4.v1,0.45165093185931615
Glyma.16G208600.Wm82.a4.v1,0.4515090740106638
Glyma.09G085200.Wm82.a4.v1,0.45149929071075673
Glyma.19G132400.Wm82.a4.v1,0.4513769994619185
Glyma.05G144000.Wm82.a4.v1,0.45137210781196496
Glyma.02G119600.Wm82.a4.v1,0.4513476495621973
Glyma.13G111900.Wm82.a4.v1,0.4513036247126156
Glyma.18G221700.Wm82.a4.v1,0.45127916646284794
Glyma.07G230300.Wm82.a4.v1,0.4511422002641491
Glyma.19G117300.Wm82.a4.v1,0.45110306706452086
Glyma.14G010200.Wm82.a4.v1,0.4509416426160544
Glyma.10G072100.Wm82.a4.v1,0.4507655432177273
Glyma.04G163200.Wm82.a4.v1,0.45064814361884264
Glyma.10G267900.Wm82.a4.v1,0.4506432519688891
Glyma.08G172400.Wm82.a4.v1,0.4506334686689821
Glyma.16G006000.Wm82.a4.v1,0.45062857701902853
Glyma.04G256400.Wm82.a4.v1,0.4504769358704691
Glyma.17G019900.Wm82.a4.v1,0.4504280193709338
Glyma.08G145900.Wm82.a4.v1,0.45030572812209557
Glyma.07G118800.Wm82.a4.v1,0.4502812698723279
Glyma.07G231500.Wm82.a4.v1,0.4502519199726068
Glyma.07G273900.Wm82.a4.v1,0.45021767842293203
Glyma.17G049400.Wm82.a4.v1,0.45019322017316443
Glyma.19G084400.Wm82.a4.v1,0.4501394120236756
Glyma.04G195700.Wm82.a4.v1,0.450124737073815
Glyma.11G111600.Wm82.a4.v1,0.4500758205742797
Glyma.03G005300.Wm82.a4.v1,0.44998777087511616
Glyma.05G163800.Wm82.a4.v1,0.44995352932544147
Glyma.06G198300.Wm82.a4.v1,0.4497334050775327
Glyma.07G199000.Wm82.a4.v1,0.4496404637284156
Glyma.08G265967.Wm82.a4.v1,0.4494937142298097
Glyma.17G036500.Wm82.a4.v1,0.44904857408403853
Glyma.09G111700.Wm82.a4.v1,0.4490290074842244
Glyma.07G127600.Wm82.a4.v1,0.44895074108496796
Glyma.06G317600.Wm82.a4.v1,0.4488920412855256
Glyma.01G019800.Wm82.a4.v1,0.4488039915863621
Glyma.11G112100.Wm82.a4.v1,0.448618108888128
Glyma.11G138400.Wm82.a4.v1,0.448544734138825
Glyma.16G157100.Wm82.a4.v1,0.4484566844396615
Glyma.10G150900.Wm82.a4.v1,0.4483735263904515
Glyma.19G037000.Wm82.a4.v1,0.44814851049258914
Glyma.17G063800.Wm82.a4.v1,0.44809470234310034
Glyma.01G125600.Wm82.a4.v1,0.447869686445238
Glyma.20G120600.Wm82.a4.v1,0.44776696179621384
Glyma.10G259000.Wm82.a4.v1,0.44769847869686447
Glyma.17G109500.Wm82.a4.v1,0.4476104289977009
Glyma.10G209000.Wm82.a4.v1,0.4475028126987233
Glyma.19G158300.Wm82.a4.v1,0.44737073814997796
Glyma.04G215500.Wm82.a4.v1,0.4473120383505356
Glyma.19G219300.Wm82.a4.v1,0.44726801350095385
Glyma.11G125500.Wm82.a4.v1,0.4469940811035562
Glyma.10G217500.Wm82.a4.v1,0.4468277650051362
Glyma.20G034600.Wm82.a4.v1,0.446705473756298
Glyma.11G147500.Wm82.a4.v1,0.4465244827080174
Glyma.02G295600.Wm82.a4.v1,0.44650002445824977
Glyma.10G226600.Wm82.a4.v1,0.44635816660959743
Glyma.01G139000.Wm82.a4.v1,0.4463434916597368
Glyma.17G194700.Wm82.a4.v1,0.44631414176001566
Glyma.06G029500.Wm82.a4.v1,0.44629457516020155
Glyma.19G142500.Wm82.a4.v1,0.4460891258621533
Glyma.09G019100.Wm82.a4.v1,0.44596194296336156
Glyma.04G240100.Wm82.a4.v1,0.4459521596634545
Glyma.07G178600.Wm82.a4.v1,0.4457613853152668
Glyma.04G244900.Wm82.a4.v1,0.44574671036540625
Glyma.08G046100.Wm82.a4.v1,0.44571736046568505
Glyma.08G253600.Wm82.a4.v1,0.4454874529178692
Glyma.01G209300.Wm82.a4.v1,0.4454091865186127
Glyma.19G114900.Wm82.a4.v1,0.44538472826884506
Glyma.01G023900.Wm82.a4.v1,0.44537494496893804
Glyma.08G012100.Wm82.a4.v1,0.4452966785696816
Glyma.09G082200.Wm82.a4.v1,0.4452428704201927
Glyma.15G038500.Wm82.a4.v1,0.4451352541212151
Glyma.02G259100.Wm82.a4.v1,0.4451205791713545
Glyma.08G340600.Wm82.a4.v1,0.44511568752140096
Glyma.03G180300.Wm82.a4.v1,0.44511568752140096
Glyma.04G186500.Wm82.a4.v1,0.44509612092158685
Glyma.20G178900.Wm82.a4.v1,0.44504231277209805
Glyma.06G321300.Wm82.a4.v1,0.4448711050237245
Glyma.08G073500.Wm82.a4.v1,0.44436237342855744
Glyma.08G037300.Wm82.a4.v1,0.444034632881671
Glyma.16G146500.Wm82.a4.v1,0.4440150662818569
Glyma.06G098000.Wm82.a4.v1,0.44391723328278626
Glyma.06G320400.Wm82.a4.v1,0.4438585334833439
Glyma.06G139600.Wm82.a4.v1,0.4438291835836228
Glyma.19G096700.Wm82.a4.v1,0.4436824340850169
Glyma.08G273400.Wm82.a4.v1,0.4436384092354351
Glyma.03G193800.Wm82.a4.v1,0.44329599373868805
Glyma.18G265900.Wm82.a4.v1,0.44309054444063983
Glyma.04G083800.Wm82.a4.v1,0.4427334539940322
Glyma.11G210335.Wm82.a4.v1,0.442361688597564
Glyma.12G055900.Wm82.a4.v1,0.4421709142493763
Glyma.09G200700.Wm82.a4.v1,0.44207797290025924
Glyma.02G049100.Wm82.a4.v1,0.4420535146504916
Glyma.02G236700.Wm82.a4.v1,0.4415447830553246
Glyma.20G166300.Wm82.a4.v1,0.4414909749058357
Glyma.08G273300.Wm82.a4.v1,0.4414909749058357
Glyma.14G087200.Wm82.a4.v1,0.44144695005625395
Glyma.11G028500.Wm82.a4.v1,0.44131976715746224
Glyma.09G158300.Wm82.a4.v1,0.4409333268111334
Glyma.09G273600.Wm82.a4.v1,0.4409235435112263
Glyma.08G100600.Wm82.a4.v1,0.4408501687619234
Glyma.08G098700.Wm82.a4.v1,0.4407865773125275
Glyma.08G283100.Wm82.a4.v1,0.44047351171550164
Glyma.10G214900.Wm82.a4.v1,0.4404686200655481
Glyma.20G118700.Wm82.a4.v1,0.4404001369661987
Glyma.04G003700.Wm82.a4.v1,0.4402925206672211
Glyma.18G268800.Wm82.a4.v1,0.4402484958176393
Glyma.15G190700.Wm82.a4.v1,0.44022403756787165
Glyma.03G191200.Wm82.a4.v1,0.4399403218705669
Glyma.10G284900.Wm82.a4.v1,0.4398962970209852
Glyma.14G156600.Wm82.a4.v1,0.4397642224722399
Glyma.08G173000.Wm82.a4.v1,0.4397446558724258
Glyma.15G085900.Wm82.a4.v1,0.43972998092256516
Glyma.10G179800.Wm82.a4.v1,0.4397153059727046
Glyma.13G348800.Wm82.a4.v1,0.4395147483246099
Glyma.20G201300.Wm82.a4.v1,0.4394658318250746
Glyma.20G084100.Wm82.a4.v1,0.43945604852516756
Glyma.U031313.Wm82.a4.v1,0.4393924570757717
Glyma.10G289000.Wm82.a4.v1,0.4392799491268405
Glyma.10G172900.Wm82.a4.v1,0.4389962334295358
Glyma.03G170600.Wm82.a4.v1,0.4389277503301864
Glyma.14G162600.Wm82.a4.v1,0.4388543755808834
Glyma.09G134700.Wm82.a4.v1,0.4388250256811623
Glyma.03G085900.Wm82.a4.v1,0.4387614342317664
Glyma.10G153000.Wm82.a4.v1,0.4387320843320452
Glyma.15G128500.Wm82.a4.v1,0.4387320843320452
Glyma.05G220200.Wm82.a4.v1,0.43872230103213816
Glyma.13G297400.Wm82.a4.v1,0.43856087658367165
Glyma.18G039300.Wm82.a4.v1,0.4383456439857164
Glyma.07G006400.Wm82.a4.v1,0.43830161913613463
Glyma.08G183900.Wm82.a4.v1,0.4382527026365993
Glyma.17G053500.Wm82.a4.v1,0.4381793278872964
Glyma.13G152576.Wm82.a4.v1,0.43815976128748224
Glyma.15G029900.Wm82.a4.v1,0.438027686738737
Glyma.01G133501.Wm82.a4.v1,0.4379347453896199
Glyma.04G155300.Wm82.a4.v1,0.43789072054003814
Glyma.10G150500.Wm82.a4.v1,0.4375923298928729
Glyma.01G015900.Wm82.a4.v1,0.43748471359389524
Glyma.11G171773.Wm82.a4.v1,0.4374064471946387
Glyma.16G114900.Wm82.a4.v1,0.43737220564496404
Glyma.09G140700.Wm82.a4.v1,0.4372841559458005
Glyma.18G017200.Wm82.a4.v1,0.4372107811964976
Glyma.12G083600.Wm82.a4.v1,0.4371374064471946
Glyma.14G210900.Wm82.a4.v1,0.43710316489751994
Glyma.13G048200.Wm82.a4.v1,0.4370835982977058
Glyma.04G086900.Wm82.a4.v1,0.4369710903487746
Glyma.12G020500.Wm82.a4.v1,0.43692706549919286
Glyma.15G126200.Wm82.a4.v1,0.4367949909504476
Glyma.13G330400.Wm82.a4.v1,0.43679009930049406
Glyma.08G043000.Wm82.a4.v1,0.4366629164017023
Glyma.10G189500.Wm82.a4.v1,0.43665802475174875
Glyma.05G193400.Wm82.a4.v1,0.4366433498018882
Glyma.12G194300.Wm82.a4.v1,0.43657486670253876
Glyma.05G141900.Wm82.a4.v1,0.43654062515286407
Glyma.04G096800.Wm82.a4.v1,0.43627158440541997
Glyma.03G247300.Wm82.a4.v1,0.4362079929560241
Glyma.19G222100.Wm82.a4.v1,0.4361639681064423
Glyma.07G231900.Wm82.a4.v1,0.43606613510737174
Glyma.19G221200.Wm82.a4.v1,0.4360465685075576
Glyma.02G065300.Wm82.a4.v1,0.4359976520080223
Glyma.02G257200.Wm82.a4.v1,0.43594384385853346
Glyma.01G110900.Wm82.a4.v1,0.4358264442596488
Glyma.02G152200.Wm82.a4.v1,0.43575796116029936
Glyma.04G021700.Wm82.a4.v1,0.4357335029105317
Glyma.02G026000.Wm82.a4.v1,0.435699261360857
Glyma.20G059000.Wm82.a4.v1,0.4356503448613217
Glyma.08G041300.Wm82.a4.v1,0.43551827031257645
Glyma.05G066700.Wm82.a4.v1,0.43549870371276234
Glyma.04G089300.Wm82.a4.v1,0.43549870371276234
Glyma.09G012500.Wm82.a4.v1,0.4354204373135058
Glyma.15G003400.Wm82.a4.v1,0.4353128210145282
Glyma.03G105700.Wm82.a4.v1,0.4352345546152717
Glyma.15G080600.Wm82.a4.v1,0.43515628821601526
Glyma.06G103600.Wm82.a4.v1,0.43500464706745584
Glyma.12G017500.Wm82.a4.v1,0.43497040551778116
Glyma.20G249900.Wm82.a4.v1,0.43473560632001174
Glyma.15G266700.Wm82.a4.v1,0.43460842342121997
Glyma.13G082800.Wm82.a4.v1,0.43459864012131294
Glyma.17G026000.Wm82.a4.v1,0.4345790735214988
Glyma.09G235400.Wm82.a4.v1,0.43446656557256763
Glyma.04G024000.Wm82.a4.v1,0.4343980824732182
Glyma.07G226633.Wm82.a4.v1,0.4341583916254953
Glyma.01G081600.Wm82.a4.v1,0.434036100376657
Glyma.13G127800.Wm82.a4.v1,0.43336594433302356
Glyma.04G033700.Wm82.a4.v1,0.43330724453358116
Glyma.15G102400.Wm82.a4.v1,0.4332387614342318
Glyma.15G153500.Wm82.a4.v1,0.4330333121361835
Glyma.05G222600.Wm82.a4.v1,0.4329941789365553
Glyma.06G098600.Wm82.a4.v1,0.43288167098762415
Glyma.01G030800.Wm82.a4.v1,0.4328082962383212
Glyma.10G015900.Wm82.a4.v1,0.4327838379885535
Glyma.09G001100.Wm82.a4.v1,0.43236315609255
Glyma.15G054800.Wm82.a4.v1,0.43230445629310765
Glyma.09G214900.Wm82.a4.v1,0.4320598737954312
Glyma.18G302000.Wm82.a4.v1,0.43179572469794064
Glyma.08G250900.Wm82.a4.v1,0.4316685417991489
Glyma.01G187400.Wm82.a4.v1,0.4315951670498459
Glyma.13G197000.Wm82.a4.v1,0.4312967764026806
Glyma.12G136900.Wm82.a4.v1,0.4308712028567236
Glyma.03G068800.Wm82.a4.v1,0.43061683705914006
Glyma.14G124900.Wm82.a4.v1,0.4305825955094653
Glyma.09G237300.Wm82.a4.v1,0.4305630289096512
Glyma.20G142500.Wm82.a4.v1,0.430523895710023
Glyma.14G016700.Wm82.a4.v1,0.43023528836276476
Glyma.04G205600.Wm82.a4.v1,0.43018148021327596
Glyma.06G232300.Wm82.a4.v1,0.4300542973144842
Glyma.02G098000.Wm82.a4.v1,0.4299809225651812
Glyma.19G123600.Wm82.a4.v1,0.42958469891894535
Glyma.04G048600.Wm82.a4.v1,0.4295700239690848
Glyma.04G012200.Wm82.a4.v1,0.42953089076945655
Glyma.09G264600.Wm82.a4.v1,0.42936946632099005
Glyma.13G297500.Wm82.a4.v1,0.42933522477131536
Glyma.19G204200.Wm82.a4.v1,0.4292569583720589
Glyma.19G203000.Wm82.a4.v1,0.429110208873453
Glyma.12G016400.Wm82.a4.v1,0.4288754096756836
Glyma.01G233500.Wm82.a4.v1,0.4288558430758695
Glyma.08G192500.Wm82.a4.v1,0.42877757667661304
Glyma.09G062000.Wm82.a4.v1,0.428185687032236
Glyma.19G154100.Wm82.a4.v1,0.42806339578339775
Glyma.17G036700.Wm82.a4.v1,0.42805361248349066
Glyma.09G271900.Wm82.a4.v1,0.4279411045345595
Glyma.09G155900.Wm82.a4.v1,0.4278237049356748
Glyma.05G144700.Wm82.a4.v1,0.4275595558381842
Glyma.01G083000.Wm82.a4.v1,0.42741280633957834
Glyma.15G023900.Wm82.a4.v1,0.42736388984004303
Glyma.09G042000.Wm82.a4.v1,0.4269236413442254
Glyma.19G064200.Wm82.a4.v1,0.4264736095485007
Glyma.04G099000.Wm82.a4.v1,0.42644915129873306
Glyma.02G017100.Wm82.a4.v1,0.4263611015995695
Glyma.04G079800.Wm82.a4.v1,0.426356209949616
Glyma.03G184800.Wm82.a4.v1,0.426356209949616
Glyma.02G204000.Wm82.a4.v1,0.4263513182996625
Glyma.11G166300.Wm82.a4.v1,0.4260920608521254
Glyma.12G049000.Wm82.a4.v1,0.42608227755221834
Glyma.06G130100.Wm82.a4.v1,0.4260040111529619
Glyma.10G060700.Wm82.a4.v1,0.42576921195519246
Glyma.06G108800.Wm82.a4.v1,0.42561267915667955
Glyma.13G358700.Wm82.a4.v1,0.4253093968595607
Glyma.01G157100.Wm82.a4.v1,0.42509905591155894
Glyma.17G017700.Wm82.a4.v1,0.4246196742161131
Glyma.18G234100.Wm82.a4.v1,0.4243261752189013
Glyma.15G269200.Wm82.a4.v1,0.42429682531918017
Glyma.08G227300.Wm82.a4.v1,0.4242038839700631
Glyma.06G162100.Wm82.a4.v1,0.4240669177713643
Glyma.03G256500.Wm82.a4.v1,0.42403267622168955
Glyma.05G217900.Wm82.a4.v1,0.42387614342317664
Glyma.03G081800.Wm82.a4.v1,0.42384190187350196
Glyma.02G005700.Wm82.a4.v1,0.42369026072494254
Glyma.08G039800.Wm82.a4.v1,0.4235386195763831
Glyma.08G160000.Wm82.a4.v1,0.42352883627647603
Glyma.11G015800.Wm82.a4.v1,0.4232500122291249
Glyma.13G319400.Wm82.a4.v1,0.42319131242968255
Glyma.10G191400.Wm82.a4.v1,0.4230739128307978
Glyma.06G189700.Wm82.a4.v1,0.4230543462309837
Glyma.17G085700.Wm82.a4.v1,0.4226189893851196
Glyma.13G344100.Wm82.a4.v1,0.42261409773516606
Glyma.17G200200.Wm82.a4.v1,0.4225847478354449
Glyma.15G006200.Wm82.a4.v1,0.42247713153646727
Glyma.12G067800.Wm82.a4.v1,0.42213960768967373
Glyma.14G212500.Wm82.a4.v1,0.4221347160397202
Glyma.15G077800.Wm82.a4.v1,0.4221151494399061
Glyma.15G106900.Wm82.a4.v1,0.42186078364232255
Glyma.17G074200.Wm82.a4.v1,0.42147434329599376
Glyma.10G295700.Wm82.a4.v1,0.4212004108985961
Glyma.01G137300.Wm82.a4.v1,0.4210340948001761
Glyma.02G273500.Wm82.a4.v1,0.4209558284009196
Glyma.10G089200.Wm82.a4.v1,0.42085799540184904
Glyma.18G140500.Wm82.a4.v1,0.42037372205644963
Glyma.18G156300.Wm82.a4.v1,0.4198649904612826
Glyma.08G231300.Wm82.a4.v1,0.41985520716137553
Glyma.06G312400.Wm82.a4.v1,0.41975737416230496
Glyma.19G040900.Wm82.a4.v1,0.41968889106295554
Glyma.15G040000.Wm82.a4.v1,0.41950300836472143
Glyma.02G153000.Wm82.a4.v1,0.4193611505160691
Glyma.15G048600.Wm82.a4.v1,0.41930000489165
Glyma.06G285400.Wm82.a4.v1,0.419258425867045
Glyma.18G239300.Wm82.a4.v1,0.41876926087169203
Glyma.12G037000.Wm82.a4.v1,0.41861272807317906
Glyma.19G234300.Wm82.a4.v1,0.4185687032235973
Glyma.06G131600.Wm82.a4.v1,0.4184317370248985
Glyma.01G050500.Wm82.a4.v1,0.41842684537494496
Glyma.02G163200.Wm82.a4.v1,0.4181137797779191
Glyma.20G111600.Wm82.a4.v1,0.4180795382282444
Glyma.15G066600.Wm82.a4.v1,0.41795724697940617
Glyma.04G209100.Wm82.a4.v1,0.4179132221298244
Glyma.08G015200.Wm82.a4.v1,0.41759037323289144
Glyma.04G240800.Wm82.a4.v1,0.4174093821846109
Glyma.11G117400.Wm82.a4.v1,0.4173995988847038
Glyma.20G062300.Wm82.a4.v1,0.41730665753558677
Glyma.02G162000.Wm82.a4.v1,0.4172968742356797
Glyma.11G172500.Wm82.a4.v1,0.41717458298684146
Glyma.11G009100.Wm82.a4.v1,0.41707185833781735
Glyma.19G091500.Wm82.a4.v1,0.41703761678814266
Glyma.01G199200.Wm82.a4.v1,0.41667074304162793
Glyma.08G101100.Wm82.a4.v1,0.4166316098419997
Glyma.18G288000.Wm82.a4.v1,0.41647507704348674
Glyma.07G224800.Wm82.a4.v1,0.41634789414469503
Glyma.09G280000.Wm82.a4.v1,0.4162109279459962
Glyma.07G271400.Wm82.a4.v1,0.41619136134618206
Glyma.05G004900.Wm82.a4.v1,0.41610820329697207
Glyma.06G140300.Wm82.a4.v1,0.41605439514748327
Glyma.13G096500.Wm82.a4.v1,0.4160446118475762
Glyma.02G285800.Wm82.a4.v1,0.41603972019762264
Glyma.13G326400.Wm82.a4.v1,0.41600547864794796
Glyma.18G232400.Wm82.a4.v1,0.4159418871985521
Glyma.08G055000.Wm82.a4.v1,0.4159174289487844
Glyma.18G299600.Wm82.a4.v1,0.4159076456488774
Glyma.07G157900.Wm82.a4.v1,0.4158880790490633
Glyma.05G207600.Wm82.a4.v1,0.41580002934989974
Glyma.06G076100.Wm82.a4.v1,0.4155603385021768
Glyma.08G280600.Wm82.a4.v1,0.41513965660617325
Glyma.07G261600.Wm82.a4.v1,0.4150956317565915
Glyma.17G228500.Wm82.a4.v1,0.4150711735068239
Glyma.06G320800.Wm82.a4.v1,0.41487061585872914
Glyma.17G188600.Wm82.a4.v1,0.4147629995597515
Glyma.20G179700.Wm82.a4.v1,0.4146994081103556
Glyma.20G054300.Wm82.a4.v1,0.4142640512644915
Glyma.19G050100.Wm82.a4.v1,0.4141124101159321
Glyma.19G088400.Wm82.a4.v1,0.4139754439172333
Glyma.06G049000.Wm82.a4.v1,0.4137944528689527
Glyma.04G201300.Wm82.a4.v1,0.4137651029692315
Glyma.09G022200.Wm82.a4.v1,0.41324658807415743
Glyma.06G255000.Wm82.a4.v1,0.41302157217629504
Glyma.08G173900.Wm82.a4.v1,0.4126498067798268
Glyma.04G064100.Wm82.a4.v1,0.4125275155309886
Glyma.14G176600.Wm82.a4.v1,0.41250305728122094
Glyma.15G131800.Wm82.a4.v1,0.4124541407816857
Glyma.01G014200.Wm82.a4.v1,0.41243946583182506
Glyma.04G176800.Wm82.a4.v1,0.41230249963312626
Glyma.08G149700.Wm82.a4.v1,0.41225358313359095
Glyma.03G152400.Wm82.a4.v1,0.4122389081837304
Glyma.11G085700.Wm82.a4.v1,0.41201878393582153
Glyma.13G122200.Wm82.a4.v1,0.41195030083647216
Glyma.15G118600.Wm82.a4.v1,0.4119062759868904
Glyma.02G270300.Wm82.a4.v1,0.41189160103702976
Glyma.20G090100.Wm82.a4.v1,0.41175463483833097
Glyma.13G007400.Wm82.a4.v1,0.4116959350388886
Glyma.10G192200.Wm82.a4.v1,0.41156875214009686
Glyma.20G167500.Wm82.a4.v1,0.4114513525412122
Glyma.17G187500.Wm82.a4.v1,0.41095240424595214
Glyma.03G150800.Wm82.a4.v1,0.41088881279655626
Glyma.01G201100.Wm82.a4.v1,0.4108105463972998
Glyma.10G212200.Wm82.a4.v1,0.4107909797974857
Glyma.14G152100.Wm82.a4.v1,0.4105317223499486
Glyma.10G229700.Wm82.a4.v1,0.4104289977009245
Glyma.11G241200.Wm82.a4.v1,0.4104094311011104
Glyma.10G073400.Wm82.a4.v1,0.410008315804921
Glyma.15G086500.Wm82.a4.v1,0.4098713496062222
Glyma.10G104300.Wm82.a4.v1,0.40985178300640807
Glyma.19G012000.Wm82.a4.v1,0.4098175414567334
Glyma.05G079400.Wm82.a4.v1,0.40968546690798807
Glyma.15G149100.Wm82.a4.v1,0.40964633370835984
Glyma.16G044100.Wm82.a4.v1,0.40943110111040454
Glyma.06G189600.Wm82.a4.v1,0.40931859316147334
Glyma.02G264600.Wm82.a4.v1,0.4092794599618451
Glyma.19G099200.Wm82.a4.v1,0.4090446607640757
Glyma.15G166600.Wm82.a4.v1,0.4087951866164457
Glyma.16G141100.Wm82.a4.v1,0.40841363792007046
Glyma.20G108700.Wm82.a4.v1,0.40831580492099984
Glyma.01G000600.Wm82.a4.v1,0.4082668884214646
Glyma.20G208100.Wm82.a4.v1,0.4080565474734628
Glyma.05G182600.Wm82.a4.v1,0.4080174142738346
Glyma.05G174700.Wm82.a4.v1,0.4079538228244387
Glyma.17G052300.Wm82.a4.v1,0.4078755564251822
Glyma.13G187100.Wm82.a4.v1,0.40752824927848164
Glyma.15G043600.Wm82.a4.v1,0.40729834173066576
Glyma.01G131200.Wm82.a4.v1,0.4071907254316881
Glyma.16G179300.Wm82.a4.v1,0.40666731888666047
Glyma.07G109200.Wm82.a4.v1,0.40649611113828693
Glyma.04G037700.Wm82.a4.v1,0.4062515286406105
Glyma.09G000800.Wm82.a4.v1,0.40620261214107517
Glyma.10G149200.Wm82.a4.v1,0.4060949958420975
Glyma.10G170200.Wm82.a4.v1,0.4060289585677249
Glyma.02G282100.Wm82.a4.v1,0.40584063004451404
Glyma.01G242200.Wm82.a4.v1,0.40578193024507164
Glyma.11G065500.Wm82.a4.v1,0.40569388054590816
Glyma.07G007300.Wm82.a4.v1,0.405591155896884
Glyma.11G138100.Wm82.a4.v1,0.40553245609744165
Glyma.05G018300.Wm82.a4.v1,0.40552756444748816
Glyma.01G025800.Wm82.a4.v1,0.40545908134813874
Glyma.11G068800.Wm82.a4.v1,0.4054444063982781
Glyma.02G203000.Wm82.a4.v1,0.4049894829525999
Glyma.18G025400.Wm82.a4.v1,0.40497480800273933
Glyma.16G142200.Wm82.a4.v1,0.4049356748031111
Glyma.11G141500.Wm82.a4.v1,0.40468130900552757
Glyma.06G050600.Wm82.a4.v1,0.40438291835836226
Glyma.01G042400.Wm82.a4.v1,0.4040551778114758
Glyma.14G017500.Wm82.a4.v1,0.40391821161277697
Glyma.13G043500.Wm82.a4.v1,0.4038399452135205
Glyma.17G070900.Wm82.a4.v1,0.40337034681798173
Glyma.16G005100.Wm82.a4.v1,0.40317468081984054
Glyma.05G146300.Wm82.a4.v1,0.403169789169887
Glyma.01G220900.Wm82.a4.v1,0.403169789169887
Glyma.05G192900.Wm82.a4.v1,0.403003473071467
Glyma.07G042800.Wm82.a4.v1,0.40295944822188523
Glyma.12G068500.Wm82.a4.v1,0.4022501589786235
Glyma.08G068000.Wm82.a4.v1,0.40216210927945995
Glyma.04G254000.Wm82.a4.v1,0.4021523259795529
Glyma.07G010600.Wm82.a4.v1,0.4020202514308076
Glyma.09G035500.Wm82.a4.v1,0.4016974025338747
Glyma.13G061200.Wm82.a4.v1,0.4012865039377782
Glyma.02G254500.Wm82.a4.v1,0.4008169055422394
Glyma.01G226900.Wm82.a4.v1,0.4002201242479088
Glyma.13G096800.Wm82.a4.v1,0.39992662525069705
Glyma.04G235700.Wm82.a4.v1,0.39975052585237003
Glyma.19G127000.Wm82.a4.v1,0.39958420975395
Glyma.08G041600.Wm82.a4.v1,0.3995597515041824
Glyma.06G117300.Wm82.a4.v1,0.3994765934549724
Glyma.13G227000.Wm82.a4.v1,0.39942767695543707
Glyma.01G157500.Wm82.a4.v1,0.39908526145869
Glyma.05G098800.Wm82.a4.v1,0.39907547815878297
Glyma.01G148600.Wm82.a4.v1,0.3981460646676124
Glyma.11G172191.Wm82.a4.v1,0.3981460646676124
Glyma.02G209600.Wm82.a4.v1,0.39794061536956415
Glyma.10G042800.Wm82.a4.v1,0.3979259404197036
Glyma.05G176100.Wm82.a4.v1,0.39749547522379297
Glyma.02G175400.Wm82.a4.v1,0.39707479332778944
Glyma.10G220100.Wm82.a4.v1,0.3970650100278824
Glyma.02G113700.Wm82.a4.v1,0.3968008609303918
Glyma.04G210200.Wm82.a4.v1,0.39670791958127477
Glyma.19G113500.Wm82.a4.v1,0.3965954116323436
Glyma.03G190600.Wm82.a4.v1,0.39640952893410947
Glyma.11G193700.Wm82.a4.v1,0.3959007973389424
Glyma.09G101100.Wm82.a4.v1,0.39582253093968595
Glyma.14G086900.Wm82.a4.v1,0.3954556571931713
Glyma.10G069500.Wm82.a4.v1,0.3952991243946583
Glyma.10G217800.Wm82.a4.v1,0.3952306412953089
Glyma.13G339000.Wm82.a4.v1,0.39519150809568065
Glyma.01G011200.Wm82.a4.v1,0.39478550114953775
Glyma.17G201900.Wm82.a4.v1,0.3947708261996771
Glyma.13G177400.Wm82.a4.v1,0.39457026855158245
Glyma.20G151100.Wm82.a4.v1,0.39448711050237245
Glyma.20G239200.Wm82.a4.v1,0.3940615369564154
Glyma.18G263600.Wm82.a4.v1,0.3935821552609695
Glyma.04G003800.Wm82.a4.v1,0.39353323876143426
Glyma.04G080400.Wm82.a4.v1,0.3932788729638507
Glyma.11G062100.Wm82.a4.v1,0.3928973242674754
Glyma.05G019700.Wm82.a4.v1,0.3928484077679401
Glyma.01G215800.Wm82.a4.v1,0.392403267622169
Glyma.12G177200.Wm82.a4.v1,0.3917771364281172
Glyma.07G274100.Wm82.a4.v1,0.39143472093137016
Glyma.09G273700.Wm82.a4.v1,0.39132221298243897
Glyma.20G120900.Wm82.a4.v1,0.3912928630827178
Glyma.15G004800.Wm82.a4.v1,0.3907792398375972
Glyma.13G300700.Wm82.a4.v1,0.39026561659247666
Glyma.10G022000.Wm82.a4.v1,0.3897764515971237
Glyma.17G189600.Wm82.a4.v1,0.38926282835200315
Glyma.14G144100.Wm82.a4.v1,0.38913075380325785
Glyma.12G148400.Wm82.a4.v1,0.38912097050335076
Glyma.16G038400.Wm82.a4.v1,0.3890867289536761
Glyma.20G243700.Wm82.a4.v1,0.388993787604559
Glyma.16G003000.Wm82.a4.v1,0.38885192975590666
Glyma.05G048800.Wm82.a4.v1,0.38850951425915964
Glyma.04G166900.Wm82.a4.v1,0.38849973095925255
Glyma.08G086800.Wm82.a4.v1,0.38848016435943844
Glyma.12G079700.Wm82.a4.v1,0.3882747150613902
Glyma.18G089300.Wm82.a4.v1,0.38737954311989437
Glyma.05G015000.Wm82.a4.v1,0.38726703517096317
Glyma.17G002000.Wm82.a4.v1,0.38720833537152083
Glyma.18G089700.Wm82.a4.v1,0.3870909357726361
Glyma.16G131000.Wm82.a4.v1,0.38701266937337964
Glyma.10G071500.Wm82.a4.v1,0.38679254512547084
Glyma.08G097900.Wm82.a4.v1,0.38678276182556376
Glyma.17G058900.Wm82.a4.v1,0.3860049894829526
Glyma.06G220300.Wm82.a4.v1,0.38591204813383556
Glyma.10G207600.Wm82.a4.v1,0.385740840385462
Glyma.04G232900.Wm82.a4.v1,0.38566257398620557
Glyma.19G228800.Wm82.a4.v1,0.3856234407865773
Glyma.05G135400.Wm82.a4.v1,0.38559409088685614
Glyma.06G211400.Wm82.a4.v1,0.38556474098713495
Glyma.03G004400.Wm82.a4.v1,0.38554517438732083
Glyma.14G082900.Wm82.a4.v1,0.3852272171403414
Glyma.17G253300.Wm82.a4.v1,0.38472826884508143
Glyma.07G053100.Wm82.a4.v1,0.3845374944968938
Glyma.10G220800.Wm82.a4.v1,0.3844543364476838
Glyma.17G144400.Wm82.a4.v1,0.38434182849875265
Glyma.11G129100.Wm82.a4.v1,0.3842195372499144
Glyma.04G218300.Wm82.a4.v1,0.383901580002935
Glyma.13G139400.Wm82.a4.v1,0.3837401555544685
Glyma.03G228200.Wm82.a4.v1,0.38359829770581616
Glyma.02G281300.Wm82.a4.v1,0.38357873110600205
Glyma.19G178500.Wm82.a4.v1,0.3833879567578144
Glyma.13G123800.Wm82.a4.v1,0.3833537152081397
Glyma.08G244900.Wm82.a4.v1,0.38265910091473854
Glyma.04G075100.Wm82.a4.v1,0.3824487599667368
Glyma.20G088600.Wm82.a4.v1,0.38205742797045444
Glyma.09G273200.Wm82.a4.v1,0.3820231864207797
Glyma.06G225100.Wm82.a4.v1,0.3820134031208727
Glyma.03G224200.Wm82.a4.v1,0.38178838722301034
Glyma.04G103000.Wm82.a4.v1,0.38170522917380034
Glyma.19G148900.Wm82.a4.v1,0.38130411387761093
Glyma.07G091800.Wm82.a4.v1,0.3812356307782615
Glyma.05G030900.Wm82.a4.v1,0.38107420632979505
Glyma.07G189200.Wm82.a4.v1,0.3810350731301668
Glyma.12G075600.Wm82.a4.v1,0.38083940713202563
Glyma.20G060300.Wm82.a4.v1,0.3807611407327692
Glyma.13G261700.Wm82.a4.v1,0.38024751748764857
Glyma.14G162800.Wm82.a4.v1,0.38005185148950743
Glyma.17G172500.Wm82.a4.v1,0.3799344518906227
Glyma.04G116700.Wm82.a4.v1,0.37971921929266744
Glyma.07G124000.Wm82.a4.v1,0.3795186616445727
Glyma.02G081000.Wm82.a4.v1,0.37939147874578094
Glyma.17G132500.Wm82.a4.v1,0.37934745389619917
Glyma.18G224900.Wm82.a4.v1,0.37933767059629214
Glyma.05G219200.Wm82.a4.v1,0.37923494594726803
Glyma.06G066400.Wm82.a4.v1,0.3791468962481045
Glyma.07G124900.Wm82.a4.v1,0.37845717360465686
Glyma.05G202700.Wm82.a4.v1,0.37835444895563275
Glyma.08G004800.Wm82.a4.v1,0.3783299907058651
Glyma.03G016700.Wm82.a4.v1,0.377987575209118
Glyma.03G200500.Wm82.a4.v1,0.377811475810791
Glyma.07G058600.Wm82.a4.v1,0.37738590226483393
Glyma.10G287600.Wm82.a4.v1,0.37723915276622805
Glyma.14G012300.Wm82.a4.v1,0.3768086875703175
Glyma.19G071500.Wm82.a4.v1,0.3765102969231522
Glyma.18G233000.Wm82.a4.v1,0.37527270948490926
Glyma.07G116700.Wm82.a4.v1,0.37497431883774396
Glyma.20G017100.Wm82.a4.v1,0.37479821943941694
Glyma.01G029600.Wm82.a4.v1,0.3741231717458299
Glyma.07G070900.Wm82.a4.v1,0.374059580296434
Glyma.10G203800.Wm82.a4.v1,0.3738834808981069
Glyma.09G232700.Wm82.a4.v1,0.3733649660030328
Glyma.02G162300.Wm82.a4.v1,0.3733551827031258
Glyma.05G073500.Wm82.a4.v1,0.3728806926576334
Glyma.10G011100.Wm82.a4.v1,0.3725480604607934
Glyma.03G161600.Wm82.a4.v1,0.37251381891111873
Glyma.10G034000.Wm82.a4.v1,0.37218118671427874
Glyma.16G155800.Wm82.a4.v1,0.3717751797681358
Glyma.01G047300.Wm82.a4.v1,0.37162353861957637
Glyma.09G265000.Wm82.a4.v1,0.3709240326762217
Glyma.07G156700.Wm82.a4.v1,0.37048378418040406
Glyma.03G007400.Wm82.a4.v1,0.3704593259306364
Glyma.01G223100.Wm82.a4.v1,0.37030279313212344
Glyma.07G241300.Wm82.a4.v1,0.37016582693342465
Glyma.01G234700.Wm82.a4.v1,0.36997016093528345
Glyma.19G079600.Wm82.a4.v1,0.3693635963410458
Glyma.13G070900.Wm82.a4.v1,0.3693538130411388
Glyma.13G340900.Wm82.a4.v1,0.36917282199285817
Glyma.06G019900.Wm82.a4.v1,0.3688255148461576
Glyma.08G200800.Wm82.a4.v1,0.36856625739862053
Glyma.16G075000.Wm82.a4.v1,0.36816025045247763
Glyma.05G126100.Wm82.a4.v1,0.36799393435405764
Glyma.05G127400.Wm82.a4.v1,0.36772489360661353
Glyma.03G220300.Wm82.a4.v1,0.36748031110893703
Glyma.06G080100.Wm82.a4.v1,0.36739715305972703
Glyma.13G138400.Wm82.a4.v1,0.3672259453113535
Glyma.13G215500.Wm82.a4.v1,0.36706452086288704
Glyma.14G207300.Wm82.a4.v1,0.3665851391674412
Glyma.16G129200.Wm82.a4.v1,0.3661351073717165
Glyma.19G077300.Wm82.a4.v1,0.3659883578731106
Glyma.16G067200.Wm82.a4.v1,0.3657878002250159
Glyma.10G198300.Wm82.a4.v1,0.36571931712566647
Glyma.07G245800.Wm82.a4.v1,0.3655040845277112
Glyma.07G181500.Wm82.a4.v1,0.36531331017952356
Glyma.03G070200.Wm82.a4.v1,0.36514210243115003
Glyma.09G198400.Wm82.a4.v1,0.3647409871349606
Glyma.08G247300.Wm82.a4.v1,0.36471652888519296
Glyma.06G097200.Wm82.a4.v1,0.3645893459864012
Glyma.14G195000.Wm82.a4.v1,0.3644866213373771
Glyma.02G237100.Wm82.a4.v1,0.3644817296874236
Glyma.01G132800.Wm82.a4.v1,0.36434476348872474
Glyma.10G025400.Wm82.a4.v1,0.36431541358900354
Glyma.05G135900.Wm82.a4.v1,0.3640806143912342
Glyma.08G305100.Wm82.a4.v1,0.3640561561414665
Glyma.02G165400.Wm82.a4.v1,0.3632099006995059
Glyma.12G201500.Wm82.a4.v1,0.3628723768527124
Glyma.03G017600.Wm82.a4.v1,0.36265714425475715
Glyma.14G009700.Wm82.a4.v1,0.3621337377097295
Glyma.09G242000.Wm82.a4.v1,0.3619674216113095
Glyma.14G141800.Wm82.a4.v1,0.36179132221298244
Glyma.05G153400.Wm82.a4.v1,0.3614146651665607
Glyma.02G137000.Wm82.a4.v1,0.36064178447390305
Glyma.13G110500.Wm82.a4.v1,0.36009391967910775
Glyma.11G108100.Wm82.a4.v1,0.36001076162989776
Glyma.06G321800.Wm82.a4.v1,0.35967812943305777
Glyma.15G053500.Wm82.a4.v1,0.35953627158440543
Glyma.09G078400.Wm82.a4.v1,0.3591889644377048
Glyma.18G291600.Wm82.a4.v1,0.3591058063884948
Glyma.09G244900.Wm82.a4.v1,0.3590813481387272
Glyma.09G277700.Wm82.a4.v1,0.3589835151396566
Glyma.03G014300.Wm82.a4.v1,0.3585285916939784
Glyma.13G310600.Wm82.a4.v1,0.3585139167441178
Glyma.15G253200.Wm82.a4.v1,0.35813725969769605
Glyma.14G034800.Wm82.a4.v1,0.35802475174876486
Glyma.18G078600.Wm82.a4.v1,0.357388837254806
Glyma.20G219700.Wm82.a4.v1,0.35713936310717603
Glyma.10G294500.Wm82.a4.v1,0.35704153010810546
Glyma.17G192000.Wm82.a4.v1,0.3569143472093137
Glyma.11G152124.Wm82.a4.v1,0.35660617326224137
Glyma.12G152600.Wm82.a4.v1,0.35657682336252017
Glyma.06G066500.Wm82.a4.v1,0.3563762657144255
Glyma.12G035900.Wm82.a4.v1,0.3563566991146114
Glyma.03G256300.Wm82.a4.v1,0.3563126742650296
Glyma.06G322300.Wm82.a4.v1,0.35601917526781784
Glyma.09G238400.Wm82.a4.v1,0.35593601721860785
Glyma.16G021600.Wm82.a4.v1,0.35376412463924084
Glyma.18G044300.Wm82.a4.v1,0.35174876485838674
Glyma.20G106400.Wm82.a4.v1,0.35129384141270853
Glyma.06G172500.Wm82.a4.v1,0.35113730861419556
Glyma.02G205500.Wm82.a4.v1,0.3497676466272074
Glyma.08G079500.Wm82.a4.v1,0.3494252311304603
Glyma.09G256100.Wm82.a4.v1,0.3490779239837597
Glyma.09G047200.Wm82.a4.v1,0.348711050237245
Glyma.08G126300.Wm82.a4.v1,0.3479870860441227
Glyma.17G228600.Wm82.a4.v1,0.3471848554517439
Glyma.07G147800.Wm82.a4.v1,0.3468228733551827
Glyma.12G074000.Wm82.a4.v1,0.3466663405566698
Glyma.17G122700.Wm82.a4.v1,0.34646578290857505
Glyma.15G027900.Wm82.a4.v1,0.3460157511128504
Glyma.09G059900.Wm82.a4.v1,0.3455216944675439
Glyma.09G283200.Wm82.a4.v1,0.3448857799735851
Glyma.10G028900.Wm82.a4.v1,0.34476838037470037
Glyma.02G110400.Wm82.a4.v1,0.3444650980775816
Glyma.02G304100.Wm82.a4.v1,0.3444553147776745
Glyma.06G276000.Wm82.a4.v1,0.3440541994814851
Glyma.14G209700.Wm82.a4.v1,0.3440199579318104
Glyma.06G096000.Wm82.a4.v1,0.3437313505845522
Glyma.03G117600.Wm82.a4.v1,0.3436579758352492
Glyma.12G162999.Wm82.a4.v1,0.34347698478696864
Glyma.20G188400.Wm82.a4.v1,0.3429340116421269
Glyma.11G006900.Wm82.a4.v1,0.3428410702930098
Glyma.14G039000.Wm82.a4.v1,0.34259648779533336
Glyma.07G057900.Wm82.a4.v1,0.3425622462456587
Glyma.02G030800.Wm82.a4.v1,0.3421709142493763
Glyma.14G089400.Wm82.a4.v1,0.3420975395000734
Glyma.06G106200.Wm82.a4.v1,0.34187741525216453
Glyma.05G074400.Wm82.a4.v1,0.3415496747052781
Glyma.16G141800.Wm82.a4.v1,0.3412855256077875
Glyma.16G175900.Wm82.a4.v1,0.34105561805997164
Glyma.20G199000.Wm82.a4.v1,0.3402142542679646
Glyma.02G211900.Wm82.a4.v1,0.33974465587242575
Glyma.05G089900.Wm82.a4.v1,0.33955877317419164
Glyma.05G221300.Wm82.a4.v1,0.3393533238761434
Glyma.09G104200.Wm82.a4.v1,0.3381450863376217
Glyma.07G040300.Wm82.a4.v1,0.33780756249082816
Glyma.16G042500.Wm82.a4.v1,0.3377733209411535
Glyma.13G274700.Wm82.a4.v1,0.3366433498018882
Glyma.04G142300.Wm82.a4.v1,0.3356014283617864
Glyma.04G196200.Wm82.a4.v1,0.3349948637675488
Glyma.18G286100.Wm82.a4.v1,0.33466712322066233
Glyma.05G178500.Wm82.a4.v1,0.3344469989727535
Glyma.19G143700.Wm82.a4.v1,0.3344127574230788
Glyma.11G102900.Wm82.a4.v1,0.33440297412317177
Glyma.03G005200.Wm82.a4.v1,0.3342562246245659
Glyma.U031908.Wm82.a4.v1,0.3335029105317224
Glyma.05G030400.Wm82.a4.v1,0.33315560338502176
Glyma.20G174500.Wm82.a4.v1,0.3320109572958959
Glyma.14G138000.Wm82.a4.v1,0.33177126644817295
Glyma.13G361000.Wm82.a4.v1,0.3313212346524483
Glyma.15G260000.Wm82.a4.v1,0.3312282933033312
Glyma.04G149900.Wm82.a4.v1,0.3305777038595118
Glyma.19G233700.Wm82.a4.v1,0.33038692951132415
Glyma.20G213300.Wm82.a4.v1,0.3296874235679695
Glyma.04G253600.Wm82.a4.v1,0.32939881622071127
Glyma.06G088300.Wm82.a4.v1,0.32871887687717066
Glyma.20G006700.Wm82.a4.v1,0.32866996037763535
Glyma.10G116500.Wm82.a4.v1,0.3278970796849777
Glyma.06G254500.Wm82.a4.v1,0.32780902998581424
Glyma.16G058500.Wm82.a4.v1,0.32706549919287775
Glyma.19G179800.Wm82.a4.v1,0.32670351709631656
Glyma.12G016700.Wm82.a4.v1,0.32643447634887246
Glyma.15G129100.Wm82.a4.v1,0.32363156092550016
Glyma.07G003600.Wm82.a4.v1,0.3234897030768478
Glyma.04G138500.Wm82.a4.v1,0.32341632832754486
Glyma.05G243000.Wm82.a4.v1,0.32331360367852074
Glyma.20G105000.Wm82.a4.v1,0.32208335371520813
Glyma.13G059500.Wm82.a4.v1,0.32190480849190434
Glyma.19G193300.Wm82.a4.v1,0.32092647850119843
Glyma.12G005700.Wm82.a4.v1,0.32052047155505553
Glyma.11G248300.Wm82.a4.v1,0.3202856723572861
Glyma.08G314800.Wm82.a4.v1,0.3192192926674167
Glyma.01G102400.Wm82.a4.v1,0.3192144010174632
Glyma.12G240600.Wm82.a4.v1,0.3181284547277797
Glyma.16G157600.Wm82.a4.v1,0.31707674998777086
Glyma.02G098500.Wm82.a4.v1,0.31660225994227853
Glyma.17G258200.Wm82.a4.v1,0.3147825661595656
Glyma.18G078200.Wm82.a4.v1,0.31435210096365507
Glyma.14G184101.Wm82.a4.v1,0.31263024018001273
Glyma.16G131900.Wm82.a4.v1,0.31230739128307977
Glyma.10G011700.Wm82.a4.v1,0.3111774201438145
Glyma.19G137200.Wm82.a4.v1,0.3109915374455804
Glyma.11G130700.Wm82.a4.v1,0.3107616298977645
Glyma.11G161000.Wm82.a4.v1,0.31075673824781097
Glyma.10G229500.Wm82.a4.v1,0.3104289977009245
Glyma.02G164148.Wm82.a4.v1,0.30957785060901044
Glyma.02G259600.Wm82.a4.v1,0.3071858337817346
Glyma.08G062600.Wm82.a4.v1,0.30669666878638163
Glyma.19G220000.Wm82.a4.v1,0.30575258034535047
Glyma.14G024000.Wm82.a4.v1,0.3052683069999511
Glyma.07G090800.Wm82.a4.v1,0.30496502470283227
Glyma.05G117300.Wm82.a4.v1,0.3031110893704447
Glyma.15G268900.Wm82.a4.v1,0.3024018001271829
Glyma.13G257200.Wm82.a4.v1,0.30224526732866996
Glyma.16G175600.Wm82.a4.v1,0.30164359438438587
Glyma.06G301300.Wm82.a4.v1,0.2991292863082718
Glyma.01G025200.Wm82.a4.v1,0.2989825368096659
Glyma.03G163600.Wm82.a4.v1,0.2986743628625936
Glyma.20G118300.Wm82.a4.v1,0.29580296433987185
Glyma.04G114600.Wm82.a4.v1,0.29428655285427774
Glyma.02G183700.Wm82.a4.v1,0.29376803795920364
Glyma.18G072500.Wm82.a4.v1,0.29300004891649956
Glyma.20G174300.Wm82.a4.v1,0.2918896443770484
Glyma.05G162800.Wm82.a4.v1,0.29104828058504134
Glyma.13G067500.Wm82.a4.v1,0.2908085897373184
Glyma.13G240900.Wm82.a4.v1,0.28895954605488433
Glyma.11G165710.Wm82.a4.v1,0.2883089566110649
Glyma.09G190600.Wm82.a4.v1,0.28760455901775667
Glyma.08G197300.Wm82.a4.v1,0.28746759281905787
Glyma.06G169100.Wm82.a4.v1,0.2864109964290955
Glyma.09G071100.Wm82.a4.v1,0.28579464853495085
Glyma.08G281500.Wm82.a4.v1,0.28126498067798267
Glyma.02G216800.Wm82.a4.v1,0.28095680673091034
Glyma.06G167200.Wm82.a4.v1,0.28077581568262977
Glyma.18G285000.Wm82.a4.v1,0.28008609303918214
Glyma.18G294900.Wm82.a4.v1,0.2771021865675292
Glyma.13G026901.Wm82.a4.v1,0.2768624957198063
Glyma.05G049400.Wm82.a4.v1,0.2746465782908575
Glyma.15G218000.Wm82.a4.v1,0.27338453260284695
Glyma.11G126700.Wm82.a4.v1,0.2733502910531722
Glyma.11G087000.Wm82.a4.v1,0.2699554859854229
Glyma.04G137000.Wm82.a4.v1,0.26901139754439174
Glyma.07G056200.Wm82.a4.v1,0.2684586410996429
Glyma.13G334800.Wm82.a4.v1,0.2682385168517341
Glyma.U041300.Wm82.a4.v1,0.26796947610428995
Glyma.18G092700.Wm82.a4.v1,0.26772978525656704
Glyma.10G263800.Wm82.a4.v1,0.26726507851098175
Glyma.15G004700.Wm82.a4.v1,0.2671232206623294
Glyma.10G083800.Wm82.a4.v1,0.264134422540723
Glyma.05G168300.Wm82.a4.v1,0.2575502617032725
Glyma.15G063300.Wm82.a4.v1,0.25686053905982487
Glyma.13G030700.Wm82.a4.v1,0.25285916939783787
Glyma.01G170300.Wm82.a4.v1,0.251787898058015
Glyma.10G051900.Wm82.a4.v1,0.2517781147581079
Glyma.14G157700.Wm82.a4.v1,0.25101501736535736
Glyma.07G212700.Wm82.a4.v1,0.24383407523357628
Glyma.13G149200.Wm82.a4.v1,0.24287531184268454
Glyma.06G215700.Wm82.a4.v1,0.24184317370248984
Glyma.13G118400.Wm82.a4.v1,0.2382820525363205
Glyma.19G207200.Wm82.a4.v1,0.23620799295602407
Glyma.01G097900.Wm82.a4.v1,0.23494105561805997
Glyma.20G140800.Wm82.a4.v1,0.23458885682140587
Glyma.01G025000.Wm82.a4.v1,0.23452037372205645
Glyma.12G237700.Wm82.a4.v1,0.23129433057770385
Glyma.12G237800.Wm82.a4.v1,0.23116959350388885
Glyma.07G185800.Wm82.a4.v1,0.23073912830797827
Glyma.19G245900.Wm82.a4.v1,0.22532896345937484
Glyma.12G185600.Wm82.a4.v1,0.21823607102675732
Glyma.12G096900.Wm82.a4.v1,0.21449885046226091
Glyma.06G172551.Wm82.a4.v1,0.2129628723768527
Glyma.18G210400.Wm82.a4.v1,0.21287971432764272
Glyma.01G131900.Wm82.a4.v1,0.20944577606026513
Glyma.11G145100.Wm82.a4.v1,0.20167783593406055
Glyma.11G042500.Wm82.a4.v1,0.20149195323582644
Glyma.12G180400.Wm82.a4.v1,0.19501051704740008
Glyma.13G048500.Wm82.a4.v1,0.18569681553588024
Glyma.08G093500.Wm82.a4.v1,0.18416083745047204
Glyma.19G218300.Wm82.a4.v1,0.1838379885535391
Glyma.03G244400.Wm82.a4.v1,0.18148021327593797
Glyma.10G053900.Wm82.a4.v1,0.17723426111627452
Glyma.12G180000.Wm82.a4.v1,0.16815535880252408
Glyma.01G179400.Wm82.a4.v1,0.1661204324218559
Glyma.08G221600.Wm82.a4.v1,0.1632001173995989
Glyma.17G092400.Wm82.a4.v1,0.15825955094653427
Glyma.03G176100.Wm82.a4.v1,0.14787946974514504
Glyma.07G020900.Wm82.a4.v1,0.14722888030132564
Glyma.13G315900.Wm82.a4.v1,0.13775375434133932
Glyma.20G130200.Wm82.a4.v1,0.12756933913809126
Glyma.13G174300.Wm82.a4.v1,0.12493273981313897
Glyma.07G209400.Wm82.a4.v1,0.120432421855892
Glyma.08G047800.Wm82.a4.v1,0.06693733796409529
